# Blender 4.0.2
# www.blender.org
mtllib Arche_L_corner.mtl
o Arche_L_corner
v 0.371096 -0.051090 -0.786037
v 0.371096 -0.051314 -0.786042
v 0.371096 -0.051513 -0.786056
v 0.371096 -0.051686 -0.786081
v 0.371096 -0.051835 -0.786119
v 0.371096 -0.051961 -0.786169
v 0.371096 -0.052064 -0.786233
v 0.371096 -0.052146 -0.786313
v 0.371096 -0.052208 -0.786408
v 0.371096 -0.052251 -0.786521
v 0.371096 -0.052275 -0.786651
v 0.371096 -0.052281 -0.786802
v 0.371096 -0.052271 -0.786972
v 0.371096 -0.052258 -0.787165
v 0.371096 -0.052260 -0.787363
v 0.371096 -0.052271 -0.787565
v 0.371096 -0.052288 -0.787768
v 0.371096 -0.052307 -0.787970
v 0.371096 -0.052322 -0.788169
v 0.371096 -0.052330 -0.788364
v 0.371096 -0.052325 -0.788552
v 0.371096 -0.052304 -0.788731
v 0.371096 -0.052261 -0.788899
v 0.371096 -0.052193 -0.789054
v 0.371096 -0.052095 -0.789195
v 0.371096 -0.051976 -0.789304
v 0.371096 -0.051826 -0.789398
v 0.371096 -0.051648 -0.789476
v 0.371096 -0.051448 -0.789542
v 0.371096 -0.051229 -0.789598
v 0.371096 -0.050995 -0.789647
v 0.371096 -0.050752 -0.789689
v 0.371096 -0.050503 -0.789729
v 0.371096 -0.050252 -0.789768
v 0.371096 -0.050005 -0.789807
v 0.371096 -0.049766 -0.789851
v 0.371096 -0.049538 -0.789900
v 0.371096 -0.049352 -0.789945
v 0.371096 -0.048823 -0.790085
v 0.371096 -0.047996 -0.790325
v 0.371096 -0.046915 -0.790672
v 0.371096 -0.045626 -0.791133
v 0.371096 -0.044172 -0.791713
v 0.371096 -0.042598 -0.792418
v 0.371096 -0.040949 -0.793256
v 0.371096 -0.039270 -0.794231
v 0.371096 -0.037605 -0.795352
v 0.371096 -0.035998 -0.796622
v 0.371096 -0.034494 -0.798050
v 0.371096 -0.034458 -0.798089
v 0.371096 -0.034420 -0.798127
v 0.371096 -0.034381 -0.798164
v 0.371096 -0.034341 -0.798200
v 0.371096 -0.034301 -0.798236
v 0.371096 -0.034262 -0.798273
v 0.371096 -0.034224 -0.798309
v 0.371096 -0.034188 -0.798347
v 0.371096 -0.034154 -0.798385
v 0.371096 -0.034123 -0.798424
v 0.371096 -0.034095 -0.798466
v 0.371096 -0.034070 -0.798509
v 0.371096 -0.033903 -0.798818
v 0.371096 -0.033710 -0.799087
v 0.371096 -0.033491 -0.799316
v 0.371096 -0.033248 -0.799510
v 0.371096 -0.032981 -0.799669
v 0.371096 -0.032690 -0.799796
v 0.371096 -0.032377 -0.799895
v 0.371096 -0.032042 -0.799966
v 0.371096 -0.031685 -0.800012
v 0.371096 -0.031307 -0.800036
v 0.371096 -0.030908 -0.800040
v 0.371096 -0.030490 -0.800026
v 0.371096 -0.029983 -0.799999
v 0.371096 -0.029475 -0.799980
v 0.371096 -0.028966 -0.799968
v 0.371096 -0.028458 -0.799962
v 0.371096 -0.027948 -0.799960
v 0.371096 -0.027439 -0.799962
v 0.371096 -0.026930 -0.799966
v 0.371096 -0.026421 -0.799972
v 0.371096 -0.025912 -0.799979
v 0.371096 -0.025403 -0.799984
v 0.371096 -0.024895 -0.799989
v 0.371096 -0.024388 -0.799990
v 0.371096 -0.024309 -0.799991
v 0.371096 -0.024231 -0.799992
v 0.371096 -0.024153 -0.799993
v 0.371096 -0.024076 -0.799994
v 0.371096 -0.023999 -0.799996
v 0.371096 -0.023923 -0.799997
v 0.371096 -0.023847 -0.799998
v 0.371096 -0.023771 -0.799998
v 0.371096 -0.023696 -0.799998
v 0.371096 -0.023621 -0.799997
v 0.371096 -0.023546 -0.799994
v 0.371096 -0.023471 -0.799990
v 0.371096 -0.023032 -0.799955
v 0.371096 -0.022642 -0.799892
v 0.371096 -0.022300 -0.799802
v 0.371096 -0.022007 -0.799685
v 0.371096 -0.021762 -0.799542
v 0.371096 -0.021566 -0.799371
v 0.371096 -0.021418 -0.799173
v 0.371096 -0.021319 -0.798949
v 0.371096 -0.021269 -0.798698
v 0.371096 -0.021266 -0.798420
v 0.371096 -0.021313 -0.798116
v 0.371096 -0.021407 -0.797785
v 0.371096 -0.021416 -0.797762
v 0.371096 -0.021439 -0.797695
v 0.371096 -0.021477 -0.797588
v 0.371096 -0.021527 -0.797446
v 0.371096 -0.021588 -0.797271
v 0.371096 -0.021659 -0.797069
v 0.371096 -0.021738 -0.796843
v 0.371096 -0.021823 -0.796596
v 0.371096 -0.021913 -0.796334
v 0.371096 -0.022008 -0.796060
v 0.371096 -0.022104 -0.795778
v 0.371096 -0.022201 -0.795492
v 0.371096 -0.022325 -0.795014
v 0.371096 -0.022365 -0.794561
v 0.371096 -0.022324 -0.794137
v 0.371096 -0.022205 -0.793744
v 0.371096 -0.022011 -0.793385
v 0.371096 -0.021745 -0.793064
v 0.371096 -0.021410 -0.792784
v 0.371096 -0.021010 -0.792548
v 0.371096 -0.020547 -0.792359
v 0.371096 -0.020025 -0.792220
v 0.371096 -0.019446 -0.792134
v 0.371096 -0.018815 -0.792105
v 0.371096 -0.018602 -0.792105
v 0.371096 -0.017986 -0.792105
v 0.371096 -0.017005 -0.792105
v 0.371096 -0.015695 -0.792105
v 0.371096 -0.014093 -0.792105
v 0.371096 -0.012234 -0.792105
v 0.371096 -0.010156 -0.792105
v 0.371096 -0.007896 -0.792105
v 0.371096 -0.005489 -0.792105
v 0.371096 -0.002973 -0.792105
v 0.371096 -0.000383 -0.792105
v 0.371096 0.002243 -0.792105
v 0.371096 0.004236 -0.792105
v 0.371096 0.006229 -0.792105
v 0.371096 0.008222 -0.792105
v 0.371096 0.010215 -0.792106
v 0.371096 0.012208 -0.792107
v 0.371096 0.014201 -0.792107
v 0.371096 0.016194 -0.792109
v 0.371096 0.018187 -0.792110
v 0.371096 0.020180 -0.792113
v 0.371096 0.022173 -0.792115
v 0.371096 0.024165 -0.792119
v 0.371096 0.026158 -0.792123
v 0.371096 0.026291 -0.792124
v 0.371096 0.026424 -0.792127
v 0.371096 0.026558 -0.792133
v 0.371096 0.026691 -0.792141
v 0.371096 0.026825 -0.792152
v 0.371096 0.026959 -0.792165
v 0.371096 0.027092 -0.792180
v 0.371096 0.027224 -0.792199
v 0.371096 0.027356 -0.792220
v 0.371096 0.027487 -0.792243
v 0.371096 0.027617 -0.792270
v 0.371096 0.027746 -0.792299
v 0.371096 0.028194 -0.792419
v 0.371096 0.028594 -0.792565
v 0.371096 0.028947 -0.792738
v 0.371096 0.029250 -0.792935
v 0.371096 0.029504 -0.793156
v 0.371096 0.029708 -0.793400
v 0.371096 0.029861 -0.793665
v 0.371096 0.029963 -0.793951
v 0.371096 0.030012 -0.794257
v 0.371096 0.030010 -0.794581
v 0.371096 0.029954 -0.794922
v 0.371096 0.029844 -0.795280
v 0.371096 0.029750 -0.795518
v 0.371096 0.029654 -0.795755
v 0.371096 0.029556 -0.795992
v 0.371096 0.029456 -0.796228
v 0.371096 0.029355 -0.796465
v 0.371096 0.029254 -0.796701
v 0.371096 0.029152 -0.796937
v 0.371096 0.029051 -0.797173
v 0.371096 0.028952 -0.797409
v 0.371096 0.028853 -0.797646
v 0.371096 0.028757 -0.797883
v 0.371096 0.028663 -0.798121
v 0.371096 0.028556 -0.798428
v 0.371096 0.028493 -0.798706
v 0.371096 0.028474 -0.798956
v 0.371096 0.028500 -0.799178
v 0.371096 0.028571 -0.799372
v 0.371096 0.028689 -0.799538
v 0.371096 0.028854 -0.799678
v 0.371096 0.029066 -0.799792
v 0.371096 0.029327 -0.799879
v 0.371096 0.029638 -0.799941
v 0.371096 0.029998 -0.799978
v 0.371096 0.030409 -0.799990
v 0.371096 0.031789 -0.799994
v 0.371096 0.033170 -0.799997
v 0.371096 0.034552 -0.799998
v 0.371096 0.035934 -0.799998
v 0.371096 0.037316 -0.799998
v 0.371096 0.038698 -0.799997
v 0.371096 0.040080 -0.799996
v 0.371096 0.041462 -0.799994
v 0.371096 0.042844 -0.799993
v 0.371096 0.044226 -0.799992
v 0.371096 0.045607 -0.799991
v 0.371096 0.046987 -0.799990
v 0.371096 0.047027 -0.799990
v 0.371096 0.047068 -0.799988
v 0.371096 0.047109 -0.799985
v 0.371096 0.047152 -0.799981
v 0.371096 0.047195 -0.799976
v 0.371096 0.047238 -0.799971
v 0.371096 0.047283 -0.799965
v 0.371096 0.047328 -0.799959
v 0.371096 0.047374 -0.799953
v 0.371096 0.047421 -0.799948
v 0.371096 0.047468 -0.799942
v 0.371096 0.047516 -0.799938
v 0.371096 0.047600 -0.798874
v 0.371096 0.047648 -0.797822
v 0.371096 0.047646 -0.796782
v 0.371096 0.047580 -0.795759
v 0.371096 0.047437 -0.794756
v 0.371096 0.047203 -0.793774
v 0.371096 0.046864 -0.792818
v 0.371096 0.046406 -0.791891
v 0.371096 0.045815 -0.790995
v 0.371096 0.045077 -0.790133
v 0.371096 0.044179 -0.789308
v 0.371096 0.043107 -0.788524
v 0.371096 0.042545 -0.788170
v 0.371096 0.041968 -0.787841
v 0.371096 0.041378 -0.787536
v 0.371096 0.040773 -0.787259
v 0.371096 0.040155 -0.787008
v 0.371096 0.039523 -0.786787
v 0.371096 0.038876 -0.786594
v 0.371096 0.038216 -0.786432
v 0.371096 0.037542 -0.786302
v 0.371096 0.036853 -0.786203
v 0.371096 0.036151 -0.786138
v 0.371096 0.035435 -0.786108
v 0.371096 0.034359 -0.786088
v 0.371096 0.033282 -0.786073
v 0.371096 0.032205 -0.786062
v 0.371096 0.031127 -0.786055
v 0.371096 0.030049 -0.786050
v 0.371096 0.028971 -0.786048
v 0.371096 0.027893 -0.786048
v 0.371096 0.026816 -0.786049
v 0.371096 0.025738 -0.786050
v 0.371096 0.024661 -0.786052
v 0.371096 0.023584 -0.786054
v 0.371096 0.022508 -0.786055
v 0.371096 0.020678 -0.786055
v 0.371096 0.018848 -0.786055
v 0.371096 0.017018 -0.786055
v 0.371096 0.015188 -0.786055
v 0.371096 0.013357 -0.786055
v 0.371096 0.011527 -0.786055
v 0.371096 0.009696 -0.786055
v 0.371096 0.007864 -0.786055
v 0.371096 0.006032 -0.786055
v 0.371096 0.004199 -0.786055
v 0.371096 0.002366 -0.786055
v 0.371096 0.000532 -0.786055
v 0.371096 -0.000888 -0.786055
v 0.371096 -0.003567 -0.786056
v 0.371096 -0.007283 -0.786057
v 0.371096 -0.011816 -0.786058
v 0.371096 -0.016947 -0.786059
v 0.371096 -0.022455 -0.786059
v 0.371096 -0.028119 -0.786059
v 0.371096 -0.033720 -0.786057
v 0.371096 -0.039038 -0.786055
v 0.371096 -0.043853 -0.786050
v 0.371096 -0.047943 -0.786045
v 0.385096 -0.051090 -0.786037
v 0.385096 -0.051314 -0.786041
v 0.385096 -0.051513 -0.786056
v 0.385096 -0.051686 -0.786081
v 0.385096 -0.051835 -0.786119
v 0.385096 -0.051961 -0.786169
v 0.385096 -0.052064 -0.786233
v 0.385096 -0.052146 -0.786313
v 0.385096 -0.052208 -0.786408
v 0.385096 -0.052251 -0.786521
v 0.385096 -0.052275 -0.786651
v 0.385096 -0.052281 -0.786802
v 0.385096 -0.052271 -0.786972
v 0.385096 -0.052258 -0.787165
v 0.385096 -0.052260 -0.787363
v 0.385096 -0.052271 -0.787565
v 0.385096 -0.052288 -0.787768
v 0.385096 -0.052307 -0.787970
v 0.385096 -0.052322 -0.788169
v 0.385096 -0.052330 -0.788364
v 0.385096 -0.052325 -0.788552
v 0.385096 -0.052304 -0.788731
v 0.385096 -0.052261 -0.788899
v 0.385096 -0.052193 -0.789054
v 0.385096 -0.052095 -0.789195
v 0.385096 -0.051976 -0.789304
v 0.385096 -0.051826 -0.789397
v 0.385096 -0.051648 -0.789476
v 0.385096 -0.051448 -0.789542
v 0.385096 -0.051229 -0.789598
v 0.385096 -0.050995 -0.789647
v 0.385096 -0.050752 -0.789689
v 0.385096 -0.050503 -0.789729
v 0.385096 -0.050252 -0.789768
v 0.385096 -0.050005 -0.789807
v 0.385096 -0.049766 -0.789851
v 0.385096 -0.049538 -0.789900
v 0.385096 -0.049352 -0.789945
v 0.385096 -0.048823 -0.790085
v 0.385096 -0.047996 -0.790325
v 0.385096 -0.046915 -0.790672
v 0.385096 -0.045626 -0.791133
v 0.385096 -0.044172 -0.791713
v 0.385096 -0.042598 -0.792418
v 0.385096 -0.040949 -0.793256
v 0.385096 -0.039270 -0.794231
v 0.385096 -0.037605 -0.795352
v 0.385096 -0.035998 -0.796622
v 0.385096 -0.034494 -0.798050
v 0.385096 -0.034458 -0.798089
v 0.385096 -0.034420 -0.798127
v 0.385096 -0.034381 -0.798164
v 0.385096 -0.034341 -0.798200
v 0.385096 -0.034301 -0.798236
v 0.385096 -0.034262 -0.798273
v 0.385096 -0.034224 -0.798309
v 0.385096 -0.034188 -0.798347
v 0.385096 -0.034154 -0.798385
v 0.385096 -0.034123 -0.798424
v 0.385096 -0.034095 -0.798466
v 0.385096 -0.034070 -0.798509
v 0.385096 -0.033903 -0.798818
v 0.385096 -0.033710 -0.799087
v 0.385096 -0.033491 -0.799316
v 0.385096 -0.033248 -0.799510
v 0.385096 -0.032981 -0.799669
v 0.385096 -0.032690 -0.799796
v 0.385096 -0.032377 -0.799895
v 0.385096 -0.032042 -0.799966
v 0.385096 -0.031685 -0.800012
v 0.385096 -0.031307 -0.800036
v 0.385096 -0.030908 -0.800040
v 0.385096 -0.030490 -0.800026
v 0.385096 -0.029983 -0.799999
v 0.385096 -0.029475 -0.799980
v 0.385096 -0.028966 -0.799968
v 0.385096 -0.028458 -0.799962
v 0.385096 -0.027948 -0.799960
v 0.385096 -0.027439 -0.799962
v 0.385096 -0.026930 -0.799966
v 0.385096 -0.026421 -0.799972
v 0.385096 -0.025912 -0.799979
v 0.385096 -0.025403 -0.799984
v 0.385096 -0.024895 -0.799989
v 0.385096 -0.024388 -0.799990
v 0.385096 -0.024309 -0.799991
v 0.385096 -0.024231 -0.799992
v 0.385096 -0.024153 -0.799993
v 0.385096 -0.024076 -0.799994
v 0.385096 -0.023999 -0.799996
v 0.385096 -0.023923 -0.799997
v 0.385096 -0.023847 -0.799998
v 0.385096 -0.023771 -0.799998
v 0.385096 -0.023696 -0.799998
v 0.385096 -0.023621 -0.799997
v 0.385096 -0.023546 -0.799994
v 0.385096 -0.023471 -0.799990
v 0.385096 -0.023032 -0.799955
v 0.385096 -0.022642 -0.799892
v 0.385096 -0.022300 -0.799802
v 0.385096 -0.022007 -0.799685
v 0.385096 -0.021762 -0.799542
v 0.385096 -0.021566 -0.799371
v 0.385096 -0.021418 -0.799173
v 0.385096 -0.021319 -0.798949
v 0.385096 -0.021269 -0.798698
v 0.385096 -0.021266 -0.798420
v 0.385096 -0.021313 -0.798116
v 0.385096 -0.021407 -0.797785
v 0.385096 -0.021416 -0.797762
v 0.385096 -0.021439 -0.797695
v 0.385096 -0.021477 -0.797588
v 0.385096 -0.021527 -0.797446
v 0.385096 -0.021588 -0.797271
v 0.385096 -0.021659 -0.797069
v 0.385096 -0.021738 -0.796843
v 0.385096 -0.021823 -0.796596
v 0.385096 -0.021913 -0.796334
v 0.385096 -0.022008 -0.796060
v 0.385096 -0.022104 -0.795778
v 0.385096 -0.022201 -0.795492
v 0.385096 -0.022325 -0.795014
v 0.385096 -0.022365 -0.794561
v 0.385096 -0.022324 -0.794137
v 0.385096 -0.022205 -0.793744
v 0.385096 -0.022011 -0.793385
v 0.385096 -0.021745 -0.793064
v 0.385096 -0.021410 -0.792784
v 0.385096 -0.021010 -0.792548
v 0.385096 -0.020547 -0.792359
v 0.385096 -0.020025 -0.792220
v 0.385096 -0.019446 -0.792134
v 0.385096 -0.018815 -0.792105
v 0.385096 -0.018602 -0.792105
v 0.385096 -0.017986 -0.792105
v 0.385096 -0.017005 -0.792105
v 0.385096 -0.015695 -0.792105
v 0.385096 -0.014093 -0.792105
v 0.385096 -0.012234 -0.792105
v 0.385096 -0.010156 -0.792105
v 0.385096 -0.007896 -0.792105
v 0.385096 -0.005489 -0.792105
v 0.385096 -0.002973 -0.792105
v 0.385096 -0.000383 -0.792105
v 0.385096 0.002243 -0.792105
v 0.385096 0.004236 -0.792105
v 0.385096 0.006229 -0.792105
v 0.385096 0.008222 -0.792105
v 0.385096 0.010215 -0.792106
v 0.385096 0.012208 -0.792107
v 0.385096 0.014201 -0.792107
v 0.385096 0.016194 -0.792109
v 0.385096 0.018187 -0.792110
v 0.385096 0.020180 -0.792113
v 0.385096 0.022173 -0.792115
v 0.385096 0.024165 -0.792119
v 0.385096 0.026158 -0.792123
v 0.385096 0.026291 -0.792124
v 0.385096 0.026424 -0.792127
v 0.385096 0.026558 -0.792133
v 0.385096 0.026691 -0.792141
v 0.385096 0.026825 -0.792152
v 0.385096 0.026959 -0.792165
v 0.385096 0.027092 -0.792180
v 0.385096 0.027224 -0.792199
v 0.385096 0.027356 -0.792220
v 0.385096 0.027487 -0.792243
v 0.385096 0.027617 -0.792270
v 0.385096 0.027746 -0.792299
v 0.385096 0.028194 -0.792419
v 0.385096 0.028594 -0.792565
v 0.385096 0.028947 -0.792738
v 0.385096 0.029250 -0.792935
v 0.385096 0.029504 -0.793156
v 0.385096 0.029708 -0.793400
v 0.385096 0.029861 -0.793665
v 0.385096 0.029963 -0.793951
v 0.385096 0.030012 -0.794257
v 0.385096 0.030010 -0.794581
v 0.385096 0.029954 -0.794922
v 0.385096 0.029844 -0.795280
v 0.385096 0.029750 -0.795518
v 0.385096 0.029654 -0.795755
v 0.385096 0.029556 -0.795992
v 0.385096 0.029456 -0.796228
v 0.385096 0.029355 -0.796465
v 0.385096 0.029254 -0.796701
v 0.385096 0.029152 -0.796937
v 0.385096 0.029051 -0.797173
v 0.385096 0.028952 -0.797409
v 0.385096 0.028853 -0.797646
v 0.385096 0.028757 -0.797883
v 0.385096 0.028663 -0.798121
v 0.385096 0.028556 -0.798428
v 0.385096 0.028493 -0.798706
v 0.385096 0.028474 -0.798956
v 0.385096 0.028500 -0.799178
v 0.385096 0.028571 -0.799372
v 0.385096 0.028689 -0.799538
v 0.385096 0.028854 -0.799678
v 0.385096 0.029066 -0.799792
v 0.385096 0.029327 -0.799879
v 0.385096 0.029638 -0.799941
v 0.385096 0.029998 -0.799978
v 0.385096 0.030409 -0.799990
v 0.385096 0.031789 -0.799994
v 0.385096 0.033170 -0.799997
v 0.385096 0.034552 -0.799998
v 0.385096 0.035934 -0.799998
v 0.385096 0.037316 -0.799998
v 0.385096 0.038698 -0.799997
v 0.385096 0.040080 -0.799996
v 0.385096 0.041462 -0.799994
v 0.385096 0.042844 -0.799993
v 0.385096 0.044226 -0.799992
v 0.385096 0.045607 -0.799991
v 0.385096 0.046987 -0.799990
v 0.385096 0.047027 -0.799990
v 0.385096 0.047068 -0.799988
v 0.385096 0.047109 -0.799985
v 0.385096 0.047152 -0.799981
v 0.385096 0.047195 -0.799976
v 0.385096 0.047238 -0.799971
v 0.385096 0.047283 -0.799965
v 0.385096 0.047328 -0.799959
v 0.385096 0.047374 -0.799953
v 0.385096 0.047421 -0.799948
v 0.385096 0.047468 -0.799942
v 0.385096 0.047516 -0.799938
v 0.385096 0.047600 -0.798874
v 0.385096 0.047648 -0.797822
v 0.385096 0.047646 -0.796782
v 0.385096 0.047580 -0.795759
v 0.385096 0.047437 -0.794756
v 0.385096 0.047203 -0.793774
v 0.385096 0.046864 -0.792818
v 0.385096 0.046406 -0.791891
v 0.385096 0.045815 -0.790995
v 0.385096 0.045077 -0.790133
v 0.385096 0.044179 -0.789308
v 0.385096 0.043107 -0.788524
v 0.385096 0.042545 -0.788170
v 0.385096 0.041968 -0.787840
v 0.385096 0.041378 -0.787536
v 0.385096 0.040773 -0.787259
v 0.385096 0.040155 -0.787008
v 0.385096 0.039523 -0.786787
v 0.385096 0.038876 -0.786594
v 0.385096 0.038216 -0.786432
v 0.385096 0.037542 -0.786302
v 0.385096 0.036853 -0.786203
v 0.385096 0.036151 -0.786138
v 0.385096 0.035435 -0.786108
v 0.385096 0.034359 -0.786088
v 0.385096 0.033282 -0.786073
v 0.385096 0.032205 -0.786062
v 0.385096 0.031127 -0.786055
v 0.385096 0.030049 -0.786050
v 0.385096 0.028971 -0.786048
v 0.385096 0.027893 -0.786048
v 0.385096 0.026816 -0.786049
v 0.385096 0.025738 -0.786050
v 0.385096 0.024661 -0.786052
v 0.385096 0.023584 -0.786054
v 0.385096 0.022508 -0.786055
v 0.385096 0.020678 -0.786055
v 0.385096 0.018848 -0.786055
v 0.385096 0.017018 -0.786055
v 0.385096 0.015188 -0.786055
v 0.385096 0.013357 -0.786055
v 0.385096 0.011527 -0.786055
v 0.385096 0.009696 -0.786055
v 0.385096 0.007864 -0.786055
v 0.385096 0.006032 -0.786055
v 0.385096 0.004199 -0.786055
v 0.385096 0.002366 -0.786055
v 0.385096 0.000532 -0.786055
v 0.385096 -0.000888 -0.786055
v 0.385096 -0.003567 -0.786056
v 0.385096 -0.007283 -0.786057
v 0.385096 -0.011816 -0.786058
v 0.385096 -0.016947 -0.786059
v 0.385096 -0.022455 -0.786059
v 0.385096 -0.028119 -0.786059
v 0.385096 -0.033720 -0.786057
v 0.385096 -0.039038 -0.786055
v 0.385096 -0.043853 -0.786050
v 0.385096 -0.047943 -0.786045
v 0.406763 -0.051090 -0.786037
v 0.406758 -0.051314 -0.786041
v 0.406744 -0.051513 -0.786056
v 0.406718 -0.051686 -0.786081
v 0.406681 -0.051835 -0.786119
v 0.406631 -0.051961 -0.786169
v 0.406567 -0.052064 -0.786233
v 0.406487 -0.052146 -0.786313
v 0.406392 -0.052208 -0.786408
v 0.406279 -0.052251 -0.786521
v 0.406148 -0.052275 -0.786651
v 0.405998 -0.052281 -0.786802
v 0.405828 -0.052271 -0.786972
v 0.405635 -0.052258 -0.787165
v 0.405437 -0.052260 -0.787363
v 0.405235 -0.052271 -0.787565
v 0.405032 -0.052288 -0.787768
v 0.404830 -0.052307 -0.787970
v 0.404631 -0.052322 -0.788169
v 0.404436 -0.052330 -0.788364
v 0.404248 -0.052325 -0.788552
v 0.404069 -0.052304 -0.788731
v 0.403901 -0.052261 -0.788899
v 0.403746 -0.052193 -0.789054
v 0.403605 -0.052095 -0.789195
v 0.403495 -0.051976 -0.789304
v 0.403402 -0.051826 -0.789397
v 0.403324 -0.051648 -0.789476
v 0.403258 -0.051448 -0.789542
v 0.403201 -0.051229 -0.789598
v 0.403153 -0.050995 -0.789647
v 0.403110 -0.050752 -0.789689
v 0.403071 -0.050503 -0.789729
v 0.403032 -0.050252 -0.789768
v 0.402992 -0.050005 -0.789807
v 0.402949 -0.049766 -0.789851
v 0.402900 -0.049538 -0.789900
v 0.402854 -0.049352 -0.789945
v 0.402715 -0.048823 -0.790085
v 0.402475 -0.047996 -0.790325
v 0.402127 -0.046915 -0.790672
v 0.401667 -0.045626 -0.791133
v 0.401087 -0.044172 -0.791713
v 0.400381 -0.042598 -0.792418
v 0.399544 -0.040949 -0.793256
v 0.398568 -0.039270 -0.794231
v 0.397448 -0.037605 -0.795352
v 0.396177 -0.035998 -0.796622
v 0.394750 -0.034494 -0.798050
v 0.394711 -0.034458 -0.798089
v 0.394673 -0.034420 -0.798127
v 0.394636 -0.034381 -0.798164
v 0.394599 -0.034341 -0.798200
v 0.394563 -0.034301 -0.798236
v 0.394527 -0.034262 -0.798273
v 0.394490 -0.034224 -0.798309
v 0.394453 -0.034188 -0.798347
v 0.394415 -0.034154 -0.798385
v 0.394375 -0.034123 -0.798424
v 0.394334 -0.034095 -0.798466
v 0.394291 -0.034070 -0.798509
v 0.393982 -0.033903 -0.798818
v 0.393713 -0.033710 -0.799087
v 0.393483 -0.033491 -0.799316
v 0.393290 -0.033248 -0.799510
v 0.393131 -0.032981 -0.799669
v 0.393003 -0.032690 -0.799796
v 0.392905 -0.032377 -0.799895
v 0.392834 -0.032042 -0.799966
v 0.392788 -0.031685 -0.800012
v 0.392764 -0.031307 -0.800036
v 0.392760 -0.030908 -0.800040
v 0.392774 -0.030490 -0.800026
v 0.392801 -0.029983 -0.799999
v 0.392819 -0.029475 -0.799980
v 0.392832 -0.028966 -0.799968
v 0.392838 -0.028458 -0.799962
v 0.392840 -0.027948 -0.799960
v 0.392838 -0.027439 -0.799962
v 0.392834 -0.026930 -0.799966
v 0.392828 -0.026421 -0.799972
v 0.392821 -0.025912 -0.799979
v 0.392815 -0.025403 -0.799984
v 0.392811 -0.024895 -0.799989
v 0.392809 -0.024388 -0.799990
v 0.392809 -0.024309 -0.799991
v 0.392808 -0.024231 -0.799992
v 0.392807 -0.024153 -0.799993
v 0.392805 -0.024076 -0.799994
v 0.392804 -0.023999 -0.799996
v 0.392803 -0.023923 -0.799997
v 0.392802 -0.023847 -0.799998
v 0.392801 -0.023771 -0.799998
v 0.392802 -0.023696 -0.799998
v 0.392803 -0.023621 -0.799997
v 0.392806 -0.023546 -0.799994
v 0.392809 -0.023471 -0.799990
v 0.392845 -0.023032 -0.799955
v 0.392908 -0.022642 -0.799892
v 0.392998 -0.022300 -0.799802
v 0.393114 -0.022007 -0.799685
v 0.393258 -0.021762 -0.799541
v 0.393429 -0.021566 -0.799371
v 0.393626 -0.021418 -0.799173
v 0.393851 -0.021319 -0.798949
v 0.394102 -0.021269 -0.798698
v 0.394379 -0.021266 -0.798420
v 0.394684 -0.021313 -0.798116
v 0.395014 -0.021407 -0.797785
v 0.395038 -0.021416 -0.797762
v 0.395105 -0.021439 -0.797695
v 0.395211 -0.021477 -0.797588
v 0.395354 -0.021527 -0.797446
v 0.395529 -0.021588 -0.797271
v 0.395731 -0.021659 -0.797069
v 0.395957 -0.021738 -0.796842
v 0.396203 -0.021823 -0.796596
v 0.396466 -0.021913 -0.796334
v 0.396740 -0.022008 -0.796060
v 0.397022 -0.022104 -0.795778
v 0.397308 -0.022201 -0.795492
v 0.397786 -0.022325 -0.795014
v 0.398238 -0.022365 -0.794561
v 0.398663 -0.022324 -0.794137
v 0.399056 -0.022205 -0.793744
v 0.399414 -0.022011 -0.793385
v 0.399735 -0.021745 -0.793064
v 0.400015 -0.021410 -0.792784
v 0.400252 -0.021010 -0.792548
v 0.400441 -0.020547 -0.792359
v 0.400580 -0.020025 -0.792220
v 0.400665 -0.019446 -0.792134
v 0.400695 -0.018815 -0.792105
v 0.400695 -0.018602 -0.792105
v 0.400695 -0.017986 -0.792105
v 0.400695 -0.017005 -0.792105
v 0.400695 -0.015695 -0.792105
v 0.400695 -0.014093 -0.792105
v 0.400695 -0.012234 -0.792105
v 0.400695 -0.010156 -0.792105
v 0.400695 -0.007896 -0.792105
v 0.400695 -0.005489 -0.792105
v 0.400695 -0.002973 -0.792105
v 0.400695 -0.000383 -0.792105
v 0.400695 0.002243 -0.792105
v 0.400695 0.004236 -0.792105
v 0.400694 0.006229 -0.792105
v 0.400694 0.008222 -0.792105
v 0.400694 0.010215 -0.792106
v 0.400693 0.012208 -0.792106
v 0.400692 0.014201 -0.792107
v 0.400691 0.016194 -0.792109
v 0.400689 0.018187 -0.792110
v 0.400687 0.020180 -0.792113
v 0.400684 0.022173 -0.792115
v 0.400681 0.024165 -0.792119
v 0.400677 0.026158 -0.792123
v 0.400676 0.026291 -0.792124
v 0.400672 0.026424 -0.792127
v 0.400667 0.026558 -0.792133
v 0.400659 0.026691 -0.792141
v 0.400648 0.026825 -0.792152
v 0.400635 0.026959 -0.792165
v 0.400619 0.027092 -0.792180
v 0.400601 0.027224 -0.792199
v 0.400580 0.027356 -0.792220
v 0.400556 0.027487 -0.792243
v 0.400530 0.027617 -0.792270
v 0.400500 0.027746 -0.792299
v 0.400381 0.028194 -0.792419
v 0.400234 0.028594 -0.792565
v 0.400062 0.028947 -0.792738
v 0.399865 0.029250 -0.792935
v 0.399644 0.029504 -0.793156
v 0.399400 0.029708 -0.793400
v 0.399135 0.029861 -0.793665
v 0.398849 0.029963 -0.793951
v 0.398543 0.030012 -0.794257
v 0.398219 0.030010 -0.794581
v 0.397877 0.029954 -0.794922
v 0.397519 0.029844 -0.795280
v 0.397281 0.029750 -0.795518
v 0.397044 0.029654 -0.795755
v 0.396808 0.029556 -0.795992
v 0.396571 0.029456 -0.796228
v 0.396335 0.029355 -0.796465
v 0.396099 0.029254 -0.796700
v 0.395863 0.029152 -0.796937
v 0.395627 0.029051 -0.797173
v 0.395391 0.028952 -0.797409
v 0.395154 0.028853 -0.797646
v 0.394917 0.028757 -0.797883
v 0.394679 0.028663 -0.798121
v 0.394372 0.028556 -0.798428
v 0.394094 0.028493 -0.798706
v 0.393844 0.028474 -0.798956
v 0.393622 0.028500 -0.799178
v 0.393428 0.028571 -0.799372
v 0.393261 0.028689 -0.799538
v 0.393121 0.028854 -0.799678
v 0.393008 0.029066 -0.799792
v 0.392920 0.029327 -0.799879
v 0.392858 0.029638 -0.799941
v 0.392822 0.029998 -0.799978
v 0.392809 0.030409 -0.799990
v 0.392806 0.031789 -0.799994
v 0.392803 0.033170 -0.799997
v 0.392802 0.034552 -0.799998
v 0.392801 0.035934 -0.799998
v 0.392802 0.037316 -0.799998
v 0.392803 0.038698 -0.799997
v 0.392804 0.040080 -0.799996
v 0.392805 0.041462 -0.799994
v 0.392807 0.042844 -0.799993
v 0.392808 0.044226 -0.799992
v 0.392809 0.045607 -0.799991
v 0.392809 0.046987 -0.799990
v 0.392810 0.047027 -0.799990
v 0.392812 0.047068 -0.799988
v 0.392815 0.047109 -0.799985
v 0.392819 0.047152 -0.799981
v 0.392824 0.047195 -0.799976
v 0.392829 0.047238 -0.799971
v 0.392835 0.047283 -0.799965
v 0.392841 0.047328 -0.799959
v 0.392846 0.047374 -0.799953
v 0.392852 0.047421 -0.799948
v 0.392857 0.047468 -0.799942
v 0.392862 0.047516 -0.799938
v 0.393925 0.047600 -0.798874
v 0.394978 0.047648 -0.797822
v 0.396017 0.047646 -0.796782
v 0.397040 0.047580 -0.795759
v 0.398044 0.047437 -0.794756
v 0.399025 0.047203 -0.793774
v 0.399981 0.046864 -0.792818
v 0.400909 0.046406 -0.791891
v 0.401805 0.045815 -0.790995
v 0.402667 0.045077 -0.790133
v 0.403491 0.044179 -0.789308
v 0.404275 0.043107 -0.788524
v 0.404630 0.042545 -0.788170
v 0.404959 0.041968 -0.787840
v 0.405263 0.041378 -0.787536
v 0.405541 0.040773 -0.787259
v 0.405791 0.040155 -0.787008
v 0.406013 0.039523 -0.786787
v 0.406206 0.038876 -0.786594
v 0.406368 0.038216 -0.786432
v 0.406498 0.037542 -0.786302
v 0.406597 0.036853 -0.786203
v 0.406662 0.036151 -0.786138
v 0.406692 0.035435 -0.786107
v 0.406712 0.034359 -0.786088
v 0.406727 0.033282 -0.786073
v 0.406738 0.032205 -0.786062
v 0.406745 0.031127 -0.786055
v 0.406750 0.030049 -0.786050
v 0.406752 0.028971 -0.786048
v 0.406752 0.027893 -0.786048
v 0.406751 0.026816 -0.786049
v 0.406749 0.025738 -0.786050
v 0.406747 0.024661 -0.786052
v 0.406746 0.023584 -0.786054
v 0.406745 0.022508 -0.786055
v 0.406745 0.020678 -0.786055
v 0.406745 0.018848 -0.786055
v 0.406745 0.017018 -0.786055
v 0.406745 0.015188 -0.786055
v 0.406745 0.013357 -0.786055
v 0.406745 0.011527 -0.786055
v 0.406745 0.009696 -0.786055
v 0.406745 0.007864 -0.786055
v 0.406745 0.006032 -0.786055
v 0.406745 0.004199 -0.786055
v 0.406745 0.002366 -0.786055
v 0.406745 0.000532 -0.786055
v 0.406745 -0.000888 -0.786055
v 0.406744 -0.003567 -0.786056
v 0.406743 -0.007283 -0.786057
v 0.406742 -0.011816 -0.786058
v 0.406741 -0.016947 -0.786059
v 0.406741 -0.022455 -0.786059
v 0.406741 -0.028119 -0.786059
v 0.406743 -0.033720 -0.786057
v 0.406745 -0.039038 -0.786055
v 0.406749 -0.043853 -0.786050
v 0.406755 -0.047943 -0.786045
v 0.406763 -0.051090 -0.807704
v 0.406758 -0.051314 -0.807704
v 0.406744 -0.051513 -0.807704
v 0.406718 -0.051686 -0.807704
v 0.406681 -0.051835 -0.807704
v 0.406631 -0.051961 -0.807704
v 0.406567 -0.052064 -0.807704
v 0.406487 -0.052146 -0.807704
v 0.406392 -0.052208 -0.807704
v 0.406279 -0.052251 -0.807704
v 0.406148 -0.052275 -0.807704
v 0.405998 -0.052281 -0.807704
v 0.405828 -0.052271 -0.807704
v 0.405635 -0.052258 -0.807704
v 0.405437 -0.052260 -0.807704
v 0.405235 -0.052271 -0.807704
v 0.405032 -0.052288 -0.807704
v 0.404830 -0.052307 -0.807704
v 0.404631 -0.052322 -0.807704
v 0.404436 -0.052330 -0.807704
v 0.404248 -0.052325 -0.807704
v 0.404069 -0.052304 -0.807704
v 0.403901 -0.052261 -0.807704
v 0.403746 -0.052193 -0.807704
v 0.403605 -0.052095 -0.807704
v 0.403495 -0.051976 -0.807704
v 0.403402 -0.051826 -0.807704
v 0.403324 -0.051648 -0.807704
v 0.403258 -0.051448 -0.807704
v 0.403201 -0.051229 -0.807704
v 0.403153 -0.050995 -0.807704
v 0.403110 -0.050752 -0.807704
v 0.403071 -0.050503 -0.807704
v 0.403032 -0.050252 -0.807704
v 0.402992 -0.050005 -0.807704
v 0.402949 -0.049766 -0.807704
v 0.402900 -0.049538 -0.807704
v 0.402854 -0.049352 -0.807704
v 0.402715 -0.048823 -0.807704
v 0.402475 -0.047996 -0.807704
v 0.402127 -0.046915 -0.807704
v 0.401667 -0.045626 -0.807704
v 0.401087 -0.044172 -0.807704
v 0.400381 -0.042598 -0.807704
v 0.399544 -0.040949 -0.807704
v 0.398568 -0.039270 -0.807704
v 0.397448 -0.037605 -0.807704
v 0.396177 -0.035998 -0.807704
v 0.394750 -0.034494 -0.807704
v 0.394711 -0.034458 -0.807704
v 0.394673 -0.034420 -0.807704
v 0.394636 -0.034381 -0.807704
v 0.394599 -0.034341 -0.807704
v 0.394563 -0.034301 -0.807704
v 0.394527 -0.034262 -0.807704
v 0.394490 -0.034224 -0.807704
v 0.394453 -0.034188 -0.807704
v 0.394415 -0.034154 -0.807704
v 0.394375 -0.034123 -0.807704
v 0.394334 -0.034095 -0.807704
v 0.394291 -0.034070 -0.807704
v 0.393982 -0.033903 -0.807704
v 0.393713 -0.033710 -0.807704
v 0.393483 -0.033491 -0.807704
v 0.393290 -0.033248 -0.807704
v 0.393131 -0.032981 -0.807704
v 0.393003 -0.032690 -0.807704
v 0.392905 -0.032377 -0.807704
v 0.392834 -0.032042 -0.807704
v 0.392788 -0.031685 -0.807704
v 0.392764 -0.031307 -0.807704
v 0.392760 -0.030908 -0.807704
v 0.392774 -0.030490 -0.807704
v 0.392801 -0.029983 -0.807704
v 0.392819 -0.029475 -0.807704
v 0.392832 -0.028966 -0.807704
v 0.392838 -0.028458 -0.807704
v 0.392840 -0.027948 -0.807704
v 0.392838 -0.027439 -0.807704
v 0.392834 -0.026930 -0.807704
v 0.392828 -0.026421 -0.807704
v 0.392821 -0.025912 -0.807704
v 0.392815 -0.025403 -0.807704
v 0.392811 -0.024895 -0.807704
v 0.392809 -0.024388 -0.807704
v 0.392809 -0.024309 -0.807704
v 0.392808 -0.024231 -0.807704
v 0.392807 -0.024153 -0.807704
v 0.392805 -0.024076 -0.807704
v 0.392804 -0.023999 -0.807704
v 0.392803 -0.023923 -0.807704
v 0.392802 -0.023847 -0.807704
v 0.392801 -0.023771 -0.807704
v 0.392802 -0.023696 -0.807704
v 0.392803 -0.023621 -0.807704
v 0.392806 -0.023546 -0.807704
v 0.392809 -0.023471 -0.807704
v 0.392845 -0.023032 -0.807704
v 0.392908 -0.022642 -0.807704
v 0.392998 -0.022300 -0.807704
v 0.393114 -0.022007 -0.807704
v 0.393258 -0.021762 -0.807704
v 0.393429 -0.021566 -0.807704
v 0.393626 -0.021418 -0.807704
v 0.393851 -0.021319 -0.807704
v 0.394102 -0.021269 -0.807704
v 0.394379 -0.021266 -0.807704
v 0.394684 -0.021313 -0.807704
v 0.395014 -0.021407 -0.807704
v 0.395038 -0.021416 -0.807704
v 0.395105 -0.021439 -0.807704
v 0.395211 -0.021477 -0.807704
v 0.395354 -0.021527 -0.807704
v 0.395529 -0.021588 -0.807704
v 0.395731 -0.021659 -0.807704
v 0.395957 -0.021738 -0.807704
v 0.396203 -0.021823 -0.807704
v 0.396466 -0.021913 -0.807704
v 0.396740 -0.022008 -0.807704
v 0.397022 -0.022104 -0.807704
v 0.397308 -0.022201 -0.807704
v 0.397786 -0.022325 -0.807704
v 0.398238 -0.022365 -0.807704
v 0.398663 -0.022324 -0.807704
v 0.399056 -0.022205 -0.807704
v 0.399414 -0.022011 -0.807704
v 0.399735 -0.021745 -0.807704
v 0.400015 -0.021410 -0.807704
v 0.400252 -0.021010 -0.807704
v 0.400441 -0.020547 -0.807704
v 0.400580 -0.020025 -0.807704
v 0.400665 -0.019446 -0.807704
v 0.400695 -0.018815 -0.807704
v 0.400695 -0.018602 -0.807704
v 0.400695 -0.017986 -0.807704
v 0.400695 -0.017005 -0.807704
v 0.400695 -0.015695 -0.807704
v 0.400695 -0.014093 -0.807704
v 0.400695 -0.012234 -0.807704
v 0.400695 -0.010156 -0.807704
v 0.400695 -0.007896 -0.807704
v 0.400695 -0.005489 -0.807704
v 0.400695 -0.002973 -0.807704
v 0.400695 -0.000383 -0.807704
v 0.400695 0.002243 -0.807704
v 0.400695 0.004236 -0.807704
v 0.400694 0.006229 -0.807704
v 0.400694 0.008222 -0.807704
v 0.400694 0.010215 -0.807704
v 0.400693 0.012208 -0.807704
v 0.400692 0.014201 -0.807704
v 0.400691 0.016194 -0.807704
v 0.400689 0.018187 -0.807704
v 0.400687 0.020180 -0.807704
v 0.400684 0.022173 -0.807704
v 0.400681 0.024165 -0.807704
v 0.400677 0.026158 -0.807704
v 0.400676 0.026291 -0.807704
v 0.400672 0.026424 -0.807704
v 0.400667 0.026558 -0.807704
v 0.400659 0.026691 -0.807704
v 0.400648 0.026825 -0.807704
v 0.400635 0.026959 -0.807704
v 0.400619 0.027092 -0.807704
v 0.400601 0.027224 -0.807704
v 0.400580 0.027356 -0.807704
v 0.400556 0.027487 -0.807704
v 0.400530 0.027617 -0.807704
v 0.400500 0.027746 -0.807704
v 0.400381 0.028194 -0.807704
v 0.400234 0.028594 -0.807704
v 0.400062 0.028947 -0.807704
v 0.399865 0.029250 -0.807704
v 0.399644 0.029504 -0.807704
v 0.399400 0.029708 -0.807704
v 0.399135 0.029861 -0.807704
v 0.398849 0.029963 -0.807704
v 0.398543 0.030012 -0.807704
v 0.398219 0.030010 -0.807704
v 0.397877 0.029954 -0.807704
v 0.397519 0.029844 -0.807704
v 0.397281 0.029750 -0.807704
v 0.397044 0.029654 -0.807704
v 0.396808 0.029556 -0.807704
v 0.396571 0.029456 -0.807704
v 0.396335 0.029355 -0.807704
v 0.396099 0.029254 -0.807704
v 0.395863 0.029152 -0.807704
v 0.395627 0.029051 -0.807704
v 0.395391 0.028952 -0.807704
v 0.395154 0.028853 -0.807704
v 0.394917 0.028757 -0.807704
v 0.394679 0.028663 -0.807704
v 0.394372 0.028556 -0.807704
v 0.394094 0.028493 -0.807704
v 0.393844 0.028474 -0.807704
v 0.393622 0.028500 -0.807704
v 0.393428 0.028571 -0.807704
v 0.393261 0.028689 -0.807704
v 0.393121 0.028854 -0.807704
v 0.393008 0.029066 -0.807704
v 0.392920 0.029327 -0.807704
v 0.392858 0.029638 -0.807704
v 0.392822 0.029998 -0.807704
v 0.392809 0.030409 -0.807704
v 0.392806 0.031789 -0.807704
v 0.392803 0.033170 -0.807704
v 0.392802 0.034552 -0.807704
v 0.392801 0.035934 -0.807704
v 0.392802 0.037316 -0.807704
v 0.392803 0.038698 -0.807704
v 0.392804 0.040080 -0.807704
v 0.392805 0.041462 -0.807704
v 0.392807 0.042844 -0.807704
v 0.392808 0.044226 -0.807704
v 0.392809 0.045607 -0.807704
v 0.392809 0.046987 -0.807704
v 0.392810 0.047027 -0.807704
v 0.392812 0.047068 -0.807704
v 0.392815 0.047109 -0.807704
v 0.392819 0.047152 -0.807704
v 0.392824 0.047195 -0.807704
v 0.392829 0.047238 -0.807704
v 0.392835 0.047283 -0.807704
v 0.392841 0.047328 -0.807704
v 0.392846 0.047374 -0.807704
v 0.392852 0.047421 -0.807704
v 0.392857 0.047468 -0.807704
v 0.392862 0.047516 -0.807704
v 0.393925 0.047600 -0.807704
v 0.394978 0.047648 -0.807704
v 0.396017 0.047646 -0.807704
v 0.397040 0.047580 -0.807704
v 0.398044 0.047437 -0.807704
v 0.399025 0.047203 -0.807704
v 0.399981 0.046864 -0.807704
v 0.400909 0.046406 -0.807704
v 0.401805 0.045815 -0.807704
v 0.402667 0.045077 -0.807704
v 0.403491 0.044179 -0.807704
v 0.404275 0.043107 -0.807704
v 0.404630 0.042545 -0.807704
v 0.404959 0.041968 -0.807704
v 0.405263 0.041378 -0.807704
v 0.405541 0.040773 -0.807704
v 0.405791 0.040155 -0.807704
v 0.406013 0.039523 -0.807704
v 0.406206 0.038876 -0.807704
v 0.406368 0.038216 -0.807704
v 0.406498 0.037542 -0.807704
v 0.406597 0.036853 -0.807704
v 0.406662 0.036151 -0.807704
v 0.406692 0.035435 -0.807704
v 0.406712 0.034359 -0.807704
v 0.406727 0.033282 -0.807704
v 0.406738 0.032205 -0.807704
v 0.406745 0.031127 -0.807704
v 0.406750 0.030049 -0.807704
v 0.406752 0.028971 -0.807704
v 0.406752 0.027893 -0.807704
v 0.406751 0.026816 -0.807704
v 0.406749 0.025738 -0.807704
v 0.406747 0.024661 -0.807704
v 0.406746 0.023584 -0.807704
v 0.406745 0.022508 -0.807704
v 0.406745 0.020678 -0.807704
v 0.406745 0.018848 -0.807704
v 0.406745 0.017018 -0.807704
v 0.406745 0.015188 -0.807704
v 0.406745 0.013357 -0.807704
v 0.406745 0.011527 -0.807704
v 0.406745 0.009696 -0.807704
v 0.406745 0.007864 -0.807704
v 0.406745 0.006032 -0.807704
v 0.406745 0.004199 -0.807704
v 0.406745 0.002366 -0.807704
v 0.406745 0.000532 -0.807704
v 0.406745 -0.000888 -0.807704
v 0.406744 -0.003567 -0.807704
v 0.406743 -0.007283 -0.807704
v 0.406742 -0.011816 -0.807704
v 0.406741 -0.016947 -0.807704
v 0.406741 -0.022455 -0.807704
v 0.406741 -0.028119 -0.807704
v 0.406743 -0.033720 -0.807704
v 0.406745 -0.039038 -0.807704
v 0.406749 -0.043853 -0.807704
v 0.406755 -0.047943 -0.807704
v 0.406763 -0.051090 -0.821704
v 0.406758 -0.051314 -0.821704
v 0.406744 -0.051513 -0.821704
v 0.406718 -0.051686 -0.821704
v 0.406681 -0.051835 -0.821704
v 0.406631 -0.051961 -0.821704
v 0.406567 -0.052064 -0.821704
v 0.406487 -0.052146 -0.821704
v 0.406392 -0.052208 -0.821704
v 0.406279 -0.052251 -0.821704
v 0.406148 -0.052275 -0.821704
v 0.405998 -0.052281 -0.821704
v 0.405828 -0.052271 -0.821704
v 0.405635 -0.052258 -0.821704
v 0.405437 -0.052260 -0.821704
v 0.405235 -0.052271 -0.821704
v 0.405032 -0.052288 -0.821704
v 0.404830 -0.052307 -0.821704
v 0.404631 -0.052322 -0.821704
v 0.404436 -0.052330 -0.821704
v 0.404248 -0.052325 -0.821704
v 0.404069 -0.052304 -0.821704
v 0.403901 -0.052261 -0.821704
v 0.403746 -0.052193 -0.821704
v 0.403605 -0.052095 -0.821704
v 0.403495 -0.051976 -0.821704
v 0.403402 -0.051826 -0.821704
v 0.403324 -0.051648 -0.821704
v 0.403258 -0.051448 -0.821704
v 0.403201 -0.051229 -0.821704
v 0.403153 -0.050995 -0.821704
v 0.403110 -0.050752 -0.821704
v 0.403071 -0.050503 -0.821704
v 0.403032 -0.050252 -0.821704
v 0.402992 -0.050005 -0.821704
v 0.402949 -0.049766 -0.821704
v 0.402900 -0.049538 -0.821704
v 0.402854 -0.049352 -0.821704
v 0.402715 -0.048823 -0.821704
v 0.402475 -0.047996 -0.821704
v 0.402127 -0.046915 -0.821704
v 0.401667 -0.045626 -0.821704
v 0.401087 -0.044172 -0.821704
v 0.400381 -0.042598 -0.821704
v 0.399544 -0.040949 -0.821704
v 0.398568 -0.039270 -0.821704
v 0.397448 -0.037605 -0.821704
v 0.396177 -0.035998 -0.821704
v 0.394750 -0.034494 -0.821704
v 0.394711 -0.034458 -0.821704
v 0.394673 -0.034420 -0.821704
v 0.394636 -0.034381 -0.821704
v 0.394599 -0.034341 -0.821704
v 0.394563 -0.034301 -0.821704
v 0.394527 -0.034262 -0.821704
v 0.394490 -0.034224 -0.821704
v 0.394453 -0.034188 -0.821704
v 0.394415 -0.034154 -0.821704
v 0.394375 -0.034123 -0.821704
v 0.394334 -0.034095 -0.821704
v 0.394291 -0.034070 -0.821704
v 0.393982 -0.033903 -0.821704
v 0.393713 -0.033710 -0.821704
v 0.393483 -0.033491 -0.821704
v 0.393290 -0.033248 -0.821704
v 0.393131 -0.032981 -0.821704
v 0.393003 -0.032690 -0.821704
v 0.392905 -0.032377 -0.821704
v 0.392834 -0.032042 -0.821704
v 0.392788 -0.031685 -0.821704
v 0.392764 -0.031307 -0.821704
v 0.392760 -0.030908 -0.821704
v 0.392774 -0.030490 -0.821704
v 0.392801 -0.029983 -0.821704
v 0.392819 -0.029475 -0.821704
v 0.392832 -0.028966 -0.821704
v 0.392838 -0.028458 -0.821704
v 0.392840 -0.027948 -0.821704
v 0.392838 -0.027439 -0.821704
v 0.392834 -0.026930 -0.821704
v 0.392828 -0.026421 -0.821704
v 0.392821 -0.025912 -0.821704
v 0.392815 -0.025403 -0.821704
v 0.392811 -0.024895 -0.821704
v 0.392809 -0.024388 -0.821704
v 0.392809 -0.024309 -0.821704
v 0.392808 -0.024231 -0.821704
v 0.392807 -0.024153 -0.821704
v 0.392805 -0.024076 -0.821704
v 0.392804 -0.023999 -0.821704
v 0.392803 -0.023923 -0.821704
v 0.392802 -0.023847 -0.821704
v 0.392801 -0.023771 -0.821704
v 0.392802 -0.023696 -0.821704
v 0.392803 -0.023621 -0.821704
v 0.392806 -0.023546 -0.821704
v 0.392809 -0.023471 -0.821704
v 0.392845 -0.023032 -0.821704
v 0.392908 -0.022642 -0.821704
v 0.392998 -0.022300 -0.821704
v 0.393114 -0.022007 -0.821704
v 0.393258 -0.021762 -0.821704
v 0.393429 -0.021566 -0.821704
v 0.393626 -0.021418 -0.821704
v 0.393851 -0.021319 -0.821704
v 0.394102 -0.021269 -0.821704
v 0.394379 -0.021266 -0.821704
v 0.394684 -0.021313 -0.821704
v 0.395014 -0.021407 -0.821704
v 0.395038 -0.021416 -0.821704
v 0.395105 -0.021439 -0.821704
v 0.395211 -0.021477 -0.821704
v 0.395354 -0.021527 -0.821704
v 0.395529 -0.021588 -0.821704
v 0.395731 -0.021659 -0.821704
v 0.395957 -0.021738 -0.821704
v 0.396203 -0.021823 -0.821704
v 0.396466 -0.021913 -0.821704
v 0.396740 -0.022008 -0.821704
v 0.397022 -0.022104 -0.821704
v 0.397308 -0.022201 -0.821704
v 0.397786 -0.022325 -0.821704
v 0.398238 -0.022365 -0.821704
v 0.398663 -0.022324 -0.821704
v 0.399056 -0.022205 -0.821704
v 0.399414 -0.022011 -0.821704
v 0.399735 -0.021745 -0.821704
v 0.400015 -0.021410 -0.821704
v 0.400252 -0.021010 -0.821704
v 0.400441 -0.020547 -0.821704
v 0.400580 -0.020025 -0.821704
v 0.400665 -0.019446 -0.821704
v 0.400695 -0.018815 -0.821704
v 0.400695 -0.018602 -0.821704
v 0.400695 -0.017986 -0.821704
v 0.400695 -0.017005 -0.821704
v 0.400695 -0.015695 -0.821704
v 0.400695 -0.014093 -0.821704
v 0.400695 -0.012234 -0.821704
v 0.400695 -0.010156 -0.821704
v 0.400695 -0.007896 -0.821704
v 0.400695 -0.005489 -0.821704
v 0.400695 -0.002973 -0.821704
v 0.400695 -0.000383 -0.821704
v 0.400695 0.002243 -0.821704
v 0.400695 0.004236 -0.821704
v 0.400694 0.006229 -0.821704
v 0.400694 0.008222 -0.821704
v 0.400694 0.010215 -0.821704
v 0.400693 0.012208 -0.821704
v 0.400692 0.014201 -0.821704
v 0.400691 0.016194 -0.821704
v 0.400689 0.018187 -0.821704
v 0.400687 0.020180 -0.821704
v 0.400684 0.022173 -0.821704
v 0.400681 0.024165 -0.821704
v 0.400677 0.026158 -0.821704
v 0.400676 0.026291 -0.821704
v 0.400672 0.026424 -0.821704
v 0.400667 0.026558 -0.821704
v 0.400659 0.026691 -0.821704
v 0.400648 0.026825 -0.821704
v 0.400635 0.026959 -0.821704
v 0.400619 0.027092 -0.821704
v 0.400601 0.027224 -0.821704
v 0.400580 0.027356 -0.821704
v 0.400556 0.027487 -0.821704
v 0.400530 0.027617 -0.821704
v 0.400500 0.027746 -0.821704
v 0.400381 0.028194 -0.821704
v 0.400234 0.028594 -0.821704
v 0.400062 0.028947 -0.821704
v 0.399865 0.029250 -0.821704
v 0.399644 0.029504 -0.821704
v 0.399400 0.029708 -0.821704
v 0.399135 0.029861 -0.821704
v 0.398849 0.029963 -0.821704
v 0.398543 0.030012 -0.821704
v 0.398219 0.030010 -0.821704
v 0.397877 0.029954 -0.821704
v 0.397519 0.029844 -0.821704
v 0.397281 0.029750 -0.821704
v 0.397044 0.029654 -0.821704
v 0.396808 0.029556 -0.821704
v 0.396571 0.029456 -0.821704
v 0.396335 0.029355 -0.821704
v 0.396099 0.029254 -0.821704
v 0.395863 0.029152 -0.821704
v 0.395627 0.029051 -0.821704
v 0.395391 0.028952 -0.821704
v 0.395154 0.028853 -0.821704
v 0.394917 0.028757 -0.821704
v 0.394679 0.028663 -0.821704
v 0.394372 0.028556 -0.821704
v 0.394094 0.028493 -0.821704
v 0.393844 0.028474 -0.821704
v 0.393622 0.028500 -0.821704
v 0.393428 0.028571 -0.821704
v 0.393261 0.028689 -0.821704
v 0.393121 0.028854 -0.821704
v 0.393008 0.029066 -0.821704
v 0.392920 0.029327 -0.821704
v 0.392858 0.029638 -0.821704
v 0.392822 0.029998 -0.821704
v 0.392809 0.030409 -0.821704
v 0.392806 0.031789 -0.821704
v 0.392803 0.033170 -0.821704
v 0.392802 0.034552 -0.821704
v 0.392801 0.035934 -0.821704
v 0.392802 0.037316 -0.821704
v 0.392803 0.038698 -0.821704
v 0.392804 0.040080 -0.821704
v 0.392805 0.041462 -0.821704
v 0.392807 0.042844 -0.821704
v 0.392808 0.044226 -0.821704
v 0.392809 0.045607 -0.821704
v 0.392809 0.046987 -0.821704
v 0.392810 0.047027 -0.821704
v 0.392812 0.047068 -0.821704
v 0.392815 0.047109 -0.821704
v 0.392819 0.047152 -0.821704
v 0.392824 0.047195 -0.821704
v 0.392829 0.047238 -0.821704
v 0.392835 0.047283 -0.821704
v 0.392841 0.047328 -0.821704
v 0.392846 0.047374 -0.821704
v 0.392852 0.047421 -0.821704
v 0.392857 0.047468 -0.821704
v 0.392862 0.047516 -0.821704
v 0.393925 0.047600 -0.821704
v 0.394978 0.047648 -0.821704
v 0.396017 0.047646 -0.821704
v 0.397040 0.047580 -0.821704
v 0.398044 0.047437 -0.821704
v 0.399025 0.047203 -0.821704
v 0.399981 0.046864 -0.821704
v 0.400909 0.046406 -0.821704
v 0.401805 0.045815 -0.821704
v 0.402667 0.045077 -0.821704
v 0.403491 0.044179 -0.821704
v 0.404275 0.043107 -0.821704
v 0.404630 0.042545 -0.821704
v 0.404959 0.041968 -0.821704
v 0.405263 0.041378 -0.821704
v 0.405541 0.040773 -0.821704
v 0.405791 0.040155 -0.821704
v 0.406013 0.039523 -0.821704
v 0.406206 0.038876 -0.821704
v 0.406368 0.038216 -0.821704
v 0.406498 0.037542 -0.821704
v 0.406597 0.036853 -0.821704
v 0.406662 0.036151 -0.821704
v 0.406692 0.035435 -0.821704
v 0.406712 0.034359 -0.821704
v 0.406727 0.033282 -0.821704
v 0.406738 0.032205 -0.821704
v 0.406745 0.031127 -0.821704
v 0.406750 0.030049 -0.821704
v 0.406752 0.028971 -0.821704
v 0.406752 0.027893 -0.821704
v 0.406751 0.026816 -0.821704
v 0.406749 0.025738 -0.821704
v 0.406747 0.024661 -0.821704
v 0.406746 0.023584 -0.821704
v 0.406745 0.022508 -0.821704
v 0.406745 0.020678 -0.821704
v 0.406745 0.018848 -0.821704
v 0.406745 0.017018 -0.821704
v 0.406745 0.015188 -0.821704
v 0.406745 0.013357 -0.821704
v 0.406745 0.011527 -0.821704
v 0.406745 0.009696 -0.821704
v 0.406745 0.007864 -0.821704
v 0.406745 0.006032 -0.821704
v 0.406745 0.004199 -0.821704
v 0.406745 0.002366 -0.821704
v 0.406745 0.000532 -0.821704
v 0.406745 -0.000888 -0.821704
v 0.406744 -0.003567 -0.821704
v 0.406743 -0.007283 -0.821704
v 0.406742 -0.011816 -0.821704
v 0.406741 -0.016947 -0.821704
v 0.406741 -0.022455 -0.821704
v 0.406741 -0.028119 -0.821704
v 0.406743 -0.033720 -0.821704
v 0.406745 -0.039038 -0.821704
v 0.406749 -0.043853 -0.821704
v 0.406755 -0.047943 -0.821704
vn -1.0000 -0.0000 -0.0003
vn -1.0000 -0.0000 -0.0000
vn -1.0000 -0.0000 -0.0001
vn -1.0000 -0.0000 -0.0012
vn -1.0000 -0.0000 0.0003
vn -1.0000 -0.0000 -0.0006
vn -1.0000 -0.0000 0.0007
vn -1.0000 -0.0000 0.0001
vn -1.0000 -0.0000 0.0004
vn -1.0000 -0.0000 0.0005
vn -1.0000 -0.0000 0.0002
vn -1.0000 -0.0000 -0.0015
vn -1.0000 -0.0000 -0.0002
vn -1.0000 -0.0000 -0.0019
vn -1.0000 -0.0000 0.0013
vn -0.9996 -0.0000 -0.0288
vn -0.9994 -0.0000 0.0358
vn -1.0000 -0.0000 -0.0004
vn -1.0000 -0.0000 0.0008
vn -0.0000 -0.7671 -0.6416
vn -0.0000 -0.0003 1.0000
vn -0.0000 -0.1781 -0.9840
vn -0.0000 0.0025 1.0000
vn -0.0000 -0.0002 1.0000
vn -0.0000 -0.0256 -0.9997
vn -0.0000 -0.9964 0.0849
vn -0.0000 -0.9971 0.0759
vn -0.0000 -0.0000 1.0000
vn -0.0000 -0.9189 0.3944
vn -0.0000 -0.0004 -1.0000
vn -0.0000 -0.9869 0.1613
vn -0.0000 -0.4395 -0.8982
vn -0.0000 -0.0000 -1.0000
vn -0.0000 -0.1172 -0.9931
vn -0.0000 -0.9930 -0.1184
vn -0.0000 -0.0015 1.0000
vn -0.0000 -0.1450 0.9894
vn -0.0000 0.3703 -0.9289
vn -0.0000 0.7697 -0.6384
vn -0.0000 -0.0017 -1.0000
vn -0.0000 -0.9836 0.1806
vn -0.0000 -0.0018 1.0000
vn -0.0000 0.0008 1.0000
vn -0.0000 -0.0001 -1.0000
vn -0.0000 0.9457 0.3250
vn -0.0000 0.2852 0.9585
vn -0.0000 0.1465 -0.9892
vn -0.0000 -0.2030 -0.9792
vn -0.0000 0.0427 0.9991
vn -0.0000 0.0042 1.0000
vn -0.0000 0.9953 -0.0966
vn -0.0000 0.9428 0.3333
vn -0.0000 1.0000 0.0018
vn -0.0000 0.6562 -0.7546
vn -0.0000 0.1262 -0.9920
vn -0.0000 0.1904 0.9817
vn -0.0000 0.9886 0.1505
vn -0.0000 -0.3060 -0.9520
vn -0.0000 0.0006 -1.0000
vn -0.0000 0.2543 -0.9671
vn -0.0000 0.8966 0.4429
vn -0.0000 0.0169 -0.9999
vn -0.0000 -0.0009 -1.0000
vn -0.0000 0.5328 0.8463
vn -0.0000 -0.0108 -0.9999
vn -0.0000 -0.0035 -1.0000
vn -0.0000 -0.0119 -0.9999
vn -0.0000 -0.0631 -0.9980
vn -0.0000 0.9900 0.1409
vn -0.0000 -0.0086 -1.0000
vn -0.0000 0.0980 -0.9952
vn -0.0000 -0.8114 -0.5845
vn -0.0000 -0.9263 0.3767
vn -0.0000 0.1259 -0.9920
vn -0.0000 0.0238 -0.9997
vn -0.0000 -0.6801 -0.7331
vn -0.0000 -0.9234 0.3839
vn -0.0000 -0.2987 -0.9543
vn -0.0000 0.0936 -0.9956
vn -0.0000 -0.5581 -0.8298
vn -0.0000 -0.8661 -0.4998
vn -0.0000 0.0181 -0.9998
vn -0.0000 -0.8266 -0.5628
vn -0.0000 0.0010 -1.0000
vn -0.0000 -0.2552 -0.9669
vn -0.0000 -0.9958 0.0910
vn -0.0000 -0.3182 -0.9480
vn -0.0000 -0.0296 -0.9996
vn -0.0000 0.0003 -1.0000
vn -0.0000 -0.6887 -0.7251
vn -0.0000 -0.1998 -0.9798
vn -0.0000 -0.4091 -0.9125
vn -0.0000 0.0005 1.0000
vn -0.0000 -0.0430 -0.9991
vn -0.0000 0.6764 0.7366
vn -0.0000 -0.0007 -1.0000
vn -0.0000 -0.9933 -0.1156
vn -0.0000 -0.1786 -0.9839
vn -0.0000 -0.9449 0.3274
vn -0.0000 -0.9196 0.3928
vn -0.0000 0.6417 -0.7669
vn -0.0000 0.0002 1.0000
vn -0.0000 0.9463 0.3234
vn -0.0000 -0.9870 -0.1609
vn -0.0000 -0.9562 0.2927
vn -0.0000 -0.5450 -0.8384
vn -0.0000 -0.2579 -0.9662
vn -0.0000 -0.1359 -0.9907
vn -0.0000 -0.9696 -0.2447
vn -0.0000 0.9434 0.3317
vn -0.0000 -0.0726 0.9974
vn -0.0000 -0.0782 -0.9969
vn -0.0000 -0.0020 -1.0000
vn -0.0000 -0.9993 0.0386
vn -0.0000 -0.3704 -0.9289
vn -0.0000 0.8008 -0.5989
vn -0.0000 -0.0011 -1.0000
vn -0.0000 -0.0002 -1.0000
vn -0.0000 0.0322 -0.9995
vn -0.0000 -0.5281 0.8492
vn -0.0000 -0.0006 1.0000
vn -0.0000 0.0463 -0.9989
vn -0.0000 -0.0016 1.0000
vn -0.0000 -0.0171 -0.9999
vn -0.0000 0.3782 -0.9257
vn -0.0000 0.9569 -0.2904
vn -0.0000 -0.9990 0.0444
vn -0.0000 -0.0087 -1.0000
vn -0.0000 0.9678 0.2517
vn -0.0000 0.2383 0.9712
vn -0.0000 -0.5258 -0.8506
vn -0.0000 0.5903 0.8072
vn -0.0000 -0.0096 -1.0000
vn -0.0000 0.9438 0.3306
vn -0.0000 0.0182 0.9998
vn -0.0000 -0.9357 0.3527
vn -0.0000 -0.0010 1.0000
vn -0.0000 0.3752 0.9270
vn -0.0000 -0.7246 -0.6892
vn -0.0000 0.9448 0.3276
vn -0.0000 -0.6942 -0.7198
vn -0.0000 0.9613 0.2754
vn -0.0000 0.9802 -0.1981
vn -0.0000 0.4174 0.9087
vn -0.0000 -0.6203 -0.7844
vn -0.0000 -0.3131 -0.9497
vn -0.0000 0.9980 0.0640
vn -0.0000 -0.8397 0.5431
vn -0.0000 0.8349 0.5505
vn -0.0000 -0.2790 -0.9603
vn -0.0000 0.1294 -0.9916
vn -0.0000 -0.0048 -1.0000
vn -0.0000 0.4963 0.8681
vn -0.0000 0.0810 -0.9967
vn -0.0000 0.9445 0.3286
vn -0.0000 0.9452 0.3265
vn -0.0000 -0.4043 -0.9146
vn -0.0000 0.0001 1.0000
vn -0.0000 -0.0003 -1.0000
vn -0.0000 -0.0032 -1.0000
vn -0.0000 0.9969 -0.0785
vn -0.0000 -0.0189 -0.9998
vn -0.0000 0.9727 0.2321
vn -0.0000 0.0125 -0.9999
vn -0.0000 0.1101 -0.9939
vn -0.0000 -0.0128 -0.9999
vn -0.0000 0.1201 -0.9928
vn -0.0000 -0.4709 -0.8822
vn -0.0000 0.0473 -0.9989
vn -0.0000 -0.2074 -0.9783
vn -0.0000 -0.0027 -1.0000
vn -0.0000 0.0525 -0.9986
vn -0.0000 0.0007 -1.0000
vn -0.0000 -0.2478 -0.9688
vn -0.0000 -0.5123 -0.8588
vn -0.0000 -0.9300 0.3674
vn -0.0000 -0.8715 -0.4905
vn -0.0000 -0.9159 -0.4014
vn -0.0000 -0.7469 -0.6649
vn -0.0000 -0.9212 0.3891
vn -0.0000 -0.1959 -0.9806
vn -0.0000 -0.7325 -0.6808
vn -0.0000 -0.9421 -0.3354
vn -0.0000 -0.6762 -0.7367
vn -0.0000 -0.9384 -0.3455
vn -0.0000 -0.3363 -0.9418
vn -0.0000 -0.2235 -0.9747
vn -0.0000 -0.4529 -0.8916
vn -0.0000 -0.0603 -0.9982
vn -0.0000 -0.2114 -0.9774
vn -0.0000 -0.9210 0.3895
vn -0.0000 -0.9301 0.3674
vn -0.0000 -0.9984 0.0573
vn -0.0000 -0.9753 0.2210
vn -0.0000 -0.6564 -0.7544
vn -0.0000 -0.9188 0.3947
vn -0.0000 0.1414 0.9900
vn -0.0000 -0.1571 -0.9876
vn -0.0000 -1.0000 0.0081
vn -0.0000 -0.1732 -0.9849
vn -0.0000 -1.0000 0.0069
vn -0.0000 -0.6948 0.7192
vn -0.0000 -0.3435 -0.9391
vn -0.0000 -0.9977 -0.0684
vn -0.0000 0.5081 -0.8613
vn -0.0000 -0.1526 -0.9883
vn -0.0000 0.9469 0.3215
vn -0.0000 -0.0973 -0.9953
vn -0.0000 -0.9997 -0.0247
vn -0.0000 0.0069 1.0000
vn -0.0000 0.9436 0.3310
vn -0.0000 -0.0014 -1.0000
vn -0.0000 0.0139 0.9999
vn -0.0000 0.8793 -0.4763
vn -0.0000 0.3309 0.9436
vn -0.0000 -0.6476 -0.7620
vn -0.0000 -0.9984 -0.0573
vn -0.0000 0.9146 -0.4044
vn -0.0000 0.2572 -0.9664
vn -0.0000 0.0499 -0.9988
vn -0.0000 0.9961 0.0881
vn -0.0000 -0.0188 -0.9998
vn -0.0000 0.9441 0.3298
vn -0.0000 0.9424 0.3346
vn -0.0000 -0.0117 -0.9999
vn -0.0000 0.7598 0.6502
vn -0.0000 0.0334 -0.9994
vn -0.0000 1.0000 -0.0079
vn -0.0000 0.5067 -0.8621
vn -0.0000 -0.6223 -0.7828
vn -0.0000 0.1587 -0.9873
vn -0.0000 -0.0158 -0.9999
vn -0.0000 0.0101 0.9999
vn -0.0000 0.0056 -1.0000
vn -0.0000 0.0021 1.0000
vn -0.0000 -0.7167 -0.6974
vn -0.0000 -0.0114 -0.9999
vn -0.0000 0.0922 0.9957
vn -0.0000 -0.0046 -1.0000
vn -0.0000 -0.6885 -0.7252
vn -0.0000 0.0370 -0.9993
vn -0.0000 -0.1018 -0.9948
vn -0.0000 -0.2431 0.9700
vn -0.0000 -0.0001 1.0000
vn -0.0000 0.0035 -1.0000
vn -0.0000 0.9990 -0.0454
vn -0.0000 -0.0203 0.9998
vn -0.0000 -0.4019 -0.9157
vn -0.0000 -0.1288 -0.9917
vn -0.0000 -0.9971 0.0763
vn -0.0000 -0.6795 -0.7337
vn -0.0000 -0.8795 -0.4758
vn -0.0000 0.1204 -0.9927
vn -0.0000 -0.7847 -0.6199
vn -0.0000 0.4579 0.8890
vn -0.0000 -0.3714 0.9285
vn -0.0000 0.0009 -1.0000
vn -0.0000 -0.1568 -0.9876
vn -0.0000 0.9424 0.3344
vn -0.0000 -0.6752 -0.7376
vn -0.0000 0.0014 1.0000
vn -0.0000 -0.7051 -0.7091
vn -0.0000 -0.8198 -0.5726
vn -0.0000 -0.1591 -0.9873
vn -0.0000 0.1108 -0.9938
vn -0.0000 -0.5023 -0.8647
vn -0.0000 -0.8168 -0.5769
vn -0.0000 0.0754 -0.9972
vn -0.0000 -0.2354 -0.9719
vn -0.0000 -0.9235 0.3836
vn -0.0000 -0.0088 -1.0000
vn -0.0000 0.9569 -0.2903
vn -0.0000 0.3783 -0.9257
vn -0.0000 -0.0163 -0.9999
vn -0.0000 0.0462 -0.9989
vn -0.0000 -0.5280 0.8492
vn -0.0000 0.0310 -0.9995
vn -0.0000 -0.3705 -0.9288
vn -0.0000 -0.0784 -0.9969
vn -0.0000 0.9434 0.3316
vn -0.0000 -0.1362 -0.9907
vn -0.0000 -0.5449 -0.8385
vn -0.0000 0.6417 -0.7670
vn -0.0000 -0.9196 0.3929
vn -0.0000 -0.0006 -1.0000
vn -0.0000 -0.0428 -0.9991
vn -0.0000 -0.2003 -0.9797
vn -0.0000 -0.6877 -0.7260
vn -0.0000 0.0002 -1.0000
vn -0.0000 -0.3180 -0.9481
vn -0.0000 0.0011 -1.0000
vn -0.0000 -0.8268 -0.5625
vn -0.0000 0.0166 -0.9999
vn -0.0000 0.0939 -0.9956
vn -0.0000 -0.6805 -0.7328
vn -0.0000 0.1264 -0.9920
vn -0.0000 -0.9264 0.3765
vn -0.0000 0.0977 -0.9952
vn -0.0000 -0.0084 -1.0000
vn -0.0000 -0.0037 -1.0000
vn -0.0000 -0.0010 -1.0000
vn -0.0000 0.0177 -0.9998
vn -0.0000 0.2542 -0.9672
vn -0.0000 0.1903 0.9817
vn -0.0000 0.6563 -0.7545
vn -0.0000 0.9429 0.3331
vn -0.0000 0.0428 0.9991
vn -0.0000 -0.2028 -0.9792
vn -0.0000 0.1466 -0.9892
vn -0.0000 0.2853 0.9584
vn -0.0000 0.0009 1.0000
vn -0.0000 -0.9835 0.1806
vn -0.0000 0.3705 -0.9288
vn -0.0000 -0.1447 0.9895
vn -0.0000 -0.1166 -0.9932
vn -0.0000 -0.0005 -1.0000
vn -0.0000 -0.9189 0.3945
vn -0.0000 -0.0255 -0.9997
vn -0.0000 -0.1779 -0.9841
vn -0.0000 -0.7671 -0.6415
vn -0.0000 -0.9235 0.3837
vn -0.0000 0.0752 -0.9972
vn -0.0000 0.1116 -0.9938
vn -0.0000 -0.1592 -0.9872
vn -0.0000 -0.8198 -0.5727
vn -0.0000 -0.7060 -0.7082
vn -0.0000 -0.6748 -0.7380
vn -0.0000 -0.1570 -0.9876
vn -0.0000 -0.7845 -0.6202
vn -0.0000 0.1194 -0.9928
vn -0.0000 -0.4021 -0.9156
vn -0.0000 -0.0201 0.9998
vn -0.0000 -0.2430 0.9700
vn -0.0000 -0.0042 -1.0000
vn -0.0000 0.0923 0.9957
vn -0.0000 -0.0115 -0.9999
vn -0.0000 -0.7168 -0.6972
vn -0.0000 0.0020 1.0000
vn -0.0000 0.0053 -1.0000
vn -0.0000 0.0102 0.9999
vn -0.0000 -0.0166 -0.9999
vn -0.0000 -0.6225 -0.7826
vn -0.0000 0.5065 -0.8623
vn -0.0000 0.0332 -0.9994
vn -0.0000 -0.0116 -0.9999
vn -0.0000 -0.0181 -0.9998
vn -0.0000 0.0505 -0.9987
vn -0.0000 -0.6474 -0.7621
vn -0.0000 0.3310 0.9436
vn -0.0000 0.9436 0.3311
vn -0.0000 -0.0976 -0.9952
vn -0.0000 -0.0085 -1.0000
vn -0.0000 -0.1524 -0.9883
vn -0.0000 -0.3436 -0.9391
vn -0.0000 -0.6952 0.7189
vn -0.0000 -0.1733 -0.9849
vn -0.0000 -0.1575 -0.9875
vn -0.0000 0.1414 0.9899
vn -0.0000 -0.9189 0.3946
vn -0.0000 -0.9753 0.2209
vn -0.0000 -0.9211 0.3894
vn -0.0000 -0.2112 -0.9774
vn -0.0000 -0.0601 -0.9982
vn -0.0000 -0.4528 -0.8916
vn -0.0000 -0.2229 -0.9748
vn -0.0000 -0.9384 -0.3454
vn -0.0000 -0.6769 -0.7360
vn -0.0000 -0.7324 -0.6808
vn -0.0000 -0.1960 -0.9806
vn -0.0000 -0.7465 -0.6654
vn -0.0000 -0.8717 -0.4901
vn -0.0000 -0.9300 0.3675
vn -0.0000 -0.5121 -0.8590
vn -0.0000 0.0489 -0.9988
vn -0.0000 -0.4711 -0.8821
vn -0.0000 0.1203 -0.9927
vn -0.0000 0.0127 -0.9999
vn -0.0000 -0.0191 -0.9998
vn -0.0000 -0.0033 -1.0000
vn -0.0000 -0.4042 -0.9147
vn -0.0000 0.9452 0.3266
vn -0.0000 0.9444 0.3287
vn -0.0000 0.4964 0.8681
vn -0.0000 -0.0044 -1.0000
vn -0.0000 0.1285 -0.9917
vn -0.0000 -0.8396 0.5431
vn -0.0000 -0.3133 -0.9497
vn -0.0000 -0.6203 -0.7843
vn -0.0000 0.9613 0.2755
vn -0.0000 -0.6945 -0.7195
vn -0.0000 0.9449 0.3275
vn -0.0000 -0.7245 -0.6892
vn -0.0000 0.3752 0.9269
vn -0.0000 -0.0009 1.0000
vn -0.0000 -0.9358 0.3526
vn -0.0000 0.9437 0.3308
vn -0.0000 -0.0095 -1.0000
vn -0.0000 -0.5260 -0.8505
vn -0.0000 0.9678 0.2518
vn 0.3250 0.9457 -0.0000
vn -0.9872 -0.1593 -0.0000
vn 0.9584 0.2854 -0.0000
vn 0.9991 0.0428 -0.0000
vn 0.3328 0.9430 -0.0000
vn 1.0000 -0.0002 -0.0000
vn 0.0018 1.0000 -0.0000
vn 0.0759 -0.9971 -0.0000
vn -0.7544 0.6564 -0.0000
vn -0.9920 0.1263 -0.0000
vn 0.3946 -0.9189 -0.0000
vn -0.9520 -0.3060 -0.0000
vn -1.0000 0.0006 -0.0000
vn 0.1613 -0.9869 -0.0000
vn 0.4429 0.8966 -0.0000
vn -0.9998 0.0174 -0.0000
vn -1.0000 -0.0009 -0.0000
vn -0.8982 -0.4395 -0.0000
vn -0.9999 -0.0107 -0.0000
vn -0.9932 -0.1165 -0.0000
vn -1.0000 -0.0036 -0.0000
vn 1.0000 -0.0000 -0.0000
vn 0.9895 -0.1447 -0.0000
vn -0.9980 -0.0631 -0.0000
vn -0.9951 0.0986 -0.0000
vn -0.5844 -0.8115 -0.0000
vn 0.3767 -0.9263 -0.0000
vn -1.0000 -0.0017 -0.0000
vn -0.7329 -0.6803 -0.0000
vn 0.3839 -0.9234 -0.0000
vn -0.9954 0.0953 -0.0000
vn -0.8298 -0.5581 -0.0000
vn -0.4998 -0.8661 -0.0000
vn -1.0000 -0.0001 -0.0000
vn -1.0000 0.0010 -0.0000
vn -0.9669 -0.2552 -0.0000
vn -0.9996 -0.0297 -0.0000
vn -0.9798 -0.2002 -0.0000
vn -0.9892 0.1465 -0.0000
vn 1.0000 0.0005 -0.0000
vn -0.9991 -0.0428 -0.0000
vn -0.9792 -0.2027 -0.0000
vn -1.0000 -0.0007 -0.0000
vn 1.0000 0.0041 -0.0000
vn -0.0966 0.9953 -0.0000
vn -0.1156 -0.9933 -0.0000
vn -0.9840 -0.1784 -0.0000
vn 0.3928 -0.9196 -0.0000
vn -0.7669 0.6417 -0.0000
vn 0.3234 0.9463 -0.0000
vn 0.9817 0.1903 -0.0000
vn 0.1505 0.9886 -0.0000
vn 0.2926 -0.9562 -0.0000
vn -0.9671 0.2542 -0.0000
vn -0.8385 -0.5449 -0.0000
vn 0.8463 0.5328 -0.0000
vn -0.9907 -0.1362 -0.0000
vn 1.0000 -0.0003 -0.0000
vn 0.3317 0.9434 -0.0000
vn 0.9973 -0.0728 -0.0000
vn -0.9999 -0.0118 -0.0000
vn -1.0000 -0.0020 -0.0000
vn 0.1409 0.9900 -0.0000
vn -1.0000 -0.0084 -0.0000
vn -0.9289 -0.3704 -0.0000
vn -0.5990 0.8008 -0.0000
vn -0.9920 0.1261 -0.0000
vn -0.9997 0.0239 -0.0000
vn -1.0000 -0.0002 -0.0000
vn -0.9542 -0.2990 -0.0000
vn -0.9995 0.0325 -0.0000
vn -0.9998 0.0179 -0.0000
vn -0.5630 -0.8265 -0.0000
vn 0.8490 -0.5283 -0.0000
vn 1.0000 -0.0006 -0.0000
vn 0.0910 -0.9958 -0.0000
vn -0.9481 -0.3179 -0.0000
vn -0.9989 0.0463 -0.0000
vn 1.0000 -0.0016 -0.0000
vn -0.9999 -0.0169 -0.0000
vn -1.0000 0.0002 -0.0000
vn -0.7252 -0.6886 -0.0000
vn -0.2903 0.9569 -0.0000
vn -0.9125 -0.4091 -0.0000
vn -1.0000 -0.0087 -0.0000
vn 0.9712 0.2383 -0.0000
vn 0.7366 0.6763 -0.0000
vn -0.8504 -0.5261 -0.0000
vn 0.8072 0.5903 -0.0000
vn -1.0000 -0.0096 -0.0000
vn 0.9998 0.0182 -0.0000
vn 0.3274 -0.9449 -0.0000
vn 0.9270 0.3751 -0.0000
vn -0.6892 -0.7246 -0.0000
vn 1.0000 0.0003 -0.0000
vn 0.3276 0.9448 -0.0000
vn -0.7189 -0.6951 -0.0000
vn -0.1609 -0.9870 -0.0000
vn 0.2755 0.9613 -0.0000
vn 0.9087 0.4175 -0.0000
vn -0.7844 -0.6203 -0.0000
vn -0.9662 -0.2579 -0.0000
vn 0.0640 0.9980 -0.0000
vn 0.5433 -0.8396 -0.0000
vn 0.5505 0.8349 -0.0000
vn -0.9603 -0.2790 -0.0000
vn -0.9917 0.1282 -0.0000
vn -0.2447 -0.9696 -0.0000
vn -1.0000 -0.0039 -0.0000
vn -0.9969 -0.0787 -0.0000
vn -1.0000 0.0003 -0.0000
vn 0.3287 0.9444 -0.0000
vn 0.0386 -0.9993 -0.0000
vn -0.9147 -0.4042 -0.0000
vn -1.0000 -0.0011 -0.0000
vn -1.0000 -0.0003 -0.0000
vn -1.0000 -0.0033 -0.0000
vn -0.0785 0.9969 -0.0000
vn -0.9999 0.0125 -0.0000
vn -0.9941 0.1089 -0.0000
vn -1.0000 0.0011 -0.0000
vn -0.8820 -0.4713 -0.0000
vn -0.9783 -0.2072 -0.0000
vn -1.0000 -0.0027 -0.0000
vn -0.9257 0.3783 -0.0000
vn -0.9688 -0.2479 -0.0000
vn 0.3674 -0.9301 -0.0000
vn 0.0445 -0.9990 -0.0000
vn -0.4897 -0.8719 -0.0000
vn -0.4014 -0.9159 -0.0000
vn 0.2518 0.9678 -0.0000
vn 0.3891 -0.9212 -0.0000
vn -0.3354 -0.9421 -0.0000
vn -0.7364 -0.6766 -0.0000
vn -0.3454 -0.9385 -0.0000
vn 0.3307 0.9437 -0.0000
vn -0.9748 -0.2232 -0.0000
vn -0.8916 -0.4529 -0.0000
vn 0.3525 -0.9358 -0.0000
vn -0.9982 -0.0605 -0.0000
vn 1.0000 -0.0009 -0.0000
vn -0.9774 -0.2115 -0.0000
vn 0.3893 -0.9211 -0.0000
vn 0.3675 -0.9300 -0.0000
vn 0.0573 -0.9984 -0.0000
vn -0.7544 -0.6564 -0.0000
vn -0.1981 0.9802 -0.0000
vn -0.9497 -0.3132 -0.0000
vn -0.9876 -0.1572 -0.0000
vn 0.0081 -1.0000 -0.0000
vn -0.9849 -0.1734 -0.0000
vn 0.7190 -0.6950 -0.0000
vn 0.8681 0.4964 -0.0000
vn -0.0684 -0.9977 -0.0000
vn -0.9967 0.0810 -0.0000
vn -0.8613 0.5081 -0.0000
vn 0.3265 0.9452 -0.0000
vn -1.0000 -0.0085 -0.0000
vn 1.0000 0.0001 -0.0000
vn -0.9998 -0.0186 -0.0000
vn 0.3215 0.9469 -0.0000
vn 0.2321 0.9727 -0.0000
vn -0.0248 -0.9997 -0.0000
vn 1.0000 0.0069 -0.0000
vn -0.9999 -0.0126 -0.0000
vn 0.3312 0.9436 -0.0000
vn -0.9927 0.1204 -0.0000
vn -0.9988 0.0482 -0.0000
vn 0.9999 0.0139 -0.0000
vn -0.9986 0.0524 -0.0000
vn -0.4763 0.8793 -0.0000
vn 0.9436 0.3310 -0.0000
vn -0.8589 -0.5122 -0.0000
vn -0.0573 -0.9984 -0.0000
vn -0.6652 -0.7466 -0.0000
vn -0.4044 0.9146 -0.0000
vn -0.9806 -0.1959 -0.0000
vn -0.6815 -0.7318 -0.0000
vn -0.9988 0.0492 -0.0000
vn -0.9418 -0.3363 -0.0000
vn -0.9998 -0.0185 -0.0000
vn 0.3335 0.9427 -0.0000
vn -0.9999 -0.0117 -0.0000
vn 0.6502 0.7598 -0.0000
vn -0.9994 0.0333 -0.0000
vn -0.8621 0.5067 -0.0000
vn -0.7828 -0.6223 -0.0000
vn 0.2209 -0.9753 -0.0000
vn 1.0000 0.0002 -0.0000
vn 0.3946 -0.9188 -0.0000
vn 0.9999 0.0102 -0.0000
vn -1.0000 0.0047 -0.0000
vn -0.6979 -0.7162 -0.0000
vn 0.9899 0.1415 -0.0000
vn 0.9957 0.0922 -0.0000
vn -1.0000 -0.0045 -0.0000
vn -0.7252 -0.6885 -0.0000
vn 0.0069 -1.0000 -0.0000
vn -0.9948 -0.1019 -0.0000
vn 0.9700 -0.2430 -0.0000
vn -0.9391 -0.3435 -0.0000
vn -1.0000 0.0035 -0.0000
vn -0.0454 0.9990 -0.0000
vn -0.9883 -0.1523 -0.0000
vn -0.9917 -0.1288 -0.0000
vn 0.0763 -0.9971 -0.0000
vn -0.4758 -0.8795 -0.0000
vn -0.9927 0.1205 -0.0000
vn -0.9953 -0.0973 -0.0000
vn 0.8890 0.4579 -0.0000
vn 0.9286 -0.3712 -0.0000
vn -1.0000 0.0009 -0.0000
vn -0.9876 -0.1570 -0.0000
vn -1.0000 -0.0014 -0.0000
vn 0.3344 0.9424 -0.0000
vn -0.7381 -0.6747 -0.0000
vn -1.0000 -0.0018 -0.0000
vn 1.0000 0.0014 -0.0000
vn -0.5729 -0.8196 -0.0000
vn -0.7621 -0.6474 -0.0000
vn -0.9938 0.1113 -0.0000
vn -0.8647 -0.5023 -0.0000
vn -0.5770 -0.8167 -0.0000
vn -0.9664 0.2571 -0.0000
vn -0.9972 0.0745 -0.0000
vn -0.9719 -0.2355 -0.0000
vn 0.3837 -0.9235 -0.0000
vn 0.0881 0.9961 -0.0000
vn 0.3766 -0.9264 -0.0000
vn 0.3297 0.9441 -0.0000
vn -0.6416 -0.7671 -0.0000
vn -0.9840 -0.1782 -0.0000
vn -0.0079 1.0000 -0.0000
vn 1.0000 0.0025 -0.0000
vn -0.9873 0.1588 -0.0000
vn -0.9997 -0.0251 -0.0000
vn 0.0849 -0.9964 -0.0000
vn -0.9999 -0.0164 -0.0000
vn 1.0000 0.0020 -0.0000
vn -0.9999 -0.0116 -0.0000
vn -1.0000 -0.0005 -0.0000
vn -0.9993 0.0371 -0.0000
vn 1.0000 -0.0001 -0.0000
vn 0.9998 -0.0204 -0.0000
vn -0.9157 -0.4018 -0.0000
vn -0.1184 -0.9930 -0.0000
vn 1.0000 -0.0015 -0.0000
vn -0.7337 -0.6795 -0.0000
vn -0.9289 0.3703 -0.0000
vn -0.6202 -0.7844 -0.0000
vn -0.6383 0.7698 -0.0000
vn 0.1806 -0.9836 -0.0000
vn -0.7082 -0.7060 -0.0000
vn -0.9938 0.1112 -0.0000
vn 1.0000 -0.0018 -0.0000
vn 1.0000 0.0008 -0.0000
vn -0.9951 0.0987 -0.0000
vn 0.0910 -0.9959 -0.0000
vn -0.9481 -0.3178 -0.0000
vn 0.0444 -0.9990 -0.0000
vn -0.4896 -0.8719 -0.0000
vn 0.3892 -0.9212 -0.0000
vn 0.3894 -0.9211 -0.0000
vn 0.3674 -0.9300 -0.0000
vn 0.2210 -0.9753 -0.0000
vn -0.0000 0.0001 -1.0000
vn -0.0000 0.0004 -1.0000
vn -0.0000 0.0016 -1.0000
vn -0.0000 -0.0013 -1.0000
vn -0.0000 0.0005 -1.0000
vn -0.0000 -0.0026 -1.0000
vn -0.0000 0.0014 -1.0000
vn -0.0000 0.0012 -1.0000
vn -0.0000 0.1322 -0.9912
vn -0.0000 -0.0712 -0.9975
vn -0.0000 0.0008 -1.0000
vt 0.787456 0.000000
vt 0.783972 0.000000
vt 0.797909 0.000000
vt 0.400697 0.000000
vt 0.397213 0.000000
vt 0.313589 0.000000
vt 0.794425 0.000000
vt 0.790941 0.000000
vt 0.087108 0.000000
vt 0.083624 0.000000
vt 0.080139 0.000000
vt 0.777003 0.000000
vt 0.773519 0.000000
vt 0.745645 0.000000
vt 0.742160 0.000000
vt 0.808362 0.000000
vt 0.052265 0.000000
vt 0.108014 0.000000
vt 0.055749 0.000000
vt 0.763066 0.000000
vt 0.759582 0.000000
vt 0.766551 0.000000
vt 0.770035 0.000000
vt 0.756098 0.000000
vt 0.752613 0.000000
vt 0.749129 0.000000
vt 0.804878 0.000000
vt 0.801394 0.000000
vt 0.738676 0.000000
vt 0.822300 0.000000
vt 0.818815 0.000000
vt 0.815331 0.000000
vt 0.811847 0.000000
vt 0.066202 0.000000
vt 0.097561 0.000000
vt 0.069686 0.000000
vt 0.881533 0.000000
vt 0.609756 0.000000
vt 0.606272 0.000000
vt 0.337979 0.000000
vt 0.390244 0.000000
vt 0.386760 0.000000
vt 0.000000 0.000000
vt 0.310105 0.000000
vt 0.306620 0.000000
vt 0.675958 0.000000
vt 0.672474 0.000000
vt 0.700348 0.000000
vt 0.735192 0.000000
vt 0.829268 0.000000
vt 0.912892 0.000000
vt 0.909408 0.000000
vt 0.543554 0.000000
vt 0.836237 0.000000
vt 0.832753 0.000000
vt 0.041812 0.000000
vt 0.006969 0.000000
vt 0.003484 0.000000
vt 0.898955 0.000000
vt 0.895470 0.000000
vt 0.588850 0.000000
vt 0.585366 0.000000
vt 0.658537 0.000000
vt 0.710801 0.000000
vt 0.662021 0.000000
vt 0.651568 0.000000
vt 0.714286 0.000000
vt 0.655052 0.000000
vt 0.257840 0.000000
vt 0.188153 0.000000
vt 0.184669 0.000000
vt 0.958188 0.000000
vt 0.954704 0.000000
vt 0.505226 0.000000
vt 0.728223 0.000000
vt 0.616725 0.000000
vt 0.864111 0.000000
vt 0.254355 0.000000
vt 0.724739 0.000000
vt 0.216028 0.000000
vt 0.212544 0.000000
vt 0.226481 0.000000
vt 0.665505 0.000000
vt 0.721254 0.000000
vt 0.620209 0.000000
vt 0.320558 0.000000
vt 0.317073 0.000000
vt 0.885017 0.000000
vt 0.602787 0.000000
vt 0.731707 0.000000
vt 0.839721 0.000000
vt 0.707317 0.000000
vt 0.703833 0.000000
vt 0.668990 0.000000
vt 0.331010 0.000000
vt 0.327526 0.000000
vt 0.205575 0.000000
vt 0.243902 0.000000
vt 0.240418 0.000000
vt 0.177700 0.000000
vt 0.167247 0.000000
vt 0.181185 0.000000
vt 0.878049 0.000000
vt 0.780488 0.000000
vt 0.202091 0.000000
vt 0.250871 0.000000
vt 0.247387 0.000000
vt 1.000000 0.000000
vt 0.125436 0.000000
vt 0.121951 0.000000
vt 0.693380 0.000000
vt 0.689895 0.000000
vt 0.682927 0.000000
vt 0.623693 0.000000
vt 0.825784 0.000000
vt 0.979094 0.000000
vt 0.463415 0.000000
vt 0.459930 0.000000
vt 0.024390 0.000000
vt 0.020906 0.000000
vt 0.027875 0.000000
vt 0.404181 0.000000
vt 0.296167 0.000000
vt 0.292683 0.000000
vt 0.630662 0.000000
vt 0.717770 0.000000
vt 0.634146 0.000000
vt 0.905923 0.000000
vt 0.554007 0.000000
vt 0.550523 0.000000
vt 0.637631 0.000000
vt 0.644599 0.000000
vt 0.641115 0.000000
vt 0.648084 0.000000
vt 0.334495 0.000000
vt 0.393728 0.000000
vt 0.299652 0.000000
vt 0.696864 0.000000
vt 0.686411 0.000000
vt 0.679443 0.000000
vt 0.348432 0.000000
vt 0.372822 0.000000
vt 0.369338 0.000000
vt 0.383275 0.000000
vt 0.379791 0.000000
vt 0.341463 0.000000
vt 0.595819 0.000000
vt 0.592335 0.000000
vt 0.846690 0.000000
vt 0.843206 0.000000
vt 0.860627 0.000000
vt 0.857143 0.000000
vt 0.613240 0.000000
vt 0.902439 0.000000
vt 0.581882 0.000000
vt 0.578397 0.000000
vt 0.344948 0.000000
vt 0.376307 0.000000
vt 0.853659 0.000000
vt 0.104530 0.000000
vt 0.059233 0.000000
vt 0.094077 0.000000
vt 0.567944 0.000000
vt 0.564460 0.000000
vt 0.867596 0.000000
vt 0.560976 0.000000
vt 0.557491 0.000000
vt 0.031359 0.000000
vt 0.547038 0.000000
vt 0.540070 0.000000
vt 0.303136 0.000000
vt 0.916376 0.000000
vt 0.536585 0.000000
vt 0.919861 0.000000
vt 0.923345 0.000000
vt 0.533101 0.000000
vt 0.926829 0.000000
vt 0.529617 0.000000
vt 0.930314 0.000000
vt 0.526132 0.000000
vt 0.933798 0.000000
vt 0.522648 0.000000
vt 0.937282 0.000000
vt 0.519164 0.000000
vt 0.940767 0.000000
vt 0.515679 0.000000
vt 0.944251 0.000000
vt 0.512195 0.000000
vt 0.947735 0.000000
vt 0.508711 0.000000
vt 0.951219 0.000000
vt 0.501742 0.000000
vt 0.850174 0.000000
vt 0.961672 0.000000
vt 0.498258 0.000000
vt 0.965157 0.000000
vt 0.494774 0.000000
vt 0.968641 0.000000
vt 0.491289 0.000000
vt 0.972125 0.000000
vt 0.487805 0.000000
vt 0.484321 0.000000
vt 0.996516 0.000000
vt 0.142857 0.000000
vt 0.139373 0.000000
vt 0.480836 0.000000
vt 0.975610 0.000000
vt 0.477352 0.000000
vt 0.473868 0.000000
vt 0.470383 0.000000
vt 0.466899 0.000000
vt 0.456446 0.000000
vt 0.982578 0.000000
vt 0.452962 0.000000
vt 0.449477 0.000000
vt 0.445993 0.000000
vt 0.442509 0.000000
vt 0.324042 0.000000
vt 0.358885 0.000000
vt 0.355401 0.000000
vt 0.362369 0.000000
vt 0.351916 0.000000
vt 0.439024 0.000000
vt 0.365854 0.000000
vt 0.418118 0.000000
vt 0.414634 0.000000
vt 0.285714 0.000000
vt 0.198606 0.000000
vt 0.048780 0.000000
vt 0.045296 0.000000
vt 0.435540 0.000000
vt 0.986063 0.000000
vt 0.888502 0.000000
vt 0.407665 0.000000
vt 0.289199 0.000000
vt 0.432056 0.000000
vt 0.891986 0.000000
vt 0.599303 0.000000
vt 0.428571 0.000000
vt 0.425087 0.000000
vt 0.264808 0.000000
vt 0.128920 0.000000
vt 0.571429 0.000000
vt 0.101045 0.000000
vt 0.062718 0.000000
vt 0.010453 0.000000
vt 0.038328 0.000000
vt 0.013937 0.000000
vt 0.191638 0.000000
vt 0.421603 0.000000
vt 0.278746 0.000000
vt 0.275261 0.000000
vt 0.282230 0.000000
vt 0.574913 0.000000
vt 0.271777 0.000000
vt 0.268293 0.000000
vt 0.627178 0.000000
vt 0.261324 0.000000
vt 0.874564 0.000000
vt 0.871080 0.000000
vt 0.222997 0.000000
vt 0.219512 0.000000
vt 0.090592 0.000000
vt 0.073171 0.000000
vt 0.195122 0.000000
vt 0.209059 0.000000
vt 0.236934 0.000000
vt 0.233449 0.000000
vt 0.229965 0.000000
vt 0.132404 0.000000
vt 0.017422 0.000000
vt 0.034843 0.000000
vt 0.118467 0.000000
vt 0.174216 0.000000
vt 0.170732 0.000000
vt 0.163763 0.000000
vt 0.989547 0.000000
vt 0.160279 0.000000
vt 0.156794 0.000000
vt 0.993031 0.000000
vt 0.153310 0.000000
vt 0.149826 0.000000
vt 0.146341 0.000000
vt 0.135889 0.000000
vt 0.114983 0.000000
vt 0.111498 0.000000
vt 0.411150 0.000000
vt 0.076655 0.000000
s 0
g Arche_L_corner_SVGMat
usemtl SVGMat
f 227/1/1 226/2/1 230/3/1
f 116/4/2 115/5/2 91/6/2
f 229/7/3 228/8/3 230/3/3
f 26/9/4 25/10/4 24/11/4
f 228/8/5 227/1/5 230/3/5
f 224/12/2 223/13/2 230/3/2
f 215/14/2 214/15/2 233/16/2
f 16/17/2 32/18/2 17/19/2
f 220/20/2 219/21/2 230/3/2
f 221/22/6 220/20/6 230/3/6
f 223/13/2 222/23/2 230/3/2
f 219/21/2 218/24/2 230/3/2
f 218/24/7 217/25/7 230/3/7
f 230/3/8 217/25/8 216/26/8
f 232/27/2 231/28/2 216/26/2
f 232/27/2 216/26/2 215/14/2
f 213/29/2 237/30/2 236/31/2
f 233/16/2 232/27/2 215/14/2
f 214/15/2 235/32/2 234/33/2
f 20/34/9 29/35/9 21/36/9
f 254/37/2 176/38/2 175/39/2
f 236/31/2 235/32/2 214/15/2
f 98/40/2 113/41/2 112/42/2
f 32/18/2 16/17/2 1/43/2
f 116/4/2 90/44/2 89/45/2
f 195/46/2 194/47/2 202/48/2
f 213/29/2 212/49/2 239/50/2
f 263/51/2 262/52/2 157/53/2
f 212/49/2 241/54/2 240/55/2
f 13/56/5 3/57/5 2/58/5
f 259/59/2 258/60/2 170/61/2
f 231/28/3 230/3/3 216/26/3
f 259/59/2 170/61/2 169/62/2
f 190/63/2 205/64/2 191/65/2
f 188/66/2 206/67/2 189/68/2
f 75/69/10 55/70/10 54/71/10
f 214/15/2 234/33/2 233/16/2
f 276/72/2 275/73/2 146/74/2
f 210/75/2 178/76/2 249/77/2
f 75/69/2 74/78/2 55/70/2
f 209/79/2 178/76/2 210/75/2
f 63/80/7 62/81/7 66/82/7
f 191/65/2 205/64/2 192/83/2
f 208/84/2 179/85/2 209/79/2
f 214/15/2 213/29/2 236/31/2
f 115/5/2 93/86/2 92/87/2
f 255/88/2 175/39/2 174/89/2
f 212/49/2 211/90/2 242/91/2
f 204/92/2 203/93/2 193/94/2
f 115/5/2 96/95/2 95/96/2
f 60/97/2 71/98/2 70/99/2
f 52/100/2 49/101/2 53/102/2
f 176/38/2 254/37/2 253/103/2
f 225/104/2 224/12/2 230/3/2
f 59/105/11 73/106/11 72/107/11
f 288/108/2 37/109/2 36/110/2
f 200/111/2 199/112/2 197/113/2
f 179/85/2 208/84/2 180/114/2
f 213/29/2 238/115/2 237/30/2
f 282/116/8 134/117/8 133/118/8
f 8/119/2 7/120/2 9/121/2
f 117/122/3 86/123/3 85/124/3
f 193/94/3 203/93/3 194/47/3
f 182/125/11 207/126/11 183/127/11
f 261/128/2 160/129/2 159/130/2
f 184/131/2 183/127/2 206/67/2
f 186/132/2 185/133/2 206/67/2
f 185/133/2 184/131/2 206/67/2
f 187/134/2 186/132/2 206/67/2
f 97/135/2 96/95/2 114/136/2
f 117/122/2 87/137/2 86/123/2
f 212/49/2 242/91/2 241/54/2
f 201/138/2 195/46/2 202/48/2
f 255/88/2 254/37/2 175/39/2
f 115/5/2 92/87/2 91/6/2
f 199/112/7 198/139/7 197/113/7
f 200/111/1 196/140/1 201/138/1
f 101/141/8 108/142/8 107/143/8
f 111/144/2 110/145/2 99/146/2
f 258/60/2 172/147/2 171/148/2
f 211/90/2 244/149/2 243/150/2
f 210/75/2 248/151/2 247/152/2
f 178/76/2 177/153/2 249/77/2
f 207/126/2 206/67/2 183/127/2
f 177/153/2 176/38/2 253/103/2
f 222/23/2 221/22/2 230/3/2
f 260/154/2 168/155/2 167/156/2
f 100/157/3 109/158/3 108/142/3
f 210/75/2 247/152/2 246/159/2
f 260/154/2 259/59/2 169/62/2
f 169/62/2 168/155/2 260/154/2
f 17/19/2 31/160/2 18/161/2
f 29/35/2 28/162/2 21/36/2
f 203/93/2 202/48/2 194/47/2
f 260/154/2 164/163/2 163/164/2
f 177/153/2 250/165/2 249/77/2
f 261/128/2 260/154/2 163/164/2
f 162/166/2 261/128/2 163/164/2
f 161/167/2 261/128/2 162/166/2
f 161/167/2 160/129/2 261/128/2
f 112/42/2 111/144/2 99/146/2
f 7/120/2 10/168/2 9/121/2
f 262/52/2 261/128/2 158/169/2
f 157/53/2 262/52/2 158/169/2
f 156/170/2 263/51/2 157/53/2
f 117/122/2 116/4/2 88/171/2
f 156/170/2 264/172/2 263/51/2
f 155/173/2 264/172/2 156/170/2
f 155/173/2 265/174/2 264/172/2
f 155/173/2 266/175/2 265/174/2
f 154/176/2 266/175/2 155/173/2
f 154/176/2 267/177/2 266/175/2
f 153/178/2 267/177/2 154/176/2
f 153/178/2 268/179/2 267/177/2
f 152/180/2 268/179/2 153/178/2
f 152/180/2 269/181/2 268/179/2
f 151/182/2 269/181/2 152/180/2
f 151/182/2 270/183/2 269/181/2
f 150/184/2 270/183/2 151/182/2
f 150/184/2 271/185/2 270/183/2
f 149/186/2 271/185/2 150/184/2
f 149/186/2 272/187/2 271/185/2
f 148/188/2 272/187/2 149/186/2
f 148/188/2 273/189/2 272/187/2
f 147/190/2 273/189/2 148/188/2
f 147/190/2 274/191/2 273/189/2
f 146/74/2 274/191/2 147/190/2
f 146/74/2 275/73/2 274/191/2
f 145/192/2 276/72/2 146/74/2
f 210/75/2 246/159/2 245/193/2
f 145/192/2 277/194/2 276/72/2
f 144/195/2 277/194/2 145/192/2
f 144/195/2 278/196/2 277/194/2
f 143/197/2 278/196/2 144/195/2
f 143/197/2 279/198/2 278/196/2
f 142/199/2 279/198/2 143/197/2
f 142/199/2 280/200/2 279/198/2
f 141/201/2 280/200/2 142/199/2
f 141/201/2 140/202/2 280/200/2
f 287/203/2 42/204/2 41/205/2
f 139/206/2 281/207/2 140/202/2
f 139/206/2 138/208/2 281/207/2
f 117/122/2 88/171/2 87/137/2
f 137/209/2 282/116/2 138/208/2
f 136/210/2 282/116/2 137/209/2
f 136/210/2 135/211/2 282/116/2
f 138/208/2 282/116/2 281/207/2
f 282/116/2 133/118/2 132/212/2
f 213/29/2 239/50/2 238/115/2
f 283/213/2 282/116/2 132/212/2
f 131/214/2 283/213/2 132/212/2
f 130/215/2 283/213/2 131/214/2
f 129/216/2 283/213/2 130/215/2
f 128/217/2 283/213/2 129/216/2
f 115/5/2 94/218/2 93/86/2
f 104/219/2 103/220/2 105/221/2
f 109/158/2 100/157/2 99/146/2
f 102/222/2 101/141/2 107/143/2
f 127/223/2 283/213/2 128/217/2
f 49/101/2 75/69/2 54/71/2
f 102/222/2 106/224/2 103/220/2
f 32/18/8 31/160/8 17/19/8
f 121/225/2 120/226/2 83/227/2
f 98/40/8 97/135/8 113/41/8
f 73/106/12 59/105/12 58/228/12
f 99/146/3 98/40/3 112/42/3
f 210/75/2 249/77/2 248/151/2
f 15/229/2 14/230/2 1/43/2
f 126/231/2 284/232/2 127/223/2
f 258/60/2 171/148/2 170/61/2
f 256/233/2 255/88/2 174/89/2
f 118/234/2 85/124/2 84/235/2
f 116/4/2 89/45/2 88/171/2
f 211/90/2 210/75/2 245/193/2
f 125/236/2 284/232/2 126/231/2
f 257/237/2 256/233/2 173/238/2
f 189/68/2 205/64/2 190/63/2
f 124/239/2 284/232/2 125/236/2
f 211/90/2 245/193/2 244/149/2
f 123/240/2 77/241/2 124/239/2
f 288/108/3 38/242/3 37/109/3
f 260/154/2 165/243/2 164/163/2
f 284/232/2 283/213/2 127/223/2
f 256/233/2 174/89/2 173/238/2
f 18/161/2 30/244/2 19/245/2
f 13/56/3 4/246/3 3/57/3
f 196/140/2 195/46/2 201/138/2
f 12/247/13 5/248/13 4/246/13
f 13/56/2 12/247/2 4/246/2
f 74/78/14 56/249/14 55/70/14
f 115/5/2 95/96/2 94/218/2
f 103/220/2 106/224/2 105/221/2
f 60/97/2 59/105/2 71/98/2
f 179/85/2 178/76/2 209/79/2
f 122/250/2 81/251/2 80/252/2
f 122/250/2 121/225/2 82/253/2
f 122/250/2 82/253/2 81/251/2
f 260/154/2 167/156/2 166/254/2
f 212/49/2 240/55/2 239/50/2
f 123/240/2 122/250/2 80/252/2
f 123/240/2 80/252/2 79/255/2
f 123/240/2 79/255/2 78/256/2
f 123/240/2 78/256/2 77/241/2
f 181/257/2 180/114/2 207/126/2
f 284/232/2 76/258/2 75/69/2
f 284/232/2 124/239/2 76/258/2
f 177/153/2 252/259/2 251/260/2
f 121/225/2 83/227/2 82/253/2
f 284/232/2 75/69/2 49/101/2
f 65/261/2 64/262/2 63/80/2
f 28/162/2 27/263/2 22/264/2
f 74/78/7 57/265/7 56/249/7
f 61/266/2 60/97/2 70/99/2
f 69/267/2 61/266/2 70/99/2
f 68/268/2 61/266/2 69/267/2
f 67/269/9 61/266/9 68/268/9
f 66/82/2 62/81/2 67/269/2
f 65/261/12 63/80/12 66/82/12
f 205/64/8 204/92/8 192/83/8
f 97/135/3 114/136/3 113/41/3
f 261/128/2 159/130/2 158/169/2
f 30/244/2 29/35/2 19/245/2
f 288/108/2 39/270/2 38/242/2
f 96/95/2 115/5/2 114/136/2
f 6/271/13 11/272/13 10/168/13
f 110/145/15 109/158/15 99/146/15
f 288/108/3 36/110/3 35/273/3
f 177/153/2 253/103/2 252/259/2
f 51/274/16 49/101/16 52/100/16
f 50/275/2 49/101/2 51/274/2
f 53/102/17 49/101/17 54/71/17
f 284/232/2 49/101/2 48/276/2
f 177/153/2 251/260/2 250/165/2
f 285/277/2 284/232/2 48/276/2
f 285/277/2 48/276/2 47/278/2
f 285/277/2 47/278/2 46/279/2
f 211/90/2 243/150/2 242/91/2
f 286/280/2 285/277/2 46/279/2
f 46/279/2 45/281/2 286/280/2
f 282/116/2 135/211/2 134/117/2
f 287/203/2 286/280/2 44/282/2
f 43/283/2 287/203/2 44/282/2
f 43/283/2 42/204/2 287/203/2
f 286/280/2 45/281/2 44/282/2
f 288/108/2 287/203/2 41/205/2
f 40/284/2 288/108/2 41/205/2
f 40/284/2 39/270/2 288/108/2
f 206/67/2 205/64/2 189/68/2
f 260/154/2 166/254/2 165/243/2
f 124/239/2 77/241/2 76/258/2
f 101/141/2 100/157/2 108/142/2
f 1/43/2 288/108/2 35/273/2
f 34/285/2 1/43/2 35/273/2
f 33/286/2 1/43/2 34/285/2
f 32/18/2 1/43/2 33/286/2
f 119/287/2 118/234/2 84/235/2
f 59/105/1 72/107/1 71/98/1
f 208/84/2 207/126/2 180/114/2
f 257/237/2 173/238/2 172/147/2
f 14/230/3 2/58/3 1/43/3
f 5/248/2 12/247/2 11/272/2
f 14/230/2 13/56/2 2/58/2
f 16/17/2 15/229/2 1/43/2
f 74/78/7 58/228/7 57/265/7
f 26/9/2 23/288/2 27/263/2
f 118/234/8 117/122/8 85/124/8
f 120/226/2 119/287/2 84/235/2
f 26/9/9 24/11/9 23/288/9
f 31/160/13 30/244/13 18/161/13
f 21/36/2 28/162/2 22/264/2
f 74/78/2 73/106/2 58/228/2
f 27/263/18 23/288/18 22/264/18
f 116/4/2 91/6/2 90/44/2
f 258/60/2 257/237/2 172/147/2
f 7/120/19 6/271/19 10/168/19
f 182/125/2 181/257/2 207/126/2
f 62/81/6 61/266/6 67/269/6
f 226/2/2 225/104/2 230/3/2
f 102/222/3 107/143/3 106/224/3
f 192/83/2 204/92/2 193/94/2
f 6/271/2 5/248/2 11/272/2
f 196/140/2 200/111/2 197/113/2
f 188/66/2 187/134/2 206/67/2
f 120/226/2 84/235/2 83/227/2
f 19/245/2 29/35/2 20/34/2
f 140/202/2 281/207/2 280/200/2
f 463/39/20 751/39/20 750/89/20 462/89/20
f 568/200/21 856/200/21 855/198/21 567/198/21
f 455/156/22 743/156/22 742/254/22 454/254/22
f 289/43/23 577/43/23 864/108/23 576/108/23
f 570/116/24 858/116/24 857/207/24 569/207/24
f 447/130/25 735/130/25 734/169/25 446/169/25
f 305/19/26 593/19/26 592/17/26 304/17/26
f 484/140/27 772/140/27 771/46/27 483/46/27
f 560/187/28 848/187/28 847/185/28 559/185/28
f 476/66/29 764/66/29 763/134/29 475/134/29
f 439/182/30 727/182/30 726/184/30 438/184/30
f 468/114/31 756/114/31 755/85/31 467/85/31
f 460/147/32 748/147/32 747/148/32 459/148/32
f 567/198/21 855/198/21 854/196/21 566/196/21
f 431/197/33 719/197/33 718/199/33 430/199/33
f 452/163/34 740/163/34 739/164/34 451/164/34
f 310/264/35 598/264/35 597/36/35 309/36/35
f 423/211/33 711/211/33 710/117/33 422/117/33
f 552/172/36 840/172/36 839/51/36 551/51/36
f 562/191/28 850/191/28 849/189/28 561/189/28
f 292/246/37 580/246/37 579/57/37 291/57/37
f 389/141/38 677/141/38 676/157/38 388/157/38
f 415/223/39 703/223/39 702/231/39 414/231/39
f 444/170/40 732/170/40 731/173/40 443/173/40
f 299/272/41 587/272/41 586/168/41 298/168/41
f 551/51/42 839/51/42 838/52/42 550/52/42
f 575/203/43 863/203/43 862/280/43 574/280/43
f 554/175/28 842/175/28 841/174/28 553/174/28
f 436/188/44 724/188/44 723/190/44 435/190/44
f 407/287/45 695/287/45 694/234/45 406/234/45
f 428/202/33 716/202/33 715/206/33 427/206/33
f 536/151/46 824/151/46 823/152/46 535/152/46
f 420/212/47 708/212/47 707/214/47 419/214/47
f 319/160/48 607/160/48 606/244/48 318/244/48
f 541/103/49 829/103/49 828/259/49 540/259/49
f 546/60/50 834/60/50 833/237/50 545/237/50
f 412/239/51 700/239/51 699/240/51 411/240/51
f 399/144/52 687/144/52 686/145/52 398/145/52
f 520/27/53 808/27/53 807/28/53 519/28/53
f 391/220/54 679/220/54 678/222/54 390/222/54
f 512/12/55 800/12/55 799/13/55 511/13/55
f 538/165/56 826/165/56 825/77/56 537/77/56
f 396/142/57 684/142/57 683/143/57 395/143/57
f 329/205/58 617/205/58 616/284/58 328/284/58
f 504/26/59 792/26/59 791/14/59 503/14/59
f 388/157/60 676/157/60 675/146/60 387/146/60
f 525/30/61 813/30/61 812/31/61 524/31/61
f 383/96/62 671/96/62 670/218/62 382/218/62
f 496/84/63 784/84/63 783/126/63 495/126/63
f 530/91/64 818/91/64 817/54/64 529/54/64
f 375/137/65 663/137/65 662/123/65 374/123/65
f 367/255/66 655/255/66 654/256/66 366/256/66
f 380/87/67 668/87/67 667/6/67 379/6/67
f 359/98/68 647/98/68 646/99/68 358/99/68
f 522/33/69 810/33/69 809/16/69 521/16/69
f 372/235/70 660/235/70 659/227/70 371/227/70
f 517/7/71 805/7/71 804/8/71 516/8/71
f 351/80/72 639/80/72 638/81/72 350/81/72
f 480/83/73 768/83/73 767/65/73 479/65/73
f 514/2/74 802/2/74 801/104/74 513/104/74
f 364/258/75 652/258/75 651/69/75 363/69/75
f 343/70/76 631/70/76 630/71/76 342/71/76
f 472/131/77 760/131/77 759/127/77 471/127/77
f 563/73/28 851/73/28 850/191/28 562/191/28
f 356/268/78 644/268/78 643/269/78 355/269/78
f 509/22/79 797/22/79 796/20/79 508/20/79
f 335/278/80 623/278/80 622/279/80 334/279/80
f 464/38/81 752/38/81 751/39/81 463/39/81
f 506/24/82 794/24/82 793/25/82 505/25/82
f 348/97/83 636/97/83 635/105/83 347/105/83
f 501/29/84 789/29/84 788/49/84 500/49/84
f 327/270/85 615/270/85 614/242/85 326/242/85
f 306/161/86 594/161/86 593/19/86 305/19/86
f 490/48/87 778/48/87 777/138/87 489/138/87
f 493/64/88 781/64/88 780/92/88 492/92/88
f 498/75/89 786/75/89 785/79/89 497/79/89
f 340/100/90 628/100/90 627/274/90 339/274/90
f 456/155/91 744/155/91 743/156/91 455/156/91
f 332/282/92 620/282/92 619/283/92 331/283/92
f 574/280/93 862/280/93 861/277/93 573/277/93
f 448/129/94 736/129/94 735/130/94 447/130/94
f 528/55/95 816/55/95 815/50/95 527/50/95
f 440/180/96 728/180/96 727/182/96 439/182/96
f 485/113/97 773/113/97 772/140/97 484/140/97
f 432/195/33 720/195/33 719/197/33 431/197/33
f 324/110/98 612/110/98 611/273/98 323/273/98
f 424/210/33 712/210/33 711/211/33 423/211/33
f 482/47/99 770/47/99 769/94/99 481/94/99
f 477/68/100 765/68/100 764/66/100 476/66/100
f 416/217/101 704/217/101 703/223/101 415/223/101
f 474/132/100 762/132/100 761/133/100 473/133/100
f 573/277/102 861/277/102 860/232/102 572/232/102
f 408/226/103 696/226/103 695/287/103 407/287/103
f 466/76/104 754/76/104 753/153/104 465/153/104
f 469/257/105 757/257/105 756/114/105 468/114/105
f 461/238/106 749/238/106 748/147/106 460/147/106
f 458/61/107 746/61/107 745/62/107 457/62/107
f 453/243/108 741/243/108 740/163/108 452/163/108
f 566/196/24 854/196/24 853/194/24 565/194/24
f 311/288/109 599/288/109 598/264/109 310/264/109
f 400/42/110 688/42/110 687/144/110 399/144/110
f 291/57/111 579/57/111 578/58/111 290/58/111
f 450/166/112 738/166/112 737/167/112 449/167/112
f 565/194/28 853/194/28 852/72/28 564/72/28
f 445/53/113 733/53/113 732/170/113 444/170/113
f 308/34/114 596/34/114 595/245/114 307/245/114
f 331/283/115 619/283/115 618/204/115 330/204/115
f 392/219/116 680/219/116 679/220/116 391/220/116
f 442/176/117 730/176/117 729/178/117 441/178/117
f 437/186/118 725/186/118 724/188/118 436/188/118
f 558/183/28 846/183/28 845/181/28 557/181/28
f 384/95/119 672/95/119 671/96/119 383/96/119
f 434/74/33 722/74/33 721/192/33 433/192/33
f 429/201/33 717/201/33 716/202/33 428/202/33
f 295/120/120 583/120/120 582/271/120 294/271/120
f 553/174/121 841/174/121 840/172/121 552/172/121
f 426/208/33 714/208/33 713/209/33 425/209/33
f 421/118/122 709/118/122 708/212/122 420/212/122
f 550/52/123 838/52/123 837/128/123 549/128/123
f 376/171/124 664/171/124 663/137/124 375/137/124
f 418/215/125 706/215/125 705/216/125 417/216/125
f 557/181/28 845/181/28 844/179/28 556/179/28
f 413/236/126 701/236/126 700/239/126 412/239/126
f 300/247/127 588/247/127 587/272/127 299/272/127
f 368/252/128 656/252/128 655/255/128 367/255/128
f 410/250/129 698/250/129 697/225/129 409/225/129
f 537/77/130 825/77/130 824/151/130 536/151/130
f 315/263/131 603/263/131 602/9/131 314/9/131
f 555/177/28 843/177/28 842/175/28 554/175/28
f 529/54/132 817/54/132 816/55/132 528/55/132
f 360/107/133 648/107/133 647/98/133 359/98/133
f 402/136/134 690/136/134 689/41/134 401/41/134
f 542/37/135 830/37/135 829/103/135 541/103/135
f 298/168/136 586/168/136 585/121/136 297/121/136
f 549/128/137 837/128/137 836/154/137 548/154/137
f 534/159/138 822/159/138 821/193/138 533/193/138
f 352/262/139 640/262/139 639/80/139 351/80/139
f 405/122/140 693/122/140 692/4/140 404/4/140
f 344/249/141 632/249/141 631/70/141 343/70/141
f 397/158/142 685/158/142 684/142/142 396/142/142
f 394/224/143 682/224/143 681/221/143 393/221/143
f 533/193/144 821/193/144 820/149/144 532/149/144
f 336/276/145 624/276/145 623/278/145 335/278/145
f 317/35/146 605/35/146 604/162/146 316/162/146
f 521/16/147 809/16/147 808/27/147 520/27/147
f 297/121/148 585/121/148 584/119/148 296/119/148
f 526/115/149 814/115/149 813/30/149 525/30/149
f 328/284/150 616/284/150 615/270/150 327/270/150
f 513/104/151 801/104/151 800/12/151 512/12/151
f 381/86/152 669/86/152 668/87/152 380/87/152
f 505/25/89 793/25/89 792/26/89 504/26/89
f 531/150/153 819/150/153 818/91/153 530/91/153
f 386/40/154 674/40/154 673/135/154 385/135/154
f 404/4/155 692/4/155 691/5/155 403/5/155
f 406/234/156 694/234/156 693/122/156 405/122/156
f 316/162/157 604/162/157 603/263/157 315/263/157
f 572/232/158 860/232/158 859/213/158 571/213/158
f 497/79/159 785/79/159 784/84/159 496/84/159
f 373/124/160 661/124/160 660/235/160 372/235/160
f 518/3/161 806/3/161 805/7/161 517/7/161
f 378/44/162 666/44/162 665/45/162 377/45/162
f 523/32/163 811/32/163 810/33/163 522/33/163
f 365/241/164 653/241/164 652/258/164 364/258/164
f 510/23/165 798/23/165 797/22/165 509/22/165
f 370/253/166 658/253/166 657/251/166 369/251/166
f 515/1/167 803/1/167 802/2/167 514/2/167
f 502/15/84 790/15/84 789/29/84 501/29/84
f 489/138/168 777/138/168 776/111/168 488/111/168
f 507/21/169 795/21/169 794/24/169 506/24/169
f 357/267/170 645/267/170 644/268/170 356/268/170
f 494/67/171 782/67/171 781/64/171 493/64/171
f 362/78/172 650/78/172 649/106/172 361/106/172
f 499/90/173 787/90/173 786/75/173 498/75/173
f 318/244/174 606/244/174 605/35/174 317/35/174
f 569/207/24 857/207/24 856/200/24 568/200/24
f 354/82/175 642/82/175 641/261/175 353/261/175
f 481/94/176 769/94/176 768/83/176 480/83/176
f 349/266/177 637/266/177 636/97/177 348/97/177
f 312/11/178 600/11/178 599/288/178 311/288/178
f 346/228/179 634/228/179 633/265/179 345/265/179
f 473/133/180 761/133/180 760/131/180 472/131/180
f 491/93/181 779/93/181 778/48/181 490/48/181
f 338/275/182 626/275/182 625/101/182 337/101/182
f 465/153/183 753/153/183 752/38/183 464/38/183
f 341/102/184 629/102/184 628/100/184 340/100/184
f 486/139/185 774/139/185 773/113/185 485/113/185
f 330/204/186 618/204/186 617/205/186 329/205/186
f 457/62/187 745/62/187 744/155/187 456/155/187
f 333/281/188 621/281/188 620/282/188 332/282/188
f 449/167/189 737/167/189 736/129/189 448/129/189
f 325/109/190 613/109/190 612/110/190 324/110/190
f 478/63/191 766/63/191 765/68/191 477/68/191
f 561/189/28 849/189/28 848/187/28 560/187/28
f 470/125/192 758/125/192 757/257/192 469/257/192
f 304/17/193 592/17/193 591/229/193 303/229/193
f 441/178/63 729/178/63 728/180/63 440/180/63
f 483/46/194 771/46/194 770/47/194 482/47/194
f 462/89/195 750/89/195 749/238/195 461/238/195
f 475/134/196 763/134/196 762/132/196 474/132/196
f 559/185/28 847/185/28 846/183/28 558/183/28
f 433/192/33 721/192/33 720/195/33 432/195/33
f 539/260/197 827/260/197 826/165/197 538/165/197
f 454/254/198 742/254/198 741/243/198 453/243/198
f 467/85/199 755/85/199 754/76/199 466/76/199
f 320/18/200 608/18/200 607/160/200 319/160/200
f 303/229/201 591/229/201 590/230/201 302/230/201
f 296/119/202 584/119/202 583/120/202 295/120/202
f 425/209/33 713/209/33 712/210/33 424/210/33
f 459/148/203 747/148/203 746/61/203 458/61/203
f 302/230/204 590/230/204 589/56/204 301/56/204
f 417/216/205 705/216/205 704/217/205 416/217/205
f 322/285/206 610/285/206 609/286/206 321/286/206
f 446/169/70 734/169/70 733/53/70 445/53/70
f 438/184/159 726/184/159 725/186/159 437/186/159
f 409/225/207 697/225/207 696/226/207 408/226/207
f 451/164/208 739/164/208 738/166/208 450/166/208
f 309/36/209 597/36/209 596/34/209 308/34/209
f 430/199/33 718/199/33 717/201/33 429/201/33
f 545/237/210 833/237/210 832/233/210 544/233/210
f 401/41/211 689/41/211 688/42/211 400/42/211
f 443/173/212 731/173/212 730/176/212 442/176/212
f 564/72/28 852/72/28 851/73/28 563/73/28
f 422/117/33 710/117/33 709/118/33 421/118/33
f 435/190/44 723/190/44 722/74/44 434/74/44
f 543/88/213 831/88/213 830/37/213 542/37/213
f 414/231/214 702/231/214 701/236/214 413/236/214
f 535/152/215 823/152/215 822/159/215 534/159/215
f 488/111/216 776/111/216 775/112/216 487/112/216
f 427/206/33 715/206/33 714/208/33 426/208/33
f 301/56/217 589/56/217 588/247/217 300/247/217
f 393/221/218 681/221/218 680/219/218 392/219/218
f 419/214/219 707/214/219 706/215/219 418/215/219
f 556/179/28 844/179/28 843/177/28 555/177/28
f 385/135/220 673/135/220 672/95/220 384/95/220
f 411/240/221 699/240/221 698/250/221 410/250/221
f 377/45/222 665/45/222 664/171/222 376/171/222
f 403/5/223 691/5/223 690/136/223 402/136/223
f 398/145/224 686/145/224 685/158/224 397/158/224
f 369/251/225 657/251/225 656/252/225 368/252/225
f 527/50/226 815/50/226 814/115/226 526/115/226
f 361/106/227 649/106/227 648/107/227 360/107/227
f 395/143/228 683/143/228 682/224/228 394/224/228
f 390/222/229 678/222/229 677/141/229 389/141/229
f 353/261/230 641/261/230 640/262/230 352/262/230
f 387/146/231 675/146/231 674/40/231 386/40/231
f 548/154/102 836/154/102 835/59/102 547/59/102
f 379/6/232 667/6/232 666/44/232 378/44/232
f 544/233/233 832/233/233 831/88/233 543/88/233
f 382/218/234 670/218/234 669/86/234 381/86/234
f 547/59/235 835/59/235 834/60/235 546/60/235
f 345/265/236 633/265/236 632/249/236 344/249/236
f 371/227/237 659/227/237 658/253/237 370/253/237
f 540/259/238 828/259/238 827/260/238 539/260/238
f 374/123/239 662/123/239 661/124/239 373/124/239
f 337/101/240 625/101/240 624/276/240 336/276/240
f 363/69/241 651/69/241 650/78/241 362/78/241
f 492/92/242 780/92/242 779/93/242 491/93/242
f 293/248/243 581/248/243 580/246/243 292/246/243
f 571/213/244 859/213/244 858/116/244 570/116/244
f 366/256/245 654/256/245 653/241/245 365/241/245
f 519/28/246 807/28/246 806/3/246 518/3/246
f 290/58/247 578/58/247 577/43/247 289/43/247
f 355/269/248 643/269/248 642/82/248 354/82/248
f 358/99/249 646/99/249 645/267/249 357/267/249
f 307/245/250 595/245/250 594/161/250 306/161/250
f 314/9/251 602/9/251 601/10/251 313/10/251
f 350/81/252 638/81/252 637/266/252 349/266/252
f 511/13/253 799/13/253 798/23/253 510/23/253
f 347/105/254 635/105/254 634/228/254 346/228/254
f 532/149/255 820/149/255 819/150/255 531/150/255
f 294/271/256 582/271/256 581/248/256 293/248/256
f 503/14/257 791/14/257 790/15/257 502/15/257
f 321/286/258 609/286/258 608/18/258 320/18/258
f 524/31/259 812/31/259 811/32/259 523/32/259
f 342/71/260 630/71/260 629/102/260 341/102/260
f 495/126/40 783/126/40 782/67/40 494/67/40
f 576/108/261 864/108/261 863/203/261 575/203/261
f 339/274/262 627/274/262 626/275/262 338/275/262
f 313/10/263 601/10/263 600/11/263 312/11/263
f 323/273/264 611/273/264 610/285/264 322/285/264
f 516/8/265 804/8/265 803/1/265 515/1/265
f 334/279/266 622/279/266 621/281/266 333/281/266
f 487/112/267 775/112/267 774/139/267 486/139/267
f 508/20/268 796/20/268 795/21/268 507/21/268
f 326/242/269 614/242/269 613/109/269 325/109/269
f 479/65/270 767/65/270 766/63/270 478/63/270
f 80/252/271 368/252/271 367/255/271 79/255/271
f 12/247/127 300/247/127 299/272/127 11/272/127
f 125/236/272 413/236/272 412/239/272 124/239/272
f 269/181/28 557/181/28 556/179/28 268/179/28
f 130/215/273 418/215/273 417/216/273 129/216/273
f 88/171/274 376/171/274 375/137/274 87/137/274
f 262/52/123 550/52/123 549/128/123 261/128/123
f 133/118/275 421/118/275 420/212/275 132/212/275
f 138/208/33 426/208/33 425/209/33 137/209/33
f 265/174/121 553/174/121 552/172/121 264/172/121
f 7/120/276 295/120/276 294/271/276 6/271/276
f 141/201/33 429/201/33 428/202/33 140/202/33
f 146/74/33 434/74/33 433/192/33 145/192/33
f 96/95/277 384/95/277 383/96/277 95/96/277
f 270/183/28 558/183/28 557/181/28 269/181/28
f 149/186/118 437/186/118 436/188/118 148/188/118
f 154/176/117 442/176/117 441/178/117 153/178/117
f 104/219/116 392/219/116 391/220/116 103/220/116
f 43/283/278 331/283/278 330/204/278 42/204/278
f 20/34/114 308/34/114 307/245/114 19/245/114
f 157/53/113 445/53/113 444/170/113 156/170/113
f 277/194/28 565/194/28 564/72/28 276/72/28
f 162/166/279 450/166/279 449/167/279 161/167/279
f 3/57/111 291/57/111 290/58/111 2/58/111
f 112/42/280 400/42/280 399/144/280 111/144/280
f 23/288/109 311/288/109 310/264/109 22/264/109
f 278/196/24 566/196/24 565/194/24 277/194/24
f 165/243/281 453/243/281 452/163/281 164/163/281
f 170/61/107 458/61/107 457/62/107 169/62/107
f 173/238/282 461/238/282 460/147/282 172/147/282
f 181/257/105 469/257/105 468/114/105 180/114/105
f 178/76/104 466/76/104 465/153/104 177/153/104
f 120/226/103 408/226/103 407/287/103 119/287/103
f 285/277/102 573/277/102 572/232/102 284/232/102
f 186/132/100 474/132/100 473/133/100 185/133/100
f 128/217/283 416/217/283 415/223/283 127/223/283
f 189/68/284 477/68/284 476/66/284 188/66/284
f 194/47/99 482/47/99 481/94/99 193/94/99
f 136/210/33 424/210/33 423/211/33 135/211/33
f 36/110/98 324/110/98 323/273/98 35/273/98
f 144/195/33 432/195/33 431/197/33 143/197/33
f 197/113/97 485/113/97 484/140/97 196/140/97
f 152/180/285 440/180/285 439/182/285 151/182/285
f 240/55/95 528/55/95 527/50/95 239/50/95
f 160/129/286 448/129/286 447/130/286 159/130/286
f 286/280/93 574/280/93 573/277/93 285/277/93
f 44/282/92 332/282/92 331/283/92 43/283/92
f 168/155/287 456/155/287 455/156/287 167/156/287
f 52/100/288 340/100/288 339/274/288 51/274/288
f 210/75/289 498/75/289 497/79/289 209/79/289
f 205/64/88 493/64/88 492/92/88 204/92/88
f 202/48/290 490/48/290 489/138/290 201/138/290
f 18/161/86 306/161/86 305/19/86 17/19/86
f 39/270/85 327/270/85 326/242/85 38/242/85
f 213/29/291 501/29/291 500/49/291 212/49/291
f 60/97/292 348/97/292 347/105/292 59/105/292
f 218/24/293 506/24/293 505/25/293 217/25/293
f 176/38/81 464/38/81 463/39/81 175/39/81
f 47/278/80 335/278/80 334/279/80 46/279/80
f 221/22/294 509/22/294 508/20/294 220/20/294
f 68/268/78 356/268/78 355/269/78 67/269/78
f 275/73/28 563/73/28 562/191/28 274/191/28
f 184/131/77 472/131/77 471/127/77 183/127/77
f 55/70/295 343/70/295 342/71/295 54/71/295
f 76/258/75 364/258/75 363/69/75 75/69/75
f 226/2/296 514/2/296 513/104/296 225/104/296
f 192/83/297 480/83/297 479/65/297 191/65/297
f 63/80/72 351/80/72 350/81/72 62/81/72
f 229/7/298 517/7/298 516/8/298 228/8/298
f 84/235/299 372/235/299 371/227/299 83/227/299
f 234/33/69 522/33/69 521/16/69 233/16/69
f 71/98/68 359/98/68 358/99/68 70/99/68
f 92/87/237 380/87/237 379/6/237 91/6/237
f 79/255/300 367/255/300 366/256/300 78/256/300
f 87/137/67 375/137/67 374/123/67 86/123/67
f 242/91/64 530/91/64 529/54/64 241/54/64
f 208/84/301 496/84/301 495/126/301 207/126/301
f 95/96/302 383/96/302 382/218/302 94/218/302
f 237/30/61 525/30/61 524/31/61 236/31/61
f 100/157/303 388/157/303 387/146/303 99/146/303
f 216/26/173 504/26/173 503/14/173 215/14/173
f 41/205/58 329/205/58 328/284/58 40/284/58
f 108/142/57 396/142/57 395/143/57 107/143/57
f 250/165/304 538/165/304 537/77/304 249/77/304
f 224/12/55 512/12/55 511/13/55 223/13/55
f 103/220/305 391/220/305 390/222/305 102/222/305
f 232/27/53 520/27/53 519/28/53 231/28/53
f 111/144/306 399/144/306 398/145/306 110/145/306
f 124/239/51 412/239/51 411/240/51 123/240/51
f 258/60/50 546/60/50 545/237/50 257/237/50
f 253/103/307 541/103/307 540/259/307 252/259/307
f 31/160/308 319/160/308 318/244/308 30/244/308
f 132/212/309 420/212/309 419/214/309 131/214/309
f 248/151/310 536/151/310 535/152/310 247/152/310
f 140/202/33 428/202/33 427/206/33 139/206/33
f 119/287/45 407/287/45 406/234/45 118/234/45
f 148/188/44 436/188/44 435/190/44 147/190/44
f 266/175/28 554/175/28 553/174/28 265/174/28
f 287/203/311 575/203/311 574/280/311 286/280/311
f 263/51/42 551/51/42 550/52/42 262/52/42
f 11/272/312 299/272/312 298/168/312 10/168/312
f 156/170/40 444/170/40 443/173/40 155/173/40
f 127/223/39 415/223/39 414/231/39 126/231/39
f 101/141/313 389/141/313 388/157/313 100/157/313
f 4/246/314 292/246/314 291/57/314 3/57/314
f 274/191/28 562/191/28 561/189/28 273/189/28
f 264/172/36 552/172/36 551/51/36 263/51/36
f 135/211/33 423/211/33 422/117/33 134/117/33
f 22/264/35 310/264/35 309/36/35 21/36/35
f 164/163/315 452/163/315 451/164/315 163/164/315
f 143/197/33 431/197/33 430/199/33 142/199/33
f 279/198/21 567/198/21 566/196/21 278/196/21
f 172/147/32 460/147/32 459/148/32 171/148/32
f 180/114/31 468/114/31 467/85/31 179/85/31
f 151/182/316 439/182/316 438/184/316 150/184/316
f 188/66/317 476/66/317 475/134/317 187/134/317
f 272/187/28 560/187/28 559/185/28 271/185/28
f 196/140/27 484/140/27 483/46/27 195/46/27
f 17/19/26 305/19/26 304/17/26 16/17/26
f 159/130/318 447/130/318 446/169/318 158/169/318
f 282/116/24 570/116/24 569/207/24 281/207/24
f 1/43/23 289/43/23 576/108/23 288/108/23
f 167/156/319 455/156/319 454/254/319 166/254/319
f 280/200/21 568/200/21 567/198/21 279/198/21
f 175/39/320 463/39/320 462/89/320 174/89/320
f 183/127/73 471/127/73 470/125/73 182/125/73
f 212/49/257 500/49/257 499/90/257 211/90/257
f 191/65/321 479/65/321 478/63/321 190/63/321
f 38/242/269 326/242/269 325/109/269 37/109/269
f 220/20/322 508/20/322 507/21/322 219/21/322
f 199/112/267 487/112/267 486/139/267 198/139/267
f 46/279/266 334/279/266 333/281/266 45/281/266
f 228/8/323 516/8/323 515/1/323 227/1/323
f 35/273/324 323/273/324 322/285/324 34/285/324
f 25/10/325 313/10/325 312/11/325 24/11/325
f 51/274/326 339/274/326 338/275/326 50/275/326
f 288/108/261 576/108/261 575/203/261 287/203/261
f 207/126/40 495/126/40 494/67/40 206/67/40
f 54/71/327 342/71/327 341/102/327 53/102/327
f 236/31/259 524/31/259 523/32/259 235/32/259
f 33/286/328 321/286/328 320/18/328 32/18/328
f 215/14/257 503/14/257 502/15/257 214/15/257
f 6/271/256 294/271/256 293/248/256 5/248/256
f 244/149/255 532/149/255 531/150/255 243/150/255
f 59/105/329 347/105/329 346/228/329 58/228/329
f 223/13/330 511/13/330 510/23/330 222/23/330
f 62/81/252 350/81/252 349/266/252 61/266/252
f 26/9/251 314/9/251 313/10/251 25/10/251
f 19/245/250 307/245/250 306/161/250 18/161/250
f 70/99/249 358/99/249 357/267/249 69/267/249
f 67/269/331 355/269/331 354/82/331 66/82/331
f 2/58/332 290/58/332 289/43/332 1/43/332
f 231/28/246 519/28/246 518/3/246 230/3/246
f 78/256/245 366/256/245 365/241/245 77/241/245
f 283/213/244 571/213/244 570/116/244 282/116/244
f 5/248/333 293/248/333 292/246/333 4/246/333
f 204/92/242 492/92/242 491/93/242 203/93/242
f 75/69/241 363/69/241 362/78/241 74/78/241
f 49/101/240 337/101/240 336/276/240 48/276/240
f 86/123/334 374/123/334 373/124/334 85/124/334
f 252/259/335 540/259/335 539/260/335 251/260/335
f 83/227/336 371/227/336 370/253/336 82/253/336
f 57/265/337 345/265/337 344/249/337 56/249/337
f 259/59/338 547/59/338 546/60/338 258/60/338
f 94/218/339 382/218/339 381/86/339 93/86/339
f 256/233/340 544/233/340 543/88/340 255/88/340
f 91/6/341 379/6/341 378/44/341 90/44/341
f 260/154/102 548/154/102 547/59/102 259/59/102
f 99/146/231 387/146/231 386/40/231 98/40/231
f 65/261/342 353/261/342 352/262/342 64/262/342
f 102/222/343 390/222/343 389/141/343 101/141/343
f 107/143/228 395/143/228 394/224/228 106/224/228
f 73/106/344 361/106/344 360/107/344 72/107/344
f 239/50/226 527/50/226 526/115/226 238/115/226
f 81/251/345 369/251/345 368/252/345 80/252/345
f 110/145/306 398/145/306 397/158/306 109/158/306
f 115/5/223 403/5/223 402/136/223 114/136/223
f 89/45/346 377/45/346 376/171/346 88/171/346
f 123/240/221 411/240/221 410/250/221 122/250/221
f 97/135/347 385/135/347 384/95/347 96/95/347
f 268/179/28 556/179/28 555/177/28 267/177/28
f 131/214/219 419/214/219 418/215/219 130/215/219
f 105/221/218 393/221/218 392/219/218 104/219/218
f 13/56/217 301/56/217 300/247/217 12/247/217
f 139/206/33 427/206/33 426/208/33 138/208/33
f 200/111/348 488/111/348 487/112/348 199/112/348
f 247/152/349 535/152/349 534/159/349 246/159/349
f 126/231/214 414/231/214 413/236/214 125/236/214
f 255/88/213 543/88/213 542/37/213 254/37/213
f 147/190/33 435/190/33 434/74/33 146/74/33
f 134/117/33 422/117/33 421/118/33 133/118/33
f 276/72/28 564/72/28 563/73/28 275/73/28
f 155/173/212 443/173/212 442/176/212 154/176/212
f 113/41/350 401/41/350 400/42/350 112/42/350
f 257/237/210 545/237/210 544/233/210 256/233/210
f 142/199/33 430/199/33 429/201/33 141/201/33
f 21/36/209 309/36/209 308/34/209 20/34/209
f 163/164/351 451/164/351 450/166/351 162/166/351
f 121/225/207 409/225/207 408/226/207 120/226/207
f 150/184/159 438/184/159 437/186/159 149/186/159
f 158/169/352 446/169/352 445/53/352 157/53/352
f 34/285/353 322/285/353 321/286/353 33/286/353
f 129/216/205 417/216/205 416/217/205 128/217/205
f 14/230/204 302/230/204 301/56/204 13/56/204
f 171/148/354 459/148/354 458/61/354 170/61/354
f 137/209/33 425/209/33 424/210/33 136/210/33
f 8/119/355 296/119/355 295/120/355 7/120/355
f 15/229/201 303/229/201 302/230/201 14/230/201
f 32/18/356 320/18/356 319/160/356 31/160/356
f 179/85/199 467/85/199 466/76/199 178/76/199
f 166/254/357 454/254/357 453/243/357 165/243/357
f 251/260/358 539/260/358 538/165/358 250/165/358
f 145/192/33 433/192/33 432/195/33 144/195/33
f 271/185/28 559/185/28 558/183/28 270/183/28
f 187/134/359 475/134/359 474/132/359 186/132/359
f 174/89/195 462/89/195 461/238/195 173/238/195
f 195/46/360 483/46/360 482/47/360 194/47/360
f 153/178/63 441/178/63 440/180/63 152/180/63
f 16/17/193 304/17/193 303/229/193 15/229/193
f 182/125/192 470/125/192 469/257/192 181/257/192
f 273/189/28 561/189/28 560/187/28 272/187/28
f 190/63/361 478/63/361 477/68/361 189/68/361
f 37/109/362 325/109/362 324/110/362 36/110/362
f 161/167/363 449/167/363 448/129/363 160/129/363
f 45/281/364 333/281/364 332/282/364 44/282/364
f 169/62/365 457/62/365 456/155/365 168/155/365
f 42/204/186 330/204/186 329/205/186 41/205/186
f 198/139/366 486/139/366 485/113/366 197/113/366
f 53/102/367 341/102/367 340/100/367 52/100/367
f 177/153/183 465/153/183 464/38/183 176/38/183
f 50/275/368 338/275/368 337/101/368 49/101/368
f 203/93/369 491/93/369 490/48/369 202/48/369
f 185/133/180 473/133/180 472/131/180 184/131/180
f 58/228/370 346/228/370 345/265/370 57/265/370
f 24/11/178 312/11/178 311/288/178 23/288/178
f 61/266/371 349/266/371 348/97/371 60/97/371
f 193/94/372 481/94/372 480/83/372 192/83/372
f 66/82/373 354/82/373 353/261/373 65/261/373
f 281/207/24 569/207/24 568/200/24 280/200/24
f 30/244/174 318/244/174 317/35/174 29/35/174
f 211/90/59 499/90/59 498/75/59 210/75/59
f 74/78/172 362/78/172 361/106/172 73/106/172
f 206/67/171 494/67/171 493/64/171 205/64/171
f 69/267/170 357/267/170 356/268/170 68/268/170
f 219/21/374 507/21/374 506/24/374 218/24/374
f 201/138/375 489/138/375 488/111/375 200/111/375
f 214/15/84 502/15/84 501/29/84 213/29/84
f 227/1/376 515/1/376 514/2/376 226/2/376
f 82/253/166 370/253/166 369/251/166 81/251/166
f 222/23/265 510/23/265 509/22/265 221/22/265
f 77/241/377 365/241/377 364/258/377 76/258/377
f 235/32/163 523/32/163 522/33/163 234/33/163
f 90/44/378 378/44/378 377/45/378 89/45/378
f 230/3/161 518/3/161 517/7/161 229/7/161
f 85/124/379 373/124/379 372/235/379 84/235/379
f 209/79/159 497/79/159 496/84/159 208/84/159
f 284/232/158 572/232/158 571/213/158 283/213/158
f 28/162/380 316/162/380 315/263/380 27/263/380
f 118/234/381 406/234/381 405/122/381 117/122/381
f 116/4/382 404/4/382 403/5/382 115/5/382
f 98/40/154 386/40/154 385/135/154 97/135/154
f 243/150/383 531/150/383 530/91/383 242/91/383
f 217/25/289 505/25/289 504/26/289 216/26/289
f 93/86/384 381/86/384 380/87/384 92/87/384
f 225/104/385 513/104/385 512/12/385 224/12/385
f 40/284/150 328/284/150 327/270/150 39/270/150
f 238/115/149 526/115/149 525/30/149 237/30/149
f 9/121/386 297/121/386 296/119/386 8/119/386
f 233/16/147 521/16/147 520/27/147 232/27/147
f 29/35/387 317/35/387 316/162/387 28/162/387
f 48/276/388 336/276/388 335/278/388 47/278/388
f 245/193/144 533/193/144 532/149/144 244/149/144
f 106/224/143 394/224/143 393/221/143 105/221/143
f 109/158/389 397/158/389 396/142/389 108/142/389
f 56/249/390 344/249/390 343/70/390 55/70/390
f 117/122/391 405/122/391 404/4/391 116/4/391
f 64/262/392 352/262/392 351/80/392 63/80/392
f 246/159/393 534/159/393 533/193/393 245/193/393
f 261/128/394 549/128/394 548/154/394 260/154/394
f 10/168/395 298/168/395 297/121/395 9/121/395
f 254/37/135 542/37/135 541/103/135 253/103/135
f 114/136/396 402/136/396 401/41/396 113/41/396
f 72/107/397 360/107/397 359/98/397 71/98/397
f 241/54/132 529/54/132 528/55/132 240/55/132
f 267/177/28 555/177/28 554/175/28 266/175/28
f 27/263/398 315/263/398 314/9/398 26/9/398
f 249/77/130 537/77/130 536/151/130 248/151/130
f 122/250/399 410/250/399 409/225/399 121/225/399
f 695/287/400 983/287/400 982/234/400 694/234/400
f 611/273/401 899/273/401 898/285/401 610/285/401
f 824/151/402 1112/151/402 1111/152/402 823/152/402
f 829/103/403 1117/103/403 1116/259/403 828/259/403
f 687/144/404 975/144/404 974/145/404 686/145/404
f 858/116/405 1146/116/405 1145/207/405 857/207/405
f 808/27/406 1096/27/406 1095/28/406 807/28/406
f 772/140/407 1060/140/407 1059/46/407 771/46/407
f 679/220/408 967/220/408 966/222/408 678/222/408
f 800/12/409 1088/12/409 1087/13/409 799/13/409
f 764/66/410 1052/66/410 1051/134/410 763/134/410
f 617/205/411 905/205/411 904/284/411 616/284/411
f 792/26/412 1080/26/412 1079/14/412 791/14/412
f 756/114/413 1044/114/413 1043/85/413 755/85/413
f 813/30/414 1101/30/414 1100/31/414 812/31/414
f 671/96/415 959/96/415 958/218/415 670/218/415
f 784/84/416 1072/84/416 1071/126/416 783/126/416
f 748/147/417 1036/147/417 1035/148/417 747/148/417
f 663/137/418 951/137/418 950/123/418 662/123/418
f 740/163/419 1028/163/419 1027/164/419 739/164/419
f 655/255/420 943/255/420 942/256/420 654/256/420
f 850/191/421 1138/191/421 1137/189/421 849/189/421
f 580/246/422 868/246/422 867/57/422 579/57/422
f 647/98/423 935/98/423 934/99/423 646/99/423
f 805/7/424 1093/7/424 1092/8/424 804/8/424
f 639/80/425 927/80/425 926/81/425 638/81/425
f 768/83/426 1056/83/426 1055/65/426 767/65/426
f 732/170/427 1020/170/427 1019/173/427 731/173/427
f 631/70/428 919/70/428 918/71/428 630/71/428
f 760/131/429 1048/131/429 1047/127/429 759/127/429
f 797/22/430 1085/22/430 1084/20/430 796/20/430
f 623/278/431 911/278/431 910/279/431 622/279/431
f 752/38/432 1040/38/432 1039/39/432 751/39/432
f 842/175/421 1130/175/421 1129/174/421 841/174/421
f 724/188/433 1012/188/433 1011/190/433 723/190/433
f 789/29/434 1077/29/434 1076/49/434 788/49/434
f 615/270/435 903/270/435 902/242/435 614/242/435
f 781/64/436 1069/64/436 1068/92/436 780/92/436
f 716/202/2 1004/202/2 1003/206/2 715/206/2
f 744/155/437 1032/155/437 1031/156/437 743/156/437
f 708/212/438 996/212/438 995/214/438 707/214/438
f 862/280/439 1150/280/439 1149/277/439 861/277/439
f 736/129/440 1024/129/440 1023/130/440 735/130/440
f 607/160/441 895/160/441 894/244/441 606/244/441
f 728/180/442 1016/180/442 1015/182/442 727/182/442
f 834/60/443 1122/60/443 1121/237/443 833/237/443
f 700/239/444 988/239/444 987/240/444 699/240/444
f 773/113/445 1061/113/445 1060/140/445 772/140/445
f 720/195/2 1008/195/2 1007/197/2 719/197/2
f 612/110/446 900/110/446 899/273/446 611/273/446
f 712/210/2 1000/210/2 999/211/2 711/211/2
f 765/68/447 1053/68/447 1052/66/447 764/66/447
f 704/217/448 992/217/448 991/223/448 703/223/448
f 696/226/449 984/226/449 983/287/449 695/287/449
f 826/165/450 1114/165/450 1113/77/450 825/77/450
f 684/142/451 972/142/451 971/143/451 683/143/451
f 757/257/452 1045/257/452 1044/114/452 756/114/452
f 676/157/453 964/157/453 963/146/453 675/146/453
f 749/238/454 1037/238/454 1036/147/454 748/147/454
f 818/91/455 1106/91/455 1105/54/455 817/54/455
f 741/243/456 1029/243/456 1028/163/456 740/163/456
f 854/196/457 1142/196/457 1141/194/457 853/194/457
f 688/42/458 976/42/458 975/144/458 687/144/458
f 579/57/459 867/57/459 866/58/459 578/58/459
f 668/87/460 956/87/460 955/6/460 667/6/460
f 733/53/461 1021/53/461 1020/170/461 732/170/461
f 810/33/462 1098/33/462 1097/16/462 809/16/462
f 660/235/463 948/235/463 947/227/463 659/227/463
f 619/283/464 907/283/464 906/204/464 618/204/464
f 680/219/465 968/219/465 967/220/465 679/220/465
f 802/2/466 1090/2/466 1089/104/466 801/104/466
f 652/258/467 940/258/467 939/69/467 651/69/467
f 725/186/468 1013/186/468 1012/188/468 724/188/468
f 846/183/421 1134/183/421 1133/181/421 845/181/421
f 851/73/421 1139/73/421 1138/191/421 850/191/421
f 644/268/469 932/268/469 931/269/469 643/269/469
f 672/95/470 960/95/470 959/96/470 671/96/470
f 794/24/471 1082/24/471 1081/25/471 793/25/471
f 636/97/472 924/97/472 923/105/472 635/105/472
f 717/201/2 1005/201/2 1004/202/2 716/202/2
f 583/120/473 871/120/473 870/271/473 582/271/473
f 841/174/474 1129/174/474 1128/172/474 840/172/474
f 594/161/475 882/161/475 881/19/475 593/19/475
f 778/48/476 1066/48/476 1065/138/476 777/138/476
f 709/118/477 997/118/477 996/212/477 708/212/477
f 838/52/478 1126/52/478 1125/128/478 837/128/478
f 664/171/479 952/171/479 951/137/479 663/137/479
f 786/75/480 1074/75/480 1073/79/480 785/79/480
f 628/100/481 916/100/481 915/274/481 627/274/481
f 701/236/482 989/236/482 988/239/482 700/239/482
f 620/282/483 908/282/483 907/283/483 619/283/483
f 656/252/484 944/252/484 943/255/484 655/255/484
f 825/77/485 1113/77/485 1112/151/485 824/151/485
f 816/55/486 1104/55/486 1103/50/486 815/50/486
f 603/263/487 891/263/487 890/9/487 602/9/487
f 817/54/488 1105/54/488 1104/55/488 816/55/488
f 648/107/489 936/107/489 935/98/489 647/98/489
f 830/37/490 1118/37/490 1117/103/490 829/103/490
f 770/47/491 1058/47/491 1057/94/491 769/94/491
f 822/159/492 1110/159/492 1109/193/492 821/193/492
f 640/262/493 928/262/493 927/80/493 639/80/493
f 762/132/447 1050/132/447 1049/133/447 761/133/447
f 861/277/494 1149/277/494 1148/232/494 860/232/494
f 693/122/495 981/122/495 980/4/495 692/4/495
f 632/249/496 920/249/496 919/70/496 631/70/496
f 754/76/497 1042/76/497 1041/153/497 753/153/497
f 685/158/498 973/158/498 972/142/498 684/142/498
f 821/193/499 1109/193/499 1108/149/499 820/149/499
f 624/276/500 912/276/500 911/278/500 623/278/500
f 746/61/501 1034/61/501 1033/62/501 745/62/501
f 809/16/502 1097/16/502 1096/27/502 808/27/502
f 585/121/503 873/121/503 872/119/503 584/119/503
f 814/115/504 1102/115/504 1101/30/504 813/30/504
f 616/284/505 904/284/505 903/270/505 615/270/505
f 801/104/506 1089/104/506 1088/12/506 800/12/506
f 599/288/507 887/288/507 886/264/507 598/264/507
f 669/86/508 957/86/508 956/87/508 668/87/508
f 738/166/509 1026/166/509 1025/167/509 737/167/509
f 793/25/510 1081/25/510 1080/26/510 792/26/510
f 853/194/421 1141/194/421 1140/72/421 852/72/421
f 692/4/511 980/4/511 979/5/511 691/5/511
f 596/34/512 884/34/512 883/245/512 595/245/512
f 604/162/513 892/162/513 891/263/513 603/263/513
f 730/176/514 1018/176/514 1017/178/514 729/178/514
f 785/79/515 1073/79/515 1072/84/515 784/84/515
f 661/124/516 949/124/516 948/235/516 660/235/516
f 806/3/517 1094/3/517 1093/7/517 805/7/517
f 653/241/518 941/241/518 940/258/518 652/258/518
f 798/23/519 1086/23/519 1085/22/519 797/22/519
f 722/74/2 1010/74/2 1009/192/2 721/192/2
f 790/15/520 1078/15/520 1077/29/520 789/29/520
f 714/208/2 1002/208/2 1001/209/2 713/209/2
f 777/138/521 1065/138/521 1064/111/521 776/111/521
f 645/267/522 933/267/522 932/268/522 644/268/522
f 782/67/523 1070/67/523 1069/64/523 781/64/523
f 706/215/524 994/215/524 993/216/524 705/216/524
f 845/181/421 1133/181/421 1132/179/421 844/179/421
f 606/244/525 894/244/525 893/35/525 605/35/525
f 857/207/405 1145/207/405 1144/200/405 856/200/405
f 769/94/526 1057/94/526 1056/83/526 768/83/526
f 588/247/527 876/247/527 875/272/527 587/272/527
f 637/266/528 925/266/528 924/97/528 636/97/528
f 600/11/529 888/11/529 887/288/529 599/288/529
f 698/250/530 986/250/530 985/225/530 697/225/530
f 761/133/531 1049/133/531 1048/131/531 760/131/531
f 843/177/421 1131/177/421 1130/175/421 842/175/421
f 753/153/532 1041/153/532 1040/38/532 752/38/532
f 629/102/533 917/102/533 916/100/533 628/100/533
f 774/139/534 1062/139/534 1061/113/534 773/113/534
f 690/136/535 978/136/535 977/41/535 689/41/535
f 745/62/536 1033/62/536 1032/155/536 744/155/536
f 621/281/537 909/281/537 908/282/537 620/282/537
f 586/168/538 874/168/538 873/121/538 585/121/538
f 737/167/539 1025/167/539 1024/129/539 736/129/539
f 837/128/540 1125/128/540 1124/154/540 836/154/540
f 613/109/541 901/109/541 900/110/541 612/110/541
f 766/63/542 1054/63/542 1053/68/542 765/68/542
f 849/189/421 1137/189/421 1136/187/421 848/187/421
f 758/125/543 1046/125/543 1045/257/543 757/257/543
f 592/17/544 880/17/544 879/229/544 591/229/544
f 729/178/416 1017/178/416 1016/180/416 728/180/416
f 750/89/545 1038/89/545 1037/238/545 749/238/545
f 682/224/546 970/224/546 969/221/546 681/221/546
f 847/185/421 1135/185/421 1134/183/421 846/183/421
f 605/35/547 893/35/547 892/162/547 604/162/547
f 721/192/2 1009/192/2 1008/195/2 720/195/2
f 742/254/548 1030/254/548 1029/243/548 741/243/548
f 755/85/549 1043/85/549 1042/76/549 754/76/549
f 608/18/550 896/18/550 895/160/550 607/160/550
f 584/119/551 872/119/551 871/120/551 583/120/551
f 713/209/2 1001/209/2 1000/210/2 712/210/2
f 819/150/552 1107/150/552 1106/91/552 818/91/552
f 590/230/553 878/230/553 877/56/553 589/56/553
f 674/40/554 962/40/554 961/135/554 673/135/554
f 705/216/555 993/216/555 992/217/555 704/217/555
f 694/234/556 982/234/556 981/122/556 693/122/556
f 734/169/557 1022/169/557 1021/53/557 733/53/557
f 860/232/558 1148/232/558 1147/213/558 859/213/558
f 726/184/515 1014/184/515 1013/186/515 725/186/515
f 666/44/559 954/44/559 953/45/559 665/45/559
f 697/225/560 985/225/560 984/226/560 696/226/560
f 811/32/561 1099/32/561 1098/33/561 810/33/561
f 597/36/562 885/36/562 884/34/562 596/34/562
f 718/199/2 1006/199/2 1005/201/2 717/201/2
f 833/237/563 1121/237/563 1120/233/563 832/233/563
f 658/253/564 946/253/564 945/251/564 657/251/564
f 689/41/565 977/41/565 976/42/565 688/42/565
f 803/1/566 1091/1/566 1090/2/566 802/2/566
f 852/72/421 1140/72/421 1139/73/421 851/73/421
f 710/117/2 998/117/2 997/118/2 709/118/2
f 795/21/567 1083/21/567 1082/24/567 794/24/567
f 831/88/568 1119/88/568 1118/37/568 830/37/568
f 650/78/569 938/78/569 937/106/569 649/106/569
f 787/90/412 1075/90/412 1074/75/412 786/75/412
f 702/231/570 990/231/570 989/236/570 701/236/570
f 823/152/571 1111/152/571 1110/159/571 822/159/571
f 642/82/572 930/82/572 929/261/572 641/261/572
f 589/56/573 877/56/573 876/247/573 588/247/573
f 634/228/574 922/228/574 921/265/574 633/265/574
f 681/221/575 969/221/575 968/219/575 680/219/575
f 779/93/576 1067/93/576 1066/48/576 778/48/576
f 844/179/421 1132/179/421 1131/177/421 843/177/421
f 626/275/577 914/275/577 913/101/577 625/101/577
f 673/135/578 961/135/578 960/95/578 672/95/578
f 618/204/579 906/204/579 905/205/579 617/205/579
f 665/45/580 953/45/580 952/171/580 664/171/580
f 686/145/581 974/145/581 973/158/581 685/158/581
f 657/251/582 945/251/582 944/252/582 656/252/582
f 815/50/583 1103/50/583 1102/115/583 814/115/583
f 649/106/584 937/106/584 936/107/584 648/107/584
f 678/222/585 966/222/585 965/141/585 677/141/585
f 641/261/586 929/261/586 928/262/586 640/262/586
f 771/46/587 1059/46/587 1058/47/587 770/47/587
f 836/154/588 1124/154/588 1123/59/588 835/59/588
f 763/134/589 1051/134/589 1050/132/589 762/132/589
f 832/233/590 1120/233/590 1119/88/590 831/88/590
f 670/218/591 958/218/591 957/86/591 669/86/591
f 633/265/592 921/265/592 920/249/592 632/249/592
f 827/260/593 1115/260/593 1114/165/593 826/165/593
f 828/259/594 1116/259/594 1115/260/594 827/260/594
f 662/123/595 950/123/595 949/124/595 661/124/595
f 625/101/596 913/101/596 912/276/596 624/276/596
f 591/229/597 879/229/597 878/230/597 590/230/597
f 780/92/598 1068/92/598 1067/93/598 779/93/598
f 581/248/599 869/248/599 868/246/599 580/246/599
f 747/148/600 1035/148/600 1034/61/600 746/61/600
f 654/256/601 942/256/601 941/241/601 653/241/601
f 807/28/602 1095/28/602 1094/3/602 806/3/602
f 610/285/603 898/285/603 897/286/603 609/286/603
f 646/99/604 934/99/604 933/267/604 645/267/604
f 595/245/605 883/245/605 882/161/605 594/161/605
f 638/81/606 926/81/606 925/266/606 637/266/606
f 799/13/607 1087/13/607 1086/23/607 798/23/607
f 739/164/608 1027/164/608 1026/166/608 738/166/608
f 820/149/609 1108/149/609 1107/150/609 819/150/609
f 582/271/610 870/271/610 869/248/610 581/248/610
f 791/14/611 1079/14/611 1078/15/611 790/15/611
f 609/286/612 897/286/612 896/18/612 608/18/612
f 731/173/613 1019/173/613 1018/176/613 730/176/613
f 812/31/614 1100/31/614 1099/32/614 811/32/614
f 630/71/615 918/71/615 917/102/615 629/102/615
f 783/126/616 1071/126/616 1070/67/616 782/67/616
f 864/108/617 1152/108/617 1151/203/617 863/203/617
f 723/190/2 1011/190/2 1010/74/2 722/74/2
f 601/10/618 889/10/618 888/11/618 600/11/618
f 776/111/619 1064/111/619 1063/112/619 775/112/619
f 715/206/2 1003/206/2 1002/208/2 714/208/2
f 804/8/620 1092/8/620 1091/1/620 803/1/620
f 622/279/621 910/279/621 909/281/621 621/281/621
f 775/112/622 1063/112/622 1062/139/622 774/139/622
f 707/214/623 995/214/623 994/215/623 706/215/623
f 796/20/624 1084/20/624 1083/21/624 795/21/624
f 614/242/625 902/242/625 901/109/625 613/109/625
f 767/65/626 1055/65/626 1054/63/626 766/63/626
f 699/240/627 987/240/627 986/250/627 698/250/627
f 788/49/611 1076/49/611 1075/90/611 787/90/611
f 759/127/628 1047/127/628 1046/125/628 758/125/628
f 691/5/629 979/5/629 978/136/629 690/136/629
f 751/39/630 1039/39/630 1038/89/630 750/89/630
f 856/200/457 1144/200/457 1143/198/457 855/198/457
f 743/156/631 1031/156/631 1030/254/631 742/254/631
f 683/143/632 971/143/632 970/224/632 682/224/632
f 577/43/633 865/43/633 1152/108/633 864/108/633
f 675/146/634 963/146/634 962/40/634 674/40/634
f 735/130/635 1023/130/635 1022/169/635 734/169/635
f 593/19/636 881/19/636 880/17/636 592/17/636
f 667/6/637 955/6/637 954/44/637 666/44/637
f 835/59/638 1123/59/638 1122/60/638 834/60/638
f 848/187/421 1136/187/421 1135/185/421 847/185/421
f 659/227/639 947/227/639 946/253/639 658/253/639
f 727/182/640 1015/182/640 1014/184/640 726/184/640
f 651/69/641 939/69/641 938/78/641 650/78/641
f 859/213/642 1147/213/642 1146/116/642 858/116/642
f 855/198/457 1143/198/457 1142/196/457 854/196/457
f 719/197/2 1007/197/2 1006/199/2 718/199/2
f 578/58/643 866/58/643 865/43/643 577/43/643
f 643/269/644 931/269/644 930/82/644 642/82/644
f 598/264/645 886/264/645 885/36/645 597/36/645
f 711/211/2 999/211/2 998/117/2 710/117/2
f 840/172/646 1128/172/646 1127/51/646 839/51/646
f 602/9/647 890/9/647 889/10/647 601/10/647
f 677/141/648 965/141/648 964/157/648 676/157/648
f 635/105/649 923/105/649 922/228/649 634/228/649
f 703/223/650 991/223/650 990/231/650 702/231/650
f 587/272/651 875/272/651 874/168/651 586/168/651
f 627/274/652 915/274/652 914/275/652 626/275/652
f 471/127/73 759/127/73 758/125/73 470/125/73
f 500/49/257 788/49/257 787/90/257 499/90/257
f 1103/50/583 1391/50/583 1390/115/583 1102/115/583
f 937/106/584 1225/106/584 1224/107/584 936/107/584
f 971/143/632 1259/143/632 1258/224/632 970/224/632
f 966/222/585 1254/222/585 1253/141/585 965/141/585
f 929/261/586 1217/261/586 1216/262/586 928/262/586
f 963/146/634 1251/146/634 1250/40/634 962/40/634
f 1124/154/588 1412/154/588 1411/59/588 1123/59/588
f 955/6/637 1243/6/637 1242/44/637 954/44/637
f 1120/233/590 1408/233/590 1407/88/590 1119/88/590
f 958/218/591 1246/218/591 1245/86/591 957/86/591
f 1123/59/638 1411/59/638 1410/60/638 1122/60/638
f 921/265/592 1209/265/592 1208/249/592 920/249/592
f 947/227/639 1235/227/639 1234/253/639 946/253/639
f 1116/259/594 1404/259/594 1403/260/594 1115/260/594
f 950/123/595 1238/123/595 1237/124/595 949/124/595
f 913/101/596 1201/101/596 1200/276/596 912/276/596
f 939/69/641 1227/69/641 1226/78/641 938/78/641
f 1068/92/598 1356/92/598 1355/93/598 1067/93/598
f 869/248/599 1157/248/599 1156/246/599 868/246/599
f 1147/213/642 1435/213/642 1434/116/642 1146/116/642
f 942/256/601 1230/256/601 1229/241/601 941/241/601
f 1095/28/602 1383/28/602 1382/3/602 1094/3/602
f 866/58/643 1154/58/643 1153/43/643 865/43/643
f 931/269/644 1219/269/644 1218/82/644 930/82/644
f 934/99/604 1222/99/604 1221/267/604 933/267/604
f 883/245/605 1171/245/605 1170/161/605 882/161/605
f 890/9/647 1178/9/647 1177/10/647 889/10/647
f 926/81/606 1214/81/606 1213/266/606 925/266/606
f 1087/13/607 1375/13/607 1374/23/607 1086/23/607
f 923/105/649 1211/105/649 1210/228/649 922/228/649
f 1108/149/609 1396/149/609 1395/150/609 1107/150/609
f 870/271/610 1158/271/610 1157/248/610 869/248/610
f 1079/14/611 1367/14/611 1366/15/611 1078/15/611
f 897/286/612 1185/286/612 1184/18/612 896/18/612
f 1100/31/614 1388/31/614 1387/32/614 1099/32/614
f 918/71/615 1206/71/615 1205/102/615 917/102/615
f 1071/126/616 1359/126/616 1358/67/616 1070/67/616
f 1152/108/617 1440/108/617 1439/203/617 1151/203/617
f 915/274/652 1203/274/652 1202/275/652 914/275/652
f 889/10/618 1177/10/618 1176/11/618 888/11/618
f 899/273/401 1187/273/401 1186/285/401 898/285/401
f 1092/8/653 1380/8/653 1379/1/653 1091/1/653
f 910/279/621 1198/279/621 1197/281/621 909/281/621
f 1063/112/622 1351/112/622 1350/139/622 1062/139/622
f 1084/20/624 1372/20/624 1371/21/624 1083/21/624
f 902/242/625 1190/242/625 1189/109/625 901/109/625
f 1055/65/626 1343/65/626 1342/63/626 1054/63/626
f 1076/49/611 1364/49/611 1363/90/611 1075/90/611
f 1047/127/628 1335/127/628 1334/125/628 1046/125/628
f 1039/39/630 1327/39/630 1326/89/630 1038/89/630
f 1144/200/457 1432/200/457 1431/198/457 1143/198/457
f 1031/156/631 1319/156/631 1318/254/631 1030/254/631
f 865/43/633 1153/43/633 1440/108/633 1152/108/633
f 1146/116/405 1434/116/405 1433/207/405 1145/207/405
f 1023/130/635 1311/130/635 1310/169/635 1022/169/635
f 881/19/636 1169/19/636 1168/17/636 880/17/636
f 1060/140/407 1348/140/407 1347/46/407 1059/46/407
f 1136/187/421 1424/187/421 1423/185/421 1135/185/421
f 1052/66/410 1340/66/410 1339/134/410 1051/134/410
f 1015/182/640 1303/182/640 1302/184/640 1014/184/640
f 1044/114/413 1332/114/413 1331/85/413 1043/85/413
f 1036/147/417 1324/147/417 1323/148/417 1035/148/417
f 1143/198/457 1431/198/457 1430/196/457 1142/196/457
f 1007/197/2 1295/197/2 1294/199/2 1006/199/2
f 1028/163/419 1316/163/419 1315/164/419 1027/164/419
f 886/264/645 1174/264/645 1173/36/645 885/36/645
f 999/211/2 1287/211/2 1286/117/2 998/117/2
f 1128/172/646 1416/172/646 1415/51/646 1127/51/646
f 1138/191/421 1426/191/421 1425/189/421 1137/189/421
f 868/246/422 1156/246/422 1155/57/422 867/57/422
f 965/141/648 1253/141/648 1252/157/648 964/157/648
f 991/223/650 1279/223/650 1278/231/650 990/231/650
f 1020/170/427 1308/170/427 1307/173/427 1019/173/427
f 875/272/651 1163/272/651 1162/168/651 874/168/651
f 1127/51/654 1415/51/654 1414/52/654 1126/52/654
f 1151/203/655 1439/203/655 1438/280/655 1150/280/655
f 1130/175/421 1418/175/421 1417/174/421 1129/174/421
f 1012/188/433 1300/188/433 1299/190/433 1011/190/433
f 983/287/400 1271/287/400 1270/234/400 982/234/400
f 1004/202/2 1292/202/2 1291/206/2 1003/206/2
f 1112/151/402 1400/151/402 1399/152/402 1111/152/402
f 996/212/438 1284/212/438 1283/214/438 995/214/438
f 895/160/441 1183/160/441 1182/244/441 894/244/441
f 1117/103/403 1405/103/403 1404/259/403 1116/259/403
f 1122/60/443 1410/60/443 1409/237/443 1121/237/443
f 988/239/444 1276/239/444 1275/240/444 987/240/444
f 975/144/404 1263/144/404 1262/145/404 974/145/404
f 1096/27/406 1384/27/406 1383/28/406 1095/28/406
f 967/220/408 1255/220/408 1254/222/408 966/222/408
f 1088/12/409 1376/12/409 1375/13/409 1087/13/409
f 1114/165/450 1402/165/450 1401/77/450 1113/77/450
f 972/142/451 1260/142/451 1259/143/451 971/143/451
f 905/205/411 1193/205/411 1192/284/411 904/284/411
f 1080/26/412 1368/26/412 1367/14/412 1079/14/412
f 964/157/453 1252/157/453 1251/146/453 963/146/453
f 1101/30/414 1389/30/414 1388/31/414 1100/31/414
f 959/96/415 1247/96/415 1246/218/415 958/218/415
f 1072/84/416 1360/84/416 1359/126/416 1071/126/416
f 1106/91/455 1394/91/455 1393/54/455 1105/54/455
f 951/137/418 1239/137/418 1238/123/418 950/123/418
f 943/255/420 1231/255/420 1230/256/420 942/256/420
f 956/87/460 1244/87/460 1243/6/460 955/6/460
f 935/98/423 1223/98/423 1222/99/423 934/99/423
f 1098/33/462 1386/33/462 1385/16/462 1097/16/462
f 948/235/463 1236/235/463 1235/227/463 947/227/463
f 1093/7/656 1381/7/656 1380/8/656 1092/8/656
f 927/80/425 1215/80/425 1214/81/425 926/81/425
f 1056/83/426 1344/83/426 1343/65/426 1055/65/426
f 1090/2/466 1378/2/466 1377/104/466 1089/104/466
f 940/258/467 1228/258/467 1227/69/467 939/69/467
f 919/70/428 1207/70/428 1206/71/428 918/71/428
f 1048/131/429 1336/131/429 1335/127/429 1047/127/429
f 1139/73/421 1427/73/421 1426/191/421 1138/191/421
f 932/268/469 1220/268/469 1219/269/469 931/269/469
f 1085/22/430 1373/22/430 1372/20/430 1084/20/430
f 911/278/431 1199/278/431 1198/279/431 910/279/431
f 1040/38/432 1328/38/432 1327/39/432 1039/39/432
f 1082/24/471 1370/24/471 1369/25/471 1081/25/471
f 924/97/472 1212/97/472 1211/105/472 923/105/472
f 1077/29/434 1365/29/434 1364/49/434 1076/49/434
f 903/270/435 1191/270/435 1190/242/435 902/242/435
f 882/161/657 1170/161/657 1169/19/657 881/19/657
f 1066/48/658 1354/48/658 1353/138/658 1065/138/658
f 1069/64/436 1357/64/436 1356/92/436 1068/92/436
f 1074/75/480 1362/75/480 1361/79/480 1073/79/480
f 916/100/481 1204/100/481 1203/274/481 915/274/481
f 1032/155/437 1320/155/437 1319/156/437 1031/156/437
f 908/282/483 1196/282/483 1195/283/483 907/283/483
f 1150/280/439 1438/280/439 1437/277/439 1149/277/439
f 1024/129/440 1312/129/440 1311/130/440 1023/130/440
f 1104/55/486 1392/55/486 1391/50/486 1103/50/486
f 1016/180/442 1304/180/442 1303/182/442 1015/182/442
f 1061/113/445 1349/113/445 1348/140/445 1060/140/445
f 1008/195/2 1296/195/2 1295/197/2 1007/197/2
f 900/110/446 1188/110/446 1187/273/446 899/273/446
f 1000/210/2 1288/210/2 1287/211/2 999/211/2
f 1058/47/491 1346/47/491 1345/94/491 1057/94/491
f 1053/68/447 1341/68/447 1340/66/447 1052/66/447
f 992/217/448 1280/217/448 1279/223/448 991/223/448
f 1050/132/447 1338/132/447 1337/133/447 1049/133/447
f 1149/277/494 1437/277/494 1436/232/494 1148/232/494
f 984/226/449 1272/226/449 1271/287/449 983/287/449
f 1042/76/497 1330/76/497 1329/153/497 1041/153/497
f 1045/257/452 1333/257/452 1332/114/452 1044/114/452
f 1037/238/454 1325/238/454 1324/147/454 1036/147/454
f 1034/61/501 1322/61/501 1321/62/501 1033/62/501
f 1029/243/456 1317/243/456 1316/163/456 1028/163/456
f 1142/196/457 1430/196/457 1429/194/457 1141/194/457
f 887/288/507 1175/288/507 1174/264/507 886/264/507
f 976/42/458 1264/42/458 1263/144/458 975/144/458
f 867/57/459 1155/57/459 1154/58/459 866/58/459
f 1026/166/509 1314/166/509 1313/167/509 1025/167/509
f 1141/194/421 1429/194/421 1428/72/421 1140/72/421
f 1021/53/461 1309/53/461 1308/170/461 1020/170/461
f 884/34/512 1172/34/512 1171/245/512 883/245/512
f 907/283/464 1195/283/464 1194/204/464 906/204/464
f 968/219/465 1256/219/465 1255/220/465 967/220/465
f 1018/176/514 1306/176/514 1305/178/514 1017/178/514
f 1013/186/468 1301/186/468 1300/188/468 1012/188/468
f 1134/183/421 1422/183/421 1421/181/421 1133/181/421
f 960/95/470 1248/95/470 1247/96/470 959/96/470
f 1010/74/2 1298/74/2 1297/192/2 1009/192/2
f 1005/201/2 1293/201/2 1292/202/2 1004/202/2
f 871/120/473 1159/120/473 1158/271/473 870/271/473
f 1129/174/474 1417/174/474 1416/172/474 1128/172/474
f 1002/208/2 1290/208/2 1289/209/2 1001/209/2
f 997/118/477 1285/118/477 1284/212/477 996/212/477
f 1126/52/478 1414/52/478 1413/128/478 1125/128/478
f 952/171/479 1240/171/479 1239/137/479 951/137/479
f 994/215/524 1282/215/524 1281/216/524 993/216/524
f 1133/181/421 1421/181/421 1420/179/421 1132/179/421
f 989/236/482 1277/236/482 1276/239/482 988/239/482
f 876/247/659 1164/247/659 1163/272/659 875/272/659
f 944/252/484 1232/252/484 1231/255/484 943/255/484
f 986/250/530 1274/250/530 1273/225/530 985/225/530
f 1113/77/485 1401/77/485 1400/151/485 1112/151/485
f 891/263/487 1179/263/487 1178/9/487 890/9/487
f 1131/177/421 1419/177/421 1418/175/421 1130/175/421
f 1105/54/488 1393/54/488 1392/55/488 1104/55/488
f 936/107/489 1224/107/489 1223/98/489 935/98/489
f 978/136/535 1266/136/535 1265/41/535 977/41/535
f 1118/37/490 1406/37/490 1405/103/490 1117/103/490
f 874/168/538 1162/168/538 1161/121/538 873/121/538
f 1125/128/540 1413/128/540 1412/154/540 1124/154/540
f 1110/159/492 1398/159/492 1397/193/492 1109/193/492
f 928/262/493 1216/262/493 1215/80/493 927/80/493
f 981/122/495 1269/122/495 1268/4/495 980/4/495
f 920/249/496 1208/249/496 1207/70/496 919/70/496
f 973/158/498 1261/158/498 1260/142/498 972/142/498
f 970/224/546 1258/224/546 1257/221/546 969/221/546
f 1109/193/499 1397/193/499 1396/149/499 1108/149/499
f 912/276/500 1200/276/500 1199/278/500 911/278/500
f 893/35/547 1181/35/547 1180/162/547 892/162/547
f 1097/16/502 1385/16/502 1384/27/502 1096/27/502
f 873/121/503 1161/121/503 1160/119/503 872/119/503
f 1102/115/504 1390/115/504 1389/30/504 1101/30/504
f 904/284/505 1192/284/505 1191/270/505 903/270/505
f 1089/104/506 1377/104/506 1376/12/506 1088/12/506
f 957/86/508 1245/86/508 1244/87/508 956/87/508
f 1081/25/510 1369/25/510 1368/26/510 1080/26/510
f 1107/150/552 1395/150/552 1394/91/552 1106/91/552
f 962/40/554 1250/40/554 1249/135/554 961/135/554
f 980/4/511 1268/4/511 1267/5/511 979/5/511
f 982/234/556 1270/234/556 1269/122/556 981/122/556
f 892/162/513 1180/162/513 1179/263/513 891/263/513
f 1148/232/558 1436/232/558 1435/213/558 1147/213/558
f 1073/79/515 1361/79/515 1360/84/515 1072/84/515
f 949/124/516 1237/124/516 1236/235/516 948/235/516
f 1094/3/517 1382/3/517 1381/7/517 1093/7/517
f 954/44/559 1242/44/559 1241/45/559 953/45/559
f 1099/32/561 1387/32/561 1386/33/561 1098/33/561
f 941/241/518 1229/241/518 1228/258/518 940/258/518
f 1086/23/519 1374/23/519 1373/22/519 1085/22/519
f 946/253/564 1234/253/564 1233/251/564 945/251/564
f 1091/1/566 1379/1/566 1378/2/566 1090/2/566
f 1078/15/520 1366/15/520 1365/29/520 1077/29/520
f 1065/138/521 1353/138/521 1352/111/521 1064/111/521
f 1083/21/567 1371/21/567 1370/24/567 1082/24/567
f 933/267/522 1221/267/522 1220/268/522 932/268/522
f 1070/67/523 1358/67/523 1357/64/523 1069/64/523
f 938/78/569 1226/78/569 1225/106/569 937/106/569
f 1075/90/412 1363/90/412 1362/75/412 1074/75/412
f 894/244/525 1182/244/525 1181/35/525 893/35/525
f 1145/207/405 1433/207/405 1432/200/405 1144/200/405
f 930/82/572 1218/82/572 1217/261/572 929/261/572
f 1057/94/526 1345/94/526 1344/83/526 1056/83/526
f 925/266/660 1213/266/660 1212/97/660 924/97/660
f 888/11/529 1176/11/529 1175/288/529 887/288/529
f 922/228/574 1210/228/574 1209/265/574 921/265/574
f 1049/133/661 1337/133/661 1336/131/661 1048/131/661
f 1067/93/576 1355/93/576 1354/48/576 1066/48/576
f 914/275/577 1202/275/577 1201/101/577 913/101/577
f 1041/153/532 1329/153/532 1328/38/532 1040/38/532
f 917/102/533 1205/102/533 1204/100/533 916/100/533
f 1062/139/534 1350/139/534 1349/113/534 1061/113/534
f 906/204/579 1194/204/579 1193/205/579 905/205/579
f 1033/62/536 1321/62/536 1320/155/536 1032/155/536
f 909/281/537 1197/281/537 1196/282/537 908/282/537
f 1025/167/539 1313/167/539 1312/129/539 1024/129/539
f 901/109/541 1189/109/541 1188/110/541 900/110/541
f 1054/63/662 1342/63/662 1341/68/662 1053/68/662
f 1137/189/421 1425/189/421 1424/187/421 1136/187/421
f 1046/125/663 1334/125/663 1333/257/663 1045/257/663
f 880/17/544 1168/17/544 1167/229/544 879/229/544
f 1017/178/416 1305/178/416 1304/180/416 1016/180/416
f 1059/46/664 1347/46/664 1346/47/664 1058/47/664
f 1038/89/545 1326/89/545 1325/238/545 1037/238/545
f 1051/134/589 1339/134/589 1338/132/589 1050/132/589
f 1135/185/421 1423/185/421 1422/183/421 1134/183/421
f 1009/192/2 1297/192/2 1296/195/2 1008/195/2
f 1115/260/593 1403/260/593 1402/165/593 1114/165/593
f 1030/254/548 1318/254/548 1317/243/548 1029/243/548
f 1043/85/549 1331/85/549 1330/76/549 1042/76/549
f 896/18/550 1184/18/550 1183/160/550 895/160/550
f 879/229/597 1167/229/597 1166/230/597 878/230/597
f 872/119/551 1160/119/551 1159/120/551 871/120/551
f 1001/209/2 1289/209/2 1288/210/2 1000/210/2
f 1035/148/600 1323/148/600 1322/61/600 1034/61/600
f 878/230/553 1166/230/553 1165/56/553 877/56/553
f 993/216/555 1281/216/555 1280/217/555 992/217/555
f 898/285/603 1186/285/603 1185/286/603 897/286/603
f 1022/169/557 1310/169/557 1309/53/557 1021/53/557
f 1014/184/515 1302/184/515 1301/186/515 1013/186/515
f 985/225/560 1273/225/560 1272/226/560 984/226/560
f 1027/164/608 1315/164/608 1314/166/608 1026/166/608
f 885/36/562 1173/36/562 1172/34/562 884/34/562
f 1006/199/2 1294/199/2 1293/201/2 1005/201/2
f 1121/237/563 1409/237/563 1408/233/563 1120/233/563
f 977/41/565 1265/41/565 1264/42/565 976/42/565
f 1019/173/613 1307/173/613 1306/176/613 1018/176/613
f 1140/72/421 1428/72/421 1427/73/421 1139/73/421
f 998/117/2 1286/117/2 1285/118/2 997/118/2
f 1011/190/2 1299/190/2 1298/74/2 1010/74/2
f 1119/88/568 1407/88/568 1406/37/568 1118/37/568
f 990/231/570 1278/231/570 1277/236/570 989/236/570
f 1111/152/571 1399/152/571 1398/159/571 1110/159/571
f 1064/111/619 1352/111/619 1351/112/619 1063/112/619
f 1003/206/2 1291/206/2 1290/208/2 1002/208/2
f 877/56/573 1165/56/573 1164/247/573 876/247/573
f 969/221/575 1257/221/575 1256/219/575 968/219/575
f 995/214/623 1283/214/623 1282/215/623 994/215/623
f 1132/179/421 1420/179/421 1419/177/421 1131/177/421
f 961/135/578 1249/135/578 1248/95/578 960/95/578
f 987/240/627 1275/240/627 1274/250/627 986/250/627
f 953/45/580 1241/45/580 1240/171/580 952/171/580
f 979/5/629 1267/5/629 1266/136/629 978/136/629
f 863/203/655 1151/203/655 1150/280/655 862/280/655
f 839/51/654 1127/51/654 1126/52/654 838/52/654
f 1379/1/33 1382/3/33 1378/2/33
f 1268/4/33 1243/6/33 1267/5/33
f 1381/7/33 1382/3/33 1380/8/33
f 1178/9/33 1176/11/33 1177/10/33
f 1380/8/33 1382/3/33 1379/1/33
f 1376/12/33 1382/3/33 1375/13/33
f 1367/14/33 1385/16/33 1366/15/33
f 1168/17/33 1169/19/33 1184/18/33
f 1372/20/33 1382/3/33 1371/21/33
f 1373/22/33 1382/3/33 1372/20/33
f 1375/13/33 1382/3/33 1374/23/33
f 1371/21/33 1382/3/33 1370/24/33
f 1370/24/33 1382/3/33 1369/25/33
f 1382/3/33 1368/26/33 1369/25/33
f 1384/27/33 1368/26/33 1383/28/33
f 1384/27/33 1367/14/33 1368/26/33
f 1365/29/33 1388/31/33 1389/30/33
f 1385/16/33 1367/14/33 1384/27/33
f 1366/15/33 1386/33/33 1387/32/33
f 1172/34/33 1173/36/33 1181/35/33
f 1406/37/89 1327/39/89 1328/38/89
f 1388/31/33 1366/15/33 1387/32/33
f 1250/40/30 1264/42/30 1265/41/30
f 1184/18/33 1153/43/33 1168/17/33
f 1268/4/63 1241/45/63 1242/44/63
f 1347/46/33 1354/48/33 1346/47/33
f 1365/29/33 1391/50/33 1364/49/33
f 1415/51/33 1309/53/33 1414/52/33
f 1364/49/33 1392/55/33 1393/54/33
f 1165/56/665 1154/58/665 1155/57/665
f 1411/59/33 1322/61/33 1410/60/33
f 1383/28/33 1368/26/33 1382/3/33
f 1411/59/665 1321/62/665 1322/61/665
f 1342/63/666 1343/65/666 1357/64/666
f 1340/66/33 1341/68/33 1358/67/33
f 1227/69/289 1206/71/289 1207/70/289
f 1366/15/33 1385/16/33 1386/33/33
f 1428/72/33 1298/74/33 1427/73/33
f 1362/75/33 1401/77/33 1330/76/33
f 1227/69/33 1207/70/33 1226/78/33
f 1361/79/33 1362/75/33 1330/76/33
f 1215/80/33 1218/82/33 1214/81/33
f 1343/65/30 1344/83/30 1357/64/30
f 1360/84/44 1361/79/44 1331/85/44
f 1366/15/665 1388/31/665 1365/29/665
f 1267/5/667 1244/87/667 1245/86/667
f 1407/88/33 1326/89/33 1327/39/33
f 1364/49/665 1394/91/665 1363/90/665
f 1356/92/33 1345/94/33 1355/93/33
f 1267/5/668 1247/96/668 1248/95/668
f 1212/97/118 1222/99/118 1223/98/118
f 1204/100/33 1205/102/33 1201/101/33
f 1328/38/33 1405/103/33 1406/37/33
f 1377/104/33 1382/3/33 1376/12/33
f 1211/105/665 1224/107/665 1225/106/665
f 1440/108/118 1188/110/118 1189/109/118
f 1352/111/33 1349/113/33 1351/112/33
f 1331/85/669 1332/114/669 1360/84/669
f 1365/29/33 1389/30/33 1390/115/33
f 1434/116/33 1285/118/33 1286/117/33
f 1160/119/33 1161/121/33 1159/120/33
f 1269/122/289 1237/124/289 1238/123/289
f 1345/94/33 1346/47/33 1355/93/33
f 1334/125/33 1335/127/33 1359/126/33
f 1413/128/301 1311/130/301 1312/129/301
f 1336/131/33 1358/67/33 1335/127/33
f 1338/132/33 1358/67/33 1337/133/33
f 1337/133/33 1358/67/33 1336/131/33
f 1339/134/33 1358/67/33 1338/132/33
f 1249/135/33 1266/136/33 1248/95/33
f 1269/122/33 1238/123/33 1239/137/33
f 1364/49/33 1393/54/33 1394/91/33
f 1353/138/316 1354/48/316 1347/46/316
f 1407/88/44 1327/39/44 1406/37/44
f 1267/5/212 1243/6/212 1244/87/212
f 1351/112/33 1349/113/33 1350/139/33
f 1352/111/33 1353/138/33 1348/140/33
f 1253/141/289 1259/143/289 1260/142/289
f 1263/144/33 1251/146/33 1262/145/33
f 1410/60/33 1323/148/33 1324/147/33
f 1363/90/44 1395/150/44 1396/149/44
f 1362/75/33 1399/152/33 1400/151/33
f 1330/76/33 1401/77/33 1329/153/33
f 1359/126/33 1335/127/33 1358/67/33
f 1329/153/33 1405/103/33 1328/38/33
f 1374/23/670 1382/3/670 1373/22/670
f 1412/154/89 1319/156/89 1320/155/89
f 1252/157/665 1260/142/665 1261/158/665
f 1362/75/33 1398/159/33 1399/152/33
f 1412/154/44 1321/62/44 1411/59/44
f 1321/62/33 1412/154/33 1320/155/33
f 1169/19/33 1170/161/33 1183/160/33
f 1181/35/33 1173/36/33 1180/162/33
f 1355/93/33 1346/47/33 1354/48/33
f 1412/154/30 1315/164/30 1316/163/30
f 1329/153/665 1401/77/665 1402/165/665
f 1413/128/33 1315/164/33 1412/154/33
f 1314/166/33 1315/164/33 1413/128/33
f 1313/167/291 1314/166/291 1413/128/291
f 1313/167/33 1413/128/33 1312/129/33
f 1264/42/291 1251/146/291 1263/144/291
f 1159/120/40 1161/121/40 1162/168/40
f 1414/52/44 1310/169/44 1413/128/44
f 1309/53/33 1310/169/33 1414/52/33
f 1308/170/33 1309/53/33 1415/51/33
f 1269/122/33 1240/171/33 1268/4/33
f 1308/170/33 1415/51/33 1416/172/33
f 1307/173/33 1308/170/33 1416/172/33
f 1307/173/33 1416/172/33 1417/174/33
f 1307/173/33 1417/174/33 1418/175/33
f 1306/176/33 1307/173/33 1418/175/33
f 1306/176/33 1418/175/33 1419/177/33
f 1305/178/665 1306/176/665 1419/177/665
f 1305/178/33 1419/177/33 1420/179/33
f 1304/180/44 1305/178/44 1420/179/44
f 1304/180/33 1420/179/33 1421/181/33
f 1303/182/665 1304/180/665 1421/181/665
f 1303/182/33 1421/181/33 1422/183/33
f 1302/184/33 1303/182/33 1422/183/33
f 1302/184/33 1422/183/33 1423/185/33
f 1301/186/33 1302/184/33 1423/185/33
f 1301/186/33 1423/185/33 1424/187/33
f 1300/188/33 1301/186/33 1424/187/33
f 1300/188/33 1424/187/33 1425/189/33
f 1299/190/33 1300/188/33 1425/189/33
f 1299/190/33 1425/189/33 1426/191/33
f 1298/74/33 1299/190/33 1426/191/33
f 1298/74/33 1426/191/33 1427/73/33
f 1297/192/33 1298/74/33 1428/72/33
f 1362/75/33 1397/193/33 1398/159/33
f 1297/192/33 1428/72/33 1429/194/33
f 1296/195/33 1297/192/33 1429/194/33
f 1296/195/33 1429/194/33 1430/196/33
f 1295/197/33 1296/195/33 1430/196/33
f 1295/197/33 1430/196/33 1431/198/33
f 1294/199/33 1295/197/33 1431/198/33
f 1294/199/33 1431/198/33 1432/200/33
f 1293/201/33 1294/199/33 1432/200/33
f 1293/201/33 1432/200/33 1292/202/33
f 1439/203/33 1193/205/33 1194/204/33
f 1291/206/33 1292/202/33 1433/207/33
f 1291/206/33 1433/207/33 1290/208/33
f 1269/122/159 1239/137/159 1240/171/159
f 1289/209/33 1290/208/33 1434/116/33
f 1288/210/33 1289/209/33 1434/116/33
f 1288/210/33 1434/116/33 1287/211/33
f 1290/208/33 1433/207/33 1434/116/33
f 1434/116/44 1284/212/44 1285/118/44
f 1365/29/33 1390/115/33 1391/50/33
f 1435/213/33 1284/212/33 1434/116/33
f 1283/214/33 1284/212/33 1435/213/33
f 1282/215/33 1283/214/33 1435/213/33
f 1281/216/33 1282/215/33 1435/213/33
f 1280/217/33 1281/216/33 1435/213/33
f 1267/5/159 1245/86/159 1246/218/159
f 1256/219/33 1257/221/33 1255/220/33
f 1261/158/118 1251/146/118 1252/157/118
f 1254/222/33 1259/143/33 1253/141/33
f 1279/223/33 1280/217/33 1435/213/33
f 1201/101/33 1206/71/33 1227/69/33
f 1254/222/671 1255/220/671 1258/224/671
f 1184/18/33 1169/19/33 1183/160/33
f 1273/225/33 1235/227/33 1272/226/33
f 1250/40/33 1265/41/33 1249/135/33
f 1225/106/33 1210/228/33 1211/105/33
f 1251/146/33 1264/42/33 1250/40/33
f 1362/75/33 1400/151/33 1401/77/33
f 1167/229/669 1153/43/669 1166/230/669
f 1278/231/118 1279/223/118 1436/232/118
f 1410/60/289 1322/61/289 1323/148/289
f 1408/233/33 1326/89/33 1407/88/33
f 1270/234/33 1236/235/33 1237/124/33
f 1268/4/84 1240/171/84 1241/45/84
f 1363/90/44 1397/193/44 1362/75/44
f 1277/236/89 1278/231/89 1436/232/89
f 1409/237/33 1325/238/33 1408/233/33
f 1341/68/33 1342/63/33 1357/64/33
f 1276/239/33 1277/236/33 1436/232/33
f 1363/90/665 1396/149/665 1397/193/665
f 1275/240/33 1276/239/33 1229/241/33
f 1440/108/666 1189/109/666 1190/242/666
f 1412/154/285 1316/163/285 1317/243/285
f 1436/232/33 1279/223/33 1435/213/33
f 1408/233/665 1325/238/665 1326/89/665
f 1170/161/33 1171/245/33 1182/244/33
f 1165/56/30 1155/57/30 1156/246/30
f 1348/140/33 1353/138/33 1347/46/33
f 1164/247/672 1156/246/672 1157/248/672
f 1165/56/33 1156/246/33 1164/247/33
f 1226/78/289 1207/70/289 1208/249/289
f 1267/5/666 1246/218/666 1247/96/666
f 1255/220/96 1257/221/96 1258/224/96
f 1212/97/33 1223/98/33 1211/105/33
f 1331/85/33 1361/79/33 1330/76/33
f 1274/250/89 1232/252/89 1233/251/89
f 1274/250/289 1234/253/289 1273/225/289
f 1274/250/159 1233/251/159 1234/253/159
f 1412/154/44 1318/254/44 1319/156/44
f 1364/49/33 1391/50/33 1392/55/33
f 1275/240/30 1232/252/30 1274/250/30
f 1275/240/665 1231/255/665 1232/252/665
f 1275/240/289 1230/256/289 1231/255/289
f 1275/240/44 1229/241/44 1230/256/44
f 1333/257/33 1359/126/33 1332/114/33
f 1436/232/33 1227/69/33 1228/258/33
f 1436/232/33 1228/258/33 1276/239/33
f 1329/153/665 1403/260/665 1404/259/665
f 1273/225/665 1234/253/665 1235/227/665
f 1436/232/33 1201/101/33 1227/69/33
f 1217/261/33 1215/80/33 1216/262/33
f 1180/162/33 1174/264/33 1179/263/33
f 1226/78/669 1208/249/669 1209/265/669
f 1213/266/33 1222/99/33 1212/97/33
f 1221/267/33 1222/99/33 1213/266/33
f 1220/268/33 1221/267/33 1213/266/33
f 1219/269/63 1220/268/63 1213/266/63
f 1218/82/63 1219/269/63 1214/81/63
f 1217/261/33 1218/82/33 1215/80/33
f 1357/64/33 1344/83/33 1356/92/33
f 1249/135/665 1265/41/665 1266/136/665
f 1413/128/291 1310/169/291 1311/130/291
f 1182/244/33 1171/245/33 1181/35/33
f 1440/108/33 1190/242/33 1191/270/33
f 1248/95/89 1266/136/89 1267/5/89
f 1158/271/669 1162/168/669 1163/272/669
f 1262/145/33 1251/146/33 1261/158/33
f 1440/108/118 1187/273/118 1188/110/118
f 1329/153/44 1404/259/44 1405/103/44
f 1203/274/33 1204/100/33 1201/101/33
f 1202/275/673 1203/274/673 1201/101/673
f 1205/102/674 1206/71/674 1201/101/674
f 1436/232/33 1200/276/33 1201/101/33
f 1329/153/44 1402/165/44 1403/260/44
f 1437/277/33 1200/276/33 1436/232/33
f 1437/277/44 1199/278/44 1200/276/44
f 1437/277/33 1198/279/33 1199/278/33
f 1363/90/44 1394/91/44 1395/150/44
f 1438/280/33 1198/279/33 1437/277/33
f 1198/279/33 1438/280/33 1197/281/33
f 1434/116/33 1286/117/33 1287/211/33
f 1439/203/33 1196/282/33 1438/280/33
f 1195/283/33 1196/282/33 1439/203/33
f 1195/283/33 1439/203/33 1194/204/33
f 1438/280/44 1196/282/44 1197/281/44
f 1440/108/33 1193/205/33 1439/203/33
f 1192/284/33 1193/205/33 1440/108/33
f 1192/284/33 1440/108/33 1191/270/33
f 1358/67/33 1341/68/33 1357/64/33
f 1412/154/675 1317/243/675 1318/254/675
f 1276/239/33 1228/258/33 1229/241/33
f 1253/141/33 1260/142/33 1252/157/33
f 1153/43/33 1187/273/33 1440/108/33
f 1186/285/33 1187/273/33 1153/43/33
f 1185/286/316 1186/285/316 1153/43/316
f 1184/18/33 1185/286/33 1153/43/33
f 1271/287/33 1236/235/33 1270/234/33
f 1211/105/118 1223/98/118 1224/107/118
f 1360/84/33 1332/114/33 1359/126/33
f 1409/237/33 1324/147/33 1325/238/33
f 1166/230/44 1153/43/44 1154/58/44
f 1157/248/63 1163/272/63 1164/247/63
f 1166/230/33 1154/58/33 1165/56/33
f 1168/17/33 1153/43/33 1167/229/33
f 1226/78/173 1209/265/173 1210/228/173
f 1178/9/33 1179/263/33 1175/288/33
f 1270/234/33 1237/124/33 1269/122/33
f 1272/226/33 1236/235/33 1271/287/33
f 1178/9/33 1175/288/33 1176/11/33
f 1183/160/33 1170/161/33 1182/244/33
f 1173/36/117 1174/264/117 1180/162/117
f 1226/78/33 1210/228/33 1225/106/33
f 1179/263/33 1174/264/33 1175/288/33
f 1268/4/257 1242/44/257 1243/6/257
f 1410/60/33 1324/147/33 1409/237/33
f 1159/120/33 1162/168/33 1158/271/33
f 1334/125/666 1359/126/666 1333/257/666
f 1214/81/291 1219/269/291 1213/266/291
f 1378/2/33 1382/3/33 1377/104/33
f 1254/222/118 1258/224/118 1259/143/118
f 1344/83/33 1345/94/33 1356/92/33
f 1158/271/33 1163/272/33 1157/248/33
f 1348/140/257 1349/113/257 1352/111/257
f 1340/66/33 1358/67/33 1339/134/33
f 1272/226/44 1235/227/44 1236/235/44
f 1171/245/59 1172/34/59 1181/35/59
f 1292/202/33 1432/200/33 1433/207/33
f 945/251/582 1233/251/582 1232/252/582 944/252/582
f 974/145/581 1262/145/581 1261/158/581 973/158/581
