# Blender 4.0.2
# www.blender.org
mtllib Arche_S_corner.mtl
o Arche_S_corner
v 0.233474 -0.030635 -0.816987
v 0.233474 -0.030772 -0.816992
v 0.233474 -0.030893 -0.817006
v 0.233474 -0.030999 -0.817031
v 0.233474 -0.031089 -0.817069
v 0.233474 -0.031165 -0.817119
v 0.233474 -0.031228 -0.817183
v 0.233474 -0.031278 -0.817263
v 0.233474 -0.031316 -0.817358
v 0.233474 -0.031342 -0.817471
v 0.233474 -0.031357 -0.817602
v 0.233474 -0.031363 -0.817752
v 0.233474 -0.031358 -0.817922
v 0.233474 -0.031350 -0.818115
v 0.233474 -0.031350 -0.818313
v 0.233474 -0.031357 -0.818515
v 0.233474 -0.031366 -0.818718
v 0.233474 -0.031376 -0.818920
v 0.233474 -0.031385 -0.819119
v 0.233474 -0.031389 -0.819314
v 0.233474 -0.031386 -0.819502
v 0.233474 -0.031373 -0.819681
v 0.233474 -0.031348 -0.819849
v 0.233474 -0.031309 -0.820004
v 0.233474 -0.031252 -0.820145
v 0.233474 -0.031181 -0.820255
v 0.233474 -0.031090 -0.820349
v 0.233474 -0.030983 -0.820429
v 0.233474 -0.030862 -0.820496
v 0.233474 -0.030731 -0.820554
v 0.233474 -0.030591 -0.820603
v 0.233474 -0.030445 -0.820647
v 0.233474 -0.030296 -0.820687
v 0.233474 -0.030146 -0.820725
v 0.233474 -0.029998 -0.820764
v 0.233474 -0.029855 -0.820805
v 0.233474 -0.029718 -0.820850
v 0.233474 -0.029606 -0.820895
v 0.233474 -0.029288 -0.821035
v 0.233474 -0.028791 -0.821276
v 0.233474 -0.028141 -0.821623
v 0.233474 -0.027366 -0.822084
v 0.233474 -0.026493 -0.822665
v 0.233474 -0.025548 -0.823372
v 0.233474 -0.024558 -0.824211
v 0.233474 -0.023550 -0.825189
v 0.233474 -0.022551 -0.826312
v 0.233474 -0.021588 -0.827586
v 0.233474 -0.020688 -0.829018
v 0.233474 -0.020665 -0.829053
v 0.233474 -0.020642 -0.829088
v 0.233474 -0.020617 -0.829124
v 0.233474 -0.020593 -0.829159
v 0.233474 -0.020568 -0.829195
v 0.233474 -0.020545 -0.829232
v 0.233474 -0.020522 -0.829268
v 0.233474 -0.020501 -0.829305
v 0.233474 -0.020482 -0.829343
v 0.233474 -0.020466 -0.829381
v 0.233474 -0.020452 -0.829419
v 0.233474 -0.020441 -0.829459
v 0.233474 -0.020337 -0.829772
v 0.233474 -0.020218 -0.830044
v 0.233474 -0.020085 -0.830276
v 0.233474 -0.019938 -0.830471
v 0.233474 -0.019776 -0.830632
v 0.233474 -0.019601 -0.830760
v 0.233474 -0.019413 -0.830857
v 0.233474 -0.019211 -0.830927
v 0.233474 -0.018995 -0.830972
v 0.233474 -0.018767 -0.830993
v 0.233474 -0.018526 -0.830994
v 0.233474 -0.018272 -0.830976
v 0.233474 -0.017971 -0.830953
v 0.233474 -0.017670 -0.830938
v 0.233474 -0.017367 -0.830928
v 0.233474 -0.017063 -0.830924
v 0.233474 -0.016758 -0.830923
v 0.233474 -0.016453 -0.830925
v 0.233474 -0.016148 -0.830929
v 0.233474 -0.015842 -0.830934
v 0.233474 -0.015536 -0.830939
v 0.233474 -0.015231 -0.830942
v 0.233474 -0.014926 -0.830943
v 0.233474 -0.014621 -0.830941
v 0.233474 -0.014573 -0.830941
v 0.233474 -0.014526 -0.830942
v 0.233474 -0.014479 -0.830943
v 0.233474 -0.014432 -0.830944
v 0.233474 -0.014387 -0.830946
v 0.233474 -0.014341 -0.830947
v 0.233474 -0.014296 -0.830948
v 0.233474 -0.014251 -0.830948
v 0.233474 -0.014207 -0.830948
v 0.233474 -0.014163 -0.830947
v 0.233474 -0.014119 -0.830944
v 0.233474 -0.014074 -0.830941
v 0.233474 -0.013811 -0.830909
v 0.233474 -0.013578 -0.830849
v 0.233474 -0.013373 -0.830762
v 0.233474 -0.013198 -0.830647
v 0.233474 -0.013052 -0.830504
v 0.233474 -0.012935 -0.830334
v 0.233474 -0.012847 -0.830136
v 0.233474 -0.012788 -0.829911
v 0.233474 -0.012757 -0.829658
v 0.233474 -0.012756 -0.829378
v 0.233474 -0.012784 -0.829070
v 0.233474 -0.012840 -0.828735
v 0.233474 -0.012845 -0.828712
v 0.233474 -0.012858 -0.828645
v 0.233474 -0.012879 -0.828539
v 0.233474 -0.012908 -0.828396
v 0.233474 -0.012943 -0.828223
v 0.233474 -0.012983 -0.828021
v 0.233474 -0.013028 -0.827796
v 0.233474 -0.013078 -0.827552
v 0.233474 -0.013130 -0.827292
v 0.233474 -0.013185 -0.827020
v 0.233474 -0.013241 -0.826742
v 0.233474 -0.013298 -0.826460
v 0.233474 -0.013374 -0.825982
v 0.233474 -0.013399 -0.825528
v 0.233474 -0.013376 -0.825102
v 0.233474 -0.013306 -0.824707
v 0.233474 -0.013190 -0.824346
v 0.233474 -0.013032 -0.824023
v 0.233474 -0.012832 -0.823741
v 0.233474 -0.012592 -0.823503
v 0.233474 -0.012314 -0.823312
v 0.233474 -0.012000 -0.823171
v 0.233474 -0.011651 -0.823085
v 0.233474 -0.011270 -0.823055
v 0.233474 -0.011142 -0.823055
v 0.233474 -0.010773 -0.823055
v 0.233474 -0.010185 -0.823055
v 0.233474 -0.009399 -0.823055
v 0.233474 -0.008438 -0.823055
v 0.233474 -0.007324 -0.823055
v 0.233474 -0.006078 -0.823055
v 0.233474 -0.004722 -0.823055
v 0.233474 -0.003279 -0.823055
v 0.233474 -0.001770 -0.823055
v 0.233474 -0.000217 -0.823055
v 0.233474 0.001358 -0.823055
v 0.233474 0.002553 -0.823055
v 0.233474 0.003747 -0.823055
v 0.233474 0.004942 -0.823056
v 0.233474 0.006137 -0.823056
v 0.233474 0.007332 -0.823057
v 0.233474 0.008527 -0.823058
v 0.233474 0.009722 -0.823059
v 0.233474 0.010917 -0.823061
v 0.233474 0.012111 -0.823063
v 0.233474 0.013306 -0.823066
v 0.233474 0.014501 -0.823069
v 0.233474 0.015696 -0.823073
v 0.233474 0.015779 -0.823074
v 0.233474 0.015862 -0.823077
v 0.233474 0.015944 -0.823083
v 0.233474 0.016026 -0.823091
v 0.233474 0.016107 -0.823102
v 0.233474 0.016188 -0.823115
v 0.233474 0.016268 -0.823130
v 0.233474 0.016348 -0.823149
v 0.233474 0.016428 -0.823170
v 0.233474 0.016507 -0.823193
v 0.233474 0.016587 -0.823220
v 0.233474 0.016666 -0.823249
v 0.233474 0.016934 -0.823369
v 0.233474 0.017174 -0.823515
v 0.233474 0.017385 -0.823688
v 0.233474 0.017567 -0.823885
v 0.233474 0.017719 -0.824106
v 0.233474 0.017841 -0.824350
v 0.233474 0.017933 -0.824615
v 0.233474 0.017993 -0.824901
v 0.233474 0.018023 -0.825207
v 0.233474 0.018020 -0.825531
v 0.233474 0.017986 -0.825872
v 0.233474 0.017918 -0.826231
v 0.233474 0.017864 -0.826469
v 0.233474 0.017808 -0.826707
v 0.233474 0.017751 -0.826945
v 0.233474 0.017692 -0.827183
v 0.233474 0.017633 -0.827421
v 0.233474 0.017572 -0.827659
v 0.233474 0.017511 -0.827898
v 0.233474 0.017451 -0.828136
v 0.233474 0.017390 -0.828374
v 0.233474 0.017330 -0.828612
v 0.233474 0.017271 -0.828850
v 0.233474 0.017213 -0.829088
v 0.233474 0.017147 -0.829392
v 0.233474 0.017107 -0.829666
v 0.233474 0.017095 -0.829913
v 0.233474 0.017110 -0.830133
v 0.233474 0.017153 -0.830325
v 0.233474 0.017224 -0.830491
v 0.233474 0.017323 -0.830630
v 0.233474 0.017451 -0.830743
v 0.233474 0.017607 -0.830830
v 0.233474 0.017793 -0.830891
v 0.233474 0.018008 -0.830928
v 0.233474 0.018253 -0.830941
v 0.233474 0.019082 -0.830944
v 0.233474 0.019911 -0.830947
v 0.233474 0.020740 -0.830948
v 0.233474 0.021569 -0.830948
v 0.233474 0.022398 -0.830948
v 0.233474 0.023227 -0.830947
v 0.233474 0.024056 -0.830946
v 0.233474 0.024885 -0.830944
v 0.233474 0.025714 -0.830943
v 0.233474 0.026543 -0.830942
v 0.233474 0.027372 -0.830941
v 0.233474 0.028200 -0.830941
v 0.233474 0.028227 -0.830940
v 0.233474 0.028252 -0.830938
v 0.233474 0.028277 -0.830935
v 0.233474 0.028302 -0.830931
v 0.233474 0.028327 -0.830926
v 0.233474 0.028353 -0.830921
v 0.233474 0.028378 -0.830915
v 0.233474 0.028404 -0.830909
v 0.233474 0.028431 -0.830903
v 0.233474 0.028459 -0.830898
v 0.233474 0.028488 -0.830892
v 0.233474 0.028518 -0.830888
v 0.233474 0.028571 -0.829828
v 0.233474 0.028602 -0.828778
v 0.233474 0.028603 -0.827740
v 0.233474 0.028565 -0.826717
v 0.233474 0.028480 -0.825713
v 0.233474 0.028339 -0.824731
v 0.233474 0.028135 -0.823774
v 0.233474 0.027859 -0.822845
v 0.233474 0.027503 -0.821947
v 0.233474 0.027059 -0.821084
v 0.233474 0.026518 -0.820259
v 0.233474 0.025872 -0.819474
v 0.233474 0.025537 -0.819121
v 0.233474 0.025193 -0.818792
v 0.233474 0.024841 -0.818489
v 0.233474 0.024479 -0.818213
v 0.233474 0.024109 -0.817964
v 0.233474 0.023730 -0.817743
v 0.233474 0.023342 -0.817552
v 0.233474 0.022945 -0.817390
v 0.233474 0.022539 -0.817259
v 0.233474 0.022125 -0.817159
v 0.233474 0.021701 -0.817092
v 0.233474 0.021269 -0.817058
v 0.233474 0.020625 -0.817038
v 0.233474 0.019980 -0.817024
v 0.233474 0.019335 -0.817015
v 0.233474 0.018689 -0.817009
v 0.233474 0.018043 -0.817007
v 0.233474 0.017396 -0.817007
v 0.233474 0.016749 -0.817009
v 0.233474 0.016101 -0.817012
v 0.233474 0.015453 -0.817015
v 0.233474 0.014805 -0.817019
v 0.233474 0.014157 -0.817021
v 0.233474 0.013509 -0.817022
v 0.233474 0.012411 -0.817018
v 0.233474 0.011313 -0.817015
v 0.233474 0.010216 -0.817012
v 0.233474 0.009118 -0.817010
v 0.233474 0.008020 -0.817008
v 0.233474 0.006922 -0.817007
v 0.233474 0.005824 -0.817006
v 0.233474 0.004726 -0.817005
v 0.233474 0.003628 -0.817005
v 0.233474 0.002530 -0.817005
v 0.233474 0.001433 -0.817005
v 0.233474 0.000335 -0.817005
v 0.233474 -0.000519 -0.817005
v 0.233474 -0.002126 -0.817006
v 0.233474 -0.004356 -0.817007
v 0.233474 -0.007075 -0.817008
v 0.233474 -0.010153 -0.817009
v 0.233474 -0.013457 -0.817009
v 0.233474 -0.016855 -0.817009
v 0.233474 -0.020215 -0.817007
v 0.233474 -0.023405 -0.817005
v 0.233474 -0.026293 -0.817001
v 0.233474 -0.028747 -0.816995
v 0.247474 -0.030635 -0.816987
v 0.247474 -0.030772 -0.816992
v 0.247474 -0.030893 -0.817006
v 0.247474 -0.030999 -0.817031
v 0.247474 -0.031089 -0.817069
v 0.247474 -0.031165 -0.817119
v 0.247474 -0.031228 -0.817183
v 0.247474 -0.031278 -0.817263
v 0.247474 -0.031316 -0.817358
v 0.247474 -0.031342 -0.817471
v 0.247474 -0.031357 -0.817602
v 0.247474 -0.031363 -0.817752
v 0.247474 -0.031358 -0.817922
v 0.247474 -0.031350 -0.818115
v 0.247474 -0.031350 -0.818313
v 0.247474 -0.031357 -0.818515
v 0.247474 -0.031366 -0.818718
v 0.247474 -0.031376 -0.818920
v 0.247474 -0.031385 -0.819119
v 0.247474 -0.031389 -0.819314
v 0.247474 -0.031386 -0.819502
v 0.247474 -0.031373 -0.819681
v 0.247474 -0.031348 -0.819849
v 0.247474 -0.031309 -0.820004
v 0.247474 -0.031252 -0.820145
v 0.247474 -0.031181 -0.820255
v 0.247474 -0.031090 -0.820349
v 0.247474 -0.030983 -0.820429
v 0.247474 -0.030862 -0.820496
v 0.247474 -0.030731 -0.820554
v 0.247474 -0.030591 -0.820603
v 0.247474 -0.030445 -0.820647
v 0.247474 -0.030296 -0.820687
v 0.247474 -0.030146 -0.820725
v 0.247474 -0.029998 -0.820764
v 0.247474 -0.029855 -0.820805
v 0.247474 -0.029718 -0.820850
v 0.247474 -0.029606 -0.820895
v 0.247474 -0.029288 -0.821035
v 0.247474 -0.028791 -0.821276
v 0.247474 -0.028141 -0.821623
v 0.247474 -0.027366 -0.822084
v 0.247474 -0.026493 -0.822665
v 0.247474 -0.025548 -0.823372
v 0.247474 -0.024558 -0.824211
v 0.247474 -0.023550 -0.825189
v 0.247474 -0.022551 -0.826312
v 0.247474 -0.021588 -0.827586
v 0.247474 -0.020688 -0.829018
v 0.247474 -0.020665 -0.829053
v 0.247474 -0.020642 -0.829088
v 0.247474 -0.020617 -0.829124
v 0.247474 -0.020593 -0.829159
v 0.247474 -0.020568 -0.829195
v 0.247474 -0.020545 -0.829232
v 0.247474 -0.020522 -0.829268
v 0.247474 -0.020501 -0.829305
v 0.247474 -0.020482 -0.829343
v 0.247474 -0.020466 -0.829381
v 0.247474 -0.020452 -0.829419
v 0.247474 -0.020441 -0.829459
v 0.247474 -0.020337 -0.829772
v 0.247474 -0.020218 -0.830044
v 0.247474 -0.020085 -0.830276
v 0.247474 -0.019938 -0.830471
v 0.247474 -0.019776 -0.830632
v 0.247474 -0.019601 -0.830760
v 0.247474 -0.019413 -0.830857
v 0.247474 -0.019211 -0.830927
v 0.247474 -0.018995 -0.830972
v 0.247474 -0.018767 -0.830993
v 0.247474 -0.018526 -0.830994
v 0.247474 -0.018272 -0.830976
v 0.247474 -0.017971 -0.830953
v 0.247474 -0.017670 -0.830938
v 0.247474 -0.017367 -0.830928
v 0.247474 -0.017063 -0.830924
v 0.247474 -0.016758 -0.830923
v 0.247474 -0.016453 -0.830925
v 0.247474 -0.016148 -0.830929
v 0.247474 -0.015842 -0.830934
v 0.247474 -0.015536 -0.830939
v 0.247474 -0.015231 -0.830942
v 0.247474 -0.014926 -0.830943
v 0.247474 -0.014621 -0.830941
v 0.247474 -0.014573 -0.830941
v 0.247474 -0.014526 -0.830942
v 0.247474 -0.014479 -0.830943
v 0.247474 -0.014432 -0.830944
v 0.247474 -0.014387 -0.830946
v 0.247474 -0.014341 -0.830947
v 0.247474 -0.014296 -0.830948
v 0.247474 -0.014251 -0.830948
v 0.247474 -0.014207 -0.830948
v 0.247474 -0.014163 -0.830947
v 0.247474 -0.014119 -0.830944
v 0.247474 -0.014074 -0.830941
v 0.247474 -0.013811 -0.830909
v 0.247474 -0.013578 -0.830849
v 0.247474 -0.013373 -0.830762
v 0.247474 -0.013198 -0.830647
v 0.247474 -0.013052 -0.830504
v 0.247474 -0.012935 -0.830334
v 0.247474 -0.012847 -0.830136
v 0.247474 -0.012788 -0.829911
v 0.247474 -0.012757 -0.829658
v 0.247474 -0.012756 -0.829378
v 0.247474 -0.012784 -0.829070
v 0.247474 -0.012840 -0.828735
v 0.247474 -0.012845 -0.828712
v 0.247474 -0.012858 -0.828645
v 0.247474 -0.012879 -0.828539
v 0.247474 -0.012908 -0.828396
v 0.247474 -0.012943 -0.828223
v 0.247474 -0.012983 -0.828021
v 0.247474 -0.013028 -0.827796
v 0.247474 -0.013078 -0.827552
v 0.247474 -0.013130 -0.827292
v 0.247474 -0.013185 -0.827020
v 0.247474 -0.013241 -0.826742
v 0.247474 -0.013298 -0.826460
v 0.247474 -0.013374 -0.825982
v 0.247474 -0.013399 -0.825528
v 0.247474 -0.013376 -0.825102
v 0.247474 -0.013306 -0.824707
v 0.247474 -0.013190 -0.824346
v 0.247474 -0.013032 -0.824023
v 0.247474 -0.012832 -0.823741
v 0.247474 -0.012592 -0.823503
v 0.247474 -0.012314 -0.823312
v 0.247474 -0.012000 -0.823171
v 0.247474 -0.011651 -0.823085
v 0.247474 -0.011270 -0.823055
v 0.247474 -0.011142 -0.823055
v 0.247474 -0.010773 -0.823055
v 0.247474 -0.010185 -0.823055
v 0.247474 -0.009399 -0.823055
v 0.247474 -0.008438 -0.823055
v 0.247474 -0.007324 -0.823055
v 0.247474 -0.006078 -0.823055
v 0.247474 -0.004722 -0.823055
v 0.247474 -0.003279 -0.823055
v 0.247474 -0.001770 -0.823055
v 0.247474 -0.000217 -0.823055
v 0.247474 0.001358 -0.823055
v 0.247474 0.002553 -0.823055
v 0.247474 0.003747 -0.823055
v 0.247474 0.004942 -0.823056
v 0.247474 0.006137 -0.823056
v 0.247474 0.007332 -0.823057
v 0.247474 0.008527 -0.823058
v 0.247474 0.009722 -0.823059
v 0.247474 0.010917 -0.823061
v 0.247474 0.012111 -0.823063
v 0.247474 0.013306 -0.823066
v 0.247474 0.014501 -0.823069
v 0.247474 0.015696 -0.823073
v 0.247474 0.015779 -0.823074
v 0.247474 0.015862 -0.823077
v 0.247474 0.015944 -0.823083
v 0.247474 0.016026 -0.823091
v 0.247474 0.016107 -0.823102
v 0.247474 0.016188 -0.823115
v 0.247474 0.016268 -0.823130
v 0.247474 0.016348 -0.823149
v 0.247474 0.016428 -0.823170
v 0.247474 0.016507 -0.823193
v 0.247474 0.016587 -0.823220
v 0.247474 0.016666 -0.823249
v 0.247474 0.016934 -0.823369
v 0.247474 0.017174 -0.823515
v 0.247474 0.017385 -0.823688
v 0.247474 0.017567 -0.823885
v 0.247474 0.017719 -0.824106
v 0.247474 0.017841 -0.824350
v 0.247474 0.017933 -0.824615
v 0.247474 0.017993 -0.824901
v 0.247474 0.018023 -0.825207
v 0.247474 0.018020 -0.825531
v 0.247474 0.017986 -0.825872
v 0.247474 0.017918 -0.826231
v 0.247474 0.017864 -0.826469
v 0.247474 0.017808 -0.826707
v 0.247474 0.017751 -0.826945
v 0.247474 0.017692 -0.827183
v 0.247474 0.017633 -0.827421
v 0.247474 0.017572 -0.827659
v 0.247474 0.017511 -0.827898
v 0.247474 0.017451 -0.828136
v 0.247474 0.017390 -0.828374
v 0.247474 0.017330 -0.828612
v 0.247474 0.017271 -0.828850
v 0.247474 0.017213 -0.829088
v 0.247474 0.017147 -0.829392
v 0.247474 0.017107 -0.829666
v 0.247474 0.017095 -0.829913
v 0.247474 0.017110 -0.830133
v 0.247474 0.017153 -0.830325
v 0.247474 0.017224 -0.830491
v 0.247474 0.017323 -0.830630
v 0.247474 0.017451 -0.830743
v 0.247474 0.017607 -0.830830
v 0.247474 0.017793 -0.830891
v 0.247474 0.018008 -0.830928
v 0.247474 0.018253 -0.830941
v 0.247474 0.019082 -0.830944
v 0.247474 0.019911 -0.830947
v 0.247474 0.020740 -0.830948
v 0.247474 0.021569 -0.830948
v 0.247474 0.022398 -0.830948
v 0.247474 0.023227 -0.830947
v 0.247474 0.024056 -0.830946
v 0.247474 0.024885 -0.830944
v 0.247474 0.025714 -0.830943
v 0.247474 0.026543 -0.830942
v 0.247474 0.027372 -0.830941
v 0.247474 0.028200 -0.830941
v 0.247474 0.028227 -0.830940
v 0.247474 0.028252 -0.830938
v 0.247474 0.028277 -0.830935
v 0.247474 0.028302 -0.830931
v 0.247474 0.028327 -0.830926
v 0.247474 0.028353 -0.830921
v 0.247474 0.028378 -0.830915
v 0.247474 0.028404 -0.830909
v 0.247474 0.028431 -0.830903
v 0.247474 0.028459 -0.830898
v 0.247474 0.028488 -0.830892
v 0.247474 0.028518 -0.830888
v 0.247474 0.028571 -0.829828
v 0.247474 0.028602 -0.828778
v 0.247474 0.028603 -0.827740
v 0.247474 0.028565 -0.826717
v 0.247474 0.028480 -0.825713
v 0.247474 0.028339 -0.824731
v 0.247474 0.028135 -0.823774
v 0.247474 0.027859 -0.822845
v 0.247474 0.027503 -0.821947
v 0.247474 0.027059 -0.821084
v 0.247474 0.026518 -0.820259
v 0.247474 0.025872 -0.819474
v 0.247474 0.025537 -0.819121
v 0.247474 0.025193 -0.818792
v 0.247474 0.024841 -0.818489
v 0.247474 0.024479 -0.818213
v 0.247474 0.024109 -0.817964
v 0.247474 0.023730 -0.817743
v 0.247474 0.023342 -0.817552
v 0.247474 0.022945 -0.817390
v 0.247474 0.022539 -0.817259
v 0.247474 0.022125 -0.817159
v 0.247474 0.021701 -0.817092
v 0.247474 0.021269 -0.817058
v 0.247474 0.020625 -0.817038
v 0.247474 0.019980 -0.817024
v 0.247474 0.019335 -0.817015
v 0.247474 0.018689 -0.817009
v 0.247474 0.018043 -0.817007
v 0.247474 0.017396 -0.817007
v 0.247474 0.016749 -0.817009
v 0.247474 0.016101 -0.817012
v 0.247474 0.015453 -0.817015
v 0.247474 0.014805 -0.817019
v 0.247474 0.014157 -0.817021
v 0.247474 0.013509 -0.817022
v 0.247474 0.012411 -0.817018
v 0.247474 0.011313 -0.817015
v 0.247474 0.010216 -0.817012
v 0.247474 0.009118 -0.817010
v 0.247474 0.008020 -0.817008
v 0.247474 0.006922 -0.817007
v 0.247474 0.005824 -0.817006
v 0.247474 0.004726 -0.817005
v 0.247474 0.003628 -0.817005
v 0.247474 0.002530 -0.817005
v 0.247474 0.001433 -0.817005
v 0.247474 0.000335 -0.817005
v 0.247474 -0.000519 -0.817005
v 0.247474 -0.002126 -0.817006
v 0.247474 -0.004356 -0.817007
v 0.247474 -0.007075 -0.817008
v 0.247474 -0.010153 -0.817009
v 0.247474 -0.013457 -0.817009
v 0.247474 -0.016855 -0.817009
v 0.247474 -0.020215 -0.817007
v 0.247474 -0.023405 -0.817005
v 0.247474 -0.026293 -0.817001
v 0.247474 -0.028747 -0.816995
v 0.269145 -0.030635 -0.816987
v 0.269140 -0.030772 -0.816992
v 0.269126 -0.030893 -0.817006
v 0.269100 -0.030999 -0.817031
v 0.269063 -0.031089 -0.817069
v 0.269013 -0.031165 -0.817119
v 0.268949 -0.031228 -0.817183
v 0.268869 -0.031278 -0.817263
v 0.268774 -0.031316 -0.817358
v 0.268661 -0.031342 -0.817471
v 0.268530 -0.031357 -0.817602
v 0.268380 -0.031363 -0.817752
v 0.268210 -0.031358 -0.817922
v 0.268017 -0.031350 -0.818115
v 0.267819 -0.031350 -0.818313
v 0.267617 -0.031357 -0.818515
v 0.267414 -0.031366 -0.818718
v 0.267212 -0.031376 -0.818920
v 0.267013 -0.031385 -0.819119
v 0.266818 -0.031389 -0.819314
v 0.266630 -0.031386 -0.819502
v 0.266451 -0.031373 -0.819681
v 0.266283 -0.031348 -0.819849
v 0.266128 -0.031309 -0.820004
v 0.265987 -0.031252 -0.820145
v 0.265877 -0.031180 -0.820255
v 0.265783 -0.031090 -0.820349
v 0.265703 -0.030983 -0.820429
v 0.265636 -0.030862 -0.820496
v 0.265578 -0.030731 -0.820554
v 0.265529 -0.030591 -0.820603
v 0.265485 -0.030445 -0.820647
v 0.265445 -0.030296 -0.820687
v 0.265407 -0.030146 -0.820725
v 0.265368 -0.029998 -0.820764
v 0.265327 -0.029855 -0.820805
v 0.265282 -0.029718 -0.820850
v 0.265236 -0.029606 -0.820895
v 0.265097 -0.029288 -0.821035
v 0.264856 -0.028791 -0.821276
v 0.264509 -0.028141 -0.821623
v 0.264048 -0.027366 -0.822084
v 0.263467 -0.026493 -0.822665
v 0.262760 -0.025548 -0.823372
v 0.261921 -0.024558 -0.824211
v 0.260943 -0.023550 -0.825189
v 0.259820 -0.022551 -0.826312
v 0.258546 -0.021588 -0.827586
v 0.257114 -0.020688 -0.829018
v 0.257079 -0.020665 -0.829053
v 0.257043 -0.020642 -0.829088
v 0.257008 -0.020617 -0.829124
v 0.256972 -0.020593 -0.829159
v 0.256936 -0.020568 -0.829195
v 0.256900 -0.020545 -0.829232
v 0.256864 -0.020522 -0.829268
v 0.256827 -0.020501 -0.829305
v 0.256789 -0.020482 -0.829343
v 0.256751 -0.020466 -0.829381
v 0.256712 -0.020452 -0.829419
v 0.256673 -0.020441 -0.829459
v 0.256360 -0.020337 -0.829772
v 0.256088 -0.020218 -0.830044
v 0.255856 -0.020085 -0.830276
v 0.255660 -0.019938 -0.830471
v 0.255500 -0.019776 -0.830632
v 0.255372 -0.019601 -0.830760
v 0.255274 -0.019413 -0.830857
v 0.255204 -0.019211 -0.830927
v 0.255160 -0.018995 -0.830972
v 0.255139 -0.018767 -0.830993
v 0.255138 -0.018526 -0.830994
v 0.255156 -0.018272 -0.830976
v 0.255179 -0.017971 -0.830953
v 0.255194 -0.017670 -0.830938
v 0.255204 -0.017367 -0.830928
v 0.255208 -0.017063 -0.830924
v 0.255209 -0.016758 -0.830923
v 0.255207 -0.016453 -0.830925
v 0.255203 -0.016148 -0.830929
v 0.255198 -0.015842 -0.830934
v 0.255193 -0.015536 -0.830939
v 0.255190 -0.015231 -0.830942
v 0.255189 -0.014926 -0.830943
v 0.255191 -0.014621 -0.830941
v 0.255191 -0.014573 -0.830941
v 0.255190 -0.014526 -0.830942
v 0.255189 -0.014479 -0.830943
v 0.255187 -0.014432 -0.830944
v 0.255186 -0.014387 -0.830946
v 0.255185 -0.014341 -0.830947
v 0.255184 -0.014296 -0.830948
v 0.255184 -0.014251 -0.830948
v 0.255184 -0.014207 -0.830948
v 0.255185 -0.014163 -0.830947
v 0.255188 -0.014119 -0.830944
v 0.255191 -0.014074 -0.830941
v 0.255223 -0.013811 -0.830909
v 0.255282 -0.013578 -0.830849
v 0.255370 -0.013373 -0.830762
v 0.255485 -0.013198 -0.830647
v 0.255627 -0.013052 -0.830504
v 0.255798 -0.012935 -0.830334
v 0.255996 -0.012847 -0.830136
v 0.256221 -0.012788 -0.829911
v 0.256474 -0.012757 -0.829658
v 0.256754 -0.012756 -0.829378
v 0.257062 -0.012784 -0.829070
v 0.257396 -0.012840 -0.828735
v 0.257420 -0.012845 -0.828712
v 0.257487 -0.012858 -0.828645
v 0.257593 -0.012879 -0.828539
v 0.257735 -0.012908 -0.828396
v 0.257909 -0.012943 -0.828222
v 0.258111 -0.012983 -0.828021
v 0.258336 -0.013028 -0.827796
v 0.258580 -0.013078 -0.827552
v 0.258840 -0.013130 -0.827292
v 0.259111 -0.013185 -0.827020
v 0.259390 -0.013241 -0.826742
v 0.259672 -0.013298 -0.826460
v 0.260150 -0.013374 -0.825982
v 0.260604 -0.013399 -0.825528
v 0.261030 -0.013376 -0.825102
v 0.261425 -0.013306 -0.824707
v 0.261786 -0.013190 -0.824346
v 0.262109 -0.013032 -0.824023
v 0.262391 -0.012832 -0.823741
v 0.262629 -0.012592 -0.823503
v 0.262820 -0.012314 -0.823312
v 0.262960 -0.012000 -0.823171
v 0.263047 -0.011651 -0.823085
v 0.263077 -0.011270 -0.823055
v 0.263077 -0.011142 -0.823055
v 0.263077 -0.010773 -0.823055
v 0.263077 -0.010185 -0.823055
v 0.263077 -0.009399 -0.823055
v 0.263077 -0.008438 -0.823055
v 0.263077 -0.007324 -0.823055
v 0.263077 -0.006078 -0.823055
v 0.263077 -0.004722 -0.823055
v 0.263077 -0.003279 -0.823055
v 0.263077 -0.001770 -0.823055
v 0.263077 -0.000217 -0.823055
v 0.263077 0.001358 -0.823055
v 0.263077 0.002553 -0.823055
v 0.263076 0.003747 -0.823055
v 0.263076 0.004942 -0.823056
v 0.263076 0.006137 -0.823056
v 0.263075 0.007332 -0.823057
v 0.263074 0.008527 -0.823057
v 0.263073 0.009722 -0.823059
v 0.263071 0.010917 -0.823061
v 0.263069 0.012111 -0.823063
v 0.263066 0.013306 -0.823065
v 0.263063 0.014501 -0.823069
v 0.263059 0.015696 -0.823073
v 0.263058 0.015779 -0.823074
v 0.263054 0.015862 -0.823077
v 0.263049 0.015944 -0.823083
v 0.263041 0.016026 -0.823091
v 0.263030 0.016107 -0.823102
v 0.263017 0.016188 -0.823115
v 0.263001 0.016268 -0.823130
v 0.262983 0.016348 -0.823149
v 0.262962 0.016428 -0.823170
v 0.262938 0.016507 -0.823193
v 0.262912 0.016587 -0.823220
v 0.262883 0.016666 -0.823249
v 0.262763 0.016934 -0.823369
v 0.262616 0.017174 -0.823515
v 0.262444 0.017385 -0.823688
v 0.262247 0.017567 -0.823885
v 0.262026 0.017719 -0.824106
v 0.261782 0.017841 -0.824350
v 0.261517 0.017933 -0.824615
v 0.261231 0.017993 -0.824901
v 0.260925 0.018023 -0.825207
v 0.260601 0.018020 -0.825531
v 0.260259 0.017986 -0.825872
v 0.259901 0.017918 -0.826231
v 0.259663 0.017864 -0.826469
v 0.259425 0.017809 -0.826707
v 0.259187 0.017751 -0.826945
v 0.258949 0.017692 -0.827183
v 0.258711 0.017633 -0.827421
v 0.258472 0.017572 -0.827659
v 0.258234 0.017511 -0.827898
v 0.257996 0.017451 -0.828136
v 0.257758 0.017390 -0.828374
v 0.257520 0.017330 -0.828612
v 0.257282 0.017271 -0.828850
v 0.257044 0.017213 -0.829088
v 0.256740 0.017147 -0.829391
v 0.256465 0.017107 -0.829666
v 0.256218 0.017095 -0.829913
v 0.255999 0.017110 -0.830133
v 0.255807 0.017153 -0.830325
v 0.255641 0.017224 -0.830491
v 0.255502 0.017323 -0.830630
v 0.255389 0.017451 -0.830743
v 0.255302 0.017607 -0.830830
v 0.255240 0.017793 -0.830891
v 0.255204 0.018008 -0.830928
v 0.255191 0.018253 -0.830941
v 0.255188 0.019082 -0.830944
v 0.255185 0.019911 -0.830947
v 0.255184 0.020740 -0.830948
v 0.255184 0.021569 -0.830948
v 0.255184 0.022398 -0.830948
v 0.255185 0.023227 -0.830947
v 0.255186 0.024056 -0.830946
v 0.255187 0.024885 -0.830944
v 0.255189 0.025714 -0.830943
v 0.255190 0.026543 -0.830942
v 0.255191 0.027372 -0.830941
v 0.255191 0.028200 -0.830941
v 0.255192 0.028227 -0.830940
v 0.255194 0.028252 -0.830938
v 0.255197 0.028277 -0.830935
v 0.255201 0.028302 -0.830931
v 0.255206 0.028327 -0.830926
v 0.255211 0.028353 -0.830921
v 0.255217 0.028378 -0.830915
v 0.255223 0.028404 -0.830909
v 0.255229 0.028431 -0.830903
v 0.255234 0.028459 -0.830898
v 0.255240 0.028488 -0.830892
v 0.255244 0.028518 -0.830888
v 0.256304 0.028571 -0.829828
v 0.257354 0.028602 -0.828778
v 0.258392 0.028603 -0.827740
v 0.259415 0.028565 -0.826717
v 0.260419 0.028480 -0.825713
v 0.261401 0.028339 -0.824731
v 0.262358 0.028135 -0.823774
v 0.263287 0.027859 -0.822845
v 0.264185 0.027503 -0.821947
v 0.265048 0.027059 -0.821084
v 0.265873 0.026518 -0.820259
v 0.266658 0.025872 -0.819474
v 0.267011 0.025537 -0.819121
v 0.267340 0.025193 -0.818792
v 0.267643 0.024841 -0.818489
v 0.267919 0.024479 -0.818213
v 0.268168 0.024109 -0.817964
v 0.268389 0.023730 -0.817743
v 0.268580 0.023342 -0.817552
v 0.268742 0.022945 -0.817390
v 0.268873 0.022539 -0.817259
v 0.268972 0.022125 -0.817159
v 0.269040 0.021701 -0.817092
v 0.269074 0.021269 -0.817058
v 0.269094 0.020625 -0.817038
v 0.269108 0.019980 -0.817024
v 0.269117 0.019335 -0.817015
v 0.269123 0.018689 -0.817009
v 0.269125 0.018043 -0.817007
v 0.269125 0.017396 -0.817007
v 0.269123 0.016749 -0.817009
v 0.269120 0.016101 -0.817012
v 0.269116 0.015453 -0.817015
v 0.269113 0.014805 -0.817019
v 0.269111 0.014157 -0.817021
v 0.269110 0.013509 -0.817022
v 0.269114 0.012411 -0.817018
v 0.269117 0.011313 -0.817015
v 0.269120 0.010216 -0.817012
v 0.269122 0.009118 -0.817010
v 0.269124 0.008020 -0.817008
v 0.269125 0.006922 -0.817007
v 0.269126 0.005824 -0.817006
v 0.269127 0.004726 -0.817005
v 0.269127 0.003628 -0.817005
v 0.269127 0.002530 -0.817005
v 0.269127 0.001433 -0.817005
v 0.269127 0.000335 -0.817005
v 0.269127 -0.000519 -0.817005
v 0.269126 -0.002126 -0.817006
v 0.269125 -0.004356 -0.817007
v 0.269124 -0.007075 -0.817008
v 0.269123 -0.010153 -0.817009
v 0.269123 -0.013457 -0.817009
v 0.269123 -0.016855 -0.817009
v 0.269125 -0.020215 -0.817007
v 0.269127 -0.023405 -0.817005
v 0.269131 -0.026293 -0.817001
v 0.269137 -0.028747 -0.816995
v 0.269145 -0.030635 -0.838658
v 0.269140 -0.030772 -0.838658
v 0.269126 -0.030893 -0.838658
v 0.269100 -0.030999 -0.838658
v 0.269063 -0.031089 -0.838658
v 0.269013 -0.031165 -0.838658
v 0.268949 -0.031228 -0.838658
v 0.268869 -0.031278 -0.838658
v 0.268774 -0.031316 -0.838658
v 0.268661 -0.031342 -0.838658
v 0.268530 -0.031357 -0.838658
v 0.268380 -0.031363 -0.838658
v 0.268210 -0.031358 -0.838658
v 0.268017 -0.031350 -0.838658
v 0.267819 -0.031350 -0.838658
v 0.267617 -0.031357 -0.838658
v 0.267414 -0.031366 -0.838658
v 0.267212 -0.031376 -0.838658
v 0.267013 -0.031385 -0.838658
v 0.266818 -0.031389 -0.838658
v 0.266630 -0.031386 -0.838658
v 0.266451 -0.031373 -0.838658
v 0.266283 -0.031348 -0.838658
v 0.266128 -0.031309 -0.838658
v 0.265987 -0.031252 -0.838658
v 0.265877 -0.031180 -0.838658
v 0.265783 -0.031090 -0.838658
v 0.265703 -0.030983 -0.838658
v 0.265636 -0.030862 -0.838658
v 0.265578 -0.030731 -0.838658
v 0.265529 -0.030591 -0.838658
v 0.265485 -0.030445 -0.838658
v 0.265445 -0.030296 -0.838658
v 0.265407 -0.030146 -0.838658
v 0.265368 -0.029998 -0.838658
v 0.265327 -0.029855 -0.838658
v 0.265282 -0.029718 -0.838658
v 0.265236 -0.029606 -0.838658
v 0.265097 -0.029288 -0.838658
v 0.264856 -0.028791 -0.838658
v 0.264509 -0.028141 -0.838658
v 0.264048 -0.027366 -0.838658
v 0.263467 -0.026493 -0.838658
v 0.262760 -0.025548 -0.838658
v 0.261921 -0.024558 -0.838658
v 0.260943 -0.023550 -0.838658
v 0.259820 -0.022551 -0.838658
v 0.258546 -0.021588 -0.838658
v 0.257114 -0.020688 -0.838658
v 0.257079 -0.020665 -0.838658
v 0.257043 -0.020642 -0.838658
v 0.257008 -0.020617 -0.838658
v 0.256972 -0.020593 -0.838658
v 0.256936 -0.020568 -0.838658
v 0.256900 -0.020545 -0.838658
v 0.256864 -0.020522 -0.838658
v 0.256827 -0.020501 -0.838658
v 0.256789 -0.020482 -0.838658
v 0.256751 -0.020466 -0.838658
v 0.256712 -0.020452 -0.838658
v 0.256673 -0.020441 -0.838658
v 0.256360 -0.020337 -0.838658
v 0.256088 -0.020218 -0.838658
v 0.255856 -0.020085 -0.838658
v 0.255660 -0.019938 -0.838658
v 0.255500 -0.019776 -0.838658
v 0.255372 -0.019601 -0.838658
v 0.255274 -0.019413 -0.838658
v 0.255204 -0.019211 -0.838658
v 0.255160 -0.018995 -0.838658
v 0.255139 -0.018767 -0.838658
v 0.255138 -0.018526 -0.838658
v 0.255156 -0.018272 -0.838658
v 0.255179 -0.017971 -0.838658
v 0.255194 -0.017670 -0.838658
v 0.255204 -0.017367 -0.838658
v 0.255208 -0.017063 -0.838658
v 0.255209 -0.016758 -0.838658
v 0.255207 -0.016453 -0.838658
v 0.255203 -0.016148 -0.838658
v 0.255198 -0.015842 -0.838658
v 0.255193 -0.015536 -0.838658
v 0.255190 -0.015231 -0.838658
v 0.255189 -0.014926 -0.838658
v 0.255191 -0.014621 -0.838658
v 0.255191 -0.014573 -0.838658
v 0.255190 -0.014526 -0.838658
v 0.255189 -0.014479 -0.838658
v 0.255187 -0.014432 -0.838658
v 0.255186 -0.014387 -0.838658
v 0.255185 -0.014341 -0.838658
v 0.255184 -0.014296 -0.838658
v 0.255184 -0.014251 -0.838658
v 0.255184 -0.014207 -0.838658
v 0.255185 -0.014163 -0.838658
v 0.255188 -0.014119 -0.838658
v 0.255191 -0.014074 -0.838658
v 0.255223 -0.013811 -0.838658
v 0.255282 -0.013578 -0.838658
v 0.255370 -0.013373 -0.838658
v 0.255485 -0.013198 -0.838658
v 0.255627 -0.013052 -0.838658
v 0.255798 -0.012935 -0.838658
v 0.255996 -0.012847 -0.838658
v 0.256221 -0.012788 -0.838658
v 0.256474 -0.012757 -0.838658
v 0.256754 -0.012756 -0.838658
v 0.257062 -0.012784 -0.838658
v 0.257396 -0.012840 -0.838658
v 0.257420 -0.012845 -0.838658
v 0.257487 -0.012858 -0.838658
v 0.257593 -0.012879 -0.838658
v 0.257735 -0.012908 -0.838658
v 0.257909 -0.012943 -0.838658
v 0.258111 -0.012983 -0.838658
v 0.258336 -0.013028 -0.838658
v 0.258580 -0.013078 -0.838658
v 0.258840 -0.013130 -0.838658
v 0.259111 -0.013185 -0.838658
v 0.259390 -0.013241 -0.838658
v 0.259672 -0.013298 -0.838658
v 0.260150 -0.013374 -0.838658
v 0.260604 -0.013399 -0.838658
v 0.261030 -0.013376 -0.838658
v 0.261425 -0.013306 -0.838658
v 0.261786 -0.013190 -0.838658
v 0.262109 -0.013032 -0.838658
v 0.262391 -0.012832 -0.838658
v 0.262629 -0.012592 -0.838658
v 0.262820 -0.012314 -0.838658
v 0.262960 -0.012000 -0.838658
v 0.263047 -0.011651 -0.838658
v 0.263077 -0.011270 -0.838658
v 0.263077 -0.011142 -0.838658
v 0.263077 -0.010773 -0.838658
v 0.263077 -0.010185 -0.838658
v 0.263077 -0.009399 -0.838658
v 0.263077 -0.008438 -0.838658
v 0.263077 -0.007324 -0.838658
v 0.263077 -0.006078 -0.838658
v 0.263077 -0.004722 -0.838658
v 0.263077 -0.003279 -0.838658
v 0.263077 -0.001770 -0.838658
v 0.263077 -0.000217 -0.838658
v 0.263077 0.001358 -0.838658
v 0.263077 0.002553 -0.838658
v 0.263076 0.003747 -0.838658
v 0.263076 0.004942 -0.838658
v 0.263076 0.006137 -0.838658
v 0.263075 0.007332 -0.838658
v 0.263074 0.008527 -0.838658
v 0.263073 0.009722 -0.838658
v 0.263071 0.010917 -0.838658
v 0.263069 0.012111 -0.838658
v 0.263066 0.013306 -0.838658
v 0.263063 0.014501 -0.838658
v 0.263059 0.015696 -0.838658
v 0.263058 0.015779 -0.838658
v 0.263054 0.015862 -0.838658
v 0.263049 0.015944 -0.838658
v 0.263041 0.016026 -0.838658
v 0.263030 0.016107 -0.838658
v 0.263017 0.016188 -0.838658
v 0.263001 0.016268 -0.838658
v 0.262983 0.016348 -0.838658
v 0.262962 0.016428 -0.838658
v 0.262938 0.016507 -0.838658
v 0.262912 0.016587 -0.838658
v 0.262883 0.016666 -0.838658
v 0.262763 0.016934 -0.838658
v 0.262616 0.017174 -0.838658
v 0.262444 0.017385 -0.838658
v 0.262247 0.017567 -0.838658
v 0.262026 0.017719 -0.838658
v 0.261782 0.017841 -0.838658
v 0.261517 0.017933 -0.838658
v 0.261231 0.017993 -0.838658
v 0.260925 0.018023 -0.838658
v 0.260601 0.018020 -0.838658
v 0.260259 0.017986 -0.838658
v 0.259901 0.017918 -0.838658
v 0.259663 0.017864 -0.838658
v 0.259425 0.017809 -0.838658
v 0.259187 0.017751 -0.838658
v 0.258949 0.017692 -0.838658
v 0.258711 0.017633 -0.838658
v 0.258472 0.017572 -0.838658
v 0.258234 0.017511 -0.838658
v 0.257996 0.017451 -0.838658
v 0.257758 0.017390 -0.838658
v 0.257520 0.017330 -0.838658
v 0.257282 0.017271 -0.838658
v 0.257044 0.017213 -0.838658
v 0.256740 0.017147 -0.838658
v 0.256465 0.017107 -0.838658
v 0.256218 0.017095 -0.838658
v 0.255999 0.017110 -0.838658
v 0.255807 0.017153 -0.838658
v 0.255641 0.017224 -0.838658
v 0.255502 0.017323 -0.838658
v 0.255389 0.017451 -0.838658
v 0.255302 0.017607 -0.838658
v 0.255240 0.017793 -0.838658
v 0.255204 0.018008 -0.838658
v 0.255191 0.018253 -0.838658
v 0.255188 0.019082 -0.838658
v 0.255185 0.019911 -0.838658
v 0.255184 0.020740 -0.838658
v 0.255184 0.021569 -0.838658
v 0.255184 0.022398 -0.838658
v 0.255185 0.023227 -0.838658
v 0.255186 0.024056 -0.838658
v 0.255187 0.024885 -0.838658
v 0.255189 0.025714 -0.838658
v 0.255190 0.026543 -0.838658
v 0.255191 0.027372 -0.838658
v 0.255191 0.028200 -0.838658
v 0.255192 0.028227 -0.838658
v 0.255194 0.028252 -0.838658
v 0.255197 0.028277 -0.838658
v 0.255201 0.028302 -0.838658
v 0.255206 0.028327 -0.838658
v 0.255211 0.028353 -0.838658
v 0.255217 0.028378 -0.838658
v 0.255223 0.028404 -0.838658
v 0.255229 0.028431 -0.838658
v 0.255234 0.028459 -0.838658
v 0.255240 0.028488 -0.838658
v 0.255244 0.028518 -0.838658
v 0.256304 0.028571 -0.838658
v 0.257354 0.028602 -0.838658
v 0.258392 0.028603 -0.838658
v 0.259415 0.028565 -0.838658
v 0.260419 0.028480 -0.838658
v 0.261401 0.028339 -0.838658
v 0.262358 0.028135 -0.838658
v 0.263287 0.027859 -0.838658
v 0.264185 0.027503 -0.838658
v 0.265048 0.027059 -0.838658
v 0.265873 0.026518 -0.838658
v 0.266658 0.025872 -0.838658
v 0.267011 0.025537 -0.838658
v 0.267340 0.025193 -0.838658
v 0.267643 0.024841 -0.838658
v 0.267919 0.024479 -0.838658
v 0.268168 0.024109 -0.838658
v 0.268389 0.023730 -0.838658
v 0.268580 0.023342 -0.838658
v 0.268742 0.022945 -0.838658
v 0.268873 0.022539 -0.838658
v 0.268972 0.022125 -0.838658
v 0.269040 0.021701 -0.838658
v 0.269074 0.021269 -0.838658
v 0.269094 0.020625 -0.838658
v 0.269108 0.019980 -0.838658
v 0.269117 0.019335 -0.838658
v 0.269123 0.018689 -0.838658
v 0.269125 0.018043 -0.838658
v 0.269125 0.017396 -0.838658
v 0.269123 0.016749 -0.838658
v 0.269120 0.016101 -0.838658
v 0.269116 0.015453 -0.838658
v 0.269113 0.014805 -0.838658
v 0.269111 0.014157 -0.838658
v 0.269110 0.013509 -0.838658
v 0.269114 0.012411 -0.838658
v 0.269117 0.011313 -0.838658
v 0.269120 0.010216 -0.838658
v 0.269122 0.009118 -0.838658
v 0.269124 0.008020 -0.838658
v 0.269125 0.006922 -0.838658
v 0.269126 0.005824 -0.838658
v 0.269127 0.004726 -0.838658
v 0.269127 0.003628 -0.838658
v 0.269127 0.002530 -0.838658
v 0.269127 0.001433 -0.838658
v 0.269127 0.000335 -0.838658
v 0.269127 -0.000519 -0.838658
v 0.269126 -0.002126 -0.838658
v 0.269125 -0.004356 -0.838658
v 0.269124 -0.007075 -0.838658
v 0.269123 -0.010153 -0.838658
v 0.269123 -0.013457 -0.838658
v 0.269123 -0.016855 -0.838658
v 0.269125 -0.020215 -0.838658
v 0.269127 -0.023405 -0.838658
v 0.269131 -0.026293 -0.838658
v 0.269137 -0.028747 -0.838658
v 0.269145 -0.030635 -0.852658
v 0.269140 -0.030772 -0.852658
v 0.269126 -0.030893 -0.852658
v 0.269100 -0.030999 -0.852658
v 0.269063 -0.031089 -0.852658
v 0.269013 -0.031165 -0.852658
v 0.268949 -0.031228 -0.852658
v 0.268869 -0.031278 -0.852658
v 0.268774 -0.031316 -0.852658
v 0.268661 -0.031342 -0.852658
v 0.268530 -0.031357 -0.852658
v 0.268380 -0.031363 -0.852658
v 0.268210 -0.031358 -0.852658
v 0.268017 -0.031350 -0.852658
v 0.267819 -0.031350 -0.852658
v 0.267617 -0.031357 -0.852658
v 0.267414 -0.031366 -0.852658
v 0.267212 -0.031376 -0.852658
v 0.267013 -0.031385 -0.852658
v 0.266818 -0.031389 -0.852658
v 0.266630 -0.031386 -0.852658
v 0.266451 -0.031373 -0.852658
v 0.266283 -0.031348 -0.852658
v 0.266128 -0.031309 -0.852658
v 0.265987 -0.031252 -0.852658
v 0.265877 -0.031180 -0.852658
v 0.265783 -0.031090 -0.852658
v 0.265703 -0.030983 -0.852658
v 0.265636 -0.030862 -0.852658
v 0.265578 -0.030731 -0.852658
v 0.265529 -0.030591 -0.852658
v 0.265485 -0.030445 -0.852658
v 0.265445 -0.030296 -0.852658
v 0.265407 -0.030146 -0.852658
v 0.265368 -0.029998 -0.852658
v 0.265327 -0.029855 -0.852658
v 0.265282 -0.029718 -0.852658
v 0.265236 -0.029606 -0.852658
v 0.265097 -0.029288 -0.852658
v 0.264856 -0.028791 -0.852658
v 0.264509 -0.028141 -0.852658
v 0.264048 -0.027366 -0.852658
v 0.263467 -0.026493 -0.852658
v 0.262760 -0.025548 -0.852658
v 0.261921 -0.024558 -0.852658
v 0.260943 -0.023550 -0.852658
v 0.259820 -0.022551 -0.852658
v 0.258546 -0.021588 -0.852658
v 0.257114 -0.020688 -0.852658
v 0.257079 -0.020665 -0.852658
v 0.257043 -0.020642 -0.852658
v 0.257008 -0.020617 -0.852658
v 0.256972 -0.020593 -0.852658
v 0.256936 -0.020568 -0.852658
v 0.256900 -0.020545 -0.852658
v 0.256864 -0.020522 -0.852658
v 0.256827 -0.020501 -0.852658
v 0.256789 -0.020482 -0.852658
v 0.256751 -0.020466 -0.852658
v 0.256712 -0.020452 -0.852658
v 0.256673 -0.020441 -0.852658
v 0.256360 -0.020337 -0.852658
v 0.256088 -0.020218 -0.852658
v 0.255856 -0.020085 -0.852658
v 0.255660 -0.019938 -0.852658
v 0.255500 -0.019776 -0.852658
v 0.255372 -0.019601 -0.852658
v 0.255274 -0.019413 -0.852658
v 0.255204 -0.019211 -0.852658
v 0.255160 -0.018995 -0.852658
v 0.255139 -0.018767 -0.852658
v 0.255138 -0.018526 -0.852658
v 0.255156 -0.018272 -0.852658
v 0.255179 -0.017971 -0.852658
v 0.255194 -0.017670 -0.852658
v 0.255204 -0.017367 -0.852658
v 0.255208 -0.017063 -0.852658
v 0.255209 -0.016758 -0.852658
v 0.255207 -0.016453 -0.852658
v 0.255203 -0.016148 -0.852658
v 0.255198 -0.015842 -0.852658
v 0.255193 -0.015536 -0.852658
v 0.255190 -0.015231 -0.852658
v 0.255189 -0.014926 -0.852658
v 0.255191 -0.014621 -0.852658
v 0.255191 -0.014573 -0.852658
v 0.255190 -0.014526 -0.852658
v 0.255189 -0.014479 -0.852658
v 0.255187 -0.014432 -0.852658
v 0.255186 -0.014387 -0.852658
v 0.255185 -0.014341 -0.852658
v 0.255184 -0.014296 -0.852658
v 0.255184 -0.014251 -0.852658
v 0.255184 -0.014207 -0.852658
v 0.255185 -0.014163 -0.852658
v 0.255188 -0.014119 -0.852658
v 0.255191 -0.014074 -0.852658
v 0.255223 -0.013811 -0.852658
v 0.255282 -0.013578 -0.852658
v 0.255370 -0.013373 -0.852658
v 0.255485 -0.013198 -0.852658
v 0.255627 -0.013052 -0.852658
v 0.255798 -0.012935 -0.852658
v 0.255996 -0.012847 -0.852658
v 0.256221 -0.012788 -0.852658
v 0.256474 -0.012757 -0.852658
v 0.256754 -0.012756 -0.852658
v 0.257062 -0.012784 -0.852658
v 0.257396 -0.012840 -0.852658
v 0.257420 -0.012845 -0.852658
v 0.257487 -0.012858 -0.852658
v 0.257593 -0.012879 -0.852658
v 0.257735 -0.012908 -0.852658
v 0.257909 -0.012943 -0.852658
v 0.258111 -0.012983 -0.852658
v 0.258336 -0.013028 -0.852658
v 0.258580 -0.013078 -0.852658
v 0.258840 -0.013130 -0.852658
v 0.259111 -0.013185 -0.852658
v 0.259390 -0.013241 -0.852658
v 0.259672 -0.013298 -0.852658
v 0.260150 -0.013374 -0.852658
v 0.260604 -0.013399 -0.852658
v 0.261030 -0.013376 -0.852658
v 0.261425 -0.013306 -0.852658
v 0.261786 -0.013190 -0.852658
v 0.262109 -0.013032 -0.852658
v 0.262391 -0.012832 -0.852658
v 0.262629 -0.012592 -0.852658
v 0.262820 -0.012314 -0.852658
v 0.262960 -0.012000 -0.852658
v 0.263047 -0.011651 -0.852658
v 0.263077 -0.011270 -0.852658
v 0.263077 -0.011142 -0.852658
v 0.263077 -0.010773 -0.852658
v 0.263077 -0.010185 -0.852658
v 0.263077 -0.009399 -0.852658
v 0.263077 -0.008438 -0.852658
v 0.263077 -0.007324 -0.852658
v 0.263077 -0.006078 -0.852658
v 0.263077 -0.004722 -0.852658
v 0.263077 -0.003279 -0.852658
v 0.263077 -0.001770 -0.852658
v 0.263077 -0.000217 -0.852658
v 0.263077 0.001358 -0.852658
v 0.263077 0.002553 -0.852658
v 0.263076 0.003747 -0.852658
v 0.263076 0.004942 -0.852658
v 0.263076 0.006137 -0.852658
v 0.263075 0.007332 -0.852658
v 0.263074 0.008527 -0.852658
v 0.263073 0.009722 -0.852658
v 0.263071 0.010917 -0.852658
v 0.263069 0.012111 -0.852658
v 0.263066 0.013306 -0.852658
v 0.263063 0.014501 -0.852658
v 0.263059 0.015696 -0.852658
v 0.263058 0.015779 -0.852658
v 0.263054 0.015862 -0.852658
v 0.263049 0.015944 -0.852658
v 0.263041 0.016026 -0.852658
v 0.263030 0.016107 -0.852658
v 0.263017 0.016188 -0.852658
v 0.263001 0.016268 -0.852658
v 0.262983 0.016348 -0.852658
v 0.262962 0.016428 -0.852658
v 0.262938 0.016507 -0.852658
v 0.262912 0.016587 -0.852658
v 0.262883 0.016666 -0.852658
v 0.262763 0.016934 -0.852658
v 0.262616 0.017174 -0.852658
v 0.262444 0.017385 -0.852658
v 0.262247 0.017567 -0.852658
v 0.262026 0.017719 -0.852658
v 0.261782 0.017841 -0.852658
v 0.261517 0.017933 -0.852658
v 0.261231 0.017993 -0.852658
v 0.260925 0.018023 -0.852658
v 0.260601 0.018020 -0.852658
v 0.260259 0.017986 -0.852658
v 0.259901 0.017918 -0.852658
v 0.259663 0.017864 -0.852658
v 0.259425 0.017809 -0.852658
v 0.259187 0.017751 -0.852658
v 0.258949 0.017692 -0.852658
v 0.258711 0.017633 -0.852658
v 0.258472 0.017572 -0.852658
v 0.258234 0.017511 -0.852658
v 0.257996 0.017451 -0.852658
v 0.257758 0.017390 -0.852658
v 0.257520 0.017330 -0.852658
v 0.257282 0.017271 -0.852658
v 0.257044 0.017213 -0.852658
v 0.256740 0.017147 -0.852658
v 0.256465 0.017107 -0.852658
v 0.256218 0.017095 -0.852658
v 0.255999 0.017110 -0.852658
v 0.255807 0.017153 -0.852658
v 0.255641 0.017224 -0.852658
v 0.255502 0.017323 -0.852658
v 0.255389 0.017451 -0.852658
v 0.255302 0.017607 -0.852658
v 0.255240 0.017793 -0.852658
v 0.255204 0.018008 -0.852658
v 0.255191 0.018253 -0.852658
v 0.255188 0.019082 -0.852658
v 0.255185 0.019911 -0.852658
v 0.255184 0.020740 -0.852658
v 0.255184 0.021569 -0.852658
v 0.255184 0.022398 -0.852658
v 0.255185 0.023227 -0.852658
v 0.255186 0.024056 -0.852658
v 0.255187 0.024885 -0.852658
v 0.255189 0.025714 -0.852658
v 0.255190 0.026543 -0.852658
v 0.255191 0.027372 -0.852658
v 0.255191 0.028200 -0.852658
v 0.255192 0.028227 -0.852658
v 0.255194 0.028252 -0.852658
v 0.255197 0.028277 -0.852658
v 0.255201 0.028302 -0.852658
v 0.255206 0.028327 -0.852658
v 0.255211 0.028353 -0.852658
v 0.255217 0.028378 -0.852658
v 0.255223 0.028404 -0.852658
v 0.255229 0.028431 -0.852658
v 0.255234 0.028459 -0.852658
v 0.255240 0.028488 -0.852658
v 0.255244 0.028518 -0.852658
v 0.256304 0.028571 -0.852658
v 0.257354 0.028602 -0.852658
v 0.258392 0.028603 -0.852658
v 0.259415 0.028565 -0.852658
v 0.260419 0.028480 -0.852658
v 0.261401 0.028339 -0.852658
v 0.262358 0.028135 -0.852658
v 0.263287 0.027859 -0.852658
v 0.264185 0.027503 -0.852658
v 0.265048 0.027059 -0.852658
v 0.265873 0.026518 -0.852658
v 0.266658 0.025872 -0.852658
v 0.267011 0.025537 -0.852658
v 0.267340 0.025193 -0.852658
v 0.267643 0.024841 -0.852658
v 0.267919 0.024479 -0.852658
v 0.268168 0.024109 -0.852658
v 0.268389 0.023730 -0.852658
v 0.268580 0.023342 -0.852658
v 0.268742 0.022945 -0.852658
v 0.268873 0.022539 -0.852658
v 0.268972 0.022125 -0.852658
v 0.269040 0.021701 -0.852658
v 0.269074 0.021269 -0.852658
v 0.269094 0.020625 -0.852658
v 0.269108 0.019980 -0.852658
v 0.269117 0.019335 -0.852658
v 0.269123 0.018689 -0.852658
v 0.269125 0.018043 -0.852658
v 0.269125 0.017396 -0.852658
v 0.269123 0.016749 -0.852658
v 0.269120 0.016101 -0.852658
v 0.269116 0.015453 -0.852658
v 0.269113 0.014805 -0.852658
v 0.269111 0.014157 -0.852658
v 0.269110 0.013509 -0.852658
v 0.269114 0.012411 -0.852658
v 0.269117 0.011313 -0.852658
v 0.269120 0.010216 -0.852658
v 0.269122 0.009118 -0.852658
v 0.269124 0.008020 -0.852658
v 0.269125 0.006922 -0.852658
v 0.269126 0.005824 -0.852658
v 0.269127 0.004726 -0.852658
v 0.269127 0.003628 -0.852658
v 0.269127 0.002530 -0.852658
v 0.269127 0.001433 -0.852658
v 0.269127 0.000335 -0.852658
v 0.269127 -0.000519 -0.852658
v 0.269126 -0.002126 -0.852658
v 0.269125 -0.004356 -0.852658
v 0.269124 -0.007075 -0.852658
v 0.269123 -0.010153 -0.852658
v 0.269123 -0.013457 -0.852658
v 0.269123 -0.016855 -0.852658
v 0.269125 -0.020215 -0.852658
v 0.269127 -0.023405 -0.852658
v 0.269131 -0.026293 -0.852658
v 0.269137 -0.028747 -0.852658
vn -1.0000 -0.0000 -0.0000
vn -1.0000 -0.0000 0.0001
vn -1.0000 -0.0000 -0.0002
vn -1.0000 -0.0000 0.0002
vn -1.0000 -0.0000 -0.0007
vn -1.0000 -0.0000 -0.0001
vn -1.0000 -0.0000 -0.0003
vn -1.0000 -0.0000 0.0005
vn -1.0000 -0.0000 -0.0004
vn -1.0000 -0.0000 0.0009
vn -1.0000 -0.0000 -0.0006
vn -1.0000 -0.0000 0.0004
vn -1.0000 -0.0000 0.0007
vn -0.9985 -0.0000 -0.0547
vn -1.0000 -0.0000 0.0011
vn -1.0000 -0.0000 0.0016
vn -1.0000 -0.0000 -0.0008
vn -1.0000 -0.0000 0.0006
vn -0.0000 0.9137 -0.4064
vn -0.0000 -0.0018 -1.0000
vn -0.0000 -0.0000 -1.0000
vn -0.0000 0.0016 1.0000
vn -0.0000 0.0533 -0.9986
vn -0.0000 0.0775 -0.9970
vn -0.0000 -0.0015 1.0000
vn -0.0000 0.0020 1.0000
vn -0.0000 0.9845 -0.1752
vn -0.0000 -0.7159 0.6982
vn -0.0000 -0.0283 -0.9996
vn -0.0000 -0.9994 0.0345
vn -0.0000 -0.0056 1.0000
vn -0.0000 0.5663 -0.8242
vn -0.0000 -0.0132 -0.9999
vn -0.0000 -0.7194 -0.6946
vn -0.0000 0.9877 0.1562
vn -0.0000 0.3775 0.9260
vn -0.0000 -0.0020 -1.0000
vn -0.0000 0.0031 1.0000
vn -0.0000 0.7720 0.6356
vn -0.0000 -0.0048 1.0000
vn -0.0000 0.9803 0.1974
vn -0.0000 0.9804 0.1970
vn -0.0000 0.9862 0.1656
vn -0.0000 0.0300 0.9996
vn -0.0000 -0.8675 -0.4975
vn -0.0000 -0.9739 0.2269
vn -0.0000 0.6072 0.7946
vn -0.0000 0.5575 0.8302
vn -0.0000 -0.8511 -0.5250
vn -0.0000 -0.9301 0.3673
vn -0.0000 -0.0081 -1.0000
vn -0.0000 -0.7978 -0.6029
vn -0.0000 0.9930 -0.1184
vn -0.0000 -0.4355 -0.9002
vn -0.0000 -0.4890 -0.8723
vn -0.0000 0.9993 0.0373
vn -0.0000 0.6910 0.7229
vn -0.0000 -0.5984 -0.8012
vn -0.0000 0.9296 0.3686
vn -0.0000 0.2180 -0.9759
vn -0.0000 0.9802 0.1978
vn -0.0000 0.0075 -1.0000
vn -0.0000 0.0004 -1.0000
vn -0.0000 0.0149 -0.9999
vn -0.0000 0.1195 -0.9928
vn -0.0000 0.9804 0.1971
vn -0.0000 0.9899 0.1416
vn -0.0000 0.0001 1.0000
vn -0.0000 -0.0005 -1.0000
vn -0.0000 0.2011 -0.9796
vn -0.0000 -0.3273 -0.9449
vn -0.0000 0.9987 -0.0503
vn -0.0000 -0.0316 -0.9995
vn -0.0000 0.0776 -0.9970
vn -0.0000 -0.4008 -0.9162
vn -0.0000 0.1868 -0.9824
vn -0.0000 -0.0150 -0.9999
vn -0.0000 0.0010 -1.0000
vn -0.0000 -0.9655 -0.2603
vn -0.0000 0.0017 -1.0000
vn -0.0000 -0.6623 -0.7492
vn -0.0000 -0.0044 -1.0000
vn -0.0000 -0.0004 1.0000
vn -0.0000 0.0751 -0.9972
vn -0.0000 -0.8241 -0.5665
vn -0.0000 -0.9694 -0.2455
vn -0.0000 -0.7050 -0.7092
vn -0.0000 -0.3155 -0.9489
vn -0.0000 -0.6466 -0.7628
vn -0.0000 -0.8920 -0.4521
vn -0.0000 -0.9716 0.2367
vn -0.0000 -0.3163 -0.9487
vn -0.0000 -0.9761 -0.2172
vn -0.0000 -0.8412 -0.5407
vn -0.0000 -0.9709 0.2396
vn -0.0000 -0.5113 -0.8594
vn -0.0000 -0.9782 -0.2076
vn -0.0000 -0.9691 0.2467
vn -0.0000 0.0005 1.0000
vn -0.0000 -0.3482 -0.9374
vn -0.0000 -0.9752 0.2212
vn -0.0000 -0.9995 0.0307
vn -0.0000 -0.0978 -0.9952
vn -0.0000 -0.9900 0.1414
vn -0.0000 -0.8237 -0.5670
vn -0.0000 -0.9693 0.2458
vn -0.0000 0.0012 1.0000
vn -0.0000 -0.0014 -1.0000
vn -0.0000 0.2339 0.9723
vn -0.0000 -0.2543 -0.9671
vn -0.0000 -1.0000 0.0077
vn -0.0000 -1.0000 0.0012
vn -0.0000 -0.8465 0.5323
vn -0.0000 -0.9991 -0.0420
vn -0.0000 -0.2870 -0.9579
vn -0.0000 -0.5213 -0.8534
vn -0.0000 -0.9999 -0.0162
vn -0.0000 -0.0136 -0.9999
vn -0.0000 -0.2466 -0.9691
vn -0.0000 -0.0000 1.0000
vn -0.0000 0.7046 -0.7096
vn -0.0000 0.0089 1.0000
vn -0.0000 -0.1605 -0.9870
vn -0.0000 0.9801 0.1987
vn -0.0000 -0.0023 -1.0000
vn -0.0000 -0.9997 -0.0252
vn -0.0000 0.0216 0.9998
vn -0.0000 0.9805 0.1963
vn -0.0000 -0.0001 -1.0000
vn -0.0000 0.0026 1.0000
vn -0.0000 0.9525 -0.3046
vn -0.0000 0.5027 0.8645
vn -0.0000 -0.8143 -0.5804
vn -0.0000 0.4083 -0.9129
vn -0.0000 0.9673 -0.2535
vn -0.0000 0.9985 0.0555
vn -0.0000 0.0832 -0.9965
vn -0.0000 -0.0031 1.0000
vn -0.0000 0.9806 0.1961
vn -0.0000 0.8891 0.4577
vn -0.0000 -0.0313 -0.9995
vn -0.0000 0.0147 0.9999
vn -0.0000 -0.0158 -0.9999
vn -0.0000 1.0000 -0.0045
vn -0.0000 0.1572 0.9876
vn -0.0000 0.6987 -0.7155
vn -0.0000 0.0708 -0.9975
vn -0.0000 0.2462 -0.9692
vn -0.0000 -0.7983 -0.6022
vn -0.0000 -0.0279 -0.9996
vn -0.0000 0.0095 -1.0000
vn -0.0000 -0.0109 -0.9999
vn -0.0000 -0.0063 -1.0000
vn -0.0000 0.9996 -0.0297
vn -0.0000 -0.8697 -0.4936
vn -0.0000 0.0511 -0.9987
vn -0.0000 -0.1686 -0.9857
vn -0.0000 -0.9991 0.0418
vn -0.0000 -0.8466 -0.5322
vn -0.0000 -0.0001 1.0000
vn -0.0000 0.6514 0.7587
vn -0.0000 0.0022 -1.0000
vn -0.0000 0.2056 -0.9786
vn -0.0000 -0.0332 0.9994
vn -0.0000 -0.3814 0.9244
vn -0.0000 -0.5901 -0.8073
vn -0.0000 0.9780 0.2085
vn -0.0000 -0.2025 -0.9793
vn -0.0000 0.0016 -1.0000
vn -0.0000 -0.8373 -0.5467
vn -0.0000 -0.9489 -0.3157
vn -0.0000 -0.0028 -1.0000
vn -0.0000 -0.9159 -0.4015
vn -0.0000 -0.5502 0.8350
vn -0.0000 0.1816 -0.9834
vn -0.0000 -0.8282 -0.5604
vn -0.0000 -0.2589 -0.9659
vn -0.0000 -0.8297 -0.5582
vn -0.0000 0.1234 -0.9924
vn -0.0000 -0.9273 -0.3743
vn -0.0000 0.0024 1.0000
vn -0.0000 0.0015 -1.0000
vn -0.0000 -0.9194 -0.3932
vn -0.0000 -0.2525 -0.9676
vn -0.0000 -0.6964 -0.7177
vn -0.0000 -0.9697 0.2442
vn -0.0000 -0.3740 -0.9274
vn -0.0000 -0.9736 0.2284
vn -0.0000 -0.8940 -0.4481
vn -0.0000 -0.2856 -0.9584
vn -0.0000 -0.9988 0.0497
vn -0.0000 0.0041 1.0000
vn -0.0000 -0.0005 1.0000
vn -0.0000 -0.9690 0.2471
vn -0.0000 -0.0411 -0.9992
vn -0.0000 -0.0003 1.0000
vn -0.0000 -0.9949 0.1008
vn -0.0000 -0.6326 -0.7745
vn -0.0000 -0.0008 -1.0000
vn -0.0000 -0.9989 0.0470
vn -0.0000 -0.1913 -0.9815
vn -0.0000 0.0009 1.0000
vn -0.0000 -0.2343 0.9722
vn -0.0000 -0.9976 -0.0698
vn -0.0000 0.5487 -0.8360
vn -0.0000 0.0003 1.0000
vn -0.0000 0.8976 -0.4408
vn -0.0000 -0.0039 1.0000
vn -0.0000 -0.9932 0.1163
vn -0.0000 -0.0052 1.0000
vn -0.0000 0.0014 1.0000
vn -0.0000 0.9803 0.1977
vn -0.0000 0.0037 1.0000
vn -0.0000 0.2412 -0.9705
vn -0.0000 -0.3342 -0.9425
vn -0.0000 0.4425 0.8967
vn -0.0000 0.9985 -0.0548
vn -0.0000 0.0792 0.9969
vn -0.0000 0.0036 1.0000
vn -0.0000 0.9805 0.1965
vn -0.0000 0.9960 0.0890
vn -0.0000 0.8242 -0.5663
vn -0.0000 1.0000 -0.0006
vn -0.0000 0.3924 -0.9198
vn -0.0000 -0.4718 -0.8817
vn -0.0000 0.2181 -0.9759
vn -0.0000 0.3076 0.9515
vn -0.0000 0.9586 0.2847
vn -0.0000 0.0299 -0.9996
vn -0.0000 -0.0178 -0.9998
vn -0.0000 0.7260 0.6877
vn -0.0000 -0.0188 -0.9998
vn -0.0000 -0.0075 -1.0000
vn -0.0000 -0.0016 -1.0000
vn -0.0000 -0.0032 -1.0000
vn -0.0000 0.1532 -0.9882
vn -0.0000 0.0318 -0.9995
vn -0.0000 -0.0931 -0.9957
vn -0.0000 0.9964 0.0845
vn -0.0000 -0.4599 -0.8880
vn -0.0000 0.1573 -0.9875
vn -0.0000 -0.9163 -0.4006
vn -0.0000 -0.9705 0.2411
vn -0.0000 0.2123 -0.9772
vn -0.0000 -0.9415 -0.3370
vn -0.0000 -0.8376 -0.5462
vn -0.0000 -0.9722 0.2343
vn -0.0000 0.0002 1.0000
vn -0.0000 -0.4865 -0.8737
vn -0.0000 -0.0499 -0.9988
vn -0.0000 -0.7472 -0.6646
vn -0.0000 -0.9453 -0.3263
vn -0.0000 0.0277 -0.9996
vn -0.0000 -0.8243 -0.5662
vn -0.0000 -0.4018 -0.9157
vn -0.0000 -0.9987 0.0506
vn -0.0000 -0.5989 -0.8008
vn -0.0000 0.8364 0.5482
vn -0.0000 -0.3160 -0.9488
vn -0.0000 -0.9976 -0.0688
vn -0.0000 0.0008 1.0000
vn -0.0000 -0.0697 -0.9976
vn -0.0000 -0.2745 -0.9616
vn -0.0000 -0.0010 -1.0000
vn -0.0000 -0.9689 0.2476
vn -0.0000 0.0004 1.0000
vn -0.0000 -0.9770 0.2130
vn -0.0000 -0.9828 0.1847
vn -0.0000 0.8157 -0.5784
vn -0.0000 -0.9700 0.2432
vn -0.0000 -0.7351 -0.6779
vn -0.0000 0.9801 0.1986
vn -0.0000 -0.9954 -0.0955
vn -0.0000 -0.2224 -0.9750
vn -0.0000 -0.9894 -0.1452
vn -0.0000 -0.4073 -0.9133
vn -0.0000 -0.0034 -1.0000
vn -0.0000 -0.9998 0.0205
vn -0.0000 -0.5537 -0.8327
vn -0.0000 -0.1186 0.9929
vn -0.0000 0.2041 -0.9790
vn -0.0000 0.0024 -1.0000
vn -0.0000 0.6515 0.7586
vn -0.0000 -0.8466 -0.5323
vn -0.0000 -0.1687 -0.9857
vn -0.0000 0.0513 -0.9987
vn -0.0000 -0.8698 -0.4934
vn -0.0000 -0.0069 -1.0000
vn -0.0000 0.0105 -0.9999
vn -0.0000 -0.0293 -0.9996
vn -0.0000 0.2465 -0.9691
vn -0.0000 0.0706 -0.9975
vn -0.0000 0.6987 -0.7154
vn -0.0000 -0.0159 -0.9999
vn -0.0000 0.9805 0.1964
vn -0.0000 -0.0030 1.0000
vn -0.0000 0.9804 0.1969
vn -0.0000 0.0842 -0.9965
vn -0.0000 0.4082 -0.9129
vn -0.0000 -0.8143 -0.5805
vn -0.0000 0.0025 1.0000
vn -0.0000 0.0217 0.9998
vn -0.0000 -0.1596 -0.9872
vn -0.0000 0.0088 1.0000
vn -0.0000 -0.2469 -0.9690
vn -0.0000 -0.0128 -0.9999
vn -0.0000 -0.5215 -0.8533
vn -0.0000 -0.2874 -0.9578
vn -0.0000 -0.8466 0.5322
vn -0.0000 -0.2541 -0.9672
vn -0.0000 0.2338 0.9723
vn -0.0000 -0.9899 0.1414
vn -0.0000 -0.0982 -0.9952
vn -0.0000 -0.9752 0.2211
vn -0.0000 -0.3475 -0.9377
vn -0.0000 0.0006 1.0000
vn -0.0000 -0.9709 0.2397
vn -0.0000 -0.8412 -0.5408
vn -0.0000 -0.8917 -0.4527
vn -0.0000 -0.3154 -0.9490
vn -0.0000 -0.7051 -0.7091
vn -0.0000 -0.8236 -0.5672
vn -0.0000 0.0750 -0.9972
vn -0.0000 -0.0045 -1.0000
vn -0.0000 -0.6624 -0.7491
vn -0.0000 0.0018 -1.0000
vn -0.0000 -0.9655 -0.2605
vn -0.0000 0.1879 -0.9822
vn -0.0000 -0.4009 -0.9161
vn -0.0000 0.0804 -0.9968
vn -0.0000 -0.0305 -0.9995
vn -0.0000 0.1995 -0.9799
vn -0.0000 -0.0006 -1.0000
vn -0.0000 0.9804 0.1972
vn -0.0000 0.1192 -0.9929
vn -0.0000 0.0076 -1.0000
vn -0.0000 0.9802 0.1979
vn -0.0000 0.2188 -0.9758
vn -0.0000 -0.5983 -0.8012
vn -0.0000 0.6909 0.7229
vn -0.0000 -0.4891 -0.8722
vn -0.0000 -0.0089 -1.0000
vn -0.0000 -0.9300 0.3676
vn -0.0000 -0.8515 -0.5244
vn -0.0000 0.5576 0.8301
vn -0.0000 0.6071 0.7946
vn -0.0000 -0.9740 0.2267
vn -0.0000 -0.8674 -0.4976
vn -0.0000 0.0299 0.9996
vn -0.0000 -0.0047 1.0000
vn -0.0000 -0.0019 -1.0000
vn -0.0000 0.3773 0.9261
vn -0.0000 -0.7193 -0.6947
vn -0.0000 -0.0133 -0.9999
vn -0.0000 0.5664 -0.8241
vn -0.0000 -0.0054 1.0000
vn -0.0000 -0.0270 -0.9996
vn -0.0000 -0.7154 0.6987
vn -0.0000 0.0019 1.0000
vn -0.0000 0.0773 -0.9970
vn -0.0000 0.0542 -0.9985
vn -0.0000 0.9136 -0.4066
vn -0.0000 -0.0004 -1.0000
vn -0.0000 -0.1294 -0.9916
vn -0.0000 -0.1191 0.9929
vn -0.0000 0.9806 0.1962
vn -0.0000 -0.2222 -0.9750
vn -0.0000 0.9801 0.1985
vn -0.0000 -0.7352 -0.6779
vn -0.0000 -0.9771 0.2130
vn -0.0000 -0.0011 -1.0000
vn -0.0000 -0.2747 -0.9615
vn -0.0000 -0.0695 -0.9976
vn -0.0000 -0.3161 -0.9487
vn -0.0000 0.0005 -1.0000
vn -0.0000 -0.4019 -0.9157
vn -0.0000 -0.8240 -0.5666
vn -0.0000 0.0255 -0.9997
vn -0.0000 -0.0496 -0.9988
vn -0.0000 -0.4866 -0.8736
vn -0.0000 -0.9722 0.2342
vn -0.0000 -0.8374 -0.5466
vn -0.0000 -0.9416 -0.3369
vn -0.0000 0.2132 -0.9770
vn -0.0000 -0.9163 -0.4005
vn -0.0000 0.1578 -0.9875
vn -0.0000 -0.4600 -0.8879
vn -0.0000 -0.0928 -0.9957
vn -0.0000 0.0316 -0.9995
vn -0.0000 0.1526 -0.9883
vn -0.0000 -0.0031 -1.0000
vn -0.0000 -0.0015 -1.0000
vn -0.0000 -0.0074 -1.0000
vn -0.0000 -0.0177 -0.9998
vn -0.0000 0.7261 0.6876
vn -0.0000 -0.0182 -0.9998
vn -0.0000 0.0285 -0.9996
vn -0.0000 0.2183 -0.9759
vn -0.0000 0.3923 -0.9198
vn -0.0000 0.8243 -0.5661
vn -0.0000 0.0793 0.9968
vn -0.0000 0.4426 0.8967
vn -0.0000 -0.3339 -0.9426
vn -0.0000 0.8976 -0.4407
vn -0.0000 0.5488 -0.8359
vn -0.0000 -0.2333 0.9724
vn -0.0000 -0.1919 -0.9814
vn -0.0000 -0.6325 -0.7745
vn -0.0000 -0.0409 -0.9992
vn -0.0000 -0.9988 0.0496
vn -0.0000 -0.2860 -0.9582
vn -0.0000 -0.8939 -0.4482
vn -0.0000 -0.3742 -0.9273
vn -0.0000 -0.2523 -0.9677
vn -0.0000 -0.9195 -0.3932
vn -0.0000 0.1205 -0.9927
vn -0.0000 -0.8306 -0.5568
vn -0.0000 -0.2586 -0.9660
vn -0.0000 0.1811 -0.9835
vn -0.0000 -0.5509 0.8346
vn -0.0000 -0.9160 -0.4011
vn -0.0000 -0.0029 -1.0000
vn -0.0000 -0.2027 -0.9792
vn -0.0000 -0.5900 -0.8074
vn -0.0000 -0.3813 0.9245
vn -0.0000 -0.0330 0.9995
vn 0.2366 -0.9716 -0.0000
vn -0.9487 -0.3162 -0.0000
vn -0.2173 -0.9761 -0.0000
vn 1.0000 0.0031 -0.0000
vn 0.2396 -0.9709 -0.0000
vn 1.0000 -0.0048 -0.0000
vn 0.1970 0.9804 -0.0000
vn -0.2076 -0.9782 -0.0000
vn 0.2467 -0.9691 -0.0000
vn 1.0000 0.0005 -0.0000
vn 0.2268 -0.9740 -0.0000
vn -0.9377 -0.3473 -0.0000
vn 0.2212 -0.9752 -0.0000
vn 0.0307 -0.9995 -0.0000
vn -0.9952 -0.0981 -0.0000
vn -0.5670 -0.8237 -0.0000
vn 1.0000 0.0012 -0.0000
vn -0.1184 0.9930 -0.0000
vn -1.0000 -0.0014 -0.0000
vn -0.9671 -0.2544 -0.0000
vn 0.0077 -1.0000 -0.0000
vn -0.8722 -0.4892 -0.0000
vn 0.7229 0.6910 -0.0000
vn 0.5324 -0.8465 -0.0000
vn 0.1978 0.9802 -0.0000
vn -0.0420 -0.9991 -0.0000
vn -0.9579 -0.2870 -0.0000
vn -0.0162 -0.9999 -0.0000
vn -0.9999 -0.0129 -0.0000
vn -0.9928 0.1194 -0.0000
vn 0.1416 0.9899 -0.0000
vn 1.0000 0.0001 -0.0000
vn -1.0000 -0.0005 -0.0000
vn -0.7096 0.7046 -0.0000
vn -0.9798 0.1998 -0.0000
vn 1.0000 0.0087 -0.0000
vn -0.9995 -0.0312 -0.0000
vn -0.9969 0.0790 -0.0000
vn -0.9999 -0.0150 -0.0000
vn 0.1987 0.9801 -0.0000
vn -1.0000 0.0011 -0.0000
vn -0.0252 -0.9997 -0.0000
vn 0.9998 0.0217 -0.0000
vn 0.1963 0.9805 -0.0000
vn 1.0000 0.0025 -0.0000
vn -0.3046 0.9525 -0.0000
vn 0.8644 0.5027 -0.0000
vn -0.9972 0.0750 -0.0000
vn -0.7091 -0.7051 -0.0000
vn -0.9489 -0.3155 -0.0000
vn -0.4523 -0.8919 -0.0000
vn -0.5412 -0.8409 -0.0000
vn -0.2535 0.9673 -0.0000
vn -0.8594 -0.5114 -0.0000
vn -0.9965 0.0835 -0.0000
vn 1.0000 -0.0029 -0.0000
vn 0.1966 0.9805 -0.0000
vn 0.4577 0.8891 -0.0000
vn -0.9995 -0.0309 -0.0000
vn 0.9999 0.0147 -0.0000
vn -0.9999 -0.0158 -0.0000
vn 0.1414 -0.9899 -0.0000
vn 0.9875 0.1574 -0.0000
vn -0.7154 0.6987 -0.0000
vn -0.9975 0.0707 -0.0000
vn 0.2457 -0.9693 -0.0000
vn -0.6023 -0.7983 -0.0000
vn 0.9723 0.2336 -0.0000
vn -1.0000 0.0094 -0.0000
vn 0.0012 -1.0000 -0.0000
vn -1.0000 -0.0062 -0.0000
vn -0.0297 0.9996 -0.0000
vn -0.4937 -0.8696 -0.0000
vn -0.9857 -0.1686 -0.0000
vn 0.0418 -0.9991 -0.0000
vn -0.5323 -0.8466 -0.0000
vn -0.8533 -0.5214 -0.0000
vn 0.7587 0.6515 -0.0000
vn -1.0000 0.0023 -0.0000
vn -0.9790 0.2037 -0.0000
vn 0.9247 -0.3807 -0.0000
vn -0.9690 -0.2471 -0.0000
vn 0.2085 0.9780 -0.0000
vn -0.9793 -0.2025 -0.0000
vn -1.0000 0.0015 -0.0000
vn -0.3157 -0.9489 -0.0000
vn -1.0000 -0.0029 -0.0000
vn -0.9872 -0.1598 -0.0000
vn 0.8349 -0.5505 -0.0000
vn -1.0000 -0.0023 -0.0000
vn -0.9836 0.1805 -0.0000
vn -0.5601 -0.8284 -0.0000
vn -0.9659 -0.2588 -0.0000
vn -0.9925 0.1220 -0.0000
vn -0.3743 -0.9273 -0.0000
vn 1.0000 0.0024 -0.0000
vn -0.3932 -0.9195 -0.0000
vn -0.5806 -0.8142 -0.0000
vn -0.7177 -0.6964 -0.0000
vn 0.2442 -0.9697 -0.0000
vn -0.9129 0.4082 -0.0000
vn -0.9273 -0.3743 -0.0000
vn 0.2283 -0.9736 -0.0000
vn 0.0555 0.9985 -0.0000
vn -0.4481 -0.8940 -0.0000
vn -0.9583 -0.2857 -0.0000
vn 1.0000 0.0041 -0.0000
vn 1.0000 -0.0005 -0.0000
vn -0.0045 1.0000 -0.0000
vn -0.9992 -0.0410 -0.0000
vn -0.9692 0.2464 -0.0000
vn -0.9996 -0.0289 -0.0000
vn -1.0000 -0.0008 -0.0000
vn 1.0000 -0.0001 -0.0000
vn 0.0469 -0.9989 -0.0000
vn -0.9999 -0.0109 -0.0000
vn 1.0000 0.0009 -0.0000
vn -0.9987 0.0513 -0.0000
vn -0.0698 -0.9976 -0.0000
vn 0.9994 -0.0334 -0.0000
vn -0.8074 -0.5900 -0.0000
vn -0.8361 0.5486 -0.0000
vn -0.5466 -0.8374 -0.0000
vn -0.4407 0.8976 -0.0000
vn 1.0000 -0.0039 -0.0000
vn -0.4013 -0.9159 -0.0000
vn 0.1163 -0.9932 -0.0000
vn 1.0000 -0.0052 -0.0000
vn 1.0000 0.0014 -0.0000
vn -0.5566 -0.8308 -0.0000
vn 0.1977 0.9803 -0.0000
vn -0.9677 -0.2522 -0.0000
vn 0.8967 0.4426 -0.0000
vn 0.9968 0.0793 -0.0000
vn 0.0496 -0.9988 -0.0000
vn 0.2472 -0.9690 -0.0000
vn 1.0000 -0.0003 -0.0000
vn 0.1008 -0.9949 -0.0000
vn -0.5662 0.8243 -0.0000
vn -0.0006 1.0000 -0.0000
vn -0.7745 -0.6326 -0.0000
vn -0.8817 -0.4718 -0.0000
vn -0.9759 0.2184 -0.0000
vn -0.9815 -0.1916 -0.0000
vn 0.2847 0.9586 -0.0000
vn -0.9996 0.0296 -0.0000
vn 0.9722 -0.2342 -0.0000
vn -0.9998 -0.0188 -0.0000
vn -1.0000 -0.0074 -0.0000
vn -1.0000 -0.0016 -0.0000
vn -0.9880 0.1543 -0.0000
vn 1.0000 0.0003 -0.0000
vn -1.0000 -0.0028 -0.0000
vn -0.9957 -0.0931 -0.0000
vn -0.9875 0.1579 -0.0000
vn -0.4006 -0.9163 -0.0000
vn 0.2412 -0.9705 -0.0000
vn -1.0000 -0.0001 -0.0000
vn -1.0000 0.0017 -0.0000
vn -0.5467 -0.8373 -0.0000
vn 0.2343 -0.9722 -0.0000
vn -0.9988 -0.0498 -0.0000
vn -0.6646 -0.7472 -0.0000
vn -0.3263 -0.9453 -0.0000
vn 1.0000 0.0037 -0.0000
vn -0.9156 -0.4020 -0.0000
vn -0.9705 0.2412 -0.0000
vn -0.9425 -0.3341 -0.0000
vn -0.9485 -0.3167 -0.0000
vn -0.0548 0.9985 -0.0000
vn -0.0688 -0.9976 -0.0000
vn 1.0000 0.0008 -0.0000
vn -0.9976 -0.0695 -0.0000
vn -0.9616 -0.2745 -0.0000
vn -1.0000 -0.0010 -0.0000
vn 1.0000 0.0038 -0.0000
vn 0.2476 -0.9689 -0.0000
vn 0.0890 0.9960 -0.0000
vn 0.1847 -0.9828 -0.0000
vn -0.5785 0.8157 -0.0000
vn -0.9198 0.3925 -0.0000
vn -0.6779 -0.7352 -0.0000
vn 0.1985 0.9801 -0.0000
vn 0.9516 0.3075 -0.0000
vn -0.9750 -0.2223 -0.0000
vn 0.1962 0.9806 -0.0000
vn 0.6876 0.7260 -0.0000
vn -0.9998 -0.0185 -0.0000
vn -1.0000 -0.0034 -0.0000
vn 1.0000 -0.0004 -0.0000
vn -1.0000 -0.0031 -0.0000
vn -0.8327 -0.5537 -0.0000
vn 0.9930 -0.1184 -0.0000
vn -0.9995 0.0317 -0.0000
vn -1.0000 -0.0003 -0.0000
vn -0.4065 0.9137 -0.0000
vn 0.0845 0.9964 -0.0000
vn -0.8879 -0.4601 -0.0000
vn -0.9771 0.2128 -0.0000
vn -0.3371 -0.9415 -0.0000
vn 1.0000 0.0016 -0.0000
vn -0.9985 0.0540 -0.0000
vn 1.0000 0.0002 -0.0000
vn -0.8737 -0.4865 -0.0000
vn -0.9970 0.0773 -0.0000
vn 1.0000 -0.0016 -0.0000
vn -0.9996 0.0274 -0.0000
vn -0.5665 -0.8241 -0.0000
vn -0.1752 0.9845 -0.0000
vn 0.6984 -0.7157 -0.0000
vn -0.9996 -0.0267 -0.0000
vn 0.0507 -0.9987 -0.0000
vn -0.8008 -0.5989 -0.0000
vn 1.0000 -0.0054 -0.0000
vn -1.0000 0.0004 -0.0000
vn 0.5482 0.8364 -0.0000
vn -0.9999 -0.0133 -0.0000
vn -0.6947 -0.7193 -0.0000
vn 0.9260 0.3774 -0.0000
vn -1.0000 -0.0020 -0.0000
vn 0.6356 0.7720 -0.0000
vn 0.1974 0.9803 -0.0000
vn 1.0000 0.0004 -0.0000
vn 0.1656 0.9862 -0.0000
vn 0.9996 0.0299 -0.0000
vn -0.4975 -0.8675 -0.0000
vn 0.2130 -0.9771 -0.0000
vn 0.7946 0.6071 -0.0000
vn 0.8301 0.5576 -0.0000
vn -0.5243 -0.8516 -0.0000
vn 0.2433 -0.9700 -0.0000
vn 0.3675 -0.9300 -0.0000
vn -0.0955 -0.9954 -0.0000
vn -1.0000 -0.0080 -0.0000
vn -0.6029 -0.7978 -0.0000
vn -0.1451 -0.9894 -0.0000
vn -0.9002 -0.4354 -0.0000
vn -0.9132 -0.4074 -0.0000
vn 0.0373 0.9993 -0.0000
vn 1.0000 -0.0000 -0.0000
vn -0.8013 -0.5983 -0.0000
vn 0.3686 0.9296 -0.0000
vn -0.9759 0.2183 -0.0000
vn 0.0205 -0.9998 -0.0000
vn -1.0000 0.0076 -0.0000
vn -0.9916 -0.1291 -0.0000
vn -0.9999 0.0149 -0.0000
vn 0.1972 0.9804 -0.0000
vn -1.0000 -0.0018 -0.0000
vn -0.9449 -0.3272 -0.0000
vn -0.0503 0.9987 -0.0000
vn -0.9160 -0.4011 -0.0000
vn -0.9823 0.1871 -0.0000
vn 1.0000 0.0020 -0.0000
vn -0.2604 -0.9655 -0.0000
vn -0.7491 -0.6624 -0.0000
vn 0.0345 -0.9994 -0.0000
vn -1.0000 -0.0045 -0.0000
vn -0.8242 0.5664 -0.0000
vn -0.5673 -0.8235 -0.0000
vn -0.2456 -0.9694 -0.0000
vn -0.0000 -0.1289 -0.9917
vn -0.9133 -0.4074 -0.0000
vn 0.0346 -0.9994 -0.0000
vn 0.1562 0.9877 -0.0000
vn 0.2267 -0.9740 -0.0000
vn -0.9798 0.1997 -0.0000
vn -0.5674 -0.8235 -0.0000
vn -0.7628 -0.6466 -0.0000
vn -0.5805 -0.8142 -0.0000
vn 0.1969 0.9804 -0.0000
vn -0.4014 -0.9159 -0.0000
vn 0.2846 0.9586 -0.0000
vn -0.3370 -0.9415 -0.0000
vn -0.0000 -0.0037 -1.0000
vn -0.0000 0.0001 -1.0000
vn -0.0000 -0.0003 -1.0000
vn -0.0000 -0.0026 -1.0000
vn -0.0000 0.0002 -1.0000
vn -0.0000 -0.0007 -1.0000
vn -0.0000 -0.0022 -1.0000
vn -0.0000 -0.0002 -1.0000
vn -0.0000 -0.0017 -1.0000
vn -0.0000 0.0013 -1.0000
vn -0.0000 0.0006 -1.0000
vn -0.0000 0.0035 -1.0000
vn -0.0000 0.0009 -1.0000
vn -0.0000 0.0007 -1.0000
vn -0.0000 -0.0027 -1.0000
vn -0.0000 0.0012 -1.0000
vn -0.0000 -0.0009 -1.0000
vn -0.0000 -0.0036 -1.0000
vn -0.0000 0.1871 -0.9823
vn -0.0000 0.0023 -1.0000
vn -0.0000 0.0003 -1.0000
vn -0.0000 0.0083 -1.0000
vn -0.0000 0.0008 -1.0000
vt 0.763066 0.000000
vt 0.752613 0.000000
vt 0.766551 0.000000
vt 0.787456 0.000000
vt 0.783972 0.000000
vt 0.797909 0.000000
vt 0.794425 0.000000
vt 0.790941 0.000000
vt 0.613240 0.000000
vt 0.829268 0.000000
vt 0.825784 0.000000
vt 0.780488 0.000000
vt 0.738676 0.000000
vt 0.735192 0.000000
vt 0.808362 0.000000
vt 0.773519 0.000000
vt 0.770035 0.000000
vt 0.759582 0.000000
vt 0.222997 0.000000
vt 0.219512 0.000000
vt 0.240418 0.000000
vt 0.038328 0.000000
vt 0.034843 0.000000
vt 0.000000 0.000000
vt 0.749129 0.000000
vt 0.801394 0.000000
vt 0.745645 0.000000
vt 0.742160 0.000000
vt 0.031359 0.000000
vt 0.027875 0.000000
vt 0.006969 0.000000
vt 0.804878 0.000000
vt 1.000000 0.000000
vt 0.132404 0.000000
vt 0.128920 0.000000
vt 0.731707 0.000000
vt 0.811847 0.000000
vt 0.390244 0.000000
vt 0.289199 0.000000
vt 0.285714 0.000000
vt 0.299652 0.000000
vt 0.296167 0.000000
vt 0.372822 0.000000
vt 0.620209 0.000000
vt 0.815331 0.000000
vt 0.822300 0.000000
vt 0.818815 0.000000
vt 0.616725 0.000000
vt 0.303136 0.000000
vt 0.655052 0.000000
vt 0.651568 0.000000
vt 0.717770 0.000000
vt 0.609756 0.000000
vt 0.278746 0.000000
vt 0.275261 0.000000
vt 0.404181 0.000000
vt 0.668990 0.000000
vt 0.665505 0.000000
vt 0.714286 0.000000
vt 0.484321 0.000000
vt 0.975610 0.000000
vt 0.972125 0.000000
vt 0.675958 0.000000
vt 0.672474 0.000000
vt 0.710801 0.000000
vt 0.181185 0.000000
vt 0.264808 0.000000
vt 0.261324 0.000000
vt 0.993031 0.000000
vt 0.149826 0.000000
vt 0.146341 0.000000
vt 0.728223 0.000000
vt 0.024390 0.000000
vt 0.013937 0.000000
vt 0.010453 0.000000
vt 0.696864 0.000000
vt 0.693380 0.000000
vt 0.689895 0.000000
vt 0.236934 0.000000
vt 0.233449 0.000000
vt 0.895470 0.000000
vt 0.891986 0.000000
vt 0.588850 0.000000
vt 0.777003 0.000000
vt 0.637631 0.000000
vt 0.721254 0.000000
vt 0.641115 0.000000
vt 0.996516 0.000000
vt 0.142857 0.000000
vt 0.139373 0.000000
vt 0.073171 0.000000
vt 0.069686 0.000000
vt 0.104530 0.000000
vt 0.979094 0.000000
vt 0.463415 0.000000
vt 0.459930 0.000000
vt 0.306620 0.000000
vt 0.602787 0.000000
vt 0.853659 0.000000
vt 0.850174 0.000000
vt 0.606272 0.000000
vt 0.843206 0.000000
vt 0.839721 0.000000
vt 0.108014 0.000000
vt 0.599303 0.000000
vt 0.595819 0.000000
vt 0.881533 0.000000
vt 0.125436 0.000000
vt 0.121951 0.000000
vt 0.623693 0.000000
vt 0.627178 0.000000
vt 0.407665 0.000000
vt 0.216028 0.000000
vt 0.243902 0.000000
vt 0.634146 0.000000
vt 0.630662 0.000000
vt 0.724739 0.000000
vt 0.250871 0.000000
vt 0.247387 0.000000
vt 0.212544 0.000000
vt 0.062718 0.000000
vt 0.111498 0.000000
vt 0.066202 0.000000
vt 0.846690 0.000000
vt 0.707317 0.000000
vt 0.679443 0.000000
vt 0.592335 0.000000
vt 0.888502 0.000000
vt 0.885017 0.000000
vt 0.386760 0.000000
vt 0.383275 0.000000
vt 0.644599 0.000000
vt 0.648084 0.000000
vt 0.703833 0.000000
vt 0.682927 0.000000
vt 0.188153 0.000000
vt 0.184669 0.000000
vt 0.411150 0.000000
vt 0.658537 0.000000
vt 0.662021 0.000000
vt 0.456446 0.000000
vt 0.101045 0.000000
vt 0.097561 0.000000
vt 0.076655 0.000000
vt 0.836237 0.000000
vt 0.832753 0.000000
vt 0.686411 0.000000
vt 0.700348 0.000000
vt 0.324042 0.000000
vt 0.320558 0.000000
vt 0.369338 0.000000
vt 0.432056 0.000000
vt 0.428571 0.000000
vt 0.163763 0.000000
vt 0.418118 0.000000
vt 0.268293 0.000000
vt 0.048780 0.000000
vt 0.045296 0.000000
vt 0.310105 0.000000
vt 0.094077 0.000000
vt 0.090592 0.000000
vt 0.080139 0.000000
vt 0.867596 0.000000
vt 0.864111 0.000000
vt 0.902439 0.000000
vt 0.567944 0.000000
vt 0.564460 0.000000
vt 0.379791 0.000000
vt 0.376307 0.000000
vt 0.292683 0.000000
vt 0.257840 0.000000
vt 0.254355 0.000000
vt 0.198606 0.000000
vt 0.195122 0.000000
vt 0.191638 0.000000
vt 0.905923 0.000000
vt 0.557491 0.000000
vt 0.554007 0.000000
vt 0.898955 0.000000
vt 0.574913 0.000000
vt 0.571429 0.000000
vt 0.909408 0.000000
vt 0.547038 0.000000
vt 0.543554 0.000000
vt 0.540070 0.000000
vt 0.912892 0.000000
vt 0.857143 0.000000
vt 0.916376 0.000000
vt 0.536585 0.000000
vt 0.919861 0.000000
vt 0.923345 0.000000
vt 0.533101 0.000000
vt 0.926829 0.000000
vt 0.529617 0.000000
vt 0.930314 0.000000
vt 0.526132 0.000000
vt 0.933798 0.000000
vt 0.522648 0.000000
vt 0.937282 0.000000
vt 0.519164 0.000000
vt 0.940767 0.000000
vt 0.515679 0.000000
vt 0.944251 0.000000
vt 0.512195 0.000000
vt 0.947735 0.000000
vt 0.508711 0.000000
vt 0.951219 0.000000
vt 0.505226 0.000000
vt 0.954704 0.000000
vt 0.501742 0.000000
vt 0.958188 0.000000
vt 0.397213 0.000000
vt 0.393728 0.000000
vt 0.961672 0.000000
vt 0.498258 0.000000
vt 0.965157 0.000000
vt 0.494774 0.000000
vt 0.968641 0.000000
vt 0.491289 0.000000
vt 0.487805 0.000000
vt 0.466899 0.000000
vt 0.480836 0.000000
vt 0.477352 0.000000
vt 0.473868 0.000000
vt 0.470383 0.000000
vt 0.331010 0.000000
vt 0.327526 0.000000
vt 0.560976 0.000000
vt 0.982578 0.000000
vt 0.452962 0.000000
vt 0.449477 0.000000
vt 0.445993 0.000000
vt 0.442509 0.000000
vt 0.986063 0.000000
vt 0.334495 0.000000
vt 0.365854 0.000000
vt 0.358885 0.000000
vt 0.341463 0.000000
vt 0.362369 0.000000
vt 0.337979 0.000000
vt 0.439024 0.000000
vt 0.344948 0.000000
vt 0.355401 0.000000
vt 0.581882 0.000000
vt 0.578397 0.000000
vt 0.167247 0.000000
vt 0.421603 0.000000
vt 0.177700 0.000000
vt 0.003484 0.000000
vt 0.435540 0.000000
vt 0.348432 0.000000
vt 0.317073 0.000000
vt 0.160279 0.000000
vt 0.020906 0.000000
vt 0.118467 0.000000
vt 0.878049 0.000000
vt 0.874564 0.000000
vt 0.400697 0.000000
vt 0.205575 0.000000
vt 0.202091 0.000000
vt 0.282230 0.000000
vt 0.860627 0.000000
vt 0.414634 0.000000
vt 0.271777 0.000000
vt 0.114983 0.000000
vt 0.059233 0.000000
vt 0.871080 0.000000
vt 0.425087 0.000000
vt 0.170732 0.000000
vt 0.174216 0.000000
vt 0.209059 0.000000
vt 0.550523 0.000000
vt 0.229965 0.000000
vt 0.226481 0.000000
vt 0.351916 0.000000
vt 0.313589 0.000000
vt 0.087108 0.000000
vt 0.083624 0.000000
vt 0.989547 0.000000
vt 0.156794 0.000000
vt 0.153310 0.000000
vt 0.756098 0.000000
vt 0.135889 0.000000
vt 0.585366 0.000000
vt 0.055749 0.000000
vt 0.052265 0.000000
vt 0.041812 0.000000
vt 0.017422 0.000000
s 0
g Arche_S_corner_SVGMat
usemtl SVGMat
f 220/1/1 217/2/1 221/3/1
f 227/4/1 226/5/1 230/6/1
f 229/7/1 228/8/1 230/6/1
f 177/9/1 239/10/1 238/11/1
f 228/8/1 227/4/1 230/6/1
f 226/5/1 225/12/1 230/6/1
f 213/13/1 212/14/1 233/15/1
f 223/16/1 222/17/1 230/6/1
f 222/17/1 221/3/1 230/6/1
f 219/18/1 217/2/1 220/1/1
f 217/2/2 230/6/2 221/3/2
f 65/19/1 64/20/1 70/21/1
f 12/22/1 11/23/1 1/24/1
f 230/6/1 217/2/1 216/25/1
f 231/26/1 215/27/1 214/28/1
f 10/29/1 9/30/1 3/31/1
f 232/32/1 231/26/1 214/28/1
f 232/32/1 214/28/1 213/13/1
f 231/26/1 230/6/1 215/27/1
f 233/15/1 232/32/1 213/13/1
f 288/33/1 39/34/1 38/35/1
f 212/14/1 211/36/1 234/37/1
f 113/38/1 84/39/1 83/40/1
f 87/41/1 86/42/1 108/43/1
f 211/36/1 179/44/1 235/45/1
f 237/46/1 236/47/1 178/48/1
f 178/48/3 177/9/3 237/46/3
f 88/49/1 87/41/1 108/43/1
f 189/50/4 188/51/4 207/52/4
f 177/9/1 176/53/1 239/10/1
f 81/54/1 80/55/1 117/56/1
f 193/57/1 192/58/1 206/59/1
f 140/60/1 281/61/1 280/62/1
f 195/63/1 194/64/1 205/65/1
f 236/47/1 235/45/1 178/48/1
f 53/66/1 77/67/1 76/68/1
f 286/69/1 44/70/1 43/71/1
f 210/72/1 179/44/1 211/36/1
f 8/73/1 5/74/1 4/75/1
f 201/76/1 200/77/1 199/78/1
f 69/79/5 68/80/5 65/19/5
f 258/81/1 257/82/1 170/83/1
f 225/12/1 224/84/1 230/6/1
f 184/85/1 208/86/1 185/87/1
f 287/88/1 42/89/1 41/90/1
f 22/91/1 21/92/1 31/93/1
f 282/94/1 134/95/1 133/96/1
f 89/97/1 88/49/1 108/43/1
f 174/98/1 246/99/1 245/100/1
f 175/101/1 243/102/1 242/103/1
f 205/65/1 193/57/1 206/59/1
f 31/93/1 21/92/1 32/104/1
f 211/36/1 235/45/1 234/37/1
f 173/105/1 172/106/1 254/107/1
f 288/33/6 37/108/6 36/109/6
f 180/110/1 210/72/1 181/111/1
f 80/55/1 118/112/1 117/56/1
f 64/20/7 63/113/7 71/114/7
f 183/115/1 208/86/1 184/85/1
f 182/116/1 181/111/1 209/117/1
f 9/30/1 8/73/1 4/75/1
f 73/118/1 72/119/1 62/120/1
f 19/121/1 33/122/1 20/123/1
f 175/101/1 244/124/1 243/102/1
f 179/44/6 178/48/6 235/45/6
f 182/116/1 209/117/1 183/115/1
f 204/125/3 196/126/3 205/65/3
f 171/127/1 256/128/1 255/129/1
f 112/130/3 111/131/3 84/39/3
f 185/87/6 208/86/6 186/132/6
f 187/133/3 186/132/3 207/52/3
f 203/134/1 197/135/1 204/125/1
f 188/51/1 187/133/1 207/52/1
f 55/136/1 54/137/1 76/68/1
f 119/138/1 118/112/1 80/55/1
f 189/50/1 207/52/1 190/139/1
f 192/58/2 191/140/2 206/59/2
f 282/94/1 133/96/1 132/141/1
f 191/140/1 190/139/1 206/59/1
f 30/142/8 29/143/8 23/144/8
f 176/53/1 241/145/1 240/146/1
f 198/147/1 202/148/1 199/78/1
f 176/53/1 175/101/1 241/145/1
f 94/149/1 93/150/1 107/151/1
f 193/57/1 205/65/1 194/64/1
f 125/152/1 124/153/1 48/154/1
f 121/155/1 78/156/1 77/67/1
f 21/92/3 20/123/3 32/104/3
f 15/157/3 14/158/3 1/24/3
f 90/159/1 108/43/1 107/151/1
f 28/160/1 27/161/1 24/162/1
f 174/98/1 250/163/1 249/164/1
f 260/165/1 164/166/1 163/167/1
f 90/159/1 89/97/1 108/43/1
f 209/117/1 208/86/1 183/115/1
f 110/168/1 109/169/1 85/170/1
f 75/171/3 74/172/3 58/173/3
f 75/171/9 57/174/9 56/175/9
f 261/176/1 260/165/1 161/177/1
f 161/177/1 160/178/1 261/176/1
f 259/179/1 166/180/1 165/181/1
f 174/98/1 245/100/1 244/124/1
f 262/182/1 261/176/1 158/183/1
f 157/184/1 262/182/1 158/183/1
f 156/185/1 263/186/1 157/184/1
f 174/98/1 247/187/1 246/99/1
f 156/185/1 264/188/1 263/186/1
f 155/189/1 264/188/1 156/185/1
f 155/189/1 265/190/1 264/188/1
f 155/189/1 266/191/1 265/190/1
f 154/192/1 266/191/1 155/189/1
f 154/192/1 267/193/1 266/191/1
f 153/194/1 267/193/1 154/192/1
f 153/194/1 268/195/1 267/193/1
f 152/196/1 268/195/1 153/194/1
f 152/196/1 269/197/1 268/195/1
f 151/198/1 269/197/1 152/196/1
f 151/198/1 270/199/1 269/197/1
f 150/200/1 270/199/1 151/198/1
f 150/200/1 271/201/1 270/199/1
f 149/202/1 271/201/1 150/200/1
f 149/202/1 272/203/1 271/201/1
f 148/204/1 272/203/1 149/202/1
f 148/204/1 273/205/1 272/203/1
f 147/206/1 273/205/1 148/204/1
f 147/206/1 274/207/1 273/205/1
f 146/208/1 274/207/1 147/206/1
f 146/208/1 275/209/1 274/207/1
f 145/210/1 276/211/1 146/208/1
f 115/212/1 114/213/1 83/40/1
f 145/210/1 277/214/1 276/211/1
f 144/215/1 277/214/1 145/210/1
f 144/215/1 278/216/1 277/214/1
f 143/217/1 278/216/1 144/215/1
f 143/217/1 279/218/1 278/216/1
f 142/219/1 279/218/1 143/217/1
f 142/219/1 280/62/1 279/218/1
f 141/220/1 280/62/1 142/219/1
f 141/220/1 140/60/1 280/62/1
f 282/94/1 135/221/1 134/95/1
f 139/222/1 281/61/1 140/60/1
f 139/222/1 138/223/1 281/61/1
f 30/142/1 22/91/1 31/93/1
f 137/224/1 282/94/1 138/223/1
f 136/225/1 282/94/1 137/224/1
f 136/225/1 135/221/1 282/94/1
f 138/223/1 282/94/1 281/61/1
f 96/226/10 95/227/10 107/151/10
f 260/165/1 163/167/1 162/228/1
f 283/229/1 282/94/1 132/141/1
f 131/230/1 283/229/1 132/141/1
f 130/231/1 283/229/1 131/230/1
f 129/232/1 283/229/1 130/231/1
f 128/233/1 284/234/1 129/232/1
f 97/235/2 107/151/2 106/236/2
f 104/237/1 99/238/1 105/239/1
f 99/238/1 98/240/1 105/239/1
f 208/86/1 207/52/1 186/132/1
f 127/241/1 284/234/1 128/233/1
f 98/240/2 106/236/2 105/239/2
f 100/242/1 99/238/1 104/237/1
f 103/243/1 100/242/1 104/237/1
f 259/179/1 168/244/1 167/245/1
f 260/165/1 165/181/1 164/166/1
f 172/106/1 171/127/1 255/129/1
f 49/246/1 122/247/1 52/248/1
f 257/82/1 171/127/1 170/83/1
f 10/29/3 3/31/3 2/249/3
f 95/227/1 94/149/1 107/151/1
f 126/250/1 284/234/1 127/241/1
f 100/242/11 103/243/11 101/251/11
f 98/240/3 97/235/3 106/236/3
f 202/148/12 201/76/12 199/78/12
f 93/150/1 92/252/1 107/151/1
f 125/152/1 47/253/1 126/250/1
f 5/74/13 8/73/13 7/254/13
f 86/42/1 109/169/1 108/43/1
f 230/6/1 216/25/1 215/27/1
f 175/101/1 242/103/1 241/145/1
f 109/169/1 86/42/1 85/170/1
f 212/14/1 234/37/1 233/15/1
f 259/179/1 167/245/1 166/180/1
f 56/175/1 55/136/1 76/68/1
f 288/33/1 38/35/1 37/108/1
f 288/33/1 36/109/1 35/255/1
f 173/105/1 253/256/1 252/257/1
f 117/56/1 116/258/1 81/54/1
f 53/66/1 121/155/1 77/67/1
f 176/53/1 240/146/1 239/10/1
f 74/172/2 60/259/2 59/260/2
f 116/258/4 115/212/4 82/261/4
f 70/21/12 64/20/12 71/114/12
f 76/68/1 75/171/1 56/175/1
f 174/98/1 248/262/1 247/187/1
f 263/186/1 262/182/1 157/184/1
f 120/263/1 119/138/1 79/264/1
f 260/165/1 162/228/1 161/177/1
f 35/255/1 34/265/1 18/266/1
f 121/155/1 120/263/1 78/156/1
f 174/98/1 173/105/1 251/267/1
f 174/98/1 251/267/1 250/163/1
f 121/155/2 53/66/2 52/248/2
f 173/105/1 252/257/1 251/267/1
f 123/268/1 122/247/1 48/154/1
f 50/269/14 49/246/14 51/270/14
f 177/9/1 238/11/1 237/46/1
f 61/271/1 60/259/1 73/118/1
f 75/171/8 58/173/8 57/174/8
f 122/247/1 49/246/1 48/154/1
f 71/114/1 63/113/1 72/119/1
f 9/30/6 4/75/6 3/31/6
f 60/259/1 74/172/1 73/118/1
f 207/52/1 206/59/1 190/139/1
f 261/176/1 159/272/1 158/183/1
f 67/273/1 66/274/1 68/80/1
f 68/80/13 66/274/13 65/19/13
f 61/271/6 73/118/6 62/120/6
f 103/243/1 102/275/1 101/251/1
f 197/135/1 196/126/1 204/125/1
f 92/252/1 91/276/1 107/151/1
f 122/247/2 121/155/2 52/248/2
f 171/127/1 257/82/1 256/128/1
f 120/263/1 79/264/1 78/156/1
f 97/235/1 96/226/1 107/151/1
f 34/265/7 33/122/7 19/121/7
f 33/122/1 32/104/1 20/123/1
f 119/138/1 80/55/1 79/264/1
f 172/106/1 255/129/1 254/107/1
f 51/270/1 49/246/1 52/248/1
f 210/72/1 209/117/1 181/111/1
f 27/161/15 26/277/15 25/278/15
f 261/176/1 160/178/1 159/272/1
f 124/153/1 123/268/1 48/154/1
f 54/137/16 53/66/16 76/68/16
f 47/253/1 285/279/1 284/234/1
f 47/253/1 284/234/1 126/250/1
f 285/279/1 47/253/1 46/280/1
f 285/279/1 46/280/1 45/281/1
f 125/152/1 48/154/1 47/253/1
f 286/69/1 285/279/1 45/281/1
f 218/282/1 217/2/1 219/18/1
f 287/88/1 286/69/1 43/71/1
f 43/71/1 42/89/1 287/88/1
f 286/69/1 45/281/1 44/70/1
f 174/98/1 249/164/1 248/262/1
f 288/33/1 287/88/1 40/283/1
f 40/283/1 39/34/1 288/33/1
f 169/284/1 168/244/1 258/81/1
f 11/23/6 2/249/6 1/24/6
f 179/44/1 210/72/1 180/110/1
f 114/213/1 113/38/1 83/40/1
f 35/255/1 17/285/1 288/33/1
f 16/286/1 15/157/1 288/33/1
f 69/79/1 65/19/1 70/21/1
f 224/84/1 223/16/1 230/6/1
f 202/148/1 198/147/1 203/134/1
f 198/147/1 197/135/1 203/134/1
f 288/33/1 15/157/1 1/24/1
f 173/105/1 254/107/1 253/256/1
f 14/158/1 13/287/1 1/24/1
f 28/160/1 24/162/1 29/143/1
f 115/212/1 83/40/1 82/261/1
f 113/38/1 112/130/1 84/39/1
f 13/287/4 12/22/4 1/24/4
f 24/162/11 27/161/11 25/278/11
f 24/162/1 23/144/1 29/143/1
f 260/165/1 259/179/1 165/181/1
f 116/258/6 82/261/6 81/54/6
f 17/285/3 16/286/3 288/33/3
f 196/126/4 195/63/4 205/65/4
f 6/288/1 5/74/1 7/254/1
f 22/91/1 30/142/1 23/144/1
f 91/276/17 90/159/17 107/151/17
f 284/234/1 283/229/1 129/232/1
f 276/211/1 275/209/1 146/208/1
f 168/244/1 259/179/1 258/81/1
f 74/172/18 59/260/18 58/173/18
f 63/113/1 62/120/1 72/119/1
f 175/101/1 174/98/1 244/124/1
f 111/131/2 85/170/2 84/39/2
f 11/23/12 10/29/12 2/249/12
f 17/285/1 35/255/1 18/266/1
f 258/81/1 170/83/1 169/284/1
f 18/266/4 34/265/4 19/121/4
f 111/131/1 110/168/1 85/170/1
f 287/88/1 41/90/1 40/283/1
f 392/237/19 680/237/19 679/243/19 391/243/19
f 442/192/20 730/192/20 729/194/20 441/194/20
f 429/220/21 717/220/21 716/60/21 428/60/21
f 558/199/22 846/199/22 845/197/22 557/197/22
f 384/226/23 672/226/23 671/227/23 383/227/23
f 421/96/24 709/96/24 708/141/24 420/141/24
f 553/190/25 841/190/25 840/188/25 552/188/25
f 434/208/21 722/208/21 721/210/21 433/210/21
f 557/197/26 845/197/26 844/195/26 556/195/26
f 413/152/27 701/152/27 700/153/27 412/153/27
f 295/254/28 583/254/28 582/288/28 294/288/28
f 376/49/29 664/49/29 663/41/29 375/41/29
f 426/223/21 714/223/21 713/224/21 425/224/21
f 300/22/30 588/22/30 587/23/30 299/23/30
f 550/182/31 838/182/31 837/176/31 549/176/31
f 418/231/32 706/231/32 705/232/32 417/232/32
f 368/55/33 656/55/33 655/264/33 367/264/33
f 315/161/34 603/161/34 602/277/34 314/277/34
f 410/247/35 698/247/35 697/155/35 409/155/35
f 537/164/36 825/164/36 824/262/36 536/262/36
f 360/119/37 648/119/37 647/114/37 359/114/37
f 555/193/38 843/193/38 842/191/38 554/191/38
f 529/145/39 817/145/39 816/146/39 528/146/39
f 549/176/40 837/176/40 836/165/40 548/165/40
f 405/56/41 693/56/41 692/258/41 404/258/41
f 402/213/42 690/213/42 689/38/42 401/38/42
f 397/169/43 685/169/43 684/43/43 396/43/43
f 542/107/44 830/107/44 829/256/44 541/256/44
f 352/20/45 640/20/45 639/113/45 351/113/45
f 298/29/46 586/29/46 585/30/46 297/30/46
f 533/100/47 821/100/47 820/124/47 532/124/47
f 534/99/48 822/99/48 821/100/48 533/100/48
f 344/175/49 632/175/49 631/136/49 343/136/49
f 297/30/50 585/30/50 584/73/50 296/73/50
f 381/150/51 669/150/51 668/252/51 380/252/51
f 336/154/52 624/154/52 623/253/52 335/253/52
f 394/236/53 682/236/53 681/239/53 393/239/53
f 328/283/54 616/283/54 615/34/54 327/34/54
f 317/143/55 605/143/55 604/160/55 316/160/55
f 521/15/56 809/15/56 808/32/56 520/32/56
f 531/102/57 819/102/57 818/103/57 530/103/57
f 316/160/58 604/160/58 603/161/58 315/161/58
f 526/11/59 814/11/59 813/46/59 525/46/59
f 513/12/60 801/12/60 800/84/60 512/84/60
f 406/112/61 694/112/61 693/56/61 405/56/61
f 373/170/62 661/170/62 660/39/62 372/39/62
f 505/2/63 793/2/63 792/25/63 504/25/63
f 365/67/64 653/67/64 652/68/64 364/68/64
f 386/240/65 674/240/65 673/235/65 385/235/65
f 404/258/66 692/258/66 691/212/66 403/212/66
f 523/45/67 811/45/67 810/37/67 522/37/67
f 572/234/68 860/234/68 859/229/68 571/229/68
f 497/117/69 785/117/69 784/86/69 496/86/69
f 515/4/70 803/4/70 802/5/70 514/5/70
f 357/79/71 645/79/71 644/80/71 356/80/71
f 518/6/72 806/6/72 805/7/72 517/7/72
f 378/159/73 666/159/73 665/97/73 377/97/73
f 507/18/74 795/18/74 794/282/74 506/282/74
f 318/142/75 606/142/75 605/143/75 317/143/75
f 510/17/76 798/17/76 797/3/76 509/3/76
f 370/261/77 658/261/77 657/54/77 369/54/77
f 499/36/78 787/36/78 786/72/78 498/72/78
f 349/271/79 637/271/79 636/259/79 348/259/79
f 502/28/80 790/28/80 789/13/80 501/13/80
f 489/76/81 777/76/81 776/77/81 488/77/81
f 494/59/82 782/59/82 781/65/82 493/65/82
f 569/61/83 857/61/83 856/62/83 568/62/83
f 362/172/84 650/172/84 649/118/84 361/118/84
f 341/66/85 629/66/85 628/248/85 340/248/85
f 312/162/86 600/162/86 599/144/86 311/144/86
f 354/274/87 642/274/87 641/19/87 353/19/87
f 491/134/88 779/134/88 778/148/88 490/148/88
f 333/281/89 621/281/89 620/70/89 332/70/89
f 346/173/90 634/173/90 633/174/90 345/174/90
f 481/57/91 769/57/91 768/58/91 480/58/91
f 325/108/92 613/108/92 612/109/92 324/109/92
f 486/147/93 774/147/93 773/135/93 485/135/93
f 338/269/94 626/269/94 625/246/94 337/246/94
f 473/87/95 761/87/95 760/85/95 472/85/95
f 330/89/96 618/89/96 617/90/96 329/90/96
f 465/9/97 753/9/97 752/53/97 464/53/97
f 478/139/98 766/139/98 765/50/98 477/50/98
f 561/205/99 849/205/99 848/203/99 560/203/99
f 457/284/100 745/284/100 744/244/100 456/244/100
f 470/116/101 758/116/101 757/111/101 469/111/101
f 304/286/102 592/286/102 591/157/102 303/157/102
f 449/177/103 737/177/103 736/178/103 448/178/103
f 483/63/104 771/63/104 770/64/104 482/64/104
f 462/98/105 750/98/105 749/105/105 461/105/105
f 475/133/106 763/133/106 762/132/106 474/132/106
f 559/201/107 847/201/107 846/199/107 558/199/107
f 441/194/108 729/194/108 728/196/108 440/196/108
f 539/267/109 827/267/109 826/163/109 538/163/109
f 454/180/110 742/180/110 741/181/110 453/181/110
f 467/44/111 755/44/111 754/48/111 466/48/111
f 303/157/112 591/157/112 590/158/112 302/158/112
f 296/73/113 584/73/113 583/254/113 295/254/113
f 433/210/21 721/210/21 720/215/21 432/215/21
f 302/158/114 590/158/114 589/287/114 301/287/114
f 320/104/115 608/104/115 607/93/115 319/93/115
f 459/127/116 747/127/116 746/83/116 458/83/116
f 309/92/117 597/92/117 596/123/117 308/123/117
f 446/183/118 734/183/118 733/184/118 445/184/118
f 425/224/21 713/224/21 712/225/21 424/225/21
f 322/265/119 610/265/119 609/122/119 321/122/119
f 564/211/120 852/211/120 851/209/120 563/209/120
f 438/200/69 726/200/69 725/202/69 437/202/69
f 417/232/121 705/232/121 704/233/121 416/233/121
f 430/219/21 718/219/21 717/220/21 429/220/21
f 545/82/122 833/82/122 832/128/122 544/128/122
f 451/167/123 739/167/123 738/228/123 450/228/123
f 422/95/21 710/95/21 709/96/21 421/96/21
f 409/155/124 697/155/124 696/263/124 408/263/124
f 443/189/125 731/189/125 730/192/125 442/192/125
f 301/287/126 589/287/126 588/22/126 300/22/126
f 543/129/127 831/129/127 830/107/127 542/107/127
f 401/38/128 689/38/128 688/130/128 400/130/128
f 435/206/129 723/206/129 722/208/129 434/208/129
f 556/195/130 844/195/130 843/193/130 555/193/130
f 414/250/131 702/250/131 701/152/131 413/152/131
f 535/187/132 823/187/132 822/99/132 534/99/132
f 488/77/133 776/77/133 775/78/133 487/78/133
f 427/222/21 715/222/21 714/223/21 426/223/21
f 419/230/134 707/230/134 706/231/134 418/231/134
f 393/239/135 681/239/135 680/237/135 392/237/135
f 411/268/136 699/268/136 698/247/136 410/247/136
f 385/235/137 673/235/137 672/226/137 384/226/137
f 403/212/42 691/212/42 690/213/42 402/213/42
f 548/165/138 836/165/138 835/179/138 547/179/138
f 398/168/139 686/168/139 685/169/139 397/169/139
f 527/10/140 815/10/140 814/11/140 526/11/140
f 377/97/141 665/97/141 664/49/141 376/49/141
f 544/128/142 832/128/142 831/129/142 543/129/142
f 369/54/143 657/54/143 656/55/143 368/55/143
f 395/151/144 683/151/144 682/236/144 394/236/144
f 540/257/145 828/257/145 827/267/145 539/267/145
f 390/275/146 678/275/146 677/251/146 389/251/146
f 361/118/147 649/118/147 648/119/147 360/119/147
f 387/238/148 675/238/148 674/240/148 386/240/148
f 353/19/149 641/19/149 640/20/149 352/20/149
f 379/276/150 667/276/150 666/159/150 378/159/150
f 382/149/151 670/149/151 669/150/151 381/150/151
f 547/179/120 835/179/120 834/81/120 546/81/120
f 371/40/152 659/40/152 658/261/152 370/261/152
f 374/42/153 662/42/153 661/170/153 373/170/153
f 519/26/154 807/26/154 806/6/154 518/6/154
f 345/174/155 633/174/155 632/175/155 344/175/155
f 363/171/156 651/171/156 650/172/156 362/172/156
f 492/125/157 780/125/157 779/134/157 491/134/157
f 307/121/158 595/121/158 594/266/158 306/266/158
f 337/246/159 625/246/159 624/154/159 336/154/159
f 571/229/160 859/229/160 858/94/160 570/94/160
f 532/124/161 820/124/161 819/102/161 531/102/161
f 366/156/162 654/156/162 653/67/162 365/67/162
f 511/16/163 799/16/163 798/17/163 510/17/163
f 290/249/164 578/249/164 577/24/164 289/24/164
f 293/74/165 581/74/165 580/75/165 292/75/165
f 355/273/166 643/273/166 642/274/166 354/274/166
f 524/47/167 812/47/167 811/45/167 523/45/167
f 358/21/168 646/21/168 645/79/168 357/79/168
f 503/27/169 791/27/169 790/28/169 502/28/169
f 314/277/170 602/277/170 601/278/170 313/278/170
f 350/120/171 638/120/171 637/271/171 349/271/171
f 495/52/172 783/52/172 782/59/172 494/59/172
f 347/260/173 635/260/173 634/173/173 346/173/173
f 294/288/174 582/288/174 581/74/174 293/74/174
f 516/8/175 804/8/175 803/4/175 515/4/175
f 342/137/176 630/137/176 629/66/176 341/66/176
f 321/122/177 609/122/177 608/104/177 320/104/177
f 339/270/178 627/270/178 626/269/178 338/269/178
f 508/1/179 796/1/179 795/18/179 507/18/179
f 313/278/180 601/278/180 600/162/180 312/162/180
f 576/33/181 864/33/181 863/88/181 575/88/181
f 500/14/182 788/14/182 787/36/182 499/36/182
f 487/78/183 775/78/183 774/147/183 486/147/183
f 323/255/184 611/255/184 610/265/184 322/265/184
f 334/280/185 622/280/185 621/281/185 333/281/185
f 479/140/186 767/140/186 766/139/186 478/139/186
f 326/35/187 614/35/187 613/108/187 325/108/187
f 471/115/188 759/115/188 758/116/188 470/116/188
f 463/101/189 751/101/189 750/98/189 462/98/189
f 455/245/190 743/245/190 742/180/190 454/180/190
f 484/126/191 772/126/191 771/63/191 483/63/191
f 289/24/192 577/24/192 864/33/192 576/33/192
f 568/62/193 856/62/193 855/218/193 567/218/193
f 476/51/194 764/51/194 763/133/194 475/133/194
f 447/272/195 735/272/195 734/183/195 446/183/195
f 570/94/196 858/94/196 857/61/196 569/61/196
f 468/110/197 756/110/197 755/44/197 467/44/197
f 460/106/198 748/106/198 747/127/198 459/127/198
f 439/198/199 727/198/199 726/200/199 438/200/199
f 305/285/200 593/285/200 592/286/200 304/286/200
f 452/166/201 740/166/201 739/167/201 451/167/201
f 560/203/202 848/203/202 847/201/202 559/201/202
f 292/75/203 580/75/203 579/31/203 291/31/203
f 567/218/193 855/218/193 854/216/193 566/216/193
f 431/217/21 719/217/21 718/219/21 430/219/21
f 310/91/204 598/91/204 597/92/204 309/92/204
f 423/221/21 711/221/21 710/95/21 422/95/21
f 389/251/205 677/251/205 676/242/205 388/242/205
f 562/207/206 850/207/206 849/205/206 561/205/206
f 444/185/172 732/185/172 731/189/172 443/189/172
f 415/241/207 703/241/207 702/250/207 414/250/207
f 552/188/208 840/188/208 839/186/208 551/186/208
f 299/23/209 587/23/209 586/29/209 298/29/209
f 436/204/129 724/204/129 723/206/129 435/206/129
f 551/186/210 839/186/210 838/182/210 550/182/210
f 575/88/211 863/88/211 862/69/211 574/69/211
f 407/138/212 695/138/212 694/112/212 406/112/212
f 554/191/213 842/191/213 841/190/213 553/190/213
f 428/60/21 716/60/21 715/222/21 427/222/21
f 420/141/214 708/141/214 707/230/214 419/230/214
f 319/93/215 607/93/215 606/142/215 318/142/215
f 536/262/216 824/262/216 823/187/216 535/187/216
f 412/153/217 700/153/217 699/268/217 411/268/217
f 541/256/218 829/256/218 828/257/218 540/257/218
f 546/81/219 834/81/219 833/82/219 545/82/219
f 399/131/220 687/131/220 686/168/220 398/168/220
f 396/43/221 684/43/221 683/151/221 395/151/221
f 391/243/222 679/243/222 678/275/222 390/275/222
f 520/32/223 808/32/223 807/26/223 519/26/223
f 388/242/224 676/242/224 675/238/224 387/238/224
f 329/90/225 617/90/225 616/283/225 328/283/225
f 512/84/226 800/84/226 799/16/226 511/16/226
f 538/163/227 826/163/227 825/164/227 537/164/227
f 525/46/228 813/46/228 812/47/228 524/47/228
f 383/227/229 671/227/229 670/149/229 382/149/229
f 375/41/230 663/41/230 662/42/230 374/42/230
f 504/25/78 792/25/78 791/27/78 503/27/78
f 530/103/231 818/103/231 817/145/231 529/145/231
f 380/252/232 668/252/232 667/276/232 379/276/232
f 367/264/233 655/264/233 654/156/233 366/156/233
f 496/86/234 784/86/234 783/52/234 495/52/234
f 372/39/235 660/39/235 659/40/235 371/40/235
f 517/7/236 805/7/236 804/8/236 516/8/236
f 364/68/237 652/68/237 651/171/237 363/171/237
f 359/114/238 647/114/238 646/21/238 358/21/238
f 522/37/239 810/37/239 809/15/239 521/15/239
f 356/80/240 644/80/240 643/273/240 355/273/240
f 509/3/241 797/3/241 796/1/241 508/1/241
f 351/113/242 639/113/242 638/120/242 350/120/242
f 480/58/243 768/58/243 767/140/243 479/140/243
f 514/5/244 802/5/244 801/12/244 513/12/244
f 348/259/245 636/259/245 635/260/245 347/260/245
f 501/13/80 789/13/80 788/14/80 500/14/80
f 343/136/246 631/136/246 630/137/246 342/137/246
f 472/85/247 760/85/247 759/115/247 471/115/247
f 563/209/248 851/209/248 850/207/248 562/207/248
f 490/148/249 778/148/249 777/76/249 489/76/249
f 493/65/250 781/65/250 780/125/250 492/125/250
f 335/253/251 623/253/251 622/280/251 334/280/251
f 464/53/252 752/53/252 751/101/252 463/101/252
f 506/282/253 794/282/253 793/2/253 505/2/253
f 340/248/254 628/248/254 627/270/254 339/270/254
f 327/34/255 615/34/255 614/35/255 326/35/255
f 306/266/256 594/266/256 593/285/256 305/285/256
f 332/70/257 620/70/257 619/71/257 331/71/257
f 498/72/63 786/72/63 785/117/63 497/117/63
f 528/146/258 816/146/258 815/10/258 527/10/258
f 456/244/259 744/244/259 743/245/259 455/245/259
f 485/135/260 773/135/260 772/126/260 484/126/260
f 574/69/261 862/69/261 861/279/261 573/279/261
f 448/178/262 736/178/262 735/272/262 447/272/262
f 324/109/263 612/109/263 611/255/263 323/255/263
f 440/196/264 728/196/264 727/198/264 439/198/264
f 477/50/265 765/50/265 764/51/265 476/51/265
f 432/215/21 720/215/21 719/217/21 431/217/21
f 573/279/266 861/279/266 860/234/266 572/234/266
f 424/225/21 712/225/21 711/221/21 423/221/21
f 482/64/267 770/64/267 769/57/267 481/57/267
f 469/111/268 757/111/268 756/110/268 468/110/268
f 416/233/269 704/233/269 703/241/269 415/241/269
f 474/132/270 762/132/270 761/87/270 473/87/270
f 461/105/271 749/105/271 748/106/271 460/106/271
f 408/263/272 696/263/272 695/138/272 407/138/272
f 466/48/273 754/48/273 753/9/273 465/9/273
f 453/181/274 741/181/274 740/166/274 452/166/274
f 311/144/275 599/144/275 598/91/275 310/91/275
f 400/130/128 688/130/128 687/131/128 399/131/128
f 458/83/276 746/83/276 745/284/276 457/284/276
f 565/214/120 853/214/120 852/211/120 564/211/120
f 445/184/277 733/184/277 732/185/277 444/185/277
f 566/216/83 854/216/83 853/214/83 565/214/83
f 308/123/278 596/123/278 595/121/278 307/121/278
f 331/71/279 619/71/279 618/89/279 330/89/279
f 291/31/280 579/31/280 578/249/280 290/249/280
f 223/16/281 511/16/281 510/17/281 222/17/281
f 78/156/282 366/156/282 365/67/282 77/67/282
f 244/124/283 532/124/283 531/102/283 243/102/283
f 283/229/160 571/229/160 570/94/160 282/94/160
f 49/246/284 337/246/284 336/154/284 48/154/284
f 19/121/158 307/121/158 306/266/158 18/266/158
f 204/125/285 492/125/285 491/134/285 203/134/285
f 75/171/286 363/171/286 362/172/286 74/172/286
f 57/174/287 345/174/287 344/175/287 56/175/287
f 231/26/154 519/26/154 518/6/154 230/6/154
f 86/42/288 374/42/288 373/170/288 85/170/288
f 83/40/152 371/40/152 370/261/152 82/261/152
f 259/179/160 547/179/160 546/81/160 258/81/160
f 94/149/289 382/149/289 381/150/289 93/150/289
f 91/276/290 379/276/290 378/159/290 90/159/290
f 65/19/149 353/19/149 352/20/149 64/20/149
f 99/238/291 387/238/291 386/240/291 98/240/291
f 73/118/292 361/118/292 360/119/292 72/119/292
f 102/275/293 390/275/293 389/251/293 101/251/293
f 252/257/145 540/257/145 539/267/145 251/267/145
f 107/151/144 395/151/144 394/236/144 106/236/144
f 81/54/294 369/54/294 368/55/294 80/55/294
f 256/128/142 544/128/142 543/129/142 255/129/142
f 89/97/73 377/97/73 376/49/73 88/49/73
f 239/10/140 527/10/140 526/11/140 238/11/140
f 110/168/295 398/168/295 397/169/295 109/169/295
f 260/165/296 548/165/296 547/179/296 259/179/296
f 115/212/297 403/212/297 402/213/297 114/213/297
f 97/235/298 385/235/298 384/226/298 96/226/298
f 123/268/136 411/268/136 410/247/136 122/247/136
f 105/239/135 393/239/135 392/237/135 104/237/135
f 131/230/299 419/230/299 418/231/299 130/231/299
f 139/222/21 427/222/21 426/223/21 138/223/21
f 200/77/300 488/77/300 487/78/300 199/78/300
f 247/187/132 535/187/132 534/99/132 246/99/132
f 126/250/131 414/250/131 413/152/131 125/152/131
f 268/195/301 556/195/301 555/193/301 267/193/301
f 147/206/129 435/206/129 434/208/129 146/208/129
f 113/38/128 401/38/128 400/130/128 112/130/128
f 255/129/302 543/129/302 542/107/302 254/107/302
f 13/287/126 301/287/126 300/22/126 12/22/126
f 155/189/125 443/189/125 442/192/125 154/192/125
f 121/155/124 409/155/124 408/263/124 120/263/124
f 134/95/21 422/95/21 421/96/21 133/96/21
f 163/167/303 451/167/303 450/228/303 162/228/303
f 257/82/304 545/82/304 544/128/304 256/128/304
f 142/219/21 430/219/21 429/220/21 141/220/21
f 129/232/121 417/232/121 416/233/121 128/233/121
f 150/200/69 438/200/69 437/202/69 149/202/69
f 276/211/68 564/211/68 563/209/68 275/209/68
f 34/265/305 322/265/305 321/122/305 33/122/305
f 137/224/21 425/224/21 424/225/21 136/225/21
f 158/183/306 446/183/306 445/184/306 157/184/306
f 21/92/117 309/92/117 308/123/117 20/123/117
f 171/127/307 459/127/307 458/83/307 170/83/307
f 32/104/308 320/104/308 319/93/308 31/93/308
f 14/158/114 302/158/114 301/287/114 13/287/114
f 145/210/21 433/210/21 432/215/21 144/215/21
f 8/73/309 296/73/309 295/254/309 7/254/309
f 15/157/112 303/157/112 302/158/112 14/158/112
f 179/44/111 467/44/111 466/48/111 178/48/111
f 166/180/310 454/180/310 453/181/310 165/181/310
f 251/267/311 539/267/311 538/163/311 250/163/311
f 153/194/108 441/194/108 440/196/108 152/196/108
f 271/201/107 559/201/107 558/199/107 270/199/107
f 187/133/106 475/133/106 474/132/106 186/132/106
f 174/98/105 462/98/105 461/105/105 173/105/105
f 195/63/312 483/63/312 482/64/312 194/64/312
f 161/177/313 449/177/313 448/178/313 160/178/313
f 16/286/102 304/286/102 303/157/102 15/157/102
f 182/116/314 470/116/314 469/111/314 181/111/314
f 169/284/315 457/284/315 456/244/315 168/244/315
f 273/205/316 561/205/316 560/203/316 272/203/316
f 190/139/98 478/139/98 477/50/98 189/50/98
f 177/9/97 465/9/97 464/53/97 176/53/97
f 42/89/96 330/89/96 329/90/96 41/90/96
f 185/87/317 473/87/317 472/85/317 184/85/317
f 50/269/318 338/269/318 337/246/318 49/246/318
f 198/147/93 486/147/93 485/135/93 197/135/93
f 37/108/259 325/108/259 324/109/259 36/109/259
f 193/57/91 481/57/91 480/58/91 192/58/91
f 58/173/319 346/173/319 345/174/319 57/174/319
f 45/281/89 333/281/89 332/70/89 44/70/89
f 203/134/320 491/134/320 490/148/320 202/148/320
f 66/274/321 354/274/321 353/19/321 65/19/321
f 24/162/86 312/162/86 311/144/86 23/144/86
f 53/66/322 341/66/322 340/248/322 52/248/322
f 74/172/323 362/172/323 361/118/323 73/118/323
f 281/61/83 569/61/83 568/62/83 280/62/83
f 206/59/324 494/59/324 493/65/324 205/65/324
f 201/76/325 489/76/325 488/77/325 200/77/325
f 214/28/326 502/28/326 501/13/326 213/13/326
f 61/271/327 349/271/327 348/259/327 60/259/327
f 211/36/78 499/36/78 498/72/78 210/72/78
f 82/261/77 370/261/77 369/54/77 81/54/77
f 222/17/328 510/17/328 509/3/328 221/3/328
f 30/142/329 318/142/329 317/143/329 29/143/329
f 219/18/330 507/18/330 506/282/330 218/282/330
f 90/159/331 378/159/331 377/97/331 89/97/331
f 230/6/72 518/6/72 517/7/72 229/7/72
f 69/79/71 357/79/71 356/80/71 68/80/71
f 227/4/332 515/4/332 514/5/332 226/5/332
f 209/117/333 497/117/333 496/86/333 208/86/333
f 284/234/68 572/234/68 571/229/68 283/229/68
f 235/45/67 523/45/67 522/37/67 234/37/67
f 116/258/334 404/258/334 403/212/334 115/212/334
f 98/240/335 386/240/335 385/235/335 97/235/335
f 77/67/64 365/67/64 364/68/64 76/68/64
f 217/2/63 505/2/63 504/25/63 216/25/63
f 85/170/336 373/170/336 372/39/336 84/39/336
f 118/112/337 406/112/337 405/56/337 117/56/337
f 225/12/338 513/12/338 512/84/338 224/84/338
f 238/11/59 526/11/59 525/46/59 237/46/59
f 28/160/339 316/160/339 315/161/339 27/161/339
f 243/102/340 531/102/340 530/103/340 242/103/340
f 233/15/56 521/15/56 520/32/56 232/32/56
f 29/143/341 317/143/341 316/160/341 28/160/341
f 40/283/54 328/283/54 327/34/54 39/34/54
f 106/236/53 394/236/53 393/239/53 105/239/53
f 48/154/52 336/154/52 335/253/52 47/253/52
f 93/150/342 381/150/342 380/252/342 92/252/342
f 9/30/343 297/30/343 296/73/343 8/73/343
f 56/175/344 344/175/344 343/136/344 55/136/344
f 246/99/345 534/99/345 533/100/345 245/100/345
f 245/100/346 533/100/346 532/124/346 244/124/346
f 10/29/347 298/29/347 297/30/347 9/30/347
f 64/20/348 352/20/348 351/113/348 63/113/348
f 254/107/349 542/107/349 541/256/349 253/256/349
f 109/169/43 397/169/43 396/43/43 108/43/43
f 114/213/42 402/213/42 401/38/42 113/38/42
f 117/56/41 405/56/41 404/258/41 116/258/41
f 261/176/350 549/176/350 548/165/350 260/165/350
f 241/145/39 529/145/39 528/146/39 240/146/39
f 267/193/38 555/193/38 554/191/38 266/191/38
f 72/119/351 360/119/351 359/114/351 71/114/351
f 249/164/352 537/164/352 536/262/352 248/262/352
f 122/247/35 410/247/35 409/155/35 121/155/35
f 27/161/353 315/161/353 314/277/353 26/277/353
f 80/55/354 368/55/354 367/264/354 79/264/354
f 130/231/355 418/231/355 417/232/355 129/232/355
f 262/182/356 550/182/356 549/176/356 261/176/356
f 12/22/30 300/22/30 299/23/30 11/23/30
f 138/223/21 426/223/21 425/224/21 137/224/21
f 88/49/357 376/49/357 375/41/357 87/41/357
f 7/254/358 295/254/358 294/288/358 6/288/358
f 125/152/27 413/152/27 412/153/27 124/153/27
f 269/197/359 557/197/359 556/195/359 268/195/359
f 146/208/21 434/208/21 433/210/21 145/210/21
f 265/190/25 553/190/25 552/188/25 264/188/25
f 133/96/360 421/96/360 420/141/360 132/141/360
f 96/226/361 384/226/361 383/227/361 95/227/361
f 270/199/22 558/199/22 557/197/22 269/197/22
f 141/220/21 429/220/21 428/60/21 140/60/21
f 154/192/20 442/192/20 441/194/20 153/194/20
f 104/237/362 392/237/362 391/243/362 103/243/362
f 149/202/363 437/202/363 436/204/363 148/204/363
f 162/228/364 450/228/364 449/177/364 161/177/364
f 3/31/365 291/31/365 290/249/365 2/249/365
f 43/71/279 331/71/279 330/89/279 42/89/279
f 20/123/278 308/123/278 307/121/278 19/121/278
f 278/216/83 566/216/83 565/214/83 277/214/83
f 157/184/277 445/184/277 444/185/277 156/185/277
f 277/214/120 565/214/120 564/211/120 276/211/120
f 170/83/276 458/83/276 457/284/276 169/284/276
f 112/130/366 400/130/366 399/131/366 111/131/366
f 23/144/275 311/144/275 310/91/275 22/91/275
f 165/181/367 453/181/367 452/166/367 164/166/367
f 178/48/273 466/48/273 465/9/273 177/9/273
f 120/263/368 408/263/368 407/138/368 119/138/368
f 173/105/369 461/105/369 460/106/369 172/106/369
f 186/132/270 474/132/270 473/87/270 185/87/270
f 128/233/269 416/233/269 415/241/269 127/241/269
f 181/111/268 469/111/268 468/110/268 180/110/268
f 194/64/370 482/64/370 481/57/370 193/57/370
f 136/225/21 424/225/21 423/221/21 135/221/21
f 285/279/266 573/279/266 572/234/266 284/234/266
f 144/215/21 432/215/21 431/217/21 143/217/21
f 189/50/265 477/50/265 476/51/265 188/51/265
f 152/196/371 440/196/371 439/198/371 151/198/371
f 36/109/372 324/109/372 323/255/372 35/255/372
f 160/178/373 448/178/373 447/272/373 159/272/373
f 286/69/261 574/69/261 573/279/261 285/279/261
f 197/135/260 485/135/260 484/126/260 196/126/260
f 168/244/374 456/244/374 455/245/374 167/245/374
f 240/146/258 528/146/258 527/10/258 239/10/258
f 210/72/375 498/72/375 497/117/375 209/117/375
f 44/70/257 332/70/257 331/71/257 43/71/257
f 18/266/256 306/266/256 305/285/256 17/285/256
f 39/34/376 327/34/376 326/35/376 38/35/376
f 52/248/377 340/248/377 339/270/377 51/270/377
f 218/282/378 506/282/378 505/2/378 217/2/378
f 176/53/252 464/53/252 463/101/252 175/101/252
f 47/253/251 335/253/251 334/280/251 46/280/251
f 205/65/379 493/65/379 492/125/379 204/125/379
f 202/148/380 490/148/380 489/76/380 201/76/380
f 275/209/248 563/209/248 562/207/248 274/207/248
f 184/85/381 472/85/381 471/115/381 183/115/381
f 55/136/382 343/136/382 342/137/382 54/137/382
f 213/13/80 501/13/80 500/14/80 212/14/80
f 60/259/383 348/259/383 347/260/383 59/260/383
f 226/5/384 514/5/384 513/12/384 225/12/384
f 192/58/243 480/58/243 479/140/243 191/140/243
f 63/113/385 351/113/385 350/120/385 62/120/385
f 221/3/386 509/3/386 508/1/386 220/1/386
f 68/80/387 356/80/387 355/273/387 67/273/387
f 234/37/239 522/37/239 521/15/239 233/15/239
f 71/114/388 359/114/388 358/21/388 70/21/388
f 76/68/389 364/68/389 363/171/389 75/171/389
f 229/7/390 517/7/390 516/8/390 228/8/390
f 84/39/391 372/39/391 371/40/391 83/40/391
f 208/86/392 496/86/392 495/52/392 207/52/392
f 79/264/393 367/264/393 366/156/393 78/156/393
f 92/252/394 380/252/394 379/276/394 91/276/394
f 242/103/395 530/103/395 529/145/395 241/145/395
f 216/25/78 504/25/78 503/27/78 215/27/78
f 87/41/396 375/41/396 374/42/396 86/42/396
f 95/227/397 383/227/397 382/149/397 94/149/397
f 237/46/228 525/46/228 524/47/228 236/47/228
f 250/163/227 538/163/227 537/164/227 249/164/227
f 224/84/398 512/84/398 511/16/398 223/16/398
f 41/90/225 329/90/225 328/283/225 40/283/225
f 100/242/399 388/242/399 387/238/399 99/238/399
f 232/32/223 520/32/223 519/26/223 231/26/223
f 103/243/400 391/243/400 390/275/400 102/275/400
f 108/43/221 396/43/221 395/151/221 107/151/221
f 111/131/128 399/131/128 398/168/128 110/168/128
f 258/81/213 546/81/213 545/82/213 257/82/213
f 253/256/401 541/256/401 540/257/401 252/257/401
f 124/153/217 412/153/217 411/268/217 123/268/217
f 248/262/402 536/262/402 535/187/402 247/187/402
f 31/93/403 319/93/403 318/142/403 30/142/403
f 132/141/214 420/141/214 419/230/214 131/230/214
f 140/60/21 428/60/21 427/222/21 139/222/21
f 266/191/213 554/191/213 553/190/213 265/190/213
f 119/138/212 407/138/212 406/112/212 118/112/212
f 287/88/211 575/88/211 574/69/211 286/69/211
f 263/186/210 551/186/210 550/182/210 262/182/210
f 148/204/129 436/204/129 435/206/129 147/206/129
f 11/23/209 299/23/209 298/29/209 10/29/209
f 264/188/208 552/188/208 551/186/208 263/186/208
f 127/241/404 415/241/404 414/250/404 126/250/404
f 156/185/172 444/185/172 443/189/172 155/189/172
f 274/207/206 562/207/206 561/205/206 273/205/206
f 101/251/405 389/251/405 388/242/405 100/242/405
f 135/221/21 423/221/21 422/95/21 134/95/21
f 22/91/204 310/91/204 309/92/204 21/92/204
f 143/217/21 431/217/21 430/219/21 142/219/21
f 279/218/193 567/218/193 566/216/193 278/216/193
f 4/75/406 292/75/406 291/31/406 3/31/406
f 272/203/261 560/203/261 559/201/261 271/201/261
f 164/166/407 452/166/407 451/167/407 163/167/407
f 17/285/200 305/285/200 304/286/200 16/286/200
f 151/198/199 439/198/199 438/200/199 150/200/199
f 172/106/408 460/106/408 459/127/408 171/127/408
f 180/110/197 468/110/197 467/44/197 179/44/197
f 282/94/196 570/94/196 569/61/196 281/61/196
f 159/272/409 447/272/409 446/183/409 158/183/409
f 188/51/194 476/51/194 475/133/194 187/133/194
f 280/62/193 568/62/193 567/218/193 279/218/193
f 1/24/192 289/24/192 576/33/192 288/33/192
f 196/126/410 484/126/410 483/63/410 195/63/410
f 167/245/411 455/245/411 454/180/411 166/180/411
f 175/101/412 463/101/412 462/98/412 174/98/412
f 183/115/188 471/115/188 470/116/188 182/116/188
f 38/35/413 326/35/413 325/108/413 37/108/413
f 191/140/186 479/140/186 478/139/186 190/139/186
f 46/280/185 334/280/185 333/281/185 45/281/185
f 35/255/414 323/255/414 322/265/414 34/265/414
f 199/78/415 487/78/415 486/147/415 198/147/415
f 212/14/182 500/14/182 499/36/182 211/36/182
f 288/33/181 576/33/181 575/88/181 287/88/181
f 25/278/180 313/278/180 312/162/180 24/162/180
f 220/1/416 508/1/416 507/18/416 219/18/416
f 51/270/417 339/270/417 338/269/417 50/269/417
f 33/122/418 321/122/418 320/104/418 32/104/418
f 54/137/176 342/137/176 341/66/176 53/66/176
f 228/8/419 516/8/419 515/4/419 227/4/419
f 6/288/420 294/288/420 293/74/420 5/74/420
f 59/260/421 347/260/421 346/173/421 58/173/421
f 207/52/422 495/52/422 494/59/422 206/59/422
f 62/120/171 350/120/171 349/271/171 61/271/171
f 26/277/382 314/277/382 313/278/382 25/278/382
f 215/27/182 503/27/182 502/28/182 214/28/182
f 70/21/423 358/21/423 357/79/423 69/79/423
f 236/47/167 524/47/167 523/45/167 235/45/167
f 67/273/424 355/273/424 354/274/424 66/274/424
f 5/74/425 293/74/425 292/75/425 4/75/425
f 2/249/426 290/249/426 289/24/426 1/24/426
f 769/57/427 1057/57/427 1056/58/427 768/58/427
f 613/108/428 901/108/428 900/109/428 612/109/428
f 774/147/429 1062/147/429 1061/135/429 773/135/429
f 843/193/430 1131/193/430 1130/191/430 842/191/430
f 761/87/431 1049/87/431 1048/85/431 760/85/431
f 837/176/432 1125/176/432 1124/165/432 836/165/432
f 690/213/433 978/213/433 977/38/433 689/38/433
f 753/9/434 1041/9/434 1040/53/434 752/53/434
f 766/139/435 1054/139/435 1053/50/435 765/50/435
f 849/205/436 1137/205/436 1136/203/436 848/203/436
f 586/29/437 874/29/437 873/30/437 585/30/437
f 745/284/438 1033/284/438 1032/244/438 744/244/438
f 758/116/439 1046/116/439 1045/111/439 757/111/439
f 592/286/440 880/286/440 879/157/440 591/157/440
f 737/177/441 1025/177/441 1024/178/441 736/178/441
f 750/98/442 1038/98/442 1037/105/442 749/105/442
f 847/201/443 1135/201/443 1134/199/443 846/199/443
f 682/236/444 970/236/444 969/239/444 681/239/444
f 729/194/445 1017/194/445 1016/196/445 728/196/445
f 742/180/446 1030/180/446 1029/181/446 741/181/446
f 755/44/447 1043/44/447 1042/48/447 754/48/447
f 605/143/448 893/143/448 892/160/448 604/160/448
f 819/102/449 1107/102/449 1106/103/449 818/103/449
f 584/73/450 872/73/450 871/254/450 583/254/450
f 721/210/1 1009/210/1 1008/215/1 720/215/1
f 694/112/451 982/112/451 981/56/451 693/56/451
f 590/158/452 878/158/452 877/287/452 589/287/452
f 608/104/453 896/104/453 895/93/453 607/93/453
f 597/92/454 885/92/454 884/123/454 596/123/454
f 734/183/455 1022/183/455 1021/184/455 733/184/455
f 674/240/456 962/240/456 961/235/456 673/235/456
f 713/224/1 1001/224/1 1000/225/1 712/225/1
f 811/45/457 1099/45/457 1098/37/457 810/37/457
f 852/211/458 1140/211/458 1139/209/458 851/209/458
f 726/200/459 1014/200/459 1013/202/459 725/202/459
f 860/234/458 1148/234/458 1147/229/458 859/229/458
f 705/232/460 993/232/460 992/233/460 704/233/460
f 803/4/461 1091/4/461 1090/5/461 802/5/461
f 718/219/1 1006/219/1 1005/220/1 717/220/1
f 833/82/462 1121/82/462 1120/128/462 832/128/462
f 666/159/463 954/159/463 953/97/463 665/97/463
f 795/18/464 1083/18/464 1082/282/464 794/282/464
f 710/95/1 998/95/1 997/96/1 709/96/1
f 658/261/465 946/261/465 945/54/465 657/54/465
f 697/155/466 985/155/466 984/263/466 696/263/466
f 787/36/467 1075/36/467 1074/72/467 786/72/467
f 589/287/468 877/287/468 876/22/468 588/22/468
f 831/129/469 1119/129/469 1118/107/469 830/107/469
f 689/38/470 977/38/470 976/130/470 688/130/470
f 844/195/471 1132/195/471 1131/193/471 843/193/471
f 702/250/472 990/250/472 989/152/472 701/152/472
f 823/187/473 1111/187/473 1110/99/473 822/99/473
f 650/172/474 938/172/474 937/118/474 649/118/474
f 642/274/475 930/274/475 929/19/475 641/19/475
f 779/134/476 1067/134/476 1066/148/476 778/148/476
f 634/173/477 922/173/477 921/174/477 633/174/477
f 626/269/478 914/269/478 913/246/478 625/246/478
f 681/239/479 969/239/479 968/237/479 680/237/479
f 618/89/480 906/89/480 905/90/480 617/90/480
f 673/235/481 961/235/481 960/226/481 672/226/481
f 836/165/482 1124/165/482 1123/179/482 835/179/482
f 686/168/483 974/168/483 973/169/483 685/169/483
f 815/10/484 1103/10/484 1102/11/484 814/11/484
f 665/97/485 953/97/485 952/49/485 664/49/485
f 832/128/486 1120/128/486 1119/129/486 831/129/486
f 657/54/487 945/54/487 944/55/487 656/55/487
f 771/63/488 1059/63/488 1058/64/488 770/64/488
f 828/257/489 1116/257/489 1115/267/489 827/267/489
f 678/275/490 966/275/490 965/251/490 677/251/490
f 649/118/491 937/118/491 936/119/491 648/119/491
f 763/133/492 1051/133/492 1050/132/492 762/132/492
f 641/19/493 929/19/493 928/20/493 640/20/493
f 827/267/494 1115/267/494 1114/163/494 826/163/494
f 670/149/495 958/149/495 957/150/495 669/150/495
f 591/157/496 879/157/496 878/158/496 590/158/496
f 662/42/497 950/42/497 949/170/497 661/170/497
f 807/26/498 1095/26/498 1094/6/498 806/6/498
f 633/174/499 921/174/499 920/175/499 632/175/499
f 780/125/500 1068/125/500 1067/134/500 779/134/500
f 595/121/501 883/121/501 882/266/501 594/266/501
f 625/246/502 913/246/502 912/154/502 624/154/502
f 747/127/503 1035/127/503 1034/83/503 746/83/503
f 820/124/504 1108/124/504 1107/102/504 819/102/504
f 654/156/505 942/156/505 941/67/505 653/67/505
f 799/16/506 1087/16/506 1086/17/506 798/17/506
f 581/74/507 869/74/507 868/75/507 580/75/507
f 610/265/508 898/265/508 897/122/508 609/122/508
f 812/47/509 1100/47/509 1099/45/509 811/45/509
f 646/21/510 934/21/510 933/79/510 645/79/510
f 791/27/511 1079/27/511 1078/28/511 790/28/511
f 638/120/512 926/120/512 925/271/512 637/271/512
f 783/52/513 1071/52/513 1070/59/513 782/59/513
f 739/167/514 1027/167/514 1026/228/514 738/228/514
f 582/288/515 870/288/515 869/74/515 581/74/515
f 731/189/516 1019/189/516 1018/192/516 730/192/516
f 804/8/517 1092/8/517 1091/4/517 803/4/517
f 630/137/518 918/137/518 917/66/518 629/66/518
f 609/122/519 897/122/519 896/104/519 608/104/519
f 723/206/1 1011/206/1 1010/208/1 722/208/1
f 796/1/520 1084/1/520 1083/18/520 795/18/520
f 601/278/521 889/278/521 888/162/521 600/162/521
f 864/33/522 1152/33/522 1151/88/522 863/88/522
f 788/14/511 1076/14/511 1075/36/511 787/36/511
f 775/78/523 1063/78/523 1062/147/523 774/147/523
f 776/77/524 1064/77/524 1063/78/524 775/78/524
f 715/222/1 1003/222/1 1002/223/1 714/223/1
f 622/280/525 910/280/525 909/281/525 621/281/525
f 767/140/526 1055/140/526 1054/139/526 766/139/526
f 707/230/527 995/230/527 994/231/527 706/231/527
f 614/35/528 902/35/528 901/108/528 613/108/528
f 759/115/529 1047/115/529 1046/116/529 758/116/529
f 699/268/530 987/268/530 986/247/530 698/247/530
f 751/101/531 1039/101/531 1038/98/531 750/98/531
f 691/212/433 979/212/433 978/213/433 690/213/433
f 743/245/532 1031/245/532 1030/180/532 742/180/532
f 577/24/533 865/24/533 1152/33/533 864/33/533
f 856/62/534 1144/62/534 1143/218/534 855/218/534
f 683/151/535 971/151/535 970/236/535 682/236/535
f 735/272/536 1023/272/536 1022/183/536 734/183/536
f 675/238/537 963/238/537 962/240/537 674/240/537
f 667/276/538 955/276/538 954/159/538 666/159/538
f 727/198/539 1015/198/539 1014/200/539 726/200/539
f 835/179/540 1123/179/540 1122/81/540 834/81/540
f 593/285/541 881/285/541 880/286/541 592/286/541
f 659/40/542 947/40/542 946/261/542 658/261/542
f 848/203/543 1136/203/543 1135/201/543 847/201/543
f 651/171/544 939/171/544 938/172/544 650/172/544
f 855/218/534 1143/218/534 1142/216/534 854/216/534
f 719/217/1 1007/217/1 1006/219/1 718/219/1
f 859/229/540 1147/229/540 1146/94/540 858/94/540
f 598/91/545 886/91/545 885/92/545 597/92/545
f 711/221/1 999/221/1 998/95/1 710/95/1
f 578/249/546 866/249/546 865/24/546 577/24/546
f 643/273/547 931/273/547 930/274/547 642/274/547
f 677/251/548 965/251/548 964/242/548 676/242/548
f 602/277/549 890/277/549 889/278/549 601/278/549
f 703/241/550 991/241/550 990/250/550 702/250/550
f 840/188/551 1128/188/551 1127/186/551 839/186/551
f 635/260/552 923/260/552 922/173/552 634/173/552
f 587/23/553 875/23/553 874/29/553 586/29/553
f 839/186/554 1127/186/554 1126/182/554 838/182/554
f 863/88/555 1151/88/555 1150/69/555 862/69/555
f 627/270/556 915/270/556 914/269/556 626/269/556
f 695/138/557 983/138/557 982/112/557 694/112/557
f 611/255/558 899/255/558 898/265/558 610/265/558
f 824/262/559 1112/262/559 1111/187/559 823/187/559
f 829/256/560 1117/256/560 1116/257/560 828/257/560
f 772/126/561 1060/126/561 1059/63/561 771/63/561
f 687/131/470 975/131/470 974/168/470 686/168/470
f 764/51/562 1052/51/562 1051/133/562 763/133/562
f 858/94/563 1146/94/563 1145/61/563 857/61/563
f 756/110/564 1044/110/564 1043/44/564 755/44/564
f 679/243/565 967/243/565 966/275/565 678/275/565
f 808/32/566 1096/32/566 1095/26/566 807/26/566
f 748/106/567 1036/106/567 1035/127/567 747/127/567
f 617/90/568 905/90/568 904/283/568 616/283/568
f 800/84/569 1088/84/569 1087/16/569 799/16/569
f 740/166/570 1028/166/570 1027/167/570 739/167/570
f 813/46/571 1101/46/571 1100/47/571 812/47/571
f 671/227/572 959/227/572 958/149/572 670/149/572
f 580/75/573 868/75/573 867/31/573 579/31/573
f 663/41/574 951/41/574 950/42/574 662/42/574
f 792/25/467 1080/25/467 1079/27/467 791/27/467
f 655/264/575 943/264/575 942/156/575 654/156/575
f 784/86/576 1072/86/576 1071/52/576 783/52/576
f 805/7/577 1093/7/577 1092/8/577 804/8/577
f 850/207/578 1138/207/578 1137/205/578 849/205/578
f 732/185/579 1020/185/579 1019/189/579 731/189/579
f 647/114/580 935/114/580 934/21/580 646/21/580
f 797/3/581 1085/3/581 1084/1/581 796/1/581
f 639/113/582 927/113/582 926/120/582 638/120/582
f 768/58/583 1056/58/583 1055/140/583 767/140/583
f 724/204/584 1012/204/584 1011/206/584 723/206/584
f 789/13/585 1077/13/585 1076/14/585 788/14/585
f 631/136/586 919/136/586 918/137/586 630/137/586
f 760/85/587 1048/85/587 1047/115/587 759/115/587
f 781/65/588 1069/65/588 1068/125/588 780/125/588
f 623/253/589 911/253/589 910/280/589 622/280/589
f 752/53/590 1040/53/590 1039/101/590 751/101/590
f 842/191/591 1130/191/591 1129/190/591 841/190/591
f 716/60/1 1004/60/1 1003/222/1 715/222/1
f 615/34/592 903/34/592 902/35/592 614/35/592
f 708/141/593 996/141/593 995/230/593 707/230/593
f 607/93/594 895/93/594 894/142/594 606/142/594
f 744/244/595 1032/244/595 1031/245/595 743/245/595
f 700/153/596 988/153/596 987/268/596 699/268/596
f 773/135/597 1061/135/597 1060/126/597 772/126/597
f 862/69/598 1150/69/598 1149/279/598 861/279/598
f 736/178/599 1024/178/599 1023/272/599 735/272/599
f 612/109/600 900/109/600 899/255/600 611/255/600
f 728/196/601 1016/196/601 1015/198/601 727/198/601
f 834/81/602 1122/81/602 1121/82/602 833/82/602
f 765/50/603 1053/50/603 1052/51/603 764/51/603
f 720/215/1 1008/215/1 1007/217/1 719/217/1
f 712/225/1 1000/225/1 999/221/1 711/221/1
f 684/43/604 972/43/604 971/151/604 683/151/604
f 757/111/605 1045/111/605 1044/110/605 756/110/605
f 704/233/606 992/233/606 991/241/606 703/241/606
f 676/242/607 964/242/607 963/238/607 675/238/607
f 749/105/608 1037/105/608 1036/106/608 748/106/608
f 696/263/609 984/263/609 983/138/609 695/138/609
f 826/163/610 1114/163/610 1113/164/610 825/164/610
f 741/181/611 1029/181/611 1028/166/611 740/166/611
f 688/130/612 976/130/612 975/131/612 687/131/612
f 818/103/613 1106/103/613 1105/145/613 817/145/613
f 668/252/614 956/252/614 955/276/614 667/276/614
f 733/184/615 1021/184/615 1020/185/615 732/185/615
f 854/216/616 1142/216/616 1141/214/616 853/214/616
f 660/39/617 948/39/617 947/40/617 659/40/617
f 619/71/618 907/71/618 906/89/618 618/89/618
f 579/31/619 867/31/619 866/249/619 578/249/619
f 652/68/620 940/68/620 939/171/620 651/171/620
f 725/202/621 1013/202/621 1012/204/621 724/204/621
f 680/237/622 968/237/622 967/243/622 679/243/622
f 810/37/623 1098/37/623 1097/15/623 809/15/623
f 644/80/624 932/80/624 931/273/624 643/273/624
f 802/5/625 1090/5/625 1089/12/625 801/12/625
f 636/259/626 924/259/626 923/260/626 635/260/626
f 717/220/1 1005/220/1 1004/60/1 716/60/1
f 846/199/627 1134/199/627 1133/197/627 845/197/627
f 672/226/628 960/226/628 959/227/628 671/227/628
f 851/209/629 1139/209/629 1138/207/629 850/207/629
f 778/148/630 1066/148/630 1065/76/630 777/76/630
f 709/96/631 997/96/631 996/141/631 708/141/631
f 841/190/632 1129/190/632 1128/188/632 840/188/632
f 794/282/633 1082/282/633 1081/2/633 793/2/633
f 628/248/634 916/248/634 915/270/634 627/270/634
f 701/152/635 989/152/635 988/153/635 700/153/635
f 583/254/636 871/254/636 870/288/636 582/288/636
f 664/49/637 952/49/637 951/41/637 663/41/637
f 594/266/638 882/266/638 881/285/638 593/285/638
f 620/70/639 908/70/639 907/71/639 619/71/639
f 838/182/640 1126/182/640 1125/176/640 837/176/640
f 786/72/641 1074/72/641 1073/117/641 785/117/641
f 816/146/642 1104/146/642 1103/10/642 815/10/642
f 656/55/643 944/55/643 943/264/643 655/264/643
f 603/161/644 891/161/644 890/277/644 602/277/644
f 825/164/645 1113/164/645 1112/262/645 824/262/645
f 648/119/646 936/119/646 935/114/646 647/114/646
f 817/145/647 1105/145/647 1104/146/647 816/146/647
f 693/56/648 981/56/648 980/258/648 692/258/648
f 861/279/649 1149/279/649 1148/234/649 860/234/649
f 685/169/650 973/169/650 972/43/650 684/43/650
f 830/107/651 1118/107/651 1117/256/651 829/256/651
f 640/20/652 928/20/652 927/113/652 639/113/652
f 770/64/653 1058/64/653 1057/57/653 769/57/653
f 821/100/654 1109/100/654 1108/124/654 820/124/654
f 822/99/655 1110/99/655 1109/100/655 821/100/655
f 632/175/656 920/175/656 919/136/656 631/136/656
f 762/132/657 1050/132/657 1049/87/657 761/87/657
f 585/30/658 873/30/658 872/73/658 584/73/658
f 754/48/659 1042/48/659 1041/9/659 753/9/659
f 669/150/660 957/150/660 956/252/660 668/252/660
f 624/154/661 912/154/661 911/253/661 623/253/661
f 599/144/662 887/144/662 886/91/662 598/91/662
f 616/283/663 904/283/663 903/34/663 615/34/663
f 746/83/664 1034/83/664 1033/284/664 745/284/664
f 809/15/665 1097/15/665 1096/32/665 808/32/665
f 853/214/666 1141/214/666 1140/211/666 852/211/666
f 604/160/667 892/160/667 891/161/667 603/161/667
f 814/11/668 1102/11/668 1101/46/668 813/46/668
f 801/12/669 1089/12/669 1088/84/669 800/84/669
f 596/123/670 884/123/670 883/121/670 595/121/670
f 661/170/671 949/170/671 948/39/671 660/39/671
f 738/228/672 1026/228/672 1025/177/672 737/177/672
f 793/2/641 1081/2/641 1080/25/641 792/25/641
f 653/67/673 941/67/673 940/68/673 652/68/673
f 692/258/674 980/258/674 979/212/674 691/212/674
f 730/192/675 1018/192/675 1017/194/675 729/194/675
f 785/117/459 1073/117/459 1072/86/459 784/86/459
f 645/79/676 933/79/676 932/80/676 644/80/676
f 806/6/677 1094/6/677 1093/7/677 805/7/677
f 606/142/678 894/142/678 893/143/678 605/143/678
f 798/17/679 1086/17/679 1085/3/679 797/3/679
f 722/208/1 1010/208/1 1009/210/1 721/210/1
f 845/197/680 1133/197/680 1132/195/680 844/195/680
f 637/271/681 925/271/681 924/259/681 636/259/681
f 790/28/585 1078/28/585 1077/13/585 789/13/585
f 714/223/1 1002/223/1 1001/224/1 713/224/1
f 777/76/682 1065/76/682 1064/77/682 776/77/682
f 588/22/683 876/22/683 875/23/683 587/23/683
f 782/59/684 1070/59/684 1069/65/684 781/65/684
f 857/61/616 1145/61/616 1144/62/616 856/62/616
f 706/231/685 994/231/685 993/232/685 705/232/685
f 629/66/686 917/66/686 916/248/686 628/248/686
f 600/162/687 888/162/687 887/144/687 599/144/687
f 437/202/363 725/202/363 724/204/363 436/204/363
f 450/228/688 738/228/688 737/177/688 449/177/688
f 1034/83/689 1322/83/689 1321/284/689 1033/284/689
f 1141/214/666 1429/214/666 1428/211/666 1140/211/666
f 1021/184/615 1309/184/615 1308/185/615 1020/185/615
f 1142/216/616 1430/216/616 1429/214/616 1141/214/616
f 884/123/670 1172/123/670 1171/121/670 883/121/670
f 907/71/618 1195/71/618 1194/89/618 906/89/618
f 867/31/619 1155/31/619 1154/249/619 866/249/619
f 1026/228/672 1314/228/672 1313/177/672 1025/177/672
f 1013/202/621 1301/202/621 1300/204/621 1012/204/621
f 968/237/622 1256/237/622 1255/243/622 967/243/622
f 1018/192/675 1306/192/675 1305/194/675 1017/194/675
f 1005/220/1 1293/220/1 1292/60/1 1004/60/1
f 1134/199/627 1422/199/627 1421/197/627 1133/197/627
f 960/226/628 1248/226/628 1247/227/628 959/227/628
f 997/96/631 1285/96/631 1284/141/631 996/141/631
f 1129/190/632 1417/190/632 1416/188/632 1128/188/632
f 1010/208/1 1298/208/1 1297/210/1 1009/210/1
f 1133/197/680 1421/197/680 1420/195/680 1132/195/680
f 989/152/635 1277/152/635 1276/153/635 988/153/635
f 871/254/636 1159/254/636 1158/288/636 870/288/636
f 952/49/637 1240/49/637 1239/41/637 951/41/637
f 1002/223/1 1290/223/1 1289/224/1 1001/224/1
f 876/22/690 1164/22/690 1163/23/690 875/23/690
f 1126/182/640 1414/182/640 1413/176/640 1125/176/640
f 994/231/685 1282/231/685 1281/232/685 993/232/685
f 944/55/643 1232/55/643 1231/264/643 943/264/643
f 891/161/644 1179/161/644 1178/277/644 890/277/644
f 986/247/691 1274/247/691 1273/155/691 985/155/691
f 1113/164/645 1401/164/645 1400/262/645 1112/262/645
f 936/119/646 1224/119/646 1223/114/646 935/114/646
f 1131/193/430 1419/193/430 1418/191/430 1130/191/430
f 1105/145/647 1393/145/647 1392/146/647 1104/146/647
f 1125/176/432 1413/176/432 1412/165/432 1124/165/432
f 981/56/648 1269/56/648 1268/258/648 980/258/648
f 978/213/433 1266/213/433 1265/38/433 977/38/433
f 973/169/650 1261/169/650 1260/43/650 972/43/650
f 1118/107/651 1406/107/651 1405/256/651 1117/256/651
f 928/20/652 1216/20/652 1215/113/652 927/113/652
f 874/29/692 1162/29/692 1161/30/692 873/30/692
f 1109/100/654 1397/100/654 1396/124/654 1108/124/654
f 1110/99/655 1398/99/655 1397/100/655 1109/100/655
f 920/175/656 1208/175/656 1207/136/656 919/136/656
f 873/30/658 1161/30/658 1160/73/658 872/73/658
f 957/150/660 1245/150/660 1244/252/660 956/252/660
f 912/154/661 1200/154/661 1199/253/661 911/253/661
f 970/236/444 1258/236/444 1257/239/444 969/239/444
f 904/283/663 1192/283/663 1191/34/663 903/34/663
f 893/143/448 1181/143/448 1180/160/448 892/160/448
f 1097/15/665 1385/15/665 1384/32/665 1096/32/665
f 1107/102/449 1395/102/449 1394/103/449 1106/103/449
f 892/160/667 1180/160/667 1179/161/667 891/161/667
f 1102/11/668 1390/11/668 1389/46/668 1101/46/668
f 1089/12/569 1377/12/569 1376/84/569 1088/84/569
f 982/112/451 1270/112/451 1269/56/451 981/56/451
f 949/170/671 1237/170/671 1236/39/671 948/39/671
f 1081/2/641 1369/2/641 1368/25/641 1080/25/641
f 941/67/673 1229/67/673 1228/68/673 940/68/673
f 962/240/456 1250/240/456 1249/235/456 961/235/456
f 980/258/674 1268/258/674 1267/212/674 979/212/674
f 1099/45/457 1387/45/457 1386/37/457 1098/37/457
f 1148/234/458 1436/234/458 1435/229/458 1147/229/458
f 1073/117/459 1361/117/459 1360/86/459 1072/86/459
f 1091/4/693 1379/4/693 1378/5/693 1090/5/693
f 933/79/676 1221/79/676 1220/80/676 932/80/676
f 1094/6/677 1382/6/677 1381/7/677 1093/7/677
f 954/159/463 1242/159/463 1241/97/463 953/97/463
f 1083/18/464 1371/18/464 1370/282/464 1082/282/464
f 894/142/678 1182/142/678 1181/143/678 893/143/678
f 1086/17/679 1374/17/679 1373/3/679 1085/3/679
f 946/261/465 1234/261/465 1233/54/465 945/54/465
f 1075/36/467 1363/36/467 1362/72/467 1074/72/467
f 925/271/681 1213/271/681 1212/259/681 924/259/681
f 1078/28/585 1366/28/585 1365/13/585 1077/13/585
f 1065/76/682 1353/76/682 1352/77/682 1064/77/682
f 1070/59/684 1358/59/684 1357/65/684 1069/65/684
f 1145/61/616 1433/61/616 1432/62/616 1144/62/616
f 938/172/474 1226/172/474 1225/118/474 937/118/474
f 917/66/694 1205/66/694 1204/248/694 916/248/694
f 888/162/687 1176/162/687 1175/144/687 887/144/687
f 930/274/475 1218/274/475 1217/19/475 929/19/475
f 1067/134/476 1355/134/476 1354/148/476 1066/148/476
f 909/281/695 1197/281/695 1196/70/695 908/70/695
f 922/173/477 1210/173/477 1209/174/477 921/174/477
f 1057/57/427 1345/57/427 1344/58/427 1056/58/427
f 901/108/428 1189/108/428 1188/109/428 900/109/428
f 1062/147/429 1350/147/429 1349/135/429 1061/135/429
f 914/269/478 1202/269/478 1201/246/478 913/246/478
f 1049/87/431 1337/87/431 1336/85/431 1048/85/431
f 906/89/480 1194/89/480 1193/90/480 905/90/480
f 1041/9/434 1329/9/434 1328/53/434 1040/53/434
f 1054/139/435 1342/139/435 1341/50/435 1053/50/435
f 1137/205/436 1425/205/436 1424/203/436 1136/203/436
f 1033/284/438 1321/284/438 1320/244/438 1032/244/438
f 1046/116/439 1334/116/439 1333/111/439 1045/111/439
f 880/286/440 1168/286/440 1167/157/440 879/157/440
f 1025/177/441 1313/177/441 1312/178/441 1024/178/441
f 1059/63/488 1347/63/488 1346/64/488 1058/64/488
f 1038/98/442 1326/98/442 1325/105/442 1037/105/442
f 1051/133/492 1339/133/492 1338/132/492 1050/132/492
f 1135/201/443 1423/201/443 1422/199/443 1134/199/443
f 1017/194/445 1305/194/445 1304/196/445 1016/196/445
f 1115/267/494 1403/267/494 1402/163/494 1114/163/494
f 1030/180/446 1318/180/446 1317/181/446 1029/181/446
f 1043/44/447 1331/44/447 1330/48/447 1042/48/447
f 879/157/496 1167/157/496 1166/158/496 878/158/496
f 872/73/450 1160/73/450 1159/254/450 871/254/450
f 1009/210/1 1297/210/1 1296/215/1 1008/215/1
f 878/158/452 1166/158/452 1165/287/452 877/287/452
f 896/104/453 1184/104/453 1183/93/453 895/93/453
f 1035/127/503 1323/127/503 1322/83/503 1034/83/503
f 885/92/454 1173/92/454 1172/123/454 884/123/454
f 1022/183/455 1310/183/455 1309/184/455 1021/184/455
f 1001/224/1 1289/224/1 1288/225/1 1000/225/1
f 898/265/508 1186/265/508 1185/122/508 897/122/508
f 1140/211/458 1428/211/458 1427/209/458 1139/209/458
f 1014/200/459 1302/200/459 1301/202/459 1013/202/459
f 993/232/460 1281/232/460 1280/233/460 992/233/460
f 1006/219/1 1294/219/1 1293/220/1 1005/220/1
f 1121/82/462 1409/82/462 1408/128/462 1120/128/462
f 1027/167/514 1315/167/514 1314/228/514 1026/228/514
f 998/95/1 1286/95/1 1285/96/1 997/96/1
f 985/155/466 1273/155/466 1272/263/466 984/263/466
f 1019/189/516 1307/189/516 1306/192/516 1018/192/516
f 877/287/468 1165/287/468 1164/22/468 876/22/468
f 1119/129/469 1407/129/469 1406/107/469 1118/107/469
f 977/38/470 1265/38/470 1264/130/470 976/130/470
f 1011/206/1 1299/206/1 1298/208/1 1010/208/1
f 1132/195/471 1420/195/471 1419/193/471 1131/193/471
f 990/250/472 1278/250/472 1277/152/472 989/152/472
f 1111/187/473 1399/187/473 1398/99/473 1110/99/473
f 1064/77/696 1352/77/696 1351/78/696 1063/78/696
f 1003/222/1 1291/222/1 1290/223/1 1002/223/1
f 995/230/527 1283/230/527 1282/231/527 994/231/527
f 969/239/479 1257/239/479 1256/237/479 968/237/479
f 987/268/530 1275/268/530 1274/247/530 986/247/530
f 961/235/481 1249/235/481 1248/226/481 960/226/481
f 979/212/697 1267/212/697 1266/213/697 978/213/697
f 1124/165/482 1412/165/482 1411/179/482 1123/179/482
f 974/168/483 1262/168/483 1261/169/483 973/169/483
f 1103/10/484 1391/10/484 1390/11/484 1102/11/484
f 953/97/485 1241/97/485 1240/49/485 952/49/485
f 1120/128/486 1408/128/486 1407/129/486 1119/129/486
f 945/54/487 1233/54/487 1232/55/487 944/55/487
f 971/151/535 1259/151/535 1258/236/535 970/236/535
f 1116/257/489 1404/257/489 1403/267/489 1115/267/489
f 966/275/490 1254/275/490 1253/251/490 965/251/490
f 937/118/491 1225/118/491 1224/119/491 936/119/491
f 963/238/537 1251/238/537 1250/240/537 962/240/537
f 929/19/493 1217/19/493 1216/20/493 928/20/493
f 955/276/538 1243/276/538 1242/159/538 954/159/538
f 958/149/495 1246/149/495 1245/150/495 957/150/495
f 1123/179/540 1411/179/540 1410/81/540 1122/81/540
f 947/40/542 1235/40/542 1234/261/542 946/261/542
f 950/42/497 1238/42/497 1237/170/497 949/170/497
f 1095/26/498 1383/26/498 1382/6/498 1094/6/498
f 921/174/499 1209/174/499 1208/175/499 920/175/499
f 939/171/544 1227/171/544 1226/172/544 938/172/544
f 1068/125/500 1356/125/500 1355/134/500 1067/134/500
f 883/121/501 1171/121/501 1170/266/501 882/266/501
f 913/246/502 1201/246/502 1200/154/502 912/154/502
f 1147/229/540 1435/229/540 1434/94/540 1146/94/540
f 1108/124/504 1396/124/504 1395/102/504 1107/102/504
f 942/156/505 1230/156/505 1229/67/505 941/67/505
f 1087/16/506 1375/16/506 1374/17/506 1086/17/506
f 866/249/546 1154/249/546 1153/24/546 865/24/546
f 869/74/507 1157/74/507 1156/75/507 868/75/507
f 931/273/547 1219/273/547 1218/274/547 930/274/547
f 1100/47/509 1388/47/509 1387/45/509 1099/45/509
f 934/21/510 1222/21/510 1221/79/510 933/79/510
f 1079/27/511 1367/27/511 1366/28/511 1078/28/511
f 890/277/549 1178/277/549 1177/278/549 889/278/549
f 926/120/512 1214/120/512 1213/271/512 925/271/512
f 1071/52/513 1359/52/513 1358/59/513 1070/59/513
f 923/260/698 1211/260/698 1210/173/698 922/173/698
f 870/288/515 1158/288/515 1157/74/515 869/74/515
f 1092/8/517 1380/8/517 1379/4/517 1091/4/517
f 918/137/518 1206/137/518 1205/66/518 917/66/518
f 897/122/519 1185/122/519 1184/104/519 896/104/519
f 915/270/556 1203/270/556 1202/269/556 914/269/556
f 1084/1/520 1372/1/520 1371/18/520 1083/18/520
f 889/278/521 1177/278/521 1176/162/521 888/162/521
f 1152/33/522 1440/33/522 1439/88/522 1151/88/522
f 1076/14/511 1364/14/511 1363/36/511 1075/36/511
f 1063/78/523 1351/78/523 1350/147/523 1062/147/523
f 899/255/558 1187/255/558 1186/265/558 898/265/558
f 910/280/525 1198/280/525 1197/281/525 909/281/525
f 1055/140/526 1343/140/526 1342/139/526 1054/139/526
f 902/35/528 1190/35/528 1189/108/528 901/108/528
f 1047/115/529 1335/115/529 1334/116/529 1046/116/529
f 1039/101/531 1327/101/531 1326/98/531 1038/98/531
f 1031/245/532 1319/245/532 1318/180/532 1030/180/532
f 1060/126/561 1348/126/561 1347/63/561 1059/63/561
f 865/24/533 1153/24/533 1440/33/533 1152/33/533
f 1144/62/534 1432/62/534 1431/218/534 1143/218/534
f 1052/51/562 1340/51/562 1339/133/562 1051/133/562
f 1023/272/536 1311/272/536 1310/183/536 1022/183/536
f 1146/94/563 1434/94/563 1433/61/563 1145/61/563
f 1044/110/564 1332/110/564 1331/44/564 1043/44/564
f 1036/106/567 1324/106/567 1323/127/567 1035/127/567
f 1015/198/539 1303/198/539 1302/200/539 1014/200/539
f 881/285/541 1169/285/541 1168/286/541 880/286/541
f 1028/166/570 1316/166/570 1315/167/570 1027/167/570
f 1136/203/543 1424/203/543 1423/201/543 1135/201/543
f 868/75/573 1156/75/573 1155/31/573 867/31/573
f 1143/218/534 1431/218/534 1430/216/534 1142/216/534
f 1007/217/1 1295/217/1 1294/219/1 1006/219/1
f 886/91/545 1174/91/545 1173/92/545 885/92/545
f 999/221/1 1287/221/1 1286/95/1 998/95/1
f 965/251/548 1253/251/548 1252/242/548 964/242/548
f 1138/207/578 1426/207/578 1425/205/578 1137/205/578
f 1020/185/579 1308/185/579 1307/189/579 1019/189/579
f 991/241/550 1279/241/550 1278/250/550 990/250/550
f 1128/188/551 1416/188/551 1415/186/551 1127/186/551
f 875/23/553 1163/23/553 1162/29/553 874/29/553
f 1012/204/584 1300/204/584 1299/206/584 1011/206/584
f 1127/186/554 1415/186/554 1414/182/554 1126/182/554
f 1151/88/555 1439/88/555 1438/69/555 1150/69/555
f 983/138/557 1271/138/557 1270/112/557 982/112/557
f 1130/191/591 1418/191/591 1417/190/591 1129/190/591
f 1004/60/1 1292/60/1 1291/222/1 1003/222/1
f 996/141/593 1284/141/593 1283/230/593 995/230/593
f 895/93/594 1183/93/594 1182/142/594 894/142/594
f 1112/262/559 1400/262/559 1399/187/559 1111/187/559
f 988/153/596 1276/153/596 1275/268/596 987/268/596
f 1117/256/560 1405/256/560 1404/257/560 1116/257/560
f 1122/81/602 1410/81/602 1409/82/602 1121/82/602
f 975/131/470 1263/131/470 1262/168/470 974/168/470
f 972/43/604 1260/43/604 1259/151/604 971/151/604
f 967/243/565 1255/243/565 1254/275/565 966/275/565
f 1096/32/566 1384/32/566 1383/26/566 1095/26/566
f 964/242/607 1252/242/607 1251/238/607 963/238/607
f 905/90/568 1193/90/568 1192/283/568 904/283/568
f 1088/84/569 1376/84/569 1375/16/569 1087/16/569
f 1114/163/610 1402/163/610 1401/164/610 1113/164/610
f 1101/46/699 1389/46/699 1388/47/699 1100/47/699
f 959/227/572 1247/227/572 1246/149/572 958/149/572
f 951/41/574 1239/41/574 1238/42/574 950/42/574
f 1080/25/467 1368/25/467 1367/27/467 1079/27/467
f 1106/103/613 1394/103/613 1393/145/613 1105/145/613
f 956/252/614 1244/252/614 1243/276/614 955/276/614
f 943/264/575 1231/264/575 1230/156/575 942/156/575
f 1072/86/576 1360/86/576 1359/52/576 1071/52/576
f 948/39/617 1236/39/617 1235/40/617 947/40/617
f 1093/7/577 1381/7/577 1380/8/577 1092/8/577
f 940/68/620 1228/68/620 1227/171/620 939/171/620
f 935/114/580 1223/114/580 1222/21/580 934/21/580
f 1098/37/623 1386/37/623 1385/15/623 1097/15/623
f 932/80/624 1220/80/624 1219/273/624 931/273/624
f 1085/3/581 1373/3/581 1372/1/581 1084/1/581
f 927/113/582 1215/113/582 1214/120/582 926/120/582
f 1056/58/583 1344/58/583 1343/140/583 1055/140/583
f 1090/5/625 1378/5/625 1377/12/625 1089/12/625
f 924/259/700 1212/259/700 1211/260/700 923/260/700
f 1077/13/585 1365/13/585 1364/14/585 1076/14/585
f 919/136/586 1207/136/586 1206/137/586 918/137/586
f 1048/85/587 1336/85/587 1335/115/587 1047/115/587
f 1139/209/629 1427/209/629 1426/207/629 1138/207/629
f 1066/148/630 1354/148/630 1353/76/630 1065/76/630
f 1069/65/588 1357/65/588 1356/125/588 1068/125/588
f 911/253/589 1199/253/589 1198/280/589 910/280/589
f 1040/53/590 1328/53/590 1327/101/590 1039/101/590
f 1082/282/633 1370/282/633 1369/2/633 1081/2/633
f 916/248/634 1204/248/634 1203/270/634 915/270/634
f 903/34/592 1191/34/592 1190/35/592 902/35/592
f 882/266/638 1170/266/638 1169/285/638 881/285/638
f 908/70/639 1196/70/639 1195/71/639 907/71/639
f 1074/72/641 1362/72/641 1361/117/641 1073/117/641
f 1104/146/642 1392/146/642 1391/10/642 1103/10/642
f 1032/244/595 1320/244/595 1319/245/595 1031/245/595
f 1061/135/597 1349/135/597 1348/126/597 1060/126/597
f 1150/69/598 1438/69/598 1437/279/598 1149/279/598
f 1024/178/599 1312/178/599 1311/272/599 1023/272/599
f 900/109/600 1188/109/600 1187/255/600 899/255/600
f 1016/196/601 1304/196/601 1303/198/601 1015/198/601
f 1053/50/603 1341/50/603 1340/51/603 1052/51/603
f 1008/215/1 1296/215/1 1295/217/1 1007/217/1
f 1149/279/649 1437/279/649 1436/234/649 1148/234/649
f 1000/225/1 1288/225/1 1287/221/1 999/221/1
f 1058/64/653 1346/64/653 1345/57/653 1057/57/653
f 1045/111/605 1333/111/605 1332/110/605 1044/110/605
f 992/233/606 1280/233/606 1279/241/606 991/241/606
f 1050/132/657 1338/132/657 1337/87/657 1049/87/657
f 1037/105/608 1325/105/608 1324/106/608 1036/106/608
f 984/263/609 1272/263/609 1271/138/609 983/138/609
f 1042/48/659 1330/48/659 1329/9/659 1041/9/659
f 1029/181/611 1317/181/611 1316/166/611 1028/166/611
f 698/247/691 986/247/691 985/155/691 697/155/691
f 621/281/695 909/281/695 908/70/695 620/70/695
f 1372/1/21 1373/3/21 1369/2/21
f 1379/4/21 1382/6/21 1378/5/21
f 1381/7/701 1382/6/701 1380/8/701
f 1329/9/21 1390/11/21 1391/10/21
f 1380/8/21 1382/6/21 1379/4/21
f 1378/5/21 1382/6/21 1377/12/21
f 1365/13/21 1385/15/21 1364/14/21
f 1375/16/21 1382/6/21 1374/17/21
f 1374/17/21 1382/6/21 1373/3/21
f 1371/18/21 1372/1/21 1369/2/21
f 1369/2/21 1373/3/21 1382/6/21
f 1217/19/21 1222/21/21 1216/20/21
f 1164/22/21 1153/24/21 1163/23/21
f 1382/6/129 1368/25/129 1369/2/129
f 1383/26/21 1366/28/21 1367/27/21
f 1162/29/21 1155/31/21 1161/30/21
f 1384/32/129 1366/28/129 1383/26/129
f 1384/32/21 1365/13/21 1366/28/21
f 1383/26/702 1367/27/702 1382/6/702
f 1385/15/21 1365/13/21 1384/32/21
f 1440/33/21 1190/35/21 1191/34/21
f 1364/14/21 1386/37/21 1363/36/21
f 1265/38/703 1235/40/703 1236/39/703
f 1239/41/704 1260/43/704 1238/42/704
f 1363/36/21 1387/45/21 1331/44/21
f 1389/46/21 1330/48/21 1388/47/21
f 1330/48/21 1389/46/21 1329/9/21
f 1240/49/21 1260/43/21 1239/41/21
f 1341/50/333 1359/52/333 1340/51/333
f 1329/9/21 1391/10/21 1328/53/21
f 1233/54/21 1269/56/21 1232/55/21
f 1345/57/21 1358/59/21 1344/58/21
f 1292/60/21 1432/62/21 1433/61/21
f 1347/63/21 1357/65/21 1346/64/21
f 1388/47/21 1330/48/21 1387/45/21
f 1205/66/705 1228/68/705 1229/67/705
f 1438/69/129 1195/71/129 1196/70/129
f 1362/72/21 1363/36/21 1331/44/21
f 1160/73/706 1156/75/706 1157/74/706
f 1353/76/707 1351/78/707 1352/77/707
f 1221/79/108 1217/19/108 1220/80/108
f 1410/81/21 1322/83/21 1409/82/21
f 1377/12/21 1382/6/21 1376/84/21
f 1336/85/21 1337/87/21 1360/86/21
f 1439/88/129 1193/90/129 1194/89/129
f 1174/91/21 1183/93/21 1173/92/21
f 1434/94/21 1285/96/21 1286/95/21
f 1241/97/21 1260/43/21 1240/49/21
f 1326/98/21 1397/100/21 1398/99/21
f 1327/101/21 1394/103/21 1395/102/21
f 1357/65/21 1358/59/21 1345/57/21
f 1183/93/21 1184/104/21 1173/92/21
f 1363/36/21 1386/37/21 1387/45/21
f 1325/105/375 1406/107/375 1324/106/375
f 1440/33/705 1188/109/705 1189/108/705
f 1332/110/69 1333/111/69 1362/72/69
f 1232/55/708 1269/56/708 1270/112/708
f 1216/20/21 1223/114/21 1215/113/21
f 1335/115/21 1336/85/21 1360/86/21
f 1334/116/21 1361/117/21 1333/111/21
f 1161/30/21 1156/75/21 1160/73/21
f 1225/118/21 1214/120/21 1224/119/21
f 1171/121/21 1172/123/21 1185/122/21
f 1327/101/129 1395/102/129 1396/124/129
f 1331/44/21 1387/45/21 1330/48/21
f 1334/116/21 1335/115/21 1361/117/21
f 1356/125/21 1357/65/21 1348/126/21
f 1323/127/129 1407/129/129 1408/128/129
f 1264/130/709 1236/39/709 1263/131/709
f 1337/87/21 1338/132/21 1360/86/21
f 1339/133/21 1359/52/21 1338/132/21
f 1355/134/199 1356/125/199 1349/135/199
f 1340/51/21 1359/52/21 1339/133/21
f 1207/136/21 1228/68/21 1206/137/21
f 1271/138/21 1232/55/21 1270/112/21
f 1341/50/21 1342/139/21 1359/52/21
f 1344/58/21 1358/59/21 1343/140/21
f 1434/94/705 1284/141/705 1285/96/705
f 1343/140/21 1358/59/21 1342/139/21
f 1182/142/37 1175/144/37 1181/143/37
f 1328/53/21 1392/146/21 1393/145/21
f 1350/147/21 1351/78/21 1354/148/21
f 1328/53/21 1393/145/21 1327/101/21
f 1246/149/21 1259/151/21 1245/150/21
f 1345/57/21 1346/64/21 1357/65/21
f 1277/152/705 1200/154/705 1276/153/705
f 1273/155/129 1229/67/129 1230/156/129
f 1173/92/710 1184/104/710 1172/123/710
f 1167/157/21 1153/24/21 1166/158/21
f 1242/159/21 1259/151/21 1260/43/21
f 1180/160/21 1176/162/21 1179/161/21
f 1326/98/129 1401/164/129 1402/163/129
f 1412/165/708 1315/167/708 1316/166/708
f 1242/159/21 1260/43/21 1241/97/21
f 1361/117/21 1335/115/21 1360/86/21
f 1262/168/21 1237/170/21 1261/169/21
f 1227/171/21 1210/173/21 1226/172/21
f 1227/171/162 1208/175/162 1209/174/162
f 1413/176/21 1313/177/21 1412/165/21
f 1313/177/21 1413/176/21 1312/178/21
f 1411/179/711 1317/181/711 1318/180/711
f 1326/98/702 1396/124/702 1397/100/702
f 1414/182/21 1310/183/21 1413/176/21
f 1309/184/21 1310/183/21 1414/182/21
f 1308/185/702 1309/184/702 1415/186/702
f 1326/98/702 1398/99/702 1399/187/702
f 1308/185/21 1415/186/21 1416/188/21
f 1307/189/21 1308/185/21 1416/188/21
f 1307/189/702 1416/188/702 1417/190/702
f 1307/189/129 1417/190/129 1418/191/129
f 1306/192/702 1307/189/702 1418/191/702
f 1306/192/21 1418/191/21 1419/193/21
f 1305/194/129 1306/192/129 1419/193/129
f 1305/194/702 1419/193/702 1420/195/702
f 1304/196/21 1305/194/21 1420/195/21
f 1304/196/21 1420/195/21 1421/197/21
f 1303/198/21 1304/196/21 1421/197/21
f 1303/198/21 1421/197/21 1422/199/21
f 1302/200/21 1303/198/21 1422/199/21
f 1302/200/21 1422/199/21 1423/201/21
f 1301/202/129 1302/200/129 1423/201/129
f 1301/202/702 1423/201/702 1424/203/702
f 1300/204/21 1301/202/21 1424/203/21
f 1300/204/129 1424/203/129 1425/205/129
f 1299/206/21 1300/204/21 1425/205/21
f 1299/206/21 1425/205/21 1426/207/21
f 1298/208/129 1299/206/129 1426/207/129
f 1298/208/702 1426/207/702 1427/209/702
f 1297/210/21 1298/208/21 1428/211/21
f 1267/212/21 1235/40/21 1266/213/21
f 1297/210/21 1428/211/21 1429/214/21
f 1296/215/21 1297/210/21 1429/214/21
f 1296/215/21 1429/214/21 1430/216/21
f 1295/217/21 1296/215/21 1430/216/21
f 1295/217/21 1430/216/21 1431/218/21
f 1294/219/21 1295/217/21 1431/218/21
f 1294/219/21 1431/218/21 1432/62/21
f 1293/220/21 1294/219/21 1432/62/21
f 1293/220/21 1432/62/21 1292/60/21
f 1434/94/21 1286/95/21 1287/221/21
f 1291/222/21 1292/60/21 1433/61/21
f 1291/222/21 1433/61/21 1290/223/21
f 1182/142/21 1183/93/21 1174/91/21
f 1289/224/21 1290/223/21 1434/94/21
f 1288/225/21 1289/224/21 1434/94/21
f 1288/225/21 1434/94/21 1287/221/21
f 1290/223/21 1433/61/21 1434/94/21
f 1248/226/712 1259/151/712 1247/227/712
f 1412/165/710 1314/228/710 1315/167/710
f 1435/229/21 1284/141/21 1434/94/21
f 1283/230/21 1284/141/21 1435/229/21
f 1282/231/21 1283/230/21 1435/229/21
f 1281/232/21 1282/231/21 1435/229/21
f 1280/233/63 1281/232/63 1436/234/63
f 1249/235/705 1258/236/705 1259/151/705
f 1256/237/713 1257/239/713 1251/238/713
f 1251/238/21 1257/239/21 1250/240/21
f 1360/86/708 1338/132/708 1359/52/708
f 1279/241/363 1280/233/363 1436/234/363
f 1250/240/703 1257/239/703 1258/236/703
f 1252/242/21 1256/237/21 1251/238/21
f 1255/243/21 1256/237/21 1252/242/21
f 1411/179/714 1319/245/714 1320/244/714
f 1412/165/708 1316/166/708 1317/181/708
f 1324/106/69 1407/129/69 1323/127/69
f 1201/246/21 1204/248/21 1274/247/21
f 1409/82/708 1322/83/708 1323/127/708
f 1162/29/708 1154/249/708 1155/31/708
f 1247/227/21 1259/151/21 1246/149/21
f 1278/250/21 1279/241/21 1436/234/21
f 1252/242/282 1253/251/282 1255/243/282
f 1250/240/21 1258/236/21 1249/235/21
f 1354/148/182 1351/78/182 1353/76/182
f 1245/150/21 1259/151/21 1244/252/21
f 1277/152/702 1278/250/702 1199/253/702
f 1157/74/715 1159/254/715 1160/73/715
f 1238/42/702 1260/43/702 1261/169/702
f 1382/6/21 1367/27/21 1368/25/21
f 1327/101/21 1393/145/21 1394/103/21
f 1261/169/363 1237/170/363 1238/42/363
f 1364/14/21 1385/15/21 1386/37/21
f 1411/179/363 1318/180/363 1319/245/363
f 1208/175/21 1228/68/21 1207/136/21
f 1440/33/69 1189/108/69 1190/35/69
f 1440/33/129 1187/255/129 1188/109/129
f 1325/105/21 1404/257/21 1405/256/21
f 1269/56/21 1233/54/21 1268/258/21
f 1205/66/21 1229/67/21 1273/155/21
f 1328/53/21 1391/10/21 1392/146/21
f 1226/172/716 1211/260/716 1212/259/716
f 1268/258/21 1234/261/21 1267/212/21
f 1222/21/21 1223/114/21 1216/20/21
f 1228/68/21 1208/175/21 1227/171/21
f 1326/98/129 1399/187/129 1400/262/129
f 1415/186/21 1309/184/21 1414/182/21
f 1272/263/21 1231/264/21 1271/138/21
f 1412/165/703 1313/177/703 1314/228/703
f 1187/255/21 1170/266/21 1186/265/21
f 1273/155/21 1230/156/21 1272/263/21
f 1326/98/21 1403/267/21 1325/105/21
f 1326/98/129 1402/163/129 1403/267/129
f 1273/155/69 1204/248/69 1205/66/69
f 1325/105/702 1403/267/702 1404/257/702
f 1275/268/21 1200/154/21 1274/247/21
f 1202/269/21 1203/270/21 1201/246/21
f 1329/9/21 1389/46/21 1390/11/21
f 1213/271/277 1225/118/277 1212/259/277
f 1227/171/717 1209/174/717 1210/173/717
f 1274/247/21 1200/154/21 1201/246/21
f 1223/114/21 1224/119/21 1215/113/21
f 1161/30/264 1155/31/264 1156/75/264
f 1212/259/705 1225/118/705 1226/172/705
f 1359/52/21 1342/139/21 1358/59/21
f 1413/176/21 1310/183/21 1311/272/21
f 1219/273/21 1220/80/21 1218/274/21
f 1220/80/21 1217/19/21 1218/274/21
f 1213/271/63 1214/120/63 1225/118/63
f 1255/243/20 1253/251/20 1254/275/20
f 1349/135/711 1356/125/711 1348/126/711
f 1244/252/21 1259/151/21 1243/276/21
f 1274/247/21 1204/248/21 1273/155/21
f 1323/127/705 1408/128/705 1409/82/705
f 1272/263/705 1230/156/705 1231/264/705
f 1249/235/718 1259/151/718 1248/226/718
f 1186/265/21 1171/121/21 1185/122/21
f 1185/122/21 1172/123/21 1184/104/21
f 1271/138/21 1231/264/21 1232/55/21
f 1324/106/21 1406/107/21 1407/129/21
f 1203/270/719 1204/248/719 1201/246/719
f 1362/72/21 1333/111/21 1361/117/21
f 1179/161/21 1177/278/21 1178/277/21
f 1413/176/264 1311/272/264 1312/178/264
f 1276/153/129 1200/154/129 1275/268/129
f 1206/137/21 1228/68/21 1205/66/21
f 1199/253/21 1436/234/21 1437/279/21
f 1199/253/21 1278/250/21 1436/234/21
f 1437/279/21 1198/280/21 1199/253/21
f 1437/279/21 1197/281/21 1198/280/21
f 1277/152/21 1199/253/21 1200/154/21
f 1438/69/21 1197/281/21 1437/279/21
f 1370/282/21 1371/18/21 1369/2/21
f 1439/88/21 1195/71/21 1438/69/21
f 1195/71/21 1439/88/21 1194/89/21
f 1438/69/702 1196/70/702 1197/281/702
f 1326/98/705 1400/262/705 1401/164/705
f 1440/33/21 1192/283/21 1439/88/21
f 1192/283/21 1440/33/21 1191/34/21
f 1321/284/21 1410/81/21 1320/244/21
f 1163/23/375 1153/24/375 1154/249/375
f 1331/44/711 1332/110/711 1362/72/711
f 1266/213/21 1235/40/21 1265/38/21
f 1187/255/21 1440/33/21 1169/285/21
f 1168/286/21 1440/33/21 1167/157/21
f 1221/79/713 1222/21/713 1217/19/713
f 1376/84/82 1382/6/82 1375/16/82
f 1354/148/21 1355/134/21 1350/147/21
f 1350/147/21 1355/134/21 1349/135/21
f 1440/33/21 1153/24/21 1167/157/21
f 1325/105/129 1405/256/129 1406/107/129
f 1166/158/199 1153/24/199 1165/287/199
f 1180/160/21 1181/143/21 1176/162/21
f 1267/212/708 1234/261/708 1235/40/708
f 1265/38/710 1236/39/710 1264/130/710
f 1165/287/21 1153/24/21 1164/22/21
f 1176/162/21 1177/278/21 1179/161/21
f 1176/162/720 1181/143/720 1175/144/720
f 1412/165/708 1317/181/708 1411/179/708
f 1268/258/721 1233/54/721 1234/261/721
f 1169/285/21 1440/33/21 1168/286/21
f 1348/126/21 1357/65/21 1347/63/21
f 1158/288/722 1159/254/722 1157/74/722
f 1174/91/21 1175/144/21 1182/142/21
f 1243/276/235 1259/151/235 1242/159/235
f 1436/234/21 1281/232/21 1435/229/21
f 1428/211/21 1298/208/21 1427/209/21
f 1320/244/21 1410/81/21 1411/179/21
f 1226/172/125 1210/173/125 1211/260/125
f 1215/113/21 1224/119/21 1214/120/21
f 1327/101/21 1396/124/21 1326/98/21
f 1263/131/21 1236/39/21 1237/170/21
f 1163/23/21 1154/249/21 1162/29/21
f 1169/285/723 1170/266/723 1187/255/723
f 1410/81/703 1321/284/703 1322/83/703
f 1170/266/717 1171/121/717 1186/265/717
f 1263/131/169 1237/170/169 1262/168/169
f 1439/88/21 1192/283/21 1193/90/21
f 976/130/612 1264/130/612 1263/131/612 975/131/612
f 887/144/662 1175/144/662 1174/91/662 886/91/662
