# Blender 4.0.2
# www.blender.org
mtllib Arche_M_corner.mtl
o Arche_M_corner
v 0.302287 -0.040863 -0.801543
v 0.302287 -0.041042 -0.801548
v 0.302287 -0.041200 -0.801562
v 0.302287 -0.041339 -0.801587
v 0.302287 -0.041459 -0.801625
v 0.302287 -0.041560 -0.801675
v 0.302287 -0.041643 -0.801739
v 0.302287 -0.041710 -0.801819
v 0.302287 -0.041760 -0.801914
v 0.302287 -0.041795 -0.802027
v 0.302287 -0.041816 -0.802158
v 0.302287 -0.041822 -0.802308
v 0.302287 -0.041815 -0.802478
v 0.302287 -0.041805 -0.802671
v 0.302287 -0.041806 -0.802869
v 0.302287 -0.041816 -0.803071
v 0.302287 -0.041830 -0.803274
v 0.302287 -0.041845 -0.803476
v 0.302287 -0.041857 -0.803675
v 0.302287 -0.041863 -0.803870
v 0.302287 -0.041860 -0.804058
v 0.302287 -0.041843 -0.804237
v 0.302287 -0.041808 -0.804405
v 0.302287 -0.041753 -0.804560
v 0.302287 -0.041674 -0.804701
v 0.302287 -0.041581 -0.804811
v 0.302287 -0.041461 -0.804905
v 0.302287 -0.041320 -0.804985
v 0.302287 -0.041159 -0.805052
v 0.302287 -0.040984 -0.805110
v 0.302287 -0.040797 -0.805159
v 0.302287 -0.040601 -0.805203
v 0.302287 -0.040402 -0.805243
v 0.302287 -0.040201 -0.805281
v 0.302287 -0.040003 -0.805320
v 0.302287 -0.039811 -0.805361
v 0.302287 -0.039628 -0.805406
v 0.302287 -0.039479 -0.805451
v 0.302287 -0.039056 -0.805591
v 0.302287 -0.038393 -0.805831
v 0.302287 -0.037528 -0.806178
v 0.302287 -0.036496 -0.806639
v 0.302287 -0.035332 -0.807219
v 0.302287 -0.034072 -0.807924
v 0.302287 -0.032751 -0.808762
v 0.302287 -0.031407 -0.809737
v 0.302287 -0.030073 -0.810858
v 0.302287 -0.028786 -0.812128
v 0.302287 -0.027582 -0.813556
v 0.302287 -0.027555 -0.813595
v 0.302287 -0.027526 -0.813633
v 0.302287 -0.027496 -0.813670
v 0.302287 -0.027465 -0.813706
v 0.302287 -0.027434 -0.813743
v 0.302287 -0.027404 -0.813779
v 0.302287 -0.027375 -0.813815
v 0.302287 -0.027347 -0.813853
v 0.302287 -0.027322 -0.813891
v 0.302287 -0.027300 -0.813930
v 0.302287 -0.027280 -0.813972
v 0.302287 -0.027265 -0.814015
v 0.302287 -0.027127 -0.814328
v 0.302287 -0.026969 -0.814599
v 0.302287 -0.026791 -0.814830
v 0.302287 -0.026594 -0.815023
v 0.302287 -0.026379 -0.815182
v 0.302287 -0.026145 -0.815309
v 0.302287 -0.025894 -0.815406
v 0.302287 -0.025626 -0.815476
v 0.302287 -0.025340 -0.815520
v 0.302287 -0.025039 -0.815543
v 0.302287 -0.024722 -0.815546
v 0.302287 -0.024390 -0.815532
v 0.302287 -0.023984 -0.815505
v 0.302287 -0.023578 -0.815486
v 0.302287 -0.023171 -0.815474
v 0.302287 -0.022763 -0.815468
v 0.302287 -0.022355 -0.815466
v 0.302287 -0.021948 -0.815468
v 0.302287 -0.021540 -0.815472
v 0.302287 -0.021132 -0.815478
v 0.302287 -0.020725 -0.815485
v 0.302287 -0.020318 -0.815490
v 0.302287 -0.019911 -0.815495
v 0.302287 -0.019505 -0.815496
v 0.302287 -0.019443 -0.815497
v 0.302287 -0.019382 -0.815498
v 0.302287 -0.019320 -0.815499
v 0.302287 -0.019258 -0.815500
v 0.302287 -0.019196 -0.815502
v 0.302287 -0.019135 -0.815503
v 0.302287 -0.019073 -0.815504
v 0.302287 -0.019011 -0.815504
v 0.302287 -0.018949 -0.815504
v 0.302287 -0.018888 -0.815503
v 0.302287 -0.018826 -0.815500
v 0.302287 -0.018764 -0.815496
v 0.302287 -0.018417 -0.815465
v 0.302287 -0.018109 -0.815404
v 0.302287 -0.017838 -0.815316
v 0.302287 -0.017606 -0.815199
v 0.302287 -0.017412 -0.815055
v 0.302287 -0.017256 -0.814883
v 0.302287 -0.017139 -0.814685
v 0.302287 -0.017059 -0.814459
v 0.302287 -0.017018 -0.814207
v 0.302287 -0.017015 -0.813928
v 0.302287 -0.017051 -0.813623
v 0.302287 -0.017124 -0.813291
v 0.302287 -0.017130 -0.813268
v 0.302287 -0.017149 -0.813201
v 0.302287 -0.017179 -0.813094
v 0.302287 -0.017218 -0.812952
v 0.302287 -0.017266 -0.812777
v 0.302287 -0.017322 -0.812575
v 0.302287 -0.017385 -0.812349
v 0.302287 -0.017453 -0.812102
v 0.302287 -0.017526 -0.811840
v 0.302287 -0.017602 -0.811566
v 0.302287 -0.017680 -0.811284
v 0.302287 -0.017759 -0.810998
v 0.302287 -0.017857 -0.810520
v 0.302287 -0.017887 -0.810067
v 0.302287 -0.017853 -0.809643
v 0.302287 -0.017756 -0.809250
v 0.302287 -0.017600 -0.808891
v 0.302287 -0.017386 -0.808570
v 0.302287 -0.017118 -0.808290
v 0.302287 -0.016797 -0.808054
v 0.302287 -0.016427 -0.807865
v 0.302287 -0.016010 -0.807726
v 0.302287 -0.015547 -0.807640
v 0.302287 -0.015043 -0.807611
v 0.302287 -0.014872 -0.807611
v 0.302287 -0.014380 -0.807611
v 0.302287 -0.013594 -0.807611
v 0.302287 -0.012546 -0.807611
v 0.302287 -0.011263 -0.807611
v 0.302287 -0.009776 -0.807611
v 0.302287 -0.008114 -0.807611
v 0.302287 -0.006306 -0.807611
v 0.302287 -0.004381 -0.807611
v 0.302287 -0.002369 -0.807611
v 0.302287 -0.000299 -0.807611
v 0.302287 0.001800 -0.807611
v 0.302287 0.003396 -0.807611
v 0.302287 0.004991 -0.807611
v 0.302287 0.006586 -0.807612
v 0.302287 0.008180 -0.807612
v 0.302287 0.009774 -0.807613
v 0.302287 0.011368 -0.807613
v 0.302287 0.012962 -0.807615
v 0.302287 0.014556 -0.807616
v 0.302287 0.016150 -0.807619
v 0.302287 0.017745 -0.807621
v 0.302287 0.019340 -0.807625
v 0.302287 0.020936 -0.807629
v 0.302287 0.021042 -0.807630
v 0.302287 0.021149 -0.807633
v 0.302287 0.021256 -0.807639
v 0.302287 0.021363 -0.807647
v 0.302287 0.021470 -0.807658
v 0.302287 0.021577 -0.807671
v 0.302287 0.021684 -0.807686
v 0.302287 0.021790 -0.807705
v 0.302287 0.021895 -0.807726
v 0.302287 0.022000 -0.807749
v 0.302287 0.022103 -0.807776
v 0.302287 0.022206 -0.807805
v 0.302287 0.022566 -0.807925
v 0.302287 0.022887 -0.808071
v 0.302287 0.023169 -0.808244
v 0.302287 0.023412 -0.808441
v 0.302287 0.023615 -0.808662
v 0.302287 0.023777 -0.808906
v 0.302287 0.023899 -0.809171
v 0.302287 0.023980 -0.809457
v 0.302287 0.024018 -0.809763
v 0.302287 0.024015 -0.810087
v 0.302287 0.023970 -0.810428
v 0.302287 0.023881 -0.810786
v 0.302287 0.023805 -0.811025
v 0.302287 0.023727 -0.811263
v 0.302287 0.023648 -0.811501
v 0.302287 0.023567 -0.811739
v 0.302287 0.023486 -0.811977
v 0.302287 0.023405 -0.812215
v 0.302287 0.023323 -0.812454
v 0.302287 0.023242 -0.812692
v 0.302287 0.023162 -0.812930
v 0.302287 0.023082 -0.813168
v 0.302287 0.023005 -0.813406
v 0.302287 0.022929 -0.813644
v 0.302287 0.022845 -0.813947
v 0.302287 0.022795 -0.814222
v 0.302287 0.022782 -0.814469
v 0.302287 0.022804 -0.814689
v 0.302287 0.022864 -0.814881
v 0.302287 0.022959 -0.815047
v 0.302287 0.023093 -0.815186
v 0.302287 0.023264 -0.815298
v 0.302287 0.023474 -0.815386
v 0.302287 0.023723 -0.815447
v 0.302287 0.024011 -0.815484
v 0.302287 0.024339 -0.815496
v 0.302287 0.025442 -0.815500
v 0.302287 0.026545 -0.815503
v 0.302287 0.027649 -0.815504
v 0.302287 0.028754 -0.815504
v 0.302287 0.029859 -0.815504
v 0.302287 0.030964 -0.815503
v 0.302287 0.032070 -0.815502
v 0.302287 0.033176 -0.815500
v 0.302287 0.034282 -0.815499
v 0.302287 0.035389 -0.815498
v 0.302287 0.036496 -0.815497
v 0.302287 0.037602 -0.815496
v 0.302287 0.037633 -0.815496
v 0.302287 0.037665 -0.815494
v 0.302287 0.037698 -0.815491
v 0.302287 0.037732 -0.815487
v 0.302287 0.037766 -0.815482
v 0.302287 0.037801 -0.815477
v 0.302287 0.037836 -0.815471
v 0.302287 0.037873 -0.815465
v 0.302287 0.037910 -0.815459
v 0.302287 0.037948 -0.815454
v 0.302287 0.037986 -0.815448
v 0.302287 0.038025 -0.815444
v 0.302287 0.038090 -0.814384
v 0.302287 0.038127 -0.813334
v 0.302287 0.038124 -0.812296
v 0.302287 0.038071 -0.811273
v 0.302287 0.037956 -0.810269
v 0.302287 0.037768 -0.809287
v 0.302287 0.037495 -0.808330
v 0.302287 0.037128 -0.807401
v 0.302287 0.036654 -0.806503
v 0.302287 0.036062 -0.805640
v 0.302287 0.035341 -0.804815
v 0.302287 0.034481 -0.804030
v 0.302287 0.034034 -0.803676
v 0.302287 0.033575 -0.803348
v 0.302287 0.033105 -0.803045
v 0.302287 0.032623 -0.802769
v 0.302287 0.032129 -0.802520
v 0.302287 0.031623 -0.802299
v 0.302287 0.031106 -0.802108
v 0.302287 0.030577 -0.801946
v 0.302287 0.030036 -0.801815
v 0.302287 0.029483 -0.801715
v 0.302287 0.028919 -0.801648
v 0.302287 0.028343 -0.801614
v 0.302287 0.027483 -0.801594
v 0.302287 0.026623 -0.801580
v 0.302287 0.025763 -0.801571
v 0.302287 0.024903 -0.801565
v 0.302287 0.024043 -0.801561
v 0.302287 0.023182 -0.801561
v 0.302287 0.022321 -0.801561
v 0.302287 0.021460 -0.801563
v 0.302287 0.020598 -0.801564
v 0.302287 0.019735 -0.801565
v 0.302287 0.018872 -0.801564
v 0.302287 0.018008 -0.801561
v 0.302287 0.016544 -0.801561
v 0.302287 0.015080 -0.801561
v 0.302287 0.013617 -0.801561
v 0.302287 0.012153 -0.801561
v 0.302287 0.010689 -0.801561
v 0.302287 0.009225 -0.801561
v 0.302287 0.007761 -0.801561
v 0.302287 0.006297 -0.801561
v 0.302287 0.004834 -0.801561
v 0.302287 0.003370 -0.801561
v 0.302287 0.001906 -0.801561
v 0.302287 0.000442 -0.801561
v 0.302287 -0.000697 -0.801561
v 0.302287 -0.002842 -0.801562
v 0.302287 -0.005816 -0.801563
v 0.302287 -0.009444 -0.801564
v 0.302287 -0.013549 -0.801565
v 0.302287 -0.017955 -0.801565
v 0.302287 -0.022487 -0.801565
v 0.302287 -0.026968 -0.801563
v 0.302287 -0.031222 -0.801561
v 0.302287 -0.035073 -0.801557
v 0.302287 -0.038346 -0.801551
v 0.316287 -0.040863 -0.801543
v 0.316287 -0.041042 -0.801548
v 0.316287 -0.041200 -0.801562
v 0.316287 -0.041339 -0.801587
v 0.316287 -0.041459 -0.801625
v 0.316287 -0.041560 -0.801675
v 0.316287 -0.041643 -0.801739
v 0.316287 -0.041710 -0.801819
v 0.316287 -0.041760 -0.801914
v 0.316287 -0.041795 -0.802027
v 0.316287 -0.041816 -0.802158
v 0.316287 -0.041822 -0.802308
v 0.316287 -0.041815 -0.802478
v 0.316287 -0.041805 -0.802671
v 0.316287 -0.041806 -0.802869
v 0.316287 -0.041816 -0.803071
v 0.316287 -0.041830 -0.803274
v 0.316287 -0.041845 -0.803476
v 0.316287 -0.041857 -0.803675
v 0.316287 -0.041863 -0.803870
v 0.316287 -0.041860 -0.804058
v 0.316287 -0.041843 -0.804237
v 0.316287 -0.041808 -0.804405
v 0.316287 -0.041753 -0.804560
v 0.316287 -0.041674 -0.804701
v 0.316287 -0.041581 -0.804811
v 0.316287 -0.041461 -0.804905
v 0.316287 -0.041320 -0.804984
v 0.316287 -0.041159 -0.805052
v 0.316287 -0.040984 -0.805110
v 0.316287 -0.040797 -0.805159
v 0.316287 -0.040601 -0.805203
v 0.316287 -0.040402 -0.805243
v 0.316287 -0.040201 -0.805281
v 0.316287 -0.040003 -0.805320
v 0.316287 -0.039811 -0.805361
v 0.316287 -0.039628 -0.805406
v 0.316287 -0.039479 -0.805451
v 0.316287 -0.039056 -0.805591
v 0.316287 -0.038393 -0.805831
v 0.316287 -0.037528 -0.806178
v 0.316287 -0.036496 -0.806639
v 0.316287 -0.035332 -0.807219
v 0.316287 -0.034072 -0.807924
v 0.316287 -0.032751 -0.808762
v 0.316287 -0.031407 -0.809737
v 0.316287 -0.030073 -0.810858
v 0.316287 -0.028786 -0.812128
v 0.316287 -0.027582 -0.813556
v 0.316287 -0.027555 -0.813595
v 0.316287 -0.027526 -0.813633
v 0.316287 -0.027496 -0.813670
v 0.316287 -0.027465 -0.813706
v 0.316287 -0.027434 -0.813743
v 0.316287 -0.027404 -0.813779
v 0.316287 -0.027375 -0.813815
v 0.316287 -0.027347 -0.813853
v 0.316287 -0.027322 -0.813891
v 0.316287 -0.027300 -0.813930
v 0.316287 -0.027280 -0.813972
v 0.316287 -0.027265 -0.814015
v 0.316287 -0.027127 -0.814328
v 0.316287 -0.026969 -0.814599
v 0.316287 -0.026791 -0.814830
v 0.316287 -0.026594 -0.815023
v 0.316287 -0.026379 -0.815182
v 0.316287 -0.026145 -0.815309
v 0.316287 -0.025894 -0.815406
v 0.316287 -0.025626 -0.815476
v 0.316287 -0.025340 -0.815520
v 0.316287 -0.025039 -0.815543
v 0.316287 -0.024722 -0.815546
v 0.316287 -0.024390 -0.815532
v 0.316287 -0.023984 -0.815505
v 0.316287 -0.023578 -0.815486
v 0.316287 -0.023171 -0.815474
v 0.316287 -0.022763 -0.815468
v 0.316287 -0.022355 -0.815466
v 0.316287 -0.021948 -0.815468
v 0.316287 -0.021540 -0.815472
v 0.316287 -0.021132 -0.815478
v 0.316287 -0.020725 -0.815485
v 0.316287 -0.020318 -0.815490
v 0.316287 -0.019911 -0.815495
v 0.316287 -0.019505 -0.815496
v 0.316287 -0.019443 -0.815497
v 0.316287 -0.019382 -0.815498
v 0.316287 -0.019320 -0.815499
v 0.316287 -0.019258 -0.815500
v 0.316287 -0.019196 -0.815502
v 0.316287 -0.019135 -0.815503
v 0.316287 -0.019073 -0.815504
v 0.316287 -0.019011 -0.815504
v 0.316287 -0.018949 -0.815504
v 0.316287 -0.018888 -0.815503
v 0.316287 -0.018826 -0.815500
v 0.316287 -0.018764 -0.815496
v 0.316287 -0.018417 -0.815465
v 0.316287 -0.018109 -0.815404
v 0.316287 -0.017838 -0.815316
v 0.316287 -0.017606 -0.815199
v 0.316287 -0.017412 -0.815055
v 0.316287 -0.017256 -0.814883
v 0.316287 -0.017139 -0.814685
v 0.316287 -0.017059 -0.814459
v 0.316287 -0.017018 -0.814207
v 0.316287 -0.017015 -0.813928
v 0.316287 -0.017051 -0.813623
v 0.316287 -0.017124 -0.813291
v 0.316287 -0.017130 -0.813268
v 0.316287 -0.017149 -0.813201
v 0.316287 -0.017179 -0.813094
v 0.316287 -0.017218 -0.812952
v 0.316287 -0.017266 -0.812777
v 0.316287 -0.017322 -0.812575
v 0.316287 -0.017385 -0.812349
v 0.316287 -0.017453 -0.812102
v 0.316287 -0.017526 -0.811840
v 0.316287 -0.017602 -0.811566
v 0.316287 -0.017680 -0.811284
v 0.316287 -0.017759 -0.810998
v 0.316287 -0.017857 -0.810520
v 0.316287 -0.017887 -0.810067
v 0.316287 -0.017853 -0.809643
v 0.316287 -0.017756 -0.809250
v 0.316287 -0.017600 -0.808891
v 0.316287 -0.017386 -0.808570
v 0.316287 -0.017118 -0.808290
v 0.316287 -0.016797 -0.808054
v 0.316287 -0.016427 -0.807865
v 0.316287 -0.016010 -0.807726
v 0.316287 -0.015547 -0.807640
v 0.316287 -0.015043 -0.807611
v 0.316287 -0.014872 -0.807611
v 0.316287 -0.014380 -0.807611
v 0.316287 -0.013594 -0.807611
v 0.316287 -0.012546 -0.807611
v 0.316287 -0.011263 -0.807611
v 0.316287 -0.009776 -0.807611
v 0.316287 -0.008114 -0.807611
v 0.316287 -0.006306 -0.807611
v 0.316287 -0.004381 -0.807611
v 0.316287 -0.002369 -0.807611
v 0.316287 -0.000299 -0.807611
v 0.316287 0.001800 -0.807611
v 0.316287 0.003396 -0.807611
v 0.316287 0.004991 -0.807611
v 0.316287 0.006586 -0.807612
v 0.316287 0.008180 -0.807612
v 0.316287 0.009774 -0.807613
v 0.316287 0.011368 -0.807613
v 0.316287 0.012962 -0.807615
v 0.316287 0.014556 -0.807616
v 0.316287 0.016150 -0.807619
v 0.316287 0.017745 -0.807621
v 0.316287 0.019340 -0.807625
v 0.316287 0.020936 -0.807629
v 0.316287 0.021042 -0.807630
v 0.316287 0.021149 -0.807633
v 0.316287 0.021256 -0.807639
v 0.316287 0.021363 -0.807647
v 0.316287 0.021470 -0.807658
v 0.316287 0.021577 -0.807671
v 0.316287 0.021684 -0.807686
v 0.316287 0.021790 -0.807705
v 0.316287 0.021895 -0.807726
v 0.316287 0.022000 -0.807749
v 0.316287 0.022103 -0.807776
v 0.316287 0.022206 -0.807805
v 0.316287 0.022566 -0.807925
v 0.316287 0.022887 -0.808071
v 0.316287 0.023169 -0.808244
v 0.316287 0.023412 -0.808441
v 0.316287 0.023615 -0.808662
v 0.316287 0.023777 -0.808906
v 0.316287 0.023899 -0.809171
v 0.316287 0.023980 -0.809457
v 0.316287 0.024018 -0.809763
v 0.316287 0.024015 -0.810087
v 0.316287 0.023970 -0.810428
v 0.316287 0.023881 -0.810786
v 0.316287 0.023805 -0.811025
v 0.316287 0.023727 -0.811263
v 0.316287 0.023648 -0.811501
v 0.316287 0.023567 -0.811739
v 0.316287 0.023486 -0.811977
v 0.316287 0.023405 -0.812215
v 0.316287 0.023323 -0.812454
v 0.316287 0.023242 -0.812692
v 0.316287 0.023162 -0.812930
v 0.316287 0.023082 -0.813168
v 0.316287 0.023005 -0.813406
v 0.316287 0.022929 -0.813644
v 0.316287 0.022845 -0.813947
v 0.316287 0.022795 -0.814222
v 0.316287 0.022782 -0.814469
v 0.316287 0.022804 -0.814689
v 0.316287 0.022864 -0.814881
v 0.316287 0.022959 -0.815047
v 0.316287 0.023093 -0.815186
v 0.316287 0.023264 -0.815298
v 0.316287 0.023474 -0.815386
v 0.316287 0.023723 -0.815447
v 0.316287 0.024011 -0.815484
v 0.316287 0.024339 -0.815496
v 0.316287 0.025442 -0.815500
v 0.316287 0.026545 -0.815503
v 0.316287 0.027649 -0.815504
v 0.316287 0.028754 -0.815504
v 0.316287 0.029859 -0.815504
v 0.316287 0.030964 -0.815503
v 0.316287 0.032070 -0.815502
v 0.316287 0.033176 -0.815500
v 0.316287 0.034282 -0.815499
v 0.316287 0.035389 -0.815498
v 0.316287 0.036496 -0.815497
v 0.316287 0.037602 -0.815496
v 0.316287 0.037633 -0.815496
v 0.316287 0.037665 -0.815494
v 0.316287 0.037698 -0.815491
v 0.316287 0.037732 -0.815487
v 0.316287 0.037766 -0.815482
v 0.316287 0.037801 -0.815477
v 0.316287 0.037836 -0.815471
v 0.316287 0.037873 -0.815465
v 0.316287 0.037910 -0.815459
v 0.316287 0.037948 -0.815454
v 0.316287 0.037986 -0.815448
v 0.316287 0.038025 -0.815444
v 0.316287 0.038090 -0.814384
v 0.316287 0.038127 -0.813334
v 0.316287 0.038124 -0.812296
v 0.316287 0.038071 -0.811273
v 0.316287 0.037956 -0.810269
v 0.316287 0.037768 -0.809287
v 0.316287 0.037495 -0.808330
v 0.316287 0.037128 -0.807401
v 0.316287 0.036654 -0.806503
v 0.316287 0.036062 -0.805640
v 0.316287 0.035341 -0.804815
v 0.316287 0.034481 -0.804030
v 0.316287 0.034034 -0.803676
v 0.316287 0.033575 -0.803348
v 0.316287 0.033105 -0.803045
v 0.316287 0.032623 -0.802769
v 0.316287 0.032129 -0.802520
v 0.316287 0.031623 -0.802299
v 0.316287 0.031106 -0.802108
v 0.316287 0.030577 -0.801946
v 0.316287 0.030036 -0.801815
v 0.316287 0.029483 -0.801715
v 0.316287 0.028919 -0.801648
v 0.316287 0.028343 -0.801614
v 0.316287 0.027483 -0.801594
v 0.316287 0.026623 -0.801580
v 0.316287 0.025763 -0.801571
v 0.316287 0.024903 -0.801565
v 0.316287 0.024043 -0.801561
v 0.316287 0.023182 -0.801561
v 0.316287 0.022321 -0.801561
v 0.316287 0.021460 -0.801563
v 0.316287 0.020598 -0.801564
v 0.316287 0.019735 -0.801565
v 0.316287 0.018872 -0.801564
v 0.316287 0.018008 -0.801561
v 0.316287 0.016544 -0.801561
v 0.316287 0.015080 -0.801561
v 0.316287 0.013617 -0.801561
v 0.316287 0.012153 -0.801561
v 0.316287 0.010689 -0.801561
v 0.316287 0.009225 -0.801561
v 0.316287 0.007761 -0.801561
v 0.316287 0.006297 -0.801561
v 0.316287 0.004834 -0.801561
v 0.316287 0.003370 -0.801561
v 0.316287 0.001906 -0.801561
v 0.316287 0.000442 -0.801561
v 0.316287 -0.000697 -0.801561
v 0.316287 -0.002842 -0.801562
v 0.316287 -0.005816 -0.801563
v 0.316287 -0.009444 -0.801564
v 0.316287 -0.013549 -0.801565
v 0.316287 -0.017955 -0.801565
v 0.316287 -0.022487 -0.801565
v 0.316287 -0.026968 -0.801563
v 0.316287 -0.031222 -0.801561
v 0.316287 -0.035073 -0.801557
v 0.316287 -0.038346 -0.801551
v 0.337955 -0.040863 -0.801543
v 0.337950 -0.041042 -0.801548
v 0.337936 -0.041200 -0.801562
v 0.337911 -0.041339 -0.801587
v 0.337873 -0.041459 -0.801625
v 0.337823 -0.041560 -0.801675
v 0.337759 -0.041643 -0.801739
v 0.337679 -0.041710 -0.801819
v 0.337584 -0.041760 -0.801914
v 0.337471 -0.041795 -0.802027
v 0.337341 -0.041816 -0.802158
v 0.337190 -0.041822 -0.802308
v 0.337020 -0.041815 -0.802478
v 0.336827 -0.041805 -0.802671
v 0.336629 -0.041806 -0.802869
v 0.336427 -0.041816 -0.803071
v 0.336224 -0.041830 -0.803274
v 0.336022 -0.041845 -0.803476
v 0.335823 -0.041857 -0.803675
v 0.335628 -0.041863 -0.803870
v 0.335440 -0.041860 -0.804058
v 0.335261 -0.041843 -0.804237
v 0.335093 -0.041808 -0.804405
v 0.334938 -0.041753 -0.804560
v 0.334797 -0.041674 -0.804701
v 0.334687 -0.041581 -0.804811
v 0.334593 -0.041461 -0.804905
v 0.334514 -0.041320 -0.804984
v 0.334446 -0.041159 -0.805052
v 0.334388 -0.040984 -0.805110
v 0.334339 -0.040797 -0.805159
v 0.334295 -0.040601 -0.805203
v 0.334255 -0.040402 -0.805243
v 0.334217 -0.040201 -0.805281
v 0.334178 -0.040003 -0.805320
v 0.334137 -0.039811 -0.805361
v 0.334092 -0.039628 -0.805406
v 0.334047 -0.039479 -0.805451
v 0.333907 -0.039056 -0.805591
v 0.333667 -0.038393 -0.805831
v 0.333320 -0.037528 -0.806178
v 0.332859 -0.036496 -0.806639
v 0.332279 -0.035332 -0.807219
v 0.331574 -0.034072 -0.807924
v 0.330736 -0.032751 -0.808762
v 0.329761 -0.031407 -0.809737
v 0.328641 -0.030073 -0.810858
v 0.327370 -0.028786 -0.812128
v 0.325942 -0.027582 -0.813556
v 0.325903 -0.027555 -0.813595
v 0.325865 -0.027526 -0.813633
v 0.325828 -0.027496 -0.813670
v 0.325792 -0.027465 -0.813706
v 0.325756 -0.027434 -0.813742
v 0.325719 -0.027404 -0.813779
v 0.325683 -0.027375 -0.813815
v 0.325645 -0.027347 -0.813853
v 0.325607 -0.027322 -0.813891
v 0.325568 -0.027300 -0.813930
v 0.325526 -0.027280 -0.813972
v 0.325483 -0.027265 -0.814015
v 0.325170 -0.027127 -0.814328
v 0.324899 -0.026969 -0.814599
v 0.324668 -0.026791 -0.814830
v 0.324475 -0.026594 -0.815023
v 0.324316 -0.026379 -0.815182
v 0.324189 -0.026145 -0.815309
v 0.324092 -0.025894 -0.815406
v 0.324022 -0.025626 -0.815476
v 0.323978 -0.025340 -0.815520
v 0.323955 -0.025039 -0.815543
v 0.323952 -0.024722 -0.815546
v 0.323966 -0.024390 -0.815532
v 0.323993 -0.023984 -0.815505
v 0.324012 -0.023578 -0.815486
v 0.324024 -0.023171 -0.815474
v 0.324030 -0.022763 -0.815468
v 0.324032 -0.022355 -0.815466
v 0.324030 -0.021948 -0.815468
v 0.324026 -0.021540 -0.815472
v 0.324020 -0.021132 -0.815478
v 0.324013 -0.020725 -0.815485
v 0.324008 -0.020318 -0.815490
v 0.324003 -0.019911 -0.815495
v 0.324002 -0.019505 -0.815496
v 0.324001 -0.019443 -0.815497
v 0.324000 -0.019382 -0.815498
v 0.323999 -0.019320 -0.815499
v 0.323998 -0.019258 -0.815500
v 0.323996 -0.019196 -0.815502
v 0.323995 -0.019135 -0.815503
v 0.323994 -0.019073 -0.815504
v 0.323994 -0.019011 -0.815504
v 0.323994 -0.018949 -0.815504
v 0.323995 -0.018888 -0.815503
v 0.323998 -0.018826 -0.815500
v 0.324002 -0.018764 -0.815496
v 0.324033 -0.018417 -0.815465
v 0.324094 -0.018109 -0.815404
v 0.324182 -0.017838 -0.815316
v 0.324299 -0.017606 -0.815199
v 0.324443 -0.017412 -0.815055
v 0.324615 -0.017256 -0.814883
v 0.324813 -0.017139 -0.814685
v 0.325039 -0.017059 -0.814459
v 0.325292 -0.017018 -0.814206
v 0.325570 -0.017015 -0.813928
v 0.325876 -0.017051 -0.813622
v 0.326207 -0.017124 -0.813291
v 0.326230 -0.017130 -0.813268
v 0.326297 -0.017149 -0.813201
v 0.326404 -0.017179 -0.813094
v 0.326546 -0.017218 -0.812952
v 0.326721 -0.017266 -0.812777
v 0.326923 -0.017322 -0.812575
v 0.327150 -0.017385 -0.812348
v 0.327396 -0.017453 -0.812102
v 0.327658 -0.017526 -0.811840
v 0.327932 -0.017602 -0.811566
v 0.328214 -0.017680 -0.811284
v 0.328500 -0.017759 -0.810998
v 0.328978 -0.017857 -0.810520
v 0.329431 -0.017887 -0.810067
v 0.329855 -0.017853 -0.809643
v 0.330248 -0.017756 -0.809250
v 0.330607 -0.017600 -0.808891
v 0.330928 -0.017386 -0.808570
v 0.331208 -0.017118 -0.808290
v 0.331444 -0.016797 -0.808054
v 0.331633 -0.016427 -0.807865
v 0.331772 -0.016010 -0.807726
v 0.331858 -0.015547 -0.807640
v 0.331887 -0.015043 -0.807611
v 0.331887 -0.014872 -0.807611
v 0.331887 -0.014380 -0.807611
v 0.331887 -0.013594 -0.807611
v 0.331887 -0.012546 -0.807611
v 0.331887 -0.011263 -0.807611
v 0.331887 -0.009776 -0.807611
v 0.331887 -0.008114 -0.807611
v 0.331887 -0.006306 -0.807611
v 0.331887 -0.004381 -0.807611
v 0.331887 -0.002369 -0.807611
v 0.331887 -0.000299 -0.807611
v 0.331887 0.001800 -0.807611
v 0.331887 0.003396 -0.807611
v 0.331887 0.004991 -0.807611
v 0.331887 0.006586 -0.807612
v 0.331886 0.008180 -0.807612
v 0.331886 0.009774 -0.807612
v 0.331885 0.011368 -0.807613
v 0.331883 0.012962 -0.807615
v 0.331882 0.014556 -0.807616
v 0.331879 0.016150 -0.807619
v 0.331877 0.017745 -0.807621
v 0.331873 0.019340 -0.807625
v 0.331869 0.020936 -0.807629
v 0.331868 0.021042 -0.807630
v 0.331865 0.021149 -0.807633
v 0.331859 0.021256 -0.807639
v 0.331851 0.021363 -0.807647
v 0.331840 0.021470 -0.807658
v 0.331827 0.021577 -0.807671
v 0.331812 0.021684 -0.807686
v 0.331793 0.021790 -0.807705
v 0.331772 0.021895 -0.807726
v 0.331749 0.022000 -0.807749
v 0.331722 0.022103 -0.807776
v 0.331693 0.022206 -0.807805
v 0.331573 0.022566 -0.807925
v 0.331427 0.022887 -0.808071
v 0.331254 0.023169 -0.808244
v 0.331057 0.023412 -0.808441
v 0.330836 0.023615 -0.808662
v 0.330592 0.023777 -0.808906
v 0.330327 0.023899 -0.809171
v 0.330041 0.023980 -0.809457
v 0.329736 0.024018 -0.809763
v 0.329411 0.024015 -0.810087
v 0.329070 0.023970 -0.810428
v 0.328712 0.023881 -0.810786
v 0.328473 0.023805 -0.811025
v 0.328235 0.023727 -0.811263
v 0.327997 0.023648 -0.811501
v 0.327759 0.023567 -0.811739
v 0.327521 0.023486 -0.811977
v 0.327283 0.023405 -0.812215
v 0.327045 0.023323 -0.812454
v 0.326806 0.023242 -0.812692
v 0.326568 0.023162 -0.812930
v 0.326330 0.023082 -0.813168
v 0.326092 0.023005 -0.813406
v 0.325854 0.022929 -0.813644
v 0.325551 0.022845 -0.813947
v 0.325276 0.022796 -0.814222
v 0.325029 0.022782 -0.814469
v 0.324809 0.022805 -0.814689
v 0.324617 0.022864 -0.814881
v 0.324451 0.022959 -0.815047
v 0.324312 0.023093 -0.815186
v 0.324200 0.023264 -0.815298
v 0.324112 0.023474 -0.815386
v 0.324051 0.023723 -0.815447
v 0.324014 0.024011 -0.815484
v 0.324002 0.024339 -0.815496
v 0.323998 0.025442 -0.815500
v 0.323995 0.026545 -0.815503
v 0.323994 0.027649 -0.815504
v 0.323994 0.028754 -0.815504
v 0.323994 0.029859 -0.815504
v 0.323995 0.030964 -0.815503
v 0.323996 0.032070 -0.815502
v 0.323998 0.033176 -0.815500
v 0.323999 0.034282 -0.815499
v 0.324000 0.035389 -0.815498
v 0.324001 0.036496 -0.815497
v 0.324002 0.037602 -0.815496
v 0.324002 0.037633 -0.815496
v 0.324004 0.037665 -0.815494
v 0.324007 0.037698 -0.815491
v 0.324011 0.037732 -0.815487
v 0.324016 0.037766 -0.815482
v 0.324021 0.037801 -0.815477
v 0.324027 0.037836 -0.815471
v 0.324033 0.037873 -0.815465
v 0.324039 0.037910 -0.815459
v 0.324044 0.037948 -0.815454
v 0.324050 0.037986 -0.815448
v 0.324055 0.038025 -0.815444
v 0.325114 0.038090 -0.814384
v 0.326164 0.038127 -0.813334
v 0.327202 0.038124 -0.812296
v 0.328225 0.038071 -0.811273
v 0.329229 0.037956 -0.810269
v 0.330211 0.037768 -0.809287
v 0.331168 0.037495 -0.808330
v 0.332097 0.037128 -0.807401
v 0.332995 0.036654 -0.806503
v 0.333858 0.036062 -0.805640
v 0.334683 0.035341 -0.804815
v 0.335468 0.034481 -0.804030
v 0.335822 0.034034 -0.803676
v 0.336150 0.033575 -0.803348
v 0.336453 0.033105 -0.803045
v 0.336729 0.032623 -0.802769
v 0.336978 0.032129 -0.802520
v 0.337199 0.031623 -0.802299
v 0.337390 0.031106 -0.802108
v 0.337552 0.030577 -0.801946
v 0.337683 0.030036 -0.801815
v 0.337783 0.029483 -0.801715
v 0.337850 0.028919 -0.801648
v 0.337884 0.028343 -0.801614
v 0.337904 0.027483 -0.801594
v 0.337918 0.026623 -0.801580
v 0.337928 0.025763 -0.801571
v 0.337933 0.024903 -0.801565
v 0.337937 0.024043 -0.801561
v 0.337937 0.023182 -0.801561
v 0.337937 0.022321 -0.801561
v 0.337935 0.021460 -0.801563
v 0.337934 0.020598 -0.801564
v 0.337933 0.019735 -0.801565
v 0.337934 0.018872 -0.801564
v 0.337937 0.018008 -0.801561
v 0.337937 0.016544 -0.801561
v 0.337937 0.015080 -0.801561
v 0.337937 0.013617 -0.801561
v 0.337937 0.012153 -0.801561
v 0.337937 0.010689 -0.801561
v 0.337937 0.009225 -0.801561
v 0.337937 0.007761 -0.801561
v 0.337937 0.006297 -0.801561
v 0.337937 0.004834 -0.801561
v 0.337937 0.003370 -0.801561
v 0.337937 0.001906 -0.801561
v 0.337937 0.000442 -0.801561
v 0.337937 -0.000697 -0.801561
v 0.337936 -0.002842 -0.801562
v 0.337935 -0.005816 -0.801563
v 0.337934 -0.009444 -0.801564
v 0.337933 -0.013549 -0.801565
v 0.337933 -0.017955 -0.801565
v 0.337933 -0.022487 -0.801565
v 0.337935 -0.026968 -0.801563
v 0.337937 -0.031222 -0.801561
v 0.337942 -0.035073 -0.801557
v 0.337947 -0.038346 -0.801551
v 0.337955 -0.040863 -0.823211
v 0.337950 -0.041042 -0.823211
v 0.337936 -0.041200 -0.823211
v 0.337911 -0.041339 -0.823211
v 0.337873 -0.041459 -0.823211
v 0.337823 -0.041560 -0.823211
v 0.337759 -0.041643 -0.823211
v 0.337679 -0.041710 -0.823211
v 0.337584 -0.041760 -0.823211
v 0.337471 -0.041795 -0.823211
v 0.337341 -0.041816 -0.823211
v 0.337190 -0.041822 -0.823211
v 0.337020 -0.041815 -0.823211
v 0.336827 -0.041805 -0.823211
v 0.336629 -0.041806 -0.823211
v 0.336427 -0.041816 -0.823211
v 0.336224 -0.041830 -0.823211
v 0.336022 -0.041845 -0.823211
v 0.335823 -0.041857 -0.823211
v 0.335628 -0.041863 -0.823211
v 0.335440 -0.041860 -0.823211
v 0.335261 -0.041843 -0.823211
v 0.335093 -0.041808 -0.823211
v 0.334938 -0.041753 -0.823211
v 0.334797 -0.041674 -0.823211
v 0.334687 -0.041581 -0.823211
v 0.334593 -0.041461 -0.823211
v 0.334514 -0.041320 -0.823211
v 0.334446 -0.041159 -0.823211
v 0.334388 -0.040984 -0.823211
v 0.334339 -0.040797 -0.823211
v 0.334295 -0.040601 -0.823211
v 0.334255 -0.040402 -0.823211
v 0.334217 -0.040201 -0.823211
v 0.334178 -0.040003 -0.823211
v 0.334137 -0.039811 -0.823211
v 0.334092 -0.039628 -0.823211
v 0.334047 -0.039479 -0.823211
v 0.333907 -0.039056 -0.823211
v 0.333667 -0.038393 -0.823211
v 0.333320 -0.037528 -0.823211
v 0.332859 -0.036496 -0.823211
v 0.332279 -0.035332 -0.823211
v 0.331574 -0.034072 -0.823211
v 0.330736 -0.032751 -0.823211
v 0.329761 -0.031407 -0.823211
v 0.328641 -0.030073 -0.823211
v 0.327370 -0.028786 -0.823211
v 0.325942 -0.027582 -0.823211
v 0.325903 -0.027555 -0.823211
v 0.325865 -0.027526 -0.823211
v 0.325828 -0.027496 -0.823211
v 0.325792 -0.027465 -0.823211
v 0.325756 -0.027434 -0.823211
v 0.325719 -0.027404 -0.823211
v 0.325683 -0.027375 -0.823211
v 0.325645 -0.027347 -0.823211
v 0.325607 -0.027322 -0.823211
v 0.325568 -0.027300 -0.823211
v 0.325526 -0.027280 -0.823211
v 0.325483 -0.027265 -0.823211
v 0.325170 -0.027127 -0.823211
v 0.324899 -0.026969 -0.823211
v 0.324668 -0.026791 -0.823211
v 0.324475 -0.026594 -0.823211
v 0.324316 -0.026379 -0.823211
v 0.324189 -0.026145 -0.823211
v 0.324092 -0.025894 -0.823211
v 0.324022 -0.025626 -0.823211
v 0.323978 -0.025340 -0.823211
v 0.323955 -0.025039 -0.823211
v 0.323952 -0.024722 -0.823211
v 0.323966 -0.024390 -0.823211
v 0.323993 -0.023984 -0.823211
v 0.324012 -0.023578 -0.823211
v 0.324024 -0.023171 -0.823211
v 0.324030 -0.022763 -0.823211
v 0.324032 -0.022355 -0.823211
v 0.324030 -0.021948 -0.823211
v 0.324026 -0.021540 -0.823211
v 0.324020 -0.021132 -0.823211
v 0.324013 -0.020725 -0.823211
v 0.324008 -0.020318 -0.823211
v 0.324003 -0.019911 -0.823211
v 0.324002 -0.019505 -0.823211
v 0.324001 -0.019443 -0.823211
v 0.324000 -0.019382 -0.823211
v 0.323999 -0.019320 -0.823211
v 0.323998 -0.019258 -0.823211
v 0.323996 -0.019196 -0.823211
v 0.323995 -0.019135 -0.823211
v 0.323994 -0.019073 -0.823211
v 0.323994 -0.019011 -0.823211
v 0.323994 -0.018949 -0.823211
v 0.323995 -0.018888 -0.823211
v 0.323998 -0.018826 -0.823211
v 0.324002 -0.018764 -0.823211
v 0.324033 -0.018417 -0.823211
v 0.324094 -0.018109 -0.823211
v 0.324182 -0.017838 -0.823211
v 0.324299 -0.017606 -0.823211
v 0.324443 -0.017412 -0.823211
v 0.324615 -0.017256 -0.823211
v 0.324813 -0.017139 -0.823211
v 0.325039 -0.017059 -0.823211
v 0.325292 -0.017018 -0.823211
v 0.325570 -0.017015 -0.823211
v 0.325876 -0.017051 -0.823211
v 0.326207 -0.017124 -0.823211
v 0.326230 -0.017130 -0.823211
v 0.326297 -0.017149 -0.823211
v 0.326404 -0.017179 -0.823211
v 0.326546 -0.017218 -0.823211
v 0.326721 -0.017266 -0.823211
v 0.326923 -0.017322 -0.823211
v 0.327150 -0.017385 -0.823211
v 0.327396 -0.017453 -0.823211
v 0.327658 -0.017526 -0.823211
v 0.327932 -0.017602 -0.823211
v 0.328214 -0.017680 -0.823211
v 0.328500 -0.017759 -0.823211
v 0.328978 -0.017857 -0.823211
v 0.329431 -0.017887 -0.823211
v 0.329855 -0.017853 -0.823211
v 0.330248 -0.017756 -0.823211
v 0.330607 -0.017600 -0.823211
v 0.330928 -0.017386 -0.823211
v 0.331208 -0.017118 -0.823211
v 0.331444 -0.016797 -0.823211
v 0.331633 -0.016427 -0.823211
v 0.331772 -0.016010 -0.823211
v 0.331858 -0.015547 -0.823211
v 0.331887 -0.015043 -0.823211
v 0.331887 -0.014872 -0.823211
v 0.331887 -0.014380 -0.823211
v 0.331887 -0.013594 -0.823211
v 0.331887 -0.012546 -0.823211
v 0.331887 -0.011263 -0.823211
v 0.331887 -0.009776 -0.823211
v 0.331887 -0.008114 -0.823211
v 0.331887 -0.006306 -0.823211
v 0.331887 -0.004381 -0.823211
v 0.331887 -0.002369 -0.823211
v 0.331887 -0.000299 -0.823211
v 0.331887 0.001800 -0.823211
v 0.331887 0.003396 -0.823211
v 0.331887 0.004991 -0.823211
v 0.331887 0.006586 -0.823211
v 0.331886 0.008180 -0.823211
v 0.331886 0.009774 -0.823211
v 0.331885 0.011368 -0.823211
v 0.331883 0.012962 -0.823211
v 0.331882 0.014556 -0.823211
v 0.331879 0.016150 -0.823211
v 0.331877 0.017745 -0.823211
v 0.331873 0.019340 -0.823211
v 0.331869 0.020936 -0.823211
v 0.331868 0.021042 -0.823211
v 0.331865 0.021149 -0.823211
v 0.331859 0.021256 -0.823211
v 0.331851 0.021363 -0.823211
v 0.331840 0.021470 -0.823211
v 0.331827 0.021577 -0.823211
v 0.331812 0.021684 -0.823211
v 0.331793 0.021790 -0.823211
v 0.331772 0.021895 -0.823211
v 0.331749 0.022000 -0.823211
v 0.331722 0.022103 -0.823211
v 0.331693 0.022206 -0.823211
v 0.331573 0.022566 -0.823211
v 0.331427 0.022887 -0.823211
v 0.331254 0.023169 -0.823211
v 0.331057 0.023412 -0.823211
v 0.330836 0.023615 -0.823211
v 0.330592 0.023777 -0.823211
v 0.330327 0.023899 -0.823211
v 0.330041 0.023980 -0.823211
v 0.329736 0.024018 -0.823211
v 0.329411 0.024015 -0.823211
v 0.329070 0.023970 -0.823211
v 0.328712 0.023881 -0.823211
v 0.328473 0.023805 -0.823211
v 0.328235 0.023727 -0.823211
v 0.327997 0.023648 -0.823211
v 0.327759 0.023567 -0.823211
v 0.327521 0.023486 -0.823211
v 0.327283 0.023405 -0.823211
v 0.327045 0.023323 -0.823211
v 0.326806 0.023242 -0.823211
v 0.326568 0.023162 -0.823211
v 0.326330 0.023082 -0.823211
v 0.326092 0.023005 -0.823211
v 0.325854 0.022929 -0.823211
v 0.325551 0.022845 -0.823211
v 0.325276 0.022796 -0.823211
v 0.325029 0.022782 -0.823211
v 0.324809 0.022805 -0.823211
v 0.324617 0.022864 -0.823211
v 0.324451 0.022959 -0.823211
v 0.324312 0.023093 -0.823211
v 0.324200 0.023264 -0.823211
v 0.324112 0.023474 -0.823211
v 0.324051 0.023723 -0.823211
v 0.324014 0.024011 -0.823211
v 0.324002 0.024339 -0.823211
v 0.323998 0.025442 -0.823211
v 0.323995 0.026545 -0.823211
v 0.323994 0.027649 -0.823211
v 0.323994 0.028754 -0.823211
v 0.323994 0.029859 -0.823211
v 0.323995 0.030964 -0.823211
v 0.323996 0.032070 -0.823211
v 0.323998 0.033176 -0.823211
v 0.323999 0.034282 -0.823211
v 0.324000 0.035389 -0.823211
v 0.324001 0.036496 -0.823211
v 0.324002 0.037602 -0.823211
v 0.324002 0.037633 -0.823211
v 0.324004 0.037665 -0.823211
v 0.324007 0.037698 -0.823211
v 0.324011 0.037732 -0.823211
v 0.324016 0.037766 -0.823211
v 0.324021 0.037801 -0.823211
v 0.324027 0.037836 -0.823211
v 0.324033 0.037873 -0.823211
v 0.324039 0.037910 -0.823211
v 0.324044 0.037948 -0.823211
v 0.324050 0.037986 -0.823211
v 0.324055 0.038025 -0.823211
v 0.325114 0.038090 -0.823211
v 0.326164 0.038127 -0.823211
v 0.327202 0.038124 -0.823211
v 0.328225 0.038071 -0.823211
v 0.329229 0.037956 -0.823211
v 0.330211 0.037768 -0.823211
v 0.331168 0.037495 -0.823211
v 0.332097 0.037128 -0.823211
v 0.332995 0.036654 -0.823211
v 0.333858 0.036062 -0.823211
v 0.334683 0.035341 -0.823211
v 0.335468 0.034481 -0.823211
v 0.335822 0.034034 -0.823211
v 0.336150 0.033575 -0.823211
v 0.336453 0.033105 -0.823211
v 0.336729 0.032623 -0.823211
v 0.336978 0.032129 -0.823211
v 0.337199 0.031623 -0.823211
v 0.337390 0.031106 -0.823211
v 0.337552 0.030577 -0.823211
v 0.337683 0.030036 -0.823211
v 0.337783 0.029483 -0.823211
v 0.337850 0.028919 -0.823211
v 0.337884 0.028343 -0.823211
v 0.337904 0.027483 -0.823211
v 0.337918 0.026623 -0.823211
v 0.337928 0.025763 -0.823211
v 0.337933 0.024903 -0.823211
v 0.337937 0.024043 -0.823211
v 0.337937 0.023182 -0.823211
v 0.337937 0.022321 -0.823211
v 0.337935 0.021460 -0.823211
v 0.337934 0.020598 -0.823211
v 0.337933 0.019735 -0.823211
v 0.337934 0.018872 -0.823211
v 0.337937 0.018008 -0.823211
v 0.337937 0.016544 -0.823211
v 0.337937 0.015080 -0.823211
v 0.337937 0.013617 -0.823211
v 0.337937 0.012153 -0.823211
v 0.337937 0.010689 -0.823211
v 0.337937 0.009225 -0.823211
v 0.337937 0.007761 -0.823211
v 0.337937 0.006297 -0.823211
v 0.337937 0.004834 -0.823211
v 0.337937 0.003370 -0.823211
v 0.337937 0.001906 -0.823211
v 0.337937 0.000442 -0.823211
v 0.337937 -0.000697 -0.823211
v 0.337936 -0.002842 -0.823211
v 0.337935 -0.005816 -0.823211
v 0.337934 -0.009444 -0.823211
v 0.337933 -0.013549 -0.823211
v 0.337933 -0.017955 -0.823211
v 0.337933 -0.022487 -0.823211
v 0.337935 -0.026968 -0.823211
v 0.337937 -0.031222 -0.823211
v 0.337942 -0.035073 -0.823211
v 0.337947 -0.038346 -0.823211
v 0.337955 -0.040863 -0.837211
v 0.337950 -0.041042 -0.837211
v 0.337936 -0.041200 -0.837211
v 0.337911 -0.041339 -0.837211
v 0.337873 -0.041459 -0.837211
v 0.337823 -0.041560 -0.837211
v 0.337759 -0.041643 -0.837211
v 0.337679 -0.041710 -0.837211
v 0.337584 -0.041760 -0.837211
v 0.337471 -0.041795 -0.837211
v 0.337341 -0.041816 -0.837211
v 0.337190 -0.041822 -0.837211
v 0.337020 -0.041815 -0.837211
v 0.336827 -0.041805 -0.837211
v 0.336629 -0.041806 -0.837211
v 0.336427 -0.041816 -0.837211
v 0.336224 -0.041830 -0.837211
v 0.336022 -0.041845 -0.837211
v 0.335823 -0.041857 -0.837211
v 0.335628 -0.041863 -0.837211
v 0.335440 -0.041860 -0.837211
v 0.335261 -0.041843 -0.837211
v 0.335093 -0.041808 -0.837211
v 0.334938 -0.041753 -0.837211
v 0.334797 -0.041674 -0.837211
v 0.334687 -0.041581 -0.837211
v 0.334593 -0.041461 -0.837211
v 0.334514 -0.041320 -0.837211
v 0.334446 -0.041159 -0.837211
v 0.334388 -0.040984 -0.837211
v 0.334339 -0.040797 -0.837211
v 0.334295 -0.040601 -0.837211
v 0.334255 -0.040402 -0.837211
v 0.334217 -0.040201 -0.837211
v 0.334178 -0.040003 -0.837211
v 0.334137 -0.039811 -0.837211
v 0.334092 -0.039628 -0.837211
v 0.334047 -0.039479 -0.837211
v 0.333907 -0.039056 -0.837211
v 0.333667 -0.038393 -0.837211
v 0.333320 -0.037528 -0.837211
v 0.332859 -0.036496 -0.837211
v 0.332279 -0.035332 -0.837211
v 0.331574 -0.034072 -0.837211
v 0.330736 -0.032751 -0.837211
v 0.329761 -0.031407 -0.837211
v 0.328641 -0.030073 -0.837211
v 0.327370 -0.028786 -0.837211
v 0.325942 -0.027582 -0.837211
v 0.325903 -0.027555 -0.837211
v 0.325865 -0.027526 -0.837211
v 0.325828 -0.027496 -0.837211
v 0.325792 -0.027465 -0.837211
v 0.325756 -0.027434 -0.837211
v 0.325719 -0.027404 -0.837211
v 0.325683 -0.027375 -0.837211
v 0.325645 -0.027347 -0.837211
v 0.325607 -0.027322 -0.837211
v 0.325568 -0.027300 -0.837211
v 0.325526 -0.027280 -0.837211
v 0.325483 -0.027265 -0.837211
v 0.325170 -0.027127 -0.837211
v 0.324899 -0.026969 -0.837211
v 0.324668 -0.026791 -0.837211
v 0.324475 -0.026594 -0.837211
v 0.324316 -0.026379 -0.837211
v 0.324189 -0.026145 -0.837211
v 0.324092 -0.025894 -0.837211
v 0.324022 -0.025626 -0.837211
v 0.323978 -0.025340 -0.837211
v 0.323955 -0.025039 -0.837211
v 0.323952 -0.024722 -0.837211
v 0.323966 -0.024390 -0.837211
v 0.323993 -0.023984 -0.837211
v 0.324012 -0.023578 -0.837211
v 0.324024 -0.023171 -0.837211
v 0.324030 -0.022763 -0.837211
v 0.324032 -0.022355 -0.837211
v 0.324030 -0.021948 -0.837211
v 0.324026 -0.021540 -0.837211
v 0.324020 -0.021132 -0.837211
v 0.324013 -0.020725 -0.837211
v 0.324008 -0.020318 -0.837211
v 0.324003 -0.019911 -0.837211
v 0.324002 -0.019505 -0.837211
v 0.324001 -0.019443 -0.837211
v 0.324000 -0.019382 -0.837211
v 0.323999 -0.019320 -0.837211
v 0.323998 -0.019258 -0.837211
v 0.323996 -0.019196 -0.837211
v 0.323995 -0.019135 -0.837211
v 0.323994 -0.019073 -0.837211
v 0.323994 -0.019011 -0.837211
v 0.323994 -0.018949 -0.837211
v 0.323995 -0.018888 -0.837211
v 0.323998 -0.018826 -0.837211
v 0.324002 -0.018764 -0.837211
v 0.324033 -0.018417 -0.837211
v 0.324094 -0.018109 -0.837211
v 0.324182 -0.017838 -0.837211
v 0.324299 -0.017606 -0.837211
v 0.324443 -0.017412 -0.837211
v 0.324615 -0.017256 -0.837211
v 0.324813 -0.017139 -0.837211
v 0.325039 -0.017059 -0.837211
v 0.325292 -0.017018 -0.837211
v 0.325570 -0.017015 -0.837211
v 0.325876 -0.017051 -0.837211
v 0.326207 -0.017124 -0.837211
v 0.326230 -0.017130 -0.837211
v 0.326297 -0.017149 -0.837211
v 0.326404 -0.017179 -0.837211
v 0.326546 -0.017218 -0.837211
v 0.326721 -0.017266 -0.837211
v 0.326923 -0.017322 -0.837211
v 0.327150 -0.017385 -0.837211
v 0.327396 -0.017453 -0.837211
v 0.327658 -0.017526 -0.837211
v 0.327932 -0.017602 -0.837211
v 0.328214 -0.017680 -0.837211
v 0.328500 -0.017759 -0.837211
v 0.328978 -0.017857 -0.837211
v 0.329431 -0.017887 -0.837211
v 0.329855 -0.017853 -0.837211
v 0.330248 -0.017756 -0.837211
v 0.330607 -0.017600 -0.837211
v 0.330928 -0.017386 -0.837211
v 0.331208 -0.017118 -0.837211
v 0.331444 -0.016797 -0.837211
v 0.331633 -0.016427 -0.837211
v 0.331772 -0.016010 -0.837211
v 0.331858 -0.015547 -0.837211
v 0.331887 -0.015043 -0.837211
v 0.331887 -0.014872 -0.837211
v 0.331887 -0.014380 -0.837211
v 0.331887 -0.013594 -0.837211
v 0.331887 -0.012546 -0.837211
v 0.331887 -0.011263 -0.837211
v 0.331887 -0.009776 -0.837211
v 0.331887 -0.008114 -0.837211
v 0.331887 -0.006306 -0.837211
v 0.331887 -0.004381 -0.837211
v 0.331887 -0.002369 -0.837211
v 0.331887 -0.000299 -0.837211
v 0.331887 0.001800 -0.837211
v 0.331887 0.003396 -0.837211
v 0.331887 0.004991 -0.837211
v 0.331887 0.006586 -0.837211
v 0.331886 0.008180 -0.837211
v 0.331886 0.009774 -0.837211
v 0.331885 0.011368 -0.837211
v 0.331883 0.012962 -0.837211
v 0.331882 0.014556 -0.837211
v 0.331879 0.016150 -0.837211
v 0.331877 0.017745 -0.837211
v 0.331873 0.019340 -0.837211
v 0.331869 0.020936 -0.837211
v 0.331868 0.021042 -0.837211
v 0.331865 0.021149 -0.837211
v 0.331859 0.021256 -0.837211
v 0.331851 0.021363 -0.837211
v 0.331840 0.021470 -0.837211
v 0.331827 0.021577 -0.837211
v 0.331812 0.021684 -0.837211
v 0.331793 0.021790 -0.837211
v 0.331772 0.021895 -0.837211
v 0.331749 0.022000 -0.837211
v 0.331722 0.022103 -0.837211
v 0.331693 0.022206 -0.837211
v 0.331573 0.022566 -0.837211
v 0.331427 0.022887 -0.837211
v 0.331254 0.023169 -0.837211
v 0.331057 0.023412 -0.837211
v 0.330836 0.023615 -0.837211
v 0.330592 0.023777 -0.837211
v 0.330327 0.023899 -0.837211
v 0.330041 0.023980 -0.837211
v 0.329736 0.024018 -0.837211
v 0.329411 0.024015 -0.837211
v 0.329070 0.023970 -0.837211
v 0.328712 0.023881 -0.837211
v 0.328473 0.023805 -0.837211
v 0.328235 0.023727 -0.837211
v 0.327997 0.023648 -0.837211
v 0.327759 0.023567 -0.837211
v 0.327521 0.023486 -0.837211
v 0.327283 0.023405 -0.837211
v 0.327045 0.023323 -0.837211
v 0.326806 0.023242 -0.837211
v 0.326568 0.023162 -0.837211
v 0.326330 0.023082 -0.837211
v 0.326092 0.023005 -0.837211
v 0.325854 0.022929 -0.837211
v 0.325551 0.022845 -0.837211
v 0.325276 0.022796 -0.837211
v 0.325029 0.022782 -0.837211
v 0.324809 0.022805 -0.837211
v 0.324617 0.022864 -0.837211
v 0.324451 0.022959 -0.837211
v 0.324312 0.023093 -0.837211
v 0.324200 0.023264 -0.837211
v 0.324112 0.023474 -0.837211
v 0.324051 0.023723 -0.837211
v 0.324014 0.024011 -0.837211
v 0.324002 0.024339 -0.837211
v 0.323998 0.025442 -0.837211
v 0.323995 0.026545 -0.837211
v 0.323994 0.027649 -0.837211
v 0.323994 0.028754 -0.837211
v 0.323994 0.029859 -0.837211
v 0.323995 0.030964 -0.837211
v 0.323996 0.032070 -0.837211
v 0.323998 0.033176 -0.837211
v 0.323999 0.034282 -0.837211
v 0.324000 0.035389 -0.837211
v 0.324001 0.036496 -0.837211
v 0.324002 0.037602 -0.837211
v 0.324002 0.037633 -0.837211
v 0.324004 0.037665 -0.837211
v 0.324007 0.037698 -0.837211
v 0.324011 0.037732 -0.837211
v 0.324016 0.037766 -0.837211
v 0.324021 0.037801 -0.837211
v 0.324027 0.037836 -0.837211
v 0.324033 0.037873 -0.837211
v 0.324039 0.037910 -0.837211
v 0.324044 0.037948 -0.837211
v 0.324050 0.037986 -0.837211
v 0.324055 0.038025 -0.837211
v 0.325114 0.038090 -0.837211
v 0.326164 0.038127 -0.837211
v 0.327202 0.038124 -0.837211
v 0.328225 0.038071 -0.837211
v 0.329229 0.037956 -0.837211
v 0.330211 0.037768 -0.837211
v 0.331168 0.037495 -0.837211
v 0.332097 0.037128 -0.837211
v 0.332995 0.036654 -0.837211
v 0.333858 0.036062 -0.837211
v 0.334683 0.035341 -0.837211
v 0.335468 0.034481 -0.837211
v 0.335822 0.034034 -0.837211
v 0.336150 0.033575 -0.837211
v 0.336453 0.033105 -0.837211
v 0.336729 0.032623 -0.837211
v 0.336978 0.032129 -0.837211
v 0.337199 0.031623 -0.837211
v 0.337390 0.031106 -0.837211
v 0.337552 0.030577 -0.837211
v 0.337683 0.030036 -0.837211
v 0.337783 0.029483 -0.837211
v 0.337850 0.028919 -0.837211
v 0.337884 0.028343 -0.837211
v 0.337904 0.027483 -0.837211
v 0.337918 0.026623 -0.837211
v 0.337928 0.025763 -0.837211
v 0.337933 0.024903 -0.837211
v 0.337937 0.024043 -0.837211
v 0.337937 0.023182 -0.837211
v 0.337937 0.022321 -0.837211
v 0.337935 0.021460 -0.837211
v 0.337934 0.020598 -0.837211
v 0.337933 0.019735 -0.837211
v 0.337934 0.018872 -0.837211
v 0.337937 0.018008 -0.837211
v 0.337937 0.016544 -0.837211
v 0.337937 0.015080 -0.837211
v 0.337937 0.013617 -0.837211
v 0.337937 0.012153 -0.837211
v 0.337937 0.010689 -0.837211
v 0.337937 0.009225 -0.837211
v 0.337937 0.007761 -0.837211
v 0.337937 0.006297 -0.837211
v 0.337937 0.004834 -0.837211
v 0.337937 0.003370 -0.837211
v 0.337937 0.001906 -0.837211
v 0.337937 0.000442 -0.837211
v 0.337937 -0.000697 -0.837211
v 0.337936 -0.002842 -0.837211
v 0.337935 -0.005816 -0.837211
v 0.337934 -0.009444 -0.837211
v 0.337933 -0.013549 -0.837211
v 0.337933 -0.017955 -0.837211
v 0.337933 -0.022487 -0.837211
v 0.337935 -0.026968 -0.837211
v 0.337937 -0.031222 -0.837211
v 0.337942 -0.035073 -0.837211
v 0.337947 -0.038346 -0.837211
vn -1.0000 -0.0000 -0.0000
vn -1.0000 -0.0000 0.0005
vn -1.0000 -0.0000 0.0008
vn -1.0000 -0.0000 -0.0004
vn -1.0000 -0.0000 -0.0008
vn -1.0000 -0.0000 -0.0001
vn -1.0000 -0.0000 0.0003
vn -1.0000 -0.0000 -0.0005
vn -1.0000 -0.0000 0.0001
vn -1.0000 -0.0000 -0.0015
vn -1.0000 -0.0000 -0.0002
vn -1.0000 -0.0000 0.0002
vn -1.0000 -0.0000 -0.0006
vn -1.0000 -0.0000 0.0004
vn -1.0000 -0.0000 -0.0009
vn -1.0000 -0.0000 0.0007
vn -1.0000 -0.0000 -0.0007
vn -1.0000 -0.0000 -0.0022
vn -0.9998 -0.0000 -0.0201
vn -1.0000 -0.0000 -0.0003
vn -0.0000 -0.0042 -1.0000
vn -0.0000 0.0001 1.0000
vn -0.0000 -0.0004 -1.0000
vn -0.0000 0.9822 0.1880
vn -0.0000 0.0158 -0.9999
vn -0.0000 0.9981 -0.0609
vn -0.0000 -0.0235 -0.9997
vn -0.0000 0.1477 -0.9890
vn -0.0000 0.1398 -0.9902
vn -0.0000 -0.0158 -0.9999
vn -0.0000 0.0641 -0.9979
vn -0.0000 -0.2514 -0.9679
vn -0.0000 0.0013 -1.0000
vn -0.0000 -0.5500 -0.8352
vn -0.0000 0.0008 -1.0000
vn -0.0000 -0.3111 -0.9504
vn -0.0000 -0.0034 -1.0000
vn -0.0000 -0.0003 1.0000
vn -0.0000 0.0655 -0.9979
vn -0.0000 -0.9417 -0.3365
vn -0.0000 -0.9427 -0.3336
vn -0.0000 -0.5935 -0.8048
vn -0.0000 -0.9527 0.3040
vn -0.0000 -0.2412 -0.9705
vn -0.0000 -0.8346 -0.5508
vn -0.0000 -0.9475 0.3198
vn -0.0000 -0.7641 -0.6451
vn -0.0000 -0.8184 -0.5747
vn -0.0000 -0.9626 -0.2709
vn -0.0000 -0.5357 -0.8444
vn -0.0000 -0.9560 -0.2933
vn -0.0000 -0.4072 -0.9133
vn -0.0000 -0.2767 -0.9610
vn -0.0000 -0.2423 -0.9702
vn -0.0000 -0.0000 1.0000
vn -0.0000 -0.0757 -0.9971
vn -0.0000 -0.9473 0.3203
vn -0.0000 -0.9989 0.0470
vn -0.0000 -0.9845 0.1756
vn -0.0000 -0.9526 0.3042
vn -0.0000 -0.0011 -1.0000
vn -0.0000 -0.9461 0.3240
vn -0.0000 -0.7367 -0.6763
vn -0.0000 0.1775 0.9841
vn -0.0000 -1.0000 0.0097
vn -0.0000 -0.0000 -1.0000
vn -0.0000 -1.0000 0.0066
vn -0.0000 -0.1952 -0.9808
vn -0.0000 -0.7661 0.6427
vn -0.0000 -0.2186 -0.9758
vn -0.0000 -0.4149 -0.9099
vn -0.0000 -0.9985 -0.0543
vn -0.0000 0.5931 -0.8051
vn -0.0000 -0.1866 -0.9824
vn -0.0000 -0.0107 -0.9999
vn -0.0000 -0.9998 -0.0197
vn -0.0000 0.0069 1.0000
vn -0.0000 0.9638 0.2667
vn -0.0000 -0.1211 -0.9926
vn -0.0000 0.9638 0.2665
vn -0.0000 -0.0018 -1.0000
vn -0.0000 0.0164 0.9999
vn -0.0000 -0.0001 -1.0000
vn -0.0000 0.3998 0.9166
vn -0.0000 -0.9992 -0.0402
vn -0.0000 0.9166 -0.3997
vn -0.0000 -0.7214 -0.6925
vn -0.0000 0.9434 -0.3317
vn -0.0000 0.3156 -0.9489
vn -0.0000 0.0605 -0.9982
vn -0.0000 0.9977 0.0671
vn -0.0000 -0.0225 -0.9997
vn -0.0000 0.9637 0.2671
vn -0.0000 0.8247 0.5655
vn -0.0000 -0.0145 -0.9999
vn -0.0000 -0.0006 1.0000
vn -0.0000 0.9635 0.2678
vn -0.0000 0.0431 -0.9991
vn -0.0000 0.9999 -0.0105
vn -0.0000 0.0112 0.9999
vn -0.0000 -0.7014 -0.7128
vn -0.0000 0.1919 -0.9814
vn -0.0000 0.1186 0.9929
vn -0.0000 0.5964 -0.8027
vn -0.0000 -0.0196 -0.9998
vn -0.0000 0.0009 1.0000
vn -0.0000 -0.8061 -0.5918
vn -0.0000 0.0069 -1.0000
vn -0.0000 -0.7644 -0.6447
vn -0.0000 0.0463 -0.9989
vn -0.0000 -0.0059 -1.0000
vn -0.0000 0.9994 -0.0347
vn -0.0000 -0.2982 0.9545
vn -0.0000 -0.0001 1.0000
vn -0.0000 -0.1268 -0.9919
vn -0.0000 -0.9981 0.0624
vn -0.0000 -0.0254 0.9997
vn -0.0000 -0.4769 -0.8790
vn -0.0000 0.5413 0.8408
vn -0.0000 0.0043 -1.0000
vn -0.0000 0.1500 -0.9887
vn -0.0000 -0.7627 -0.6468
vn -0.0000 0.9619 0.2735
vn -0.0000 -0.1555 -0.9878
vn -0.0000 0.0011 -1.0000
vn -0.0000 -0.8686 -0.4954
vn -0.0000 -0.9150 -0.4033
vn -0.0000 -0.0022 -1.0000
vn -0.0000 -0.1962 -0.9806
vn -0.0000 -0.4449 0.8956
vn -0.0000 0.0018 1.0000
vn -0.0000 -0.7929 -0.6094
vn -0.0000 0.1370 -0.9906
vn -0.0000 -0.7623 -0.6472
vn -0.0000 0.0936 -0.9956
vn -0.0000 -0.8710 -0.4913
vn -0.0000 -0.8649 -0.5019
vn -0.0000 -0.1913 -0.9815
vn -0.0000 -0.9488 0.3158
vn -0.0000 -0.5872 -0.8094
vn -0.0000 -0.9506 0.3105
vn -0.0000 -0.2894 -0.9572
vn -0.0000 -0.8319 -0.5549
vn -0.0000 -0.2207 -0.9753
vn -0.0000 -0.0004 1.0000
vn -0.0000 0.0031 1.0000
vn -0.0000 -0.9985 0.0545
vn -0.0000 -0.0319 -0.9995
vn -0.0000 -0.0002 1.0000
vn -0.0000 -0.9462 0.3237
vn -0.0000 -0.9976 0.0692
vn -0.0000 -0.9912 0.1326
vn -0.0000 -0.0006 -1.0000
vn -0.0000 -0.5211 -0.8535
vn -0.0000 -0.1445 -0.9895
vn -0.0000 -0.1796 0.9837
vn -0.0000 -0.9955 -0.0951
vn -0.0000 0.0011 1.0000
vn -0.0000 -0.0021 -1.0000
vn -0.0000 0.4486 -0.8937
vn -0.0000 0.8324 -0.5541
vn -0.0000 -0.9881 0.1536
vn -0.0000 -0.0008 1.0000
vn -0.0000 0.9638 0.2666
vn -0.0000 0.1823 -0.9832
vn -0.0000 -0.2562 -0.9666
vn -0.0000 0.3470 0.9378
vn -0.0000 0.9968 -0.0805
vn -0.0000 0.0595 0.9982
vn -0.0000 0.0037 1.0000
vn -0.0000 0.9636 0.2674
vn -0.0000 0.9934 0.1149
vn -0.0000 0.7402 -0.6724
vn -0.0000 1.0000 0.0026
vn -0.0000 0.3111 -0.9504
vn -0.0000 -0.3725 -0.9280
vn -0.0000 0.1570 -0.9876
vn -0.0000 0.2355 0.9719
vn -0.0000 0.0215 -0.9998
vn -0.0000 0.9299 0.3677
vn -0.0000 -0.0147 -0.9999
vn -0.0000 -0.0012 -1.0000
vn -0.0000 0.6207 0.7840
vn -0.0000 -0.0046 -1.0000
vn -0.0000 -0.0105 -0.9999
vn -0.0000 0.0297 -0.9996
vn -0.0000 -0.0749 -0.9972
vn -0.0000 0.9935 0.1138
vn -0.0000 -0.3595 -0.9331
vn -0.0000 0.1197 -0.9928
vn -0.0000 -0.8636 -0.5042
vn -0.0000 -0.9505 0.3107
vn -0.0000 0.1551 -0.9879
vn -0.0000 -0.9064 -0.4224
vn -0.0000 -0.7682 -0.6402
vn -0.0000 -0.9487 0.3161
vn -0.0000 -0.3835 -0.9236
vn -0.0000 0.1199 -0.9928
vn -0.0000 -0.6432 -0.7657
vn -0.0000 -0.9089 -0.4170
vn -0.0000 0.0193 -0.9998
vn -0.0000 -0.7736 -0.6336
vn -0.0000 -0.3130 -0.9498
vn -0.0000 -0.9972 0.0744
vn -0.0000 -0.4886 -0.8725
vn -0.0000 -0.0369 -0.9993
vn -0.0000 0.0003 -1.0000
vn -0.0000 0.7533 0.6577
vn -0.0000 -0.2491 -0.9685
vn -0.0000 0.0006 1.0000
vn -0.0000 -0.0524 -0.9986
vn -0.0000 -0.0008 -1.0000
vn -0.0000 -0.9948 -0.1019
vn -0.0000 0.0003 1.0000
vn -0.0000 -0.2088 -0.9779
vn -0.0000 -0.9637 0.2671
vn -0.0000 -0.9466 0.3224
vn -0.0000 0.7220 -0.6919
vn -0.0000 -0.9466 0.3225
vn -0.0000 0.9637 0.2668
vn -0.0000 -0.9920 -0.1261
vn -0.0000 -0.9707 0.2401
vn -0.0000 -0.9799 -0.1994
vn -0.0000 -0.6304 -0.7762
vn -0.0000 -0.3153 -0.9490
vn -0.0000 -0.1699 -0.9855
vn -0.0000 -0.9995 0.0319
vn -0.0000 0.9638 0.2668
vn -0.0000 -0.0908 0.9959
vn -0.0000 -0.0977 -0.9952
vn -0.0000 -0.0025 -1.0000
vn -0.0000 0.8608 -0.5090
vn -0.0000 -0.4459 -0.8951
vn -0.0000 -0.0013 -1.0000
vn -0.0000 -0.0002 -1.0000
vn -0.0000 0.0381 -0.9993
vn -0.0000 0.0035 1.0000
vn -0.0000 -0.6099 0.7925
vn -0.0000 -0.0205 -0.9998
vn -0.0000 -0.9991 0.0424
vn -0.0000 0.0578 -0.9983
vn -0.0000 -0.0016 1.0000
vn -0.0000 0.4548 -0.8906
vn -0.0000 0.9711 -0.2386
vn -0.0000 -0.0111 -0.9999
vn -0.0000 -0.6185 -0.7858
vn -0.0000 0.9797 0.2004
vn -0.0000 0.2924 0.9563
vn -0.0000 -0.0094 -1.0000
vn -0.0000 0.6735 0.7392
vn -0.0000 -0.0015 1.0000
vn -0.0000 0.9637 0.2669
vn -0.0000 0.0224 0.9998
vn -0.0000 -0.7926 -0.6097
vn -0.0000 -0.9550 0.2967
vn -0.0000 0.4499 0.8931
vn -0.0000 -0.7819 -0.6235
vn -0.0000 0.9763 0.2166
vn -0.0000 0.4973 0.8676
vn -0.0000 -0.7027 -0.7115
vn -0.0000 0.9870 -0.1610
vn -0.0000 -0.8840 0.4675
vn -0.0000 -0.3411 -0.9400
vn -0.0000 -0.3889 -0.9213
vn -0.0000 0.9986 0.0520
vn -0.0000 0.8843 0.4670
vn -0.0000 0.1582 -0.9874
vn -0.0000 0.5827 0.8127
vn -0.0000 0.9637 0.2670
vn -0.0000 -0.4905 -0.8714
vn -0.0000 -0.1798 0.9837
vn -0.0000 -0.1449 -0.9894
vn -0.0000 -0.0005 -1.0000
vn -0.0000 -0.9461 0.3238
vn -0.0000 -0.0318 -0.9995
vn -0.0000 -0.2209 -0.9753
vn -0.0000 -0.2899 -0.9571
vn -0.0000 -0.1911 -0.9816
vn -0.0000 -0.8650 -0.5017
vn -0.0000 0.0931 -0.9957
vn -0.0000 -0.7626 -0.6469
vn -0.0000 0.1348 -0.9909
vn -0.0000 -0.7929 -0.6093
vn -0.0000 -0.4450 0.8955
vn -0.0000 -0.1960 -0.9806
vn -0.0000 -0.9151 -0.4033
vn -0.0000 -0.8687 -0.4953
vn -0.0000 -0.1556 -0.9878
vn -0.0000 -0.7625 -0.6469
vn -0.0000 0.1506 -0.9886
vn -0.0000 0.0044 -1.0000
vn -0.0000 -0.4767 -0.8791
vn -0.0000 -0.0253 0.9997
vn -0.0000 -0.2981 0.9545
vn -0.0000 -0.0054 -1.0000
vn -0.0000 0.0464 -0.9989
vn -0.0000 0.0065 -1.0000
vn -0.0000 -0.8059 -0.5921
vn -0.0000 0.0010 1.0000
vn -0.0000 0.5963 -0.8027
vn -0.0000 0.0430 -0.9991
vn -0.0000 0.9636 0.2672
vn -0.0000 -0.0007 1.0000
vn -0.0000 -0.0237 -0.9997
vn -0.0000 0.0602 -0.9982
vn -0.0000 0.3157 -0.9489
vn -0.0000 0.9434 -0.3316
vn -0.0000 -0.7213 -0.6927
vn -0.0000 0.9166 -0.3998
vn -0.0000 0.3999 0.9166
vn -0.0000 0.0165 0.9999
vn -0.0000 -0.1209 -0.9927
vn -0.0000 0.0070 1.0000
vn -0.0000 -0.1869 -0.9824
vn -0.0000 0.5931 -0.8052
vn -0.0000 -0.4147 -0.9099
vn -0.0000 -0.2187 -0.9758
vn -0.0000 -0.7658 0.6430
vn -0.0000 -0.1950 -0.9808
vn -0.0000 -0.7367 -0.6762
vn -0.0000 -0.9474 0.3201
vn -0.0000 -0.2421 -0.9703
vn -0.0000 -0.2760 -0.9612
vn -0.0000 -0.4073 -0.9133
vn -0.0000 -0.9560 -0.2934
vn -0.0000 -0.8184 -0.5746
vn -0.0000 -0.7637 -0.6455
vn -0.0000 -0.9475 0.3199
vn -0.0000 -0.8343 -0.5513
vn -0.0000 -0.2411 -0.9705
vn -0.0000 -0.5937 -0.8047
vn -0.0000 -0.9427 -0.3335
vn -0.0000 0.0654 -0.9979
vn -0.0000 -0.0033 -1.0000
vn -0.0000 -0.3114 -0.9503
vn -0.0000 -0.2512 -0.9679
vn -0.0000 0.0644 -0.9979
vn -0.0000 -0.0157 -0.9999
vn -0.0000 0.1389 -0.9903
vn -0.0000 0.1497 -0.9887
vn -0.0000 -0.0226 -0.9997
vn -0.0000 -0.0041 -1.0000
vn -0.0000 0.0917 -0.9958
vn -0.0000 -0.4906 -0.8714
vn -0.0000 0.1587 -0.9873
vn -0.0000 0.8843 0.4669
vn -0.0000 -0.3888 -0.9213
vn -0.0000 -0.8841 0.4673
vn -0.0000 0.9763 0.2165
vn -0.0000 -0.7822 -0.6231
vn -0.0000 -0.7926 -0.6098
vn -0.0000 -0.0092 -1.0000
vn -0.0000 0.2923 0.9563
vn -0.0000 0.9797 0.2005
vn -0.0000 -0.0109 -0.9999
vn -0.0000 0.0579 -0.9983
vn -0.0000 -0.9991 0.0425
vn -0.0000 -0.0194 -0.9998
vn -0.0000 0.0388 -0.9992
vn -0.0000 -0.0014 -1.0000
vn -0.0000 0.8607 -0.5092
vn -0.0000 -0.0981 -0.9952
vn -0.0000 -0.0911 0.9958
vn -0.0000 -0.9995 0.0318
vn -0.0000 -0.1698 -0.9855
vn -0.0000 -0.3154 -0.9489
vn -0.0000 -0.9920 -0.1262
vn -0.0000 0.7221 -0.6918
vn -0.0000 -0.2090 -0.9779
vn -0.0000 -0.0533 -0.9986
vn -0.0000 -0.2493 -0.9684
vn -0.0000 0.7532 0.6578
vn -0.0000 -0.0371 -0.9993
vn -0.0000 -0.7738 -0.6335
vn -0.0000 0.0213 -0.9998
vn -0.0000 -0.9089 -0.4171
vn -0.0000 0.1185 -0.9930
vn -0.0000 -0.3834 -0.9236
vn -0.0000 -0.9487 0.3160
vn -0.0000 -0.7681 -0.6403
vn -0.0000 -0.9064 -0.4225
vn -0.0000 0.1540 -0.9881
vn -0.0000 0.1210 -0.9926
vn -0.0000 -0.3596 -0.9331
vn -0.0000 0.0296 -0.9996
vn -0.0000 -0.0106 -0.9999
vn -0.0000 -0.0151 -0.9999
vn -0.0000 0.6208 0.7840
vn -0.0000 0.9299 0.3678
vn -0.0000 0.2356 0.9718
vn -0.0000 0.1569 -0.9876
vn -0.0000 0.7404 -0.6722
vn -0.0000 0.9636 0.2675
vn -0.0000 0.0036 1.0000
vn -0.0000 0.0596 0.9982
vn -0.0000 0.3471 0.9378
vn -0.0000 -0.2560 -0.9667
vn -0.0000 0.1823 -0.9833
vn -0.0000 0.4484 -0.8939
vn 0.0545 -0.9985 -0.0000
vn -1.0000 -0.0002 -0.0000
vn 1.0000 -0.0000 -0.0000
vn 1.0000 -0.0002 -0.0000
vn -0.9993 0.0386 -0.0000
vn 0.3237 -0.9461 -0.0000
vn 1.0000 0.0035 -0.0000
vn 0.1326 -0.9912 -0.0000
vn 0.7925 -0.6098 -0.0000
vn -0.9998 -0.0203 -0.0000
vn -0.8535 -0.5212 -0.0000
vn -0.9983 0.0579 -0.0000
vn 1.0000 -0.0015 -0.0000
vn -0.9895 -0.1447 -0.0000
vn -0.2385 0.9711 -0.0000
vn -0.9999 -0.0110 -0.0000
vn 0.9837 -0.1797 -0.0000
vn -0.7857 -0.6185 -0.0000
vn 0.9563 0.2923 -0.0000
vn -1.0000 -0.0092 -0.0000
vn -1.0000 -0.0021 -0.0000
vn 0.7392 0.6735 -0.0000
vn 0.9997 0.0224 -0.0000
vn -0.6098 -0.7926 -0.0000
vn -1.0000 -0.0001 -0.0000
vn 0.2669 0.9637 -0.0000
vn 0.8931 0.4499 -0.0000
vn -0.6230 -0.7822 -0.0000
vn 0.2165 0.9763 -0.0000
vn 0.8676 0.4973 -0.0000
vn -0.7115 -0.7027 -0.0000
vn -0.9833 0.1822 -0.0000
vn 0.4674 -0.8840 -0.0000
vn -0.9400 -0.3411 -0.0000
vn -0.9666 -0.2561 -0.0000
vn 0.0520 0.9986 -0.0000
vn -1.0000 -0.0058 -0.0000
vn 0.4670 0.8843 -0.0000
vn -0.0805 0.9968 -0.0000
vn -0.9874 0.1584 -0.0000
vn -1.0000 0.0003 -0.0000
vn -0.8713 -0.4908 -0.0000
vn 1.0000 0.0036 -0.0000
vn 0.2666 0.9638 -0.0000
vn -1.0000 -0.0041 -0.0000
vn -1.0000 -0.0004 -0.0000
vn -0.9999 0.0158 -0.0000
vn -0.0609 0.9981 -0.0000
vn 0.1149 0.9934 -0.0000
vn -0.9904 0.1383 -0.0000
vn -0.9504 0.3110 -0.0000
vn -0.9679 -0.2513 -0.0000
vn -1.0000 0.0013 -0.0000
vn 0.9719 0.2355 -0.0000
vn -0.8352 -0.5500 -0.0000
vn -0.9502 -0.3116 -0.0000
vn -1.0000 -0.0034 -0.0000
vn 1.0000 -0.0003 -0.0000
vn -0.3365 -0.9417 -0.0000
vn 0.7840 0.6208 -0.0000
vn -0.3336 -0.9427 -0.0000
vn -0.9999 -0.0145 -0.0000
vn 0.3040 -0.9527 -0.0000
vn -0.9999 -0.0106 -0.0000
vn 0.3199 -0.9474 -0.0000
vn -0.6452 -0.7640 -0.0000
vn -0.9996 0.0297 -0.0000
vn -0.2709 -0.9626 -0.0000
vn -0.8444 -0.5357 -0.0000
vn -0.2934 -0.9560 -0.0000
vn 0.1138 0.9935 -0.0000
vn -0.9331 -0.3596 -0.0000
vn -0.9610 -0.2764 -0.0000
vn -0.9702 -0.2422 -0.0000
vn -0.9879 0.1554 -0.0000
vn -0.4224 -0.9064 -0.0000
vn -0.9972 -0.0754 -0.0000
vn 0.3201 -0.9474 -0.0000
vn 0.0470 -0.9989 -0.0000
vn -0.9236 -0.3834 -0.0000
vn 0.3042 -0.9526 -0.0000
vn -0.9998 0.0210 -0.0000
vn -0.6338 -0.7735 -0.0000
vn -1.0000 -0.0011 -0.0000
vn -0.6763 -0.7367 -0.0000
vn 0.0744 -0.9972 -0.0000
vn -0.8725 -0.4886 -0.0000
vn 0.0097 -1.0000 -0.0000
vn 0.6578 0.7532 -0.0000
vn -0.9808 -0.1953 -0.0000
vn 0.6429 -0.7660 -0.0000
vn -0.9759 -0.2183 -0.0000
vn -0.0543 -0.9985 -0.0000
vn -0.8052 0.5931 -0.0000
vn -0.9999 -0.0107 -0.0000
vn 1.0000 0.0003 -0.0000
vn -0.0197 -0.9998 -0.0000
vn 0.2671 -0.9637 -0.0000
vn 1.0000 0.0069 -0.0000
vn 0.2668 0.9638 -0.0000
vn 0.3225 -0.9466 -0.0000
vn 0.2665 0.9638 -0.0000
vn -0.1262 -0.9920 -0.0000
vn 0.9999 0.0164 -0.0000
vn 0.9166 0.3998 -0.0000
vn -0.1993 -0.9799 -0.0000
vn -0.0402 -0.9992 -0.0000
vn -0.3997 0.9166 -0.0000
vn -0.9490 -0.3153 -0.0000
vn 0.0318 -0.9995 -0.0000
vn -0.3316 0.9434 -0.0000
vn -0.9952 -0.0979 -0.0000
vn -0.9982 0.0607 -0.0000
vn -0.9997 -0.0232 -0.0000
vn -1.0000 -0.0014 -0.0000
vn 0.5655 0.8248 -0.0000
vn 1.0000 -0.0007 -0.0000
vn -0.9991 0.0430 -0.0000
vn 0.9999 0.0113 -0.0000
vn -0.7128 -0.7014 -0.0000
vn 0.9929 0.1186 -0.0000
vn -0.8027 0.5964 -0.0000
vn 0.0424 -0.9991 -0.0000
vn -0.8906 0.4548 -0.0000
vn -0.5921 -0.8058 -0.0000
vn -1.0000 0.0068 -0.0000
vn -0.6447 -0.7645 -0.0000
vn 0.2005 0.9797 -0.0000
vn -0.0347 0.9994 -0.0000
vn 0.9546 -0.2980 -0.0000
vn -0.9919 -0.1268 -0.0000
vn 0.0624 -0.9981 -0.0000
vn 1.0000 -0.0016 -0.0000
vn 0.8408 0.5414 -0.0000
vn -1.0000 0.0044 -0.0000
vn -0.9887 0.1502 -0.0000
vn 0.2735 0.9619 -0.0000
vn -0.9878 -0.1555 -0.0000
vn 0.2966 -0.9550 -0.0000
vn -1.0000 0.0011 -0.0000
vn -0.4034 -0.9150 -0.0000
vn -1.0000 -0.0022 -0.0000
vn -0.9806 -0.1961 -0.0000
vn 0.8955 -0.4451 -0.0000
vn 1.0000 0.0018 -0.0000
vn -0.9907 0.1361 -0.0000
vn -0.6470 -0.7625 -0.0000
vn -0.1610 0.9869 -0.0000
vn -0.9955 0.0943 -0.0000
vn -0.4913 -0.8710 -0.0000
vn -0.9215 -0.3885 -0.0000
vn -0.5018 -0.8650 -0.0000
vn 0.3159 -0.9488 -0.0000
vn 0.8127 0.5826 -0.0000
vn -0.8094 -0.5872 -0.0000
vn 0.3105 -0.9506 -0.0000
vn 0.2670 0.9637 -0.0000
vn -0.9571 -0.2896 -0.0000
vn -0.9958 0.0916 -0.0000
vn -0.5549 -0.8319 -0.0000
vn 1.0000 0.0001 -0.0000
vn -0.9753 -0.2208 -0.0000
vn 0.1880 0.9822 -0.0000
vn 1.0000 -0.0004 -0.0000
vn 1.0000 0.0031 -0.0000
vn -0.9890 0.1482 -0.0000
vn -0.9999 -0.0158 -0.0000
vn -0.9995 -0.0318 -0.0000
vn -0.9980 0.0633 -0.0000
vn -1.0000 0.0008 -0.0000
vn 0.0692 -0.9976 -0.0000
vn -0.9979 0.0655 -0.0000
vn -1.0000 -0.0006 -0.0000
vn -0.8047 -0.5937 -0.0000
vn -0.9705 -0.2411 -0.0000
vn -0.5511 -0.8344 -0.0000
vn -0.5747 -0.8183 -0.0000
vn -0.0951 -0.9955 -0.0000
vn -0.9133 -0.4073 -0.0000
vn 1.0000 0.0010 -0.0000
vn -0.8939 0.4483 -0.0000
vn -0.5542 0.8324 -0.0000
vn 0.1536 -0.9881 -0.0000
vn 0.1756 -0.9845 -0.0000
vn 1.0000 0.0011 -0.0000
vn 0.3239 -0.9461 -0.0000
vn 1.0000 -0.0008 -0.0000
vn 0.9841 0.1775 -0.0000
vn 0.0066 -1.0000 -0.0000
vn -0.9099 -0.4148 -0.0000
vn 0.9378 0.3472 -0.0000
vn -0.9824 -0.1870 -0.0000
vn 0.9982 0.0596 -0.0000
vn 0.2675 0.9636 -0.0000
vn -0.9926 -0.1210 -0.0000
vn -1.0000 -0.0018 -0.0000
vn -0.6722 0.7404 -0.0000
vn 0.0026 1.0000 -0.0000
vn -0.9281 -0.3724 -0.0000
vn -0.9876 0.1572 -0.0000
vn -0.6926 -0.7213 -0.0000
vn -0.9998 0.0212 -0.0000
vn 0.3678 0.9299 -0.0000
vn -0.9488 0.3157 -0.0000
vn -1.0000 -0.0012 -0.0000
vn -1.0000 -0.0045 -0.0000
vn 0.0671 0.9977 -0.0000
vn 0.2671 0.9637 -0.0000
vn -0.9972 -0.0750 -0.0000
vn -0.9927 0.1205 -0.0000
vn -0.5042 -0.8636 -0.0000
vn -0.0105 0.9999 -0.0000
vn 0.3107 -0.9505 -0.0000
vn -0.6404 -0.7680 -0.0000
vn -0.9814 0.1920 -0.0000
vn 0.3160 -0.9488 -0.0000
vn -0.9929 0.1186 -0.0000
vn -0.7657 -0.6432 -0.0000
vn -0.4171 -0.9089 -0.0000
vn -0.9497 -0.3130 -0.0000
vn -0.9993 -0.0370 -0.0000
vn -0.9989 0.0463 -0.0000
vn 1.0000 -0.0001 -0.0000
vn -0.9685 -0.2491 -0.0000
vn 1.0000 0.0006 -0.0000
vn 0.9997 -0.0256 -0.0000
vn -0.8791 -0.4767 -0.0000
vn -0.9986 -0.0528 -0.0000
vn -0.6468 -0.7627 -0.0000
vn -1.0000 -0.0008 -0.0000
vn -0.1019 -0.9948 -0.0000
vn -0.4953 -0.8687 -0.0000
vn -0.9780 -0.2088 -0.0000
vn -0.6093 -0.7929 -0.0000
vn -0.6918 0.7221 -0.0000
vn 0.2401 -0.9707 -0.0000
vn -0.9816 -0.1910 -0.0000
vn -0.7762 -0.6304 -0.0000
vn -0.9855 -0.1699 -0.0000
vn 0.9959 -0.0906 -0.0000
vn -1.0000 -0.0025 -0.0000
vn -0.0000 0.0915 -0.9958
vn -0.6094 -0.7929 -0.0000
vn -0.9572 -0.2896 -0.0000
vn 0.3238 -0.9461 -0.0000
vn -0.0952 -0.9955 -0.0000
vn -0.9876 0.1571 -0.0000
vn -0.5092 0.8607 -0.0000
vn -0.8951 -0.4458 -0.0000
vn 0.0425 -0.9991 -0.0000
vn -0.2386 0.9711 -0.0000
vn -0.7857 -0.6186 -0.0000
vn 0.4674 -0.8841 -0.0000
vn -0.5747 -0.8184 -0.0000
vn -0.2708 -0.9626 -0.0000
vn 0.6429 -0.7659 -0.0000
vn -0.0000 -0.0029 -1.0000
vn -0.0000 0.0007 -1.0000
vn -0.0000 0.0029 -1.0000
vn -0.0000 0.0002 -1.0000
vn -0.0000 -0.0003 -1.0000
vn -0.0000 0.0001 -1.0000
vn -0.0000 -0.0019 -1.0000
vn -0.0000 0.0006 -1.0000
vn -0.0000 0.0005 -1.0000
vn -0.0000 0.0014 -1.0000
vn -0.0000 0.0025 -1.0000
vn -0.0000 -0.0010 -1.0000
vn -0.0000 0.0004 -1.0000
vn -0.0000 0.0032 -1.0000
vn -0.0000 0.0023 -1.0000
vn -0.0000 0.0021 -1.0000
vt 0.787456 0.000000
vt 0.783972 0.000000
vt 0.797909 0.000000
vt 0.066202 0.000000
vt 0.101045 0.000000
vt 0.069686 0.000000
vt 0.794425 0.000000
vt 0.790941 0.000000
vt 0.386760 0.000000
vt 0.383275 0.000000
vt 0.327526 0.000000
vt 0.777003 0.000000
vt 0.773519 0.000000
vt 0.808362 0.000000
vt 0.742160 0.000000
vt 0.811847 0.000000
vt 0.801394 0.000000
vt 0.749129 0.000000
vt 0.763066 0.000000
vt 0.759582 0.000000
vt 0.766551 0.000000
vt 0.770035 0.000000
vt 0.756098 0.000000
vt 0.752613 0.000000
vt 0.895470 0.000000
vt 0.592335 0.000000
vt 0.588850 0.000000
vt 0.804878 0.000000
vt 0.745645 0.000000
vt 0.738676 0.000000
vt 0.815331 0.000000
vt 0.414634 0.000000
vt 0.411150 0.000000
vt 0.282230 0.000000
vt 0.048780 0.000000
vt 0.045296 0.000000
vt 0.000000 0.000000
vt 0.637631 0.000000
vt 0.634146 0.000000
vt 0.717770 0.000000
vt 0.818815 0.000000
vt 0.735192 0.000000
vt 0.038328 0.000000
vt 0.034843 0.000000
vt 0.006969 0.000000
vt 0.979094 0.000000
vt 0.459930 0.000000
vt 0.456446 0.000000
vt 0.731707 0.000000
vt 0.825784 0.000000
vt 1.000000 0.000000
vt 0.121951 0.000000
vt 0.118467 0.000000
vt 0.463415 0.000000
vt 0.393728 0.000000
vt 0.299652 0.000000
vt 0.296167 0.000000
vt 0.616725 0.000000
vt 0.613240 0.000000
vt 0.839721 0.000000
vt 0.693380 0.000000
vt 0.689895 0.000000
vt 0.686411 0.000000
vt 0.609756 0.000000
vt 0.860627 0.000000
vt 0.857143 0.000000
vt 0.400697 0.000000
vt 0.292683 0.000000
vt 0.289199 0.000000
vt 0.829268 0.000000
vt 0.358885 0.000000
vt 0.351916 0.000000
vt 0.362369 0.000000
vt 0.728223 0.000000
vt 0.606272 0.000000
vt 0.871080 0.000000
vt 0.484321 0.000000
vt 0.975610 0.000000
vt 0.972125 0.000000
vt 0.724739 0.000000
vt 0.620209 0.000000
vt 0.331010 0.000000
vt 0.132404 0.000000
vt 0.128920 0.000000
vt 0.205575 0.000000
vt 0.247387 0.000000
vt 0.243902 0.000000
vt 0.867596 0.000000
vt 0.822300 0.000000
vt 0.076655 0.000000
vt 0.090592 0.000000
vt 0.080139 0.000000
vt 0.212544 0.000000
vt 0.209059 0.000000
vt 0.240418 0.000000
vt 0.665505 0.000000
vt 0.710801 0.000000
vt 0.668990 0.000000
vt 0.836237 0.000000
vt 0.254355 0.000000
vt 0.195122 0.000000
vt 0.191638 0.000000
vt 0.125436 0.000000
vt 0.041812 0.000000
vt 0.003484 0.000000
vt 0.898955 0.000000
vt 0.623693 0.000000
vt 0.397213 0.000000
vt 0.404181 0.000000
vt 0.285714 0.000000
vt 0.627178 0.000000
vt 0.721254 0.000000
vt 0.630662 0.000000
vt 0.885017 0.000000
vt 0.881533 0.000000
vt 0.602787 0.000000
vt 0.888502 0.000000
vt 0.599303 0.000000
vt 0.595819 0.000000
vt 0.648084 0.000000
vt 0.644599 0.000000
vt 0.714286 0.000000
vt 0.902439 0.000000
vt 0.567944 0.000000
vt 0.564460 0.000000
vt 0.993031 0.000000
vt 0.149826 0.000000
vt 0.146341 0.000000
vt 0.696864 0.000000
vt 0.682927 0.000000
vt 0.641115 0.000000
vt 0.337979 0.000000
vt 0.376307 0.000000
vt 0.372822 0.000000
vt 0.700348 0.000000
vt 0.675958 0.000000
vt 0.703833 0.000000
vt 0.581882 0.000000
vt 0.578397 0.000000
vt 0.261324 0.000000
vt 0.257840 0.000000
vt 0.167247 0.000000
vt 0.571429 0.000000
vt 0.679443 0.000000
vt 0.655052 0.000000
vt 0.651568 0.000000
vt 0.853659 0.000000
vt 0.027875 0.000000
vt 0.017422 0.000000
vt 0.013937 0.000000
vt 0.891986 0.000000
vt 0.662021 0.000000
vt 0.658537 0.000000
vt 0.878049 0.000000
vt 0.874564 0.000000
vt 0.986063 0.000000
vt 0.982578 0.000000
vt 0.442509 0.000000
vt 0.344948 0.000000
vt 0.369338 0.000000
vt 0.365854 0.000000
vt 0.010453 0.000000
vt 0.585366 0.000000
vt 0.864111 0.000000
vt 0.421603 0.000000
vt 0.271777 0.000000
vt 0.268293 0.000000
vt 0.846690 0.000000
vt 0.843206 0.000000
vt 0.264808 0.000000
vt 0.905923 0.000000
vt 0.560976 0.000000
vt 0.557491 0.000000
vt 0.554007 0.000000
vt 0.341463 0.000000
vt 0.390244 0.000000
vt 0.313589 0.000000
vt 0.310105 0.000000
vt 0.909408 0.000000
vt 0.547038 0.000000
vt 0.543554 0.000000
vt 0.540070 0.000000
vt 0.912892 0.000000
vt 0.348432 0.000000
vt 0.916376 0.000000
vt 0.536585 0.000000
vt 0.919861 0.000000
vt 0.923345 0.000000
vt 0.533101 0.000000
vt 0.926829 0.000000
vt 0.529617 0.000000
vt 0.930314 0.000000
vt 0.526132 0.000000
vt 0.933798 0.000000
vt 0.522648 0.000000
vt 0.937282 0.000000
vt 0.519164 0.000000
vt 0.940767 0.000000
vt 0.515679 0.000000
vt 0.944251 0.000000
vt 0.512195 0.000000
vt 0.947735 0.000000
vt 0.508711 0.000000
vt 0.951219 0.000000
vt 0.505226 0.000000
vt 0.954704 0.000000
vt 0.501742 0.000000
vt 0.958188 0.000000
vt 0.961672 0.000000
vt 0.498258 0.000000
vt 0.965157 0.000000
vt 0.494774 0.000000
vt 0.968641 0.000000
vt 0.491289 0.000000
vt 0.487805 0.000000
vt 0.466899 0.000000
vt 0.480836 0.000000
vt 0.477352 0.000000
vt 0.996516 0.000000
vt 0.142857 0.000000
vt 0.139373 0.000000
vt 0.473868 0.000000
vt 0.470383 0.000000
vt 0.334495 0.000000
vt 0.031359 0.000000
vt 0.452962 0.000000
vt 0.449477 0.000000
vt 0.445993 0.000000
vt 0.850174 0.000000
vt 0.250871 0.000000
vt 0.202091 0.000000
vt 0.198606 0.000000
vt 0.439024 0.000000
vt 0.303136 0.000000
vt 0.024390 0.000000
vt 0.306620 0.000000
vt 0.707317 0.000000
vt 0.672474 0.000000
vt 0.163763 0.000000
vt 0.432056 0.000000
vt 0.435540 0.000000
vt 0.780488 0.000000
vt 0.219512 0.000000
vt 0.216028 0.000000
vt 0.229965 0.000000
vt 0.114983 0.000000
vt 0.111498 0.000000
vt 0.055749 0.000000
vt 0.184669 0.000000
vt 0.428571 0.000000
vt 0.355401 0.000000
vt 0.236934 0.000000
vt 0.407665 0.000000
vt 0.087108 0.000000
vt 0.083624 0.000000
vt 0.052265 0.000000
vt 0.574913 0.000000
vt 0.418118 0.000000
vt 0.278746 0.000000
vt 0.275261 0.000000
vt 0.324042 0.000000
vt 0.425087 0.000000
vt 0.379791 0.000000
vt 0.320558 0.000000
vt 0.317073 0.000000
vt 0.233449 0.000000
vt 0.226481 0.000000
vt 0.104530 0.000000
vt 0.097561 0.000000
vt 0.181185 0.000000
vt 0.177700 0.000000
vt 0.174216 0.000000
vt 0.170732 0.000000
vt 0.108014 0.000000
vt 0.059233 0.000000
vt 0.222997 0.000000
vt 0.989547 0.000000
vt 0.160279 0.000000
vt 0.156794 0.000000
vt 0.153310 0.000000
vt 0.832753 0.000000
vt 0.135889 0.000000
vt 0.550523 0.000000
vt 0.062718 0.000000
vt 0.188153 0.000000
vt 0.094077 0.000000
vt 0.073171 0.000000
vt 0.020906 0.000000
s 0
g Arche_M_corner_SVGMat
usemtl SVGMat
f 227/1/1 226/2/1 230/3/1
f 20/4/1 30/5/1 21/6/1
f 229/7/1 228/8/1 230/3/1
f 112/9/2 111/10/2 95/11/2
f 228/8/1 227/1/1 230/3/1
f 224/12/1 223/13/1 230/3/1
f 233/14/1 214/15/1 234/16/1
f 231/17/1 230/3/1 216/18/1
f 220/19/3 219/20/3 230/3/3
f 221/21/4 220/19/4 230/3/4
f 223/13/1 222/22/1 230/3/1
f 219/20/5 218/23/5 230/3/5
f 218/23/1 217/24/1 230/3/1
f 230/3/1 217/24/1 216/18/1
f 258/25/1 171/26/1 170/27/1
f 232/28/1 231/17/1 215/29/1
f 232/28/1 215/29/1 214/15/1
f 231/17/1 216/18/1 215/29/1
f 233/14/1 232/28/1 214/15/1
f 213/30/1 235/31/1 234/16/1
f 120/32/6 119/33/6 82/34/6
f 214/15/1 213/30/1 234/16/1
f 15/35/1 14/36/1 1/37/1
f 184/38/1 183/39/1 207/40/1
f 236/41/1 235/31/1 212/42/1
f 12/43/7 11/44/7 3/45/7
f 282/46/1 133/47/1 132/48/1
f 212/42/1 211/49/1 238/50/1
f 288/51/1 36/52/1 35/53/1
f 282/46/1 134/54/1 133/47/1
f 114/55/2 87/56/2 86/57/2
f 178/58/1 177/59/1 242/60/1
f 200/61/1 199/62/1 198/63/1
f 176/64/1 248/65/1 247/66/1
f 116/67/1 85/68/1 84/69/1
f 211/49/1 239/70/1 238/50/1
f 104/71/8 102/72/8 105/73/8
f 210/74/1 178/58/1 211/49/1
f 176/64/1 175/75/1 251/76/1
f 140/77/1 281/78/1 280/79/1
f 209/80/1 179/81/1 210/74/1
f 111/10/9 96/82/9 95/11/9
f 288/51/1 39/83/1 38/84/1
f 60/85/1 72/86/1 71/87/1
f 176/64/1 251/76/1 250/88/1
f 212/42/1 237/89/1 236/41/1
f 23/90/1 27/91/1 24/92/1
f 62/93/1 61/94/1 70/95/1
f 192/96/1 205/97/1 193/98/1
f 241/99/1 211/49/1 178/58/1
f 74/100/10 57/101/10 56/102/10
f 288/51/1 37/103/1 36/52/1
f 13/104/1 12/43/1 2/105/1
f 259/106/1 258/25/1 170/27/1
f 235/31/1 213/30/1 212/42/1
f 179/81/1 209/80/1 180/107/1
f 115/108/9 86/57/9 85/68/9
f 117/109/1 84/69/1 83/110/1
f 181/111/11 208/112/11 182/113/11
f 242/60/1 241/99/1 178/58/1
f 255/114/1 254/115/1 174/116/1
f 256/117/1 173/118/1 172/119/1
f 187/120/1 186/121/1 206/122/1
f 260/123/1 164/124/1 163/125/1
f 286/126/1 44/127/1 43/128/1
f 201/129/1 200/61/1 197/130/1
f 185/131/1 207/40/1 186/121/1
f 184/38/1 207/40/1 185/131/1
f 98/132/1 109/133/1 108/134/1
f 202/135/1 195/136/1 203/137/1
f 259/106/1 168/138/1 167/139/1
f 76/140/1 75/141/1 49/142/1
f 260/123/1 165/143/1 164/124/1
f 201/129/1 196/144/1 202/135/1
f 189/145/12 188/146/12 206/122/12
f 256/117/1 255/114/1 173/118/1
f 117/109/6 116/67/6 84/69/6
f 177/59/1 247/66/1 246/147/1
f 9/148/2 6/149/2 5/150/2
f 257/151/1 256/117/1 172/119/1
f 192/96/6 191/152/6 205/97/6
f 190/153/1 189/145/1 206/122/1
f 175/75/1 253/154/1 252/155/1
f 196/144/1 201/129/1 197/130/1
f 209/80/1 208/112/1 180/107/1
f 284/156/1 283/157/1 128/158/1
f 100/159/1 107/160/1 106/161/1
f 11/44/1 4/162/1 3/45/1
f 175/75/1 254/115/1 253/154/1
f 169/163/1 168/138/1 259/106/1
f 176/64/1 249/164/1 248/65/1
f 257/151/1 172/119/1 171/26/1
f 122/165/1 79/166/1 78/167/1
f 13/104/12 2/105/12 1/37/12
f 177/59/1 244/168/1 243/169/1
f 122/165/1 78/167/1 77/170/1
f 261/171/1 260/123/1 162/172/1
f 161/173/1 261/171/1 162/172/1
f 161/173/1 160/174/1 261/171/1
f 99/175/1 98/132/1 108/134/1
f 113/176/13 91/177/13 90/178/13
f 262/179/1 261/171/1 158/180/1
f 157/181/1 262/179/1 158/180/1
f 156/182/1 263/183/1 157/181/1
f 102/72/1 101/184/1 105/73/1
f 156/182/1 264/185/1 263/183/1
f 155/186/1 264/185/1 156/182/1
f 155/186/1 265/187/1 264/185/1
f 155/186/1 266/188/1 265/187/1
f 154/189/1 266/188/1 155/186/1
f 154/189/1 267/190/1 266/188/1
f 153/191/1 267/190/1 154/189/1
f 153/191/1 268/192/1 267/190/1
f 152/193/1 268/192/1 153/191/1
f 152/193/1 269/194/1 268/192/1
f 151/195/1 269/194/1 152/193/1
f 151/195/1 270/196/1 269/194/1
f 150/197/1 270/196/1 151/195/1
f 150/197/1 271/198/1 270/196/1
f 149/199/1 271/198/1 150/197/1
f 149/199/1 272/200/1 271/198/1
f 148/201/1 272/200/1 149/199/1
f 148/201/1 273/202/1 272/200/1
f 147/203/1 273/202/1 148/201/1
f 147/203/1 274/204/1 273/202/1
f 146/205/1 274/204/1 147/203/1
f 146/205/1 275/206/1 274/204/1
f 145/207/1 276/208/1 146/205/1
f 254/115/6 175/75/6 174/116/6
f 145/207/1 277/209/1 276/208/1
f 144/210/1 277/209/1 145/207/1
f 144/210/1 278/211/1 277/209/1
f 143/212/1 278/211/1 144/210/1
f 143/212/1 279/213/1 278/211/1
f 142/214/1 279/213/1 143/212/1
f 142/214/1 280/79/1 279/213/1
f 141/215/1 280/79/1 142/214/1
f 141/215/1 140/77/1 280/79/1
f 282/46/1 135/216/1 134/54/1
f 139/217/1 281/78/1 140/77/1
f 139/217/1 138/218/1 281/78/1
f 287/219/1 42/220/1 41/221/1
f 137/222/1 282/46/1 138/218/1
f 136/223/1 282/46/1 137/222/1
f 136/223/1 135/216/1 282/46/1
f 138/218/1 282/46/1 281/78/1
f 109/133/1 98/132/1 97/224/1
f 10/225/14 5/150/14 4/162/14
f 283/157/1 282/46/1 132/48/1
f 131/226/1 283/157/1 132/48/1
f 130/227/1 283/157/1 131/226/1
f 129/228/1 283/157/1 130/227/1
f 128/158/1 283/157/1 129/228/1
f 177/59/1 245/229/1 244/168/1
f 73/230/15 59/231/15 58/232/15
f 105/73/7 101/184/7 106/161/7
f 207/40/1 206/122/1 186/121/1
f 127/233/6 284/156/6 128/158/6
f 100/159/1 99/175/1 107/160/1
f 114/55/13 88/234/13 87/56/13
f 6/149/1 9/148/1 8/235/1
f 99/175/1 108/134/1 107/160/1
f 113/176/9 90/178/9 89/236/9
f 119/33/1 83/110/1 82/34/1
f 101/184/1 100/159/1 106/161/1
f 204/237/1 203/137/1 194/238/1
f 222/22/1 221/21/1 230/3/1
f 48/239/1 284/156/1 125/240/1
f 126/241/9 284/156/9 127/233/9
f 226/2/1 225/242/1 230/3/1
f 259/106/1 170/27/1 169/163/1
f 64/243/1 63/244/1 67/245/1
f 125/240/6 284/156/6 126/241/6
f 115/108/11 114/55/11 86/57/11
f 34/246/1 33/247/1 17/248/1
f 75/141/11 54/249/11 49/142/11
f 124/250/1 48/239/1 125/240/1
f 188/146/1 187/120/1 206/122/1
f 183/39/1 182/113/1 207/40/1
f 104/71/16 103/251/16 102/72/16
f 288/51/1 38/84/1 37/103/1
f 60/85/1 59/231/1 72/86/1
f 58/232/1 57/101/1 74/100/1
f 63/244/1 62/93/1 69/252/1
f 119/33/1 118/253/1 83/110/1
f 176/64/1 250/88/1 249/164/1
f 263/183/1 262/179/1 157/181/1
f 27/91/1 26/254/1 25/255/1
f 206/122/1 205/97/1 191/152/1
f 34/246/1 16/256/1 1/37/1
f 276/208/1 275/206/1 146/205/1
f 260/123/1 259/106/1 167/139/1
f 260/123/1 166/257/1 165/143/1
f 114/55/1 113/176/1 88/234/1
f 121/258/1 120/32/1 81/259/1
f 177/59/12 176/64/12 247/66/12
f 97/224/1 96/82/1 111/10/1
f 122/165/9 121/258/9 80/260/9
f 122/165/1 80/260/1 79/166/1
f 205/97/1 204/237/1 193/98/1
f 121/258/6 81/259/6 80/260/6
f 112/9/17 95/11/17 94/261/17
f 123/262/1 122/165/1 77/170/1
f 60/85/1 71/87/1 70/95/1
f 123/262/9 77/170/9 76/140/9
f 177/59/1 243/169/1 242/60/1
f 110/263/18 109/133/18 97/224/18
f 74/100/12 73/230/12 58/232/12
f 195/136/1 194/238/1 203/137/1
f 113/176/2 89/236/2 88/234/2
f 112/9/9 93/264/9 92/265/9
f 112/9/2 94/261/2 93/264/2
f 61/94/1 60/85/1 70/95/1
f 69/252/1 62/93/1 70/95/1
f 68/266/1 63/244/1 69/252/1
f 67/245/1 63/244/1 68/266/1
f 66/267/1 64/243/1 67/245/1
f 177/59/1 246/147/1 245/229/1
f 175/75/1 252/155/1 251/76/1
f 31/268/1 30/5/1 20/4/1
f 260/123/1 163/125/1 162/172/1
f 30/5/1 29/269/1 21/6/1
f 113/176/1 112/9/1 91/177/1
f 124/250/1 123/262/1 49/142/1
f 190/153/1 206/122/1 191/152/1
f 49/142/1 123/262/1 76/140/1
f 53/270/19 49/142/19 54/249/19
f 52/271/1 49/142/1 53/270/1
f 51/272/1 49/142/1 52/271/1
f 50/273/1 49/142/1 51/272/1
f 33/247/12 32/274/12 18/275/12
f 12/43/11 3/45/11 2/105/11
f 66/267/17 65/276/17 64/243/17
f 285/277/1 284/156/1 48/239/1
f 285/277/1 48/239/1 47/278/1
f 285/277/1 47/278/1 46/279/1
f 193/98/1 204/237/1 194/238/1
f 286/126/1 285/277/1 46/279/1
f 46/279/1 45/280/1 286/126/1
f 118/253/1 117/109/1 83/110/1
f 211/49/1 241/99/1 240/281/1
f 287/219/1 286/126/1 43/128/1
f 43/128/1 42/220/1 287/219/1
f 286/126/1 45/280/1 44/127/1
f 288/51/1 287/219/1 41/221/1
f 40/282/1 288/51/1 41/221/1
f 40/282/1 39/83/1 288/51/1
f 258/25/1 257/151/1 171/26/1
f 261/171/1 159/283/1 158/180/1
f 212/42/1 238/50/1 237/89/1
f 124/250/1 49/142/1 48/239/1
f 1/37/1 288/51/1 35/53/1
f 34/246/1 1/37/1 35/53/1
f 32/274/12 31/268/12 19/284/12
f 208/112/1 207/40/1 182/113/1
f 197/130/1 200/61/1 198/63/1
f 75/141/16 55/285/16 54/249/16
f 75/141/1 74/100/1 56/102/1
f 211/49/1 240/281/1 239/70/1
f 14/36/20 13/104/20 1/37/20
f 225/242/1 224/12/1 230/3/1
f 111/10/1 110/263/1 97/224/1
f 27/91/1 23/90/1 28/286/1
f 261/171/1 160/174/1 159/283/1
f 59/231/9 73/230/9 72/86/9
f 27/91/1 25/255/1 24/92/1
f 120/32/1 82/34/1 81/259/1
f 56/102/1 55/285/1 75/141/1
f 29/269/1 28/286/1 22/287/1
f 21/6/20 29/269/20 22/287/20
f 260/123/1 167/139/1 166/257/1
f 28/286/1 23/90/1 22/287/1
f 7/288/1 6/149/1 8/235/1
f 180/107/1 208/112/1 181/111/1
f 10/225/13 9/148/13 5/150/13
f 196/144/1 195/136/1 202/135/1
f 116/67/1 115/108/1 85/68/1
f 16/256/1 15/35/1 1/37/1
f 179/81/1 178/58/1 210/74/1
f 11/44/13 10/225/13 4/162/13
f 16/256/1 34/246/1 17/248/1
f 17/248/1 33/247/1 18/275/1
f 255/114/1 174/116/1 173/118/1
f 18/275/11 32/274/11 19/284/11
f 19/284/1 31/268/1 20/4/1
f 112/9/20 92/265/20 91/177/20
f 373/68/21 661/68/21 660/69/21 372/69/21
f 572/156/22 860/156/22 859/157/22 571/157/22
f 497/80/23 785/80/23 784/112/23 496/112/23
f 523/31/24 811/31/24 810/16/24 522/16/24
f 365/170/25 653/170/25 652/140/25 364/140/25
f 518/3/26 806/3/26 805/7/26 517/7/26
f 378/178/27 666/178/27 665/236/27 377/236/27
f 515/1/28 803/1/28 802/2/28 514/2/28
f 510/22/29 798/22/29 797/21/29 509/21/29
f 370/34/30 658/34/30 657/259/30 369/259/30
f 507/20/31 795/20/31 794/23/31 506/23/31
f 357/252/32 645/252/32 644/266/32 356/266/32
f 502/15/33 790/15/33 789/30/33 501/30/33
f 489/129/34 777/129/34 776/61/34 488/61/34
f 499/49/35 787/49/35 786/74/35 498/74/35
f 318/5/36 606/5/36 605/269/36 317/269/36
f 494/122/37 782/122/37 781/97/37 493/97/37
f 569/78/38 857/78/38 856/79/38 568/79/38
f 362/100/39 650/100/39 649/230/39 361/230/39
f 349/94/40 637/94/40 636/85/40 348/85/40
f 312/92/41 600/92/41 599/90/41 311/90/41
f 354/267/42 642/267/42 641/276/42 353/276/42
f 481/98/43 769/98/43 768/96/43 480/96/43
f 491/137/44 779/137/44 778/135/44 490/135/44
f 346/232/45 634/232/45 633/101/45 345/101/45
f 473/131/46 761/131/46 760/38/46 472/38/46
f 341/270/47 629/270/47 628/271/47 340/271/47
f 338/273/48 626/273/48 625/142/48 337/142/48
f 465/59/49 753/59/49 752/64/49 464/64/49
f 333/280/50 621/280/50 620/127/50 332/127/50
f 486/63/51 774/63/51 773/130/51 485/130/51
f 330/220/52 618/220/52 617/221/52 329/221/52
f 457/163/53 745/163/53 744/138/53 456/138/53
f 325/103/54 613/103/54 612/52/54 324/52/54
f 561/202/55 849/202/55 848/200/55 560/200/55
f 449/173/56 737/173/56 736/174/56 448/174/56
f 478/153/57 766/153/57 765/145/57 477/145/57
f 304/256/58 592/256/58 591/35/58 303/35/58
f 483/136/59 771/136/59 770/238/59 482/238/59
f 470/113/60 758/113/60 757/111/60 469/111/60
f 441/191/61 729/191/61 728/193/61 440/193/61
f 475/120/62 763/120/62 762/121/62 474/121/62
f 462/116/63 750/116/63 749/118/63 461/118/63
f 539/76/64 827/76/64 826/88/64 538/88/64
f 559/198/55 847/198/55 846/196/55 558/196/55
f 467/81/65 755/81/65 754/58/65 466/58/65
f 433/207/66 721/207/66 720/210/66 432/210/66
f 303/35/67 591/35/67 590/36/67 302/36/67
f 454/257/68 742/257/68 741/143/68 453/143/68
f 296/235/69 584/235/69 583/288/69 295/288/69
f 320/274/70 608/274/70 607/268/70 319/268/70
f 425/222/66 713/222/66 712/223/66 424/223/66
f 459/26/71 747/26/71 746/27/71 458/27/71
f 302/36/72 590/36/72 589/104/72 301/104/72
f 417/228/73 705/228/73 704/158/73 416/158/73
f 322/246/74 610/246/74 609/247/74 321/247/74
f 446/180/75 734/180/75 733/181/75 445/181/75
f 309/6/76 597/6/76 596/4/76 308/4/76
f 438/197/23 726/197/23 725/199/23 437/199/23
f 545/151/77 833/151/77 832/117/77 544/117/77
f 409/258/78 697/258/78 696/32/78 408/32/78
f 451/125/79 739/125/79 738/172/79 450/172/79
f 564/208/55 852/208/55 851/206/55 563/206/55
f 430/214/66 718/214/66 717/215/66 429/215/66
f 401/176/80 689/176/80 688/9/80 400/9/80
f 443/186/81 731/186/81 730/189/81 442/189/81
f 422/54/66 710/54/66 709/47/66 421/47/66
f 543/114/82 831/114/82 830/115/82 542/115/82
f 435/203/83 723/203/83 722/205/83 434/205/83
f 535/66/84 823/66/84 822/147/84 534/147/84
f 301/104/85 589/104/85 588/43/85 300/43/85
f 414/241/86 702/241/86 701/240/86 413/240/86
f 488/61/87 776/61/87 775/62/87 487/62/87
f 427/217/66 715/217/66 714/218/66 426/218/66
f 556/192/55 844/192/55 843/190/55 555/190/55
f 393/73/88 681/73/88 680/71/88 392/71/88
f 419/226/89 707/226/89 706/227/89 418/227/89
f 385/224/90 673/224/90 672/82/90 384/82/90
f 411/262/91 699/262/91 698/165/91 410/165/91
f 377/236/92 665/236/92 664/234/92 376/234/92
f 403/108/93 691/108/93 690/55/93 402/55/93
f 527/70/94 815/70/94 814/50/94 526/50/94
f 369/259/95 657/259/95 656/260/95 368/260/95
f 548/123/96 836/123/96 835/106/96 547/106/96
f 398/263/97 686/263/97 685/133/97 397/133/97
f 361/230/98 649/230/98 648/86/98 360/86/98
f 395/160/99 683/160/99 682/161/99 394/161/99
f 544/117/100 832/117/100 831/114/100 543/114/100
f 353/276/101 641/276/101 640/243/101 352/243/101
f 387/175/102 675/175/102 674/132/102 386/132/102
f 540/155/103 828/155/103 827/76/103 539/76/103
f 390/72/104 678/72/104 677/184/104 389/184/104
f 379/177/105 667/177/105 666/178/105 378/178/105
f 547/106/106 835/106/106 834/25/106 546/25/106
f 345/101/107 633/101/107 632/102/107 344/102/107
f 371/110/95 659/110/95 658/34/95 370/34/95
f 382/261/108 670/261/108 669/264/108 381/264/108
f 337/142/109 625/142/109 624/239/109 336/239/109
f 363/141/110 651/141/110 650/100/110 362/100/110
f 374/57/111 662/57/111 661/68/111 373/68/111
f 519/17/112 807/17/112 806/3/112 518/3/112
f 293/150/113 581/150/113 580/162/113 292/162/113
f 571/157/114 859/157/114 858/46/114 570/46/114
f 492/237/115 780/237/115 779/137/115 491/137/115
f 307/284/116 595/284/116 594/275/116 306/275/116
f 290/105/117 578/105/117 577/37/117 289/37/117
f 355/245/118 643/245/118 642/267/118 354/267/118
f 532/168/119 820/168/119 819/169/119 531/169/119
f 366/167/120 654/167/120 653/170/120 365/170/120
f 511/13/121 799/13/121 798/22/121 510/22/121
f 314/254/122 602/254/122 601/255/122 313/255/122
f 524/41/123 812/41/123 811/31/123 523/31/123
f 358/95/124 646/95/124 645/252/124 357/252/124
f 503/29/125 791/29/125 790/15/125 502/15/125
f 347/231/126 635/231/126 634/232/126 346/232/126
f 350/93/127 638/93/127 637/94/127 349/94/127
f 495/40/128 783/40/128 782/122/128 494/122/128
f 321/247/129 609/247/129 608/274/129 320/274/129
f 294/149/130 582/149/130 581/150/130 293/150/130
f 576/51/131 864/51/131 863/219/131 575/219/131
f 339/272/132 627/272/132 626/273/132 338/273/132
f 516/8/133 804/8/133 803/1/133 515/1/133
f 342/249/134 630/249/134 629/270/134 341/270/134
f 508/19/135 796/19/135 795/20/135 507/20/135
f 313/255/136 601/255/136 600/92/136 312/92/136
f 487/62/137 775/62/137 774/63/137 486/63/137
f 323/53/138 611/53/138 610/246/138 322/246/138
f 500/42/125 788/42/125 787/49/125 499/49/125
f 479/152/139 767/152/139 766/153/139 478/153/139
f 334/279/140 622/279/140 621/280/140 333/280/140
f 471/39/141 759/39/141 758/113/141 470/113/141
f 326/84/142 614/84/142 613/103/142 325/103/142
f 463/75/143 751/75/143 750/116/143 462/116/143
f 455/139/144 743/139/144 742/257/144 454/257/144
f 568/79/145 856/79/145 855/213/145 567/213/145
f 289/37/146 577/37/146 864/51/146 576/51/146
f 484/144/147 772/144/147 771/136/147 483/136/147
f 447/283/148 735/283/148 734/180/148 446/180/148
f 570/46/149 858/46/149 857/78/149 569/78/149
f 476/146/150 764/146/150 763/120/150 475/120/150
f 305/248/151 593/248/151 592/256/151 304/256/151
f 468/107/152 756/107/152 755/81/152 467/81/152
f 439/195/153 727/195/153 726/197/153 438/197/153
f 560/200/55 848/200/55 847/198/55 559/198/55
f 460/119/154 748/119/154 747/26/154 459/26/154
f 452/124/155 740/124/155 739/125/155 451/125/155
f 431/212/66 719/212/66 718/214/66 430/214/66
f 292/162/156 580/162/156 579/45/156 291/45/156
f 567/213/145 855/213/145 854/211/145 566/211/145
f 423/216/66 711/216/66 710/54/66 422/54/66
f 310/287/157 598/287/157 597/6/157 309/6/157
f 552/185/158 840/185/158 839/183/158 551/183/158
f 562/204/55 850/204/55 849/202/55 561/202/55
f 444/182/159 732/182/159 731/186/159 443/186/159
f 389/184/160 677/184/160 676/159/160 388/159/160
f 415/233/161 703/233/161 702/241/161 414/241/161
f 299/44/162 587/44/162 586/225/162 298/225/162
f 436/201/83 724/201/83 723/203/83 435/203/83
f 575/219/158 863/219/158 862/126/158 574/126/158
f 551/183/163 839/183/163 838/179/163 550/179/163
f 407/33/164 695/33/164 694/253/164 406/253/164
f 554/188/55 842/188/55 841/187/55 553/187/55
f 428/77/66 716/77/66 715/217/66 427/217/66
f 420/48/165 708/48/165 707/226/165 419/226/165
f 319/268/166 607/268/166 606/5/166 318/5/166
f 536/65/167 824/65/167 823/66/167 535/66/167
f 412/250/168 700/250/168 699/262/168 411/262/168
f 541/154/169 829/154/169 828/155/169 540/155/169
f 546/25/170 834/25/170 833/151/170 545/151/170
f 399/10/171 687/10/171 686/263/171 398/263/171
f 396/134/172 684/134/172 683/160/172 395/160/172
f 391/251/173 679/251/173 678/72/173 390/72/173
f 520/28/174 808/28/174 807/17/174 519/17/174
f 388/159/175 676/159/175 675/175/175 387/175/175
f 329/221/176 617/221/176 616/282/176 328/282/176
f 512/12/177 800/12/177 799/13/177 511/13/177
f 538/88/178 826/88/178 825/164/178 537/164/178
f 383/11/179 671/11/179 670/261/179 382/261/179
f 504/18/35 792/18/35 791/29/35 503/29/35
f 525/89/180 813/89/180 812/41/180 524/41/180
f 375/56/181 663/56/181 662/57/181 374/57/181
f 496/112/182 784/112/182 783/40/182 495/40/182
f 530/60/183 818/60/183 817/99/183 529/99/183
f 380/265/181 668/265/181 667/177/181 379/177/181
f 367/166/184 655/166/184 654/167/184 366/167/184
f 372/69/185 660/69/185 659/110/185 371/110/185
f 364/140/186 652/140/186 651/141/186 363/141/186
f 359/87/187 647/87/187 646/95/187 358/95/187
f 522/16/188 810/16/188 809/14/188 521/14/188
f 356/266/189 644/266/189 643/245/189 355/245/189
f 517/7/190 805/7/190 804/8/190 516/8/190
f 351/244/191 639/244/191 638/93/191 350/93/191
f 480/96/192 768/96/192 767/152/192 479/152/192
f 514/2/193 802/2/193 801/242/193 513/242/193
f 348/85/194 636/85/194 635/231/194 347/231/194
f 343/285/195 631/285/195 630/249/195 342/249/195
f 472/38/196 760/38/196 759/39/196 471/39/196
f 563/206/55 851/206/55 850/204/55 562/204/55
f 490/135/197 778/135/197 777/129/197 489/129/197
f 509/21/198 797/21/198 796/19/198 508/19/198
f 335/278/199 623/278/199 622/279/199 334/279/199
f 464/64/200 752/64/200 751/75/200 463/75/200
f 506/23/201 794/23/201 793/24/201 505/24/201
f 340/271/202 628/271/202 627/272/202 339/272/202
f 501/30/33 789/30/33 788/42/33 500/42/33
f 327/83/203 615/83/203 614/84/203 326/84/203
f 306/275/204 594/275/204 593/248/204 305/248/204
f 332/127/205 620/127/205 619/128/205 331/128/205
f 493/97/206 781/97/206 780/237/206 492/237/206
f 498/74/207 786/74/207 785/80/207 497/80/207
f 528/281/208 816/281/208 815/70/208 527/70/208
f 456/138/209 744/138/209 743/139/209 455/139/209
f 574/126/210 862/126/210 861/277/210 573/277/210
f 448/174/211 736/174/211 735/283/211 447/283/211
f 440/193/212 728/193/212 727/195/212 439/195/212
f 485/130/213 773/130/213 772/144/213 484/144/213
f 432/210/66 720/210/66 719/212/66 431/212/66
f 573/277/214 861/277/214 860/156/214 572/156/214
f 324/52/215 612/52/215 611/53/215 323/53/215
f 424/223/66 712/223/66 711/216/66 423/216/66
f 482/238/216 770/238/216 769/98/216 481/98/216
f 477/145/217 765/145/217 764/146/217 476/146/217
f 416/158/218 704/158/218 703/233/218 415/233/218
f 474/121/219 762/121/219 761/131/219 473/131/219
f 408/32/220 696/32/220 695/33/220 407/33/220
f 466/58/221 754/58/221 753/59/221 465/59/221
f 469/111/222 757/111/222 756/107/222 468/107/222
f 311/90/223 599/90/223 598/287/223 310/287/223
f 461/118/224 749/118/224 748/119/224 460/119/224
f 458/27/225 746/27/225 745/163/225 457/163/225
f 565/209/55 853/209/55 852/208/55 564/208/55
f 453/143/226 741/143/226 740/124/226 452/124/226
f 566/211/149 854/211/149 853/209/149 565/209/149
f 308/4/227 596/4/227 595/284/227 307/284/227
f 400/9/228 688/9/228 687/10/228 399/10/228
f 291/45/229 579/45/229 578/105/229 290/105/229
f 450/172/230 738/172/230 737/173/230 449/173/230
f 445/181/231 733/181/231 732/182/231 444/182/231
f 392/71/232 680/71/232 679/251/232 391/251/232
f 331/128/233 619/128/233 618/220/233 330/220/233
f 442/189/234 730/189/234 729/191/234 441/191/234
f 437/199/235 725/199/235 724/201/235 436/201/235
f 558/196/55 846/196/55 845/194/55 557/194/55
f 384/82/236 672/82/236 671/11/236 383/11/236
f 553/187/237 841/187/237 840/185/237 552/185/237
f 434/205/66 722/205/66 721/207/66 433/207/66
f 557/194/55 845/194/55 844/192/55 556/192/55
f 429/215/66 717/215/66 716/77/66 428/77/66
f 295/288/238 583/288/238 582/149/238 294/149/238
f 376/234/239 664/234/239 663/56/239 375/56/239
f 426/218/66 714/218/66 713/222/66 425/222/66
f 300/43/240 588/43/240 587/44/240 299/44/240
f 421/47/241 709/47/241 708/48/241 420/48/241
f 550/179/242 838/179/242 837/171/242 549/171/242
f 418/227/243 706/227/243 705/228/243 417/228/243
f 413/240/244 701/240/244 700/250/244 412/250/244
f 368/260/245 656/260/245 655/166/245 367/166/245
f 315/91/246 603/91/246 602/254/246 314/254/246
f 410/165/247 698/165/247 697/258/247 409/258/247
f 537/164/248 825/164/248 824/65/248 536/65/248
f 360/86/249 648/86/249 647/87/249 359/87/249
f 555/190/55 843/190/55 842/188/55 554/188/55
f 529/99/250 817/99/250 816/281/250 528/281/250
f 549/171/251 837/171/251 836/123/251 548/123/251
f 402/55/252 690/55/252 689/176/252 401/176/252
f 542/115/253 830/115/253 829/154/253 541/154/253
f 352/243/254 640/243/254 639/244/254 351/244/254
f 298/225/255 586/225/255 585/148/255 297/148/255
f 405/109/252 693/109/252 692/67/252 404/67/252
f 534/147/256 822/147/256 821/229/256 533/229/256
f 344/102/257 632/102/257 631/285/257 343/285/257
f 397/133/258 685/133/258 684/134/258 396/134/258
f 533/229/259 821/229/259 820/168/259 532/168/259
f 336/239/260 624/239/260 623/278/260 335/278/260
f 394/161/261 682/161/261 681/73/261 393/73/261
f 297/148/262 585/148/262 584/235/262 296/235/262
f 328/282/263 616/282/263 615/83/263 327/83/263
f 317/269/264 605/269/264 604/286/264 316/286/264
f 521/14/265 809/14/265 808/28/265 520/28/265
f 381/264/111 669/264/111 668/265/111 380/265/111
f 526/50/266 814/50/266 813/89/266 525/89/266
f 513/242/267 801/242/267 800/12/267 512/12/267
f 531/169/268 819/169/268 818/60/268 530/60/268
f 505/24/207 793/24/207 792/18/207 504/18/207
f 406/253/269 694/253/269 693/109/269 405/109/269
f 316/286/270 604/286/270 603/91/270 315/91/270
f 22/287/157 310/287/157 309/6/157 21/6/157
f 135/216/66 423/216/66 422/54/66 134/54/66
f 279/213/145 567/213/145 566/211/145 278/211/145
f 4/162/271 292/162/271 291/45/271 3/45/271
f 143/212/66 431/212/66 430/214/66 142/214/66
f 164/124/272 452/124/272 451/125/272 163/125/272
f 172/119/154 460/119/154 459/26/154 171/26/154
f 272/200/55 560/200/55 559/198/55 271/198/55
f 151/195/273 439/195/273 438/197/273 150/197/273
f 180/107/152 468/107/152 467/81/152 179/81/152
f 17/248/151 305/248/151 304/256/151 16/256/151
f 188/146/274 476/146/274 475/120/274 187/120/274
f 282/46/149 570/46/149 569/78/149 281/78/149
f 159/283/275 447/283/275 446/180/275 158/180/275
f 196/144/147 484/144/147 483/136/147 195/136/147
f 1/37/146 289/37/146 576/51/146 288/51/146
f 280/79/145 568/79/145 567/213/145 279/213/145
f 167/139/276 455/139/276 454/257/276 166/257/276
f 175/75/143 463/75/143 462/116/143 174/116/143
f 38/84/277 326/84/277 325/103/277 37/103/277
f 183/39/141 471/39/141 470/113/141 182/113/141
f 46/279/140 334/279/140 333/280/140 45/280/140
f 191/152/139 479/152/139 478/153/139 190/153/139
f 212/42/125 500/42/125 499/49/125 211/49/125
f 35/53/278 323/53/278 322/246/278 34/246/278
f 199/62/279 487/62/279 486/63/279 198/63/279
f 25/255/136 313/255/136 312/92/136 24/92/136
f 220/19/280 508/19/280 507/20/280 219/20/280
f 54/249/281 342/249/281 341/270/281 53/270/281
f 228/8/282 516/8/282 515/1/282 227/1/282
f 51/272/283 339/272/283 338/273/283 50/273/283
f 288/51/131 576/51/131 575/219/131 287/219/131
f 6/149/284 294/149/284 293/150/284 5/150/284
f 33/247/285 321/247/285 320/274/285 32/274/285
f 207/40/128 495/40/128 494/122/128 206/122/128
f 62/93/286 350/93/286 349/94/286 61/94/286
f 59/231/287 347/231/287 346/232/287 58/232/287
f 215/29/125 503/29/125 502/15/125 214/15/125
f 70/95/288 358/95/288 357/252/288 69/252/288
f 236/41/123 524/41/123 523/31/123 235/31/123
f 26/254/289 314/254/289 313/255/289 25/255/289
f 223/13/290 511/13/290 510/22/290 222/22/290
f 78/167/291 366/167/291 365/170/291 77/170/291
f 244/168/119 532/168/119 531/169/119 243/169/119
f 67/245/292 355/245/292 354/267/292 66/267/292
f 2/105/293 290/105/293 289/37/293 1/37/293
f 19/284/116 307/284/116 306/275/116 18/275/116
f 204/237/115 492/237/115 491/137/115 203/137/115
f 283/157/114 571/157/114 570/46/114 282/46/114
f 5/150/294 293/150/294 292/162/294 4/162/294
f 231/17/112 519/17/112 518/3/112 230/3/112
f 86/57/295 374/57/295 373/68/295 85/68/295
f 75/141/296 363/141/296 362/100/296 74/100/296
f 49/142/109 337/142/109 336/239/109 48/239/109
f 94/261/297 382/261/297 381/264/297 93/264/297
f 83/110/95 371/110/95 370/34/95 82/34/95
f 57/101/298 345/101/298 344/102/298 56/102/298
f 259/106/299 547/106/299 546/25/299 258/25/299
f 91/177/239 379/177/239 378/178/239 90/178/239
f 102/72/300 390/72/300 389/184/300 101/184/300
f 252/155/103 540/155/103 539/76/103 251/76/103
f 99/175/102 387/175/102 386/132/102 98/132/102
f 65/276/101 353/276/101 352/243/101 64/243/101
f 256/117/100 544/117/100 543/114/100 255/114/100
f 107/160/99 395/160/99 394/161/99 106/161/99
f 73/230/301 361/230/301 360/86/301 72/86/301
f 110/263/302 398/263/302 397/133/302 109/133/302
f 260/123/303 548/123/303 547/106/303 259/106/303
f 81/259/95 369/259/95 368/260/95 80/260/95
f 239/70/94 527/70/94 526/50/94 238/50/94
f 115/108/93 403/108/93 402/55/93 114/55/93
f 89/236/304 377/236/304 376/234/304 88/234/304
f 123/262/91 411/262/91 410/165/91 122/165/91
f 97/224/305 385/224/305 384/82/305 96/82/305
f 131/226/306 419/226/306 418/227/306 130/227/306
f 105/73/307 393/73/307 392/71/307 104/71/307
f 268/192/55 556/192/55 555/190/55 267/190/55
f 139/217/66 427/217/66 426/218/66 138/218/66
f 200/61/308 488/61/308 487/62/308 199/62/308
f 126/241/309 414/241/309 413/240/309 125/240/309
f 13/104/85 301/104/85 300/43/85 12/43/85
f 247/66/310 535/66/310 534/147/310 246/147/310
f 147/203/66 435/203/66 434/205/66 146/205/66
f 255/114/311 543/114/311 542/115/311 254/115/311
f 134/54/66 422/54/66 421/47/66 133/47/66
f 155/186/81 443/186/81 442/189/81 154/189/81
f 113/176/80 401/176/80 400/9/80 112/9/80
f 142/214/66 430/214/66 429/215/66 141/215/66
f 276/208/55 564/208/55 563/206/55 275/206/55
f 163/125/312 451/125/312 450/172/312 162/172/312
f 121/258/228 409/258/228 408/32/228 120/32/228
f 257/151/313 545/151/313 544/117/313 256/117/313
f 150/197/23 438/197/23 437/199/23 149/199/23
f 21/6/76 309/6/76 308/4/76 20/4/76
f 158/180/75 446/180/75 445/181/75 157/181/75
f 34/246/314 322/246/314 321/247/314 33/247/314
f 129/228/315 417/228/315 416/158/315 128/158/315
f 14/36/72 302/36/72 301/104/72 13/104/72
f 171/26/316 459/26/316 458/27/316 170/27/316
f 137/222/66 425/222/66 424/223/66 136/223/66
f 32/274/317 320/274/317 319/268/317 31/268/317
f 8/235/318 296/235/318 295/288/318 7/288/318
f 166/257/319 454/257/319 453/143/319 165/143/319
f 15/35/67 303/35/67 302/36/67 14/36/67
f 145/207/66 433/207/66 432/210/66 144/210/66
f 179/81/65 467/81/65 466/58/65 178/58/65
f 271/198/55 559/198/55 558/196/55 270/196/55
f 251/76/64 539/76/64 538/88/64 250/88/64
f 174/116/320 462/116/320 461/118/320 173/118/320
f 187/120/274 475/120/274 474/121/274 186/121/274
f 153/191/61 441/191/61 440/193/61 152/193/61
f 182/113/60 470/113/60 469/111/60 181/111/60
f 195/136/59 483/136/59 482/238/59 194/238/59
f 16/256/58 304/256/58 303/35/58 15/35/58
f 190/153/321 478/153/321 477/145/321 189/145/321
f 161/173/187 449/173/187 448/174/187 160/174/187
f 273/202/55 561/202/55 560/200/55 272/200/55
f 37/103/322 325/103/322 324/52/322 36/52/322
f 169/163/323 457/163/323 456/138/323 168/138/323
f 42/220/324 330/220/324 329/221/324 41/221/324
f 198/63/325 486/63/325 485/130/325 197/130/325
f 45/280/50 333/280/50 332/127/50 44/127/50
f 177/59/49 465/59/49 464/64/49 176/64/49
f 50/273/326 338/273/326 337/142/326 49/142/326
f 53/270/327 341/270/327 340/271/327 52/271/327
f 185/131/328 473/131/328 472/38/328 184/38/328
f 58/232/329 346/232/329 345/101/329 57/101/329
f 203/137/330 491/137/330 490/135/330 202/135/330
f 193/98/43 481/98/43 480/96/43 192/96/43
f 66/267/331 354/267/331 353/276/331 65/276/331
f 24/92/332 312/92/332 311/90/332 23/90/332
f 61/94/40 349/94/40 348/85/40 60/85/40
f 74/100/333 362/100/333 361/230/333 73/230/333
f 281/78/38 569/78/38 568/79/38 280/79/38
f 206/122/334 494/122/334 493/97/334 205/97/334
f 30/5/335 318/5/335 317/269/335 29/269/335
f 211/49/35 499/49/35 498/74/35 210/74/35
f 201/129/34 489/129/34 488/61/34 200/61/34
f 214/15/33 502/15/33 501/30/33 213/30/33
f 69/252/336 357/252/336 356/266/336 68/266/336
f 219/20/337 507/20/337 506/23/337 218/23/337
f 82/34/338 370/34/338 369/259/338 81/259/338
f 222/22/339 510/22/339 509/21/339 221/21/339
f 227/1/340 515/1/340 514/2/340 226/2/340
f 90/178/341 378/178/341 377/236/341 89/236/341
f 230/3/26 518/3/26 517/7/26 229/7/26
f 77/170/25 365/170/25 364/140/25 76/140/25
f 235/31/24 523/31/24 522/16/24 234/16/24
f 209/80/23 497/80/23 496/112/23 208/112/23
f 284/156/22 572/156/22 571/157/22 283/157/22
f 85/68/342 373/68/342 372/69/342 84/69/342
f 116/67/164 404/67/164 403/108/164 115/108/164
f 98/132/343 386/132/343 385/224/343 97/224/343
f 28/286/344 316/286/344 315/91/344 27/91/344
f 118/253/252 406/253/252 405/109/252 117/109/252
f 217/24/207 505/24/207 504/18/207 216/18/207
f 243/169/268 531/169/268 530/60/268 242/60/268
f 225/242/345 513/242/345 512/12/345 224/12/345
f 238/50/346 526/50/346 525/89/346 237/89/346
f 93/264/295 381/264/295 380/265/295 92/265/295
f 233/14/265 521/14/265 520/28/265 232/28/265
f 29/269/347 317/269/347 316/286/347 28/286/347
f 40/282/263 328/282/263 327/83/263 39/83/263
f 9/148/348 297/148/348 296/235/348 8/235/348
f 106/161/261 394/161/261 393/73/261 105/73/261
f 48/239/260 336/239/260 335/278/260 47/278/260
f 245/229/259 533/229/259 532/168/259 244/168/259
f 109/133/349 397/133/349 396/134/349 108/134/349
f 56/102/350 344/102/350 343/285/350 55/285/350
f 246/147/256 534/147/256 533/229/256 245/229/256
f 117/109/252 405/109/252 404/67/252 116/67/252
f 10/225/255 298/225/255 297/148/255 9/148/255
f 64/243/351 352/243/351 351/244/351 63/244/351
f 254/115/253 542/115/253 541/154/253 253/154/253
f 114/55/252 402/55/252 401/176/252 113/176/252
f 261/171/251 549/171/251 548/123/251 260/123/251
f 241/99/250 529/99/250 528/281/250 240/281/250
f 267/190/55 555/190/55 554/188/55 266/188/55
f 72/86/352 360/86/352 359/87/352 71/87/352
f 249/164/353 537/164/353 536/65/353 248/65/353
f 122/165/354 410/165/354 409/258/354 121/258/354
f 27/91/246 315/91/246 314/254/246 26/254/246
f 80/260/355 368/260/355 367/166/355 79/166/355
f 125/240/244 413/240/244 412/250/244 124/250/244
f 130/227/243 418/227/243 417/228/243 129/228/243
f 262/179/242 550/179/242 549/171/242 261/171/242
f 133/47/356 421/47/356 420/48/356 132/48/356
f 12/43/357 300/43/357 299/44/357 11/44/357
f 138/218/66 426/218/66 425/222/66 137/222/66
f 88/234/358 376/234/358 375/56/358 87/56/358
f 7/288/238 295/288/238 294/149/238 6/149/238
f 141/215/66 429/215/66 428/77/66 140/77/66
f 269/194/55 557/194/55 556/192/55 268/192/55
f 146/205/66 434/205/66 433/207/66 145/207/66
f 265/187/237 553/187/237 552/185/237 264/185/237
f 96/82/359 384/82/359 383/11/359 95/11/359
f 270/196/55 558/196/55 557/194/55 269/194/55
f 149/199/235 437/199/235 436/201/235 148/201/235
f 154/189/360 442/189/360 441/191/360 153/191/360
f 43/128/233 331/128/233 330/220/233 42/220/233
f 104/71/361 392/71/361 391/251/361 103/251/361
f 157/181/231 445/181/231 444/182/231 156/182/231
f 162/172/362 450/172/362 449/173/362 161/173/362
f 3/45/363 291/45/363 290/105/363 2/105/363
f 112/9/78 400/9/78 399/10/78 111/10/78
f 20/4/364 308/4/364 307/284/364 19/284/364
f 278/211/38 566/211/38 565/209/38 277/209/38
f 165/143/365 453/143/365 452/124/365 164/124/365
f 277/209/55 565/209/55 564/208/55 276/208/55
f 170/27/366 458/27/366 457/163/366 169/163/366
f 173/118/224 461/118/224 460/119/224 172/119/224
f 23/90/223 311/90/223 310/287/223 22/287/223
f 181/111/222 469/111/222 468/107/222 180/107/222
f 178/58/367 466/58/367 465/59/367 177/59/367
f 120/32/252 408/32/252 407/33/252 119/33/252
f 186/121/219 474/121/219 473/131/219 185/131/219
f 128/158/368 416/158/368 415/233/368 127/233/368
f 189/145/217 477/145/217 476/146/217 188/146/217
f 194/238/216 482/238/216 481/98/216 193/98/216
f 136/223/66 424/223/66 423/216/66 135/216/66
f 36/52/369 324/52/369 323/53/369 35/53/369
f 285/277/214 573/277/214 572/156/214 284/156/214
f 144/210/66 432/210/66 431/212/66 143/212/66
f 197/130/213 485/130/213 484/144/213 196/144/213
f 152/193/212 440/193/212 439/195/212 151/195/212
f 160/174/370 448/174/370 447/283/370 159/283/370
f 286/126/210 574/126/210 573/277/210 285/277/210
f 168/138/371 456/138/371 455/139/371 167/139/371
f 240/281/372 528/281/372 527/70/372 239/70/372
f 210/74/207 498/74/207 497/80/207 209/80/207
f 205/97/373 493/97/373 492/237/373 204/237/373
f 44/127/205 332/127/205 331/128/205 43/128/205
f 18/275/204 306/275/204 305/248/204 17/248/204
f 39/83/203 327/83/203 326/84/203 38/84/203
f 213/30/33 501/30/33 500/42/33 212/42/33
f 52/271/374 340/271/374 339/272/374 51/272/374
f 218/23/375 506/23/375 505/24/375 217/24/375
f 176/64/376 464/64/376 463/75/376 175/75/376
f 47/278/199 335/278/199 334/279/199 46/279/199
f 221/21/377 509/21/377 508/19/377 220/19/377
f 202/135/378 490/135/378 489/129/378 201/129/378
f 275/206/55 563/206/55 562/204/55 274/204/55
f 184/38/379 472/38/379 471/39/379 183/39/379
f 55/285/380 343/285/380 342/249/380 54/249/380
f 60/85/381 348/85/381 347/231/381 59/231/381
f 226/2/382 514/2/382 513/242/382 225/242/382
f 192/96/192 480/96/192 479/152/192 191/152/192
f 63/244/191 351/244/191 350/93/191 62/93/191
f 229/7/383 517/7/383 516/8/383 228/8/383
f 68/266/384 356/266/384 355/245/384 67/245/384
f 234/16/188 522/16/188 521/14/188 233/14/188
f 71/87/187 359/87/187 358/95/187 70/95/187
f 76/140/385 364/140/385 363/141/385 75/141/385
f 84/69/386 372/69/386 371/110/386 83/110/386
f 79/166/184 367/166/184 366/167/184 78/167/184
f 92/265/387 380/265/387 379/177/387 91/177/387
f 242/60/388 530/60/388 529/99/388 241/99/388
f 208/112/182 496/112/182 495/40/182 207/40/182
f 87/56/387 375/56/387 374/57/387 86/57/387
f 237/89/389 525/89/389 524/41/389 236/41/389
f 216/18/35 504/18/35 503/29/35 215/29/35
f 95/11/179 383/11/179 382/261/179 94/261/179
f 250/88/390 538/88/390 537/164/390 249/164/390
f 224/12/391 512/12/391 511/13/391 223/13/391
f 41/221/176 329/221/176 328/282/176 40/282/176
f 100/159/175 388/159/175 387/175/175 99/175/175
f 232/28/174 520/28/174 519/17/174 231/17/174
f 103/251/392 391/251/392 390/72/392 102/72/392
f 108/134/172 396/134/172 395/160/172 107/160/172
f 111/10/393 399/10/393 398/263/393 110/263/393
f 258/25/394 546/25/394 545/151/394 257/151/394
f 253/154/395 541/154/395 540/155/395 252/155/395
f 124/250/168 412/250/168 411/262/168 123/262/168
f 248/65/396 536/65/396 535/66/396 247/66/396
f 31/268/397 319/268/397 318/5/397 30/5/397
f 132/48/398 420/48/398 419/226/398 131/226/398
f 140/77/66 428/77/66 427/217/66 139/217/66
f 266/188/55 554/188/55 553/187/55 265/187/55
f 119/33/164 407/33/164 406/253/164 118/253/164
f 263/183/303 551/183/303 550/179/303 262/179/303
f 287/219/158 575/219/158 574/126/158 286/126/158
f 148/201/83 436/201/83 435/203/83 147/203/83
f 11/44/162 299/44/162 298/225/162 10/225/162
f 127/233/161 415/233/161 414/241/161 126/241/161
f 101/184/399 389/184/399 388/159/399 100/159/399
f 156/182/159 444/182/159 443/186/159 155/186/159
f 274/204/55 562/204/55 561/202/55 273/202/55
f 264/185/299 552/185/299 551/183/299 263/183/299
f 772/144/400 1060/144/400 1059/136/400 771/136/400
f 725/199/401 1013/199/401 1012/201/401 724/201/401
f 846/196/402 1134/196/402 1133/194/402 845/194/402
f 858/46/403 1146/46/403 1145/78/403 857/78/403
f 672/82/404 960/82/404 959/11/404 671/11/404
f 764/146/405 1052/146/405 1051/120/405 763/120/405
f 841/187/406 1129/187/406 1128/185/406 840/185/406
f 756/107/407 1044/107/407 1043/81/407 755/81/407
f 717/215/1 1005/215/1 1004/77/1 716/77/1
f 583/288/408 871/288/408 870/149/408 582/149/408
f 664/234/409 952/234/409 951/56/409 663/56/409
f 748/119/410 1036/119/410 1035/26/410 747/26/410
f 709/47/411 997/47/411 996/48/411 708/48/411
f 838/179/412 1126/179/412 1125/171/412 837/171/412
f 740/124/413 1028/124/413 1027/125/413 739/125/413
f 701/240/414 989/240/414 988/250/414 700/250/414
f 656/260/415 944/260/415 943/166/415 655/166/415
f 580/162/416 868/162/416 867/45/416 579/45/416
f 603/91/417 891/91/417 890/254/417 602/254/417
f 825/164/418 1113/164/418 1112/65/418 824/65/418
f 850/204/402 1138/204/402 1137/202/402 849/202/402
f 648/86/419 936/86/419 935/87/419 647/87/419
f 732/182/420 1020/182/420 1019/186/420 731/186/420
f 817/99/421 1105/99/421 1104/281/421 816/281/421
f 830/115/422 1118/115/422 1117/154/422 829/154/422
f 640/243/423 928/243/423 927/244/423 639/244/423
f 724/201/424 1012/201/424 1011/203/424 723/203/424
f 693/109/425 981/109/425 980/67/425 692/67/425
f 822/147/426 1110/147/426 1109/229/426 821/229/426
f 632/102/427 920/102/427 919/285/427 631/285/427
f 685/133/428 973/133/428 972/134/428 684/134/428
f 842/188/402 1130/188/402 1129/187/402 841/187/402
f 716/77/1 1004/77/1 1003/217/1 715/217/1
f 821/229/429 1109/229/429 1108/168/429 820/168/429
f 624/239/430 912/239/430 911/278/430 623/278/430
f 708/48/431 996/48/431 995/226/431 707/226/431
f 585/148/432 873/148/432 872/235/432 584/235/432
f 616/282/433 904/282/433 903/83/433 615/83/433
f 607/268/434 895/268/434 894/5/434 606/5/434
f 809/14/435 1097/14/435 1096/28/435 808/28/435
f 669/264/436 957/264/436 956/265/436 668/265/436
f 814/50/437 1102/50/437 1101/89/437 813/89/437
f 700/250/438 988/250/438 987/262/438 699/262/438
f 801/242/439 1089/242/439 1088/12/439 800/12/439
f 793/24/440 1081/24/440 1080/18/440 792/18/440
f 604/286/441 892/286/441 891/91/441 603/91/441
f 834/25/442 1122/25/442 1121/151/442 833/151/442
f 692/67/443 980/67/443 979/108/443 691/108/443
f 661/68/444 949/68/444 948/69/444 660/69/444
f 785/80/445 1073/80/445 1072/112/445 784/112/445
f 653/170/446 941/170/446 940/140/446 652/140/446
f 806/3/447 1094/3/447 1093/7/447 805/7/447
f 684/134/448 972/134/448 971/160/448 683/160/448
f 798/22/449 1086/22/449 1085/21/449 797/21/449
f 676/159/450 964/159/450 963/175/450 675/175/450
f 645/252/451 933/252/451 932/266/451 644/266/451
f 790/15/452 1078/15/452 1077/30/452 789/30/452
f 826/88/453 1114/88/453 1113/164/453 825/164/453
f 777/129/454 1065/129/454 1064/61/454 776/61/454
f 606/5/455 894/5/455 893/269/455 605/269/455
f 782/122/456 1070/122/456 1069/97/456 781/97/456
f 857/78/457 1145/78/457 1144/79/457 856/79/457
f 637/94/458 925/94/458 924/85/458 636/85/458
f 818/60/459 1106/60/459 1105/99/459 817/99/459
f 600/92/460 888/92/460 887/90/460 599/90/460
f 668/265/461 956/265/461 955/177/461 667/177/461
f 769/98/462 1057/98/462 1056/96/462 768/96/462
f 660/69/463 948/69/463 947/110/463 659/110/463
f 761/131/464 1049/131/464 1048/38/464 760/38/464
f 629/270/465 917/270/465 916/271/465 628/271/465
f 652/140/466 940/140/466 939/141/466 651/141/466
f 753/59/467 1041/59/467 1040/64/467 752/64/467
f 621/280/468 909/280/468 908/127/468 620/127/468
f 774/63/469 1062/63/469 1061/130/469 773/130/469
f 810/16/470 1098/16/470 1097/14/470 809/14/470
f 644/266/471 932/266/471 931/245/471 643/245/471
f 745/163/472 1033/163/472 1032/138/472 744/138/472
f 613/103/473 901/103/473 900/52/473 612/52/473
f 802/2/474 1090/2/474 1089/242/474 801/242/474
f 849/202/402 1137/202/402 1136/200/402 848/200/402
f 636/85/475 924/85/475 923/231/475 635/231/475
f 737/173/476 1025/173/476 1024/174/476 736/174/476
f 766/153/477 1054/153/477 1053/145/477 765/145/477
f 851/206/402 1139/206/402 1138/204/402 850/204/402
f 592/256/478 880/256/478 879/35/478 591/35/478
f 778/135/479 1066/135/479 1065/129/479 777/129/479
f 758/113/480 1046/113/480 1045/111/480 757/111/480
f 794/23/481 1082/23/481 1081/24/481 793/24/481
f 628/271/482 916/271/482 915/272/482 627/272/482
f 729/191/483 1017/191/483 1016/193/483 728/193/483
f 750/116/484 1038/116/484 1037/118/484 749/118/484
f 594/275/485 882/275/485 881/248/485 593/248/485
f 620/127/486 908/127/486 907/128/486 619/128/486
f 847/198/402 1135/198/402 1134/196/402 846/196/402
f 786/74/440 1074/74/440 1073/80/440 785/80/440
f 755/81/487 1043/81/487 1042/58/487 754/58/487
f 816/281/488 1104/281/488 1103/70/488 815/70/488
f 721/207/1 1009/207/1 1008/210/1 720/210/1
f 742/257/489 1030/257/489 1029/143/489 741/143/489
f 584/235/490 872/235/490 871/288/490 583/288/490
f 608/274/491 896/274/491 895/268/491 607/268/491
f 713/222/1 1001/222/1 1000/223/1 712/223/1
f 590/36/492 878/36/492 877/104/492 589/104/492
f 705/228/493 993/228/493 992/158/493 704/158/493
f 734/180/494 1022/180/494 1021/181/494 733/181/494
f 861/277/495 1149/277/495 1148/156/495 860/156/495
f 597/6/496 885/6/496 884/4/496 596/4/496
f 726/197/445 1014/197/445 1013/199/445 725/199/445
f 770/238/497 1058/238/497 1057/98/497 769/98/497
f 833/151/498 1121/151/498 1120/117/498 832/117/498
f 697/258/499 985/258/499 984/32/499 696/32/499
f 852/208/402 1140/208/402 1139/206/402 851/206/402
f 718/214/1 1006/214/1 1005/215/1 717/215/1
f 762/121/500 1050/121/500 1049/131/500 761/131/500
f 689/176/501 977/176/501 976/9/501 688/9/501
f 710/54/1 998/54/1 997/47/1 709/47/1
f 754/58/502 1042/58/502 1041/59/502 753/59/502
f 831/114/503 1119/114/503 1118/115/503 830/115/503
f 823/66/504 1111/66/504 1110/147/504 822/147/504
f 599/90/505 887/90/505 886/287/505 598/287/505
f 589/104/506 877/104/506 876/43/506 588/43/506
f 702/241/507 990/241/507 989/240/507 701/240/507
f 746/27/508 1034/27/508 1033/163/508 745/163/508
f 853/209/402 1141/209/402 1140/208/402 852/208/402
f 844/192/402 1132/192/402 1131/190/402 843/190/402
f 596/4/509 884/4/509 883/284/509 595/284/509
f 681/73/510 969/73/510 968/71/510 680/71/510
f 738/172/511 1026/172/511 1025/173/511 737/173/511
f 673/224/512 961/224/512 960/82/512 672/82/512
f 665/236/513 953/236/513 952/234/513 664/234/513
f 730/189/514 1018/189/514 1017/191/514 729/191/514
f 815/70/515 1103/70/515 1102/50/515 814/50/515
f 657/259/461 945/259/461 944/260/461 656/260/461
f 836/123/516 1124/123/516 1123/106/516 835/106/516
f 686/263/425 974/263/425 973/133/425 685/133/425
f 649/230/517 937/230/517 936/86/517 648/86/517
f 832/117/518 1120/117/518 1119/114/518 831/114/518
f 722/205/1 1010/205/1 1009/207/1 721/207/1
f 845/194/402 1133/194/402 1132/192/402 844/192/402
f 641/276/519 929/276/519 928/243/519 640/243/519
f 828/155/520 1116/155/520 1115/76/520 827/76/520
f 678/72/521 966/72/521 965/184/521 677/184/521
f 714/218/1 1002/218/1 1001/222/1 713/222/1
f 588/43/522 876/43/522 875/44/522 587/44/522
f 706/227/523 994/227/523 993/228/523 705/228/523
f 633/101/524 921/101/524 920/102/524 632/102/524
f 670/261/525 958/261/525 957/264/525 669/264/525
f 625/142/526 913/142/526 912/239/526 624/239/526
f 662/57/436 950/57/436 949/68/436 661/68/436
f 698/165/527 986/165/527 985/258/527 697/258/527
f 807/17/528 1095/17/528 1094/3/528 806/3/528
f 581/150/529 869/150/529 868/162/529 580/162/529
f 780/237/530 1068/237/530 1067/137/530 779/137/530
f 843/190/402 1131/190/402 1130/188/402 842/188/402
f 595/284/531 883/284/531 882/275/531 594/275/531
f 837/171/532 1125/171/532 1124/123/532 836/123/532
f 820/168/533 1108/168/533 1107/169/533 819/169/533
f 654/167/534 942/167/534 941/170/534 653/170/534
f 690/55/425 978/55/425 977/176/425 689/176/425
f 799/13/535 1087/13/535 1086/22/535 798/22/535
f 812/41/536 1100/41/536 1099/31/536 811/31/536
f 646/95/537 934/95/537 933/252/537 645/252/537
f 586/225/538 874/225/538 873/148/538 585/148/538
f 791/29/539 1079/29/539 1078/15/539 790/15/539
f 638/93/540 926/93/540 925/94/540 637/94/540
f 783/40/541 1071/40/541 1070/122/541 782/122/541
f 609/247/542 897/247/542 896/274/542 608/274/542
f 582/149/543 870/149/543 869/150/543 581/150/543
f 864/51/544 1152/51/544 1151/219/544 863/219/544
f 804/8/545 1092/8/545 1091/1/545 803/1/545
f 630/249/546 918/249/546 917/270/546 629/270/546
f 682/161/547 970/161/547 969/73/547 681/73/547
f 796/19/548 1084/19/548 1083/20/548 795/20/548
f 601/255/549 889/255/549 888/92/549 600/92/549
f 605/269/550 893/269/550 892/286/550 604/286/550
f 775/62/551 1063/62/551 1062/63/551 774/63/551
f 788/42/539 1076/42/539 1075/49/539 787/49/539
f 767/152/552 1055/152/552 1054/153/552 766/153/552
f 819/169/553 1107/169/553 1106/60/553 818/60/553
f 622/279/554 910/279/554 909/280/554 621/280/554
f 759/39/555 1047/39/555 1046/113/555 758/113/555
f 694/253/556 982/253/556 981/109/556 693/109/556
f 614/84/557 902/84/557 901/103/557 613/103/557
f 674/132/558 962/132/558 961/224/558 673/224/558
f 751/75/559 1039/75/559 1038/116/559 750/116/559
f 860/156/560 1148/156/560 1147/157/560 859/157/560
f 743/139/561 1031/139/561 1030/257/561 742/257/561
f 811/31/562 1099/31/562 1098/16/562 810/16/562
f 856/79/563 1144/79/563 1143/213/563 855/213/563
f 666/178/513 954/178/513 953/236/513 665/236/513
f 577/37/564 865/37/564 1152/51/564 864/51/564
f 803/1/565 1091/1/565 1090/2/565 802/2/565
f 658/34/566 946/34/566 945/259/566 657/259/566
f 735/283/567 1023/283/567 1022/180/567 734/180/567
f 795/20/568 1083/20/568 1082/23/568 794/23/568
f 787/49/569 1075/49/569 1074/74/569 786/74/569
f 593/248/570 881/248/570 880/256/570 592/256/570
f 650/100/571 938/100/571 937/230/571 649/230/571
f 727/195/572 1015/195/572 1014/197/572 726/197/572
f 848/200/402 1136/200/402 1135/198/402 847/198/402
f 642/267/573 930/267/573 929/276/573 641/276/573
f 779/137/574 1067/137/574 1066/135/574 778/135/574
f 634/232/575 922/232/575 921/101/575 633/101/575
f 719/212/1 1007/212/1 1006/214/1 718/214/1
f 855/213/563 1143/213/563 1142/211/563 854/211/563
f 626/273/576 914/273/576 913/142/576 625/142/576
f 711/216/1 999/216/1 998/54/1 710/54/1
f 598/287/577 886/287/577 885/6/577 597/6/577
f 618/220/578 906/220/578 905/221/578 617/221/578
f 840/185/579 1128/185/579 1127/183/579 839/183/579
f 677/184/580 965/184/580 964/159/580 676/159/580
f 703/233/581 991/233/581 990/241/581 702/241/581
f 587/44/582 875/44/582 874/225/582 586/225/582
f 771/136/583 1059/136/583 1058/238/583 770/238/583
f 863/219/584 1151/219/584 1150/126/584 862/126/584
f 763/120/585 1051/120/585 1050/121/585 762/121/585
f 839/183/586 1127/183/586 1126/179/586 838/179/586
f 695/33/443 983/33/443 982/253/443 694/253/443
f 827/76/587 1115/76/587 1114/88/587 826/88/587
f 591/35/588 879/35/588 878/36/588 590/36/588
f 747/26/589 1035/26/589 1034/27/589 746/27/589
f 824/65/590 1112/65/590 1111/66/590 823/66/590
f 610/246/591 898/246/591 897/247/591 609/247/591
f 829/154/592 1117/154/592 1116/155/592 828/155/592
f 687/10/593 975/10/593 974/263/593 686/263/593
f 739/125/594 1027/125/594 1026/172/594 738/172/594
f 731/186/595 1019/186/595 1018/189/595 730/189/595
f 679/251/596 967/251/596 966/72/596 678/72/596
f 723/203/1 1011/203/1 1010/205/1 722/205/1
f 808/28/597 1096/28/597 1095/17/597 807/17/597
f 617/221/598 905/221/598 904/282/598 616/282/598
f 800/12/599 1088/12/599 1087/13/599 799/13/599
f 776/61/600 1064/61/600 1063/62/600 775/62/600
f 671/11/601 959/11/601 958/261/601 670/261/601
f 715/217/1 1003/217/1 1002/218/1 714/218/1
f 792/18/569 1080/18/569 1079/29/569 791/29/569
f 813/89/602 1101/89/602 1100/41/602 812/41/602
f 663/56/461 951/56/461 950/57/461 662/57/461
f 707/226/603 995/226/603 994/227/603 706/227/603
f 784/112/604 1072/112/604 1071/40/604 783/40/604
f 655/166/605 943/166/605 942/167/605 654/167/605
f 699/262/606 987/262/606 986/165/606 698/165/606
f 691/108/607 979/108/607 978/55/607 690/55/607
f 647/87/608 935/87/608 934/95/608 646/95/608
f 805/7/609 1093/7/609 1092/8/609 804/8/609
f 639/244/610 927/244/610 926/93/610 638/93/610
f 683/160/611 971/160/611 970/161/611 682/161/611
f 768/96/612 1056/96/612 1055/152/612 767/152/612
f 631/285/613 919/285/613 918/249/613 630/249/613
f 675/175/614 963/175/614 962/132/614 674/132/614
f 760/38/615 1048/38/615 1047/39/615 759/39/615
f 797/21/616 1085/21/616 1084/19/616 796/19/616
f 623/278/617 911/278/617 910/279/617 622/279/617
f 667/177/409 955/177/409 954/178/409 666/178/409
f 752/64/618 1040/64/618 1039/75/618 751/75/618
f 789/30/452 1077/30/452 1076/42/452 788/42/452
f 615/83/619 903/83/619 902/84/619 614/84/619
f 835/106/579 1123/106/579 1122/25/579 834/25/579
f 659/110/461 947/110/461 946/34/461 658/34/461
f 781/97/620 1069/97/620 1068/237/620 780/237/620
f 651/141/621 939/141/621 938/100/621 650/100/621
f 859/157/622 1147/157/622 1146/46/622 858/46/622
f 744/138/623 1032/138/623 1031/139/623 743/139/623
f 862/126/624 1150/126/624 1149/277/624 861/277/624
f 578/105/625 866/105/625 865/37/625 577/37/625
f 643/245/626 931/245/626 930/267/626 642/267/626
f 736/174/627 1024/174/627 1023/283/627 735/283/627
f 602/254/628 890/254/628 889/255/628 601/255/628
f 728/193/629 1016/193/629 1015/195/629 727/195/629
f 773/130/630 1061/130/630 1060/144/630 772/144/630
f 635/231/631 923/231/631 922/232/631 634/232/631
f 720/210/1 1008/210/1 1007/212/1 719/212/1
f 612/52/632 900/52/632 899/53/632 611/53/632
f 712/223/1 1000/223/1 999/216/1 711/216/1
f 765/145/500 1053/145/500 1052/146/500 764/146/500
f 627/272/633 915/272/633 914/273/633 626/273/633
f 704/158/634 992/158/634 991/233/634 703/233/634
f 696/32/425 984/32/425 983/33/425 695/33/425
f 757/111/635 1045/111/635 1044/107/635 756/107/635
f 611/53/636 899/53/636 898/246/636 610/246/636
f 749/118/637 1037/118/637 1036/119/637 748/119/637
f 741/143/638 1029/143/638 1028/124/638 740/124/638
f 854/211/457 1142/211/457 1141/209/457 853/209/457
f 688/9/499 976/9/499 975/10/499 687/10/499
f 579/45/639 867/45/639 866/105/639 578/105/639
f 733/181/640 1021/181/640 1020/182/640 732/182/640
f 404/67/164 692/67/164 691/108/164 403/108/164
f 386/132/641 674/132/641 673/224/641 385/224/641
f 947/110/461 1235/110/461 1234/34/461 946/34/461
f 958/261/525 1246/261/525 1245/264/525 957/264/525
f 913/142/526 1201/142/526 1200/239/526 912/239/526
f 939/141/621 1227/141/621 1226/100/621 938/100/621
f 950/57/436 1238/57/436 1237/68/436 949/68/436
f 1095/17/528 1383/17/528 1382/3/528 1094/3/528
f 869/150/529 1157/150/529 1156/162/529 868/162/529
f 1147/157/622 1435/157/622 1434/46/622 1146/46/622
f 1068/237/530 1356/237/530 1355/137/530 1067/137/530
f 883/284/531 1171/284/531 1170/275/531 882/275/531
f 866/105/625 1154/105/625 1153/37/625 865/37/625
f 931/245/626 1219/245/626 1218/267/626 930/267/626
f 1108/168/533 1396/168/533 1395/169/533 1107/169/533
f 942/167/534 1230/167/534 1229/170/534 941/170/534
f 1087/13/535 1375/13/535 1374/22/535 1086/22/535
f 890/254/628 1178/254/628 1177/255/628 889/255/628
f 1100/41/536 1388/41/536 1387/31/536 1099/31/536
f 934/95/537 1222/95/537 1221/252/537 933/252/537
f 1079/29/539 1367/29/539 1366/15/539 1078/15/539
f 923/231/631 1211/231/631 1210/232/631 922/232/631
f 926/93/540 1214/93/540 1213/94/540 925/94/540
f 1071/40/541 1359/40/541 1358/122/541 1070/122/541
f 897/247/542 1185/247/542 1184/274/542 896/274/542
f 870/149/543 1158/149/543 1157/150/543 869/150/543
f 1152/51/544 1440/51/544 1439/219/544 1151/219/544
f 915/272/642 1203/272/642 1202/273/642 914/273/642
f 1092/8/545 1380/8/545 1379/1/545 1091/1/545
f 918/249/546 1206/249/546 1205/270/546 917/270/546
f 1084/19/548 1372/19/548 1371/20/548 1083/20/548
f 889/255/549 1177/255/549 1176/92/549 888/92/549
f 1063/62/551 1351/62/551 1350/63/551 1062/63/551
f 899/53/636 1187/53/636 1186/246/636 898/246/636
f 1076/42/539 1364/42/539 1363/49/539 1075/49/539
f 1055/152/552 1343/152/552 1342/153/552 1054/153/552
f 910/279/554 1198/279/554 1197/280/554 909/280/554
f 1047/39/555 1335/39/555 1334/113/555 1046/113/555
f 902/84/643 1190/84/643 1189/103/643 901/103/643
f 1039/75/559 1327/75/559 1326/116/559 1038/116/559
f 1031/139/561 1319/139/561 1318/257/561 1030/257/561
f 1144/79/563 1432/79/563 1431/213/563 1143/213/563
f 865/37/564 1153/37/564 1440/51/564 1152/51/564
f 1060/144/400 1348/144/400 1347/136/400 1059/136/400
f 1023/283/567 1311/283/567 1310/180/567 1022/180/567
f 1146/46/403 1434/46/403 1433/78/403 1145/78/403
f 1052/146/644 1340/146/644 1339/120/644 1051/120/644
f 881/248/570 1169/248/570 1168/256/570 880/256/570
f 1044/107/407 1332/107/407 1331/81/407 1043/81/407
f 1015/195/572 1303/195/572 1302/197/572 1014/197/572
f 1136/200/402 1424/200/402 1423/198/402 1135/198/402
f 1036/119/410 1324/119/410 1323/26/410 1035/26/410
f 1028/124/413 1316/124/413 1315/125/413 1027/125/413
f 1007/212/1 1295/212/1 1294/214/1 1006/214/1
f 868/162/416 1156/162/416 1155/45/416 867/45/416
f 1143/213/563 1431/213/563 1430/211/563 1142/211/563
f 999/216/1 1287/216/1 1286/54/1 998/54/1
f 886/287/645 1174/287/645 1173/6/645 885/6/645
f 1128/185/579 1416/185/579 1415/183/579 1127/183/579
f 1138/204/402 1426/204/402 1425/202/402 1137/202/402
f 1020/182/420 1308/182/420 1307/186/420 1019/186/420
f 965/184/580 1253/184/580 1252/159/580 964/159/580
f 991/233/581 1279/233/581 1278/241/581 990/241/581
f 875/44/582 1163/44/582 1162/225/582 874/225/582
f 1012/201/424 1300/201/424 1299/203/424 1011/203/424
f 1151/219/584 1439/219/584 1438/126/584 1150/126/584
f 1127/183/586 1415/183/586 1414/179/586 1126/179/586
f 983/33/443 1271/33/443 1270/253/443 982/253/443
f 1130/188/402 1418/188/402 1417/187/402 1129/187/402
f 1004/77/1 1292/77/1 1291/217/1 1003/217/1
f 996/48/431 1284/48/431 1283/226/431 995/226/431
f 895/268/434 1183/268/434 1182/5/434 894/5/434
f 1112/65/590 1400/65/590 1399/66/590 1111/66/590
f 988/250/438 1276/250/438 1275/262/438 987/262/438
f 1117/154/592 1405/154/592 1404/155/592 1116/155/592
f 1122/25/442 1410/25/442 1409/151/442 1121/151/442
f 975/10/593 1263/10/593 1262/263/593 974/263/593
f 972/134/448 1260/134/448 1259/160/448 971/160/448
f 967/251/596 1255/251/596 1254/72/596 966/72/596
f 1096/28/597 1384/28/597 1383/17/597 1095/17/597
f 964/159/450 1252/159/450 1251/175/450 963/175/450
f 905/221/598 1193/221/598 1192/282/598 904/282/598
f 1088/12/646 1376/12/646 1375/13/646 1087/13/646
f 1114/88/453 1402/88/453 1401/164/453 1113/164/453
f 959/11/601 1247/11/601 1246/261/601 958/261/601
f 1080/18/569 1368/18/569 1367/29/569 1079/29/569
f 1101/89/602 1389/89/602 1388/41/602 1100/41/602
f 951/56/461 1239/56/461 1238/57/461 950/57/461
f 1072/112/604 1360/112/604 1359/40/604 1071/40/604
f 1106/60/459 1394/60/459 1393/99/459 1105/99/459
f 956/265/461 1244/265/461 1243/177/461 955/177/461
f 943/166/605 1231/166/605 1230/167/605 942/167/605
f 948/69/463 1236/69/463 1235/110/463 947/110/463
f 940/140/466 1228/140/466 1227/141/466 939/141/466
f 935/87/608 1223/87/608 1222/95/608 934/95/608
f 1098/16/470 1386/16/470 1385/14/470 1097/14/470
f 932/266/471 1220/266/471 1219/245/471 931/245/471
f 1093/7/609 1381/7/609 1380/8/609 1092/8/609
f 927/244/610 1215/244/610 1214/93/610 926/93/610
f 1056/96/612 1344/96/612 1343/152/612 1055/152/612
f 1090/2/474 1378/2/474 1377/242/474 1089/242/474
f 924/85/475 1212/85/475 1211/231/475 923/231/475
f 919/285/613 1207/285/613 1206/249/613 918/249/613
f 1048/38/615 1336/38/615 1335/39/615 1047/39/615
f 1139/206/402 1427/206/402 1426/204/402 1138/204/402
f 1066/135/479 1354/135/479 1353/129/479 1065/129/479
f 1085/21/616 1373/21/616 1372/19/616 1084/19/616
f 911/278/617 1199/278/617 1198/279/617 910/279/617
f 1040/64/618 1328/64/618 1327/75/618 1039/75/618
f 1082/23/481 1370/23/481 1369/24/481 1081/24/481
f 916/271/482 1204/271/482 1203/272/482 915/272/482
f 1077/30/452 1365/30/452 1364/42/452 1076/42/452
f 903/83/619 1191/83/619 1190/84/619 902/84/619
f 882/275/485 1170/275/485 1169/248/485 881/248/485
f 908/127/486 1196/127/486 1195/128/486 907/128/486
f 1069/97/620 1357/97/620 1356/237/620 1068/237/620
f 1074/74/440 1362/74/440 1361/80/440 1073/80/440
f 1104/281/488 1392/281/488 1391/70/488 1103/70/488
f 1032/138/623 1320/138/623 1319/139/623 1031/139/623
f 1150/126/624 1438/126/624 1437/277/624 1149/277/624
f 1024/174/627 1312/174/627 1311/283/627 1023/283/627
f 1016/193/629 1304/193/629 1303/195/629 1015/195/629
f 1061/130/630 1349/130/630 1348/144/630 1060/144/630
f 1008/210/1 1296/210/1 1295/212/1 1007/212/1
f 1149/277/495 1437/277/495 1436/156/495 1148/156/495
f 900/52/632 1188/52/632 1187/53/632 899/53/632
f 1000/223/1 1288/223/1 1287/216/1 999/216/1
f 1058/238/497 1346/238/497 1345/98/497 1057/98/497
f 1053/145/500 1341/145/500 1340/146/500 1052/146/500
f 992/158/634 1280/158/634 1279/233/634 991/233/634
f 1050/121/500 1338/121/500 1337/131/500 1049/131/500
f 984/32/425 1272/32/425 1271/33/425 983/33/425
f 1042/58/502 1330/58/502 1329/59/502 1041/59/502
f 1045/111/635 1333/111/635 1332/107/635 1044/107/635
f 887/90/505 1175/90/505 1174/287/505 886/287/505
f 1037/118/637 1325/118/637 1324/119/637 1036/119/637
f 1034/27/508 1322/27/508 1321/163/508 1033/163/508
f 1141/209/402 1429/209/402 1428/208/402 1140/208/402
f 1029/143/638 1317/143/638 1316/124/638 1028/124/638
f 1142/211/457 1430/211/457 1429/209/457 1141/209/457
f 884/4/509 1172/4/509 1171/284/509 883/284/509
f 976/9/499 1264/9/499 1263/10/499 975/10/499
f 867/45/639 1155/45/639 1154/105/639 866/105/639
f 1026/172/511 1314/172/511 1313/173/511 1025/173/511
f 1021/181/640 1309/181/640 1308/182/640 1020/182/640
f 968/71/647 1256/71/647 1255/251/647 967/251/647
f 907/128/648 1195/128/648 1194/220/648 906/220/648
f 1018/189/514 1306/189/514 1305/191/514 1017/191/514
f 1013/199/401 1301/199/401 1300/201/401 1012/201/401
f 1134/196/402 1422/196/402 1421/194/402 1133/194/402
f 960/82/404 1248/82/404 1247/11/404 959/11/404
f 1129/187/406 1417/187/406 1416/185/406 1128/185/406
f 1010/205/1 1298/205/1 1297/207/1 1009/207/1
f 1133/194/402 1421/194/402 1420/192/402 1132/192/402
f 1005/215/1 1293/215/1 1292/77/1 1004/77/1
f 871/288/408 1159/288/408 1158/149/408 870/149/408
f 952/234/409 1240/234/409 1239/56/409 951/56/409
f 1002/218/1 1290/218/1 1289/222/1 1001/222/1
f 876/43/649 1164/43/649 1163/44/649 875/44/649
f 997/47/411 1285/47/411 1284/48/411 996/48/411
f 1126/179/412 1414/179/412 1413/171/412 1125/171/412
f 994/227/523 1282/227/523 1281/228/523 993/228/523
f 989/240/650 1277/240/650 1276/250/650 988/250/650
f 944/260/415 1232/260/415 1231/166/415 943/166/415
f 891/91/651 1179/91/651 1178/254/651 890/254/651
f 986/165/527 1274/165/527 1273/258/527 985/258/527
f 1113/164/418 1401/164/418 1400/65/418 1112/65/418
f 936/86/419 1224/86/419 1223/87/419 935/87/419
f 1131/190/402 1419/190/402 1418/188/402 1130/188/402
f 1105/99/421 1393/99/421 1392/281/421 1104/281/421
f 1125/171/532 1413/171/532 1412/123/532 1124/123/532
f 978/55/425 1266/55/425 1265/176/425 977/176/425
f 1118/115/422 1406/115/422 1405/154/422 1117/154/422
f 928/243/423 1216/243/423 1215/244/423 927/244/423
f 874/225/538 1162/225/538 1161/148/538 873/148/538
f 981/109/425 1269/109/425 1268/67/425 980/67/425
f 1110/147/426 1398/147/426 1397/229/426 1109/229/426
f 920/102/427 1208/102/427 1207/285/427 919/285/427
f 973/133/428 1261/133/428 1260/134/428 972/134/428
f 1109/229/429 1397/229/429 1396/168/429 1108/168/429
f 912/239/430 1200/239/430 1199/278/430 911/278/430
f 970/161/547 1258/161/547 1257/73/547 969/73/547
f 873/148/652 1161/148/652 1160/235/652 872/235/652
f 904/282/433 1192/282/433 1191/83/433 903/83/433
f 893/269/550 1181/269/550 1180/286/550 892/286/550
f 1097/14/435 1385/14/435 1384/28/435 1096/28/435
f 957/264/436 1245/264/436 1244/265/436 956/265/436
f 1102/50/437 1390/50/437 1389/89/437 1101/89/437
f 1089/242/439 1377/242/439 1376/12/439 1088/12/439
f 1107/169/553 1395/169/553 1394/60/553 1106/60/553
f 1081/24/440 1369/24/440 1368/18/440 1080/18/440
f 982/253/556 1270/253/556 1269/109/556 981/109/556
f 892/286/441 1180/286/441 1179/91/441 891/91/441
f 962/132/558 1250/132/558 1249/224/558 961/224/558
f 980/67/443 1268/67/443 1267/108/443 979/108/443
f 949/68/444 1237/68/444 1236/69/444 948/69/444
f 1148/156/560 1436/156/560 1435/157/560 1147/157/560
f 1073/80/445 1361/80/445 1360/112/445 1072/112/445
f 1099/31/562 1387/31/562 1386/16/562 1098/16/562
f 941/170/446 1229/170/446 1228/140/446 940/140/446
f 1094/3/447 1382/3/447 1381/7/447 1093/7/447
f 954/178/513 1242/178/513 1241/236/513 953/236/513
f 1091/1/565 1379/1/565 1378/2/565 1090/2/565
f 1086/22/449 1374/22/449 1373/21/449 1085/21/449
f 946/34/566 1234/34/566 1233/259/566 945/259/566
f 1083/20/568 1371/20/568 1370/23/568 1082/23/568
f 933/252/451 1221/252/451 1220/266/451 932/266/451
f 1078/15/452 1366/15/452 1365/30/452 1077/30/452
f 1065/129/454 1353/129/454 1352/61/454 1064/61/454
f 1075/49/569 1363/49/569 1362/74/569 1074/74/569
f 894/5/455 1182/5/455 1181/269/455 893/269/455
f 1070/122/456 1358/122/456 1357/97/456 1069/97/456
f 1145/78/457 1433/78/457 1432/79/457 1144/79/457
f 938/100/571 1226/100/571 1225/230/571 937/230/571
f 925/94/458 1213/94/458 1212/85/458 924/85/458
f 888/92/460 1176/92/460 1175/90/460 887/90/460
f 930/267/573 1218/267/573 1217/276/573 929/276/573
f 1057/98/462 1345/98/462 1344/96/462 1056/96/462
f 1067/137/574 1355/137/574 1354/135/574 1066/135/574
f 922/232/575 1210/232/575 1209/101/575 921/101/575
f 1049/131/464 1337/131/464 1336/38/464 1048/38/464
f 917/270/465 1205/270/465 1204/271/465 916/271/465
f 914/273/653 1202/273/653 1201/142/653 913/142/653
f 1041/59/654 1329/59/654 1328/64/654 1040/64/654
f 909/280/468 1197/280/468 1196/127/468 908/127/468
f 1062/63/469 1350/63/469 1349/130/469 1061/130/469
f 906/220/578 1194/220/578 1193/221/578 905/221/578
f 1033/163/472 1321/163/472 1320/138/472 1032/138/472
f 901/103/473 1189/103/473 1188/52/473 900/52/473
f 1137/202/402 1425/202/402 1424/200/402 1136/200/402
f 1025/173/476 1313/173/476 1312/174/476 1024/174/476
f 1054/153/477 1342/153/477 1341/145/477 1053/145/477
f 880/256/478 1168/256/478 1167/35/478 879/35/478
f 1059/136/583 1347/136/583 1346/238/583 1058/238/583
f 1046/113/480 1334/113/480 1333/111/480 1045/111/480
f 1017/191/483 1305/191/483 1304/193/483 1016/193/483
f 1051/120/585 1339/120/585 1338/121/585 1050/121/585
f 1038/116/484 1326/116/484 1325/118/484 1037/118/484
f 1115/76/587 1403/76/587 1402/88/587 1114/88/587
f 1135/198/402 1423/198/402 1422/196/402 1134/196/402
f 1043/81/487 1331/81/487 1330/58/487 1042/58/487
f 1009/207/1 1297/207/1 1296/210/1 1008/210/1
f 879/35/588 1167/35/588 1166/36/588 878/36/588
f 1030/257/489 1318/257/489 1317/143/489 1029/143/489
f 872/235/655 1160/235/655 1159/288/655 871/288/655
f 896/274/491 1184/274/491 1183/268/491 895/268/491
f 1001/222/1 1289/222/1 1288/223/1 1000/223/1
f 1035/26/589 1323/26/589 1322/27/589 1034/27/589
f 878/36/492 1166/36/492 1165/104/492 877/104/492
f 993/228/493 1281/228/493 1280/158/493 992/158/493
f 898/246/591 1186/246/591 1185/247/591 897/247/591
f 1022/180/494 1310/180/494 1309/181/494 1021/181/494
f 885/6/496 1173/6/496 1172/4/496 884/4/496
f 1014/197/445 1302/197/445 1301/199/445 1013/199/445
f 1121/151/498 1409/151/498 1408/117/498 1120/117/498
f 985/258/499 1273/258/499 1272/32/499 984/32/499
f 1027/125/594 1315/125/594 1314/172/594 1026/172/594
f 1140/208/402 1428/208/402 1427/206/402 1139/206/402
f 1006/214/1 1294/214/1 1293/215/1 1005/215/1
f 977/176/501 1265/176/501 1264/9/501 976/9/501
f 1019/186/595 1307/186/595 1306/189/595 1018/189/595
f 998/54/1 1286/54/1 1285/47/1 997/47/1
f 1119/114/503 1407/114/503 1406/115/503 1118/115/503
f 1011/203/1 1299/203/1 1298/205/1 1010/205/1
f 1111/66/504 1399/66/504 1398/147/504 1110/147/504
f 877/104/506 1165/104/506 1164/43/506 876/43/506
f 990/241/507 1278/241/507 1277/240/507 989/240/507
f 1064/61/600 1352/61/600 1351/62/600 1063/62/600
f 1003/217/1 1291/217/1 1290/218/1 1002/218/1
f 1132/192/402 1420/192/402 1419/190/402 1131/190/402
f 969/73/510 1257/73/510 1256/71/510 968/71/510
f 995/226/603 1283/226/603 1282/227/603 994/227/603
f 961/224/512 1249/224/512 1248/82/512 960/82/512
f 987/262/606 1275/262/606 1274/165/606 986/165/606
f 953/236/513 1241/236/513 1240/234/513 952/234/513
f 979/108/607 1267/108/607 1266/55/607 978/55/607
f 1103/70/515 1391/70/515 1390/50/515 1102/50/515
f 945/259/461 1233/259/461 1232/260/461 944/260/461
f 1124/123/516 1412/123/516 1411/106/516 1123/106/516
f 974/263/425 1262/263/425 1261/133/425 973/133/425
f 937/230/517 1225/230/517 1224/86/517 936/86/517
f 971/160/611 1259/160/611 1258/161/611 970/161/611
f 1120/117/518 1408/117/518 1407/114/518 1119/114/518
f 929/276/519 1217/276/519 1216/243/519 928/243/519
f 963/175/614 1251/175/614 1250/132/614 962/132/614
f 1116/155/520 1404/155/520 1403/76/520 1115/76/520
f 966/72/521 1254/72/521 1253/184/521 965/184/521
f 955/177/409 1243/177/409 1242/178/409 954/178/409
f 619/128/648 907/128/648 906/220/648 618/220/648
f 680/71/647 968/71/647 967/251/647 679/251/647
f 1379/1/656 1382/3/656 1378/2/656
f 1172/4/657 1173/6/657 1182/5/657
f 1381/7/66 1382/3/66 1380/8/66
f 1264/9/66 1247/11/66 1263/10/66
f 1380/8/658 1382/3/658 1379/1/658
f 1376/12/66 1382/3/66 1375/13/66
f 1385/14/66 1386/16/66 1366/15/66
f 1383/17/66 1368/18/66 1382/3/66
f 1372/19/66 1382/3/66 1371/20/66
f 1373/21/66 1382/3/66 1372/19/66
f 1375/13/66 1382/3/66 1374/22/66
f 1371/20/66 1382/3/66 1370/23/66
f 1370/23/66 1382/3/66 1369/24/66
f 1382/3/66 1368/18/66 1369/24/66
f 1410/25/207 1322/27/207 1323/26/207
f 1384/28/66 1367/29/66 1383/17/66
f 1384/28/66 1366/15/66 1367/29/66
f 1383/17/66 1367/29/66 1368/18/66
f 1385/14/83 1366/15/83 1384/28/83
f 1365/30/66 1386/16/66 1387/31/66
f 1272/32/66 1234/34/66 1271/33/66
f 1366/15/66 1386/16/66 1365/30/66
f 1167/35/66 1153/37/66 1166/36/66
f 1336/38/66 1359/40/66 1335/39/66
f 1388/41/83 1364/42/83 1387/31/83
f 1164/43/66 1155/45/66 1163/44/66
f 1434/46/66 1284/48/66 1285/47/66
f 1364/42/66 1390/50/66 1363/49/66
f 1440/51/659 1187/53/659 1188/52/659
f 1434/46/66 1285/47/66 1286/54/66
f 1266/55/660 1238/57/660 1239/56/660
f 1330/58/66 1394/60/66 1329/59/66
f 1352/61/66 1350/63/66 1351/62/66
f 1328/64/66 1399/66/66 1400/65/66
f 1268/67/660 1236/69/660 1237/68/660
f 1363/49/66 1390/50/66 1391/70/66
f 1256/71/66 1257/73/66 1254/72/66
f 1362/74/661 1363/49/661 1330/58/661
f 1328/64/66 1403/76/66 1327/75/66
f 1292/77/66 1432/79/66 1433/78/66
f 1361/80/66 1362/74/66 1331/81/66
f 1263/10/235 1247/11/235 1248/82/235
f 1440/51/66 1190/84/66 1191/83/66
f 1212/85/66 1223/87/66 1224/86/66
f 1328/64/661 1402/88/661 1403/76/661
f 1364/42/66 1388/41/66 1389/89/66
f 1175/90/66 1176/92/66 1179/91/66
f 1214/93/66 1222/95/66 1213/94/66
f 1344/96/66 1345/98/66 1357/97/66
f 1393/99/66 1330/58/66 1363/49/66
f 1226/100/662 1208/102/662 1209/101/662
f 1440/51/661 1188/52/661 1189/103/661
f 1165/104/35 1154/105/35 1164/43/35
f 1411/106/66 1322/27/66 1410/25/66
f 1387/31/66 1364/42/66 1365/30/66
f 1331/81/66 1332/107/66 1361/80/66
f 1267/108/83 1237/68/83 1238/57/83
f 1269/109/235 1235/110/235 1236/69/235
f 1333/111/66 1334/113/66 1360/112/66
f 1394/60/66 1330/58/66 1393/99/66
f 1407/114/659 1326/116/659 1406/115/659
f 1408/117/235 1324/119/235 1325/118/235
f 1339/120/153 1358/122/153 1338/121/153
f 1412/123/23 1315/125/23 1316/124/23
f 1438/126/66 1195/128/66 1196/127/66
f 1353/129/66 1349/130/66 1352/61/66
f 1337/131/66 1338/121/66 1359/40/66
f 1336/38/66 1337/131/66 1359/40/66
f 1250/132/659 1260/134/659 1261/133/659
f 1354/135/66 1355/137/66 1347/136/66
f 1411/106/23 1319/139/23 1320/138/23
f 1228/140/207 1201/142/207 1227/141/207
f 1412/123/661 1316/124/661 1317/143/661
f 1353/129/66 1354/135/66 1348/144/66
f 1341/145/66 1358/122/66 1340/146/66
f 1408/117/66 1325/118/66 1407/114/66
f 1269/109/663 1236/69/663 1268/67/663
f 1329/59/83 1398/147/83 1399/66/83
f 1161/148/664 1157/150/664 1158/149/664
f 1409/151/659 1324/119/659 1408/117/659
f 1344/96/66 1357/97/66 1343/152/66
f 1342/153/66 1358/122/66 1341/145/66
f 1327/75/66 1404/155/66 1405/154/66
f 1348/144/66 1349/130/66 1353/129/66
f 1361/80/66 1332/107/66 1360/112/66
f 1436/156/66 1280/158/66 1435/157/66
f 1252/159/664 1258/161/664 1259/160/664
f 1163/44/83 1155/45/83 1156/162/83
f 1327/75/66 1405/154/66 1406/115/66
f 1321/163/360 1411/106/360 1320/138/360
f 1328/64/83 1400/65/83 1401/164/83
f 1409/151/235 1323/26/235 1324/119/235
f 1274/165/66 1230/167/66 1231/166/66
f 1165/104/207 1153/37/207 1154/105/207
f 1329/59/83 1395/169/83 1396/168/83
f 1274/165/661 1229/170/661 1230/167/661
f 1413/171/66 1314/172/66 1412/123/66
f 1313/173/665 1314/172/665 1413/171/665
f 1313/173/360 1413/171/360 1312/174/360
f 1251/175/66 1260/134/66 1250/132/66
f 1265/176/666 1242/178/666 1243/177/666
f 1414/179/66 1310/180/66 1413/171/66
f 1309/181/66 1310/180/66 1414/179/66
f 1308/182/66 1309/181/66 1415/183/66
f 1254/72/81 1257/73/81 1253/184/81
f 1308/182/83 1415/183/83 1416/185/83
f 1307/186/66 1308/182/66 1416/185/66
f 1307/186/661 1416/185/661 1417/187/661
f 1307/186/66 1417/187/66 1418/188/66
f 1306/189/66 1307/186/66 1418/188/66
f 1306/189/66 1418/188/66 1419/190/66
f 1305/191/66 1306/189/66 1419/190/66
f 1305/191/66 1419/190/66 1420/192/66
f 1304/193/66 1305/191/66 1420/192/66
f 1304/193/66 1420/192/66 1421/194/66
f 1303/195/661 1304/193/661 1421/194/661
f 1303/195/66 1421/194/66 1422/196/66
f 1302/197/83 1303/195/83 1422/196/83
f 1302/197/66 1422/196/66 1423/198/66
f 1301/199/66 1302/197/66 1423/198/66
f 1301/199/66 1423/198/66 1424/200/66
f 1300/201/66 1301/199/66 1424/200/66
f 1300/201/66 1424/200/66 1425/202/66
f 1299/203/66 1300/201/66 1425/202/66
f 1299/203/66 1425/202/66 1426/204/66
f 1298/205/66 1299/203/66 1426/204/66
f 1298/205/66 1426/204/66 1427/206/66
f 1297/207/66 1298/205/66 1428/208/66
f 1406/115/235 1326/116/235 1327/75/235
f 1297/207/66 1428/208/66 1429/209/66
f 1296/210/66 1297/207/66 1429/209/66
f 1296/210/66 1429/209/66 1430/211/66
f 1295/212/66 1296/210/66 1430/211/66
f 1295/212/66 1430/211/66 1431/213/66
f 1294/214/66 1295/212/66 1431/213/66
f 1294/214/66 1431/213/66 1432/79/66
f 1293/215/66 1294/214/66 1432/79/66
f 1293/215/66 1432/79/66 1292/77/66
f 1434/46/66 1286/54/66 1287/216/66
f 1291/217/66 1292/77/66 1433/78/66
f 1291/217/66 1433/78/66 1290/218/66
f 1439/219/66 1193/221/66 1194/220/66
f 1289/222/66 1290/218/66 1434/46/66
f 1288/223/66 1289/222/66 1434/46/66
f 1288/223/66 1434/46/66 1287/216/66
f 1290/218/66 1433/78/66 1434/46/66
f 1261/133/66 1249/224/66 1250/132/66
f 1162/225/667 1156/162/667 1157/150/667
f 1435/157/66 1284/48/66 1434/46/66
f 1283/226/66 1284/48/66 1435/157/66
f 1282/227/66 1283/226/66 1435/157/66
f 1281/228/668 1282/227/668 1435/157/668
f 1280/158/66 1281/228/66 1435/157/66
f 1329/59/66 1396/168/66 1397/229/66
f 1225/230/665 1210/232/665 1211/231/665
f 1257/73/66 1258/161/66 1253/184/66
f 1359/40/66 1338/121/66 1358/122/66
f 1279/233/66 1280/158/66 1436/156/66
f 1252/159/212 1259/160/212 1251/175/212
f 1266/55/23 1239/56/23 1240/234/23
f 1158/149/159 1160/235/159 1161/148/159
f 1251/175/66 1259/160/66 1260/134/66
f 1265/176/273 1241/236/273 1242/178/273
f 1271/33/661 1234/34/661 1235/110/661
f 1253/184/66 1258/161/66 1252/159/66
f 1356/237/66 1346/238/66 1355/137/66
f 1374/22/669 1382/3/669 1373/21/669
f 1200/239/66 1277/240/66 1436/156/66
f 1278/241/66 1279/233/66 1436/156/66
f 1378/2/66 1382/3/66 1377/242/66
f 1411/106/661 1321/163/661 1322/27/661
f 1216/243/66 1219/245/66 1215/244/66
f 1277/240/66 1278/241/66 1436/156/66
f 1267/108/66 1238/57/66 1266/55/66
f 1186/246/66 1169/248/66 1185/247/66
f 1227/141/66 1201/142/66 1206/249/66
f 1276/250/66 1277/240/66 1200/239/66
f 1340/146/66 1358/122/66 1339/120/66
f 1335/39/66 1359/40/66 1334/113/66
f 1256/71/66 1254/72/66 1255/251/66
f 1440/51/83 1189/103/83 1190/84/83
f 1212/85/66 1224/86/66 1211/231/66
f 1210/232/66 1226/100/66 1209/101/66
f 1215/244/66 1221/252/66 1214/93/66
f 1271/33/66 1235/110/66 1270/253/66
f 1328/64/661 1401/164/661 1402/88/661
f 1415/183/66 1309/181/66 1414/179/66
f 1179/91/334 1177/255/334 1178/254/334
f 1358/122/83 1343/152/83 1357/97/83
f 1186/246/66 1153/37/66 1168/256/66
f 1428/208/66 1298/205/66 1427/206/66
f 1412/123/659 1319/139/659 1411/106/659
f 1412/123/663 1317/143/663 1318/257/663
f 1266/55/66 1240/234/66 1265/176/66
f 1273/258/66 1233/259/66 1272/32/66
f 1329/59/66 1399/66/66 1328/64/66
f 1249/224/66 1263/10/66 1248/82/66
f 1274/165/66 1232/260/66 1273/258/66
f 1274/165/661 1231/166/661 1232/260/661
f 1357/97/66 1345/98/66 1356/237/66
f 1273/258/661 1232/260/661 1233/259/661
f 1264/9/153 1246/261/153 1247/11/153
f 1275/262/66 1229/170/66 1274/165/66
f 1212/85/664 1222/95/664 1223/87/664
f 1275/262/660 1228/140/660 1229/170/660
f 1329/59/66 1394/60/66 1395/169/66
f 1262/263/66 1249/224/66 1261/133/66
f 1226/100/66 1210/232/66 1225/230/66
f 1347/136/66 1355/137/66 1346/238/66
f 1265/176/273 1240/234/273 1241/236/273
f 1264/9/83 1244/265/83 1245/264/83
f 1264/9/670 1245/264/670 1246/261/670
f 1213/94/66 1222/95/66 1212/85/66
f 1221/252/66 1222/95/66 1214/93/66
f 1220/266/66 1221/252/66 1215/244/66
f 1219/245/66 1220/266/66 1215/244/66
f 1218/267/662 1219/245/662 1216/243/662
f 1329/59/661 1397/229/661 1398/147/661
f 1327/75/83 1403/76/83 1404/155/83
f 1183/268/66 1172/4/66 1182/5/66
f 1412/123/23 1314/172/23 1315/125/23
f 1182/5/66 1173/6/66 1181/269/66
f 1265/176/182 1243/177/182 1264/9/182
f 1276/250/66 1201/142/66 1275/262/66
f 1342/153/207 1343/152/207 1358/122/207
f 1201/142/66 1228/140/66 1275/262/66
f 1205/270/66 1206/249/66 1201/142/66
f 1204/271/66 1205/270/66 1201/142/66
f 1203/272/66 1204/271/66 1201/142/66
f 1202/273/66 1203/272/66 1201/142/66
f 1185/247/66 1170/275/66 1184/274/66
f 1164/43/660 1154/105/660 1155/45/660
f 1218/267/66 1216/243/66 1217/276/66
f 1437/277/66 1200/239/66 1436/156/66
f 1437/277/66 1199/278/66 1200/239/66
f 1437/277/66 1198/279/66 1199/278/66
f 1345/98/66 1346/238/66 1356/237/66
f 1438/126/66 1198/279/66 1437/277/66
f 1198/279/83 1438/126/83 1197/280/83
f 1270/253/66 1235/110/66 1269/109/66
f 1363/49/661 1392/281/661 1393/99/661
f 1439/219/66 1195/128/66 1438/126/66
f 1195/128/66 1439/219/66 1194/220/66
f 1438/126/66 1196/127/66 1197/280/66
f 1440/51/66 1193/221/66 1439/219/66
f 1192/282/66 1193/221/66 1440/51/66
f 1192/282/66 1440/51/66 1191/83/66
f 1410/25/66 1323/26/66 1409/151/66
f 1413/171/668 1310/180/668 1311/283/668
f 1364/42/66 1389/89/66 1390/50/66
f 1276/250/66 1200/239/66 1201/142/66
f 1153/37/66 1187/53/66 1440/51/66
f 1186/246/66 1187/53/66 1153/37/66
f 1184/274/66 1171/284/66 1183/268/66
f 1360/112/66 1334/113/66 1359/40/66
f 1349/130/66 1350/63/66 1352/61/66
f 1227/141/61 1206/249/61 1207/285/61
f 1227/141/207 1208/102/207 1226/100/207
f 1363/49/661 1391/70/661 1392/281/661
f 1166/36/66 1153/37/66 1165/104/66
f 1377/242/66 1382/3/66 1376/12/66
f 1263/10/66 1249/224/66 1262/263/66
f 1179/91/66 1180/286/66 1175/90/66
f 1413/171/657 1311/283/657 1312/174/657
f 1211/231/235 1224/86/235 1225/230/235
f 1179/91/671 1176/92/671 1177/255/671
f 1272/32/235 1233/259/235 1234/34/235
f 1208/102/66 1227/141/66 1207/285/66
f 1181/269/66 1174/287/66 1180/286/66
f 1173/6/66 1174/287/66 1181/269/66
f 1412/123/23 1318/257/23 1319/139/23
f 1180/286/66 1174/287/66 1175/90/66
f 1159/288/66 1160/235/66 1158/149/66
f 1332/107/66 1333/111/66 1360/112/66
f 1162/225/66 1157/150/66 1161/148/66
f 1348/144/153 1354/135/153 1347/136/153
f 1268/67/657 1237/68/657 1267/108/657
f 1168/256/66 1153/37/66 1167/35/66
f 1331/81/66 1362/74/66 1330/58/66
f 1163/44/125 1156/162/125 1162/225/125
f 1168/256/153 1169/248/153 1186/246/153
f 1169/248/66 1170/275/66 1185/247/66
f 1407/114/235 1325/118/235 1326/116/235
f 1170/275/66 1171/284/66 1184/274/66
f 1171/284/61 1172/4/61 1183/268/61
f 1264/9/660 1243/177/660 1244/265/660
f 921/101/524 1209/101/524 1208/102/524 920/102/524
f 1123/106/579 1411/106/579 1410/25/579 1122/25/579
