# Blender 4.0.2
# www.blender.org
mtllib Essenza_L_corner.mtl
o Essenza_L_corner
v 0.165318 0.014879 -0.789430
v 0.165318 0.014627 -0.789430
v 0.165318 0.013899 -0.789430
v 0.165318 0.012739 -0.789430
v 0.165318 0.011190 -0.789430
v 0.165318 0.009294 -0.789430
v 0.165318 0.007097 -0.789430
v 0.165318 0.004640 -0.789430
v 0.165318 0.001966 -0.789430
v 0.165318 -0.000880 -0.789430
v 0.165318 -0.003856 -0.789430
v 0.165318 -0.006918 -0.789430
v 0.165318 -0.010024 -0.789430
v 0.165318 -0.010455 -0.789430
v 0.165318 -0.011699 -0.789430
v 0.165318 -0.013683 -0.789430
v 0.165318 -0.016331 -0.789430
v 0.165318 -0.019571 -0.789430
v 0.165318 -0.023329 -0.789430
v 0.165318 -0.027529 -0.789430
v 0.165318 -0.032100 -0.789430
v 0.165318 -0.036966 -0.789430
v 0.165318 -0.042054 -0.789430
v 0.165318 -0.047289 -0.789430
v 0.165318 -0.052599 -0.789430
v 0.165318 -0.052894 -0.789430
v 0.165318 -0.053141 -0.789434
v 0.165318 -0.053343 -0.789445
v 0.165318 -0.053505 -0.789467
v 0.165318 -0.053631 -0.789502
v 0.165318 -0.053725 -0.789555
v 0.165318 -0.053793 -0.789629
v 0.165318 -0.053838 -0.789727
v 0.165318 -0.053866 -0.789854
v 0.165318 -0.053880 -0.790011
v 0.165318 -0.053885 -0.790204
v 0.165318 -0.053886 -0.790435
v 0.165318 -0.053885 -0.790572
v 0.165318 -0.053884 -0.790708
v 0.165318 -0.053881 -0.790845
v 0.165318 -0.053879 -0.790982
v 0.165318 -0.053877 -0.791119
v 0.165318 -0.053875 -0.791255
v 0.165318 -0.053875 -0.791392
v 0.165318 -0.053876 -0.791529
v 0.165318 -0.053879 -0.791665
v 0.165318 -0.053884 -0.791802
v 0.165318 -0.053892 -0.791939
v 0.165318 -0.053904 -0.792076
v 0.165318 -0.053913 -0.792213
v 0.165318 -0.053905 -0.792334
v 0.165318 -0.053881 -0.792442
v 0.165318 -0.053840 -0.792536
v 0.165318 -0.053783 -0.792617
v 0.165318 -0.053710 -0.792689
v 0.165318 -0.053620 -0.792750
v 0.165318 -0.053514 -0.792803
v 0.165318 -0.053393 -0.792850
v 0.165318 -0.053255 -0.792890
v 0.165318 -0.053102 -0.792925
v 0.165318 -0.052934 -0.792958
v 0.165318 -0.051035 -0.793333
v 0.165318 -0.049209 -0.793788
v 0.165318 -0.047458 -0.794324
v 0.165318 -0.045779 -0.794940
v 0.165318 -0.044174 -0.795637
v 0.165318 -0.042643 -0.796415
v 0.165318 -0.041185 -0.797274
v 0.165318 -0.039800 -0.798213
v 0.165318 -0.038489 -0.799234
v 0.165318 -0.037252 -0.800335
v 0.165318 -0.036088 -0.801519
v 0.165318 -0.034997 -0.802783
v 0.165318 -0.034913 -0.802880
v 0.165318 -0.034828 -0.802968
v 0.165318 -0.034741 -0.803048
v 0.165318 -0.034651 -0.803118
v 0.165318 -0.034556 -0.803180
v 0.165318 -0.034455 -0.803233
v 0.165318 -0.034348 -0.803277
v 0.165318 -0.034233 -0.803312
v 0.165318 -0.034109 -0.803339
v 0.165318 -0.033976 -0.803357
v 0.165318 -0.033831 -0.803365
v 0.165318 -0.033675 -0.803365
v 0.165318 -0.032986 -0.803362
v 0.165318 -0.032298 -0.803359
v 0.165318 -0.031608 -0.803358
v 0.165318 -0.030919 -0.803357
v 0.165318 -0.030229 -0.803357
v 0.165318 -0.029539 -0.803357
v 0.165318 -0.028849 -0.803357
v 0.165318 -0.028159 -0.803356
v 0.165318 -0.027469 -0.803355
v 0.165318 -0.026780 -0.803354
v 0.165318 -0.026091 -0.803351
v 0.165318 -0.025403 -0.803348
v 0.165318 -0.025288 -0.803347
v 0.165318 -0.025171 -0.803343
v 0.165318 -0.025054 -0.803338
v 0.165318 -0.024937 -0.803330
v 0.165318 -0.024819 -0.803320
v 0.165318 -0.024702 -0.803308
v 0.165318 -0.024586 -0.803294
v 0.165318 -0.024470 -0.803277
v 0.165318 -0.024356 -0.803258
v 0.165318 -0.024244 -0.803237
v 0.165318 -0.024135 -0.803214
v 0.165318 -0.024027 -0.803189
v 0.165318 -0.023839 -0.803131
v 0.165318 -0.023665 -0.803064
v 0.165318 -0.023504 -0.802987
v 0.165318 -0.023359 -0.802902
v 0.165318 -0.023231 -0.802806
v 0.165318 -0.023121 -0.802702
v 0.165318 -0.023031 -0.802588
v 0.165318 -0.022961 -0.802465
v 0.165318 -0.022914 -0.802333
v 0.165318 -0.022890 -0.802192
v 0.165318 -0.022890 -0.802042
v 0.165318 -0.022916 -0.801884
v 0.165318 -0.022981 -0.801641
v 0.165318 -0.023050 -0.801398
v 0.165318 -0.023123 -0.801156
v 0.165318 -0.023198 -0.800913
v 0.165318 -0.023275 -0.800671
v 0.165318 -0.023353 -0.800428
v 0.165318 -0.023429 -0.800186
v 0.165318 -0.023504 -0.799943
v 0.165318 -0.023576 -0.799701
v 0.165318 -0.023644 -0.799458
v 0.165318 -0.023706 -0.799215
v 0.165318 -0.023763 -0.798973
v 0.165318 -0.023793 -0.798826
v 0.165318 -0.023819 -0.798677
v 0.165318 -0.023843 -0.798526
v 0.165318 -0.023862 -0.798373
v 0.165318 -0.023876 -0.798220
v 0.165318 -0.023884 -0.798067
v 0.165318 -0.023886 -0.797914
v 0.165318 -0.023882 -0.797762
v 0.165318 -0.023870 -0.797611
v 0.165318 -0.023849 -0.797462
v 0.165318 -0.023820 -0.797316
v 0.165318 -0.023780 -0.797174
v 0.165318 -0.023672 -0.796914
v 0.165318 -0.023524 -0.796675
v 0.165318 -0.023340 -0.796455
v 0.165318 -0.023123 -0.796256
v 0.165318 -0.022875 -0.796079
v 0.165318 -0.022599 -0.795923
v 0.165318 -0.022298 -0.795790
v 0.165318 -0.021975 -0.795680
v 0.165318 -0.021633 -0.795593
v 0.165318 -0.021274 -0.795531
v 0.165318 -0.020901 -0.795493
v 0.165318 -0.020518 -0.795480
v 0.165318 -0.019380 -0.795484
v 0.165318 -0.018243 -0.795486
v 0.165318 -0.017105 -0.795488
v 0.165318 -0.015968 -0.795488
v 0.165318 -0.014831 -0.795488
v 0.165318 -0.013695 -0.795487
v 0.165318 -0.012558 -0.795485
v 0.165318 -0.011423 -0.795484
v 0.165318 -0.010287 -0.795483
v 0.165318 -0.009152 -0.795481
v 0.165318 -0.008018 -0.795480
v 0.165318 -0.006885 -0.795480
v 0.165318 -0.004244 -0.795480
v 0.165318 -0.001603 -0.795480
v 0.165318 0.001038 -0.795481
v 0.165318 0.003679 -0.795481
v 0.165318 0.006319 -0.795483
v 0.165318 0.008960 -0.795485
v 0.165318 0.011599 -0.795487
v 0.165318 0.014239 -0.795491
v 0.165318 0.016878 -0.795495
v 0.165318 0.019516 -0.795501
v 0.165318 0.022154 -0.795507
v 0.165318 0.024791 -0.795515
v 0.165318 0.025013 -0.795525
v 0.165318 0.025239 -0.795546
v 0.165318 0.025466 -0.795575
v 0.165318 0.025694 -0.795615
v 0.165318 0.025921 -0.795663
v 0.165318 0.026146 -0.795718
v 0.165318 0.026368 -0.795781
v 0.165318 0.026586 -0.795851
v 0.165318 0.026797 -0.795927
v 0.165318 0.027001 -0.796009
v 0.165318 0.027197 -0.796095
v 0.165318 0.027383 -0.796186
v 0.165318 0.027669 -0.796361
v 0.165318 0.027904 -0.796550
v 0.165318 0.028090 -0.796752
v 0.165318 0.028232 -0.796965
v 0.165318 0.028332 -0.797187
v 0.165318 0.028395 -0.797418
v 0.165318 0.028424 -0.797656
v 0.165318 0.028422 -0.797900
v 0.165318 0.028393 -0.798148
v 0.165318 0.028340 -0.798399
v 0.165318 0.028267 -0.798651
v 0.165318 0.028177 -0.798902
v 0.165318 0.028091 -0.799118
v 0.165318 0.028002 -0.799333
v 0.165318 0.027909 -0.799548
v 0.165318 0.027815 -0.799763
v 0.165318 0.027719 -0.799977
v 0.165318 0.027623 -0.800192
v 0.165318 0.027528 -0.800408
v 0.165318 0.027433 -0.800623
v 0.165318 0.027341 -0.800840
v 0.165318 0.027251 -0.801057
v 0.165318 0.027165 -0.801276
v 0.165318 0.027083 -0.801495
v 0.165318 0.026991 -0.801789
v 0.165318 0.026945 -0.802061
v 0.165318 0.026943 -0.802309
v 0.165318 0.026986 -0.802535
v 0.165318 0.027073 -0.802737
v 0.165318 0.027205 -0.802913
v 0.165318 0.027380 -0.803065
v 0.165318 0.027598 -0.803190
v 0.165318 0.027860 -0.803289
v 0.165318 0.028164 -0.803360
v 0.165318 0.028511 -0.803404
v 0.165318 0.028900 -0.803418
v 0.165318 0.030271 -0.803418
v 0.165318 0.031642 -0.803416
v 0.165318 0.033014 -0.803413
v 0.165318 0.034385 -0.803409
v 0.165318 0.035756 -0.803405
v 0.165318 0.037127 -0.803401
v 0.165318 0.038499 -0.803396
v 0.165318 0.039870 -0.803392
v 0.165318 0.041241 -0.803389
v 0.165318 0.042612 -0.803386
v 0.165318 0.043984 -0.803384
v 0.165318 0.045355 -0.803383
v 0.165318 0.045484 -0.803380
v 0.165318 0.045598 -0.803369
v 0.165318 0.045698 -0.803352
v 0.165318 0.045785 -0.803327
v 0.165318 0.045859 -0.803294
v 0.165318 0.045921 -0.803253
v 0.165318 0.045972 -0.803203
v 0.165318 0.046012 -0.803145
v 0.165318 0.046042 -0.803078
v 0.165318 0.046062 -0.803001
v 0.165318 0.046074 -0.802915
v 0.165318 0.046078 -0.802819
v 0.165318 0.046078 -0.802689
v 0.165318 0.046077 -0.802315
v 0.165318 0.046075 -0.801718
v 0.165318 0.046074 -0.800921
v 0.165318 0.046073 -0.799947
v 0.165318 0.046071 -0.798816
v 0.165318 0.046070 -0.797553
v 0.165318 0.046070 -0.796178
v 0.165318 0.046070 -0.794714
v 0.165318 0.046072 -0.793184
v 0.165318 0.046074 -0.791609
v 0.165318 0.046078 -0.790012
v 0.165318 0.046074 -0.789910
v 0.165318 0.046063 -0.789818
v 0.165318 0.046044 -0.789735
v 0.165318 0.046015 -0.789661
v 0.165318 0.045975 -0.789597
v 0.165318 0.045924 -0.789542
v 0.165318 0.045860 -0.789497
v 0.165318 0.045783 -0.789463
v 0.165318 0.045691 -0.789439
v 0.165318 0.045584 -0.789425
v 0.165318 0.045460 -0.789422
v 0.165318 0.045320 -0.789430
v 0.165318 0.045262 -0.789433
v 0.165318 0.045205 -0.789436
v 0.165318 0.045148 -0.789437
v 0.165318 0.045090 -0.789437
v 0.165318 0.045033 -0.789437
v 0.165318 0.044976 -0.789436
v 0.165318 0.044918 -0.789435
v 0.165318 0.044861 -0.789433
v 0.165318 0.044804 -0.789432
v 0.165318 0.044746 -0.789431
v 0.165318 0.044689 -0.789430
v 0.165318 0.044632 -0.789430
v 0.165318 0.044330 -0.789430
v 0.165318 0.043460 -0.789430
v 0.165318 0.042074 -0.789430
v 0.165318 0.040222 -0.789430
v 0.165318 0.037957 -0.789430
v 0.165318 0.035331 -0.789430
v 0.165318 0.032395 -0.789430
v 0.165318 0.029200 -0.789430
v 0.165318 0.025800 -0.789430
v 0.165318 0.022245 -0.789430
v 0.165318 0.018587 -0.789430
v 0.179318 0.014879 -0.789430
v 0.179318 0.014627 -0.789430
v 0.179318 0.013899 -0.789430
v 0.179318 0.012739 -0.789430
v 0.179318 0.011190 -0.789430
v 0.179318 0.009294 -0.789430
v 0.179318 0.007097 -0.789430
v 0.179318 0.004640 -0.789430
v 0.179318 0.001966 -0.789430
v 0.179318 -0.000880 -0.789430
v 0.179318 -0.003856 -0.789430
v 0.179318 -0.006918 -0.789430
v 0.179318 -0.010024 -0.789430
v 0.179318 -0.010455 -0.789430
v 0.179318 -0.011699 -0.789430
v 0.179318 -0.013683 -0.789430
v 0.179318 -0.016331 -0.789430
v 0.179318 -0.019571 -0.789430
v 0.179318 -0.023329 -0.789430
v 0.179318 -0.027529 -0.789430
v 0.179318 -0.032100 -0.789430
v 0.179318 -0.036966 -0.789430
v 0.179318 -0.042054 -0.789430
v 0.179318 -0.047289 -0.789430
v 0.179318 -0.052599 -0.789430
v 0.179318 -0.052894 -0.789430
v 0.179318 -0.053141 -0.789434
v 0.179318 -0.053343 -0.789445
v 0.179318 -0.053505 -0.789467
v 0.179318 -0.053631 -0.789502
v 0.179318 -0.053725 -0.789555
v 0.179318 -0.053793 -0.789629
v 0.179318 -0.053838 -0.789727
v 0.179318 -0.053866 -0.789854
v 0.179318 -0.053880 -0.790011
v 0.179318 -0.053885 -0.790204
v 0.179318 -0.053886 -0.790435
v 0.179318 -0.053885 -0.790572
v 0.179318 -0.053884 -0.790708
v 0.179318 -0.053881 -0.790845
v 0.179318 -0.053879 -0.790982
v 0.179318 -0.053877 -0.791119
v 0.179318 -0.053875 -0.791255
v 0.179318 -0.053875 -0.791392
v 0.179318 -0.053876 -0.791529
v 0.179318 -0.053879 -0.791665
v 0.179318 -0.053884 -0.791802
v 0.179318 -0.053892 -0.791939
v 0.179318 -0.053904 -0.792076
v 0.179318 -0.053913 -0.792213
v 0.179318 -0.053905 -0.792334
v 0.179318 -0.053881 -0.792442
v 0.179318 -0.053840 -0.792536
v 0.179318 -0.053783 -0.792617
v 0.179318 -0.053710 -0.792689
v 0.179318 -0.053620 -0.792750
v 0.179318 -0.053514 -0.792803
v 0.179318 -0.053393 -0.792850
v 0.179318 -0.053255 -0.792890
v 0.179318 -0.053102 -0.792925
v 0.179318 -0.052934 -0.792958
v 0.179318 -0.051035 -0.793333
v 0.179318 -0.049209 -0.793788
v 0.179318 -0.047458 -0.794324
v 0.179318 -0.045779 -0.794940
v 0.179318 -0.044174 -0.795637
v 0.179318 -0.042643 -0.796415
v 0.179318 -0.041185 -0.797274
v 0.179318 -0.039800 -0.798213
v 0.179318 -0.038489 -0.799234
v 0.179318 -0.037252 -0.800335
v 0.179318 -0.036088 -0.801519
v 0.179318 -0.034997 -0.802783
v 0.179318 -0.034913 -0.802880
v 0.179318 -0.034828 -0.802968
v 0.179318 -0.034741 -0.803048
v 0.179318 -0.034651 -0.803118
v 0.179318 -0.034556 -0.803180
v 0.179318 -0.034455 -0.803233
v 0.179318 -0.034348 -0.803277
v 0.179318 -0.034233 -0.803312
v 0.179318 -0.034109 -0.803339
v 0.179318 -0.033976 -0.803357
v 0.179318 -0.033831 -0.803365
v 0.179318 -0.033675 -0.803365
v 0.179318 -0.032986 -0.803362
v 0.179318 -0.032298 -0.803359
v 0.179318 -0.031608 -0.803358
v 0.179318 -0.030919 -0.803357
v 0.179318 -0.030229 -0.803357
v 0.179318 -0.029539 -0.803357
v 0.179318 -0.028849 -0.803357
v 0.179318 -0.028159 -0.803356
v 0.179318 -0.027469 -0.803355
v 0.179318 -0.026780 -0.803354
v 0.179318 -0.026091 -0.803351
v 0.179318 -0.025403 -0.803348
v 0.179318 -0.025288 -0.803347
v 0.179318 -0.025171 -0.803343
v 0.179318 -0.025054 -0.803338
v 0.179318 -0.024937 -0.803330
v 0.179318 -0.024819 -0.803320
v 0.179318 -0.024702 -0.803308
v 0.179318 -0.024586 -0.803294
v 0.179318 -0.024470 -0.803277
v 0.179318 -0.024356 -0.803258
v 0.179318 -0.024244 -0.803237
v 0.179318 -0.024135 -0.803214
v 0.179318 -0.024027 -0.803189
v 0.179318 -0.023839 -0.803131
v 0.179318 -0.023665 -0.803064
v 0.179318 -0.023504 -0.802987
v 0.179318 -0.023359 -0.802902
v 0.179318 -0.023231 -0.802806
v 0.179318 -0.023121 -0.802702
v 0.179318 -0.023031 -0.802588
v 0.179318 -0.022961 -0.802465
v 0.179318 -0.022914 -0.802333
v 0.179318 -0.022890 -0.802192
v 0.179318 -0.022890 -0.802042
v 0.179318 -0.022916 -0.801884
v 0.179318 -0.022981 -0.801641
v 0.179318 -0.023050 -0.801398
v 0.179318 -0.023123 -0.801156
v 0.179318 -0.023198 -0.800913
v 0.179318 -0.023275 -0.800671
v 0.179318 -0.023353 -0.800428
v 0.179318 -0.023429 -0.800186
v 0.179318 -0.023504 -0.799943
v 0.179318 -0.023576 -0.799701
v 0.179318 -0.023644 -0.799458
v 0.179318 -0.023706 -0.799215
v 0.179318 -0.023763 -0.798973
v 0.179318 -0.023793 -0.798826
v 0.179318 -0.023819 -0.798677
v 0.179318 -0.023843 -0.798526
v 0.179318 -0.023862 -0.798373
v 0.179318 -0.023876 -0.798220
v 0.179318 -0.023884 -0.798067
v 0.179318 -0.023886 -0.797914
v 0.179318 -0.023882 -0.797762
v 0.179318 -0.023870 -0.797611
v 0.179318 -0.023849 -0.797462
v 0.179318 -0.023820 -0.797316
v 0.179318 -0.023780 -0.797174
v 0.179318 -0.023672 -0.796914
v 0.179318 -0.023524 -0.796675
v 0.179318 -0.023340 -0.796455
v 0.179318 -0.023123 -0.796256
v 0.179318 -0.022875 -0.796079
v 0.179318 -0.022599 -0.795923
v 0.179318 -0.022298 -0.795790
v 0.179318 -0.021975 -0.795680
v 0.179318 -0.021633 -0.795593
v 0.179318 -0.021274 -0.795531
v 0.179318 -0.020901 -0.795493
v 0.179318 -0.020518 -0.795480
v 0.179318 -0.019380 -0.795484
v 0.179318 -0.018243 -0.795486
v 0.179318 -0.017105 -0.795488
v 0.179318 -0.015968 -0.795488
v 0.179318 -0.014831 -0.795488
v 0.179318 -0.013695 -0.795487
v 0.179318 -0.012558 -0.795485
v 0.179318 -0.011423 -0.795484
v 0.179318 -0.010287 -0.795483
v 0.179318 -0.009152 -0.795481
v 0.179318 -0.008018 -0.795480
v 0.179318 -0.006885 -0.795480
v 0.179318 -0.004244 -0.795480
v 0.179318 -0.001603 -0.795480
v 0.179318 0.001038 -0.795481
v 0.179318 0.003679 -0.795481
v 0.179318 0.006319 -0.795483
v 0.179318 0.008960 -0.795485
v 0.179318 0.011599 -0.795487
v 0.179318 0.014239 -0.795491
v 0.179318 0.016878 -0.795495
v 0.179318 0.019516 -0.795501
v 0.179318 0.022154 -0.795507
v 0.179318 0.024791 -0.795515
v 0.179318 0.025013 -0.795525
v 0.179318 0.025239 -0.795546
v 0.179318 0.025466 -0.795575
v 0.179318 0.025694 -0.795615
v 0.179318 0.025921 -0.795663
v 0.179318 0.026146 -0.795718
v 0.179318 0.026368 -0.795781
v 0.179318 0.026586 -0.795851
v 0.179318 0.026797 -0.795927
v 0.179318 0.027001 -0.796009
v 0.179318 0.027197 -0.796095
v 0.179318 0.027383 -0.796186
v 0.179318 0.027669 -0.796361
v 0.179318 0.027904 -0.796550
v 0.179318 0.028090 -0.796752
v 0.179318 0.028232 -0.796965
v 0.179318 0.028332 -0.797187
v 0.179318 0.028395 -0.797418
v 0.179318 0.028424 -0.797656
v 0.179318 0.028422 -0.797900
v 0.179318 0.028393 -0.798148
v 0.179318 0.028340 -0.798399
v 0.179318 0.028267 -0.798651
v 0.179318 0.028177 -0.798902
v 0.179318 0.028091 -0.799118
v 0.179318 0.028002 -0.799333
v 0.179318 0.027909 -0.799548
v 0.179318 0.027815 -0.799763
v 0.179318 0.027719 -0.799977
v 0.179318 0.027623 -0.800192
v 0.179318 0.027528 -0.800408
v 0.179318 0.027433 -0.800623
v 0.179318 0.027341 -0.800840
v 0.179318 0.027251 -0.801057
v 0.179318 0.027165 -0.801276
v 0.179318 0.027083 -0.801495
v 0.179318 0.026991 -0.801789
v 0.179318 0.026945 -0.802061
v 0.179318 0.026943 -0.802309
v 0.179318 0.026986 -0.802535
v 0.179318 0.027073 -0.802737
v 0.179318 0.027205 -0.802913
v 0.179318 0.027380 -0.803065
v 0.179318 0.027598 -0.803190
v 0.179318 0.027860 -0.803289
v 0.179318 0.028164 -0.803360
v 0.179318 0.028511 -0.803404
v 0.179318 0.028900 -0.803418
v 0.179318 0.030271 -0.803418
v 0.179318 0.031642 -0.803416
v 0.179318 0.033014 -0.803413
v 0.179318 0.034385 -0.803409
v 0.179318 0.035756 -0.803405
v 0.179318 0.037127 -0.803401
v 0.179318 0.038499 -0.803396
v 0.179318 0.039870 -0.803392
v 0.179318 0.041241 -0.803389
v 0.179318 0.042612 -0.803386
v 0.179318 0.043984 -0.803384
v 0.179318 0.045355 -0.803383
v 0.179318 0.045484 -0.803380
v 0.179318 0.045598 -0.803369
v 0.179318 0.045698 -0.803352
v 0.179318 0.045785 -0.803327
v 0.179318 0.045859 -0.803294
v 0.179318 0.045921 -0.803253
v 0.179318 0.045972 -0.803203
v 0.179318 0.046012 -0.803145
v 0.179318 0.046042 -0.803078
v 0.179318 0.046062 -0.803001
v 0.179318 0.046074 -0.802915
v 0.179318 0.046078 -0.802819
v 0.179318 0.046078 -0.802689
v 0.179318 0.046077 -0.802315
v 0.179318 0.046075 -0.801718
v 0.179318 0.046074 -0.800921
v 0.179318 0.046073 -0.799947
v 0.179318 0.046071 -0.798816
v 0.179318 0.046070 -0.797553
v 0.179318 0.046070 -0.796178
v 0.179318 0.046070 -0.794714
v 0.179318 0.046072 -0.793184
v 0.179318 0.046074 -0.791609
v 0.179318 0.046078 -0.790012
v 0.179318 0.046074 -0.789910
v 0.179318 0.046063 -0.789818
v 0.179318 0.046044 -0.789735
v 0.179318 0.046015 -0.789661
v 0.179318 0.045975 -0.789597
v 0.179318 0.045924 -0.789542
v 0.179318 0.045860 -0.789497
v 0.179318 0.045783 -0.789463
v 0.179318 0.045691 -0.789439
v 0.179318 0.045584 -0.789425
v 0.179318 0.045460 -0.789422
v 0.179318 0.045320 -0.789430
v 0.179318 0.045262 -0.789433
v 0.179318 0.045205 -0.789436
v 0.179318 0.045148 -0.789437
v 0.179318 0.045090 -0.789437
v 0.179318 0.045033 -0.789437
v 0.179318 0.044976 -0.789436
v 0.179318 0.044918 -0.789435
v 0.179318 0.044861 -0.789433
v 0.179318 0.044804 -0.789432
v 0.179318 0.044746 -0.789431
v 0.179318 0.044689 -0.789430
v 0.179318 0.044632 -0.789430
v 0.179318 0.044330 -0.789430
v 0.179318 0.043460 -0.789430
v 0.179318 0.042074 -0.789430
v 0.179318 0.040222 -0.789430
v 0.179318 0.037957 -0.789430
v 0.179318 0.035331 -0.789430
v 0.179318 0.032395 -0.789430
v 0.179318 0.029200 -0.789430
v 0.179318 0.025800 -0.789430
v 0.179318 0.022245 -0.789430
v 0.179318 0.018587 -0.789430
v 0.200552 0.014879 -0.789430
v 0.200552 0.014627 -0.789430
v 0.200552 0.013899 -0.789430
v 0.200552 0.012739 -0.789430
v 0.200552 0.011190 -0.789430
v 0.200552 0.009294 -0.789430
v 0.200552 0.007097 -0.789430
v 0.200552 0.004640 -0.789430
v 0.200552 0.001966 -0.789430
v 0.200552 -0.000880 -0.789430
v 0.200552 -0.003856 -0.789430
v 0.200552 -0.006918 -0.789430
v 0.200552 -0.010024 -0.789430
v 0.200552 -0.010455 -0.789430
v 0.200552 -0.011699 -0.789430
v 0.200552 -0.013683 -0.789430
v 0.200552 -0.016331 -0.789430
v 0.200552 -0.019571 -0.789430
v 0.200552 -0.023329 -0.789430
v 0.200552 -0.027529 -0.789430
v 0.200552 -0.032100 -0.789430
v 0.200552 -0.036966 -0.789430
v 0.200552 -0.042054 -0.789430
v 0.200552 -0.047289 -0.789430
v 0.200552 -0.052599 -0.789430
v 0.200551 -0.052894 -0.789430
v 0.200547 -0.053141 -0.789434
v 0.200536 -0.053343 -0.789445
v 0.200515 -0.053505 -0.789467
v 0.200479 -0.053631 -0.789502
v 0.200426 -0.053725 -0.789555
v 0.200352 -0.053793 -0.789629
v 0.200254 -0.053838 -0.789727
v 0.200128 -0.053866 -0.789854
v 0.199970 -0.053880 -0.790011
v 0.199778 -0.053885 -0.790204
v 0.199547 -0.053886 -0.790435
v 0.199410 -0.053885 -0.790572
v 0.199273 -0.053884 -0.790708
v 0.199136 -0.053881 -0.790845
v 0.199000 -0.053879 -0.790982
v 0.198863 -0.053877 -0.791119
v 0.198726 -0.053875 -0.791255
v 0.198589 -0.053875 -0.791392
v 0.198453 -0.053876 -0.791529
v 0.198316 -0.053879 -0.791665
v 0.198179 -0.053884 -0.791802
v 0.198043 -0.053892 -0.791939
v 0.197906 -0.053904 -0.792076
v 0.197769 -0.053913 -0.792213
v 0.197647 -0.053905 -0.792334
v 0.197540 -0.053881 -0.792442
v 0.197446 -0.053840 -0.792536
v 0.197364 -0.053783 -0.792617
v 0.197293 -0.053710 -0.792689
v 0.197231 -0.053620 -0.792750
v 0.197178 -0.053514 -0.792803
v 0.197132 -0.053393 -0.792850
v 0.197092 -0.053255 -0.792890
v 0.197056 -0.053102 -0.792925
v 0.197024 -0.052934 -0.792958
v 0.196649 -0.051035 -0.793333
v 0.196193 -0.049209 -0.793788
v 0.195657 -0.047458 -0.794324
v 0.195041 -0.045779 -0.794940
v 0.194344 -0.044174 -0.795637
v 0.193566 -0.042643 -0.796415
v 0.192708 -0.041185 -0.797274
v 0.191768 -0.039800 -0.798213
v 0.190748 -0.038489 -0.799234
v 0.189646 -0.037252 -0.800335
v 0.188463 -0.036088 -0.801519
v 0.187198 -0.034997 -0.802783
v 0.187101 -0.034913 -0.802880
v 0.187013 -0.034828 -0.802968
v 0.186934 -0.034741 -0.803048
v 0.186863 -0.034651 -0.803118
v 0.186801 -0.034556 -0.803180
v 0.186748 -0.034455 -0.803233
v 0.186704 -0.034348 -0.803277
v 0.186669 -0.034233 -0.803312
v 0.186643 -0.034109 -0.803339
v 0.186625 -0.033976 -0.803357
v 0.186616 -0.033831 -0.803365
v 0.186616 -0.033675 -0.803365
v 0.186620 -0.032986 -0.803362
v 0.186622 -0.032298 -0.803359
v 0.186624 -0.031608 -0.803358
v 0.186625 -0.030919 -0.803357
v 0.186625 -0.030229 -0.803357
v 0.186625 -0.029539 -0.803357
v 0.186625 -0.028849 -0.803357
v 0.186625 -0.028159 -0.803356
v 0.186626 -0.027469 -0.803355
v 0.186628 -0.026780 -0.803354
v 0.186630 -0.026091 -0.803351
v 0.186634 -0.025403 -0.803348
v 0.186635 -0.025288 -0.803347
v 0.186638 -0.025171 -0.803343
v 0.186644 -0.025054 -0.803338
v 0.186651 -0.024937 -0.803330
v 0.186661 -0.024819 -0.803320
v 0.186674 -0.024702 -0.803308
v 0.186688 -0.024586 -0.803294
v 0.186704 -0.024470 -0.803277
v 0.186723 -0.024356 -0.803258
v 0.186744 -0.024244 -0.803237
v 0.186767 -0.024135 -0.803214
v 0.186793 -0.024027 -0.803189
v 0.186850 -0.023839 -0.803131
v 0.186917 -0.023665 -0.803064
v 0.186994 -0.023504 -0.802987
v 0.187080 -0.023359 -0.802902
v 0.187175 -0.023231 -0.802806
v 0.187280 -0.023121 -0.802702
v 0.187394 -0.023031 -0.802588
v 0.187516 -0.022961 -0.802465
v 0.187648 -0.022914 -0.802333
v 0.187789 -0.022890 -0.802192
v 0.187939 -0.022890 -0.802042
v 0.188098 -0.022916 -0.801884
v 0.188341 -0.022981 -0.801641
v 0.188583 -0.023050 -0.801398
v 0.188826 -0.023123 -0.801156
v 0.189068 -0.023198 -0.800913
v 0.189311 -0.023275 -0.800671
v 0.189553 -0.023353 -0.800428
v 0.189796 -0.023429 -0.800186
v 0.190038 -0.023504 -0.799943
v 0.190281 -0.023576 -0.799701
v 0.190523 -0.023644 -0.799458
v 0.190766 -0.023706 -0.799215
v 0.191009 -0.023763 -0.798973
v 0.191156 -0.023793 -0.798826
v 0.191305 -0.023819 -0.798677
v 0.191456 -0.023843 -0.798526
v 0.191608 -0.023862 -0.798373
v 0.191762 -0.023876 -0.798220
v 0.191915 -0.023884 -0.798067
v 0.192068 -0.023886 -0.797914
v 0.192220 -0.023882 -0.797762
v 0.192370 -0.023870 -0.797611
v 0.192519 -0.023849 -0.797462
v 0.192665 -0.023820 -0.797316
v 0.192808 -0.023780 -0.797174
v 0.193067 -0.023672 -0.796914
v 0.193307 -0.023524 -0.796675
v 0.193526 -0.023340 -0.796455
v 0.193725 -0.023123 -0.796256
v 0.193903 -0.022875 -0.796079
v 0.194058 -0.022599 -0.795923
v 0.194191 -0.022298 -0.795790
v 0.194301 -0.021975 -0.795680
v 0.194388 -0.021633 -0.795593
v 0.194451 -0.021274 -0.795531
v 0.194489 -0.020901 -0.795493
v 0.194501 -0.020518 -0.795480
v 0.194498 -0.019380 -0.795484
v 0.194495 -0.018243 -0.795486
v 0.194494 -0.017105 -0.795488
v 0.194494 -0.015968 -0.795488
v 0.194494 -0.014831 -0.795488
v 0.194495 -0.013695 -0.795487
v 0.194496 -0.012558 -0.795485
v 0.194497 -0.011423 -0.795484
v 0.194499 -0.010287 -0.795483
v 0.194500 -0.009152 -0.795481
v 0.194501 -0.008018 -0.795480
v 0.194501 -0.006885 -0.795480
v 0.194501 -0.004244 -0.795480
v 0.194501 -0.001603 -0.795480
v 0.194501 0.001038 -0.795481
v 0.194500 0.003679 -0.795481
v 0.194499 0.006319 -0.795483
v 0.194497 0.008960 -0.795485
v 0.194494 0.011599 -0.795487
v 0.194491 0.014239 -0.795491
v 0.194486 0.016878 -0.795495
v 0.194481 0.019516 -0.795501
v 0.194474 0.022154 -0.795507
v 0.194466 0.024791 -0.795515
v 0.194456 0.025013 -0.795525
v 0.194436 0.025239 -0.795545
v 0.194406 0.025466 -0.795575
v 0.194367 0.025694 -0.795615
v 0.194319 0.025921 -0.795663
v 0.194263 0.026146 -0.795718
v 0.194200 0.026368 -0.795781
v 0.194130 0.026586 -0.795851
v 0.194054 0.026797 -0.795927
v 0.193973 0.027001 -0.796009
v 0.193886 0.027197 -0.796095
v 0.193796 0.027383 -0.796186
v 0.193621 0.027669 -0.796361
v 0.193432 0.027904 -0.796550
v 0.193230 0.028090 -0.796752
v 0.193017 0.028232 -0.796965
v 0.192794 0.028332 -0.797187
v 0.192563 0.028395 -0.797418
v 0.192325 0.028424 -0.797656
v 0.192081 0.028422 -0.797900
v 0.191834 0.028393 -0.798148
v 0.191583 0.028340 -0.798399
v 0.191331 0.028267 -0.798651
v 0.191079 0.028177 -0.798902
v 0.190863 0.028091 -0.799118
v 0.190648 0.028002 -0.799333
v 0.190433 0.027909 -0.799548
v 0.190219 0.027815 -0.799763
v 0.190004 0.027719 -0.799977
v 0.189789 0.027623 -0.800192
v 0.189574 0.027528 -0.800408
v 0.189358 0.027433 -0.800623
v 0.189142 0.027341 -0.800840
v 0.188924 0.027251 -0.801057
v 0.188706 0.027165 -0.801276
v 0.188486 0.027083 -0.801495
v 0.188193 0.026991 -0.801789
v 0.187921 0.026945 -0.802061
v 0.187672 0.026943 -0.802309
v 0.187447 0.026986 -0.802535
v 0.187245 0.027073 -0.802737
v 0.187068 0.027205 -0.802913
v 0.186917 0.027380 -0.803065
v 0.186791 0.027598 -0.803190
v 0.186693 0.027860 -0.803289
v 0.186621 0.028164 -0.803360
v 0.186578 0.028511 -0.803404
v 0.186563 0.028900 -0.803418
v 0.186564 0.030271 -0.803418
v 0.186566 0.031642 -0.803416
v 0.186569 0.033014 -0.803413
v 0.186572 0.034385 -0.803409
v 0.186577 0.035756 -0.803405
v 0.186581 0.037127 -0.803401
v 0.186585 0.038499 -0.803396
v 0.186589 0.039870 -0.803392
v 0.186593 0.041241 -0.803388
v 0.186596 0.042612 -0.803386
v 0.186598 0.043984 -0.803384
v 0.186599 0.045355 -0.803383
v 0.186602 0.045484 -0.803380
v 0.186612 0.045598 -0.803369
v 0.186630 0.045698 -0.803352
v 0.186655 0.045785 -0.803327
v 0.186688 0.045859 -0.803294
v 0.186729 0.045921 -0.803253
v 0.186778 0.045972 -0.803203
v 0.186836 0.046012 -0.803145
v 0.186904 0.046042 -0.803078
v 0.186980 0.046062 -0.803001
v 0.187067 0.046074 -0.802915
v 0.187163 0.046078 -0.802819
v 0.187293 0.046078 -0.802689
v 0.187667 0.046077 -0.802315
v 0.188264 0.046075 -0.801718
v 0.189060 0.046074 -0.800921
v 0.190035 0.046073 -0.799947
v 0.191165 0.046071 -0.798816
v 0.192429 0.046070 -0.797553
v 0.193804 0.046070 -0.796178
v 0.195267 0.046070 -0.794714
v 0.196798 0.046072 -0.793184
v 0.198373 0.046074 -0.791609
v 0.199970 0.046078 -0.790012
v 0.200071 0.046074 -0.789910
v 0.200164 0.046063 -0.789818
v 0.200247 0.046044 -0.789735
v 0.200321 0.046015 -0.789661
v 0.200385 0.045975 -0.789596
v 0.200440 0.045924 -0.789542
v 0.200484 0.045860 -0.789497
v 0.200519 0.045783 -0.789463
v 0.200543 0.045691 -0.789439
v 0.200557 0.045584 -0.789425
v 0.200560 0.045460 -0.789422
v 0.200552 0.045320 -0.789430
v 0.200548 0.045262 -0.789433
v 0.200546 0.045205 -0.789436
v 0.200545 0.045148 -0.789437
v 0.200544 0.045090 -0.789437
v 0.200544 0.045033 -0.789437
v 0.200545 0.044976 -0.789436
v 0.200547 0.044918 -0.789435
v 0.200548 0.044861 -0.789433
v 0.200550 0.044804 -0.789432
v 0.200551 0.044746 -0.789431
v 0.200552 0.044689 -0.789430
v 0.200552 0.044632 -0.789430
v 0.200552 0.044330 -0.789430
v 0.200552 0.043460 -0.789430
v 0.200552 0.042074 -0.789430
v 0.200552 0.040222 -0.789430
v 0.200552 0.037957 -0.789430
v 0.200552 0.035331 -0.789430
v 0.200552 0.032395 -0.789430
v 0.200552 0.029200 -0.789430
v 0.200552 0.025800 -0.789430
v 0.200552 0.022245 -0.789430
v 0.200552 0.018587 -0.789430
v 0.200552 0.014879 -0.810664
v 0.200552 0.014627 -0.810664
v 0.200552 0.013899 -0.810664
v 0.200552 0.012739 -0.810664
v 0.200552 0.011190 -0.810664
v 0.200552 0.009294 -0.810664
v 0.200552 0.007097 -0.810664
v 0.200552 0.004640 -0.810664
v 0.200552 0.001966 -0.810664
v 0.200552 -0.000880 -0.810664
v 0.200552 -0.003856 -0.810664
v 0.200552 -0.006918 -0.810664
v 0.200552 -0.010024 -0.810664
v 0.200552 -0.010455 -0.810664
v 0.200552 -0.011699 -0.810664
v 0.200552 -0.013683 -0.810664
v 0.200552 -0.016331 -0.810664
v 0.200552 -0.019571 -0.810664
v 0.200552 -0.023329 -0.810664
v 0.200552 -0.027529 -0.810664
v 0.200552 -0.032100 -0.810664
v 0.200552 -0.036966 -0.810664
v 0.200552 -0.042054 -0.810664
v 0.200552 -0.047289 -0.810664
v 0.200552 -0.052599 -0.810664
v 0.200551 -0.052894 -0.810664
v 0.200547 -0.053141 -0.810664
v 0.200536 -0.053343 -0.810664
v 0.200515 -0.053505 -0.810664
v 0.200479 -0.053631 -0.810664
v 0.200426 -0.053725 -0.810664
v 0.200352 -0.053793 -0.810664
v 0.200254 -0.053838 -0.810664
v 0.200128 -0.053866 -0.810664
v 0.199970 -0.053880 -0.810664
v 0.199778 -0.053885 -0.810664
v 0.199547 -0.053886 -0.810664
v 0.199410 -0.053885 -0.810664
v 0.199273 -0.053884 -0.810664
v 0.199136 -0.053881 -0.810664
v 0.199000 -0.053879 -0.810664
v 0.198863 -0.053877 -0.810664
v 0.198726 -0.053875 -0.810664
v 0.198589 -0.053875 -0.810664
v 0.198453 -0.053876 -0.810664
v 0.198316 -0.053879 -0.810664
v 0.198179 -0.053884 -0.810664
v 0.198043 -0.053892 -0.810664
v 0.197906 -0.053904 -0.810664
v 0.197769 -0.053913 -0.810664
v 0.197647 -0.053905 -0.810664
v 0.197540 -0.053881 -0.810664
v 0.197446 -0.053840 -0.810664
v 0.197364 -0.053783 -0.810664
v 0.197293 -0.053710 -0.810664
v 0.197231 -0.053620 -0.810664
v 0.197178 -0.053514 -0.810664
v 0.197132 -0.053393 -0.810664
v 0.197092 -0.053255 -0.810664
v 0.197056 -0.053102 -0.810664
v 0.197024 -0.052934 -0.810664
v 0.196649 -0.051035 -0.810664
v 0.196193 -0.049209 -0.810664
v 0.195657 -0.047458 -0.810664
v 0.195041 -0.045779 -0.810664
v 0.194344 -0.044174 -0.810664
v 0.193566 -0.042643 -0.810664
v 0.192708 -0.041185 -0.810664
v 0.191768 -0.039800 -0.810664
v 0.190748 -0.038489 -0.810664
v 0.189646 -0.037252 -0.810664
v 0.188463 -0.036088 -0.810664
v 0.187198 -0.034997 -0.810664
v 0.187101 -0.034913 -0.810664
v 0.187013 -0.034828 -0.810664
v 0.186934 -0.034741 -0.810664
v 0.186863 -0.034651 -0.810664
v 0.186801 -0.034556 -0.810664
v 0.186748 -0.034455 -0.810664
v 0.186704 -0.034348 -0.810664
v 0.186669 -0.034233 -0.810664
v 0.186643 -0.034109 -0.810664
v 0.186625 -0.033976 -0.810664
v 0.186616 -0.033831 -0.810664
v 0.186616 -0.033675 -0.810664
v 0.186620 -0.032986 -0.810664
v 0.186622 -0.032298 -0.810664
v 0.186624 -0.031608 -0.810664
v 0.186625 -0.030919 -0.810664
v 0.186625 -0.030229 -0.810664
v 0.186625 -0.029539 -0.810664
v 0.186625 -0.028849 -0.810664
v 0.186625 -0.028159 -0.810664
v 0.186626 -0.027469 -0.810664
v 0.186628 -0.026780 -0.810664
v 0.186630 -0.026091 -0.810664
v 0.186634 -0.025403 -0.810664
v 0.186635 -0.025288 -0.810664
v 0.186638 -0.025171 -0.810664
v 0.186644 -0.025054 -0.810664
v 0.186651 -0.024937 -0.810664
v 0.186661 -0.024819 -0.810664
v 0.186674 -0.024702 -0.810664
v 0.186688 -0.024586 -0.810664
v 0.186704 -0.024470 -0.810664
v 0.186723 -0.024356 -0.810664
v 0.186744 -0.024244 -0.810664
v 0.186767 -0.024135 -0.810664
v 0.186793 -0.024027 -0.810664
v 0.186850 -0.023839 -0.810664
v 0.186917 -0.023665 -0.810664
v 0.186994 -0.023504 -0.810664
v 0.187080 -0.023359 -0.810664
v 0.187175 -0.023231 -0.810664
v 0.187280 -0.023121 -0.810664
v 0.187394 -0.023031 -0.810664
v 0.187516 -0.022961 -0.810664
v 0.187648 -0.022914 -0.810664
v 0.187789 -0.022890 -0.810664
v 0.187939 -0.022890 -0.810664
v 0.188098 -0.022916 -0.810664
v 0.188341 -0.022981 -0.810664
v 0.188583 -0.023050 -0.810664
v 0.188826 -0.023123 -0.810664
v 0.189068 -0.023198 -0.810664
v 0.189311 -0.023275 -0.810664
v 0.189553 -0.023353 -0.810664
v 0.189796 -0.023429 -0.810664
v 0.190038 -0.023504 -0.810664
v 0.190281 -0.023576 -0.810664
v 0.190523 -0.023644 -0.810664
v 0.190766 -0.023706 -0.810664
v 0.191009 -0.023763 -0.810664
v 0.191156 -0.023793 -0.810664
v 0.191305 -0.023819 -0.810664
v 0.191456 -0.023843 -0.810664
v 0.191608 -0.023862 -0.810664
v 0.191762 -0.023876 -0.810664
v 0.191915 -0.023884 -0.810664
v 0.192068 -0.023886 -0.810664
v 0.192220 -0.023882 -0.810664
v 0.192370 -0.023870 -0.810664
v 0.192519 -0.023849 -0.810664
v 0.192665 -0.023820 -0.810664
v 0.192808 -0.023780 -0.810664
v 0.193067 -0.023672 -0.810664
v 0.193307 -0.023524 -0.810664
v 0.193526 -0.023340 -0.810664
v 0.193725 -0.023123 -0.810664
v 0.193903 -0.022875 -0.810664
v 0.194058 -0.022599 -0.810664
v 0.194191 -0.022298 -0.810664
v 0.194301 -0.021975 -0.810664
v 0.194388 -0.021633 -0.810664
v 0.194451 -0.021274 -0.810664
v 0.194489 -0.020901 -0.810664
v 0.194501 -0.020518 -0.810664
v 0.194498 -0.019380 -0.810664
v 0.194495 -0.018243 -0.810664
v 0.194494 -0.017105 -0.810664
v 0.194494 -0.015968 -0.810664
v 0.194494 -0.014831 -0.810664
v 0.194495 -0.013695 -0.810664
v 0.194496 -0.012558 -0.810664
v 0.194497 -0.011423 -0.810664
v 0.194499 -0.010287 -0.810664
v 0.194500 -0.009152 -0.810664
v 0.194501 -0.008018 -0.810664
v 0.194501 -0.006885 -0.810664
v 0.194501 -0.004244 -0.810664
v 0.194501 -0.001603 -0.810664
v 0.194501 0.001038 -0.810664
v 0.194500 0.003679 -0.810664
v 0.194499 0.006319 -0.810664
v 0.194497 0.008960 -0.810664
v 0.194494 0.011599 -0.810664
v 0.194491 0.014239 -0.810664
v 0.194486 0.016878 -0.810664
v 0.194481 0.019516 -0.810664
v 0.194474 0.022154 -0.810664
v 0.194466 0.024791 -0.810664
v 0.194456 0.025013 -0.810664
v 0.194436 0.025239 -0.810664
v 0.194406 0.025466 -0.810664
v 0.194367 0.025694 -0.810664
v 0.194319 0.025921 -0.810664
v 0.194263 0.026146 -0.810664
v 0.194200 0.026368 -0.810664
v 0.194130 0.026586 -0.810664
v 0.194054 0.026797 -0.810664
v 0.193973 0.027001 -0.810664
v 0.193886 0.027197 -0.810664
v 0.193796 0.027383 -0.810664
v 0.193621 0.027669 -0.810664
v 0.193432 0.027904 -0.810664
v 0.193230 0.028090 -0.810664
v 0.193017 0.028232 -0.810664
v 0.192794 0.028332 -0.810664
v 0.192563 0.028395 -0.810664
v 0.192325 0.028424 -0.810664
v 0.192081 0.028422 -0.810664
v 0.191834 0.028393 -0.810664
v 0.191583 0.028340 -0.810664
v 0.191331 0.028267 -0.810664
v 0.191079 0.028177 -0.810664
v 0.190863 0.028091 -0.810664
v 0.190648 0.028002 -0.810664
v 0.190433 0.027909 -0.810664
v 0.190219 0.027815 -0.810664
v 0.190004 0.027719 -0.810664
v 0.189789 0.027623 -0.810664
v 0.189574 0.027528 -0.810664
v 0.189358 0.027433 -0.810664
v 0.189142 0.027341 -0.810664
v 0.188924 0.027251 -0.810664
v 0.188706 0.027165 -0.810664
v 0.188486 0.027083 -0.810664
v 0.188193 0.026991 -0.810664
v 0.187921 0.026945 -0.810664
v 0.187672 0.026943 -0.810664
v 0.187447 0.026986 -0.810664
v 0.187245 0.027073 -0.810664
v 0.187068 0.027205 -0.810664
v 0.186917 0.027380 -0.810664
v 0.186791 0.027598 -0.810664
v 0.186693 0.027860 -0.810664
v 0.186621 0.028164 -0.810664
v 0.186578 0.028511 -0.810664
v 0.186563 0.028900 -0.810664
v 0.186564 0.030271 -0.810664
v 0.186566 0.031642 -0.810664
v 0.186569 0.033014 -0.810664
v 0.186572 0.034385 -0.810664
v 0.186577 0.035756 -0.810664
v 0.186581 0.037127 -0.810664
v 0.186585 0.038499 -0.810664
v 0.186589 0.039870 -0.810664
v 0.186593 0.041241 -0.810664
v 0.186596 0.042612 -0.810664
v 0.186598 0.043984 -0.810664
v 0.186599 0.045355 -0.810664
v 0.186602 0.045484 -0.810664
v 0.186612 0.045598 -0.810664
v 0.186630 0.045698 -0.810664
v 0.186655 0.045785 -0.810664
v 0.186688 0.045859 -0.810664
v 0.186729 0.045921 -0.810664
v 0.186778 0.045972 -0.810664
v 0.186836 0.046012 -0.810664
v 0.186904 0.046042 -0.810664
v 0.186980 0.046062 -0.810664
v 0.187067 0.046074 -0.810664
v 0.187163 0.046078 -0.810664
v 0.187293 0.046078 -0.810664
v 0.187667 0.046077 -0.810664
v 0.188264 0.046075 -0.810664
v 0.189060 0.046074 -0.810664
v 0.190035 0.046073 -0.810664
v 0.191165 0.046071 -0.810664
v 0.192429 0.046070 -0.810664
v 0.193804 0.046070 -0.810664
v 0.195267 0.046070 -0.810664
v 0.196798 0.046072 -0.810664
v 0.198373 0.046074 -0.810664
v 0.199970 0.046078 -0.810664
v 0.200071 0.046074 -0.810664
v 0.200164 0.046063 -0.810664
v 0.200247 0.046044 -0.810664
v 0.200321 0.046015 -0.810664
v 0.200385 0.045975 -0.810664
v 0.200440 0.045924 -0.810664
v 0.200484 0.045860 -0.810664
v 0.200519 0.045783 -0.810664
v 0.200543 0.045691 -0.810664
v 0.200557 0.045584 -0.810664
v 0.200560 0.045460 -0.810664
v 0.200552 0.045320 -0.810664
v 0.200548 0.045262 -0.810664
v 0.200546 0.045205 -0.810664
v 0.200545 0.045148 -0.810664
v 0.200544 0.045090 -0.810664
v 0.200544 0.045033 -0.810664
v 0.200545 0.044976 -0.810664
v 0.200547 0.044918 -0.810664
v 0.200548 0.044861 -0.810664
v 0.200550 0.044804 -0.810664
v 0.200551 0.044746 -0.810664
v 0.200552 0.044689 -0.810664
v 0.200552 0.044632 -0.810664
v 0.200552 0.044330 -0.810664
v 0.200552 0.043460 -0.810664
v 0.200552 0.042074 -0.810664
v 0.200552 0.040222 -0.810664
v 0.200552 0.037957 -0.810664
v 0.200552 0.035331 -0.810664
v 0.200552 0.032395 -0.810664
v 0.200552 0.029200 -0.810664
v 0.200552 0.025800 -0.810664
v 0.200552 0.022245 -0.810664
v 0.200552 0.018587 -0.810664
v 0.200552 0.014879 -0.824664
v 0.200552 0.014627 -0.824664
v 0.200552 0.013899 -0.824664
v 0.200552 0.012739 -0.824664
v 0.200552 0.011190 -0.824664
v 0.200552 0.009294 -0.824664
v 0.200552 0.007097 -0.824664
v 0.200552 0.004640 -0.824664
v 0.200552 0.001966 -0.824664
v 0.200552 -0.000880 -0.824664
v 0.200552 -0.003856 -0.824664
v 0.200552 -0.006918 -0.824664
v 0.200552 -0.010024 -0.824664
v 0.200552 -0.010455 -0.824664
v 0.200552 -0.011699 -0.824664
v 0.200552 -0.013683 -0.824664
v 0.200552 -0.016331 -0.824664
v 0.200552 -0.019571 -0.824664
v 0.200552 -0.023329 -0.824664
v 0.200552 -0.027529 -0.824664
v 0.200552 -0.032100 -0.824664
v 0.200552 -0.036966 -0.824664
v 0.200552 -0.042054 -0.824664
v 0.200552 -0.047289 -0.824664
v 0.200552 -0.052599 -0.824664
v 0.200551 -0.052894 -0.824664
v 0.200547 -0.053141 -0.824664
v 0.200536 -0.053343 -0.824664
v 0.200515 -0.053505 -0.824664
v 0.200479 -0.053631 -0.824664
v 0.200426 -0.053725 -0.824664
v 0.200352 -0.053793 -0.824664
v 0.200254 -0.053838 -0.824664
v 0.200128 -0.053866 -0.824664
v 0.199970 -0.053880 -0.824664
v 0.199778 -0.053885 -0.824664
v 0.199547 -0.053886 -0.824664
v 0.199410 -0.053885 -0.824664
v 0.199273 -0.053884 -0.824664
v 0.199136 -0.053881 -0.824664
v 0.199000 -0.053879 -0.824664
v 0.198863 -0.053877 -0.824664
v 0.198726 -0.053875 -0.824664
v 0.198589 -0.053875 -0.824664
v 0.198453 -0.053876 -0.824664
v 0.198316 -0.053879 -0.824664
v 0.198179 -0.053884 -0.824664
v 0.198043 -0.053892 -0.824664
v 0.197906 -0.053904 -0.824664
v 0.197769 -0.053913 -0.824664
v 0.197647 -0.053905 -0.824664
v 0.197540 -0.053881 -0.824664
v 0.197446 -0.053840 -0.824664
v 0.197364 -0.053783 -0.824664
v 0.197293 -0.053710 -0.824664
v 0.197231 -0.053620 -0.824664
v 0.197178 -0.053514 -0.824664
v 0.197132 -0.053393 -0.824664
v 0.197092 -0.053255 -0.824664
v 0.197056 -0.053102 -0.824664
v 0.197024 -0.052934 -0.824664
v 0.196649 -0.051035 -0.824664
v 0.196193 -0.049209 -0.824664
v 0.195657 -0.047458 -0.824664
v 0.195041 -0.045779 -0.824664
v 0.194344 -0.044174 -0.824664
v 0.193566 -0.042643 -0.824664
v 0.192708 -0.041185 -0.824664
v 0.191768 -0.039800 -0.824664
v 0.190748 -0.038489 -0.824664
v 0.189646 -0.037252 -0.824664
v 0.188463 -0.036088 -0.824664
v 0.187198 -0.034997 -0.824664
v 0.187101 -0.034913 -0.824664
v 0.187013 -0.034828 -0.824664
v 0.186934 -0.034741 -0.824664
v 0.186863 -0.034651 -0.824664
v 0.186801 -0.034556 -0.824664
v 0.186748 -0.034455 -0.824664
v 0.186704 -0.034348 -0.824664
v 0.186669 -0.034233 -0.824664
v 0.186643 -0.034109 -0.824664
v 0.186625 -0.033976 -0.824664
v 0.186616 -0.033831 -0.824664
v 0.186616 -0.033675 -0.824664
v 0.186620 -0.032986 -0.824664
v 0.186622 -0.032298 -0.824664
v 0.186624 -0.031608 -0.824664
v 0.186625 -0.030919 -0.824664
v 0.186625 -0.030229 -0.824664
v 0.186625 -0.029539 -0.824664
v 0.186625 -0.028849 -0.824664
v 0.186625 -0.028159 -0.824664
v 0.186626 -0.027469 -0.824664
v 0.186628 -0.026780 -0.824664
v 0.186630 -0.026091 -0.824664
v 0.186634 -0.025403 -0.824664
v 0.186635 -0.025288 -0.824664
v 0.186638 -0.025171 -0.824664
v 0.186644 -0.025054 -0.824664
v 0.186651 -0.024937 -0.824664
v 0.186661 -0.024819 -0.824664
v 0.186674 -0.024702 -0.824664
v 0.186688 -0.024586 -0.824664
v 0.186704 -0.024470 -0.824664
v 0.186723 -0.024356 -0.824664
v 0.186744 -0.024244 -0.824664
v 0.186767 -0.024135 -0.824664
v 0.186793 -0.024027 -0.824664
v 0.186850 -0.023839 -0.824664
v 0.186917 -0.023665 -0.824664
v 0.186994 -0.023504 -0.824664
v 0.187080 -0.023359 -0.824664
v 0.187175 -0.023231 -0.824664
v 0.187280 -0.023121 -0.824664
v 0.187394 -0.023031 -0.824664
v 0.187516 -0.022961 -0.824664
v 0.187648 -0.022914 -0.824664
v 0.187789 -0.022890 -0.824664
v 0.187939 -0.022890 -0.824664
v 0.188098 -0.022916 -0.824664
v 0.188341 -0.022981 -0.824664
v 0.188583 -0.023050 -0.824664
v 0.188826 -0.023123 -0.824664
v 0.189068 -0.023198 -0.824664
v 0.189311 -0.023275 -0.824664
v 0.189553 -0.023353 -0.824664
v 0.189796 -0.023429 -0.824664
v 0.190038 -0.023504 -0.824664
v 0.190281 -0.023576 -0.824664
v 0.190523 -0.023644 -0.824664
v 0.190766 -0.023706 -0.824664
v 0.191009 -0.023763 -0.824664
v 0.191156 -0.023793 -0.824664
v 0.191305 -0.023819 -0.824664
v 0.191456 -0.023843 -0.824664
v 0.191608 -0.023862 -0.824664
v 0.191762 -0.023876 -0.824664
v 0.191915 -0.023884 -0.824664
v 0.192068 -0.023886 -0.824664
v 0.192220 -0.023882 -0.824664
v 0.192370 -0.023870 -0.824664
v 0.192519 -0.023849 -0.824664
v 0.192665 -0.023820 -0.824664
v 0.192808 -0.023780 -0.824664
v 0.193067 -0.023672 -0.824664
v 0.193307 -0.023524 -0.824664
v 0.193526 -0.023340 -0.824664
v 0.193725 -0.023123 -0.824664
v 0.193903 -0.022875 -0.824664
v 0.194058 -0.022599 -0.824664
v 0.194191 -0.022298 -0.824664
v 0.194301 -0.021975 -0.824664
v 0.194388 -0.021633 -0.824664
v 0.194451 -0.021274 -0.824664
v 0.194489 -0.020901 -0.824664
v 0.194501 -0.020518 -0.824664
v 0.194498 -0.019380 -0.824664
v 0.194495 -0.018243 -0.824664
v 0.194494 -0.017105 -0.824664
v 0.194494 -0.015968 -0.824664
v 0.194494 -0.014831 -0.824664
v 0.194495 -0.013695 -0.824664
v 0.194496 -0.012558 -0.824664
v 0.194497 -0.011423 -0.824664
v 0.194499 -0.010287 -0.824664
v 0.194500 -0.009152 -0.824664
v 0.194501 -0.008018 -0.824664
v 0.194501 -0.006885 -0.824664
v 0.194501 -0.004244 -0.824664
v 0.194501 -0.001603 -0.824664
v 0.194501 0.001038 -0.824664
v 0.194500 0.003679 -0.824664
v 0.194499 0.006319 -0.824664
v 0.194497 0.008960 -0.824664
v 0.194494 0.011599 -0.824664
v 0.194491 0.014239 -0.824664
v 0.194486 0.016878 -0.824664
v 0.194481 0.019516 -0.824664
v 0.194474 0.022154 -0.824664
v 0.194466 0.024791 -0.824664
v 0.194456 0.025013 -0.824664
v 0.194436 0.025239 -0.824664
v 0.194406 0.025466 -0.824664
v 0.194367 0.025694 -0.824664
v 0.194319 0.025921 -0.824664
v 0.194263 0.026146 -0.824664
v 0.194200 0.026368 -0.824664
v 0.194130 0.026586 -0.824664
v 0.194054 0.026797 -0.824664
v 0.193973 0.027001 -0.824664
v 0.193886 0.027197 -0.824664
v 0.193796 0.027383 -0.824664
v 0.193621 0.027669 -0.824664
v 0.193432 0.027904 -0.824664
v 0.193230 0.028090 -0.824664
v 0.193017 0.028232 -0.824664
v 0.192794 0.028332 -0.824664
v 0.192563 0.028395 -0.824664
v 0.192325 0.028424 -0.824664
v 0.192081 0.028422 -0.824664
v 0.191834 0.028393 -0.824664
v 0.191583 0.028340 -0.824664
v 0.191331 0.028267 -0.824664
v 0.191079 0.028177 -0.824664
v 0.190863 0.028091 -0.824664
v 0.190648 0.028002 -0.824664
v 0.190433 0.027909 -0.824664
v 0.190219 0.027815 -0.824664
v 0.190004 0.027719 -0.824664
v 0.189789 0.027623 -0.824664
v 0.189574 0.027528 -0.824664
v 0.189358 0.027433 -0.824664
v 0.189142 0.027341 -0.824664
v 0.188924 0.027251 -0.824664
v 0.188706 0.027165 -0.824664
v 0.188486 0.027083 -0.824664
v 0.188193 0.026991 -0.824664
v 0.187921 0.026945 -0.824664
v 0.187672 0.026943 -0.824664
v 0.187447 0.026986 -0.824664
v 0.187245 0.027073 -0.824664
v 0.187068 0.027205 -0.824664
v 0.186917 0.027380 -0.824664
v 0.186791 0.027598 -0.824664
v 0.186693 0.027860 -0.824664
v 0.186621 0.028164 -0.824664
v 0.186578 0.028511 -0.824664
v 0.186563 0.028900 -0.824664
v 0.186564 0.030271 -0.824664
v 0.186566 0.031642 -0.824664
v 0.186569 0.033014 -0.824664
v 0.186572 0.034385 -0.824664
v 0.186577 0.035756 -0.824664
v 0.186581 0.037127 -0.824664
v 0.186585 0.038499 -0.824664
v 0.186589 0.039870 -0.824664
v 0.186593 0.041241 -0.824664
v 0.186596 0.042612 -0.824664
v 0.186598 0.043984 -0.824664
v 0.186599 0.045355 -0.824664
v 0.186602 0.045484 -0.824664
v 0.186612 0.045598 -0.824664
v 0.186630 0.045698 -0.824664
v 0.186655 0.045785 -0.824664
v 0.186688 0.045859 -0.824664
v 0.186729 0.045921 -0.824664
v 0.186778 0.045972 -0.824664
v 0.186836 0.046012 -0.824664
v 0.186904 0.046042 -0.824664
v 0.186980 0.046062 -0.824664
v 0.187067 0.046074 -0.824664
v 0.187163 0.046078 -0.824664
v 0.187293 0.046078 -0.824664
v 0.187667 0.046077 -0.824664
v 0.188264 0.046075 -0.824664
v 0.189060 0.046074 -0.824664
v 0.190035 0.046073 -0.824664
v 0.191165 0.046071 -0.824664
v 0.192429 0.046070 -0.824664
v 0.193804 0.046070 -0.824664
v 0.195267 0.046070 -0.824664
v 0.196798 0.046072 -0.824664
v 0.198373 0.046074 -0.824664
v 0.199970 0.046078 -0.824664
v 0.200071 0.046074 -0.824664
v 0.200164 0.046063 -0.824664
v 0.200247 0.046044 -0.824664
v 0.200321 0.046015 -0.824664
v 0.200385 0.045975 -0.824664
v 0.200440 0.045924 -0.824664
v 0.200484 0.045860 -0.824664
v 0.200519 0.045783 -0.824664
v 0.200543 0.045691 -0.824664
v 0.200557 0.045584 -0.824664
v 0.200560 0.045460 -0.824664
v 0.200552 0.045320 -0.824664
v 0.200548 0.045262 -0.824664
v 0.200546 0.045205 -0.824664
v 0.200545 0.045148 -0.824664
v 0.200544 0.045090 -0.824664
v 0.200544 0.045033 -0.824664
v 0.200545 0.044976 -0.824664
v 0.200547 0.044918 -0.824664
v 0.200548 0.044861 -0.824664
v 0.200550 0.044804 -0.824664
v 0.200551 0.044746 -0.824664
v 0.200552 0.044689 -0.824664
v 0.200552 0.044632 -0.824664
v 0.200552 0.044330 -0.824664
v 0.200552 0.043460 -0.824664
v 0.200552 0.042074 -0.824664
v 0.200552 0.040222 -0.824664
v 0.200552 0.037957 -0.824664
v 0.200552 0.035331 -0.824664
v 0.200552 0.032395 -0.824664
v 0.200552 0.029200 -0.824664
v 0.200552 0.025800 -0.824664
v 0.200552 0.022245 -0.824664
v 0.200552 0.018587 -0.824664
vn -1.0000 -0.0000 0.0002
vn -1.0000 -0.0000 -0.0000
vn -1.0000 -0.0000 -0.0003
vn -1.0000 -0.0000 -0.0006
vn -1.0000 -0.0000 -0.0001
vn -1.0000 -0.0000 0.0008
vn -1.0000 -0.0000 0.0009
vn -1.0000 -0.0000 -0.0015
vn -1.0000 -0.0000 0.0001
vn -1.0000 -0.0000 0.0003
vn -1.0000 -0.0000 0.0004
vn -1.0000 -0.0000 -0.0004
vn -1.0000 -0.0000 0.0005
vn -1.0000 -0.0000 -0.0002
vn -1.0000 -0.0000 0.0010
vn -0.0000 -0.9131 0.4077
vn -0.0000 0.2932 -0.9561
vn -0.0000 -0.9235 0.3837
vn -0.0000 0.9576 0.2880
vn -0.0000 -0.0077 1.0000
vn -0.0000 -0.9785 0.2062
vn -0.0000 -0.9174 -0.3980
vn -0.0000 0.0658 -0.9978
vn -0.0000 -0.9650 -0.2624
vn -0.0000 -0.3545 -0.9350
vn -0.0000 1.0000 0.0007
vn -0.0000 0.0840 -0.9965
vn -0.0000 -0.3707 -0.9288
vn -0.0000 -0.0000 1.0000
vn -0.0000 -0.6279 -0.7783
vn -0.0000 -1.0000 0.0079
vn -0.0000 0.0012 -1.0000
vn -0.0000 -0.0894 -0.9960
vn -0.0000 -0.6650 -0.7469
vn -0.0000 0.0011 -1.0000
vn -0.0000 -0.9978 0.0667
vn -0.0000 -0.2405 -0.9707
vn -0.0000 -0.9076 0.4197
vn -0.0000 -0.0021 -1.0000
vn -0.0000 0.0153 0.9999
vn -0.0000 -0.9999 -0.0118
vn -0.0000 -1.0000 0.0034
vn -0.0000 -0.0001 -1.0000
vn -0.0000 -0.9770 0.2131
vn -0.0000 -0.0230 0.9997
vn -0.0000 0.0008 -1.0000
vn -0.0000 -0.1319 0.9913
vn -0.0000 0.4912 -0.8711
vn -0.0000 0.0229 0.9997
vn -0.0000 0.0053 -1.0000
vn -0.0000 0.9906 -0.1367
vn -0.0000 -0.0018 1.0000
vn -0.0000 -0.5448 -0.8386
vn -0.0000 -0.1240 -0.9923
vn -0.0000 0.0256 0.9997
vn -0.0000 -0.8027 -0.5964
vn -0.0000 0.1268 0.9919
vn -0.0000 -0.1938 -0.9810
vn -0.0000 0.1719 -0.9851
vn -0.0000 1.0000 -0.0016
vn -0.0000 0.8513 -0.5247
vn -0.0000 1.0000 0.0021
vn -0.0000 0.9985 0.0555
vn -0.0000 -0.8199 -0.5725
vn -0.0000 0.9930 0.1185
vn -0.0000 0.6995 -0.7146
vn -0.0000 0.9631 0.2693
vn -0.0000 0.9527 0.3039
vn -0.0000 0.0014 -1.0000
vn -0.0000 -0.9998 0.0222
vn -0.0000 1.0000 0.0012
vn -0.0000 0.0021 -1.0000
vn -0.0000 0.9856 -0.1693
vn -0.0000 -0.6545 -0.7560
vn -0.0000 0.9616 0.2746
vn -0.0000 0.7663 -0.6425
vn -0.0000 0.3588 -0.9334
vn -0.0000 0.1012 -0.9949
vn -0.0000 -1.0000 -0.0052
vn -0.0000 0.1033 -0.9946
vn -0.0000 -0.9304 0.3667
vn -0.0000 0.6896 -0.7242
vn -0.0000 0.9908 -0.1355
vn -0.0000 0.0023 -1.0000
vn -0.0000 -0.9188 0.3947
vn -0.0000 0.1840 -0.9829
vn -0.0000 0.1718 -0.9851
vn -0.0000 0.0037 -1.0000
vn -0.0000 -0.9928 -0.1198
vn -0.0000 0.0284 -0.9996
vn -0.0000 0.0032 -1.0000
vn -0.0000 0.0214 0.9998
vn -0.0000 -0.4037 -0.9149
vn -0.0000 -0.2716 0.9624
vn -0.0000 -0.1309 -0.9914
vn -0.0000 0.0001 -1.0000
vn -0.0000 -0.0413 0.9991
vn -0.0000 -0.0010 -1.0000
vn -0.0000 -0.7196 -0.6944
vn -0.0000 -0.4528 -0.8916
vn -0.0000 -1.0000 0.0067
vn -0.0000 0.7289 0.6847
vn -0.0000 -0.2815 -0.9596
vn -0.0000 -0.9140 0.4058
vn -0.0000 -0.9603 0.2788
vn -0.0000 1.0000 -0.0009
vn -0.0000 0.9995 -0.0306
vn -0.0000 -0.9981 -0.0621
vn -0.0000 -0.7345 -0.6787
vn -0.0000 -0.0012 -1.0000
vn -0.0000 -0.2735 -0.9619
vn -0.0000 0.4048 -0.9144
vn -0.0000 -0.0025 -1.0000
vn -0.0000 0.9884 0.1516
vn -0.0000 0.9992 -0.0396
vn -0.0000 -0.0002 -1.0000
vn -0.0000 0.2771 -0.9608
vn -0.0000 -0.9960 0.0896
vn -0.0000 0.0030 -1.0000
vn -0.0000 -0.0376 -0.9993
vn -0.0000 -0.0164 0.9999
vn -0.0000 0.9803 -0.1977
vn -0.0000 0.9537 0.3008
vn -0.0000 0.0046 1.0000
vn -0.0000 -0.2421 -0.9702
vn -0.0000 1.0000 0.0028
vn -0.0000 0.2306 -0.9730
vn -0.0000 -0.9824 -0.1869
vn -0.0000 0.4306 -0.9026
vn -0.0000 0.1213 -0.9926
vn -0.0000 0.2556 0.9668
vn -0.0000 -0.9161 0.4009
vn -0.0000 -0.9419 0.3359
vn -0.0000 -0.9992 0.0392
vn -0.0000 0.8252 -0.5648
vn -0.0000 0.5740 0.8189
vn -0.0000 -0.3804 -0.9248
vn -0.0000 -0.9999 -0.0170
vn -0.0000 -0.3061 -0.9520
vn -0.0000 -0.7128 -0.7013
vn -0.0000 0.9994 0.0347
vn -0.0000 0.0005 -1.0000
vn -0.0000 -0.6956 -0.7185
vn -0.0000 0.0027 -1.0000
vn -0.0000 -0.0031 -1.0000
vn -0.0000 -0.9999 -0.0122
vn -0.0000 1.0000 0.0015
vn -0.0000 0.9999 0.0152
vn -0.0000 0.0003 -1.0000
vn -0.0000 0.9683 0.2498
vn -0.0000 -0.0003 -1.0000
vn -0.0000 -0.0017 -1.0000
vn -0.0000 -0.4883 0.8727
vn -0.0000 0.9137 -0.4064
vn -0.0000 -0.4978 -0.8673
vn -0.0000 0.0260 0.9997
vn -0.0000 -0.2925 -0.9563
vn -0.0000 0.7829 -0.6222
vn -0.0000 -0.3447 -0.9387
vn -0.0000 -0.8325 -0.5540
vn -0.0000 0.0013 -1.0000
vn -0.0000 -0.0626 0.9980
vn -0.0000 -0.5663 -0.8242
vn -0.0000 0.0262 -0.9997
vn -0.0000 0.2059 -0.9786
vn -0.0000 -0.9371 0.3490
vn -0.0000 0.0466 -0.9989
vn -0.0000 0.0333 -0.9994
vn -0.0000 -0.9155 0.4023
vn -0.0000 0.8509 0.5254
vn -0.0000 0.9842 0.1769
vn -0.0000 0.0004 -1.0000
vn -0.0000 0.6747 -0.7381
vn -0.0000 -1.0000 0.0083
vn -0.0000 -0.0607 -0.9982
vn -0.0000 -0.9982 0.0601
vn -0.0000 -0.4378 -0.8991
vn -0.0000 0.9645 -0.2639
vn -0.0000 1.0000 -0.0002
vn -0.0000 -0.1696 -0.9855
vn -0.0000 -0.6732 -0.7395
vn -0.0000 -0.9998 -0.0183
vn -0.0000 -0.9543 0.2987
vn -0.0000 -0.5074 -0.8617
vn -0.0000 -0.0013 -1.0000
vn -0.0000 -0.2262 -0.9741
vn -0.0000 -0.9135 0.4067
vn -0.0000 0.4064 -0.9137
vn -0.0000 -0.9931 0.1170
vn -0.0000 -0.9753 -0.2208
vn -0.0000 -0.4657 -0.8849
vn -0.0000 -0.5222 -0.8529
vn -0.0000 -0.2058 -0.9786
vn -0.0000 0.9740 0.2267
vn -0.0000 0.3227 -0.9465
vn -0.0000 0.9549 0.2970
vn -0.0000 -0.9177 -0.3972
vn -0.0000 0.9556 0.2947
vn -0.0000 -1.0000 -0.0035
vn -0.0000 -0.0000 -1.0000
vn -0.0000 0.9732 0.2301
vn -0.0000 0.8700 -0.4930
vn -0.0000 -0.9197 0.3927
vn -0.0000 -0.7370 0.6759
vn -0.0000 -0.9996 0.0269
vn -0.0000 -0.3533 -0.9355
vn -0.0000 -0.9292 0.3696
vn -0.0000 0.9923 0.1238
vn -0.0000 0.0245 0.9997
vn -0.0000 -0.9114 -0.4114
vn -0.0000 -0.0542 0.9985
vn -0.0000 -0.3383 -0.9410
vn -0.0000 -0.0553 0.9985
vn -0.0000 -0.0442 -0.9990
vn -0.0000 0.2453 -0.9694
vn -0.0000 -0.6143 -0.7891
vn -0.0000 0.9224 -0.3862
vn -0.0000 0.9866 0.1634
vn -0.0000 0.4077 0.9131
vn -0.0000 0.9958 0.0915
vn -0.0000 0.5101 -0.8601
vn -0.0000 -0.0005 -1.0000
vn -0.0000 0.9589 0.2839
vn -0.0000 0.1425 -0.9898
vn -0.0000 -0.9999 -0.0166
vn -0.0000 0.9299 0.3679
vn -0.0000 -0.2935 -0.9560
vn -0.0000 1.0000 0.0003
vn -0.0000 -0.0032 -1.0000
vn -0.0000 -0.2281 -0.9736
vn -0.0000 -0.7573 -0.6531
vn -0.0000 0.5817 -0.8134
vn -0.0000 1.0000 -0.0024
vn -0.0000 0.9664 0.2569
vn -0.0000 0.9967 -0.0813
vn -0.0000 0.5973 -0.8020
vn -0.0000 1.0000 0.0018
vn -0.0000 0.1621 -0.9868
vn -0.0000 0.9661 -0.2582
vn -0.0000 1.0000 0.0024
vn -0.0000 0.0094 -1.0000
vn -0.0000 0.0896 -0.9960
vn -0.0000 0.5505 -0.8348
vn -0.0000 0.0031 -1.0000
vn -0.0000 -0.2098 -0.9777
vn -0.0000 -0.4504 -0.8928
vn -0.0000 -0.7566 -0.6539
vn -0.0000 0.9803 0.1976
vn -0.0000 -0.3983 -0.9172
vn -0.0000 -0.6148 -0.7887
vn -0.0000 0.9531 0.3027
vn -0.0000 -0.5615 -0.8275
vn -0.0000 -0.9965 0.0839
vn -0.0000 -0.9855 0.1694
vn -0.0000 -0.1876 -0.9822
vn -0.0000 -0.0007 -1.0000
vn -0.0000 0.1714 -0.9852
vn -0.0000 0.1833 -0.9831
vn -0.0000 0.9908 -0.1353
vn -0.0000 0.6897 -0.7241
vn -0.0000 -0.9303 0.3667
vn -0.0000 0.1034 -0.9946
vn -0.0000 0.3587 -0.9334
vn -0.0000 0.7662 -0.6426
vn -0.0000 0.9616 0.2745
vn -0.0000 -0.6546 -0.7560
vn -0.0000 0.9856 -0.1692
vn -0.0000 0.6997 -0.7144
vn -0.0000 0.9929 0.1186
vn -0.0000 -0.8200 -0.5724
vn -0.0000 0.8513 -0.5246
vn -0.0000 -0.1939 -0.9810
vn -0.0000 0.1270 0.9919
vn -0.0000 -0.8026 -0.5965
vn -0.0000 0.0248 0.9997
vn -0.0000 -0.1239 -0.9923
vn -0.0000 -0.5453 -0.8383
vn -0.0000 -0.0020 1.0000
vn -0.0000 0.0220 0.9998
vn -0.0000 0.0151 0.9999
vn -0.0000 0.4913 -0.8710
vn -0.0000 -0.1317 0.9913
vn -0.0000 -0.0232 0.9997
vn -0.0000 -0.9076 0.4198
vn -0.0000 -0.2403 -0.9707
vn -0.0000 -0.0896 -0.9960
vn -0.0000 -0.6278 -0.7784
vn -0.0000 -0.3706 -0.9288
vn -0.0000 0.0841 -0.9965
vn -0.0000 -0.3550 -0.9349
vn -0.0000 -0.9650 -0.2623
vn -0.0000 0.0655 -0.9979
vn -0.0000 -0.9173 -0.3982
vn -0.0000 -0.0070 1.0000
vn -0.0000 0.9576 0.2881
vn -0.0000 -0.9235 0.3836
vn -0.0000 0.2933 -0.9560
vn -0.0000 -0.9244 0.3814
vn -0.0000 0.9407 -0.3392
vn -0.0000 -0.1876 -0.9823
vn -0.0000 0.9531 0.3025
vn -0.0000 0.9803 0.1977
vn -0.0000 -0.7564 -0.6541
vn -0.0000 -0.4502 -0.8929
vn -0.0000 -0.2094 -0.9778
vn -0.0000 0.5507 -0.8347
vn -0.0000 0.0898 -0.9960
vn -0.0000 0.0092 -1.0000
vn -0.0000 0.9660 -0.2585
vn -0.0000 0.1620 -0.9868
vn -0.0000 0.5972 -0.8021
vn -0.0000 0.9664 0.2570
vn -0.0000 0.5818 -0.8133
vn -0.0000 -0.2283 -0.9736
vn -0.0000 -0.0033 -1.0000
vn -0.0000 -0.2940 -0.9558
vn -0.0000 0.9299 0.3678
vn -0.0000 0.0055 -1.0000
vn -0.0000 0.1422 -0.9898
vn -0.0000 0.9588 0.2839
vn -0.0000 0.5100 -0.8602
vn -0.0000 0.9958 0.0914
vn -0.0000 0.4083 0.9128
vn -0.0000 0.2454 -0.9694
vn -0.0000 -0.0547 0.9985
vn -0.0000 -0.0546 0.9985
vn -0.0000 -0.9114 -0.4115
vn -0.0000 0.0255 0.9997
vn -0.0000 -0.9291 0.3698
vn -0.0000 -0.3531 -0.9356
vn -0.0000 -0.7370 0.6758
vn -0.0000 -0.9196 0.3928
vn -0.0000 0.9732 0.2300
vn -0.0000 0.9556 0.2948
vn -0.0000 0.0058 1.0000
vn -0.0000 0.9549 0.2971
vn -0.0000 0.3228 -0.9465
vn -0.0000 -0.0004 -1.0000
vn -0.0000 -0.2060 -0.9786
vn -0.0000 -0.5219 -0.8530
vn -0.0000 -0.9136 0.4066
vn -0.0000 -0.2264 -0.9740
vn -0.0000 -0.9543 0.2988
vn -0.0000 -0.6728 -0.7398
vn -0.0000 -0.1697 -0.9855
vn -0.0000 -0.4383 -0.8988
vn -0.0000 -0.0606 -0.9982
vn -0.0000 0.6748 -0.7380
vn -0.0000 0.9843 0.1768
vn -0.0000 0.8508 0.5255
vn -0.0000 -0.9155 0.4024
vn -0.0000 0.0471 -0.9989
vn -0.0000 -0.9371 0.3489
vn -0.0000 0.2069 -0.9784
vn -0.0000 0.0263 -0.9997
vn -0.0000 -0.5662 -0.8243
vn -0.0000 -0.0648 0.9979
vn -0.0000 -0.8326 -0.5539
vn -0.0000 0.7828 -0.6222
vn -0.0000 -0.4980 -0.8672
vn -0.0000 0.9138 -0.4061
vn -0.0000 -0.4882 0.8727
vn -0.0000 0.9683 0.2499
vn -0.0000 -0.6954 -0.7186
vn -0.0000 -0.3057 -0.9521
vn -0.0000 -0.3803 -0.9249
vn -0.0000 0.5732 0.8194
vn -0.0000 0.8250 -0.5652
vn -0.0000 -0.9419 0.3358
vn -0.0000 0.0035 -1.0000
vn -0.0000 -0.9162 0.4008
vn -0.0000 0.2560 0.9667
vn -0.0000 0.1219 -0.9925
vn -0.0000 0.4308 -0.9024
vn -0.0000 -0.9824 -0.1870
vn -0.0000 0.2301 -0.9732
vn -0.0000 -0.2421 -0.9703
vn -0.0000 0.9803 -0.1978
vn -0.0000 -0.0165 0.9999
vn -0.0000 -0.0374 -0.9993
vn -0.0000 0.2768 -0.9609
vn -0.0000 0.4045 -0.9145
vn -0.0000 -0.2737 -0.9618
vn -0.0000 -0.7345 -0.6786
vn -0.0000 -0.9604 0.2788
vn -0.0000 -0.9139 0.4060
vn -0.0000 -0.2811 -0.9597
vn -0.0000 0.7292 0.6844
vn -0.0000 -0.0406 0.9992
vn -0.0000 -0.1305 -0.9914
vn -0.0000 -0.4034 -0.9150
vn -0.0000 0.0286 -0.9996
vn 1.0000 -0.0000 -0.0000
vn -0.5540 -0.8325 -0.0000
vn 0.0079 -1.0000 -0.0000
vn -1.0000 0.0013 -0.0000
vn -0.9960 -0.0892 -0.0000
vn -0.9997 0.0258 -0.0000
vn -1.0000 0.0011 -0.0000
vn -1.0000 0.0030 -0.0000
vn 0.4198 -0.9076 -0.0000
vn 0.9999 0.0156 -0.0000
vn -0.0118 -0.9999 -0.0000
vn 0.0034 -1.0000 -0.0000
vn -1.0000 -0.0001 -0.0000
vn -1.0000 -0.0021 -0.0000
vn 0.9997 -0.0229 -0.0000
vn 0.2989 -0.9543 -0.0000
vn 0.9913 -0.1319 -0.0000
vn -0.8710 0.4912 -0.0000
vn 0.9998 0.0218 -0.0000
vn -1.0000 0.0054 -0.0000
vn -0.1367 0.9906 -0.0000
vn -0.8385 -0.5449 -0.0000
vn -0.9923 -0.1240 -0.0000
vn 0.4066 -0.9136 -0.0000
vn 0.9997 0.0251 -0.0000
vn -0.5963 -0.8028 -0.0000
vn 0.1170 -0.9931 -0.0000
vn -0.9810 -0.1939 -0.0000
vn -0.8529 -0.5220 -0.0000
vn -0.0016 1.0000 -0.0000
vn -0.9786 -0.2059 -0.0000
vn 0.0021 1.0000 -0.0000
vn -0.5723 -0.8200 -0.0000
vn -0.7151 0.6990 -0.0000
vn 0.3039 0.9527 -0.0000
vn -1.0000 0.0014 -0.0000
vn 0.0222 -0.9998 -0.0000
vn -1.0000 0.0021 -0.0000
vn -0.1693 0.9856 -0.0000
vn -0.7560 -0.6546 -0.0000
vn -0.9335 0.3587 -0.0000
vn -0.0053 -1.0000 -0.0000
vn -0.9947 0.1033 -0.0000
vn 0.3667 -0.9303 -0.0000
vn -0.1355 0.9908 -0.0000
vn -1.0000 0.0022 -0.0000
vn 0.3946 -0.9188 -0.0000
vn -0.9695 0.2452 -0.0000
vn -0.9850 0.1723 -0.0000
vn -1.0000 0.0036 -0.0000
vn -0.1198 -0.9928 -0.0000
vn -0.3862 0.9224 -0.0000
vn -1.0000 0.0032 -0.0000
vn -0.9150 -0.4035 -0.0000
vn 0.0914 0.9958 -0.0000
vn 0.9624 -0.2716 -0.0000
vn -0.9914 -0.1310 -0.0000
vn 0.2839 0.9589 -0.0000
vn -0.0166 -0.9999 -0.0000
vn 0.9991 -0.0415 -0.0000
vn -1.0000 -0.0010 -0.0000
vn 0.3678 0.9299 -0.0000
vn 0.0003 1.0000 -0.0000
vn -1.0000 0.0008 -0.0000
vn -0.9736 -0.2282 -0.0000
vn 0.0067 -1.0000 -0.0000
vn 0.6845 0.7290 -0.0000
vn 0.2569 0.9664 -0.0000
vn 0.4060 -0.9139 -0.0000
vn -0.8021 0.5971 -0.0000
vn 0.2788 -0.9604 -0.0000
vn -0.0009 1.0000 -0.0000
vn -0.0305 0.9995 -0.0000
vn -0.9868 0.1622 -0.0000
vn -0.6785 -0.7346 -0.0000
vn -0.2582 0.9661 -0.0000
vn -1.0000 -0.0012 -0.0000
vn -1.0000 0.0093 -0.0000
vn -0.9619 -0.2734 -0.0000
vn -0.9960 0.0898 -0.0000
vn -0.9144 0.4048 -0.0000
vn -1.0000 0.0004 -0.0000
vn -1.0000 -0.0026 -0.0000
vn -0.9778 -0.2093 -0.0000
vn 0.1516 0.9884 -0.0000
vn -0.6544 -0.7562 -0.0000
vn -0.0395 0.9992 -0.0000
vn -0.9172 -0.3983 -0.0000
vn -0.9609 0.2770 -0.0000
vn 0.1694 -0.9856 -0.0000
vn -0.9993 -0.0375 -0.0000
vn -1.0000 -0.0007 -0.0000
vn -0.1977 0.9803 -0.0000
vn 0.3009 0.9537 -0.0000
vn 0.4077 -0.9131 -0.0000
vn -0.9703 -0.2421 -0.0000
vn 0.0028 1.0000 -0.0000
vn 0.2881 0.9576 -0.0000
vn 0.2062 -0.9785 -0.0000
vn -0.9731 0.2305 -0.0000
vn -0.9350 -0.3547 -0.0000
vn -0.1869 -0.9824 -0.0000
vn -0.9024 0.4309 -0.0000
vn -0.7783 -0.6279 -0.0000
vn -0.9925 0.1219 -0.0000
vn -0.7469 -0.6650 -0.0000
vn 0.4010 -0.9161 -0.0000
vn 0.0667 -0.9978 -0.0000
vn -0.9707 -0.2405 -0.0000
vn 0.3360 -0.9419 -0.0000
vn 0.0392 -0.9992 -0.0000
vn -0.5650 0.8251 -0.0000
vn 0.8193 0.5733 -0.0000
vn -0.9247 -0.3808 -0.0000
vn -0.0170 -0.9999 -0.0000
vn -0.9520 -0.3060 -0.0000
vn -0.7013 -0.7128 -0.0000
vn -1.0000 0.0005 -0.0000
vn -0.7187 -0.6954 -0.0000
vn -1.0000 0.0027 -0.0000
vn -1.0000 -0.0031 -0.0000
vn -0.0122 -0.9999 -0.0000
vn 0.0152 0.9999 -0.0000
vn 0.2499 0.9683 -0.0000
vn 0.2131 -0.9770 -0.0000
vn -1.0000 -0.0003 -0.0000
vn 0.8728 -0.4881 -0.0000
vn -0.8673 -0.4979 -0.0000
vn 1.0000 -0.0018 -0.0000
vn 0.9997 0.0260 -0.0000
vn -0.9563 -0.2925 -0.0000
vn -0.6221 0.7829 -0.0000
vn -0.9387 -0.3447 -0.0000
vn 0.9919 0.1270 -0.0000
vn 0.9979 -0.0643 -0.0000
vn -0.8241 -0.5664 -0.0000
vn -0.9785 0.2061 -0.0000
vn -0.9851 0.1718 -0.0000
vn 0.3489 -0.9372 -0.0000
vn -0.9989 0.0467 -0.0000
vn -0.5246 0.8513 -0.0000
vn -0.9994 0.0332 -0.0000
vn 0.4024 -0.9154 -0.0000
vn -1.0000 0.0001 -0.0000
vn 0.0555 0.9985 -0.0000
vn 0.5256 0.8507 -0.0000
vn 0.1769 0.9842 -0.0000
vn 0.1185 0.9929 -0.0000
vn -1.0000 0.0003 -0.0000
vn 0.2693 0.9630 -0.0000
vn -0.7381 0.6747 -0.0000
vn 0.0083 -1.0000 -0.0000
vn -0.9981 -0.0609 -0.0000
vn 0.0601 -0.9982 -0.0000
vn -0.8990 -0.4380 -0.0000
vn 0.0012 1.0000 -0.0000
vn -0.2640 0.9645 -0.0000
vn -0.0002 1.0000 -0.0000
vn -0.9855 -0.1695 -0.0000
vn -0.7397 -0.6730 -0.0000
vn -0.0183 -0.9998 -0.0000
vn -0.8617 -0.5074 -0.0000
vn 0.2746 0.9616 -0.0000
vn -1.0000 -0.0013 -0.0000
vn -0.6425 0.7663 -0.0000
vn -0.9948 0.1014 -0.0000
vn -0.9740 -0.2267 -0.0000
vn -0.7242 0.6896 -0.0000
vn -0.9141 0.4055 -0.0000
vn -0.2208 -0.9753 -0.0000
vn -0.9829 0.1840 -0.0000
vn -0.8850 -0.4656 -0.0000
vn -0.9996 0.0287 -0.0000
vn 0.2266 0.9740 -0.0000
vn -1.0000 -0.0004 -0.0000
vn -0.9465 0.3228 -0.0000
vn 0.2970 0.9549 -0.0000
vn 1.0000 0.0052 -0.0000
vn -0.6941 -0.7199 -0.0000
vn -0.3974 -0.9177 -0.0000
vn 0.2947 0.9556 -0.0000
vn -0.8916 -0.4528 -0.0000
vn -0.0035 -1.0000 -0.0000
vn 0.2301 0.9732 -0.0000
vn -0.4929 0.8701 -0.0000
vn 0.3926 -0.9197 -0.0000
vn 0.6758 -0.7370 -0.0000
vn 0.0269 -0.9996 -0.0000
vn -0.9597 -0.2810 -0.0000
vn -0.9355 -0.3533 -0.0000
vn 0.3696 -0.9292 -0.0000
vn 0.1238 0.9923 -0.0000
vn 0.9997 0.0249 -0.0000
vn -0.4114 -0.9114 -0.0000
vn 0.9985 -0.0545 -0.0000
vn -0.0621 -0.9981 -0.0000
vn -0.9411 -0.3382 -0.0000
vn 0.9985 -0.0549 -0.0000
vn -0.9990 -0.0442 -0.0000
vn -0.7891 -0.6143 -0.0000
vn 0.1634 0.9866 -0.0000
vn 0.9129 0.4082 -0.0000
vn -0.8602 0.5100 -0.0000
vn -1.0000 -0.0005 -0.0000
vn -0.9898 0.1423 -0.0000
vn 0.0896 -0.9960 -0.0000
vn -0.9559 -0.2937 -0.0000
vn 0.9999 -0.0167 -0.0000
vn -1.0000 -0.0032 -0.0000
vn -0.6531 -0.7573 -0.0000
vn -0.8134 0.5817 -0.0000
vn -0.0024 1.0000 -0.0000
vn -0.0813 0.9967 -0.0000
vn 0.0018 1.0000 -0.0000
vn 0.0024 1.0000 -0.0000
vn 0.9667 0.2558 -0.0000
vn -0.8341 0.5516 -0.0000
vn -0.8929 -0.4502 -0.0000
vn 0.1977 0.9803 -0.0000
vn 0.0347 0.9994 -0.0000
vn -0.7887 -0.6148 -0.0000
vn 0.3026 0.9531 -0.0000
vn -0.8275 -0.5615 -0.0000
vn 0.0838 -0.9965 -0.0000
vn 0.0015 1.0000 -0.0000
vn -0.9823 -0.1875 -0.0000
vn -0.3392 0.9407 -0.0000
vn 0.3815 -0.9244 -0.0000
vn -1.0000 -0.0017 -0.0000
vn -0.9561 0.2931 -0.0000
vn 0.3836 -0.9235 -0.0000
vn 1.0000 -0.0073 -0.0000
vn -0.4063 0.9137 -0.0000
vn -0.3981 -0.9173 -0.0000
vn -0.9978 0.0658 -0.0000
vn -0.2623 -0.9650 -0.0000
vn 0.0007 1.0000 -0.0000
vn -0.0000 -0.9243 0.3815
vn -0.0000 0.9408 -0.3391
vn -0.0306 0.9995 -0.0000
vn -0.7187 -0.6953 -0.0000
vn -0.4063 0.9138 -0.0000
vn 0.2988 -0.9543 -0.0000
vn -0.2207 -0.9753 -0.0000
vn -0.3973 -0.9177 -0.0000
vn 0.6758 -0.7371 -0.0000
vn 0.9129 0.4081 -0.0000
vn 0.3677 0.9299 -0.0000
vn 0.1976 0.9803 -0.0000
vn -0.9965 0.0839 -0.0000
vn -0.9288 -0.3706 -0.0000
vn 0.0078 -1.0000 -0.0000
vn 0.4197 -0.9077 -0.0000
vn -0.8385 -0.5450 -0.0000
vn 0.1185 0.9930 -0.0000
vn -0.7151 0.6991 -0.0000
vn -0.0052 -1.0000 -0.0000
vn 0.3947 -0.9188 -0.0000
vn -0.0000 -0.0014 -1.0000
vn -0.0000 -0.0027 -1.0000
vn -0.0000 0.0007 -1.0000
vn -0.0000 0.0050 -1.0000
vn -0.0000 -0.0049 -1.0000
vn -0.0000 0.0042 -1.0000
vn -0.0000 -0.0018 -1.0000
vn -0.0000 -0.0061 -1.0000
vn -0.0000 -0.0009 -1.0000
vn -0.0000 0.0002 -1.0000
vn -0.0000 -0.0008 -1.0000
vn -0.0000 0.0083 -1.0000
vn -0.0000 -0.0006 -1.0000
vn -0.0000 0.0006 -1.0000
vn -0.0000 0.0009 -1.0000
vn -0.0000 0.0029 -1.0000
vn -0.0000 0.0010 -1.0000
vn -0.0000 -0.0026 -1.0000
vn -0.0000 0.0016 -1.0000
vn -0.0000 0.0022 -1.0000
vn -0.0000 0.0018 -1.0000
vt 0.839465 0.000000
vt 0.812709 0.000000
vt 0.809365 0.000000
vt 0.441472 0.000000
vt 0.314381 0.000000
vt 0.311037 0.000000
vt 0.444816 0.000000
vt 0.856187 0.000000
vt 0.799331 0.000000
vt 0.795987 0.000000
vt 0.183946 0.000000
vt 0.180602 0.000000
vt 0.167224 0.000000
vt 0.923077 0.000000
vt 0.919732 0.000000
vt 0.882943 0.000000
vt 0.879599 0.000000
vt 0.876254 0.000000
vt 0.969900 0.000000
vt 0.816054 0.000000
vt 0.836120 0.000000
vt 0.846154 0.000000
vt 0.806020 0.000000
vt 0.802676 0.000000
vt 0.468227 0.000000
vt 0.464883 0.000000
vt 0.301003 0.000000
vt 0.963211 0.000000
vt 0.959866 0.000000
vt 0.849498 0.000000
vt 0.916388 0.000000
vt 0.842809 0.000000
vt 0.852843 0.000000
vt 0.989967 0.000000
vt 0.632107 0.000000
vt 0.628763 0.000000
vt 0.829431 0.000000
vt 0.819398 0.000000
vt 0.832776 0.000000
vt 0.414716 0.000000
vt 0.344482 0.000000
vt 0.341137 0.000000
vt 0.826087 0.000000
vt 0.822742 0.000000
vt 0.886288 0.000000
vt 0.277592 0.000000
vt 0.274247 0.000000
vt 0.244147 0.000000
vt 0.906354 0.000000
vt 0.899666 0.000000
vt 0.896321 0.000000
vt 0.859532 0.000000
vt 0.909699 0.000000
vt 0.866221 0.000000
vt 0.792642 0.000000
vt 0.789298 0.000000
vt 0.862876 0.000000
vt 0.892977 0.000000
vt 0.889632 0.000000
vt 0.913043 0.000000
vt 0.926421 0.000000
vt 0.929766 0.000000
vt 0.672241 0.000000
vt 0.668896 0.000000
vt 0.772575 0.000000
vt 0.872910 0.000000
vt 0.869565 0.000000
vt 0.976589 0.000000
vt 0.715719 0.000000
vt 0.759197 0.000000
vt 0.719064 0.000000
vt 0.933110 0.000000
vt 0.936455 0.000000
vt 0.939799 0.000000
vt 0.943144 0.000000
vt 0.946488 0.000000
vt 0.949833 0.000000
vt 0.953177 0.000000
vt 0.956522 0.000000
vt 0.973244 0.000000
vt 0.966555 0.000000
vt 0.785953 0.000000
vt 0.979933 0.000000
vt 0.782609 0.000000
vt 0.983278 0.000000
vt 0.779264 0.000000
vt 0.775920 0.000000
vt 0.665552 0.000000
vt 0.418060 0.000000
vt 0.334448 0.000000
vt 0.331104 0.000000
vt 0.307692 0.000000
vt 0.448161 0.000000
vt 0.073579 0.000000
vt 0.217391 0.000000
vt 0.214047 0.000000
vt 0.625418 0.000000
vt 0.066890 0.000000
vt 0.063545 0.000000
vt 0.481605 0.000000
vt 0.595318 0.000000
vt 1.000000 0.000000
vt 0.996656 0.000000
vt 0.642140 0.000000
vt 0.638796 0.000000
vt 0.993311 0.000000
vt 0.608696 0.000000
vt 0.605351 0.000000
vt 0.635451 0.000000
vt 0.903010 0.000000
vt 0.675585 0.000000
vt 0.709030 0.000000
vt 0.762542 0.000000
vt 0.712375 0.000000
vt 0.662207 0.000000
vt 0.404682 0.000000
vt 0.401338 0.000000
vt 0.374582 0.000000
vt 0.695652 0.000000
vt 0.692308 0.000000
vt 0.765886 0.000000
vt 0.742475 0.000000
vt 0.732441 0.000000
vt 0.745819 0.000000
vt 0.193980 0.000000
vt 0.157191 0.000000
vt 0.197324 0.000000
vt 0.648829 0.000000
vt 0.645485 0.000000
vt 0.682274 0.000000
vt 0.769231 0.000000
vt 0.685619 0.000000
vt 0.688963 0.000000
vt 0.752508 0.000000
vt 0.722408 0.000000
vt 0.755853 0.000000
vt 0.471572 0.000000
vt 0.297659 0.000000
vt 0.377926 0.000000
vt 0.294314 0.000000
vt 0.474916 0.000000
vt 0.725753 0.000000
vt 0.177258 0.000000
vt 0.173913 0.000000
vt 0.170569 0.000000
vt 0.602007 0.000000
vt 0.702341 0.000000
vt 0.705686 0.000000
vt 0.729097 0.000000
vt 0.749164 0.000000
vt 0.986622 0.000000
vt 0.652174 0.000000
vt 0.060201 0.000000
vt 0.494983 0.000000
vt 0.698997 0.000000
vt 0.100334 0.000000
vt 0.096990 0.000000
vt 0.103679 0.000000
vt 0.080268 0.000000
vt 0.137124 0.000000
vt 0.133779 0.000000
vt 0.408027 0.000000
vt 0.364549 0.000000
vt 0.107023 0.000000
vt 0.394649 0.000000
vt 0.387960 0.000000
vt 0.384615 0.000000
vt 0.056856 0.000000
vt 0.518395 0.000000
vt 0.515050 0.000000
vt 0.622074 0.000000
vt 0.618729 0.000000
vt 0.615385 0.000000
vt 0.612040 0.000000
vt 0.658863 0.000000
vt 0.528428 0.000000
vt 0.053512 0.000000
vt 0.655518 0.000000
vt 0.598662 0.000000
vt 0.538462 0.000000
vt 0.050167 0.000000
vt 0.591973 0.000000
vt 0.000000 0.000000
vt 0.588629 0.000000
vt 0.003344 0.000000
vt 0.006689 0.000000
vt 0.585284 0.000000
vt 0.010033 0.000000
vt 0.013378 0.000000
vt 0.581940 0.000000
vt 0.016722 0.000000
vt 0.020067 0.000000
vt 0.578595 0.000000
vt 0.023411 0.000000
vt 0.575251 0.000000
vt 0.026756 0.000000
vt 0.571906 0.000000
vt 0.030100 0.000000
vt 0.568562 0.000000
vt 0.033445 0.000000
vt 0.565217 0.000000
vt 0.036789 0.000000
vt 0.561873 0.000000
vt 0.558528 0.000000
vt 0.040134 0.000000
vt 0.555184 0.000000
vt 0.551839 0.000000
vt 0.043478 0.000000
vt 0.548495 0.000000
vt 0.046823 0.000000
vt 0.545151 0.000000
vt 0.541806 0.000000
vt 0.535117 0.000000
vt 0.531773 0.000000
vt 0.367893 0.000000
vt 0.525084 0.000000
vt 0.521739 0.000000
vt 0.511706 0.000000
vt 0.508361 0.000000
vt 0.505017 0.000000
vt 0.501672 0.000000
vt 0.498328 0.000000
vt 0.391304 0.000000
vt 0.270903 0.000000
vt 0.250836 0.000000
vt 0.247492 0.000000
vt 0.438127 0.000000
vt 0.434783 0.000000
vt 0.735786 0.000000
vt 0.083612 0.000000
vt 0.123746 0.000000
vt 0.327759 0.000000
vt 0.324415 0.000000
vt 0.491639 0.000000
vt 0.140468 0.000000
vt 0.411371 0.000000
vt 0.351171 0.000000
vt 0.347826 0.000000
vt 0.371237 0.000000
vt 0.488294 0.000000
vt 0.421405 0.000000
vt 0.321070 0.000000
vt 0.113712 0.000000
vt 0.110368 0.000000
vt 0.090301 0.000000
vt 0.484950 0.000000
vt 0.093645 0.000000
vt 0.454850 0.000000
vt 0.451505 0.000000
vt 0.267559 0.000000
vt 0.254181 0.000000
vt 0.397993 0.000000
vt 0.200669 0.000000
vt 0.478261 0.000000
vt 0.739130 0.000000
vt 0.127090 0.000000
vt 0.354515 0.000000
vt 0.160535 0.000000
vt 0.424749 0.000000
vt 0.264214 0.000000
vt 0.153846 0.000000
vt 0.357860 0.000000
vt 0.381271 0.000000
vt 0.428094 0.000000
vt 0.317726 0.000000
vt 0.361204 0.000000
vt 0.304348 0.000000
vt 0.461538 0.000000
vt 0.458194 0.000000
vt 0.431438 0.000000
vt 0.163880 0.000000
vt 0.187291 0.000000
vt 0.678930 0.000000
vt 0.290970 0.000000
vt 0.287625 0.000000
vt 0.237458 0.000000
vt 0.284281 0.000000
vt 0.257525 0.000000
vt 0.260870 0.000000
vt 0.337793 0.000000
vt 0.280936 0.000000
vt 0.240803 0.000000
vt 0.234114 0.000000
vt 0.230769 0.000000
vt 0.130435 0.000000
vt 0.070234 0.000000
vt 0.227425 0.000000
vt 0.076923 0.000000
vt 0.207358 0.000000
vt 0.204013 0.000000
vt 0.224080 0.000000
vt 0.220736 0.000000
vt 0.210702 0.000000
vt 0.143813 0.000000
vt 0.190635 0.000000
vt 0.086957 0.000000
vt 0.120401 0.000000
vt 0.117057 0.000000
vt 0.147157 0.000000
vt 0.150502 0.000000
s 0
g Essenza_L_corner_SVGMat
usemtl SVGMat
f 252/1/1 244/2/1 243/3/1
f 133/4/2 95/5/2 94/6/2
f 134/7/2 133/4/2 94/6/2
f 257/8/2 240/9/2 239/10/2
f 56/11/2 55/12/2 51/13/2
f 277/14/1 276/15/1 265/16/1
f 264/17/2 263/18/2 291/19/2
f 245/20/3 244/2/3 251/21/3
f 254/22/2 242/23/2 241/24/2
f 141/25/2 140/26/2 91/27/2
f 289/28/1 288/29/1 264/17/1
f 255/30/2 254/22/2 241/24/2
f 276/15/2 275/31/2 265/16/2
f 254/22/2 253/32/2 242/23/2
f 256/33/2 255/30/2 240/9/2
f 297/34/2 190/35/2 189/36/2
f 249/37/4 246/38/4 250/39/4
f 125/40/5 104/41/5 103/42/5
f 248/43/2 247/44/2 249/37/2
f 275/31/1 266/45/1 265/16/1
f 249/37/2 247/44/2 246/38/2
f 84/46/2 83/47/2 74/48/2
f 250/39/2 246/38/2 245/20/2
f 272/49/3 270/50/3 269/51/3
f 258/52/2 257/8/2 239/10/2
f 272/49/2 269/51/2 273/53/2
f 260/54/2 238/55/2 237/56/2
f 259/57/2 258/52/2 239/10/2
f 269/51/2 268/58/2 273/53/2
f 259/57/2 239/10/2 238/55/2
f 268/58/2 267/59/2 274/60/2
f 257/8/2 256/33/2 240/9/2
f 278/61/2 277/14/2 265/16/2
f 260/54/2 259/57/2 238/55/2
f 279/62/6 278/61/6 265/16/6
f 202/63/2 201/64/2 232/65/2
f 262/66/2 261/67/2 293/68/2
f 215/69/5 228/70/5 216/71/5
f 279/62/2 265/16/2 280/72/2
f 280/72/7 265/16/7 281/73/7
f 281/73/2 265/16/2 282/74/2
f 282/74/2 265/16/2 283/75/2
f 284/76/1 283/75/1 264/17/1
f 285/77/2 284/76/2 264/17/2
f 286/78/2 285/77/2 264/17/2
f 287/79/2 286/78/2 264/17/2
f 288/29/2 287/79/2 264/17/2
f 263/18/2 262/66/2 292/80/2
f 289/28/2 264/17/2 290/81/2
f 290/81/2 264/17/2 291/19/2
f 255/30/2 241/24/2 240/9/2
f 291/19/2 263/18/2 292/80/2
f 261/67/2 260/54/2 237/56/2
f 292/80/2 262/66/2 293/68/2
f 261/67/2 237/56/2 236/82/2
f 293/68/2 261/67/2 294/83/2
f 294/83/2 261/67/2 236/82/2
f 235/84/2 294/83/2 236/82/2
f 235/84/2 295/85/2 294/83/2
f 234/86/2 295/85/2 235/84/2
f 233/87/2 200/88/2 234/86/2
f 126/89/2 101/90/2 100/91/2
f 232/65/2 201/64/2 233/87/2
f 94/6/2 93/92/2 135/93/2
f 23/94/2 66/95/2 65/96/2
f 297/34/2 189/36/2 188/97/2
f 21/98/2 20/99/2 145/100/2
f 179/101/2 300/102/2 299/103/2
f 297/34/2 193/104/2 192/105/2
f 298/106/2 183/107/2 182/108/2
f 297/34/2 192/105/2 191/109/2
f 272/49/8 271/110/8 270/50/8
f 202/63/2 232/65/2 203/111/2
f 213/112/2 229/113/2 214/114/2
f 199/115/2 295/85/2 234/86/2
f 122/116/5 121/117/5 113/118/5
f 209/119/2 208/120/2 230/121/2
f 223/122/2 220/123/2 224/124/2
f 59/125/2 48/126/2 60/127/2
f 297/34/2 195/128/2 194/129/2
f 205/130/2 231/131/2 206/132/2
f 208/120/2 207/133/2 230/121/2
f 207/133/9 206/132/9 230/121/9
f 297/34/2 194/129/2 193/104/2
f 226/134/2 217/135/2 227/136/2
f 142/137/10 141/25/10 90/138/10
f 121/117/2 114/139/2 113/118/2
f 89/140/2 143/141/2 90/138/2
f 218/142/2 217/135/2 226/134/2
f 54/143/11 53/144/11 52/145/11
f 298/106/2 182/108/2 181/146/2
f 211/147/2 230/121/2 212/148/2
f 212/148/2 229/113/2 213/112/2
f 224/124/9 219/149/9 225/150/9
f 296/151/2 196/152/2 195/128/2
f 20/99/2 19/153/2 149/154/2
f 211/147/2 210/155/2 230/121/2
f 31/156/2 30/157/2 32/158/2
f 275/31/3 274/60/3 266/45/3
f 25/159/9 42/160/9 41/161/9
f 123/162/2 122/116/2 110/163/2
f 30/157/12 33/164/12 32/158/12
f 220/123/2 219/149/2 224/124/2
f 250/39/13 245/20/13 251/21/13
f 231/131/2 230/121/2 206/132/2
f 119/165/2 117/166/2 116/167/2
f 18/168/2 156/169/2 155/170/2
f 298/106/2 297/34/2 188/97/2
f 187/171/2 298/106/2 188/97/2
f 186/172/2 298/106/2 187/171/2
f 185/173/2 298/106/2 186/172/2
f 185/173/2 184/174/2 298/106/2
f 296/151/2 295/85/2 198/175/2
f 159/176/2 18/168/2 17/177/2
f 296/151/2 197/178/2 196/152/2
f 299/103/2 298/106/2 181/146/2
f 180/179/2 299/103/2 181/146/2
f 180/179/2 179/101/2 299/103/2
f 162/180/2 17/177/2 16/181/2
f 178/182/2 300/102/2 179/101/2
f 178/182/2 1/183/2 300/102/2
f 177/184/2 1/183/2 178/182/2
f 177/184/2 2/185/2 1/183/2
f 177/184/2 3/186/2 2/185/2
f 176/187/2 4/188/2 177/184/2
f 296/151/2 198/175/2 197/178/2
f 176/187/2 5/189/2 4/188/2
f 175/190/2 5/189/2 176/187/2
f 175/190/2 6/191/2 5/189/2
f 175/190/2 7/192/2 6/191/2
f 174/193/2 7/192/2 175/190/2
f 174/193/2 8/194/2 7/192/2
f 173/195/2 8/194/2 174/193/2
f 173/195/2 9/196/2 8/194/2
f 172/197/2 9/196/2 173/195/2
f 172/197/2 10/198/2 9/196/2
f 171/199/2 10/198/2 172/197/2
f 171/199/2 11/200/2 10/198/2
f 170/201/2 11/200/2 171/199/2
f 170/201/2 12/202/2 11/200/2
f 169/203/2 12/202/2 170/201/2
f 168/204/2 12/202/2 169/203/2
f 168/204/2 13/205/2 12/202/2
f 167/206/2 13/205/2 168/204/2
f 166/207/2 13/205/2 167/206/2
f 166/207/2 14/208/2 13/205/2
f 165/209/2 14/208/2 166/207/2
f 165/209/2 15/210/2 14/208/2
f 164/211/2 15/210/2 165/209/2
f 164/211/2 16/181/2 15/210/2
f 163/212/2 16/181/2 164/211/2
f 163/212/2 162/180/2 16/181/2
f 297/34/2 296/151/2 195/128/2
f 161/213/2 17/177/2 162/180/2
f 160/214/2 17/177/2 161/213/2
f 160/214/2 159/176/2 17/177/2
f 122/116/2 111/215/2 110/163/2
f 158/216/2 18/168/2 159/176/2
f 157/217/2 18/168/2 158/216/2
f 157/217/2 156/169/2 18/168/2
f 200/88/2 199/115/2 234/86/2
f 19/153/2 18/168/2 155/170/2
f 154/218/2 19/153/2 155/170/2
f 153/219/2 19/153/2 154/218/2
f 152/220/2 19/153/2 153/219/2
f 151/221/2 19/153/2 152/220/2
f 150/222/2 19/153/2 151/221/2
f 149/154/2 19/153/2 150/222/2
f 118/223/2 117/166/2 119/165/2
f 82/224/9 76/225/9 75/226/9
f 268/58/5 274/60/5 273/53/5
f 274/60/10 267/59/10 266/45/10
f 228/70/2 227/136/2 217/135/2
f 132/227/2 131/228/2 95/5/2
f 223/122/2 221/229/2 220/123/2
f 26/230/2 25/159/2 38/231/2
f 126/89/5 99/232/5 98/233/5
f 148/234/2 20/99/2 149/154/2
f 133/4/2 132/227/2 95/5/2
f 25/159/5 43/235/5 42/160/5
f 124/236/2 106/237/2 105/238/2
f 122/116/2 113/118/2 112/239/2
f 219/149/5 218/142/5 225/150/5
f 147/240/2 20/99/2 148/234/2
f 295/85/5 199/115/5 198/175/5
f 127/241/2 126/89/2 98/233/2
f 127/241/2 98/233/2 97/242/2
f 35/243/1 34/244/1 28/245/1
f 253/32/2 252/1/2 243/3/2
f 146/246/9 20/99/9 147/240/9
f 33/164/10 30/157/10 29/247/10
f 93/92/2 137/248/2 136/249/2
f 81/250/4 77/251/4 76/225/4
f 145/100/2 20/99/2 146/246/2
f 120/252/2 119/165/2 116/167/2
f 43/235/2 25/159/2 61/253/2
f 144/254/2 21/98/2 145/100/2
f 223/122/1 222/255/1 221/229/1
f 135/93/14 134/7/14 94/6/14
f 143/141/14 21/98/14 144/254/14
f 25/159/2 39/256/2 38/231/2
f 124/236/2 123/162/2 107/257/2
f 49/258/2 48/126/2 59/125/2
f 128/259/2 127/241/2 97/242/2
f 210/155/2 209/119/2 230/121/2
f 77/251/15 81/250/15 80/260/15
f 297/34/2 191/109/2 190/35/2
f 48/126/10 47/261/10 60/127/10
f 123/162/9 108/262/9 107/257/9
f 61/253/2 60/127/2 47/261/2
f 121/117/9 115/263/9 114/139/9
f 129/264/9 128/259/9 96/265/9
f 123/162/2 110/163/2 109/266/2
f 92/267/2 139/268/2 138/269/2
f 130/270/2 129/264/2 96/265/2
f 124/236/2 107/257/2 106/237/2
f 128/259/2 97/242/2 96/265/2
f 50/271/2 49/258/2 57/272/2
f 138/269/14 137/248/14 93/92/14
f 130/270/2 96/265/2 95/5/2
f 93/92/2 92/267/2 138/269/2
f 201/64/2 200/88/2 233/87/2
f 120/252/9 116/167/9 115/263/9
f 140/26/2 92/267/2 91/27/2
f 140/26/2 139/268/2 92/267/2
f 126/89/9 100/91/9 99/232/9
f 204/273/2 203/111/2 231/131/2
f 4/188/2 3/186/2 177/184/2
f 225/150/2 218/142/2 226/134/2
f 21/98/2 143/141/2 89/140/2
f 88/274/2 21/98/2 89/140/2
f 87/275/2 72/276/2 88/274/2
f 86/277/2 72/276/2 87/275/2
f 298/106/2 184/174/2 183/107/2
f 83/47/2 82/224/2 75/226/2
f 82/224/2 81/250/2 76/225/2
f 143/141/2 142/137/2 90/138/2
f 78/278/2 77/251/2 80/260/2
f 79/279/2 78/278/2 80/260/2
f 83/47/1 75/226/1 74/48/1
f 93/92/2 136/249/2 135/93/2
f 125/40/9 102/280/9 101/90/9
f 86/277/2 85/281/2 73/282/2
f 86/277/2 73/282/2 72/276/2
f 85/281/2 84/46/2 73/282/2
f 72/276/2 21/98/2 88/274/2
f 21/98/2 72/276/2 71/283/2
f 21/98/2 71/283/2 70/284/2
f 25/159/2 41/161/2 40/285/2
f 22/286/2 21/98/2 70/284/2
f 22/286/2 70/284/2 69/287/2
f 24/288/2 63/289/2 62/290/2
f 23/94/2 22/286/2 68/291/2
f 67/292/2 23/94/2 68/291/2
f 67/292/2 66/95/2 23/94/2
f 121/117/5 120/252/5 115/263/5
f 24/288/2 23/94/2 65/96/2
f 64/293/2 24/288/2 65/96/2
f 64/293/2 63/289/2 24/288/2
f 22/286/2 69/287/2 68/291/2
f 25/159/2 24/288/2 62/290/2
f 61/253/2 25/159/2 62/290/2
f 44/294/2 43/235/2 61/253/2
f 34/244/14 33/164/14 29/247/14
f 122/116/2 112/239/2 111/215/2
f 230/121/2 229/113/2 212/148/2
f 131/228/2 130/270/2 95/5/2
f 125/40/2 103/42/2 102/280/2
f 58/295/2 49/258/2 59/125/2
f 57/272/1 49/258/1 58/295/1
f 214/114/5 229/113/5 215/69/5
f 56/11/2 50/271/2 57/272/2
f 126/89/2 125/40/2 101/90/2
f 229/113/2 228/70/2 215/69/2
f 54/143/2 52/145/2 55/12/2
f 34/244/5 29/247/5 28/245/5
f 55/12/5 52/145/5 51/13/5
f 27/296/2 35/243/2 28/245/2
f 26/230/2 37/297/2 36/298/2
f 26/230/9 38/231/9 37/297/9
f 244/2/5 252/1/5 251/21/5
f 109/266/2 108/262/2 123/162/2
f 50/271/2 56/11/2 51/13/2
f 45/299/14 61/253/14 46/300/14
f 232/65/2 231/131/2 203/111/2
f 46/300/2 61/253/2 47/261/2
f 45/299/1 44/294/1 61/253/1
f 265/16/2 264/17/2 283/75/2
f 125/40/2 124/236/2 104/41/2
f 35/243/14 27/296/14 36/298/14
f 84/46/2 74/48/2 73/282/2
f 124/236/2 105/238/2 104/41/2
f 205/130/5 204/273/5 231/131/5
f 216/71/2 228/70/2 217/135/2
f 27/296/2 26/230/2 36/298/2
f 25/159/5 40/285/5 39/256/5
f 253/32/9 243/3/9 242/23/9
f 90/138/2 141/25/2 91/27/2
f 511/147/16 811/147/16 810/155/16 510/155/16
f 410/163/17 710/163/17 709/266/17 409/266/17
f 507/133/18 807/133/18 806/132/18 506/132/18
f 424/236/19 724/236/19 723/162/19 423/162/19
f 581/73/20 881/73/20 880/72/20 580/72/20
f 503/111/21 803/111/21 802/63/21 502/63/21
f 353/144/22 653/144/22 652/145/22 352/145/22
f 401/90/23 701/90/23 700/91/23 400/91/23
f 499/115/24 799/115/24 798/175/24 498/175/24
f 358/295/25 658/295/25 657/272/25 357/272/25
f 560/54/26 860/54/26 859/57/26 559/57/26
f 402/280/27 702/280/27 701/90/27 401/90/27
f 491/109/28 791/109/28 790/35/28 490/35/28
f 596/151/29 896/151/29 895/85/29 595/85/29
f 495/128/30 795/128/30 794/129/30 494/129/30
f 345/299/31 645/299/31 644/294/31 344/294/31
f 466/207/32 766/207/32 765/209/32 465/209/32
f 483/107/33 783/107/33 782/108/33 482/108/33
f 324/288/29 624/288/29 623/94/29 323/94/29
f 371/283/34 671/283/34 670/284/34 370/284/34
f 600/102/29 900/102/29 899/103/29 599/103/29
f 394/6/35 694/6/35 693/92/35 393/92/35
f 350/271/36 650/271/36 649/258/36 349/258/36
f 487/171/37 787/171/37 786/172/37 486/172/37
f 467/206/35 767/206/35 766/207/35 466/207/35
f 599/103/29 899/103/29 898/106/29 598/106/29
f 333/164/38 633/164/38 632/158/38 332/158/38
f 479/101/39 779/101/39 778/182/39 478/182/39
f 588/29/40 888/29/40 887/79/40 587/79/40
f 343/235/41 643/235/41 642/160/41 342/160/41
f 337/297/42 637/297/42 636/298/42 336/298/42
f 471/199/43 771/199/43 770/201/43 470/201/43
f 591/19/29 891/19/29 890/81/29 590/81/29
f 325/159/29 625/159/29 624/288/29 324/288/29
f 592/80/29 892/80/29 891/19/29 591/19/29
f 459/176/39 759/176/39 758/216/39 458/216/39
f 334/244/44 634/244/44 633/164/44 333/164/44
f 580/72/45 880/72/45 879/62/45 579/62/45
f 463/212/46 763/212/46 762/180/46 462/180/46
f 329/247/47 629/247/47 628/245/47 328/245/47
f 451/221/48 751/221/48 750/222/48 450/222/48
f 583/75/40 883/75/40 882/74/40 582/74/40
f 317/177/29 617/177/29 616/181/29 316/181/29
f 584/76/49 884/76/49 883/75/49 583/75/49
f 386/277/50 686/277/50 685/281/50 385/281/50
f 443/141/51 743/141/51 742/137/51 442/137/51
f 326/230/52 626/230/52 625/159/52 325/159/52
f 321/98/29 621/98/29 620/99/29 320/99/29
f 378/278/53 678/278/53 677/251/53 377/251/53
f 528/70/54 828/70/54 827/136/54 527/136/54
f 576/15/55 876/15/55 875/31/55 575/31/55
f 523/122/56 823/122/56 822/255/56 522/255/56
f 575/31/57 875/31/57 874/60/57 574/60/57
f 362/290/58 662/290/58 661/253/58 361/253/58
f 318/168/29 618/168/29 617/177/29 317/177/29
f 309/196/29 609/196/29 608/194/29 308/194/29
f 455/170/59 755/170/59 754/218/59 454/218/59
f 564/17/60 864/17/60 863/18/60 563/18/60
f 447/240/61 747/240/61 746/246/61 446/246/61
f 313/205/29 613/205/29 612/202/29 312/202/29
f 556/33/62 856/33/62 855/30/62 555/30/62
f 439/268/63 739/268/63 738/269/63 438/269/63
f 354/143/64 654/143/64 653/144/64 353/144/64
f 567/59/65 867/59/65 866/45/65 566/45/65
f 548/43/66 848/43/66 847/44/66 547/44/66
f 431/228/67 731/228/67 730/270/67 430/270/67
f 427/241/68 727/241/68 726/89/68 426/89/68
f 310/198/29 610/198/29 609/196/29 309/196/29
f 540/9/69 840/9/69 839/10/69 539/10/69
f 346/300/70 646/300/70 645/299/70 345/299/70
f 559/57/71 859/57/71 858/52/71 558/52/71
f 532/65/72 832/65/72 831/131/72 531/131/72
f 302/185/29 602/185/29 601/183/29 301/183/29
f 419/165/73 719/165/73 718/223/73 418/223/73
f 524/124/74 824/124/74 823/122/74 523/122/74
f 423/162/75 723/162/75 722/116/75 422/116/75
f 448/234/76 748/234/76 747/240/76 447/240/76
f 595/85/29 895/85/29 894/83/29 594/83/29
f 411/215/77 711/215/77 710/163/77 410/163/77
f 456/169/78 756/169/78 755/170/78 455/170/78
f 338/231/79 638/231/79 637/297/79 337/297/79
f 403/42/80 703/42/80 702/280/80 402/280/80
f 516/71/81 816/71/81 815/69/81 515/69/81
f 415/263/82 715/263/82 714/139/82 414/139/82
f 552/1/83 852/1/83 851/21/83 551/21/83
f 395/5/84 695/5/84 694/6/84 394/6/84
f 508/120/85 808/120/85 807/133/85 507/133/85
f 407/257/86 707/257/86 706/237/86 406/237/86
f 544/2/87 844/2/87 843/3/87 543/3/87
f 387/275/88 687/275/88 686/277/88 386/277/88
f 500/88/89 800/88/89 799/115/89 499/115/89
f 399/232/90 699/232/90 698/233/90 398/233/90
f 536/82/91 836/82/91 835/84/91 535/84/91
f 587/79/92 887/79/92 886/78/92 586/78/92
f 492/105/93 792/105/93 791/109/93 491/109/93
f 330/157/94 630/157/94 629/247/94 329/247/94
f 484/174/95 784/174/95 783/107/95 483/107/95
f 391/27/96 691/27/96 690/138/96 390/138/96
f 594/83/29 894/83/29 893/68/29 593/68/29
f 579/62/97 879/62/97 878/61/97 578/61/97
f 476/187/98 776/187/98 775/190/98 475/190/98
f 383/47/95 683/47/95 682/224/95 382/224/95
f 322/286/29 622/286/29 621/98/29 321/98/29
f 375/226/99 675/226/99 674/48/99 374/48/99
f 367/292/100 667/292/100 666/95/100 366/95/100
f 468/204/46 768/204/46 767/206/46 467/206/46
f 520/123/101 820/123/101 819/149/101 519/149/101
f 571/110/102 871/110/102 870/50/102 570/50/102
f 359/125/103 659/125/103 658/295/103 358/295/103
f 512/148/104 812/148/104 811/147/104 511/147/104
f 314/208/29 614/208/29 613/205/29 313/205/29
f 504/273/105 804/273/105 803/111/105 503/111/105
f 563/18/106 863/18/106 862/66/106 562/66/106
f 441/25/107 741/25/107 740/26/107 440/26/107
f 351/13/108 651/13/108 650/271/108 350/271/108
f 496/152/109 796/152/109 795/128/109 495/128/109
f 306/191/29 606/191/29 605/189/29 305/189/29
f 460/214/110 760/214/110 759/176/110 459/176/110
f 301/183/29 601/183/29 900/102/29 600/102/29
f 488/97/111 788/97/111 787/171/111 487/171/111
f 452/220/112 752/220/112 751/221/112 451/221/112
f 480/179/113 780/179/113 779/101/113 479/101/113
f 598/106/29 898/106/29 897/34/29 597/34/29
f 436/249/114 736/249/114 735/93/114 435/93/114
f 553/32/115 853/32/115 852/1/115 552/1/115
f 472/197/116 772/197/116 771/199/116 471/199/116
f 545/20/117 845/20/117 844/2/117 544/2/117
f 335/243/118 635/243/118 634/244/118 334/244/118
f 537/56/119 837/56/119 836/82/119 536/82/119
f 590/81/29 890/81/29 889/28/29 589/28/29
f 529/113/120 829/113/120 828/70/120 528/70/120
f 327/296/121 627/296/121 626/230/121 326/230/121
f 464/211/35 764/211/35 763/212/35 463/212/35
f 444/254/122 744/254/122 743/141/122 443/141/122
f 428/259/123 728/259/123 727/241/123 427/241/123
f 582/74/124 882/74/124 881/73/124 581/73/124
f 363/289/125 663/289/125 662/290/125 362/290/125
f 420/252/126 720/252/126 719/165/126 419/165/126
f 409/266/127 709/266/127 708/262/127 408/262/127
f 521/229/128 821/229/128 820/123/128 520/123/128
f 412/239/129 712/239/129 711/215/129 411/215/129
f 319/153/29 619/153/29 618/168/29 318/168/29
f 404/41/130 704/41/130 703/42/130 403/42/130
f 574/60/131 874/60/131 873/53/131 573/53/131
f 513/112/132 813/112/132 812/148/132 512/148/132
f 396/265/88 696/265/88 695/5/88 395/5/88
f 505/130/133 805/130/133 804/273/133 504/273/133
f 347/261/134 647/261/134 646/300/134 346/300/134
f 388/274/72 688/274/72 687/275/72 387/275/72
f 549/37/135 849/37/135 848/43/135 548/43/135
f 572/49/136 872/49/136 871/110/136 571/110/136
f 380/260/137 680/260/137 679/279/137 379/279/137
f 311/200/29 611/200/29 610/198/29 310/198/29
f 340/285/138 640/285/138 639/256/138 339/256/138
f 489/36/139 789/36/139 788/97/139 488/97/139
f 372/276/140 672/276/140 671/283/140 371/283/140
f 566/45/141 866/45/141 865/16/141 565/16/141
f 541/24/142 841/24/142 840/9/142 540/9/142
f 355/12/143 655/12/143 654/143/143 354/143/143
f 303/186/29 603/186/29 602/185/29 302/185/29
f 533/87/144 833/87/144 832/65/144 532/65/144
f 481/146/145 781/146/145 780/179/145 480/179/145
f 339/256/146 639/256/146 638/231/146 338/231/146
f 558/52/147 858/52/147 857/8/147 557/8/147
f 440/26/148 740/26/148 739/268/148 439/268/148
f 462/180/149 762/180/149 761/213/149 461/213/149
f 432/227/150 732/227/150 731/228/150 431/228/150
f 473/195/151 773/195/151 772/197/151 472/197/151
f 478/182/152 778/182/152 777/184/152 477/184/152
f 331/156/153 631/156/153 630/157/153 330/157/153
f 550/39/154 850/39/154 849/37/154 549/37/154
f 525/150/155 825/150/155 824/124/155 524/124/155
f 586/78/156 886/78/156 885/77/156 585/77/156
f 364/293/157 664/293/157 663/289/157 363/289/157
f 416/167/158 716/167/158 715/263/158 415/263/158
f 323/94/29 623/94/29 622/286/29 322/286/29
f 365/96/159 665/96/159 664/293/159 364/293/159
f 497/178/160 797/178/160 796/152/160 496/152/160
f 465/209/161 765/209/161 764/211/161 464/211/161
f 578/61/162 878/61/162 877/14/162 577/14/162
f 356/11/163 656/11/163 655/12/163 355/12/163
f 542/23/164 842/23/164 841/24/164 541/24/164
f 408/262/165 708/262/165 707/257/165 407/257/165
f 534/86/119 834/86/119 833/87/119 533/87/119
f 517/135/166 817/135/166 816/71/166 516/71/166
f 400/91/167 700/91/167 699/232/167 399/232/167
f 457/217/168 757/217/168 756/169/168 456/169/168
f 315/210/29 615/210/29 614/208/29 314/208/29
f 509/119/169 809/119/169 808/120/169 508/120/169
f 392/267/96 692/267/96 691/27/96 391/27/96
f 570/50/170 870/50/170 869/51/170 569/51/170
f 435/93/171 735/93/171 734/7/171 434/7/171
f 393/92/172 693/92/172 692/267/172 392/267/172
f 449/154/173 749/154/173 748/234/173 448/234/173
f 501/64/174 801/64/174 800/88/174 500/88/174
f 384/46/175 684/46/175 683/47/175 383/47/175
f 307/192/29 607/192/29 606/191/29 306/191/29
f 348/126/176 648/126/176 647/261/176 347/261/176
f 493/104/177 793/104/177 792/105/177 492/105/177
f 445/100/178 745/100/178 744/254/178 444/254/178
f 562/66/179 862/66/179 861/67/179 561/67/179
f 485/173/180 785/173/180 784/174/180 484/174/180
f 376/225/181 676/225/181 675/226/181 375/226/181
f 341/161/182 641/161/182 640/285/182 340/285/182
f 518/142/183 818/142/183 817/135/183 517/135/183
f 368/291/184 668/291/184 667/292/184 367/292/184
f 554/22/126 854/22/126 853/32/126 553/32/126
f 597/34/29 897/34/29 896/151/29 596/151/29
f 477/184/185 777/184/185 776/187/185 476/187/185
f 360/127/186 660/127/186 659/125/186 359/125/186
f 510/155/187 810/155/187 809/119/187 509/119/187
f 546/38/188 846/38/188 845/20/188 545/20/188
f 502/63/189 802/63/189 801/64/189 501/64/189
f 469/203/149 769/203/149 768/204/149 468/204/149
f 352/145/190 652/145/190 651/13/190 351/13/190
f 379/279/191 679/279/191 678/278/191 378/278/191
f 494/129/192 794/129/192 793/104/192 493/104/192
f 538/55/144 838/55/144 837/56/144 537/56/144
f 486/172/193 786/172/193 785/173/193 485/173/193
f 433/4/194 733/4/194 732/227/194 432/227/194
f 530/121/142 830/121/142 829/113/142 529/113/142
f 461/213/151 761/213/151 760/214/151 460/214/151
f 453/219/195 753/219/195 752/220/195 452/220/195
f 425/40/196 725/40/196 724/236/196 424/236/196
f 589/28/124 889/28/124 888/29/124 588/29/124
f 522/255/197 822/255/197 821/229/197 521/229/197
f 429/264/198 729/264/198 728/259/198 428/259/198
f 344/294/199 644/294/199 643/235/199 343/235/199
f 470/201/200 770/201/200 769/203/200 469/203/200
f 568/58/201 868/58/201 867/59/201 567/59/201
f 593/68/29 893/68/29 892/80/29 592/80/29
f 417/166/202 717/166/202 716/167/202 416/167/202
f 514/114/203 814/114/203 813/112/203 513/112/203
f 332/158/204 632/158/204 631/156/204 331/156/204
f 336/298/205 636/298/205 635/243/205 335/243/205
f 526/134/206 826/134/206 825/150/206 525/150/206
f 506/132/207 806/132/207 805/130/207 505/130/207
f 437/248/208 737/248/208 736/249/208 436/249/208
f 585/77/209 885/77/209 884/76/209 584/76/209
f 498/175/210 798/175/210 797/178/210 497/178/210
f 328/245/211 628/245/211 627/296/211 327/296/211
f 490/35/212 790/35/212 789/36/212 489/36/212
f 577/14/213 877/14/213 876/15/213 576/15/213
f 482/108/214 782/108/214 781/146/214 481/146/214
f 454/218/215 754/218/215 753/219/215 453/219/215
f 370/284/216 670/284/216 669/287/216 369/287/216
f 320/99/29 620/99/29 619/153/29 319/153/29
f 446/246/217 746/246/217 745/100/217 445/100/217
f 421/117/218 721/117/218 720/252/218 420/252/218
f 573/53/219 873/53/219 872/49/219 572/49/219
f 438/269/220 738/269/220 737/248/220 437/248/220
f 413/118/221 713/118/221 712/239/221 412/239/221
f 474/193/222 774/193/222 773/195/222 473/195/222
f 316/181/29 616/181/29 615/210/29 315/210/29
f 430/270/223 730/270/223 729/264/223 429/264/223
f 405/238/224 705/238/224 704/41/224 404/41/224
f 342/160/225 642/160/225 641/161/225 341/161/225
f 397/242/50 697/242/50 696/265/50 396/265/50
f 569/51/226 869/51/226 868/58/226 568/58/226
f 389/140/32 689/140/32 688/274/32 388/274/32
f 312/202/29 612/202/29 611/200/29 311/200/29
f 381/250/227 681/250/227 680/260/227 380/260/227
f 561/67/228 861/67/228 860/54/228 560/54/228
f 458/216/229 758/216/229 757/217/229 457/217/229
f 527/136/230 827/136/230 826/134/230 526/134/230
f 373/282/231 673/282/231 672/276/231 372/276/231
f 304/188/29 604/188/29 603/186/29 303/186/29
f 450/222/232 750/222/232 749/154/232 449/154/232
f 565/16/233 865/16/233 864/17/233 564/17/233
f 422/116/234 722/116/234 721/117/234 421/117/234
f 442/137/235 742/137/235 741/25/235 441/25/235
f 308/194/29 608/194/29 607/192/29 307/192/29
f 414/139/236 714/139/236 713/118/236 413/118/236
f 557/8/237 857/8/237 856/33/237 556/33/237
f 406/237/238 706/237/238 705/238/238 405/238/238
f 551/21/239 851/21/239 850/39/239 550/39/239
f 555/30/240 855/30/240 854/22/240 554/22/240
f 398/233/241 698/233/241 697/242/241 397/242/241
f 543/3/242 843/3/242 842/23/242 542/23/242
f 547/44/243 847/44/243 846/38/243 546/38/243
f 390/138/172 690/138/172 689/140/172 389/140/172
f 535/84/244 835/84/244 834/86/244 534/86/244
f 539/10/72 839/10/72 838/55/72 538/55/72
f 382/224/245 682/224/245 681/250/245 381/250/245
f 357/272/246 657/272/246 656/11/246 356/11/246
f 531/131/69 831/131/69 830/121/69 530/121/69
f 374/48/247 674/48/247 673/282/247 373/282/247
f 385/281/200 685/281/200 684/46/200 384/46/200
f 434/7/248 734/7/248 733/4/248 433/4/248
f 366/95/249 666/95/249 665/96/249 365/96/249
f 377/251/250 677/251/250 676/225/250 376/225/250
f 426/89/251 726/89/251 725/40/251 425/40/251
f 369/287/252 669/287/252 668/291/252 368/291/252
f 349/258/253 649/258/253 648/126/253 348/126/253
f 519/149/254 819/149/254 818/142/254 518/142/254
f 361/253/255 661/253/255 660/127/255 360/127/255
f 305/189/29 605/189/29 604/188/29 304/188/29
f 475/190/256 775/190/256 774/193/256 474/193/256
f 244/2/257 544/2/257 543/3/257 243/3/257
f 107/257/258 407/257/258 406/237/258 106/237/258
f 208/120/85 508/120/85 507/133/85 207/133/85
f 95/5/84 395/5/84 394/6/84 94/6/84
f 252/1/259 552/1/259 551/21/259 251/21/259
f 115/263/260 415/263/260 414/139/260 114/139/260
f 216/71/261 516/71/261 515/69/261 215/69/261
f 103/42/262 403/42/262 402/280/262 102/280/262
f 38/231/79 338/231/79 337/297/79 37/297/79
f 156/169/78 456/169/78 455/170/78 155/170/78
f 111/215/263 411/215/263 410/163/263 110/163/263
f 295/85/29 595/85/29 594/83/29 294/83/29
f 148/234/264 448/234/264 447/240/264 147/240/264
f 123/162/265 423/162/265 422/116/265 122/116/265
f 224/124/266 524/124/266 523/122/266 223/122/266
f 119/165/267 419/165/267 418/223/267 118/223/267
f 2/185/29 302/185/29 301/183/29 1/183/29
f 232/65/72 532/65/72 531/131/72 231/131/72
f 259/57/71 559/57/71 558/52/71 258/52/71
f 46/300/70 346/300/70 345/299/70 45/299/70
f 240/9/69 540/9/69 539/10/69 239/10/69
f 10/198/29 310/198/29 309/196/29 9/196/29
f 127/241/68 427/241/68 426/89/68 126/89/68
f 131/228/67 431/228/67 430/270/67 130/270/67
f 248/43/268 548/43/268 547/44/268 247/44/268
f 267/59/269 567/59/269 566/45/269 266/45/269
f 54/143/270 354/143/270 353/144/270 53/144/270
f 139/268/63 439/268/63 438/269/63 138/269/63
f 256/33/62 556/33/62 555/30/62 255/30/62
f 13/205/29 313/205/29 312/202/29 12/202/29
f 147/240/271 447/240/271 446/246/271 146/246/271
f 264/17/60 564/17/60 563/18/60 263/18/60
f 155/170/59 455/170/59 454/218/59 154/218/59
f 9/196/29 309/196/29 308/194/29 8/194/29
f 18/168/29 318/168/29 317/177/29 17/177/29
f 62/290/272 362/290/272 361/253/272 61/253/272
f 275/31/273 575/31/273 574/60/273 274/60/273
f 223/122/274 523/122/274 522/255/274 222/255/274
f 276/15/275 576/15/275 575/31/275 275/31/275
f 228/70/276 528/70/276 527/136/276 227/136/276
f 78/278/277 378/278/277 377/251/277 77/251/277
f 21/98/29 321/98/29 320/99/29 20/99/29
f 26/230/278 326/230/278 325/159/278 25/159/278
f 143/141/51 443/141/51 442/137/51 142/137/51
f 86/277/50 386/277/50 385/281/50 85/281/50
f 284/76/279 584/76/279 583/75/279 283/75/279
f 17/177/29 317/177/29 316/181/29 16/181/29
f 283/75/280 583/75/280 582/74/280 282/74/280
f 151/221/281 451/221/281 450/222/281 150/222/281
f 29/247/282 329/247/282 328/245/282 28/245/282
f 163/212/46 463/212/46 462/180/46 162/180/46
f 280/72/283 580/72/283 579/62/283 279/62/283
f 34/244/44 334/244/44 333/164/44 33/164/44
f 159/176/39 459/176/39 458/216/39 158/216/39
f 292/80/29 592/80/29 591/19/29 291/19/29
f 25/159/29 325/159/29 324/288/29 24/288/29
f 291/19/29 591/19/29 590/81/29 290/81/29
f 171/199/200 471/199/200 470/201/200 170/201/200
f 37/297/42 337/297/42 336/298/42 36/298/42
f 43/235/41 343/235/41 342/160/41 42/160/41
f 288/29/280 588/29/280 587/79/280 287/79/280
f 179/101/39 479/101/39 478/182/39 178/182/39
f 33/164/284 333/164/284 332/158/284 32/158/284
f 299/103/29 599/103/29 598/106/29 298/106/29
f 167/206/35 467/206/35 466/207/35 166/207/35
f 187/171/285 487/171/285 486/172/285 186/172/285
f 50/271/36 350/271/36 349/258/36 49/258/36
f 94/6/35 394/6/35 393/92/35 93/92/35
f 300/102/29 600/102/29 599/103/29 299/103/29
f 71/283/34 371/283/34 370/284/34 70/284/34
f 24/288/29 324/288/29 323/94/29 23/94/29
f 183/107/286 483/107/286 482/108/286 182/108/286
f 166/207/161 466/207/161 465/209/161 165/209/161
f 45/299/31 345/299/31 344/294/31 44/294/31
f 195/128/287 495/128/287 494/129/287 194/129/287
f 296/151/29 596/151/29 595/85/29 295/85/29
f 191/109/288 491/109/288 490/35/288 190/35/288
f 102/280/289 402/280/289 401/90/289 101/90/289
f 260/54/26 560/54/26 559/57/26 259/57/26
f 58/295/290 358/295/290 357/272/290 57/272/290
f 199/115/291 499/115/291 498/175/291 198/175/291
f 101/90/292 401/90/292 400/91/292 100/91/292
f 53/144/293 353/144/293 352/145/293 52/145/293
f 203/111/21 503/111/21 502/63/21 202/63/21
f 281/73/294 581/73/294 580/72/294 280/72/294
f 124/236/295 424/236/295 423/162/295 123/162/295
f 207/133/296 507/133/296 506/132/296 206/132/296
f 110/163/297 410/163/297 409/266/297 109/266/297
f 211/147/16 511/147/16 510/155/16 210/155/16
f 215/69/298 515/69/298 514/114/298 214/114/298
f 118/223/299 418/223/299 417/166/299 117/166/299
f 175/190/256 475/190/256 474/193/256 174/193/256
f 5/189/29 305/189/29 304/188/29 4/188/29
f 61/253/300 361/253/300 360/127/300 60/127/300
f 219/149/254 519/149/254 518/142/254 218/142/254
f 49/258/253 349/258/253 348/126/253 48/126/253
f 69/287/252 369/287/252 368/291/252 68/291/252
f 126/89/301 426/89/301 425/40/301 125/40/301
f 77/251/250 377/251/250 376/225/250 76/225/250
f 66/95/249 366/95/249 365/96/249 65/96/249
f 134/7/302 434/7/302 433/4/302 133/4/302
f 85/281/200 385/281/200 384/46/200 84/46/200
f 74/48/303 374/48/303 373/282/303 73/282/303
f 231/131/69 531/131/69 530/121/69 230/121/69
f 57/272/304 357/272/304 356/11/304 56/11/304
f 82/224/305 382/224/305 381/250/305 81/250/305
f 239/10/72 539/10/72 538/55/72 238/55/72
f 235/84/91 535/84/91 534/86/91 234/86/91
f 90/138/172 390/138/172 389/140/172 89/140/172
f 247/44/306 547/44/306 546/38/306 246/38/306
f 243/3/307 543/3/307 542/23/307 242/23/307
f 98/233/308 398/233/308 397/242/308 97/242/308
f 255/30/240 555/30/240 554/22/240 254/22/240
f 251/21/309 551/21/309 550/39/309 250/39/309
f 106/237/310 406/237/310 405/238/310 105/238/310
f 257/8/237 557/8/237 556/33/237 256/33/237
f 114/139/311 414/139/311 413/118/311 113/118/311
f 8/194/29 308/194/29 307/192/29 7/192/29
f 142/137/235 442/137/235 441/25/235 141/25/235
f 122/116/312 422/116/312 421/117/312 121/117/312
f 265/16/233 565/16/233 564/17/233 264/17/233
f 150/222/313 450/222/313 449/154/313 149/154/313
f 4/188/29 304/188/29 303/186/29 3/186/29
f 73/282/231 373/282/231 372/276/231 72/276/231
f 227/136/314 527/136/314 526/134/314 226/134/314
f 158/216/315 458/216/315 457/217/315 157/217/315
f 261/67/228 561/67/228 560/54/228 260/54/228
f 81/250/316 381/250/316 380/260/316 80/260/316
f 12/202/29 312/202/29 311/200/29 11/200/29
f 89/140/32 389/140/32 388/274/32 88/274/32
f 269/51/317 569/51/317 568/58/317 268/58/317
f 97/242/318 397/242/318 396/265/318 96/265/318
f 42/160/225 342/160/225 341/161/225 41/161/225
f 105/238/319 405/238/319 404/41/319 104/41/319
f 130/270/320 430/270/320 429/264/320 129/264/320
f 16/181/29 316/181/29 315/210/29 15/210/29
f 174/193/222 474/193/222 473/195/222 173/195/222
f 113/118/321 413/118/321 412/239/321 112/239/321
f 138/269/322 438/269/322 437/248/322 137/248/322
f 273/53/323 573/53/323 572/49/323 272/49/323
f 121/117/218 421/117/218 420/252/218 120/252/218
f 146/246/217 446/246/217 445/100/217 145/100/217
f 20/99/29 320/99/29 319/153/29 19/153/29
f 70/284/216 370/284/216 369/287/216 69/287/216
f 154/218/324 454/218/324 453/219/324 153/219/324
f 182/108/214 482/108/214 481/146/214 181/146/214
f 277/14/325 577/14/325 576/15/325 276/15/325
f 190/35/212 490/35/212 489/36/212 189/36/212
f 28/245/326 328/245/326 327/296/326 27/296/326
f 198/175/327 498/175/327 497/178/327 197/178/327
f 285/77/328 585/77/328 584/76/328 284/76/328
f 137/248/208 437/248/208 436/249/208 136/249/208
f 206/132/329 506/132/329 505/130/329 205/130/329
f 226/134/330 526/134/330 525/150/330 225/150/330
f 36/298/205 336/298/205 335/243/205 35/243/205
f 32/158/331 332/158/331 331/156/331 31/156/331
f 214/114/332 514/114/332 513/112/332 213/112/332
f 117/166/202 417/166/202 416/167/202 116/167/202
f 293/68/29 593/68/29 592/80/29 292/80/29
f 268/58/333 568/58/333 567/59/333 267/59/333
f 170/201/200 470/201/200 469/203/200 169/203/200
f 44/294/199 344/294/199 343/235/199 43/235/199
f 129/264/334 429/264/334 428/259/334 128/259/334
f 222/255/197 522/255/197 521/229/197 221/229/197
f 289/28/335 589/28/335 588/29/335 288/29/335
f 125/40/336 425/40/336 424/236/336 124/236/336
f 153/219/337 453/219/337 452/220/337 152/220/337
f 161/213/338 461/213/338 460/214/338 160/214/338
f 230/121/142 530/121/142 529/113/142 229/113/142
f 133/4/194 433/4/194 432/227/194 132/227/194
f 186/172/339 486/172/339 485/173/339 185/173/339
f 238/55/144 538/55/144 537/56/144 237/56/144
f 194/129/340 494/129/340 493/104/340 193/104/340
f 79/279/191 379/279/191 378/278/191 78/278/191
f 52/145/190 352/145/190 351/13/190 51/13/190
f 169/203/149 469/203/149 468/204/149 168/204/149
f 202/63/189 502/63/189 501/64/189 201/64/189
f 246/38/188 546/38/188 545/20/188 245/20/188
f 210/155/341 510/155/341 509/119/341 209/119/341
f 60/127/342 360/127/342 359/125/342 59/125/342
f 177/184/185 477/184/185 476/187/185 176/187/185
f 297/34/29 597/34/29 596/151/29 296/151/29
f 254/22/126 554/22/126 553/32/126 253/32/126
f 68/291/184 368/291/184 367/292/184 67/292/184
f 218/142/343 518/142/343 517/135/343 217/135/343
f 41/161/182 341/161/182 340/285/182 40/285/182
f 76/225/344 376/225/344 375/226/344 75/226/344
f 185/173/345 485/173/345 484/174/345 184/174/345
f 262/66/179 562/66/179 561/67/179 261/67/179
f 145/100/178 445/100/178 444/254/178 144/254/178
f 193/104/346 493/104/346 492/105/346 192/105/346
f 48/126/176 348/126/176 347/261/176 47/261/176
f 7/192/29 307/192/29 306/191/29 6/191/29
f 84/46/347 384/46/347 383/47/347 83/47/347
f 201/64/174 501/64/174 500/88/174 200/88/174
f 149/154/348 449/154/348 448/234/348 148/234/348
f 93/92/142 393/92/142 392/267/142 92/267/142
f 135/93/349 435/93/349 434/7/349 134/7/349
f 270/50/350 570/50/350 569/51/350 269/51/350
f 92/267/200 392/267/200 391/27/200 91/27/200
f 209/119/351 509/119/351 508/120/351 208/120/351
f 15/210/29 315/210/29 314/208/29 14/208/29
f 157/217/168 457/217/168 456/169/168 156/169/168
f 100/91/352 400/91/352 399/232/352 99/232/352
f 217/135/353 517/135/353 516/71/353 216/71/353
f 234/86/244 534/86/244 533/87/244 233/87/244
f 108/262/354 408/262/354 407/257/354 107/257/354
f 242/23/355 542/23/355 541/24/355 241/24/355
f 56/11/356 356/11/356 355/12/356 55/12/356
f 278/61/357 578/61/357 577/14/357 277/14/357
f 165/209/32 465/209/32 464/211/32 164/211/32
f 197/178/358 497/178/358 496/152/358 196/152/358
f 65/96/159 365/96/159 364/293/159 64/293/159
f 23/94/29 323/94/29 322/286/29 22/286/29
f 116/167/359 416/167/359 415/263/359 115/263/359
f 64/293/157 364/293/157 363/289/157 63/289/157
f 286/78/328 586/78/328 585/77/328 285/77/328
f 225/150/360 525/150/360 524/124/360 224/124/360
f 250/39/361 550/39/361 549/37/361 249/37/361
f 31/156/362 331/156/362 330/157/362 30/157/362
f 178/182/152 478/182/152 477/184/152 177/184/152
f 173/195/151 473/195/151 472/197/151 172/197/151
f 132/227/363 432/227/363 431/228/363 131/228/363
f 162/180/149 462/180/149 461/213/149 161/213/149
f 140/26/148 440/26/148 439/268/148 139/268/148
f 258/52/147 558/52/147 557/8/147 257/8/147
f 39/256/146 339/256/146 338/231/146 38/231/146
f 181/146/145 481/146/145 480/179/145 180/179/145
f 233/87/144 533/87/144 532/65/144 232/65/144
f 3/186/29 303/186/29 302/185/29 2/185/29
f 55/12/364 355/12/364 354/143/364 54/143/364
f 241/24/142 541/24/142 540/9/142 240/9/142
f 266/45/141 566/45/141 565/16/141 265/16/141
f 72/276/140 372/276/140 371/283/140 71/283/140
f 189/36/365 489/36/365 488/97/365 188/97/365
f 40/285/138 340/285/138 339/256/138 39/256/138
f 11/200/29 311/200/29 310/198/29 10/198/29
f 80/260/366 380/260/366 379/279/366 79/279/366
f 272/49/367 572/49/367 571/110/367 271/110/367
f 249/37/368 549/37/368 548/43/368 248/43/368
f 88/274/72 388/274/72 387/275/72 87/275/72
f 47/261/134 347/261/134 346/300/134 46/300/134
f 205/130/369 505/130/369 504/273/369 204/273/369
f 96/265/370 396/265/370 395/5/370 95/5/370
f 213/112/371 513/112/371 512/148/371 212/148/371
f 274/60/372 574/60/372 573/53/372 273/53/372
f 104/41/373 404/41/373 403/42/373 103/42/373
f 19/153/29 319/153/29 318/168/29 18/168/29
f 112/239/374 412/239/374 411/215/374 111/215/374
f 221/229/375 521/229/375 520/123/375 220/123/375
f 109/266/376 409/266/376 408/262/376 108/262/376
f 120/252/126 420/252/126 419/165/126 119/165/126
f 63/289/377 363/289/377 362/290/377 62/290/377
f 282/74/124 582/74/124 581/73/124 281/73/124
f 128/259/123 428/259/123 427/241/123 127/241/123
f 144/254/378 444/254/378 443/141/378 143/141/378
f 164/211/35 464/211/35 463/212/35 163/212/35
f 27/296/379 327/296/379 326/230/379 26/230/379
f 229/113/380 529/113/380 528/70/380 228/70/380
f 290/81/29 590/81/29 589/28/29 289/28/29
f 237/56/119 537/56/119 536/82/119 236/82/119
f 35/243/118 335/243/118 334/244/118 34/244/118
f 245/20/381 545/20/381 544/2/381 244/2/381
f 172/197/116 472/197/116 471/199/116 171/199/116
f 253/32/115 553/32/115 552/1/115 252/1/115
f 136/249/114 436/249/114 435/93/114 135/93/114
f 298/106/29 598/106/29 597/34/29 297/34/29
f 180/179/113 480/179/113 479/101/113 179/101/113
f 152/220/382 452/220/382 451/221/382 151/221/382
f 188/97/383 488/97/383 487/171/383 187/171/383
f 1/183/29 301/183/29 600/102/29 300/102/29
f 160/214/110 460/214/110 459/176/110 159/176/110
f 6/191/29 306/191/29 305/189/29 5/189/29
f 196/152/384 496/152/384 495/128/384 195/128/384
f 51/13/108 351/13/108 350/271/108 50/271/108
f 141/25/107 441/25/107 440/26/107 140/26/107
f 263/18/106 563/18/106 562/66/106 262/66/106
f 204/273/385 504/273/385 503/111/385 203/111/385
f 14/208/29 314/208/29 313/205/29 13/205/29
f 212/148/386 512/148/386 511/147/386 211/147/386
f 59/125/387 359/125/387 358/295/387 58/295/387
f 271/110/388 571/110/388 570/50/388 270/50/388
f 220/123/101 520/123/101 519/149/101 219/149/101
f 168/204/46 468/204/46 467/206/46 167/206/46
f 67/292/100 367/292/100 366/95/100 66/95/100
f 75/226/99 375/226/99 374/48/99 74/48/99
f 22/286/29 322/286/29 321/98/29 21/98/29
f 83/47/95 383/47/95 382/224/95 82/224/95
f 176/187/98 476/187/98 475/190/98 175/190/98
f 279/62/389 579/62/389 578/61/389 278/61/389
f 294/83/29 594/83/29 593/68/29 293/68/29
f 91/27/96 391/27/96 390/138/96 90/138/96
f 184/174/390 484/174/390 483/107/390 183/107/390
f 30/157/94 330/157/94 329/247/94 29/247/94
f 192/105/391 492/105/391 491/109/391 191/109/391
f 287/79/279 587/79/279 586/78/279 286/78/279
f 236/82/91 536/82/91 535/84/91 235/84/91
f 99/232/392 399/232/392 398/233/392 98/233/392
f 200/88/89 500/88/89 499/115/89 199/115/89
f 87/275/88 387/275/88 386/277/88 86/277/88
f 896/151/393 1196/151/393 1195/85/393 895/85/393
f 797/178/394 1097/178/394 1096/152/394 796/152/394
f 645/299/395 945/299/395 944/294/395 644/294/395
f 766/207/396 1066/207/396 1065/209/396 765/209/396
f 783/107/397 1083/107/397 1082/108/397 782/108/397
f 624/288/393 924/288/393 923/94/393 623/94/393
f 842/23/398 1142/23/398 1141/24/398 841/24/398
f 900/102/393 1200/102/393 1199/103/393 899/103/393
f 694/6/399 994/6/399 993/92/399 693/92/399
f 834/86/400 1134/86/400 1133/87/400 833/87/400
f 767/206/399 1067/206/399 1066/207/399 766/207/399
f 633/164/401 933/164/401 932/158/401 632/158/401
f 888/29/402 1188/29/402 1187/79/402 887/79/402
f 643/235/403 943/235/403 942/160/403 642/160/403
f 637/297/404 937/297/404 936/298/404 636/298/404
f 771/199/405 1071/199/405 1070/201/405 770/201/405
f 625/159/393 925/159/393 924/288/393 624/288/393
f 892/80/393 1192/80/393 1191/19/393 891/19/393
f 759/176/406 1059/176/406 1058/216/406 758/216/406
f 880/72/407 1180/72/407 1179/62/407 879/62/407
f 818/142/408 1118/142/408 1117/135/408 817/135/408
f 629/247/409 929/247/409 928/245/409 628/245/409
f 751/221/410 1051/221/410 1050/222/410 750/222/410
f 617/177/393 917/177/393 916/181/393 616/181/393
f 884/76/411 1184/76/411 1183/75/411 883/75/411
f 686/277/412 986/277/412 985/281/412 685/281/412
f 743/141/413 1043/141/413 1042/137/413 742/137/413
f 621/98/393 921/98/393 920/99/393 620/99/393
f 678/278/414 978/278/414 977/251/414 677/251/414
f 828/70/415 1128/70/415 1127/136/415 827/136/415
f 810/155/416 1110/155/416 1109/119/416 809/119/416
f 876/15/417 1176/15/417 1175/31/417 875/31/417
f 823/122/418 1123/122/418 1122/255/418 822/255/418
f 802/63/419 1102/63/419 1101/64/419 801/64/419
f 662/290/420 962/290/420 961/253/420 661/253/420
f 609/196/393 909/196/393 908/194/393 608/194/393
f 794/129/421 1094/129/421 1093/104/421 793/104/421
f 864/17/422 1164/17/422 1163/18/422 863/18/422
f 786/172/423 1086/172/423 1085/173/423 785/173/423
f 613/205/393 913/205/393 912/202/393 612/202/393
f 856/33/424 1156/33/424 1155/30/424 855/30/424
f 654/143/425 954/143/425 953/144/425 653/144/425
f 848/43/426 1148/43/426 1147/44/426 847/44/426
f 727/241/427 1027/241/427 1026/89/427 726/89/427
f 840/9/428 1140/9/428 1139/10/428 839/10/428
f 646/300/429 946/300/429 945/299/429 645/299/429
f 832/65/430 1132/65/430 1131/131/430 831/131/430
f 770/201/2 1070/201/2 1069/203/2 769/203/2
f 719/165/431 1019/165/431 1018/223/431 718/223/431
f 824/124/432 1124/124/432 1123/122/432 823/122/432
f 895/85/393 1195/85/393 1194/83/393 894/83/393
f 711/215/433 1011/215/433 1010/163/433 710/163/433
f 638/231/434 938/231/434 937/297/434 637/297/434
f 703/42/435 1003/42/435 1002/280/435 702/280/435
f 816/71/436 1116/71/436 1115/69/436 815/69/436
f 852/1/437 1152/1/437 1151/21/437 851/21/437
f 695/5/438 995/5/438 994/6/438 694/6/438
f 808/120/439 1108/120/439 1107/133/439 807/133/439
f 754/218/440 1054/218/440 1053/219/440 753/219/440
f 844/2/441 1144/2/441 1143/3/441 843/3/441
f 687/275/442 987/275/442 986/277/442 686/277/442
f 800/88/443 1100/88/443 1099/115/443 799/115/443
f 746/246/444 1046/246/444 1045/100/444 745/100/444
f 836/82/445 1136/82/445 1135/84/445 835/84/445
f 887/79/411 1187/79/411 1186/78/411 886/78/411
f 792/105/446 1092/105/446 1091/109/446 791/109/446
f 738/269/447 1038/269/447 1037/248/447 737/248/447
f 630/157/448 930/157/448 929/247/448 629/247/448
f 784/174/449 1084/174/449 1083/107/449 783/107/449
f 730/270/450 1030/270/450 1029/264/450 729/264/450
f 894/83/393 1194/83/393 1193/68/393 893/68/393
f 642/160/451 942/160/451 941/161/451 641/161/451
f 879/62/452 1179/62/452 1178/61/452 878/61/452
f 776/187/453 1076/187/453 1075/190/453 775/190/453
f 869/51/454 1169/51/454 1168/58/454 868/58/454
f 622/286/393 922/286/393 921/98/393 621/98/393
f 612/202/393 912/202/393 911/200/393 611/200/393
f 861/67/455 1161/67/455 1160/54/455 860/54/455
f 768/204/456 1068/204/456 1067/206/456 767/206/456
f 827/136/457 1127/136/457 1126/134/457 826/134/457
f 820/123/458 1120/123/458 1119/149/458 819/149/458
f 604/188/393 904/188/393 903/186/393 603/186/393
f 871/110/459 1171/110/459 1170/50/459 870/50/459
f 722/116/460 1022/116/460 1021/117/460 721/117/460
f 812/148/461 1112/148/461 1111/147/461 811/147/461
f 614/208/393 914/208/393 913/205/393 613/205/393
f 714/139/462 1014/139/462 1013/118/462 713/118/462
f 804/273/463 1104/273/463 1103/111/463 803/111/463
f 863/18/464 1163/18/464 1162/66/464 862/66/464
f 741/25/465 1041/25/465 1040/26/465 740/26/465
f 706/237/466 1006/237/466 1005/238/466 705/238/466
f 796/152/467 1096/152/467 1095/128/467 795/128/467
f 851/21/468 1151/21/468 1150/39/468 850/39/468
f 606/191/393 906/191/393 905/189/393 605/189/393
f 760/214/469 1060/214/469 1059/176/469 759/176/469
f 698/233/470 998/233/470 997/242/470 697/242/470
f 788/97/471 1088/97/471 1087/171/471 787/171/471
f 843/3/472 1143/3/472 1142/23/472 842/23/472
f 752/220/473 1052/220/473 1051/221/473 751/221/473
f 690/138/474 990/138/474 989/140/474 689/140/474
f 780/179/475 1080/179/475 1079/101/475 779/101/475
f 835/84/445 1135/84/445 1134/86/445 834/86/445
f 682/224/476 982/224/476 981/250/476 681/250/476
f 736/249/477 1036/249/477 1035/93/477 735/93/477
f 674/48/478 974/48/478 973/282/478 673/282/478
f 853/32/479 1153/32/479 1152/1/479 852/1/479
f 666/95/480 966/95/480 965/96/480 665/96/480
f 772/197/405 1072/197/405 1071/199/405 771/199/405
f 845/20/481 1145/20/481 1144/2/481 844/2/481
f 837/56/400 1137/56/400 1136/82/400 836/82/400
f 819/149/482 1119/149/482 1118/142/482 818/142/482
f 829/113/483 1129/113/483 1128/70/483 828/70/483
f 764/211/399 1064/211/399 1063/212/399 763/212/399
f 775/190/484 1075/190/484 1074/193/484 774/193/484
f 744/254/485 1044/254/485 1043/141/485 743/141/485
f 728/259/486 1028/259/486 1027/241/486 727/241/486
f 811/147/487 1111/147/487 1110/155/487 810/155/487
f 663/289/488 963/289/488 962/290/488 662/290/488
f 720/252/489 1020/252/489 1019/165/489 719/165/489
f 724/236/490 1024/236/490 1023/162/490 723/162/490
f 803/111/491 1103/111/491 1102/63/491 802/63/491
f 709/266/492 1009/266/492 1008/262/492 708/262/492
f 658/295/493 958/295/493 957/272/493 657/272/493
f 821/229/494 1121/229/494 1120/123/494 820/123/494
f 712/239/495 1012/239/495 1011/215/495 711/215/495
f 795/128/496 1095/128/496 1094/129/496 794/129/496
f 704/41/497 1004/41/497 1003/42/497 703/42/497
f 671/283/498 971/283/498 970/284/498 670/284/498
f 813/112/499 1113/112/499 1112/148/499 812/148/499
f 696/265/442 996/265/442 995/5/442 695/5/442
f 650/271/500 950/271/500 949/258/500 649/258/500
f 787/171/501 1087/171/501 1086/172/501 786/172/501
f 805/130/502 1105/130/502 1104/273/502 804/273/502
f 647/261/503 947/261/503 946/300/503 646/300/503
f 688/274/438 988/274/438 987/275/438 687/275/438
f 849/37/504 1149/37/504 1148/43/504 848/43/504
f 872/49/505 1172/49/505 1171/110/505 871/110/505
f 680/260/506 980/260/506 979/279/506 679/279/506
f 640/285/507 940/285/507 939/256/507 639/256/507
f 899/103/393 1199/103/393 1198/106/393 898/106/393
f 779/101/406 1079/101/406 1078/182/406 778/182/406
f 789/36/508 1089/36/508 1088/97/508 788/97/508
f 672/276/509 972/276/509 971/283/509 671/283/509
f 841/24/510 1141/24/510 1140/9/510 840/9/510
f 655/12/511 955/12/511 954/143/511 654/143/511
f 833/87/512 1133/87/512 1132/65/512 832/65/512
f 781/146/513 1081/146/513 1080/179/513 780/179/513
f 639/256/514 939/256/514 938/231/514 638/231/514
f 891/19/393 1191/19/393 1190/81/393 890/81/393
f 740/26/515 1040/26/515 1039/268/515 739/268/515
f 732/227/516 1032/227/516 1031/228/516 731/228/516
f 634/244/517 934/244/517 933/164/517 633/164/517
f 763/212/456 1063/212/456 1062/180/456 762/180/456
f 773/195/518 1073/195/518 1072/197/518 772/197/518
f 883/75/402 1183/75/402 1182/74/402 882/74/402
f 631/156/519 931/156/519 930/157/519 630/157/519
f 825/150/520 1125/150/520 1124/124/520 824/124/520
f 626/230/521 926/230/521 925/159/521 625/159/521
f 886/78/522 1186/78/522 1185/77/522 885/77/522
f 664/293/523 964/293/523 963/289/523 663/289/523
f 716/167/524 1016/167/524 1015/263/524 715/263/524
f 623/94/393 923/94/393 922/286/393 622/286/393
f 665/96/525 965/96/525 964/293/525 664/293/525
f 875/31/526 1175/31/526 1174/60/526 874/60/526
f 765/209/396 1065/209/396 1064/211/396 764/211/396
f 878/61/527 1178/61/527 1177/14/527 877/14/527
f 656/11/528 956/11/528 955/12/528 655/12/528
f 618/168/393 918/168/393 917/177/393 617/177/393
f 708/262/529 1008/262/529 1007/257/529 707/257/529
f 755/170/530 1055/170/530 1054/218/530 754/218/530
f 817/135/531 1117/135/531 1116/71/531 816/71/531
f 700/91/532 1000/91/532 999/232/532 699/232/532
f 747/240/533 1047/240/533 1046/246/533 746/246/533
f 757/217/534 1057/217/534 1056/169/534 756/169/534
f 615/210/393 915/210/393 914/208/393 614/208/393
f 809/119/535 1109/119/535 1108/120/535 808/120/535
f 692/267/536 992/267/536 991/27/536 691/27/536
f 739/268/537 1039/268/537 1038/269/537 738/269/537
f 870/50/538 1170/50/538 1169/51/538 869/51/538
f 735/93/539 1035/93/539 1034/7/539 734/7/539
f 867/59/540 1167/59/540 1166/45/540 866/45/540
f 693/92/541 993/92/541 992/267/541 692/267/541
f 731/228/542 1031/228/542 1030/270/542 730/270/542
f 749/154/543 1049/154/543 1048/234/543 748/234/543
f 801/64/544 1101/64/544 1100/88/544 800/88/544
f 610/198/393 910/198/393 909/196/393 609/196/393
f 684/46/545 984/46/545 983/47/545 683/47/545
f 607/192/393 907/192/393 906/191/393 606/191/393
f 648/126/546 948/126/546 947/261/546 647/261/546
f 793/104/547 1093/104/547 1092/105/547 792/105/547
f 859/57/548 1159/57/548 1158/52/548 858/52/548
f 745/100/549 1045/100/549 1044/254/549 744/254/549
f 862/66/550 1162/66/550 1161/67/550 861/67/550
f 785/173/551 1085/173/551 1084/174/551 784/174/551
f 602/185/393 902/185/393 901/183/393 601/183/393
f 676/225/552 976/225/552 975/226/552 675/226/552
f 641/161/553 941/161/553 940/285/553 640/285/553
f 668/291/554 968/291/554 967/292/554 667/292/554
f 723/162/555 1023/162/555 1022/116/555 722/116/555
f 854/22/489 1154/22/489 1153/32/489 853/32/489
f 897/34/393 1197/34/393 1196/151/393 896/151/393
f 777/184/556 1077/184/556 1076/187/556 776/187/556
f 748/234/557 1048/234/557 1047/240/557 747/240/557
f 756/169/558 1056/169/558 1055/170/558 755/170/558
f 660/127/559 960/127/559 959/125/559 659/125/559
f 715/263/560 1015/263/560 1014/139/560 714/139/560
f 846/38/561 1146/38/561 1145/20/561 845/20/561
f 769/203/541 1069/203/541 1068/204/541 768/204/541
f 652/145/562 952/145/562 951/13/562 651/13/562
f 707/257/563 1007/257/563 1006/237/563 706/237/563
f 679/279/564 979/279/564 978/278/564 678/278/564
f 699/232/565 999/232/565 998/233/565 698/233/565
f 838/55/512 1138/55/512 1137/56/512 837/56/512
f 733/4/566 1033/4/566 1032/227/566 732/227/566
f 830/121/510 1130/121/510 1129/113/510 829/113/510
f 761/213/567 1061/213/567 1060/214/567 760/214/567
f 691/27/536 991/27/536 990/138/536 690/138/536
f 753/219/568 1053/219/568 1052/220/568 752/220/568
f 683/47/449 983/47/449 982/224/449 682/224/449
f 725/40/569 1025/40/569 1024/236/569 724/236/569
f 889/28/570 1189/28/570 1188/29/570 888/29/570
f 675/226/571 975/226/571 974/48/571 674/48/571
f 822/255/572 1122/255/572 1121/229/572 821/229/572
f 729/264/573 1029/264/573 1028/259/573 728/259/573
f 667/292/574 967/292/574 966/95/574 666/95/574
f 644/294/575 944/294/575 943/235/575 643/235/575
f 868/58/576 1168/58/576 1167/59/576 867/59/576
f 893/68/393 1193/68/393 1192/80/393 892/80/393
f 717/166/577 1017/166/577 1016/167/577 716/167/577
f 814/114/578 1114/114/578 1113/112/578 813/112/578
f 632/158/579 932/158/579 931/156/579 631/156/579
f 636/298/580 936/298/580 935/243/580 635/243/580
f 659/125/581 959/125/581 958/295/581 658/295/581
f 826/134/582 1126/134/582 1125/150/582 825/150/582
f 806/132/583 1106/132/583 1105/130/583 805/130/583
f 737/248/584 1037/248/584 1036/249/584 736/249/584
f 885/77/585 1185/77/585 1184/76/585 884/76/585
f 798/175/586 1098/175/586 1097/178/586 797/178/586
f 628/245/587 928/245/587 927/296/587 627/296/587
f 651/13/588 951/13/588 950/271/588 650/271/588
f 790/35/589 1090/35/589 1089/36/589 789/36/589
f 877/14/590 1177/14/590 1176/15/590 876/15/590
f 601/183/393 901/183/393 1200/102/393 900/102/393
f 782/108/591 1082/108/591 1081/146/591 781/146/591
f 670/284/592 970/284/592 969/287/592 669/287/592
f 620/99/393 920/99/393 919/153/393 619/153/393
f 721/117/593 1021/117/593 1020/252/593 720/252/593
f 898/106/393 1198/106/393 1197/34/393 897/34/393
f 873/53/594 1173/53/594 1172/49/594 872/49/594
f 713/118/595 1013/118/595 1012/239/595 712/239/595
f 774/193/596 1074/193/596 1073/195/596 773/195/596
f 616/181/393 916/181/393 915/210/393 615/210/393
f 705/238/597 1005/238/597 1004/41/597 704/41/597
f 697/242/412 997/242/412 996/265/412 696/265/412
f 635/243/598 935/243/598 934/244/598 634/244/598
f 689/140/399 989/140/399 988/274/399 688/274/399
f 890/81/393 1190/81/393 1189/28/393 889/28/393
f 681/250/599 981/250/599 980/260/599 680/260/599
f 627/296/600 927/296/600 926/230/600 626/230/600
f 758/216/601 1058/216/601 1057/217/601 757/217/601
f 673/282/602 973/282/602 972/276/602 672/276/602
f 882/74/570 1182/74/570 1181/73/570 881/73/570
f 750/222/603 1050/222/603 1049/154/603 749/154/603
f 865/16/604 1165/16/604 1164/17/604 864/17/604
f 742/137/605 1042/137/605 1041/25/605 741/25/605
f 608/194/393 908/194/393 907/192/393 607/192/393
f 857/8/606 1157/8/606 1156/33/606 856/33/606
f 619/153/393 919/153/393 918/168/393 618/168/393
f 855/30/607 1155/30/607 1154/22/607 854/22/607
f 874/60/608 1174/60/608 1173/53/608 873/53/608
f 847/44/609 1147/44/609 1146/38/609 846/38/609
f 839/10/430 1139/10/430 1138/55/430 838/55/430
f 657/272/610 957/272/610 956/11/610 656/11/610
f 831/131/428 1131/131/428 1130/121/428 830/121/428
f 611/200/393 911/200/393 910/198/393 610/198/393
f 685/281/2 985/281/2 984/46/2 684/46/2
f 734/7/611 1034/7/611 1033/4/611 733/4/611
f 866/45/612 1166/45/612 1165/16/612 865/16/612
f 677/251/613 977/251/613 976/225/613 676/225/613
f 726/89/614 1026/89/614 1025/40/614 725/40/614
f 603/186/393 903/186/393 902/185/393 602/185/393
f 669/287/615 969/287/615 968/291/615 668/291/615
f 649/258/616 949/258/616 948/126/616 648/126/616
f 858/52/617 1158/52/617 1157/8/617 857/8/617
f 661/253/618 961/253/618 960/127/618 660/127/618
f 605/189/393 905/189/393 904/188/393 604/188/393
f 762/180/541 1062/180/541 1061/213/541 761/213/541
f 718/223/619 1018/223/619 1017/166/619 717/166/619
f 815/69/620 1115/69/620 1114/114/620 814/114/620
f 778/182/621 1078/182/621 1077/184/621 777/184/621
f 710/163/622 1010/163/622 1009/266/622 709/266/622
f 807/133/623 1107/133/623 1106/132/623 806/132/623
f 881/73/624 1181/73/624 1180/72/624 880/72/624
f 850/39/625 1150/39/625 1149/37/625 849/37/625
f 653/144/626 953/144/626 952/145/626 652/145/626
f 701/90/627 1001/90/627 1000/91/627 700/91/627
f 799/115/628 1099/115/628 1098/175/628 798/175/628
f 860/54/629 1160/54/629 1159/57/629 859/57/629
f 515/69/630 815/69/630 814/114/630 514/114/630
f 418/223/631 718/223/631 717/166/631 417/166/631
f 922/286/393 1222/286/393 1221/98/393 921/98/393
f 975/226/571 1275/226/571 1274/48/571 974/48/571
f 967/292/574 1267/292/574 1266/95/574 966/95/574
f 1068/204/456 1368/204/456 1367/206/456 1067/206/456
f 1120/123/458 1420/123/458 1419/149/458 1119/149/458
f 1171/110/459 1471/110/459 1470/50/459 1170/50/459
f 959/125/581 1259/125/581 1258/295/581 958/295/581
f 1112/148/461 1412/148/461 1411/147/461 1111/147/461
f 914/208/393 1214/208/393 1213/205/393 913/205/393
f 1104/273/463 1404/273/463 1403/111/463 1103/111/463
f 1163/18/464 1463/18/464 1462/66/464 1162/66/464
f 1041/25/632 1341/25/632 1340/26/632 1040/26/632
f 951/13/588 1251/13/588 1250/271/588 950/271/588
f 1096/152/467 1396/152/467 1395/128/467 1095/128/467
f 906/191/393 1206/191/393 1205/189/393 905/189/393
f 1060/214/469 1360/214/469 1359/176/469 1059/176/469
f 901/183/393 1201/183/393 1500/102/393 1200/102/393
f 1088/97/471 1388/97/471 1387/171/471 1087/171/471
f 1052/220/473 1352/220/473 1351/221/473 1051/221/473
f 1080/179/475 1380/179/475 1379/101/475 1079/101/475
f 1198/106/393 1498/106/393 1497/34/393 1197/34/393
f 1036/249/477 1336/249/477 1335/93/477 1035/93/477
f 1153/32/479 1453/32/479 1452/1/479 1152/1/479
f 1072/197/405 1372/197/405 1371/199/405 1071/199/405
f 1145/20/481 1445/20/481 1444/2/481 1144/2/481
f 935/243/598 1235/243/598 1234/244/598 934/244/598
f 1137/56/400 1437/56/400 1436/82/400 1136/82/400
f 1190/81/393 1490/81/393 1489/28/393 1189/28/393
f 1129/113/483 1429/113/483 1428/70/483 1128/70/483
f 927/296/600 1227/296/600 1226/230/600 926/230/600
f 1064/211/399 1364/211/399 1363/212/399 1063/212/399
f 1044/254/485 1344/254/485 1343/141/485 1043/141/485
f 1028/259/486 1328/259/486 1327/241/486 1027/241/486
f 1182/74/570 1482/74/570 1481/73/570 1181/73/570
f 963/289/488 1263/289/488 1262/290/488 962/290/488
f 1020/252/489 1320/252/489 1319/165/489 1019/165/489
f 1009/266/492 1309/266/492 1308/262/492 1008/262/492
f 1121/229/494 1421/229/494 1420/123/494 1120/123/494
f 1012/239/495 1312/239/495 1311/215/495 1011/215/495
f 919/153/393 1219/153/393 1218/168/393 918/168/393
f 1004/41/497 1304/41/497 1303/42/497 1003/42/497
f 1174/60/608 1474/60/608 1473/53/608 1173/53/608
f 1113/112/499 1413/112/499 1412/148/499 1112/148/499
f 996/265/442 1296/265/442 1295/5/442 995/5/442
f 1105/130/502 1405/130/502 1404/273/502 1104/273/502
f 947/261/503 1247/261/503 1246/300/503 946/300/503
f 988/274/438 1288/274/438 1287/275/438 987/275/438
f 1149/37/504 1449/37/504 1448/43/504 1148/43/504
f 1172/49/505 1472/49/505 1471/110/505 1171/110/505
f 980/260/506 1280/260/506 1279/279/506 979/279/506
f 911/200/393 1211/200/393 1210/198/393 910/198/393
f 940/285/507 1240/285/507 1239/256/507 939/256/507
f 1089/36/508 1389/36/508 1388/97/508 1088/97/508
f 972/276/509 1272/276/509 1271/283/509 971/283/509
f 1166/45/612 1466/45/612 1465/16/612 1165/16/612
f 1141/24/510 1441/24/510 1440/9/510 1140/9/510
f 955/12/633 1255/12/633 1254/143/633 954/143/633
f 903/186/393 1203/186/393 1202/185/393 902/185/393
f 1133/87/512 1433/87/512 1432/65/512 1132/65/512
f 1081/146/513 1381/146/513 1380/179/513 1080/179/513
f 939/256/514 1239/256/514 1238/231/514 938/231/514
f 1158/52/617 1458/52/617 1457/8/617 1157/8/617
f 1040/26/515 1340/26/515 1339/268/515 1039/268/515
f 1062/180/541 1362/180/541 1361/213/541 1061/213/541
f 1032/227/516 1332/227/516 1331/228/516 1031/228/516
f 1073/195/518 1373/195/518 1372/197/518 1072/197/518
f 1078/182/621 1378/182/621 1377/184/621 1077/184/621
f 931/156/519 1231/156/519 1230/157/519 930/157/519
f 1150/39/634 1450/39/634 1449/37/634 1149/37/634
f 1125/150/520 1425/150/520 1424/124/520 1124/124/520
f 1186/78/522 1486/78/522 1485/77/522 1185/77/522
f 964/293/523 1264/293/523 1263/289/523 963/289/523
f 1016/167/524 1316/167/524 1315/263/524 1015/263/524
f 923/94/393 1223/94/393 1222/286/393 922/286/393
f 965/96/525 1265/96/525 1264/293/525 964/293/525
f 1097/178/394 1397/178/394 1396/152/394 1096/152/394
f 1065/209/396 1365/209/396 1364/211/396 1064/211/396
f 1178/61/527 1478/61/527 1477/14/527 1177/14/527
f 956/11/528 1256/11/528 1255/12/528 955/12/528
f 1142/23/398 1442/23/398 1441/24/398 1141/24/398
f 1008/262/529 1308/262/529 1307/257/529 1007/257/529
f 1134/86/400 1434/86/400 1433/87/400 1133/87/400
f 1117/135/531 1417/135/531 1416/71/531 1116/71/531
f 1000/91/532 1300/91/532 1299/232/532 999/232/532
f 1057/217/534 1357/217/534 1356/169/534 1056/169/534
f 915/210/393 1215/210/393 1214/208/393 914/208/393
f 1109/119/535 1409/119/535 1408/120/535 1108/120/535
f 992/267/536 1292/267/536 1291/27/536 991/27/536
f 1170/50/538 1470/50/538 1469/51/538 1169/51/538
f 1035/93/539 1335/93/539 1334/7/539 1034/7/539
f 993/92/541 1293/92/541 1292/267/541 992/267/541
f 1049/154/543 1349/154/543 1348/234/543 1048/234/543
f 1101/64/544 1401/64/544 1400/88/544 1100/88/544
f 984/46/545 1284/46/545 1283/47/545 983/47/545
f 907/192/393 1207/192/393 1206/191/393 906/191/393
f 948/126/546 1248/126/546 1247/261/546 947/261/546
f 1093/104/547 1393/104/547 1392/105/547 1092/105/547
f 1045/100/549 1345/100/549 1344/254/549 1044/254/549
f 1162/66/550 1462/66/550 1461/67/550 1161/67/550
f 1085/173/551 1385/173/551 1384/174/551 1084/174/551
f 976/225/552 1276/225/552 1275/226/552 975/226/552
f 941/161/553 1241/161/553 1240/285/553 940/285/553
f 1118/142/635 1418/142/635 1417/135/635 1117/135/635
f 968/291/554 1268/291/554 1267/292/554 967/292/554
f 1154/22/489 1454/22/489 1453/32/489 1153/32/489
f 1197/34/393 1497/34/393 1496/151/393 1196/151/393
f 1077/184/556 1377/184/556 1376/187/556 1076/187/556
f 960/127/559 1260/127/559 1259/125/559 959/125/559
f 1110/155/416 1410/155/416 1409/119/416 1109/119/416
f 1146/38/561 1446/38/561 1445/20/561 1145/20/561
f 1102/63/419 1402/63/419 1401/64/419 1101/64/419
f 1069/203/541 1369/203/541 1368/204/541 1068/204/541
f 952/145/636 1252/145/636 1251/13/636 951/13/636
f 979/279/564 1279/279/564 1278/278/564 978/278/564
f 1094/129/421 1394/129/421 1393/104/421 1093/104/421
f 1138/55/512 1438/55/512 1437/56/512 1137/56/512
f 1086/172/423 1386/172/423 1385/173/423 1085/173/423
f 1033/4/566 1333/4/566 1332/227/566 1032/227/566
f 1130/121/510 1430/121/510 1429/113/510 1129/113/510
f 1061/213/567 1361/213/567 1360/214/567 1060/214/567
f 1053/219/568 1353/219/568 1352/220/568 1052/220/568
f 1025/40/569 1325/40/569 1324/236/569 1024/236/569
f 1189/28/570 1489/28/570 1488/29/570 1188/29/570
f 1122/255/637 1422/255/637 1421/229/637 1121/229/637
f 1029/264/573 1329/264/573 1328/259/573 1028/259/573
f 944/294/575 1244/294/575 1243/235/575 943/235/575
f 1070/201/2 1370/201/2 1369/203/2 1069/203/2
f 1168/58/576 1468/58/576 1467/59/576 1167/59/576
f 1193/68/393 1493/68/393 1492/80/393 1192/80/393
f 1017/166/577 1317/166/577 1316/167/577 1016/167/577
f 1114/114/578 1414/114/578 1413/112/578 1113/112/578
f 932/158/638 1232/158/638 1231/156/638 931/156/638
f 936/298/580 1236/298/580 1235/243/580 935/243/580
f 1126/134/582 1426/134/582 1425/150/582 1125/150/582
f 1106/132/583 1406/132/583 1405/130/583 1105/130/583
f 1037/248/584 1337/248/584 1336/249/584 1036/249/584
f 1185/77/585 1485/77/585 1484/76/585 1184/76/585
f 1098/175/586 1398/175/586 1397/178/586 1097/178/586
f 928/245/587 1228/245/587 1227/296/587 927/296/587
f 1090/35/589 1390/35/589 1389/36/589 1089/36/589
f 1177/14/590 1477/14/590 1476/15/590 1176/15/590
f 1082/108/591 1382/108/591 1381/146/591 1081/146/591
f 1054/218/440 1354/218/440 1353/219/440 1053/219/440
f 970/284/592 1270/284/592 1269/287/592 969/287/592
f 920/99/393 1220/99/393 1219/153/393 919/153/393
f 1046/246/444 1346/246/444 1345/100/444 1045/100/444
f 1021/117/593 1321/117/593 1320/252/593 1020/252/593
f 1173/53/639 1473/53/639 1472/49/639 1172/49/639
f 1038/269/447 1338/269/447 1337/248/447 1037/248/447
f 1013/118/595 1313/118/595 1312/239/595 1012/239/595
f 1074/193/596 1374/193/596 1373/195/596 1073/195/596
f 916/181/393 1216/181/393 1215/210/393 915/210/393
f 1030/270/450 1330/270/450 1329/264/450 1029/264/450
f 1005/238/597 1305/238/597 1304/41/597 1004/41/597
f 942/160/451 1242/160/451 1241/161/451 941/161/451
f 997/242/412 1297/242/412 1296/265/412 996/265/412
f 1169/51/640 1469/51/640 1468/58/640 1168/58/640
f 989/140/399 1289/140/399 1288/274/399 988/274/399
f 912/202/393 1212/202/393 1211/200/393 911/200/393
f 981/250/599 1281/250/599 1280/260/599 980/260/599
f 1161/67/455 1461/67/455 1460/54/455 1160/54/455
f 1058/216/601 1358/216/601 1357/217/601 1057/217/601
f 1127/136/457 1427/136/457 1426/134/457 1126/134/457
f 973/282/602 1273/282/602 1272/276/602 972/276/602
f 904/188/393 1204/188/393 1203/186/393 903/186/393
f 1050/222/603 1350/222/603 1349/154/603 1049/154/603
f 1165/16/604 1465/16/604 1464/17/604 1164/17/604
f 1022/116/460 1322/116/460 1321/117/460 1021/117/460
f 1042/137/605 1342/137/605 1341/25/605 1041/25/605
f 908/194/393 1208/194/393 1207/192/393 907/192/393
f 1014/139/462 1314/139/462 1313/118/462 1013/118/462
f 1157/8/606 1457/8/606 1456/33/606 1156/33/606
f 1006/237/466 1306/237/466 1305/238/466 1005/238/466
f 1151/21/468 1451/21/468 1450/39/468 1150/39/468
f 1155/30/607 1455/30/607 1454/22/607 1154/22/607
f 998/233/470 1298/233/470 1297/242/470 997/242/470
f 1143/3/472 1443/3/472 1442/23/472 1142/23/472
f 1147/44/609 1447/44/609 1446/38/609 1146/38/609
f 990/138/474 1290/138/474 1289/140/474 989/140/474
f 1135/84/445 1435/84/445 1434/86/445 1134/86/445
f 1139/10/430 1439/10/430 1438/55/430 1138/55/430
f 982/224/476 1282/224/476 1281/250/476 981/250/476
f 957/272/610 1257/272/610 1256/11/610 956/11/610
f 1131/131/428 1431/131/428 1430/121/428 1130/121/428
f 974/48/478 1274/48/478 1273/282/478 973/282/478
f 985/281/2 1285/281/2 1284/46/2 984/46/2
f 1034/7/641 1334/7/641 1333/4/641 1033/4/641
f 966/95/480 1266/95/480 1265/96/480 965/96/480
f 977/251/613 1277/251/613 1276/225/613 976/225/613
f 1026/89/614 1326/89/614 1325/40/614 1025/40/614
f 969/287/615 1269/287/615 1268/291/615 968/291/615
f 949/258/616 1249/258/616 1248/126/616 948/126/616
f 1119/149/482 1419/149/482 1418/142/482 1118/142/482
f 961/253/618 1261/253/618 1260/127/618 960/127/618
f 905/189/393 1205/189/393 1204/188/393 904/188/393
f 1075/190/484 1375/190/484 1374/193/484 1074/193/484
f 1018/223/619 1318/223/619 1317/166/619 1017/166/619
f 1115/69/620 1415/69/620 1414/114/620 1114/114/620
f 1111/147/487 1411/147/487 1410/155/487 1110/155/487
f 1010/163/622 1310/163/622 1309/266/622 1009/266/622
f 1107/133/623 1407/133/623 1406/132/623 1106/132/623
f 1024/236/490 1324/236/490 1323/162/490 1023/162/490
f 1181/73/624 1481/73/624 1480/72/624 1180/72/624
f 1103/111/491 1403/111/491 1402/63/491 1102/63/491
f 953/144/626 1253/144/626 1252/145/626 952/145/626
f 1001/90/627 1301/90/627 1300/91/627 1000/91/627
f 1099/115/628 1399/115/628 1398/175/628 1098/175/628
f 958/295/493 1258/295/493 1257/272/493 957/272/493
f 1160/54/629 1460/54/629 1459/57/629 1159/57/629
f 1002/280/642 1302/280/642 1301/90/642 1001/90/642
f 1091/109/643 1391/109/643 1390/35/643 1090/35/643
f 1196/151/393 1496/151/393 1495/85/393 1195/85/393
f 1095/128/496 1395/128/496 1394/129/496 1094/129/496
f 945/299/644 1245/299/644 1244/294/644 944/294/644
f 1066/207/396 1366/207/396 1365/209/396 1065/209/396
f 1083/107/397 1383/107/397 1382/108/397 1082/108/397
f 924/288/393 1224/288/393 1223/94/393 923/94/393
f 971/283/498 1271/283/498 1270/284/498 970/284/498
f 1200/102/393 1500/102/393 1499/103/393 1199/103/393
f 994/6/399 1294/6/399 1293/92/399 993/92/399
f 950/271/500 1250/271/500 1249/258/500 949/258/500
f 1087/171/501 1387/171/501 1386/172/501 1086/172/501
f 1067/206/399 1367/206/399 1366/207/399 1066/207/399
f 1199/103/393 1499/103/393 1498/106/393 1198/106/393
f 933/164/645 1233/164/645 1232/158/645 932/158/645
f 1079/101/406 1379/101/406 1378/182/406 1078/182/406
f 1188/29/402 1488/29/402 1487/79/402 1187/79/402
f 943/235/403 1243/235/403 1242/160/403 942/160/403
f 937/297/404 1237/297/404 1236/298/404 936/298/404
f 1071/199/405 1371/199/405 1370/201/405 1070/201/405
f 1191/19/393 1491/19/393 1490/81/393 1190/81/393
f 925/159/393 1225/159/393 1224/288/393 924/288/393
f 1192/80/393 1492/80/393 1491/19/393 1191/19/393
f 1059/176/406 1359/176/406 1358/216/406 1058/216/406
f 934/244/517 1234/244/517 1233/164/517 933/164/517
f 1180/72/407 1480/72/407 1479/62/407 1179/62/407
f 1063/212/456 1363/212/456 1362/180/456 1062/180/456
f 929/247/409 1229/247/409 1228/245/409 928/245/409
f 1051/221/410 1351/221/410 1350/222/410 1050/222/410
f 1183/75/402 1483/75/402 1482/74/402 1182/74/402
f 917/177/393 1217/177/393 1216/181/393 916/181/393
f 1184/76/411 1484/76/411 1483/75/411 1183/75/411
f 986/277/412 1286/277/412 1285/281/412 985/281/412
f 1043/141/413 1343/141/413 1342/137/413 1042/137/413
f 926/230/521 1226/230/521 1225/159/521 925/159/521
f 921/98/393 1221/98/393 1220/99/393 920/99/393
f 978/278/646 1278/278/646 1277/251/646 977/251/646
f 1128/70/415 1428/70/415 1427/136/415 1127/136/415
f 1176/15/417 1476/15/417 1475/31/417 1175/31/417
f 1123/122/418 1423/122/418 1422/255/418 1122/255/418
f 1175/31/526 1475/31/526 1474/60/526 1174/60/526
f 962/290/420 1262/290/420 1261/253/420 961/253/420
f 918/168/393 1218/168/393 1217/177/393 917/177/393
f 909/196/393 1209/196/393 1208/194/393 908/194/393
f 1055/170/530 1355/170/530 1354/218/530 1054/218/530
f 1164/17/422 1464/17/422 1463/18/422 1163/18/422
f 1047/240/533 1347/240/533 1346/246/533 1046/246/533
f 913/205/393 1213/205/393 1212/202/393 912/202/393
f 1156/33/424 1456/33/424 1455/30/424 1155/30/424
f 1039/268/537 1339/268/537 1338/269/537 1038/269/537
f 954/143/425 1254/143/425 1253/144/425 953/144/425
f 1167/59/647 1467/59/647 1466/45/647 1166/45/647
f 1148/43/648 1448/43/648 1447/44/648 1147/44/648
f 1031/228/542 1331/228/542 1330/270/542 1030/270/542
f 1027/241/427 1327/241/427 1326/89/427 1026/89/427
f 910/198/393 1210/198/393 1209/196/393 909/196/393
f 1140/9/428 1440/9/428 1439/10/428 1139/10/428
f 946/300/429 1246/300/429 1245/299/429 945/299/429
f 1159/57/548 1459/57/548 1458/52/548 1158/52/548
f 1132/65/430 1432/65/430 1431/131/430 1131/131/430
f 902/185/393 1202/185/393 1201/183/393 901/183/393
f 1019/165/431 1319/165/431 1318/223/431 1018/223/431
f 1124/124/432 1424/124/432 1423/122/432 1123/122/432
f 1023/162/555 1323/162/555 1322/116/555 1022/116/555
f 1048/234/557 1348/234/557 1347/240/557 1047/240/557
f 1195/85/393 1495/85/393 1494/83/393 1194/83/393
f 1011/215/433 1311/215/433 1310/163/433 1010/163/433
f 1056/169/558 1356/169/558 1355/170/558 1055/170/558
f 938/231/649 1238/231/649 1237/297/649 937/297/649
f 1003/42/435 1303/42/435 1302/280/435 1002/280/435
f 1116/71/436 1416/71/436 1415/69/436 1115/69/436
f 1015/263/560 1315/263/560 1314/139/560 1014/139/560
f 1152/1/437 1452/1/437 1451/21/437 1151/21/437
f 995/5/438 1295/5/438 1294/6/438 994/6/438
f 1108/120/650 1408/120/650 1407/133/650 1107/133/650
f 1007/257/563 1307/257/563 1306/237/563 1006/237/563
f 1144/2/441 1444/2/441 1443/3/441 1143/3/441
f 987/275/442 1287/275/442 1286/277/442 986/277/442
f 1100/88/443 1400/88/443 1399/115/443 1099/115/443
f 999/232/565 1299/232/565 1298/233/565 998/233/565
f 1136/82/445 1436/82/445 1435/84/445 1135/84/445
f 1187/79/411 1487/79/411 1486/78/411 1186/78/411
f 1092/105/446 1392/105/446 1391/109/446 1091/109/446
f 930/157/448 1230/157/448 1229/247/448 929/247/448
f 1084/174/449 1384/174/449 1383/107/449 1083/107/449
f 991/27/536 1291/27/536 1290/138/536 990/138/536
f 1194/83/393 1494/83/393 1493/68/393 1193/68/393
f 1179/62/452 1479/62/452 1478/61/452 1178/61/452
f 791/109/643 1091/109/643 1090/35/643 790/35/643
f 702/280/642 1002/280/642 1001/90/642 701/90/642
f 1452/1/651 1443/3/651 1444/2/651
f 1333/4/200 1294/6/200 1295/5/200
f 1334/7/200 1294/6/200 1333/4/200
f 1457/8/200 1439/10/200 1440/9/200
f 1256/11/200 1251/13/200 1255/12/200
f 1477/14/256 1465/16/256 1476/15/256
f 1464/17/200 1491/19/200 1463/18/200
f 1445/20/652 1451/21/652 1444/2/652
f 1454/22/653 1441/24/653 1442/23/653
f 1341/25/200 1291/27/200 1340/26/200
f 1489/28/200 1464/17/200 1488/29/200
f 1455/30/200 1441/24/200 1454/22/200
f 1476/15/46 1465/16/46 1475/31/46
f 1454/22/200 1442/23/200 1453/32/200
f 1456/33/200 1440/9/200 1455/30/200
f 1497/34/96 1389/36/96 1390/35/96
f 1449/37/654 1450/39/654 1446/38/654
f 1325/40/32 1303/42/32 1304/41/32
f 1448/43/200 1449/37/200 1447/44/200
f 1475/31/149 1465/16/149 1466/45/149
f 1449/37/655 1446/38/655 1447/44/655
f 1284/46/200 1274/48/200 1283/47/200
f 1450/39/338 1445/20/338 1446/38/338
f 1472/49/656 1469/51/656 1470/50/656
f 1458/52/200 1439/10/200 1457/8/200
f 1472/49/200 1473/53/200 1469/51/200
f 1460/54/200 1437/56/200 1438/55/200
f 1459/57/200 1439/10/200 1458/52/200
f 1469/51/200 1473/53/200 1468/58/200
f 1459/57/200 1438/55/200 1439/10/200
f 1468/58/200 1474/60/200 1467/59/200
f 1457/8/43 1440/9/43 1456/33/43
f 1478/61/200 1465/16/200 1477/14/200
f 1460/54/43 1438/55/43 1459/57/43
f 1479/62/152 1465/16/152 1478/61/152
f 1402/63/200 1432/65/200 1401/64/200
f 1462/66/200 1493/68/200 1461/67/200
f 1415/69/200 1416/71/200 1428/70/200
f 1479/62/200 1480/72/200 1465/16/200
f 1480/72/200 1481/73/200 1465/16/200
f 1481/73/657 1482/74/657 1465/16/657
f 1482/74/200 1483/75/200 1465/16/200
f 1484/76/200 1464/17/200 1483/75/200
f 1485/77/200 1464/17/200 1484/76/200
f 1486/78/200 1464/17/200 1485/77/200
f 1487/79/200 1464/17/200 1486/78/200
f 1488/29/200 1464/17/200 1487/79/200
f 1463/18/200 1492/80/200 1462/66/200
f 1489/28/200 1490/81/200 1464/17/200
f 1490/81/200 1491/19/200 1464/17/200
f 1455/30/200 1440/9/200 1441/24/200
f 1491/19/200 1492/80/200 1463/18/200
f 1461/67/200 1437/56/200 1460/54/200
f 1492/80/200 1493/68/200 1462/66/200
f 1461/67/200 1436/82/200 1437/56/200
f 1493/68/200 1494/83/200 1461/67/200
f 1494/83/200 1436/82/200 1461/67/200
f 1435/84/200 1436/82/200 1494/83/200
f 1435/84/200 1494/83/200 1495/85/200
f 1434/86/200 1435/84/200 1495/85/200
f 1433/87/96 1434/86/96 1400/88/96
f 1326/89/149 1300/91/149 1301/90/149
f 1432/65/200 1433/87/200 1401/64/200
f 1294/6/96 1335/93/96 1293/92/96
f 1223/94/200 1265/96/200 1266/95/200
f 1497/34/116 1388/97/116 1389/36/116
f 1221/98/200 1345/100/200 1220/99/200
f 1379/101/200 1499/103/200 1500/102/200
f 1497/34/96 1392/105/96 1393/104/96
f 1498/106/43 1382/108/43 1383/107/43
f 1497/34/200 1391/109/200 1392/105/200
f 1472/49/658 1470/50/658 1471/110/658
f 1402/63/200 1403/111/200 1432/65/200
f 1413/112/200 1414/114/200 1429/113/200
f 1399/115/200 1434/86/200 1495/85/200
f 1322/116/200 1313/118/200 1321/117/200
f 1409/119/222 1430/121/222 1408/120/222
f 1423/122/200 1424/124/200 1420/123/200
f 1259/125/659 1260/127/659 1248/126/659
f 1497/34/96 1394/129/96 1395/128/96
f 1405/130/200 1406/132/200 1431/131/200
f 1408/120/200 1430/121/200 1407/133/200
f 1407/133/200 1430/121/200 1406/132/200
f 1497/34/43 1393/104/43 1394/129/43
f 1426/134/200 1427/136/200 1417/135/200
f 1342/137/200 1290/138/200 1341/25/200
f 1321/117/256 1313/118/256 1314/139/256
f 1289/140/116 1290/138/116 1343/141/116
f 1418/142/200 1426/134/200 1417/135/200
f 1254/143/200 1252/145/200 1253/144/200
f 1498/106/43 1381/146/43 1382/108/43
f 1411/147/200 1412/148/200 1430/121/200
f 1412/148/200 1413/112/200 1429/113/200
f 1424/124/200 1425/150/200 1419/149/200
f 1496/151/149 1395/128/149 1396/152/149
f 1220/99/200 1349/154/200 1219/153/200
f 1411/147/200 1430/121/200 1410/155/200
f 1231/156/200 1232/158/200 1230/157/200
f 1475/31/185 1466/45/185 1474/60/185
f 1225/159/659 1241/161/659 1242/160/659
f 1323/162/200 1310/163/200 1322/116/200
f 1230/157/651 1232/158/651 1233/164/651
f 1420/123/200 1424/124/200 1419/149/200
f 1450/39/200 1451/21/200 1445/20/200
f 1431/131/43 1406/132/43 1430/121/43
f 1319/165/651 1316/167/651 1317/166/651
f 1218/168/96 1355/170/96 1356/169/96
f 1498/106/200 1388/97/200 1497/34/200
f 1387/171/200 1388/97/200 1498/106/200
f 1386/172/200 1387/171/200 1498/106/200
f 1385/173/200 1386/172/200 1498/106/200
f 1385/173/200 1498/106/200 1384/174/200
f 1496/151/200 1398/175/200 1495/85/200
f 1359/176/200 1217/177/200 1218/168/200
f 1496/151/151 1396/152/151 1397/178/151
f 1499/103/200 1381/146/200 1498/106/200
f 1380/179/96 1381/146/96 1499/103/96
f 1380/179/200 1499/103/200 1379/101/200
f 1362/180/200 1216/181/200 1217/177/200
f 1378/182/200 1379/101/200 1500/102/200
f 1378/182/200 1500/102/200 1201/183/200
f 1377/184/200 1378/182/200 1201/183/200
f 1377/184/200 1201/183/200 1202/185/200
f 1377/184/200 1202/185/200 1203/186/200
f 1376/187/43 1377/184/43 1204/188/43
f 1496/151/660 1397/178/660 1398/175/660
f 1376/187/200 1204/188/200 1205/189/200
f 1375/190/96 1376/187/96 1205/189/96
f 1375/190/200 1205/189/200 1206/191/200
f 1375/190/200 1206/191/200 1207/192/200
f 1374/193/200 1375/190/200 1207/192/200
f 1374/193/200 1207/192/200 1208/194/200
f 1373/195/200 1374/193/200 1208/194/200
f 1373/195/200 1208/194/200 1209/196/200
f 1372/197/200 1373/195/200 1209/196/200
f 1372/197/200 1209/196/200 1210/198/200
f 1371/199/43 1372/197/43 1210/198/43
f 1371/199/200 1210/198/200 1211/200/200
f 1370/201/96 1371/199/96 1211/200/96
f 1370/201/200 1211/200/200 1212/202/200
f 1369/203/200 1370/201/200 1212/202/200
f 1368/204/200 1369/203/200 1212/202/200
f 1368/204/200 1212/202/200 1213/205/200
f 1367/206/200 1368/204/200 1213/205/200
f 1366/207/200 1367/206/200 1213/205/200
f 1366/207/200 1213/205/200 1214/208/200
f 1365/209/200 1366/207/200 1214/208/200
f 1365/209/200 1214/208/200 1215/210/200
f 1364/211/96 1365/209/96 1215/210/96
f 1364/211/200 1215/210/200 1216/181/200
f 1363/212/200 1364/211/200 1216/181/200
f 1363/212/200 1216/181/200 1362/180/200
f 1497/34/200 1395/128/200 1496/151/200
f 1361/213/200 1362/180/200 1217/177/200
f 1360/214/200 1361/213/200 1217/177/200
f 1360/214/200 1217/177/200 1359/176/200
f 1322/116/661 1310/163/661 1311/215/661
f 1358/216/200 1359/176/200 1218/168/200
f 1357/217/96 1358/216/96 1218/168/96
f 1357/217/200 1218/168/200 1356/169/200
f 1400/88/200 1434/86/200 1399/115/200
f 1219/153/200 1355/170/200 1218/168/200
f 1354/218/338 1355/170/338 1219/153/338
f 1353/219/172 1354/218/172 1219/153/172
f 1352/220/200 1353/219/200 1219/153/200
f 1351/221/200 1352/220/200 1219/153/200
f 1350/222/200 1351/221/200 1219/153/200
f 1349/154/200 1350/222/200 1219/153/200
f 1318/223/662 1319/165/662 1317/166/662
f 1282/224/663 1275/226/663 1276/225/663
f 1468/58/664 1473/53/664 1474/60/664
f 1474/60/222 1466/45/222 1467/59/222
f 1428/70/172 1417/135/172 1427/136/172
f 1332/227/142 1295/5/142 1331/228/142
f 1423/122/659 1420/123/659 1421/229/659
f 1226/230/200 1238/231/200 1225/159/200
f 1326/89/663 1298/233/663 1299/232/663
f 1348/234/200 1349/154/200 1220/99/200
f 1333/4/222 1295/5/222 1332/227/222
f 1225/159/653 1242/160/653 1243/235/653
f 1324/236/663 1305/238/663 1306/237/663
f 1322/116/665 1312/239/665 1313/118/665
f 1419/149/200 1425/150/200 1418/142/200
f 1347/240/200 1348/234/200 1220/99/200
f 1495/85/96 1398/175/96 1399/115/96
f 1327/241/200 1298/233/200 1326/89/200
f 1327/241/43 1297/242/43 1298/233/43
f 1235/243/200 1228/245/200 1234/244/200
f 1453/32/161 1443/3/161 1452/1/161
f 1346/246/142 1347/240/142 1220/99/142
f 1233/164/660 1229/247/660 1230/157/660
f 1293/92/116 1336/249/116 1337/248/116
f 1281/250/110 1276/225/110 1277/251/110
f 1345/100/200 1346/246/200 1220/99/200
f 1320/252/144 1316/167/144 1319/165/144
f 1243/235/200 1261/253/200 1225/159/200
f 1344/254/200 1345/100/200 1221/98/200
f 1423/122/200 1421/229/200 1422/255/200
f 1335/93/200 1294/6/200 1334/7/200
f 1343/141/200 1344/254/200 1221/98/200
f 1225/159/172 1238/231/172 1239/256/172
f 1324/236/200 1307/257/200 1323/162/200
f 1249/258/200 1259/125/200 1248/126/200
f 1328/259/200 1297/242/200 1327/241/200
f 1410/155/200 1430/121/200 1409/119/200
f 1277/251/666 1280/260/666 1281/250/666
f 1497/34/338 1390/35/338 1391/109/338
f 1248/126/667 1260/127/667 1247/261/667
f 1323/162/46 1307/257/46 1308/262/46
f 1261/253/200 1247/261/200 1260/127/200
f 1321/117/116 1314/139/116 1315/263/116
f 1329/264/200 1296/265/200 1328/259/200
f 1323/162/116 1309/266/116 1310/163/116
f 1292/267/664 1338/269/664 1339/268/664
f 1330/270/200 1296/265/200 1329/264/200
f 1324/236/116 1306/237/116 1307/257/116
f 1328/259/200 1296/265/200 1297/242/200
f 1250/271/200 1257/272/200 1249/258/200
f 1338/269/200 1293/92/200 1337/248/200
f 1330/270/200 1295/5/200 1296/265/200
f 1293/92/200 1338/269/200 1292/267/200
f 1401/64/200 1433/87/200 1400/88/200
f 1320/252/668 1315/263/668 1316/167/668
f 1340/26/43 1291/27/43 1292/267/43
f 1340/26/200 1292/267/200 1339/268/200
f 1326/89/46 1299/232/46 1300/91/46
f 1404/273/200 1431/131/200 1403/111/200
f 1204/188/200 1377/184/200 1203/186/200
f 1425/150/200 1426/134/200 1418/142/200
f 1221/98/200 1289/140/200 1343/141/200
f 1288/274/200 1289/140/200 1221/98/200
f 1287/275/200 1288/274/200 1272/276/200
f 1286/277/116 1287/275/116 1272/276/116
f 1498/106/116 1383/107/116 1384/174/116
f 1283/47/669 1275/226/669 1282/224/669
f 1282/224/200 1276/225/200 1281/250/200
f 1343/141/35 1290/138/35 1342/137/35
f 1278/278/200 1280/260/200 1277/251/200
f 1279/279/200 1280/260/200 1278/278/200
f 1283/47/256 1274/48/256 1275/226/256
f 1293/92/96 1335/93/96 1336/249/96
f 1325/40/660 1301/90/660 1302/280/660
f 1286/277/200 1273/282/200 1285/281/200
f 1286/277/96 1272/276/96 1273/282/96
f 1285/281/200 1273/282/200 1284/46/200
f 1272/276/200 1288/274/200 1221/98/200
f 1221/98/200 1271/283/200 1272/276/200
f 1221/98/200 1270/284/200 1271/283/200
f 1225/159/653 1240/285/653 1241/161/653
f 1222/286/200 1270/284/200 1221/98/200
f 1222/286/200 1269/287/200 1270/284/200
f 1224/288/200 1262/290/200 1263/289/200
f 1223/94/200 1268/291/200 1222/286/200
f 1267/292/200 1268/291/200 1223/94/200
f 1267/292/43 1223/94/43 1266/95/43
f 1321/117/670 1315/263/670 1320/252/670
f 1224/288/200 1265/96/200 1223/94/200
f 1264/293/200 1265/96/200 1224/288/200
f 1264/293/96 1224/288/96 1263/289/96
f 1222/286/200 1268/291/200 1269/287/200
f 1225/159/200 1262/290/200 1224/288/200
f 1261/253/200 1262/290/200 1225/159/200
f 1244/294/671 1261/253/671 1243/235/671
f 1234/244/46 1229/247/46 1233/164/46
f 1322/116/96 1311/215/96 1312/239/96
f 1430/121/200 1412/148/200 1429/113/200
f 1331/228/200 1295/5/200 1330/270/200
f 1325/40/338 1302/280/338 1303/42/338
f 1258/295/69 1259/125/69 1249/258/69
f 1257/272/200 1258/295/200 1249/258/200
f 1414/114/200 1415/69/200 1429/113/200
f 1256/11/200 1257/272/200 1250/271/200
f 1326/89/200 1301/90/200 1325/40/200
f 1429/113/200 1415/69/200 1428/70/200
f 1254/143/200 1255/12/200 1252/145/200
f 1234/244/43 1228/245/43 1229/247/43
f 1255/12/32 1251/13/32 1252/145/32
f 1227/296/142 1228/245/142 1235/243/142
f 1226/230/43 1236/298/43 1237/297/43
f 1226/230/96 1237/297/96 1238/231/96
f 1444/2/669 1451/21/669 1452/1/669
f 1309/266/200 1323/162/200 1308/262/200
f 1250/271/200 1251/13/200 1256/11/200
f 1245/299/200 1246/300/200 1261/253/200
f 1432/65/200 1403/111/200 1431/131/200
f 1246/300/200 1247/261/200 1261/253/200
f 1245/299/200 1261/253/200 1244/294/200
f 1465/16/200 1483/75/200 1464/17/200
f 1325/40/222 1304/41/222 1324/236/222
f 1235/243/200 1236/298/200 1227/296/200
f 1284/46/142 1273/282/142 1274/48/142
f 1324/236/653 1304/41/653 1305/238/653
f 1405/130/200 1431/131/200 1404/273/200
f 1416/71/200 1417/135/200 1428/70/200
f 1227/296/200 1236/298/200 1226/230/200
f 1225/159/663 1239/256/663 1240/285/663
f 1453/32/663 1442/23/663 1443/3/663
f 1290/138/116 1291/27/116 1341/25/116
f 983/47/449 1283/47/449 1282/224/449 982/224/449
f 1076/187/453 1376/187/453 1375/190/453 1075/190/453
