# Blender 4.0.2
# www.blender.org
mtllib Essenza_M_corner.mtl
o Essenza_M_corner
v 0.096508 0.011913 -0.804272
v 0.096508 0.011711 -0.804272
v 0.096508 0.011129 -0.804272
v 0.096508 0.010200 -0.804272
v 0.096508 0.008960 -0.804272
v 0.096508 0.007444 -0.804272
v 0.096508 0.005685 -0.804272
v 0.096508 0.003719 -0.804272
v 0.096508 0.001579 -0.804272
v 0.096508 -0.000699 -0.804272
v 0.096508 -0.003080 -0.804272
v 0.096508 -0.005531 -0.804272
v 0.096508 -0.008016 -0.804272
v 0.096508 -0.008361 -0.804272
v 0.096508 -0.009357 -0.804272
v 0.096508 -0.010944 -0.804272
v 0.096508 -0.013064 -0.804272
v 0.096508 -0.015656 -0.804272
v 0.096508 -0.018662 -0.804272
v 0.096508 -0.022023 -0.804272
v 0.096508 -0.025679 -0.804272
v 0.096508 -0.029571 -0.804272
v 0.096508 -0.033640 -0.804272
v 0.096508 -0.037827 -0.804272
v 0.096508 -0.042073 -0.804272
v 0.096508 -0.042308 -0.804272
v 0.096508 -0.042504 -0.804277
v 0.096508 -0.042664 -0.804288
v 0.096508 -0.042793 -0.804309
v 0.096508 -0.042894 -0.804345
v 0.096508 -0.042970 -0.804398
v 0.096508 -0.043025 -0.804471
v 0.096508 -0.043063 -0.804570
v 0.096508 -0.043087 -0.804696
v 0.096508 -0.043101 -0.804854
v 0.096508 -0.043109 -0.805046
v 0.096508 -0.043113 -0.805277
v 0.096508 -0.043112 -0.805414
v 0.096508 -0.043109 -0.805551
v 0.096508 -0.043106 -0.805688
v 0.096508 -0.043101 -0.805824
v 0.096508 -0.043097 -0.805961
v 0.096508 -0.043093 -0.806098
v 0.096508 -0.043091 -0.806234
v 0.096508 -0.043090 -0.806371
v 0.096508 -0.043091 -0.806508
v 0.096508 -0.043095 -0.806644
v 0.096508 -0.043102 -0.806781
v 0.096508 -0.043113 -0.806918
v 0.096508 -0.043120 -0.807055
v 0.096508 -0.043113 -0.807177
v 0.096508 -0.043094 -0.807284
v 0.096508 -0.043061 -0.807378
v 0.096508 -0.043015 -0.807460
v 0.096508 -0.042957 -0.807531
v 0.096508 -0.042885 -0.807593
v 0.096508 -0.042801 -0.807646
v 0.096508 -0.042704 -0.807692
v 0.096508 -0.042594 -0.807732
v 0.096508 -0.042472 -0.807768
v 0.096508 -0.042337 -0.807800
v 0.096508 -0.040819 -0.808176
v 0.096508 -0.039360 -0.808632
v 0.096508 -0.037959 -0.809169
v 0.096508 -0.036617 -0.809787
v 0.096508 -0.035334 -0.810485
v 0.096508 -0.034110 -0.811264
v 0.096508 -0.032944 -0.812123
v 0.096508 -0.031838 -0.813063
v 0.096508 -0.030790 -0.814084
v 0.096508 -0.029800 -0.815184
v 0.096508 -0.028870 -0.816365
v 0.096508 -0.027999 -0.817626
v 0.096508 -0.027932 -0.817723
v 0.096508 -0.027864 -0.817811
v 0.096508 -0.027794 -0.817890
v 0.096508 -0.027720 -0.817961
v 0.096508 -0.027643 -0.818024
v 0.096508 -0.027562 -0.818078
v 0.096508 -0.027476 -0.818123
v 0.096508 -0.027383 -0.818160
v 0.096508 -0.027284 -0.818189
v 0.096508 -0.027178 -0.818209
v 0.096508 -0.027064 -0.818221
v 0.096508 -0.026940 -0.818225
v 0.096508 -0.026389 -0.818218
v 0.096508 -0.025837 -0.818212
v 0.096508 -0.025284 -0.818207
v 0.096508 -0.024731 -0.818204
v 0.096508 -0.024178 -0.818202
v 0.096508 -0.023625 -0.818201
v 0.096508 -0.023071 -0.818200
v 0.096508 -0.022518 -0.818199
v 0.096508 -0.021965 -0.818198
v 0.096508 -0.021413 -0.818196
v 0.096508 -0.020861 -0.818194
v 0.096508 -0.020309 -0.818190
v 0.096508 -0.020216 -0.818189
v 0.096508 -0.020124 -0.818186
v 0.096508 -0.020032 -0.818180
v 0.096508 -0.019939 -0.818172
v 0.096508 -0.019847 -0.818163
v 0.096508 -0.019756 -0.818150
v 0.096508 -0.019664 -0.818136
v 0.096508 -0.019574 -0.818120
v 0.096508 -0.019483 -0.818101
v 0.096508 -0.019393 -0.818080
v 0.096508 -0.019304 -0.818057
v 0.096508 -0.019216 -0.818031
v 0.096508 -0.019066 -0.817974
v 0.096508 -0.018927 -0.817908
v 0.096508 -0.018800 -0.817832
v 0.096508 -0.018685 -0.817748
v 0.096508 -0.018584 -0.817654
v 0.096508 -0.018497 -0.817551
v 0.096508 -0.018425 -0.817438
v 0.096508 -0.018370 -0.817315
v 0.096508 -0.018333 -0.817183
v 0.096508 -0.018313 -0.817041
v 0.096508 -0.018313 -0.816888
v 0.096508 -0.018334 -0.816726
v 0.096508 -0.018385 -0.816484
v 0.096508 -0.018440 -0.816242
v 0.096508 -0.018498 -0.816001
v 0.096508 -0.018559 -0.815760
v 0.096508 -0.018620 -0.815519
v 0.096508 -0.018682 -0.815277
v 0.096508 -0.018743 -0.815036
v 0.096508 -0.018803 -0.814793
v 0.096508 -0.018860 -0.814550
v 0.096508 -0.018913 -0.814307
v 0.096508 -0.018961 -0.814062
v 0.096508 -0.019004 -0.813815
v 0.096508 -0.019029 -0.813668
v 0.096508 -0.019052 -0.813519
v 0.096508 -0.019071 -0.813368
v 0.096508 -0.019087 -0.813216
v 0.096508 -0.019099 -0.813062
v 0.096508 -0.019105 -0.812909
v 0.096508 -0.019107 -0.812756
v 0.096508 -0.019103 -0.812604
v 0.096508 -0.019093 -0.812453
v 0.096508 -0.019077 -0.812305
v 0.096508 -0.019053 -0.812159
v 0.096508 -0.019022 -0.812016
v 0.096508 -0.018935 -0.811760
v 0.096508 -0.018816 -0.811523
v 0.096508 -0.018668 -0.811305
v 0.096508 -0.018494 -0.811107
v 0.096508 -0.018295 -0.810930
v 0.096508 -0.018074 -0.810775
v 0.096508 -0.017833 -0.810641
v 0.096508 -0.017574 -0.810532
v 0.096508 -0.017300 -0.810446
v 0.096508 -0.017014 -0.810385
v 0.096508 -0.016717 -0.810349
v 0.096508 -0.016411 -0.810340
v 0.096508 -0.015499 -0.810340
v 0.096508 -0.014587 -0.810339
v 0.096508 -0.013676 -0.810337
v 0.096508 -0.012766 -0.810336
v 0.096508 -0.011856 -0.810334
v 0.096508 -0.010946 -0.810331
v 0.096508 -0.010037 -0.810329
v 0.096508 -0.009128 -0.810327
v 0.096508 -0.008219 -0.810325
v 0.096508 -0.007311 -0.810324
v 0.096508 -0.006403 -0.810323
v 0.096508 -0.005494 -0.810323
v 0.096508 -0.003382 -0.810323
v 0.096508 -0.001270 -0.810323
v 0.096508 0.000842 -0.810323
v 0.096508 0.002954 -0.810324
v 0.096508 0.005066 -0.810325
v 0.096508 0.007178 -0.810327
v 0.096508 0.009290 -0.810330
v 0.096508 0.011401 -0.810333
v 0.096508 0.013513 -0.810337
v 0.096508 0.015625 -0.810343
v 0.096508 0.017737 -0.810350
v 0.096508 0.019849 -0.810358
v 0.096508 0.020023 -0.810368
v 0.096508 0.020201 -0.810388
v 0.096508 0.020380 -0.810418
v 0.096508 0.020561 -0.810457
v 0.096508 0.020741 -0.810505
v 0.096508 0.020921 -0.810561
v 0.096508 0.021098 -0.810624
v 0.096508 0.021272 -0.810694
v 0.096508 0.021442 -0.810770
v 0.096508 0.021606 -0.810851
v 0.096508 0.021763 -0.810937
v 0.096508 0.021913 -0.811028
v 0.096508 0.022142 -0.811203
v 0.096508 0.022330 -0.811392
v 0.096508 0.022478 -0.811594
v 0.096508 0.022591 -0.811807
v 0.096508 0.022670 -0.812030
v 0.096508 0.022720 -0.812261
v 0.096508 0.022742 -0.812499
v 0.096508 0.022740 -0.812743
v 0.096508 0.022716 -0.812990
v 0.096508 0.022675 -0.813241
v 0.096508 0.022617 -0.813493
v 0.096508 0.022548 -0.813745
v 0.096508 0.022480 -0.813960
v 0.096508 0.022409 -0.814176
v 0.096508 0.022336 -0.814391
v 0.096508 0.022260 -0.814605
v 0.096508 0.022184 -0.814820
v 0.096508 0.022107 -0.815035
v 0.096508 0.022030 -0.815250
v 0.096508 0.021953 -0.815466
v 0.096508 0.021878 -0.815682
v 0.096508 0.021805 -0.815900
v 0.096508 0.021734 -0.816118
v 0.096508 0.021666 -0.816338
v 0.096508 0.021592 -0.816631
v 0.096508 0.021555 -0.816903
v 0.096508 0.021555 -0.817152
v 0.096508 0.021591 -0.817377
v 0.096508 0.021663 -0.817579
v 0.096508 0.021770 -0.817756
v 0.096508 0.021912 -0.817907
v 0.096508 0.022088 -0.818033
v 0.096508 0.022298 -0.818131
v 0.096508 0.022542 -0.818203
v 0.096508 0.022820 -0.818246
v 0.096508 0.023130 -0.818261
v 0.096508 0.024228 -0.818260
v 0.096508 0.025326 -0.818258
v 0.096508 0.026423 -0.818255
v 0.096508 0.027521 -0.818251
v 0.096508 0.028619 -0.818247
v 0.096508 0.029717 -0.818243
v 0.096508 0.030815 -0.818239
v 0.096508 0.031913 -0.818235
v 0.096508 0.033011 -0.818231
v 0.096508 0.034109 -0.818228
v 0.096508 0.035206 -0.818226
v 0.096508 0.036304 -0.818225
v 0.096508 0.036404 -0.818222
v 0.096508 0.036493 -0.818212
v 0.096508 0.036571 -0.818194
v 0.096508 0.036639 -0.818169
v 0.096508 0.036697 -0.818136
v 0.096508 0.036745 -0.818095
v 0.096508 0.036785 -0.818046
v 0.096508 0.036816 -0.817988
v 0.096508 0.036840 -0.817920
v 0.096508 0.036856 -0.817844
v 0.096508 0.036866 -0.817757
v 0.096508 0.036869 -0.817661
v 0.096508 0.036868 -0.817531
v 0.096508 0.036867 -0.817157
v 0.096508 0.036866 -0.816561
v 0.096508 0.036865 -0.815764
v 0.096508 0.036863 -0.814790
v 0.096508 0.036862 -0.813661
v 0.096508 0.036861 -0.812399
v 0.096508 0.036861 -0.811026
v 0.096508 0.036861 -0.809564
v 0.096508 0.036863 -0.808036
v 0.096508 0.036865 -0.806465
v 0.096508 0.036869 -0.804872
v 0.096508 0.036866 -0.804766
v 0.096508 0.036857 -0.804670
v 0.096508 0.036842 -0.804584
v 0.096508 0.036819 -0.804508
v 0.096508 0.036788 -0.804442
v 0.096508 0.036747 -0.804387
v 0.096508 0.036697 -0.804341
v 0.096508 0.036636 -0.804306
v 0.096508 0.036564 -0.804281
v 0.096508 0.036479 -0.804267
v 0.096508 0.036381 -0.804264
v 0.096508 0.036269 -0.804272
v 0.096508 0.036221 -0.804276
v 0.096508 0.036173 -0.804278
v 0.096508 0.036126 -0.804279
v 0.096508 0.036080 -0.804280
v 0.096508 0.036033 -0.804279
v 0.096508 0.035987 -0.804278
v 0.096508 0.035941 -0.804277
v 0.096508 0.035894 -0.804276
v 0.096508 0.035847 -0.804274
v 0.096508 0.035800 -0.804273
v 0.096508 0.035753 -0.804272
v 0.096508 0.035705 -0.804272
v 0.096508 0.035464 -0.804272
v 0.096508 0.034768 -0.804272
v 0.096508 0.033659 -0.804272
v 0.096508 0.032178 -0.804272
v 0.096508 0.030367 -0.804272
v 0.096508 0.028266 -0.804272
v 0.096508 0.025918 -0.804272
v 0.096508 0.023364 -0.804272
v 0.096508 0.020645 -0.804272
v 0.096508 0.017803 -0.804272
v 0.096508 0.014878 -0.804272
v 0.110508 0.011913 -0.804272
v 0.110508 0.011711 -0.804272
v 0.110508 0.011129 -0.804272
v 0.110508 0.010200 -0.804272
v 0.110508 0.008960 -0.804272
v 0.110508 0.007444 -0.804272
v 0.110508 0.005685 -0.804272
v 0.110508 0.003719 -0.804272
v 0.110508 0.001579 -0.804272
v 0.110508 -0.000699 -0.804272
v 0.110508 -0.003080 -0.804272
v 0.110508 -0.005531 -0.804272
v 0.110508 -0.008016 -0.804272
v 0.110508 -0.008361 -0.804272
v 0.110508 -0.009357 -0.804272
v 0.110508 -0.010944 -0.804272
v 0.110508 -0.013064 -0.804272
v 0.110508 -0.015656 -0.804272
v 0.110508 -0.018662 -0.804272
v 0.110508 -0.022023 -0.804272
v 0.110508 -0.025679 -0.804272
v 0.110508 -0.029571 -0.804272
v 0.110508 -0.033640 -0.804272
v 0.110508 -0.037827 -0.804272
v 0.110508 -0.042073 -0.804272
v 0.110508 -0.042308 -0.804272
v 0.110508 -0.042504 -0.804277
v 0.110508 -0.042664 -0.804288
v 0.110508 -0.042793 -0.804309
v 0.110508 -0.042894 -0.804345
v 0.110508 -0.042970 -0.804398
v 0.110508 -0.043025 -0.804471
v 0.110508 -0.043063 -0.804570
v 0.110508 -0.043087 -0.804696
v 0.110508 -0.043101 -0.804854
v 0.110508 -0.043109 -0.805046
v 0.110508 -0.043113 -0.805277
v 0.110508 -0.043112 -0.805414
v 0.110508 -0.043109 -0.805551
v 0.110508 -0.043106 -0.805688
v 0.110508 -0.043101 -0.805824
v 0.110508 -0.043097 -0.805961
v 0.110508 -0.043093 -0.806098
v 0.110508 -0.043091 -0.806234
v 0.110508 -0.043090 -0.806371
v 0.110508 -0.043091 -0.806508
v 0.110508 -0.043095 -0.806644
v 0.110508 -0.043102 -0.806781
v 0.110508 -0.043113 -0.806918
v 0.110508 -0.043120 -0.807055
v 0.110508 -0.043113 -0.807177
v 0.110508 -0.043094 -0.807284
v 0.110508 -0.043061 -0.807378
v 0.110508 -0.043015 -0.807460
v 0.110508 -0.042957 -0.807531
v 0.110508 -0.042885 -0.807593
v 0.110508 -0.042801 -0.807646
v 0.110508 -0.042704 -0.807692
v 0.110508 -0.042594 -0.807732
v 0.110508 -0.042472 -0.807768
v 0.110508 -0.042337 -0.807800
v 0.110508 -0.040819 -0.808176
v 0.110508 -0.039360 -0.808632
v 0.110508 -0.037959 -0.809169
v 0.110508 -0.036617 -0.809787
v 0.110508 -0.035334 -0.810485
v 0.110508 -0.034110 -0.811264
v 0.110508 -0.032944 -0.812123
v 0.110508 -0.031838 -0.813063
v 0.110508 -0.030790 -0.814084
v 0.110508 -0.029800 -0.815184
v 0.110508 -0.028870 -0.816365
v 0.110508 -0.027999 -0.817626
v 0.110508 -0.027932 -0.817723
v 0.110508 -0.027864 -0.817811
v 0.110508 -0.027794 -0.817890
v 0.110508 -0.027720 -0.817961
v 0.110508 -0.027643 -0.818024
v 0.110508 -0.027562 -0.818078
v 0.110508 -0.027476 -0.818123
v 0.110508 -0.027383 -0.818160
v 0.110508 -0.027284 -0.818189
v 0.110508 -0.027178 -0.818209
v 0.110508 -0.027064 -0.818221
v 0.110508 -0.026940 -0.818225
v 0.110508 -0.026389 -0.818218
v 0.110508 -0.025837 -0.818212
v 0.110508 -0.025284 -0.818207
v 0.110508 -0.024731 -0.818204
v 0.110508 -0.024178 -0.818202
v 0.110508 -0.023625 -0.818201
v 0.110508 -0.023071 -0.818200
v 0.110508 -0.022518 -0.818199
v 0.110508 -0.021965 -0.818198
v 0.110508 -0.021413 -0.818196
v 0.110508 -0.020861 -0.818194
v 0.110508 -0.020309 -0.818190
v 0.110508 -0.020216 -0.818189
v 0.110508 -0.020124 -0.818186
v 0.110508 -0.020032 -0.818180
v 0.110508 -0.019939 -0.818172
v 0.110508 -0.019847 -0.818163
v 0.110508 -0.019756 -0.818150
v 0.110508 -0.019664 -0.818136
v 0.110508 -0.019574 -0.818120
v 0.110508 -0.019483 -0.818101
v 0.110508 -0.019393 -0.818080
v 0.110508 -0.019304 -0.818057
v 0.110508 -0.019216 -0.818031
v 0.110508 -0.019066 -0.817974
v 0.110508 -0.018927 -0.817908
v 0.110508 -0.018800 -0.817832
v 0.110508 -0.018685 -0.817748
v 0.110508 -0.018584 -0.817654
v 0.110508 -0.018497 -0.817551
v 0.110508 -0.018425 -0.817438
v 0.110508 -0.018370 -0.817315
v 0.110508 -0.018333 -0.817183
v 0.110508 -0.018313 -0.817041
v 0.110508 -0.018313 -0.816888
v 0.110508 -0.018334 -0.816726
v 0.110508 -0.018385 -0.816484
v 0.110508 -0.018440 -0.816242
v 0.110508 -0.018498 -0.816001
v 0.110508 -0.018559 -0.815760
v 0.110508 -0.018620 -0.815519
v 0.110508 -0.018682 -0.815277
v 0.110508 -0.018743 -0.815036
v 0.110508 -0.018803 -0.814793
v 0.110508 -0.018860 -0.814550
v 0.110508 -0.018913 -0.814307
v 0.110508 -0.018961 -0.814062
v 0.110508 -0.019004 -0.813815
v 0.110508 -0.019029 -0.813668
v 0.110508 -0.019052 -0.813519
v 0.110508 -0.019071 -0.813368
v 0.110508 -0.019087 -0.813216
v 0.110508 -0.019099 -0.813062
v 0.110508 -0.019105 -0.812909
v 0.110508 -0.019107 -0.812756
v 0.110508 -0.019103 -0.812604
v 0.110508 -0.019093 -0.812453
v 0.110508 -0.019077 -0.812305
v 0.110508 -0.019053 -0.812159
v 0.110508 -0.019022 -0.812016
v 0.110508 -0.018935 -0.811760
v 0.110508 -0.018816 -0.811523
v 0.110508 -0.018668 -0.811305
v 0.110508 -0.018494 -0.811107
v 0.110508 -0.018295 -0.810930
v 0.110508 -0.018074 -0.810775
v 0.110508 -0.017833 -0.810641
v 0.110508 -0.017574 -0.810532
v 0.110508 -0.017300 -0.810446
v 0.110508 -0.017014 -0.810385
v 0.110508 -0.016717 -0.810349
v 0.110508 -0.016411 -0.810340
v 0.110508 -0.015499 -0.810340
v 0.110508 -0.014587 -0.810339
v 0.110508 -0.013676 -0.810337
v 0.110508 -0.012766 -0.810336
v 0.110508 -0.011856 -0.810334
v 0.110508 -0.010946 -0.810331
v 0.110508 -0.010037 -0.810329
v 0.110508 -0.009128 -0.810327
v 0.110508 -0.008219 -0.810325
v 0.110508 -0.007311 -0.810324
v 0.110508 -0.006403 -0.810323
v 0.110508 -0.005494 -0.810323
v 0.110508 -0.003382 -0.810323
v 0.110508 -0.001270 -0.810323
v 0.110508 0.000842 -0.810323
v 0.110508 0.002954 -0.810324
v 0.110508 0.005066 -0.810325
v 0.110508 0.007178 -0.810327
v 0.110508 0.009290 -0.810330
v 0.110508 0.011401 -0.810333
v 0.110508 0.013513 -0.810337
v 0.110508 0.015625 -0.810343
v 0.110508 0.017737 -0.810350
v 0.110508 0.019849 -0.810358
v 0.110508 0.020023 -0.810368
v 0.110508 0.020201 -0.810388
v 0.110508 0.020380 -0.810418
v 0.110508 0.020561 -0.810457
v 0.110508 0.020741 -0.810505
v 0.110508 0.020921 -0.810561
v 0.110508 0.021098 -0.810624
v 0.110508 0.021272 -0.810694
v 0.110508 0.021442 -0.810770
v 0.110508 0.021606 -0.810851
v 0.110508 0.021763 -0.810937
v 0.110508 0.021913 -0.811028
v 0.110508 0.022142 -0.811203
v 0.110508 0.022330 -0.811392
v 0.110508 0.022478 -0.811594
v 0.110508 0.022591 -0.811807
v 0.110508 0.022670 -0.812030
v 0.110508 0.022720 -0.812261
v 0.110508 0.022742 -0.812499
v 0.110508 0.022740 -0.812743
v 0.110508 0.022716 -0.812990
v 0.110508 0.022675 -0.813241
v 0.110508 0.022617 -0.813493
v 0.110508 0.022548 -0.813745
v 0.110508 0.022480 -0.813960
v 0.110508 0.022409 -0.814176
v 0.110508 0.022336 -0.814391
v 0.110508 0.022260 -0.814605
v 0.110508 0.022184 -0.814820
v 0.110508 0.022107 -0.815035
v 0.110508 0.022030 -0.815250
v 0.110508 0.021953 -0.815466
v 0.110508 0.021878 -0.815682
v 0.110508 0.021805 -0.815900
v 0.110508 0.021734 -0.816118
v 0.110508 0.021666 -0.816338
v 0.110508 0.021592 -0.816631
v 0.110508 0.021555 -0.816903
v 0.110508 0.021555 -0.817152
v 0.110508 0.021591 -0.817377
v 0.110508 0.021663 -0.817579
v 0.110508 0.021770 -0.817756
v 0.110508 0.021912 -0.817907
v 0.110508 0.022088 -0.818033
v 0.110508 0.022298 -0.818131
v 0.110508 0.022542 -0.818203
v 0.110508 0.022820 -0.818246
v 0.110508 0.023130 -0.818261
v 0.110508 0.024228 -0.818260
v 0.110508 0.025326 -0.818258
v 0.110508 0.026423 -0.818255
v 0.110508 0.027521 -0.818251
v 0.110508 0.028619 -0.818247
v 0.110508 0.029717 -0.818243
v 0.110508 0.030815 -0.818239
v 0.110508 0.031913 -0.818235
v 0.110508 0.033011 -0.818231
v 0.110508 0.034109 -0.818228
v 0.110508 0.035206 -0.818226
v 0.110508 0.036304 -0.818225
v 0.110508 0.036404 -0.818222
v 0.110508 0.036493 -0.818212
v 0.110508 0.036571 -0.818194
v 0.110508 0.036639 -0.818169
v 0.110508 0.036697 -0.818136
v 0.110508 0.036745 -0.818095
v 0.110508 0.036785 -0.818046
v 0.110508 0.036816 -0.817988
v 0.110508 0.036840 -0.817920
v 0.110508 0.036856 -0.817844
v 0.110508 0.036866 -0.817757
v 0.110508 0.036869 -0.817661
v 0.110508 0.036868 -0.817531
v 0.110508 0.036867 -0.817157
v 0.110508 0.036866 -0.816561
v 0.110508 0.036865 -0.815764
v 0.110508 0.036863 -0.814790
v 0.110508 0.036862 -0.813661
v 0.110508 0.036861 -0.812399
v 0.110508 0.036861 -0.811026
v 0.110508 0.036861 -0.809564
v 0.110508 0.036863 -0.808036
v 0.110508 0.036865 -0.806465
v 0.110508 0.036869 -0.804872
v 0.110508 0.036866 -0.804766
v 0.110508 0.036857 -0.804670
v 0.110508 0.036842 -0.804584
v 0.110508 0.036819 -0.804508
v 0.110508 0.036788 -0.804442
v 0.110508 0.036747 -0.804387
v 0.110508 0.036697 -0.804341
v 0.110508 0.036636 -0.804306
v 0.110508 0.036564 -0.804281
v 0.110508 0.036479 -0.804267
v 0.110508 0.036381 -0.804264
v 0.110508 0.036269 -0.804272
v 0.110508 0.036221 -0.804276
v 0.110508 0.036173 -0.804278
v 0.110508 0.036126 -0.804279
v 0.110508 0.036080 -0.804280
v 0.110508 0.036033 -0.804279
v 0.110508 0.035987 -0.804278
v 0.110508 0.035941 -0.804277
v 0.110508 0.035894 -0.804276
v 0.110508 0.035847 -0.804274
v 0.110508 0.035800 -0.804273
v 0.110508 0.035753 -0.804272
v 0.110508 0.035705 -0.804272
v 0.110508 0.035464 -0.804272
v 0.110508 0.034768 -0.804272
v 0.110508 0.033659 -0.804272
v 0.110508 0.032178 -0.804272
v 0.110508 0.030367 -0.804272
v 0.110508 0.028266 -0.804272
v 0.110508 0.025918 -0.804272
v 0.110508 0.023364 -0.804272
v 0.110508 0.020645 -0.804272
v 0.110508 0.017803 -0.804272
v 0.110508 0.014878 -0.804272
v 0.131744 0.011913 -0.804272
v 0.131744 0.011711 -0.804272
v 0.131744 0.011129 -0.804272
v 0.131744 0.010200 -0.804272
v 0.131744 0.008960 -0.804272
v 0.131744 0.007444 -0.804272
v 0.131744 0.005685 -0.804272
v 0.131744 0.003719 -0.804272
v 0.131744 0.001579 -0.804272
v 0.131744 -0.000699 -0.804272
v 0.131744 -0.003080 -0.804272
v 0.131744 -0.005531 -0.804272
v 0.131744 -0.008016 -0.804272
v 0.131744 -0.008361 -0.804272
v 0.131744 -0.009357 -0.804272
v 0.131744 -0.010944 -0.804272
v 0.131744 -0.013064 -0.804272
v 0.131744 -0.015656 -0.804272
v 0.131744 -0.018662 -0.804272
v 0.131744 -0.022023 -0.804272
v 0.131744 -0.025679 -0.804272
v 0.131744 -0.029571 -0.804272
v 0.131744 -0.033640 -0.804272
v 0.131744 -0.037827 -0.804272
v 0.131744 -0.042073 -0.804272
v 0.131744 -0.042308 -0.804272
v 0.131740 -0.042504 -0.804277
v 0.131729 -0.042664 -0.804288
v 0.131707 -0.042793 -0.804309
v 0.131672 -0.042894 -0.804345
v 0.131619 -0.042970 -0.804398
v 0.131545 -0.043025 -0.804471
v 0.131446 -0.043063 -0.804570
v 0.131320 -0.043087 -0.804696
v 0.131162 -0.043101 -0.804854
v 0.130970 -0.043109 -0.805046
v 0.130739 -0.043113 -0.805277
v 0.130602 -0.043112 -0.805414
v 0.130465 -0.043109 -0.805551
v 0.130329 -0.043106 -0.805688
v 0.130192 -0.043101 -0.805824
v 0.130055 -0.043097 -0.805961
v 0.129919 -0.043093 -0.806098
v 0.129782 -0.043091 -0.806234
v 0.129645 -0.043090 -0.806371
v 0.129508 -0.043091 -0.806508
v 0.129372 -0.043095 -0.806644
v 0.129235 -0.043102 -0.806781
v 0.129098 -0.043113 -0.806918
v 0.128961 -0.043120 -0.807055
v 0.128839 -0.043113 -0.807177
v 0.128732 -0.043094 -0.807284
v 0.128638 -0.043061 -0.807378
v 0.128557 -0.043015 -0.807460
v 0.128485 -0.042957 -0.807531
v 0.128424 -0.042885 -0.807593
v 0.128371 -0.042801 -0.807646
v 0.128324 -0.042704 -0.807692
v 0.128284 -0.042594 -0.807732
v 0.128249 -0.042472 -0.807768
v 0.128216 -0.042337 -0.807800
v 0.127841 -0.040819 -0.808176
v 0.127384 -0.039360 -0.808632
v 0.126847 -0.037959 -0.809169
v 0.126229 -0.036617 -0.809787
v 0.125531 -0.035334 -0.810485
v 0.124752 -0.034110 -0.811264
v 0.123893 -0.032944 -0.812123
v 0.122953 -0.031838 -0.813063
v 0.121933 -0.030790 -0.814083
v 0.120832 -0.029800 -0.815184
v 0.119652 -0.028870 -0.816365
v 0.118391 -0.027999 -0.817626
v 0.118294 -0.027932 -0.817723
v 0.118205 -0.027864 -0.817811
v 0.118126 -0.027794 -0.817890
v 0.118055 -0.027720 -0.817961
v 0.117992 -0.027643 -0.818024
v 0.117939 -0.027562 -0.818078
v 0.117893 -0.027476 -0.818123
v 0.117856 -0.027383 -0.818160
v 0.117828 -0.027284 -0.818189
v 0.117807 -0.027178 -0.818209
v 0.117795 -0.027064 -0.818221
v 0.117791 -0.026940 -0.818225
v 0.117799 -0.026389 -0.818218
v 0.117805 -0.025837 -0.818212
v 0.117809 -0.025284 -0.818207
v 0.117812 -0.024731 -0.818204
v 0.117814 -0.024178 -0.818202
v 0.117815 -0.023625 -0.818201
v 0.117816 -0.023071 -0.818200
v 0.117817 -0.022518 -0.818199
v 0.117818 -0.021965 -0.818198
v 0.117820 -0.021413 -0.818196
v 0.117822 -0.020861 -0.818194
v 0.117826 -0.020309 -0.818190
v 0.117827 -0.020216 -0.818189
v 0.117831 -0.020124 -0.818186
v 0.117836 -0.020032 -0.818180
v 0.117844 -0.019939 -0.818172
v 0.117854 -0.019847 -0.818163
v 0.117866 -0.019756 -0.818150
v 0.117880 -0.019664 -0.818136
v 0.117897 -0.019574 -0.818120
v 0.117915 -0.019483 -0.818101
v 0.117936 -0.019393 -0.818080
v 0.117960 -0.019304 -0.818057
v 0.117985 -0.019216 -0.818031
v 0.118042 -0.019066 -0.817974
v 0.118109 -0.018927 -0.817908
v 0.118184 -0.018800 -0.817832
v 0.118269 -0.018685 -0.817748
v 0.118362 -0.018584 -0.817654
v 0.118466 -0.018497 -0.817551
v 0.118579 -0.018425 -0.817438
v 0.118701 -0.018370 -0.817315
v 0.118833 -0.018333 -0.817183
v 0.118976 -0.018313 -0.817041
v 0.119128 -0.018313 -0.816888
v 0.119290 -0.018334 -0.816726
v 0.119533 -0.018385 -0.816484
v 0.119774 -0.018440 -0.816242
v 0.120016 -0.018498 -0.816001
v 0.120257 -0.018559 -0.815760
v 0.120498 -0.018620 -0.815519
v 0.120739 -0.018682 -0.815277
v 0.120981 -0.018743 -0.815036
v 0.121223 -0.018803 -0.814793
v 0.121466 -0.018860 -0.814550
v 0.121710 -0.018913 -0.814306
v 0.121955 -0.018961 -0.814062
v 0.122201 -0.019004 -0.813815
v 0.122348 -0.019029 -0.813668
v 0.122497 -0.019052 -0.813519
v 0.122648 -0.019071 -0.813368
v 0.122801 -0.019087 -0.813215
v 0.122954 -0.019099 -0.813062
v 0.123107 -0.019105 -0.812909
v 0.123260 -0.019107 -0.812756
v 0.123412 -0.019103 -0.812604
v 0.123563 -0.019093 -0.812453
v 0.123711 -0.019077 -0.812305
v 0.123857 -0.019053 -0.812159
v 0.124000 -0.019022 -0.812016
v 0.124256 -0.018935 -0.811760
v 0.124493 -0.018816 -0.811523
v 0.124711 -0.018668 -0.811305
v 0.124909 -0.018494 -0.811107
v 0.125086 -0.018295 -0.810930
v 0.125242 -0.018074 -0.810775
v 0.125375 -0.017833 -0.810641
v 0.125485 -0.017574 -0.810532
v 0.125571 -0.017300 -0.810446
v 0.125632 -0.017014 -0.810385
v 0.125667 -0.016717 -0.810349
v 0.125676 -0.016411 -0.810340
v 0.125676 -0.015499 -0.810340
v 0.125677 -0.014587 -0.810339
v 0.125679 -0.013676 -0.810337
v 0.125681 -0.012766 -0.810336
v 0.125683 -0.011856 -0.810333
v 0.125685 -0.010946 -0.810331
v 0.125687 -0.010037 -0.810329
v 0.125689 -0.009128 -0.810327
v 0.125691 -0.008219 -0.810325
v 0.125692 -0.007311 -0.810324
v 0.125693 -0.006403 -0.810323
v 0.125694 -0.005494 -0.810323
v 0.125694 -0.003382 -0.810323
v 0.125694 -0.001270 -0.810323
v 0.125693 0.000842 -0.810323
v 0.125692 0.002954 -0.810324
v 0.125691 0.005066 -0.810325
v 0.125689 0.007178 -0.810327
v 0.125687 0.009290 -0.810329
v 0.125683 0.011401 -0.810333
v 0.125679 0.013513 -0.810337
v 0.125673 0.015625 -0.810343
v 0.125667 0.017737 -0.810350
v 0.125658 0.019849 -0.810358
v 0.125649 0.020023 -0.810368
v 0.125628 0.020201 -0.810388
v 0.125598 0.020380 -0.810418
v 0.125559 0.020561 -0.810457
v 0.125511 0.020741 -0.810505
v 0.125456 0.020921 -0.810561
v 0.125393 0.021098 -0.810624
v 0.125323 0.021272 -0.810694
v 0.125247 0.021442 -0.810770
v 0.125165 0.021606 -0.810851
v 0.125079 0.021763 -0.810937
v 0.124988 0.021913 -0.811028
v 0.124813 0.022142 -0.811203
v 0.124624 0.022330 -0.811392
v 0.124422 0.022478 -0.811594
v 0.124209 0.022591 -0.811807
v 0.123987 0.022670 -0.812030
v 0.123756 0.022720 -0.812261
v 0.123517 0.022742 -0.812499
v 0.123274 0.022740 -0.812743
v 0.123026 0.022716 -0.812990
v 0.122775 0.022675 -0.813241
v 0.122523 0.022617 -0.813493
v 0.122272 0.022548 -0.813745
v 0.122056 0.022480 -0.813960
v 0.121841 0.022409 -0.814176
v 0.121626 0.022336 -0.814391
v 0.121411 0.022260 -0.814605
v 0.121196 0.022184 -0.814820
v 0.120982 0.022107 -0.815035
v 0.120766 0.022030 -0.815250
v 0.120551 0.021953 -0.815466
v 0.120334 0.021878 -0.815682
v 0.120117 0.021805 -0.815900
v 0.119898 0.021734 -0.816118
v 0.119678 0.021666 -0.816338
v 0.119385 0.021592 -0.816631
v 0.119113 0.021555 -0.816903
v 0.118865 0.021555 -0.817152
v 0.118639 0.021591 -0.817377
v 0.118437 0.021663 -0.817579
v 0.118261 0.021770 -0.817756
v 0.118109 0.021912 -0.817907
v 0.117984 0.022088 -0.818033
v 0.117885 0.022298 -0.818131
v 0.117814 0.022542 -0.818203
v 0.117770 0.022820 -0.818246
v 0.117756 0.023130 -0.818261
v 0.117756 0.024228 -0.818260
v 0.117758 0.025326 -0.818258
v 0.117761 0.026423 -0.818255
v 0.117765 0.027521 -0.818251
v 0.117769 0.028619 -0.818247
v 0.117773 0.029717 -0.818243
v 0.117778 0.030815 -0.818239
v 0.117782 0.031913 -0.818235
v 0.117785 0.033011 -0.818231
v 0.117788 0.034109 -0.818228
v 0.117790 0.035206 -0.818226
v 0.117791 0.036304 -0.818225
v 0.117794 0.036404 -0.818222
v 0.117805 0.036493 -0.818212
v 0.117822 0.036571 -0.818194
v 0.117847 0.036639 -0.818169
v 0.117880 0.036697 -0.818136
v 0.117921 0.036745 -0.818095
v 0.117970 0.036785 -0.818046
v 0.118029 0.036816 -0.817988
v 0.118096 0.036840 -0.817920
v 0.118173 0.036856 -0.817844
v 0.118259 0.036866 -0.817757
v 0.118355 0.036869 -0.817661
v 0.118485 0.036868 -0.817531
v 0.118859 0.036867 -0.817157
v 0.119456 0.036866 -0.816561
v 0.120252 0.036865 -0.815764
v 0.121226 0.036863 -0.814790
v 0.122355 0.036862 -0.813661
v 0.123618 0.036861 -0.812399
v 0.124991 0.036861 -0.811026
v 0.126452 0.036861 -0.809564
v 0.127980 0.036863 -0.808036
v 0.129552 0.036865 -0.806465
v 0.131145 0.036869 -0.804872
v 0.131250 0.036866 -0.804766
v 0.131346 0.036857 -0.804670
v 0.131432 0.036842 -0.804584
v 0.131508 0.036819 -0.804508
v 0.131574 0.036788 -0.804442
v 0.131630 0.036747 -0.804387
v 0.131675 0.036697 -0.804341
v 0.131710 0.036636 -0.804306
v 0.131735 0.036564 -0.804281
v 0.131749 0.036479 -0.804267
v 0.131752 0.036381 -0.804264
v 0.131744 0.036269 -0.804272
v 0.131741 0.036221 -0.804276
v 0.131738 0.036173 -0.804278
v 0.131737 0.036126 -0.804279
v 0.131737 0.036080 -0.804280
v 0.131737 0.036033 -0.804279
v 0.131738 0.035987 -0.804278
v 0.131739 0.035941 -0.804277
v 0.131740 0.035894 -0.804276
v 0.131742 0.035847 -0.804274
v 0.131743 0.035800 -0.804273
v 0.131744 0.035753 -0.804272
v 0.131744 0.035705 -0.804272
v 0.131744 0.035464 -0.804272
v 0.131744 0.034768 -0.804272
v 0.131744 0.033659 -0.804272
v 0.131744 0.032178 -0.804272
v 0.131744 0.030367 -0.804272
v 0.131744 0.028266 -0.804272
v 0.131744 0.025918 -0.804272
v 0.131744 0.023364 -0.804272
v 0.131744 0.020645 -0.804272
v 0.131744 0.017803 -0.804272
v 0.131744 0.014878 -0.804272
v 0.131744 0.011913 -0.825508
v 0.131744 0.011711 -0.825508
v 0.131744 0.011129 -0.825508
v 0.131744 0.010200 -0.825508
v 0.131744 0.008960 -0.825508
v 0.131744 0.007444 -0.825508
v 0.131744 0.005685 -0.825508
v 0.131744 0.003719 -0.825508
v 0.131744 0.001579 -0.825508
v 0.131744 -0.000699 -0.825508
v 0.131744 -0.003080 -0.825508
v 0.131744 -0.005531 -0.825508
v 0.131744 -0.008016 -0.825508
v 0.131744 -0.008361 -0.825508
v 0.131744 -0.009357 -0.825508
v 0.131744 -0.010944 -0.825508
v 0.131744 -0.013064 -0.825508
v 0.131744 -0.015656 -0.825508
v 0.131744 -0.018662 -0.825508
v 0.131744 -0.022023 -0.825508
v 0.131744 -0.025679 -0.825508
v 0.131744 -0.029571 -0.825508
v 0.131744 -0.033640 -0.825508
v 0.131744 -0.037827 -0.825508
v 0.131744 -0.042073 -0.825508
v 0.131744 -0.042308 -0.825508
v 0.131740 -0.042504 -0.825508
v 0.131729 -0.042664 -0.825508
v 0.131707 -0.042793 -0.825508
v 0.131672 -0.042894 -0.825508
v 0.131619 -0.042970 -0.825508
v 0.131545 -0.043025 -0.825508
v 0.131446 -0.043063 -0.825508
v 0.131320 -0.043087 -0.825508
v 0.131162 -0.043101 -0.825508
v 0.130970 -0.043109 -0.825508
v 0.130739 -0.043113 -0.825508
v 0.130602 -0.043112 -0.825508
v 0.130465 -0.043109 -0.825508
v 0.130329 -0.043106 -0.825508
v 0.130192 -0.043101 -0.825508
v 0.130055 -0.043097 -0.825508
v 0.129919 -0.043093 -0.825508
v 0.129782 -0.043091 -0.825508
v 0.129645 -0.043090 -0.825508
v 0.129508 -0.043091 -0.825508
v 0.129372 -0.043095 -0.825508
v 0.129235 -0.043102 -0.825508
v 0.129098 -0.043113 -0.825508
v 0.128961 -0.043120 -0.825508
v 0.128839 -0.043113 -0.825508
v 0.128732 -0.043094 -0.825508
v 0.128638 -0.043061 -0.825508
v 0.128557 -0.043015 -0.825508
v 0.128485 -0.042957 -0.825508
v 0.128424 -0.042885 -0.825508
v 0.128371 -0.042801 -0.825508
v 0.128324 -0.042704 -0.825508
v 0.128284 -0.042594 -0.825508
v 0.128249 -0.042472 -0.825508
v 0.128216 -0.042337 -0.825508
v 0.127841 -0.040819 -0.825508
v 0.127384 -0.039360 -0.825508
v 0.126847 -0.037959 -0.825508
v 0.126229 -0.036617 -0.825508
v 0.125531 -0.035334 -0.825508
v 0.124752 -0.034110 -0.825508
v 0.123893 -0.032944 -0.825508
v 0.122953 -0.031838 -0.825508
v 0.121933 -0.030790 -0.825508
v 0.120832 -0.029800 -0.825508
v 0.119652 -0.028870 -0.825508
v 0.118391 -0.027999 -0.825508
v 0.118294 -0.027932 -0.825508
v 0.118205 -0.027864 -0.825508
v 0.118126 -0.027794 -0.825508
v 0.118055 -0.027720 -0.825508
v 0.117992 -0.027643 -0.825508
v 0.117939 -0.027562 -0.825508
v 0.117893 -0.027476 -0.825508
v 0.117856 -0.027383 -0.825508
v 0.117828 -0.027284 -0.825508
v 0.117807 -0.027178 -0.825508
v 0.117795 -0.027064 -0.825508
v 0.117791 -0.026940 -0.825508
v 0.117799 -0.026389 -0.825508
v 0.117805 -0.025837 -0.825508
v 0.117809 -0.025284 -0.825508
v 0.117812 -0.024731 -0.825508
v 0.117814 -0.024178 -0.825508
v 0.117815 -0.023625 -0.825508
v 0.117816 -0.023071 -0.825508
v 0.117817 -0.022518 -0.825508
v 0.117818 -0.021965 -0.825508
v 0.117820 -0.021413 -0.825508
v 0.117822 -0.020861 -0.825508
v 0.117826 -0.020309 -0.825508
v 0.117827 -0.020216 -0.825508
v 0.117831 -0.020124 -0.825508
v 0.117836 -0.020032 -0.825508
v 0.117844 -0.019939 -0.825508
v 0.117854 -0.019847 -0.825508
v 0.117866 -0.019756 -0.825508
v 0.117880 -0.019664 -0.825508
v 0.117897 -0.019574 -0.825508
v 0.117915 -0.019483 -0.825508
v 0.117936 -0.019393 -0.825508
v 0.117960 -0.019304 -0.825508
v 0.117985 -0.019216 -0.825508
v 0.118042 -0.019066 -0.825508
v 0.118109 -0.018927 -0.825508
v 0.118184 -0.018800 -0.825508
v 0.118269 -0.018685 -0.825508
v 0.118362 -0.018584 -0.825508
v 0.118466 -0.018497 -0.825508
v 0.118579 -0.018425 -0.825508
v 0.118701 -0.018370 -0.825508
v 0.118833 -0.018333 -0.825508
v 0.118976 -0.018313 -0.825508
v 0.119128 -0.018313 -0.825508
v 0.119290 -0.018334 -0.825508
v 0.119533 -0.018385 -0.825508
v 0.119774 -0.018440 -0.825508
v 0.120016 -0.018498 -0.825508
v 0.120257 -0.018559 -0.825508
v 0.120498 -0.018620 -0.825508
v 0.120739 -0.018682 -0.825508
v 0.120981 -0.018743 -0.825508
v 0.121223 -0.018803 -0.825508
v 0.121466 -0.018860 -0.825508
v 0.121710 -0.018913 -0.825508
v 0.121955 -0.018961 -0.825508
v 0.122201 -0.019004 -0.825508
v 0.122348 -0.019029 -0.825508
v 0.122497 -0.019052 -0.825508
v 0.122648 -0.019071 -0.825508
v 0.122801 -0.019087 -0.825508
v 0.122954 -0.019099 -0.825508
v 0.123107 -0.019105 -0.825508
v 0.123260 -0.019107 -0.825508
v 0.123412 -0.019103 -0.825508
v 0.123563 -0.019093 -0.825508
v 0.123711 -0.019077 -0.825508
v 0.123857 -0.019053 -0.825508
v 0.124000 -0.019022 -0.825508
v 0.124256 -0.018935 -0.825508
v 0.124493 -0.018816 -0.825508
v 0.124711 -0.018668 -0.825508
v 0.124909 -0.018494 -0.825508
v 0.125086 -0.018295 -0.825508
v 0.125242 -0.018074 -0.825508
v 0.125375 -0.017833 -0.825508
v 0.125485 -0.017574 -0.825508
v 0.125571 -0.017300 -0.825508
v 0.125632 -0.017014 -0.825508
v 0.125667 -0.016717 -0.825508
v 0.125676 -0.016411 -0.825508
v 0.125676 -0.015499 -0.825508
v 0.125677 -0.014587 -0.825508
v 0.125679 -0.013676 -0.825508
v 0.125681 -0.012766 -0.825508
v 0.125683 -0.011856 -0.825508
v 0.125685 -0.010946 -0.825508
v 0.125687 -0.010037 -0.825508
v 0.125689 -0.009128 -0.825508
v 0.125691 -0.008219 -0.825508
v 0.125692 -0.007311 -0.825508
v 0.125693 -0.006403 -0.825508
v 0.125694 -0.005494 -0.825508
v 0.125694 -0.003382 -0.825508
v 0.125694 -0.001270 -0.825508
v 0.125693 0.000842 -0.825508
v 0.125692 0.002954 -0.825508
v 0.125691 0.005066 -0.825508
v 0.125689 0.007178 -0.825508
v 0.125687 0.009290 -0.825508
v 0.125683 0.011401 -0.825508
v 0.125679 0.013513 -0.825508
v 0.125673 0.015625 -0.825508
v 0.125667 0.017737 -0.825508
v 0.125658 0.019849 -0.825508
v 0.125649 0.020023 -0.825508
v 0.125628 0.020201 -0.825508
v 0.125598 0.020380 -0.825508
v 0.125559 0.020561 -0.825508
v 0.125511 0.020741 -0.825508
v 0.125456 0.020921 -0.825508
v 0.125393 0.021098 -0.825508
v 0.125323 0.021272 -0.825508
v 0.125247 0.021442 -0.825508
v 0.125165 0.021606 -0.825508
v 0.125079 0.021763 -0.825508
v 0.124988 0.021913 -0.825508
v 0.124813 0.022142 -0.825508
v 0.124624 0.022330 -0.825508
v 0.124422 0.022478 -0.825508
v 0.124209 0.022591 -0.825508
v 0.123987 0.022670 -0.825508
v 0.123756 0.022720 -0.825508
v 0.123517 0.022742 -0.825508
v 0.123274 0.022740 -0.825508
v 0.123026 0.022716 -0.825508
v 0.122775 0.022675 -0.825508
v 0.122523 0.022617 -0.825508
v 0.122272 0.022548 -0.825508
v 0.122056 0.022480 -0.825508
v 0.121841 0.022409 -0.825508
v 0.121626 0.022336 -0.825508
v 0.121411 0.022260 -0.825508
v 0.121196 0.022184 -0.825508
v 0.120982 0.022107 -0.825508
v 0.120766 0.022030 -0.825508
v 0.120551 0.021953 -0.825508
v 0.120334 0.021878 -0.825508
v 0.120117 0.021805 -0.825508
v 0.119898 0.021734 -0.825508
v 0.119678 0.021666 -0.825508
v 0.119385 0.021592 -0.825508
v 0.119113 0.021555 -0.825508
v 0.118865 0.021555 -0.825508
v 0.118639 0.021591 -0.825508
v 0.118437 0.021663 -0.825508
v 0.118261 0.021770 -0.825508
v 0.118109 0.021912 -0.825508
v 0.117984 0.022088 -0.825508
v 0.117885 0.022298 -0.825508
v 0.117814 0.022542 -0.825508
v 0.117770 0.022820 -0.825508
v 0.117756 0.023130 -0.825508
v 0.117756 0.024228 -0.825508
v 0.117758 0.025326 -0.825508
v 0.117761 0.026423 -0.825508
v 0.117765 0.027521 -0.825508
v 0.117769 0.028619 -0.825508
v 0.117773 0.029717 -0.825508
v 0.117778 0.030815 -0.825508
v 0.117782 0.031913 -0.825508
v 0.117785 0.033011 -0.825508
v 0.117788 0.034109 -0.825508
v 0.117790 0.035206 -0.825508
v 0.117791 0.036304 -0.825508
v 0.117794 0.036404 -0.825508
v 0.117805 0.036493 -0.825508
v 0.117822 0.036571 -0.825508
v 0.117847 0.036639 -0.825508
v 0.117880 0.036697 -0.825508
v 0.117921 0.036745 -0.825508
v 0.117970 0.036785 -0.825508
v 0.118029 0.036816 -0.825508
v 0.118096 0.036840 -0.825508
v 0.118173 0.036856 -0.825508
v 0.118259 0.036866 -0.825508
v 0.118355 0.036869 -0.825508
v 0.118485 0.036868 -0.825508
v 0.118859 0.036867 -0.825508
v 0.119456 0.036866 -0.825508
v 0.120252 0.036865 -0.825508
v 0.121226 0.036863 -0.825508
v 0.122355 0.036862 -0.825508
v 0.123618 0.036861 -0.825508
v 0.124991 0.036861 -0.825508
v 0.126452 0.036861 -0.825508
v 0.127980 0.036863 -0.825508
v 0.129552 0.036865 -0.825508
v 0.131145 0.036869 -0.825508
v 0.131250 0.036866 -0.825508
v 0.131346 0.036857 -0.825508
v 0.131432 0.036842 -0.825508
v 0.131508 0.036819 -0.825508
v 0.131574 0.036788 -0.825508
v 0.131630 0.036747 -0.825508
v 0.131675 0.036697 -0.825508
v 0.131710 0.036636 -0.825508
v 0.131735 0.036564 -0.825508
v 0.131749 0.036479 -0.825508
v 0.131752 0.036381 -0.825508
v 0.131744 0.036269 -0.825508
v 0.131741 0.036221 -0.825508
v 0.131738 0.036173 -0.825508
v 0.131737 0.036126 -0.825508
v 0.131737 0.036080 -0.825508
v 0.131737 0.036033 -0.825508
v 0.131738 0.035987 -0.825508
v 0.131739 0.035941 -0.825508
v 0.131740 0.035894 -0.825508
v 0.131742 0.035847 -0.825508
v 0.131743 0.035800 -0.825508
v 0.131744 0.035753 -0.825508
v 0.131744 0.035705 -0.825508
v 0.131744 0.035464 -0.825508
v 0.131744 0.034768 -0.825508
v 0.131744 0.033659 -0.825508
v 0.131744 0.032178 -0.825508
v 0.131744 0.030367 -0.825508
v 0.131744 0.028266 -0.825508
v 0.131744 0.025918 -0.825508
v 0.131744 0.023364 -0.825508
v 0.131744 0.020645 -0.825508
v 0.131744 0.017803 -0.825508
v 0.131744 0.014878 -0.825508
v 0.131744 0.011913 -0.839508
v 0.131744 0.011711 -0.839508
v 0.131744 0.011129 -0.839508
v 0.131744 0.010200 -0.839508
v 0.131744 0.008960 -0.839508
v 0.131744 0.007444 -0.839508
v 0.131744 0.005685 -0.839508
v 0.131744 0.003719 -0.839508
v 0.131744 0.001579 -0.839508
v 0.131744 -0.000699 -0.839508
v 0.131744 -0.003080 -0.839508
v 0.131744 -0.005531 -0.839508
v 0.131744 -0.008016 -0.839508
v 0.131744 -0.008361 -0.839508
v 0.131744 -0.009357 -0.839508
v 0.131744 -0.010944 -0.839508
v 0.131744 -0.013064 -0.839508
v 0.131744 -0.015656 -0.839508
v 0.131744 -0.018662 -0.839508
v 0.131744 -0.022023 -0.839508
v 0.131744 -0.025679 -0.839508
v 0.131744 -0.029571 -0.839508
v 0.131744 -0.033640 -0.839508
v 0.131744 -0.037827 -0.839508
v 0.131744 -0.042073 -0.839508
v 0.131744 -0.042308 -0.839508
v 0.131740 -0.042504 -0.839508
v 0.131729 -0.042664 -0.839508
v 0.131707 -0.042793 -0.839508
v 0.131672 -0.042894 -0.839508
v 0.131619 -0.042970 -0.839508
v 0.131545 -0.043025 -0.839508
v 0.131446 -0.043063 -0.839508
v 0.131320 -0.043087 -0.839508
v 0.131162 -0.043101 -0.839508
v 0.130970 -0.043109 -0.839508
v 0.130739 -0.043113 -0.839508
v 0.130602 -0.043112 -0.839508
v 0.130465 -0.043109 -0.839508
v 0.130329 -0.043106 -0.839508
v 0.130192 -0.043101 -0.839508
v 0.130055 -0.043097 -0.839508
v 0.129919 -0.043093 -0.839508
v 0.129782 -0.043091 -0.839508
v 0.129645 -0.043090 -0.839508
v 0.129508 -0.043091 -0.839508
v 0.129372 -0.043095 -0.839508
v 0.129235 -0.043102 -0.839508
v 0.129098 -0.043113 -0.839508
v 0.128961 -0.043120 -0.839508
v 0.128839 -0.043113 -0.839508
v 0.128732 -0.043094 -0.839508
v 0.128638 -0.043061 -0.839508
v 0.128557 -0.043015 -0.839508
v 0.128485 -0.042957 -0.839508
v 0.128424 -0.042885 -0.839508
v 0.128371 -0.042801 -0.839508
v 0.128324 -0.042704 -0.839508
v 0.128284 -0.042594 -0.839508
v 0.128249 -0.042472 -0.839508
v 0.128216 -0.042337 -0.839508
v 0.127841 -0.040819 -0.839508
v 0.127384 -0.039360 -0.839508
v 0.126847 -0.037959 -0.839508
v 0.126229 -0.036617 -0.839508
v 0.125531 -0.035334 -0.839508
v 0.124752 -0.034110 -0.839508
v 0.123893 -0.032944 -0.839508
v 0.122953 -0.031838 -0.839508
v 0.121933 -0.030790 -0.839508
v 0.120832 -0.029800 -0.839508
v 0.119652 -0.028870 -0.839508
v 0.118391 -0.027999 -0.839508
v 0.118294 -0.027932 -0.839508
v 0.118205 -0.027864 -0.839508
v 0.118126 -0.027794 -0.839508
v 0.118055 -0.027720 -0.839508
v 0.117992 -0.027643 -0.839508
v 0.117939 -0.027562 -0.839508
v 0.117893 -0.027476 -0.839508
v 0.117856 -0.027383 -0.839508
v 0.117828 -0.027284 -0.839508
v 0.117807 -0.027178 -0.839508
v 0.117795 -0.027064 -0.839508
v 0.117791 -0.026940 -0.839508
v 0.117799 -0.026389 -0.839508
v 0.117805 -0.025837 -0.839508
v 0.117809 -0.025284 -0.839508
v 0.117812 -0.024731 -0.839508
v 0.117814 -0.024178 -0.839508
v 0.117815 -0.023625 -0.839508
v 0.117816 -0.023071 -0.839508
v 0.117817 -0.022518 -0.839508
v 0.117818 -0.021965 -0.839508
v 0.117820 -0.021413 -0.839508
v 0.117822 -0.020861 -0.839508
v 0.117826 -0.020309 -0.839508
v 0.117827 -0.020216 -0.839508
v 0.117831 -0.020124 -0.839508
v 0.117836 -0.020032 -0.839508
v 0.117844 -0.019939 -0.839508
v 0.117854 -0.019847 -0.839508
v 0.117866 -0.019756 -0.839508
v 0.117880 -0.019664 -0.839508
v 0.117897 -0.019574 -0.839508
v 0.117915 -0.019483 -0.839508
v 0.117936 -0.019393 -0.839508
v 0.117960 -0.019304 -0.839508
v 0.117985 -0.019216 -0.839508
v 0.118042 -0.019066 -0.839508
v 0.118109 -0.018927 -0.839508
v 0.118184 -0.018800 -0.839508
v 0.118269 -0.018685 -0.839508
v 0.118362 -0.018584 -0.839508
v 0.118466 -0.018497 -0.839508
v 0.118579 -0.018425 -0.839508
v 0.118701 -0.018370 -0.839508
v 0.118833 -0.018333 -0.839508
v 0.118976 -0.018313 -0.839508
v 0.119128 -0.018313 -0.839508
v 0.119290 -0.018334 -0.839508
v 0.119533 -0.018385 -0.839508
v 0.119774 -0.018440 -0.839508
v 0.120016 -0.018498 -0.839508
v 0.120257 -0.018559 -0.839508
v 0.120498 -0.018620 -0.839508
v 0.120739 -0.018682 -0.839508
v 0.120981 -0.018743 -0.839508
v 0.121223 -0.018803 -0.839508
v 0.121466 -0.018860 -0.839508
v 0.121710 -0.018913 -0.839508
v 0.121955 -0.018961 -0.839508
v 0.122201 -0.019004 -0.839508
v 0.122348 -0.019029 -0.839508
v 0.122497 -0.019052 -0.839508
v 0.122648 -0.019071 -0.839508
v 0.122801 -0.019087 -0.839508
v 0.122954 -0.019099 -0.839508
v 0.123107 -0.019105 -0.839508
v 0.123260 -0.019107 -0.839508
v 0.123412 -0.019103 -0.839508
v 0.123563 -0.019093 -0.839508
v 0.123711 -0.019077 -0.839508
v 0.123857 -0.019053 -0.839508
v 0.124000 -0.019022 -0.839508
v 0.124256 -0.018935 -0.839508
v 0.124493 -0.018816 -0.839508
v 0.124711 -0.018668 -0.839508
v 0.124909 -0.018494 -0.839508
v 0.125086 -0.018295 -0.839508
v 0.125242 -0.018074 -0.839508
v 0.125375 -0.017833 -0.839508
v 0.125485 -0.017574 -0.839508
v 0.125571 -0.017300 -0.839508
v 0.125632 -0.017014 -0.839508
v 0.125667 -0.016717 -0.839508
v 0.125676 -0.016411 -0.839508
v 0.125676 -0.015499 -0.839508
v 0.125677 -0.014587 -0.839508
v 0.125679 -0.013676 -0.839508
v 0.125681 -0.012766 -0.839508
v 0.125683 -0.011856 -0.839508
v 0.125685 -0.010946 -0.839508
v 0.125687 -0.010037 -0.839508
v 0.125689 -0.009128 -0.839508
v 0.125691 -0.008219 -0.839508
v 0.125692 -0.007311 -0.839508
v 0.125693 -0.006403 -0.839508
v 0.125694 -0.005494 -0.839508
v 0.125694 -0.003382 -0.839508
v 0.125694 -0.001270 -0.839508
v 0.125693 0.000842 -0.839508
v 0.125692 0.002954 -0.839508
v 0.125691 0.005066 -0.839508
v 0.125689 0.007178 -0.839508
v 0.125687 0.009290 -0.839508
v 0.125683 0.011401 -0.839508
v 0.125679 0.013513 -0.839508
v 0.125673 0.015625 -0.839508
v 0.125667 0.017737 -0.839508
v 0.125658 0.019849 -0.839508
v 0.125649 0.020023 -0.839508
v 0.125628 0.020201 -0.839508
v 0.125598 0.020380 -0.839508
v 0.125559 0.020561 -0.839508
v 0.125511 0.020741 -0.839508
v 0.125456 0.020921 -0.839508
v 0.125393 0.021098 -0.839508
v 0.125323 0.021272 -0.839508
v 0.125247 0.021442 -0.839508
v 0.125165 0.021606 -0.839508
v 0.125079 0.021763 -0.839508
v 0.124988 0.021913 -0.839508
v 0.124813 0.022142 -0.839508
v 0.124624 0.022330 -0.839508
v 0.124422 0.022478 -0.839508
v 0.124209 0.022591 -0.839508
v 0.123987 0.022670 -0.839508
v 0.123756 0.022720 -0.839508
v 0.123517 0.022742 -0.839508
v 0.123274 0.022740 -0.839508
v 0.123026 0.022716 -0.839508
v 0.122775 0.022675 -0.839508
v 0.122523 0.022617 -0.839508
v 0.122272 0.022548 -0.839508
v 0.122056 0.022480 -0.839508
v 0.121841 0.022409 -0.839508
v 0.121626 0.022336 -0.839508
v 0.121411 0.022260 -0.839508
v 0.121196 0.022184 -0.839508
v 0.120982 0.022107 -0.839508
v 0.120766 0.022030 -0.839508
v 0.120551 0.021953 -0.839508
v 0.120334 0.021878 -0.839508
v 0.120117 0.021805 -0.839508
v 0.119898 0.021734 -0.839508
v 0.119678 0.021666 -0.839508
v 0.119385 0.021592 -0.839508
v 0.119113 0.021555 -0.839508
v 0.118865 0.021555 -0.839508
v 0.118639 0.021591 -0.839508
v 0.118437 0.021663 -0.839508
v 0.118261 0.021770 -0.839508
v 0.118109 0.021912 -0.839508
v 0.117984 0.022088 -0.839508
v 0.117885 0.022298 -0.839508
v 0.117814 0.022542 -0.839508
v 0.117770 0.022820 -0.839508
v 0.117756 0.023130 -0.839508
v 0.117756 0.024228 -0.839508
v 0.117758 0.025326 -0.839508
v 0.117761 0.026423 -0.839508
v 0.117765 0.027521 -0.839508
v 0.117769 0.028619 -0.839508
v 0.117773 0.029717 -0.839508
v 0.117778 0.030815 -0.839508
v 0.117782 0.031913 -0.839508
v 0.117785 0.033011 -0.839508
v 0.117788 0.034109 -0.839508
v 0.117790 0.035206 -0.839508
v 0.117791 0.036304 -0.839508
v 0.117794 0.036404 -0.839508
v 0.117805 0.036493 -0.839508
v 0.117822 0.036571 -0.839508
v 0.117847 0.036639 -0.839508
v 0.117880 0.036697 -0.839508
v 0.117921 0.036745 -0.839508
v 0.117970 0.036785 -0.839508
v 0.118029 0.036816 -0.839508
v 0.118096 0.036840 -0.839508
v 0.118173 0.036856 -0.839508
v 0.118259 0.036866 -0.839508
v 0.118355 0.036869 -0.839508
v 0.118485 0.036868 -0.839508
v 0.118859 0.036867 -0.839508
v 0.119456 0.036866 -0.839508
v 0.120252 0.036865 -0.839508
v 0.121226 0.036863 -0.839508
v 0.122355 0.036862 -0.839508
v 0.123618 0.036861 -0.839508
v 0.124991 0.036861 -0.839508
v 0.126452 0.036861 -0.839508
v 0.127980 0.036863 -0.839508
v 0.129552 0.036865 -0.839508
v 0.131145 0.036869 -0.839508
v 0.131250 0.036866 -0.839508
v 0.131346 0.036857 -0.839508
v 0.131432 0.036842 -0.839508
v 0.131508 0.036819 -0.839508
v 0.131574 0.036788 -0.839508
v 0.131630 0.036747 -0.839508
v 0.131675 0.036697 -0.839508
v 0.131710 0.036636 -0.839508
v 0.131735 0.036564 -0.839508
v 0.131749 0.036479 -0.839508
v 0.131752 0.036381 -0.839508
v 0.131744 0.036269 -0.839508
v 0.131741 0.036221 -0.839508
v 0.131738 0.036173 -0.839508
v 0.131737 0.036126 -0.839508
v 0.131737 0.036080 -0.839508
v 0.131737 0.036033 -0.839508
v 0.131738 0.035987 -0.839508
v 0.131739 0.035941 -0.839508
v 0.131740 0.035894 -0.839508
v 0.131742 0.035847 -0.839508
v 0.131743 0.035800 -0.839508
v 0.131744 0.035753 -0.839508
v 0.131744 0.035705 -0.839508
v 0.131744 0.035464 -0.839508
v 0.131744 0.034768 -0.839508
v 0.131744 0.033659 -0.839508
v 0.131744 0.032178 -0.839508
v 0.131744 0.030367 -0.839508
v 0.131744 0.028266 -0.839508
v 0.131744 0.025918 -0.839508
v 0.131744 0.023364 -0.839508
v 0.131744 0.020645 -0.839508
v 0.131744 0.017803 -0.839508
v 0.131744 0.014878 -0.839508
vn -1.0000 -0.0000 -0.0000
vn -1.0000 -0.0000 0.0005
vn -1.0000 -0.0000 0.0001
vn -1.0000 -0.0000 -0.0002
vn -1.0000 -0.0000 -0.0005
vn -1.0000 -0.0000 -0.0003
vn -1.0000 -0.0000 0.0002
vn -1.0000 -0.0000 0.0003
vn -1.0000 -0.0000 -0.0001
vn -1.0000 -0.0000 -0.0009
vn -1.0000 -0.0000 -0.0006
vn -1.0000 -0.0000 0.0013
vn -1.0000 -0.0000 -0.0004
vn -0.0000 -0.0001 -1.0000
vn -0.0000 -0.0000 1.0000
vn -0.0000 -0.9998 0.0201
vn -0.0000 0.0011 -1.0000
vn -0.0000 -0.9822 0.1878
vn -0.0000 -0.0261 0.9997
vn -0.0000 0.0024 -1.0000
vn -0.0000 0.5752 -0.8180
vn -0.0000 0.0189 0.9998
vn -0.0000 -0.1648 0.9863
vn -0.0000 0.0141 -0.9999
vn -0.0000 0.9938 -0.1113
vn -0.0000 -0.0026 1.0000
vn -0.0000 0.0265 0.9996
vn -0.0000 -0.6301 -0.7765
vn -0.0000 -0.1545 -0.9880
vn -0.0000 -0.8555 -0.5178
vn -0.0000 0.1612 0.9869
vn -0.0000 0.0313 0.9995
vn -0.0000 -0.2402 -0.9707
vn -0.0000 0.2085 -0.9780
vn -0.0000 1.0000 -0.0016
vn -0.0000 0.8944 -0.4472
vn -0.0000 1.0000 0.0022
vn -0.0000 0.9990 0.0447
vn -0.0000 -0.8736 -0.4866
vn -0.0000 0.9960 0.0893
vn -0.0000 0.7790 -0.6270
vn -0.0000 0.9771 0.2127
vn -0.0000 0.9686 0.2488
vn -0.0000 0.0018 -1.0000
vn -0.0000 -1.0000 0.0087
vn -0.0000 1.0000 0.0011
vn -0.0000 0.0027 -1.0000
vn -0.0000 0.9910 -0.1341
vn -0.0000 -0.7297 -0.6837
vn -0.0000 0.9750 0.2222
vn -0.0000 0.8279 -0.5609
vn -0.0000 0.4304 -0.9027
vn -0.0000 -0.9512 0.3087
vn -0.0000 0.1184 -0.9930
vn -0.0000 -1.0000 -0.0074
vn -0.0000 0.1315 -0.9913
vn -0.0000 -0.9463 0.3232
vn -0.0000 0.7649 -0.6441
vn -0.0000 0.0031 -1.0000
vn -0.0000 -0.9957 -0.0928
vn -0.0000 0.2272 -0.9739
vn -0.0000 0.9942 -0.1078
vn -0.0000 0.0106 -0.9999
vn -0.0000 -0.4810 -0.8767
vn -0.0000 0.0350 -0.9994
vn -0.0000 0.2201 -0.9755
vn -0.0000 0.0261 0.9997
vn -0.0000 -0.1650 -0.9863
vn -0.0000 0.0040 -1.0000
vn -0.0000 -0.3328 0.9430
vn -0.0000 -0.0012 -1.0000
vn -0.0000 -0.1884 -0.9821
vn -0.0000 -0.0497 0.9988
vn -0.0000 -0.7916 -0.6111
vn -0.0000 -0.5368 -0.8437
vn -0.0000 0.0010 -1.0000
vn -0.0000 -0.3445 -0.9388
vn -0.0000 0.8108 0.5853
vn -0.0000 -0.9985 -0.0538
vn -0.0000 -1.0000 0.0010
vn -0.0000 0.9997 -0.0251
vn -0.0000 -0.9414 0.3372
vn -0.0000 0.0015 -1.0000
vn -0.0000 -0.9752 0.2215
vn -0.0000 1.0000 -0.0009
vn -0.0000 0.4834 -0.8754
vn -0.0000 -0.8053 -0.5929
vn -0.0000 -0.3357 -0.9420
vn -0.0000 0.9918 0.1275
vn -0.0000 -0.0032 -1.0000
vn -0.0000 -0.9961 0.0881
vn -0.0000 0.9995 -0.0315
vn -0.0000 -0.0002 -1.0000
vn -0.0000 0.3461 -0.9382
vn -0.0000 -0.0210 0.9998
vn -0.0000 0.0038 -1.0000
vn -0.0000 0.9694 0.2453
vn -0.0000 0.0075 1.0000
vn -0.0000 0.9871 -0.1603
vn -0.0000 1.0000 -0.0000
vn -0.0000 -0.0469 -0.9989
vn -0.0000 -0.2984 -0.9544
vn -0.0000 0.2756 -0.9613
vn -0.0000 0.5094 -0.8606
vn -0.0000 0.1546 -0.9880
vn -0.0000 0.3222 0.9467
vn -0.0000 0.0046 -1.0000
vn -0.0000 -0.9876 -0.1571
vn -0.0000 0.0079 -1.0000
vn -0.0000 -0.9996 0.0288
vn -0.0000 -0.4647 -0.8855
vn -0.0000 0.8802 -0.4747
vn -0.0000 -0.9425 0.3341
vn -0.0000 -0.7855 -0.6189
vn -0.0000 0.9997 0.0260
vn -0.0000 -0.9996 -0.0275
vn -0.0000 -0.9638 0.2666
vn -0.0000 0.0006 -1.0000
vn -0.0000 0.6704 0.7420
vn -0.0000 1.0000 0.0015
vn -0.0000 0.0033 -1.0000
vn -0.0000 -0.3728 -0.9279
vn -0.0000 -0.9998 -0.0196
vn -0.0000 0.0023 -1.0000
vn -0.0000 -0.7716 -0.6361
vn -0.0000 -0.0022 -1.0000
vn -0.0000 0.9999 0.0113
vn -0.0000 -0.0038 -1.0000
vn -0.0000 0.9436 -0.3312
vn -0.0000 0.9810 0.1941
vn -0.0000 -0.5708 0.8211
vn -0.0000 -0.3581 -0.9337
vn -0.0000 -0.5794 -0.8151
vn -0.0000 -0.0003 -1.0000
vn -0.0000 0.0319 0.9995
vn -0.0000 -0.4182 -0.9084
vn -0.0000 -0.8841 -0.4674
vn -0.0000 -0.6532 -0.7572
vn -0.0000 0.0345 -0.9994
vn -0.0000 0.8450 -0.5348
vn -0.0000 -0.0799 0.9968
vn -0.0000 -0.9555 0.2951
vn -0.0000 0.2514 -0.9679
vn -0.0000 0.0022 -1.0000
vn -0.0000 -0.9437 0.3308
vn -0.0000 0.0604 -0.9982
vn -0.0000 0.9041 0.4274
vn -0.0000 0.9888 0.1493
vn -0.0000 0.0017 -1.0000
vn -0.0000 0.0296 -0.9996
vn -0.0000 -0.9986 0.0531
vn -0.0000 -1.0000 0.0086
vn -0.0000 -0.5180 -0.8554
vn -0.0000 -0.1060 -0.9944
vn -0.0000 0.7502 -0.6612
vn -0.0000 1.0000 -0.0003
vn -0.0000 -0.9697 0.2442
vn -0.0000 -0.2123 -0.9772
vn -0.0000 0.9768 -0.2140
vn -0.0000 -0.9995 -0.0314
vn -0.0000 -0.7494 -0.6621
vn -0.0000 1.0000 0.0028
vn -0.0000 -0.9420 0.3356
vn -0.0000 -0.0016 -1.0000
vn -0.0000 -0.5935 -0.8048
vn -0.0000 -0.9956 0.0941
vn -0.0000 -0.2797 -0.9601
vn -0.0000 -0.6067 -0.7949
vn -0.0000 0.4926 -0.8702
vn -0.0000 -0.2558 -0.9667
vn -0.0000 0.0004 -1.0000
vn -0.0000 -0.5525 -0.8335
vn -0.0000 -0.9836 -0.1805
vn -0.0000 0.0021 -1.0000
vn -0.0000 0.3910 -0.9204
vn -0.0000 0.9852 0.1715
vn -0.0000 -0.0000 -1.0000
vn -0.0000 0.0073 1.0000
vn -0.0000 0.9700 0.2432
vn -0.0000 -0.9421 -0.3353
vn -0.0000 0.9711 0.2385
vn -0.0000 0.9844 0.1760
vn -0.0000 -0.9446 0.3282
vn -0.0000 -0.8015 0.5980
vn -0.0000 -0.9992 0.0393
vn -0.0000 0.9121 -0.4101
vn -0.0000 -0.9539 0.3003
vn -0.0000 0.9947 0.1027
vn -0.0000 0.0302 0.9995
vn -0.0000 -0.4248 -0.9053
vn -0.0000 -0.9418 -0.3362
vn -0.0000 0.2994 -0.9541
vn -0.0000 -0.0681 0.9977
vn -0.0000 -0.4088 -0.9126
vn -0.0000 0.9466 -0.3223
vn -0.0000 -0.0561 -0.9984
vn -0.0000 0.9972 0.0753
vn -0.0000 -0.6976 -0.7165
vn -0.0000 0.5002 0.8659
vn -0.0000 0.9737 0.2276
vn -0.0000 0.9922 0.1246
vn -0.0000 0.5932 -0.8050
vn -0.0000 -0.0006 -1.0000
vn -0.0000 0.1797 -0.9837
vn -0.0000 -0.9995 -0.0318
vn -0.0000 0.0067 -1.0000
vn -0.0000 0.9573 0.2891
vn -0.0000 -0.2806 -0.9598
vn -0.0000 0.0054 -1.0000
vn -0.0000 0.9786 0.2057
vn -0.0000 -0.3718 -0.9283
vn -0.0000 1.0000 0.0003
vn -0.0000 1.0000 -0.0023
vn -0.0000 0.6794 -0.7337
vn -0.0000 -0.8226 -0.5686
vn -0.0000 0.6648 -0.7470
vn -0.0000 0.2026 -0.9793
vn -0.0000 0.9978 -0.0663
vn -0.0000 1.0000 0.0018
vn -0.0000 0.0124 -0.9999
vn -0.0000 0.0037 -1.0000
vn -0.0000 0.9783 -0.2074
vn -0.0000 0.6467 -0.7628
vn -0.0000 -0.2779 -0.9606
vn -0.0000 0.1145 -0.9934
vn -0.0000 0.0026 -1.0000
vn -0.0000 -0.8243 -0.5662
vn -0.0000 -0.4780 -0.8783
vn -0.0000 -0.5342 -0.8454
vn -0.0000 0.9855 0.1695
vn -0.0000 -0.0332 -0.9994
vn -0.0000 0.9689 0.2476
vn -0.0000 -0.6953 -0.7187
vn -0.0000 -0.9967 0.0813
vn -0.0000 -0.9909 0.1344
vn -0.0000 -0.6473 -0.7623
vn -0.0000 0.9720 0.2348
vn -0.0000 -0.0009 -1.0000
vn -0.0000 -0.2320 -0.9727
vn -0.0000 0.9617 -0.2742
vn -0.0000 -0.9475 0.3198
vn -0.0000 -0.4297 -0.9030
vn -0.0000 -0.9414 0.3374
vn -0.0000 0.3587 -0.9335
vn -0.0000 -0.9498 0.3130
vn -0.0000 -0.0094 1.0000
vn -0.0000 -0.9864 0.1642
vn -0.0000 0.0831 -0.9965
vn -0.0000 -0.9780 -0.2088
vn -0.0000 1.0000 0.0007
vn -0.0000 -0.9445 -0.3287
vn -0.0000 0.1070 -0.9943
vn -0.0000 -0.4448 -0.8956
vn -0.0000 -0.7100 -0.7042
vn -0.0000 -0.1135 -0.9935
vn -0.0000 -0.9988 0.0481
vn -0.0000 -0.7437 -0.6685
vn -0.0000 -0.2962 -0.9551
vn -0.0000 0.0016 -1.0000
vn -0.0000 -0.9333 0.3592
vn -0.0000 -0.0026 -1.0000
vn -0.0000 0.8104 0.5859
vn -0.0000 -0.7917 -0.6110
vn -0.0000 -0.0503 0.9987
vn -0.0000 -0.1887 -0.9820
vn -0.0000 -0.1652 -0.9863
vn -0.0000 0.0254 0.9997
vn -0.0000 0.2190 -0.9757
vn -0.0000 0.0359 -0.9994
vn -0.0000 -0.4809 -0.8768
vn -0.0000 0.0107 -0.9999
vn -0.0000 0.2277 -0.9737
vn -0.0000 -0.9957 -0.0927
vn -0.0000 0.7651 -0.6440
vn -0.0000 0.1316 -0.9913
vn -0.0000 0.1185 -0.9930
vn -0.0000 0.4309 -0.9024
vn -0.0000 0.8278 -0.5610
vn -0.0000 0.9771 0.2128
vn -0.0000 0.7788 -0.6273
vn -0.0000 -0.8736 -0.4867
vn -0.0000 0.9990 0.0446
vn -0.0000 0.8946 -0.4469
vn -0.0000 0.2082 -0.9781
vn -0.0000 -0.2401 -0.9707
vn -0.0000 0.1617 0.9868
vn -0.0000 -0.1543 -0.9880
vn -0.0000 0.0273 0.9996
vn -0.0000 -0.0025 1.0000
vn -0.0000 0.0140 -0.9999
vn -0.0000 -0.1650 0.9863
vn -0.0000 0.0201 0.9998
vn -0.0000 0.5751 -0.8181
vn -0.0000 -0.0282 0.9996
vn -0.0000 0.0196 0.9998
vn -0.0000 -0.9333 0.3590
vn -0.0000 -0.2966 -0.9550
vn -0.0000 0.0020 -1.0000
vn -0.0000 -0.1130 -0.9936
vn -0.0000 -0.7101 -0.7041
vn -0.0000 0.1072 -0.9942
vn -0.0000 -0.9779 -0.2089
vn -0.0000 0.0827 -0.9966
vn -0.0000 -0.0086 1.0000
vn -0.0000 -0.9497 0.3130
vn -0.0000 0.3584 -0.9336
vn -0.0000 -0.9413 0.3375
vn -0.0000 -0.4293 -0.9031
vn -0.0000 -0.2323 -0.9727
vn -0.0000 -0.6473 -0.7622
vn -0.0000 -0.6955 -0.7185
vn -0.0000 0.9688 0.2477
vn -0.0000 -0.0329 -0.9995
vn -0.0000 -0.5344 -0.8452
vn -0.0000 -0.4781 -0.8783
vn -0.0000 -0.8242 -0.5663
vn -0.0000 0.1147 -0.9934
vn -0.0000 -0.2782 -0.9605
vn -0.0000 0.6465 -0.7629
vn -0.0000 0.0122 -0.9999
vn -0.0000 0.6650 -0.7469
vn -0.0000 0.6796 -0.7336
vn -0.0000 -0.3719 -0.9283
vn -0.0000 0.0053 -1.0000
vn -0.0000 -0.2807 -0.9598
vn -0.0000 0.9574 0.2889
vn -0.0000 0.0066 -1.0000
vn -0.0000 0.1794 -0.9838
vn -0.0000 0.5930 -0.8052
vn -0.0000 0.9922 0.1245
vn -0.0000 0.9737 0.2277
vn -0.0000 0.4995 0.8663
vn -0.0000 -0.0565 -0.9984
vn -0.0000 -0.0688 0.9976
vn -0.0000 0.9466 -0.3225
vn -0.0000 -0.0686 0.9976
vn -0.0000 -0.9418 -0.3361
vn -0.0000 -0.4247 -0.9054
vn -0.0000 0.0301 0.9995
vn -0.0000 -0.9539 0.3001
vn -0.0000 0.9120 -0.4101
vn -0.0000 -0.8012 0.5984
vn -0.0000 0.9712 0.2384
vn -0.0000 0.9700 0.2431
vn -0.0000 0.0069 1.0000
vn -0.0000 0.9852 0.1714
vn -0.0000 0.3912 -0.9203
vn -0.0000 0.0007 -1.0000
vn -0.0000 -0.5520 -0.8339
vn -0.0000 -0.2560 -0.9667
vn -0.0000 -0.2795 -0.9601
vn -0.0000 -0.5935 -0.8049
vn -0.0000 -0.7498 -0.6617
vn -0.0000 0.9769 -0.2139
vn -0.0000 -0.2120 -0.9773
vn -0.0000 -0.9697 0.2443
vn -0.0000 0.7501 -0.6613
vn -0.0000 -0.1058 -0.9944
vn -0.0000 0.9039 0.4278
vn -0.0000 0.0597 -0.9982
vn -0.0000 -0.9437 0.3307
vn -0.0000 0.2513 -0.9679
vn -0.0000 -0.9555 0.2950
vn -0.0000 -0.0771 0.9970
vn -0.0000 0.8449 -0.5349
vn -0.0000 0.0339 -0.9994
vn -0.0000 -0.4182 -0.9083
vn -0.0000 -0.0004 -1.0000
vn -0.0000 -0.5795 -0.8150
vn -0.0000 -0.3580 -0.9337
vn -0.0000 -0.5709 0.8210
vn -0.0000 0.9810 0.1940
vn -0.0000 -0.0021 -1.0000
vn -0.0000 -0.7715 -0.6363
vn -0.0000 -0.3727 -0.9280
vn -0.0000 0.6713 0.7411
vn -0.0000 -0.9638 0.2667
vn -0.0000 -0.9996 -0.0274
vn -0.0000 -0.9425 0.3342
vn -0.0000 0.8803 -0.4745
vn -0.0000 -0.4651 -0.8853
vn -0.0000 0.0078 -1.0000
vn -0.0000 0.0047 -1.0000
vn -0.0000 0.3216 0.9469
vn -0.0000 0.1547 -0.9880
vn -0.0000 0.5091 -0.8607
vn -0.0000 0.2751 -0.9614
vn -0.0000 -0.0471 -0.9989
vn -0.0000 0.9870 -0.1604
vn -0.0000 0.0072 1.0000
vn -0.0000 0.9694 0.2454
vn -0.0000 -0.0207 0.9998
vn -0.0000 0.3473 -0.9377
vn -0.0000 -0.3354 -0.9421
vn -0.0000 -0.8052 -0.5930
vn -0.0000 -0.9752 0.2214
vn -0.0000 -0.9415 0.3371
vn -0.1603 0.9871 -0.0000
vn -1.0000 0.0024 -0.0000
vn -0.9989 -0.0470 -0.0000
vn -0.9544 -0.2985 -0.0000
vn -0.9613 0.2756 -0.0000
vn -0.9821 -0.1884 -0.0000
vn -0.8604 0.5096 -0.0000
vn -0.6110 -0.7917 -0.0000
vn -0.9879 0.1554 -0.0000
vn -0.8437 -0.5368 -0.0000
vn -1.0000 0.0046 -0.0000
vn -0.1571 -0.9876 -0.0000
vn -1.0000 0.0078 -0.0000
vn -0.9387 -0.3449 -0.0000
vn 0.0288 -0.9996 -0.0000
vn -0.8853 -0.4649 -0.0000
vn -0.0538 -0.9986 -0.0000
vn -0.4747 0.8801 -0.0000
vn 0.3341 -0.9426 -0.0000
vn -0.6189 -0.7855 -0.0000
vn -0.0275 -0.9996 -0.0000
vn 0.2666 -0.9638 -0.0000
vn 1.0000 -0.0000 -0.0000
vn -1.0000 0.0006 -0.0000
vn 0.7414 0.6711 -0.0000
vn -1.0000 0.0033 -0.0000
vn -0.9279 -0.3727 -0.0000
vn -0.0196 -0.9998 -0.0000
vn -0.6360 -0.7717 -0.0000
vn 0.0113 0.9999 -0.0000
vn -1.0000 -0.0038 -0.0000
vn 0.1941 0.9810 -0.0000
vn 0.8208 -0.5712 -0.0000
vn -0.9337 -0.3580 -0.0000
vn 0.0881 -0.9961 -0.0000
vn -0.8149 -0.5795 -0.0000
vn -1.0000 -0.0004 -0.0000
vn 0.9995 0.0306 -0.0000
vn -0.9083 -0.4182 -0.0000
vn -0.7573 -0.6530 -0.0000
vn 0.9998 -0.0207 -0.0000
vn -0.5351 0.8448 -0.0000
vn 0.9971 -0.0765 -0.0000
vn 1.0000 0.0077 -0.0000
vn 0.2951 -0.9555 -0.0000
vn -0.9680 0.2511 -0.0000
vn -1.0000 0.0022 -0.0000
vn 0.3307 -0.9437 -0.0000
vn -0.9982 0.0599 -0.0000
vn 0.4278 0.9039 -0.0000
vn 0.1492 0.9888 -0.0000
vn -1.0000 0.0017 -0.0000
vn -0.9996 0.0297 -0.0000
vn 0.0531 -0.9986 -0.0000
vn 0.9469 0.3216 -0.0000
vn 0.0086 -1.0000 -0.0000
vn -0.8554 -0.5179 -0.0000
vn -0.9943 -0.1062 -0.0000
vn -0.6613 0.7501 -0.0000
vn -0.0003 1.0000 -0.0000
vn -0.9772 -0.2122 -0.0000
vn -0.2140 0.9768 -0.0000
vn -0.0314 -0.9995 -0.0000
vn -0.6620 -0.7495 -0.0000
vn 0.0028 1.0000 -0.0000
vn 0.0260 0.9997 -0.0000
vn -1.0000 -0.0016 -0.0000
vn -0.8048 -0.5935 -0.0000
vn -0.9602 -0.2795 -0.0000
vn 0.0015 1.0000 -0.0000
vn -0.8696 0.4938 -0.0000
vn -1.0000 0.0023 -0.0000
vn -1.0000 0.0004 -0.0000
vn -0.8338 -0.5520 -0.0000
vn -1.0000 -0.0021 -0.0000
vn -0.1805 -0.9836 -0.0000
vn -0.3310 0.9436 -0.0000
vn -1.0000 0.0007 -0.0000
vn -1.0000 0.0020 -0.0000
vn -0.4673 -0.8841 -0.0000
vn -0.9203 0.3912 -0.0000
vn 0.1715 0.9852 -0.0000
vn -0.9994 0.0339 -0.0000
vn 1.0000 0.0074 -0.0000
vn 0.2432 0.9700 -0.0000
vn -0.3352 -0.9421 -0.0000
vn -1.0000 0.0037 -0.0000
vn 0.2385 0.9711 -0.0000
vn 0.1760 0.9844 -0.0000
vn 0.3282 -0.9446 -0.0000
vn 0.5983 -0.8012 -0.0000
vn 0.0393 -0.9992 -0.0000
vn -0.4101 0.9121 -0.0000
vn 0.3001 -0.9539 -0.0000
vn 0.1027 0.9947 -0.0000
vn 0.9995 0.0308 -0.0000
vn -0.9053 -0.4248 -0.0000
vn -0.3362 -0.9418 -0.0000
vn 0.9976 -0.0688 -0.0000
vn -0.9127 -0.4087 -0.0000
vn 0.9976 -0.0691 -0.0000
vn -0.9984 -0.0561 -0.0000
vn 0.2442 -0.9697 -0.0000
vn -0.7165 -0.6976 -0.0000
vn 0.8665 0.4992 -0.0000
vn 0.1245 0.9922 -0.0000
vn 0.3356 -0.9420 -0.0000
vn -0.8053 0.5929 -0.0000
vn -1.0000 -0.0006 -0.0000
vn 0.0941 -0.9956 -0.0000
vn -0.9839 0.1788 -0.0000
vn -0.7950 -0.6066 -0.0000
vn -1.0000 0.0067 -0.0000
vn -0.9667 -0.2559 -0.0000
vn -1.0000 0.0054 -0.0000
vn -0.9282 -0.3721 -0.0000
vn -0.0023 1.0000 -0.0000
vn -0.5686 -0.8226 -0.0000
vn -0.7470 0.6649 -0.0000
vn -0.0663 0.9978 -0.0000
vn 0.0018 1.0000 -0.0000
vn 0.0022 1.0000 -0.0000
vn -0.7637 0.6455 -0.0000
vn -1.0000 0.0026 -0.0000
vn -0.8455 -0.5340 -0.0000
vn 0.1695 0.9855 -0.0000
vn -0.9542 0.2992 -0.0000
vn -0.9995 -0.0329 -0.0000
vn 0.2477 0.9688 -0.0000
vn -0.3224 0.9466 -0.0000
vn -0.7184 -0.6956 -0.0000
vn 0.0753 0.9972 -0.0000
vn 0.0813 -0.9967 -0.0000
vn -0.7622 -0.6473 -0.0000
vn 0.2277 0.9737 -0.0000
vn -0.9727 -0.2322 -0.0000
vn -0.2742 0.9617 -0.0000
vn 0.3197 -0.9475 -0.0000
vn -0.9336 0.3584 -0.0000
vn 0.3131 -0.9497 -0.0000
vn 1.0000 -0.0090 -0.0000
vn -0.0318 -0.9995 -0.0000
vn -0.9965 0.0831 -0.0000
vn -0.2089 -0.9779 -0.0000
vn 0.0007 1.0000 -0.0000
vn 0.2889 0.9574 -0.0000
vn -0.3286 -0.9445 -0.0000
vn -0.9942 0.1076 -0.0000
vn -0.8957 -0.4447 -0.0000
vn -0.9598 -0.2806 -0.0000
vn -0.0074 -1.0000 -0.0000
vn -0.9935 -0.1136 -0.0000
vn 0.2056 0.9786 -0.0000
vn 0.0003 1.0000 -0.0000
vn -0.7338 0.6794 -0.0000
vn -0.9792 0.2028 -0.0000
vn -1.0000 0.0016 -0.0000
vn -0.9999 0.0122 -0.0000
vn 0.3592 -0.9333 -0.0000
vn 0.9998 0.0188 -0.0000
vn -0.2076 0.9782 -0.0000
vn -0.9605 -0.2782 -0.0000
vn -0.0274 -0.9996 -0.0000
vn -0.9934 0.1148 -0.0000
vn -1.0000 -0.0001 -0.0000
vn -0.5661 -0.8243 -0.0000
vn -1.0000 0.0040 -0.0000
vn 0.0201 -0.9998 -0.0000
vn -1.0000 0.0010 -0.0000
vn -0.8783 -0.4781 -0.0000
vn 0.9996 -0.0278 -0.0000
vn -0.8180 0.5752 -0.0000
vn 0.9863 -0.1648 -0.0000
vn -0.9999 0.0142 -0.0000
vn -0.1113 0.9938 -0.0000
vn 0.9996 0.0270 -0.0000
vn -0.7764 -0.6302 -0.0000
vn -0.9880 -0.1544 -0.0000
vn -0.5178 -0.8555 -0.0000
vn 0.1344 -0.9909 -0.0000
vn 0.9995 0.0323 -0.0000
vn -0.9707 -0.2401 -0.0000
vn 0.2348 0.9720 -0.0000
vn -1.0000 -0.0009 -0.0000
vn -0.9030 -0.4296 -0.0000
vn -0.0016 1.0000 -0.0000
vn 0.3374 -0.9414 -0.0000
vn 0.1642 -0.9864 -0.0000
vn -0.4869 -0.8734 -0.0000
vn -0.6270 0.7790 -0.0000
vn 0.2488 0.9686 -0.0000
vn -1.0000 0.0018 -0.0000
vn -0.7041 -0.7101 -0.0000
vn 0.0087 -1.0000 -0.0000
vn 0.0481 -0.9988 -0.0000
vn -1.0000 0.0027 -0.0000
vn -0.6685 -0.7437 -0.0000
vn -0.9550 -0.2966 -0.0000
vn -0.1341 0.9910 -0.0000
vn -0.6838 -0.7297 -0.0000
vn -1.0000 -0.0026 -0.0000
vn -0.9025 0.4307 -0.0000
vn 0.3088 -0.9511 -0.0000
vn -0.9914 0.1309 -0.0000
vn 0.3232 -0.9463 -0.0000
vn -1.0000 0.0031 -0.0000
vn -0.0927 -0.9957 -0.0000
vn -0.1077 0.9942 -0.0000
vn -0.9999 0.0106 -0.0000
vn 0.1878 -0.9822 -0.0000
vn -0.8766 -0.4813 -0.0000
vn -0.9757 0.2193 -0.0000
vn 0.9996 0.0266 -0.0000
vn 0.9998 0.0193 -0.0000
vn -0.9863 -0.1650 -0.0000
vn 0.9430 -0.3328 -0.0000
vn 1.0000 -0.0025 -0.0000
vn -1.0000 -0.0012 -0.0000
vn 0.9987 -0.0513 -0.0000
vn 0.9868 0.1621 -0.0000
vn -0.9780 0.2085 -0.0000
vn -0.4471 0.8945 -0.0000
vn 0.5857 0.8106 -0.0000
vn 0.0446 0.9990 -0.0000
vn 0.0010 -1.0000 -0.0000
vn 0.0893 0.9960 -0.0000
vn -0.0251 0.9997 -0.0000
vn 0.2128 0.9771 -0.0000
vn 0.3372 -0.9414 -0.0000
vn 0.2215 -0.9752 -0.0000
vn -0.0009 1.0000 -0.0000
vn 0.0011 1.0000 -0.0000
vn -0.8754 0.4834 -0.0000
vn -0.5930 -0.8052 -0.0000
vn -0.9421 -0.3354 -0.0000
vn 0.1276 0.9918 -0.0000
vn 0.2222 0.9750 -0.0000
vn -1.0000 -0.0032 -0.0000
vn -0.5608 0.8279 -0.0000
vn -0.9930 0.1183 -0.0000
vn -0.0316 0.9995 -0.0000
vn -0.6438 0.7652 -0.0000
vn -1.0000 -0.0002 -0.0000
vn -0.9380 0.3468 -0.0000
vn -0.9738 0.2273 -0.0000
vn -0.0000 0.0185 0.9998
vn 0.0447 0.9990 -0.0000
vn 0.3087 -0.9511 -0.0000
vn 0.3231 -0.9463 -0.0000
vn -0.9994 0.0354 -0.0000
vn 0.5856 0.8106 -0.0000
vn -0.0538 -0.9985 -0.0000
vn 0.1275 0.9918 -0.0000
vn -0.0315 0.9995 -0.0000
vn -0.9379 0.3468 -0.0000
vn 0.2453 0.9694 -0.0000
vn -0.1604 0.9871 -0.0000
vn -0.4748 0.8801 -0.0000
vn -0.9280 -0.3727 -0.0000
vn 0.1940 0.9810 -0.0000
vn -0.4101 0.9120 -0.0000
vn -0.2075 0.9782 -0.0000
vn 0.2349 0.9720 -0.0000
vn -0.0000 0.0001 -1.0000
vn -0.0000 -0.0062 -1.0000
vn -0.0000 0.0014 -1.0000
vn -0.0000 -0.0015 -1.0000
vn -0.0000 0.0005 -1.0000
vn -0.0000 -0.0008 -1.0000
vn -0.0000 0.0013 -1.0000
vn -0.0000 -0.0044 -1.0000
vn -0.0000 0.0003 -1.0000
vn -0.0000 -0.0036 -1.0000
vn -0.0000 0.0009 -1.0000
vn -0.0000 -0.0007 -1.0000
vn -0.0000 -0.0011 -1.0000
vn -0.0000 0.0008 -1.0000
vn -0.0000 0.0002 -1.0000
vn -0.0000 -0.0005 -1.0000
vn -0.0000 -0.0013 -1.0000
vn -0.0000 -0.0025 -1.0000
vn -0.0000 -0.0023 -1.0000
vn -0.0000 -0.0018 -1.0000
vt 0.749164 0.000000
vt 0.745819 0.000000
vt 0.735786 0.000000
vt 0.080268 0.000000
vt 0.130435 0.000000
vt 0.127090 0.000000
vt 0.719064 0.000000
vt 0.715719 0.000000
vt 0.762542 0.000000
vt 0.846154 0.000000
vt 0.842809 0.000000
vt 0.802676 0.000000
vt 0.234114 0.000000
vt 0.471572 0.000000
vt 0.468227 0.000000
vt 0.929766 0.000000
vt 0.926421 0.000000
vt 0.882943 0.000000
vt 0.277592 0.000000
vt 0.247492 0.000000
vt 0.244147 0.000000
vt 0.939799 0.000000
vt 0.936455 0.000000
vt 0.408027 0.000000
vt 0.337793 0.000000
vt 0.334448 0.000000
vt 0.434783 0.000000
vt 0.431438 0.000000
vt 0.311037 0.000000
vt 0.876254 0.000000
vt 0.872910 0.000000
vt 0.976589 0.000000
vt 0.849498 0.000000
vt 0.799331 0.000000
vt 0.923077 0.000000
vt 0.852843 0.000000
vt 0.859532 0.000000
vt 0.795987 0.000000
vt 0.792642 0.000000
vt 0.404682 0.000000
vt 0.401338 0.000000
vt 0.364549 0.000000
vt 0.816054 0.000000
vt 0.812709 0.000000
vt 0.829431 0.000000
vt 0.886288 0.000000
vt 0.819398 0.000000
vt 0.826087 0.000000
vt 0.916388 0.000000
vt 0.896321 0.000000
vt 0.892977 0.000000
vt 0.822742 0.000000
vt 0.913043 0.000000
vt 0.899666 0.000000
vt 0.856187 0.000000
vt 0.411371 0.000000
vt 0.327759 0.000000
vt 0.324415 0.000000
vt 0.889632 0.000000
vt 0.919732 0.000000
vt 0.909699 0.000000
vt 0.903010 0.000000
vt 0.866221 0.000000
vt 0.862876 0.000000
vt 0.789298 0.000000
vt 0.274247 0.000000
vt 0.250836 0.000000
vt 0.869565 0.000000
vt 0.785953 0.000000
vt 0.782609 0.000000
vt 0.933110 0.000000
vt 0.879599 0.000000
vt 0.973244 0.000000
vt 0.979933 0.000000
vt 0.809365 0.000000
vt 0.836120 0.000000
vt 0.832776 0.000000
vt 0.943144 0.000000
vt 0.946488 0.000000
vt 0.949833 0.000000
vt 0.953177 0.000000
vt 0.956522 0.000000
vt 0.959866 0.000000
vt 0.963211 0.000000
vt 0.966555 0.000000
vt 0.969900 0.000000
vt 0.197324 0.000000
vt 0.157191 0.000000
vt 0.200669 0.000000
vt 0.665552 0.000000
vt 0.662207 0.000000
vt 0.779264 0.000000
vt 0.775920 0.000000
vt 0.668896 0.000000
vt 0.070234 0.000000
vt 0.224080 0.000000
vt 0.220736 0.000000
vt 0.304348 0.000000
vt 0.451505 0.000000
vt 0.448161 0.000000
vt 0.712375 0.000000
vt 0.073579 0.000000
vt 0.217391 0.000000
vt 0.214047 0.000000
vt 0.137124 0.000000
vt 0.133779 0.000000
vt 0.765886 0.000000
vt 0.066890 0.000000
vt 0.481605 0.000000
vt 0.140468 0.000000
vt 0.204013 0.000000
vt 0.989967 0.000000
vt 0.642140 0.000000
vt 0.638796 0.000000
vt 0.993311 0.000000
vt 0.612040 0.000000
vt 0.608696 0.000000
vt 0.759197 0.000000
vt 0.722408 0.000000
vt 0.123746 0.000000
vt 0.120401 0.000000
vt 0.321070 0.000000
vt 0.675585 0.000000
vt 0.772575 0.000000
vt 0.678930 0.000000
vt 0.682274 0.000000
vt 0.685619 0.000000
vt 0.769231 0.000000
vt 0.635451 0.000000
vt 0.672241 0.000000
vt 0.986622 0.000000
vt 0.645485 0.000000
vt 0.648829 0.000000
vt 0.688963 0.000000
vt 0.692308 0.000000
vt 0.103679 0.000000
vt 0.096990 0.000000
vt 0.107023 0.000000
vt 0.752508 0.000000
vt 0.729097 0.000000
vt 0.755853 0.000000
vt 0.010033 0.000000
vt 0.006689 0.000000
vt 0.588629 0.000000
vt 0.732441 0.000000
vt 0.983278 0.000000
vt 0.658863 0.000000
vt 0.655518 0.000000
vt 0.702341 0.000000
vt 0.698997 0.000000
vt 0.709030 0.000000
vt 0.705686 0.000000
vt 0.394649 0.000000
vt 0.381271 0.000000
vt 0.377926 0.000000
vt 0.414716 0.000000
vt 0.063545 0.000000
vt 0.060201 0.000000
vt 0.501672 0.000000
vt 0.628763 0.000000
vt 0.625418 0.000000
vt 0.160535 0.000000
vt 0.110368 0.000000
vt 0.093645 0.000000
vt 0.090301 0.000000
vt 0.153846 0.000000
vt 0.347826 0.000000
vt 0.424749 0.000000
vt 0.421405 0.000000
vt 0.317726 0.000000
vt 0.444816 0.000000
vt 0.361204 0.000000
vt 0.331104 0.000000
vt 0.622074 0.000000
vt 0.618729 0.000000
vt 0.615385 0.000000
vt 0.652174 0.000000
vt 0.484950 0.000000
vt 0.996656 0.000000
vt 0.602007 0.000000
vt 0.598662 0.000000
vt 0.595318 0.000000
vt 0.695652 0.000000
vt 0.591973 0.000000
vt 1.000000 0.000000
vt 0.000000 0.000000
vt 0.003344 0.000000
vt 0.585284 0.000000
vt 0.528428 0.000000
vt 0.056856 0.000000
vt 0.053512 0.000000
vt 0.013378 0.000000
vt 0.581940 0.000000
vt 0.016722 0.000000
vt 0.020067 0.000000
vt 0.578595 0.000000
vt 0.023411 0.000000
vt 0.575251 0.000000
vt 0.026756 0.000000
vt 0.571906 0.000000
vt 0.030100 0.000000
vt 0.568562 0.000000
vt 0.033445 0.000000
vt 0.565217 0.000000
vt 0.036789 0.000000
vt 0.561873 0.000000
vt 0.558528 0.000000
vt 0.040134 0.000000
vt 0.555184 0.000000
vt 0.551839 0.000000
vt 0.043478 0.000000
vt 0.548495 0.000000
vt 0.046823 0.000000
vt 0.545151 0.000000
vt 0.050167 0.000000
vt 0.541806 0.000000
vt 0.538462 0.000000
vt 0.290970 0.000000
vt 0.237458 0.000000
vt 0.294314 0.000000
vt 0.535117 0.000000
vt 0.531773 0.000000
vt 0.287625 0.000000
vt 0.525084 0.000000
vt 0.521739 0.000000
vt 0.518395 0.000000
vt 0.605351 0.000000
vt 0.515050 0.000000
vt 0.511706 0.000000
vt 0.508361 0.000000
vt 0.505017 0.000000
vt 0.498328 0.000000
vt 0.494983 0.000000
vt 0.384615 0.000000
vt 0.391304 0.000000
vt 0.387960 0.000000
vt 0.297659 0.000000
vt 0.461538 0.000000
vt 0.458194 0.000000
vt 0.397993 0.000000
vt 0.143813 0.000000
vt 0.270903 0.000000
vt 0.254181 0.000000
vt 0.725753 0.000000
vt 0.491639 0.000000
vt 0.163880 0.000000
vt 0.193980 0.000000
vt 0.906354 0.000000
vt 0.173913 0.000000
vt 0.170569 0.000000
vt 0.183946 0.000000
vt 0.488294 0.000000
vt 0.351171 0.000000
vt 0.167224 0.000000
vt 0.187291 0.000000
vt 0.341137 0.000000
vt 0.367893 0.000000
vt 0.371237 0.000000
vt 0.478261 0.000000
vt 0.418060 0.000000
vt 0.374582 0.000000
vt 0.474916 0.000000
vt 0.742475 0.000000
vt 0.739130 0.000000
vt 0.464883 0.000000
vt 0.806020 0.000000
vt 0.280936 0.000000
vt 0.240803 0.000000
vt 0.839465 0.000000
vt 0.632107 0.000000
vt 0.344482 0.000000
vt 0.428094 0.000000
vt 0.314381 0.000000
vt 0.438127 0.000000
vt 0.307692 0.000000
vt 0.441472 0.000000
vt 0.301003 0.000000
vt 0.354515 0.000000
vt 0.113712 0.000000
vt 0.284281 0.000000
vt 0.257525 0.000000
vt 0.267559 0.000000
vt 0.264214 0.000000
vt 0.260870 0.000000
vt 0.357860 0.000000
vt 0.190635 0.000000
vt 0.230769 0.000000
vt 0.227425 0.000000
vt 0.076923 0.000000
vt 0.207358 0.000000
vt 0.210702 0.000000
vt 0.147157 0.000000
vt 0.454850 0.000000
vt 0.180602 0.000000
vt 0.086957 0.000000
vt 0.100334 0.000000
vt 0.150502 0.000000
vt 0.083612 0.000000
vt 0.117057 0.000000
vt 0.177258 0.000000
s 0
g Essenza_M_corner_SVGMat
usemtl SVGMat
f 225/1/1 224/2/1 221/3/1
f 25/4/1 40/5/1 39/6/1
f 216/7/1 215/8/1 229/9/1
f 254/10/1 253/11/1 241/12/1
f 71/13/1 142/14/1 141/15/1
f 279/16/2 278/17/2 265/18/2
f 84/19/3 75/20/3 74/21/3
f 282/22/1 281/23/1 265/18/1
f 123/24/1 102/25/1 101/26/1
f 131/27/1 130/28/1 94/29/1
f 263/30/1 262/31/1 293/32/1
f 255/33/1 241/12/1 240/34/1
f 278/17/4 277/35/4 265/18/4
f 256/36/1 255/33/1 240/34/1
f 258/37/1 239/38/1 238/39/1
f 122/40/1 121/41/1 110/42/1
f 245/43/5 244/44/5 249/45/5
f 277/35/1 266/46/1 265/18/1
f 246/47/1 245/43/1 248/48/1
f 275/49/1 269/50/1 268/51/1
f 247/52/1 246/47/1 248/48/1
f 274/53/6 270/54/6 269/50/6
f 257/55/1 256/36/1 240/34/1
f 124/56/3 99/57/3 98/58/3
f 267/59/7 276/60/7 275/49/7
f 273/61/8 271/62/8 270/54/8
f 260/63/1 259/64/1 237/65/1
f 255/33/1 254/10/1 241/12/1
f 273/61/1 270/54/1 274/53/1
f 259/64/1 258/37/1 238/39/1
f 274/53/2 269/50/2 275/49/2
f 259/64/1 238/39/1 237/65/1
f 268/51/6 267/59/6 275/49/6
f 257/55/1 240/34/1 239/38/1
f 83/66/3 76/67/3 75/20/3
f 261/68/1 236/69/1 235/70/1
f 280/71/1 279/16/1 265/18/1
f 281/23/5 280/71/5 265/18/5
f 264/72/1 263/30/1 292/73/1
f 262/31/1 261/68/1 294/74/1
f 243/75/9 251/76/9 250/77/9
f 282/22/1 265/18/1 283/78/1
f 283/78/1 265/18/1 284/79/1
f 284/79/1 265/18/1 285/80/1
f 285/80/1 265/18/1 286/81/1
f 286/81/1 265/18/1 287/82/1
f 287/82/1 265/18/1 288/83/1
f 289/84/1 288/83/1 264/72/1
f 289/84/1 264/72/1 290/85/1
f 290/85/1 264/72/1 291/86/1
f 260/63/1 237/65/1 236/69/1
f 291/86/1 264/72/1 292/73/1
f 258/37/1 257/55/1 239/38/1
f 292/73/1 263/30/1 293/32/1
f 261/68/1 260/63/1 236/69/1
f 293/32/1 262/31/1 294/74/1
f 60/87/1 48/88/1 61/89/1
f 294/74/1 261/68/1 235/70/1
f 200/90/1 199/91/1 235/70/1
f 234/92/1 200/90/1 235/70/1
f 233/93/1 201/94/1 234/92/1
f 22/95/1 68/96/1 67/97/1
f 92/98/1 136/99/1 135/100/1
f 215/8/1 214/101/1 229/9/1
f 23/102/1 66/103/1 65/104/1
f 25/4/1 42/105/1 41/106/1
f 229/9/1 214/101/1 230/107/1
f 71/13/1 21/108/1 145/109/1
f 43/110/1 25/4/1 62/111/1
f 297/112/1 193/113/1 192/114/1
f 298/115/1 184/116/1 183/117/1
f 228/118/1 217/119/1 229/9/1
f 25/4/3 38/120/3 37/121/3
f 124/56/1 98/58/1 97/122/1
f 203/123/1 232/124/1 204/125/1
f 204/125/1 232/124/1 205/126/1
f 206/127/3 205/126/3 231/128/3
f 297/112/1 192/114/1 191/129/1
f 202/130/1 233/93/1 203/123/1
f 297/112/1 296/131/1 194/132/1
f 296/131/1 195/133/1 194/132/1
f 207/134/1 231/128/1 208/135/1
f 32/136/1 30/137/1 33/138/1
f 297/112/1 194/132/1 193/113/1
f 226/139/1 219/140/1 227/141/1
f 207/134/1 206/127/1 231/128/1
f 4/142/1 3/143/1 177/144/1
f 225/1/1 220/145/1 226/139/1
f 295/146/1 198/147/1 197/148/1
f 211/149/1 210/150/1 230/107/1
f 214/101/1 213/151/1 230/107/1
f 212/152/1 211/149/1 230/107/1
f 25/4/9 43/110/9 42/105/9
f 213/151/1 212/152/1 230/107/1
f 119/153/1 115/154/1 114/155/1
f 125/156/1 124/56/1 97/122/1
f 20/157/1 19/158/1 151/159/1
f 297/112/1 189/160/1 188/161/1
f 265/18/1 264/72/1 288/83/1
f 49/162/1 48/88/1 60/87/1
f 34/163/9 29/164/9 28/165/9
f 48/88/1 47/166/1 61/89/1
f 123/24/1 122/40/1 105/167/1
f 128/168/1 127/169/1 96/170/1
f 201/94/1 233/93/1 202/130/1
f 92/98/1 135/100/1 134/171/1
f 122/40/1 110/42/1 109/172/1
f 124/56/1 101/26/1 100/173/1
f 217/119/1 216/7/1 229/9/1
f 298/115/1 297/112/1 187/174/1
f 186/175/1 298/115/1 187/174/1
f 185/176/1 298/115/1 186/175/1
f 185/176/1 184/116/1 298/115/1
f 295/146/1 199/91/1 198/147/1
f 296/131/1 196/177/1 195/133/1
f 21/108/1 20/157/1 146/178/1
f 299/179/1 298/115/1 181/180/1
f 180/181/1 299/179/1 181/180/1
f 180/181/1 179/182/1 299/179/1
f 208/135/9 231/128/9 209/183/9
f 178/184/1 300/185/1 179/182/1
f 178/184/1 1/186/1 300/185/1
f 177/144/1 1/186/1 178/184/1
f 177/144/1 2/187/1 1/186/1
f 177/144/1 3/143/1 2/187/1
f 176/188/1 4/142/1 177/144/1
f 159/189/1 18/190/1 17/191/1
f 176/188/1 5/192/1 4/142/1
f 175/193/1 5/192/1 176/188/1
f 175/193/1 6/194/1 5/192/1
f 175/193/1 7/195/1 6/194/1
f 174/196/1 7/195/1 175/193/1
f 174/196/1 8/197/1 7/195/1
f 173/198/1 8/197/1 174/196/1
f 173/198/1 9/199/1 8/197/1
f 172/200/1 9/199/1 173/198/1
f 172/200/1 10/201/1 9/199/1
f 171/202/1 10/201/1 172/200/1
f 171/202/1 11/203/1 10/201/1
f 170/204/1 11/203/1 171/202/1
f 170/204/1 12/205/1 11/203/1
f 169/206/1 12/205/1 170/204/1
f 168/207/1 12/205/1 169/206/1
f 168/207/1 13/208/1 12/205/1
f 167/209/1 13/208/1 168/207/1
f 166/210/1 13/208/1 167/209/1
f 166/210/1 14/211/1 13/208/1
f 165/212/1 14/211/1 166/210/1
f 165/212/1 15/213/1 14/211/1
f 164/214/1 15/213/1 165/212/1
f 164/214/1 16/215/1 15/213/1
f 163/216/1 16/215/1 164/214/1
f 163/216/1 162/217/1 16/215/1
f 88/218/1 72/219/1 89/220/1
f 161/221/1 17/191/1 162/217/1
f 160/222/1 17/191/1 161/221/1
f 160/222/1 159/189/1 17/191/1
f 87/223/1 72/219/1 88/218/1
f 158/224/1 18/190/1 159/189/1
f 157/225/1 18/190/1 158/224/1
f 157/225/1 156/226/1 18/190/1
f 298/115/1 182/227/1 181/180/1
f 155/228/1 19/158/1 156/226/1
f 154/229/1 19/158/1 155/228/1
f 153/230/1 19/158/1 154/229/1
f 152/231/1 19/158/1 153/230/1
f 151/159/1 19/158/1 152/231/1
f 150/232/1 20/157/1 151/159/1
f 149/233/1 20/157/1 150/232/1
f 116/234/1 115/154/1 118/235/1
f 117/236/1 116/234/1 118/235/1
f 90/237/1 139/238/1 138/239/1
f 120/240/1 119/153/1 114/155/1
f 44/241/1 62/111/1 61/89/1
f 82/242/8 77/243/8 76/67/8
f 228/118/1 227/141/1 218/244/1
f 297/112/1 188/161/1 187/174/1
f 148/245/1 20/157/1 149/233/1
f 50/246/1 49/162/1 59/247/1
f 273/61/10 272/248/10 271/62/10
f 53/249/1 52/250/1 56/251/1
f 25/4/1 41/106/1 40/5/1
f 217/119/1 228/118/1 218/244/1
f 296/131/1 197/148/1 196/177/1
f 147/252/1 20/157/1 148/245/1
f 276/60/1 267/59/1 266/46/1
f 25/4/9 39/6/9 38/120/9
f 122/40/1 106/253/1 105/167/1
f 277/35/9 276/60/9 266/46/9
f 52/250/1 51/254/1 57/255/1
f 146/178/1 20/157/1 147/252/1
f 123/24/9 103/256/9 102/25/9
f 244/44/9 250/77/9 249/45/9
f 121/41/1 111/257/1 110/42/1
f 145/109/1 21/108/1 146/178/1
f 233/93/1 232/124/1 203/123/1
f 121/41/1 112/258/1 111/257/1
f 144/259/7 71/13/7 145/109/7
f 126/260/1 97/122/1 96/170/1
f 120/240/9 114/155/9 113/261/9
f 143/262/1 71/13/1 144/259/1
f 201/94/1 200/90/1 234/92/1
f 224/2/1 223/263/1 222/264/1
f 72/219/1 140/265/1 89/220/1
f 251/76/1 243/75/1 242/266/1
f 85/267/4 74/21/4 73/268/4
f 253/11/1 252/269/1 241/12/1
f 297/112/1 191/129/1 190/270/1
f 121/41/1 120/240/1 112/258/1
f 245/43/2 249/45/2 248/48/2
f 252/269/1 251/76/1 242/266/1
f 123/24/1 105/167/1 104/271/1
f 127/169/1 126/260/1 96/170/1
f 129/272/1 128/168/1 95/273/1
f 132/274/1 131/27/1 94/29/1
f 124/56/1 123/24/1 101/26/1
f 93/275/1 133/276/1 132/274/1
f 94/29/1 93/275/1 132/274/1
f 92/98/1 91/277/1 136/99/1
f 93/275/1 92/98/1 134/171/1
f 122/40/1 107/278/1 106/253/1
f 123/24/3 104/271/3 103/256/3
f 252/269/1 242/266/1 241/12/1
f 91/277/1 90/237/1 138/239/1
f 56/251/1 52/250/1 57/255/1
f 120/240/3 113/261/3 112/258/3
f 298/115/1 183/117/1 182/227/1
f 140/265/1 139/238/1 90/237/1
f 140/265/1 90/237/1 89/220/1
f 162/217/1 17/191/1 16/215/1
f 296/131/1 295/146/1 197/148/1
f 35/279/3 34/163/3 28/165/3
f 297/112/1 190/270/1 189/160/1
f 85/267/1 84/19/1 74/21/1
f 156/226/1 19/158/1 18/190/1
f 86/280/1 73/268/1 72/219/1
f 84/19/1 83/66/1 75/20/1
f 83/66/1 82/242/1 76/67/1
f 78/281/11 81/282/11 80/283/11
f 78/281/12 77/243/12 81/282/12
f 79/284/1 78/281/1 80/283/1
f 122/40/9 108/285/9 107/278/9
f 51/254/1 50/246/1 58/286/1
f 72/219/1 71/13/1 141/15/1
f 87/223/1 86/280/1 72/219/1
f 21/108/1 70/287/1 69/288/1
f 220/145/9 219/140/9 226/139/9
f 21/108/1 71/13/1 70/287/1
f 143/262/1 142/14/1 71/13/1
f 86/280/1 85/267/1 73/268/1
f 22/95/1 21/108/1 69/288/1
f 24/289/1 63/290/1 62/111/1
f 179/182/1 300/185/1 299/179/1
f 23/102/1 22/95/1 67/97/1
f 67/97/1 66/103/1 23/102/1
f 199/91/1 294/74/1 235/70/1
f 24/289/1 23/102/1 65/104/1
f 64/291/1 24/289/1 65/104/1
f 64/291/1 63/290/1 24/289/1
f 22/95/1 69/288/1 68/96/1
f 25/4/1 24/289/1 62/111/1
f 45/292/1 44/241/1 61/89/1
f 33/138/4 30/137/4 29/164/4
f 77/243/13 82/242/13 81/282/13
f 134/171/1 133/276/1 93/275/1
f 59/247/1 49/162/1 60/87/1
f 219/140/1 218/244/1 227/141/1
f 58/286/3 50/246/3 59/247/3
f 44/241/1 43/110/1 62/111/1
f 57/255/1 51/254/1 58/286/1
f 91/277/1 137/293/1 136/99/1
f 72/219/9 141/15/9 140/265/9
f 55/294/1 53/249/1 56/251/1
f 244/44/1 243/75/1 250/77/1
f 221/3/9 224/2/9 222/264/9
f 27/295/9 35/279/9 28/165/9
f 124/56/1 100/173/1 99/57/1
f 31/296/1 30/137/1 32/136/1
f 231/128/1 230/107/1 209/183/1
f 91/277/1 138/239/1 137/293/1
f 33/138/3 29/164/3 34/163/3
f 220/145/1 225/1/1 221/3/1
f 199/91/1 295/146/1 294/74/1
f 130/28/1 95/273/1 94/29/1
f 109/172/1 108/285/1 122/40/1
f 46/297/1 45/292/1 61/89/1
f 27/295/1 26/298/1 36/299/1
f 55/294/1 54/300/1 53/249/1
f 46/297/1 61/89/1 47/166/1
f 128/168/1 96/170/1 95/273/1
f 35/279/3 27/295/3 36/299/3
f 232/124/1 231/128/1 205/126/1
f 126/260/1 125/156/1 97/122/1
f 210/150/1 209/183/1 230/107/1
f 36/299/1 26/298/1 37/121/1
f 26/298/1 25/4/1 37/121/1
f 130/28/1 129/272/1 95/273/1
f 115/154/1 119/153/1 118/235/1
f 471/202/14 771/202/14 770/204/14 470/204/14
f 591/86/15 891/86/15 890/85/15 590/85/15
f 325/4/15 625/4/15 624/289/15 324/289/15
f 337/121/16 637/121/16 636/299/16 336/299/16
f 459/189/17 759/189/17 758/224/17 458/224/17
f 334/163/18 634/163/18 633/138/18 333/138/18
f 580/71/19 880/71/19 879/16/19 579/16/19
f 463/216/20 763/216/20 762/217/20 462/217/20
f 592/73/15 892/73/15 891/86/15 591/86/15
f 451/159/21 751/159/21 750/232/21 450/232/21
f 583/78/22 883/78/22 882/22/22 582/22/22
f 317/191/15 617/191/15 616/215/15 316/215/15
f 329/164/23 629/164/23 628/165/23 328/165/23
f 386/280/24 686/280/24 685/267/24 385/267/24
f 443/262/25 743/262/25 742/14/25 442/14/25
f 326/298/26 626/298/26 625/4/26 325/4/26
f 584/79/27 884/79/27 883/78/27 583/78/27
f 378/281/28 678/281/28 677/243/28 377/243/28
f 528/118/29 828/118/29 827/141/29 527/141/29
f 321/108/15 621/108/15 620/157/15 320/157/15
f 523/263/30 823/263/30 822/264/30 522/264/30
f 575/49/31 875/49/31 874/53/31 574/53/31
f 576/60/32 876/60/32 875/49/32 575/49/32
f 362/111/33 662/111/33 661/89/33 361/89/33
f 318/190/15 618/190/15 617/191/15 317/191/15
f 309/199/15 609/199/15 608/197/15 308/197/15
f 455/228/34 755/228/34 754/229/34 454/229/34
f 564/72/35 864/72/35 863/30/35 563/30/35
f 447/252/36 747/252/36 746/178/36 446/178/36
f 556/36/37 856/36/37 855/33/37 555/33/37
f 439/238/38 739/238/38 738/239/38 438/239/38
f 313/208/15 613/208/15 612/205/15 312/205/15
f 354/300/39 654/300/39 653/249/39 353/249/39
f 567/59/40 867/59/40 866/46/40 566/46/40
f 548/48/41 848/48/41 847/52/41 547/52/41
f 431/27/42 731/27/42 730/28/42 430/28/42
f 427/169/43 727/169/43 726/260/43 426/260/43
f 310/201/15 610/201/15 609/199/15 309/199/15
f 540/34/44 840/34/44 839/38/44 539/38/44
f 346/297/45 646/297/45 645/292/45 345/292/45
f 559/64/46 859/64/46 858/37/46 558/37/46
f 532/124/47 832/124/47 831/128/47 531/128/47
f 302/187/15 602/187/15 601/186/15 301/186/15
f 419/153/48 719/153/48 718/235/48 418/235/48
f 524/2/49 824/2/49 823/263/49 523/263/49
f 423/24/50 723/24/50 722/40/50 422/40/50
f 448/245/51 748/245/51 747/252/51 447/252/51
f 595/146/15 895/146/15 894/74/15 594/74/15
f 411/257/52 711/257/52 710/42/52 410/42/52
f 516/7/53 816/7/53 815/8/53 515/8/53
f 456/226/54 756/226/54 755/228/54 455/228/54
f 338/120/55 638/120/55 637/121/55 337/121/55
f 403/256/56 703/256/56 702/25/56 402/25/56
f 508/135/57 808/135/57 807/134/57 507/134/57
f 415/154/58 715/154/58 714/155/58 414/155/58
f 395/273/59 695/273/59 694/29/59 394/29/59
f 500/90/60 800/90/60 799/91/60 499/91/60
f 407/278/61 707/278/61 706/253/61 406/253/61
f 552/269/62 852/269/62 851/76/62 551/76/62
f 387/223/63 687/223/63 686/280/63 386/280/63
f 492/114/64 792/114/64 791/129/64 491/129/64
f 399/57/65 699/57/65 698/58/65 398/58/65
f 544/44/66 844/44/66 843/75/66 543/75/66
f 587/82/67 887/82/67 886/81/67 586/81/67
f 484/116/68 784/116/68 783/117/68 483/117/68
f 391/277/20 691/277/20 690/237/20 390/237/20
f 536/69/69 836/69/69 835/70/69 535/70/69
f 330/137/70 630/137/70 629/164/70 329/164/70
f 476/188/71 776/188/71 775/193/71 475/193/71
f 383/66/72 683/66/72 682/242/72 382/242/72
f 579/16/73 879/16/73 878/17/73 578/17/73
f 375/20/74 675/20/74 674/21/74 374/21/74
f 594/74/15 894/74/15 893/32/15 593/32/15
f 322/95/15 622/95/15 621/108/15 321/108/15
f 367/97/75 667/97/75 666/103/75 366/103/75
f 468/207/76 768/207/76 767/209/76 467/209/76
f 359/247/77 659/247/77 658/286/77 358/286/77
f 571/62/78 871/62/78 870/54/78 570/54/78
f 351/254/79 651/254/79 650/246/79 350/246/79
f 520/145/80 820/145/80 819/140/80 519/140/80
f 314/211/15 614/211/15 613/208/15 313/208/15
f 441/15/81 741/15/81 740/265/81 440/265/81
f 512/152/82 812/152/82 811/149/82 511/149/82
f 460/222/83 760/222/83 759/189/83 459/189/83
f 301/186/15 601/186/15 900/185/15 600/185/15
f 504/125/84 804/125/84 803/123/84 503/123/84
f 563/30/85 863/30/85 862/31/85 562/31/85
f 452/231/86 752/231/86 751/159/86 451/159/86
f 496/177/87 796/177/87 795/133/87 495/133/87
f 306/194/15 606/194/15 605/192/15 305/192/15
f 598/115/15 898/115/15 897/112/15 597/112/15
f 488/161/88 788/161/88 787/174/88 487/174/88
f 436/99/89 736/99/89 735/100/89 435/100/89
f 480/181/90 780/181/90 779/182/90 479/182/90
f 335/279/91 635/279/91 634/163/91 334/163/91
f 553/11/92 853/11/92 852/269/92 552/269/92
f 590/85/15 890/85/15 889/84/15 589/84/15
f 472/200/93 772/200/93 771/202/93 471/202/93
f 545/43/94 845/43/94 844/44/94 544/44/94
f 327/295/95 627/295/95 626/298/95 326/298/95
f 537/65/96 837/65/96 836/69/96 536/69/96
f 428/168/97 728/168/97 727/169/97 427/169/97
f 582/22/98 882/22/98 881/23/98 581/23/98
f 444/259/99 744/259/99 743/262/99 443/262/99
f 420/240/100 720/240/100 719/153/100 419/153/100
f 464/214/20 764/214/20 763/216/20 463/216/20
f 529/9/101 829/9/101 828/118/101 528/118/101
f 363/290/102 663/290/102 662/111/102 362/111/102
f 409/172/103 709/172/103 708/285/103 408/285/103
f 412/258/104 712/258/104 711/257/104 411/257/104
f 319/158/15 619/158/15 618/190/15 318/190/15
f 404/271/105 704/271/105 703/256/105 403/256/105
f 574/53/106 874/53/106 873/61/106 573/61/106
f 396/170/107 696/170/107 695/273/107 395/273/107
f 521/3/108 821/3/108 820/145/108 520/145/108
f 388/218/109 688/218/109 687/223/109 387/223/109
f 347/166/110 647/166/110 646/297/110 346/297/110
f 380/283/111 680/283/111 679/284/111 379/284/111
f 311/203/15 611/203/15 610/201/15 310/201/15
f 549/45/112 849/45/112 848/48/112 548/48/112
f 513/151/113 813/151/113 812/152/113 512/152/113
f 372/219/114 672/219/114 671/13/114 371/13/114
f 566/46/115 866/46/115 865/18/115 565/18/115
f 340/5/116 640/5/116 639/6/116 339/6/116
f 505/126/117 805/126/117 804/125/117 504/125/117
f 303/143/15 603/143/15 602/187/15 302/187/15
f 541/12/118 841/12/118 840/34/118 540/34/118
f 572/248/119 872/248/119 871/62/119 571/62/119
f 558/37/120 858/37/120 857/55/120 557/55/120
f 533/93/121 833/93/121 832/124/121 532/124/121
f 489/160/122 789/160/122 788/161/122 488/161/122
f 339/6/123 639/6/123 638/120/123 338/120/123
f 462/217/124 762/217/124 761/221/124 461/221/124
f 355/294/125 655/294/125 654/300/125 354/300/125
f 478/184/126 778/184/126 777/144/126 477/144/126
f 440/265/127 740/265/127 739/238/127 439/238/127
f 481/180/128 781/180/128 780/181/128 480/181/128
f 550/77/129 850/77/129 849/45/129 549/45/129
f 432/274/130 732/274/130 731/27/130 431/27/130
f 331/296/131 631/296/131 630/137/131 330/137/131
f 364/291/132 664/291/132 663/290/132 363/290/132
f 525/1/133 825/1/133 824/2/133 524/2/133
f 473/198/134 773/198/134 772/200/134 472/200/134
f 586/81/135 886/81/135 885/80/135 585/80/135
f 365/104/136 665/104/136 664/291/136 364/291/136
f 497/148/137 797/148/137 796/177/137 496/177/137
f 323/102/15 623/102/15 622/95/15 322/95/15
f 356/251/138 656/251/138 655/294/138 355/294/138
f 542/266/139 842/266/139 841/12/139 541/12/139
f 416/234/140 716/234/140 715/154/140 415/154/140
f 578/17/141 878/17/141 877/35/141 577/35/141
f 534/92/96 834/92/96 833/93/96 533/93/96
f 517/119/142 817/119/142 816/7/142 516/7/142
f 408/285/143 708/285/143 707/278/143 407/278/143
f 465/212/144 765/212/144 764/214/144 464/214/144
f 315/213/15 615/213/15 614/211/15 314/211/15
f 509/183/145 809/183/145 808/135/145 508/135/145
f 400/173/146 700/173/146 699/57/146 399/57/146
f 570/54/147 870/54/147 869/50/147 569/50/147
f 435/100/148 735/100/148 734/171/148 434/171/148
f 392/98/149 692/98/149 691/277/149 391/277/149
f 457/225/150 757/225/150 756/226/150 456/226/150
f 348/88/151 648/88/151 647/166/151 347/166/151
f 501/94/152 801/94/152 800/90/152 500/90/152
f 393/275/149 693/275/149 692/98/149 392/98/149
f 307/195/15 607/195/15 606/194/15 306/194/15
f 493/113/153 793/113/153 792/114/153 492/114/153
f 384/19/154 684/19/154 683/66/154 383/66/154
f 449/233/155 749/233/155 748/245/155 448/245/155
f 562/31/156 862/31/156 861/68/156 561/68/156
f 518/244/157 818/244/157 817/119/157 517/119/157
f 485/176/158 785/176/158 784/116/158 484/116/158
f 445/109/159 745/109/159 744/259/159 444/259/159
f 341/106/160 641/106/160 640/5/160 340/5/160
f 597/112/15 897/112/15 896/131/15 596/131/15
f 376/67/161 676/67/161 675/20/161 375/20/161
f 554/10/162 854/10/162 853/11/162 553/11/162
f 510/150/163 810/150/163 809/183/163 509/183/163
f 477/144/164 777/144/164 776/188/164 476/188/164
f 368/96/165 668/96/165 667/97/165 367/97/165
f 502/130/166 802/130/166 801/94/166 501/94/166
f 360/87/167 660/87/167 659/247/167 359/247/167
f 494/132/168 794/132/168 793/113/168 493/113/168
f 546/47/169 846/47/169 845/43/169 545/43/169
f 486/175/170 786/175/170 785/176/170 485/176/170
f 469/206/171 769/206/171 768/207/171 468/207/171
f 379/284/172 679/284/172 678/281/172 378/281/172
f 352/250/173 652/250/173 651/254/173 351/254/173
f 538/39/121 838/39/121 837/65/121 537/65/121
f 530/107/118 830/107/118 829/9/118 529/9/118
f 461/221/174 761/221/174 760/222/174 460/222/174
f 453/230/175 753/230/175 752/231/175 452/231/175
f 433/276/176 733/276/176 732/274/176 432/274/176
f 470/204/177 770/204/177 769/206/177 469/206/177
f 589/84/178 889/84/178 888/83/178 588/83/178
f 425/156/179 725/156/179 724/56/179 424/56/179
f 522/264/180 822/264/180 821/3/180 521/3/180
f 429/272/181 729/272/181 728/168/181 428/168/181
f 344/241/123 644/241/123 643/110/123 343/110/123
f 568/51/182 868/51/182 867/59/182 567/59/182
f 593/32/15 893/32/15 892/73/15 592/73/15
f 514/101/183 814/101/183 813/151/183 513/151/183
f 332/136/184 632/136/184 631/296/184 331/296/184
f 336/299/185 636/299/185 635/279/185 335/279/185
f 417/236/186 717/236/186 716/234/186 416/234/186
f 506/127/187 806/127/187 805/126/187 505/126/187
f 437/293/188 737/293/188 736/99/188 436/99/188
f 585/80/189 885/80/189 884/79/189 584/79/189
f 526/139/190 826/139/190 825/1/190 525/1/190
f 498/147/191 798/147/191 797/148/191 497/148/191
f 454/229/192 754/229/192 753/230/192 453/230/192
f 328/165/193 628/165/193 627/295/193 327/295/193
f 490/270/194 790/270/194 789/160/194 489/160/194
f 446/178/195 746/178/195 745/109/195 445/109/195
f 577/35/193 877/35/193 876/60/193 576/60/193
f 482/227/196 782/227/196 781/180/196 481/180/196
f 438/239/197 738/239/197 737/293/197 437/293/197
f 370/287/198 670/287/198 669/288/198 369/288/198
f 320/157/15 620/157/15 619/158/15 319/158/15
f 573/61/199 873/61/199 872/248/199 572/248/199
f 430/28/200 730/28/200 729/272/200 429/272/200
f 421/41/201 721/41/201 720/240/201 420/240/201
f 316/215/15 616/215/15 615/213/15 315/213/15
f 413/261/202 713/261/202 712/258/202 412/258/202
f 474/196/203 774/196/203 773/198/203 473/198/203
f 405/167/204 705/167/204 704/271/204 404/271/204
f 342/105/205 642/105/205 641/106/205 341/106/205
f 397/122/206 697/122/206 696/170/206 396/170/206
f 569/50/207 869/50/207 868/51/207 568/51/207
f 527/141/208 827/141/208 826/139/208 526/139/208
f 389/220/209 689/220/209 688/218/209 388/218/209
f 312/205/15 612/205/15 611/203/15 311/203/15
f 422/40/210 722/40/210 721/41/210 421/41/210
f 381/282/211 681/282/211 680/283/211 380/283/211
f 561/68/212 861/68/212 860/63/212 560/63/212
f 458/224/171 758/224/171 757/225/171 457/225/171
f 565/18/213 865/18/213 864/72/213 564/72/213
f 414/155/214 714/155/214 713/261/214 413/261/214
f 373/268/215 673/268/215 672/219/215 372/219/215
f 304/142/15 604/142/15 603/143/15 303/143/15
f 450/232/216 750/232/216 749/233/216 449/233/216
f 308/197/15 608/197/15 607/195/15 307/195/15
f 406/253/217 706/253/217 705/167/217 405/167/217
f 442/14/218 742/14/218 741/15/218 441/15/218
f 557/55/219 857/55/219 856/36/219 556/36/219
f 398/58/220 698/58/220 697/122/220 397/122/220
f 555/33/37 855/33/37 854/10/37 554/10/37
f 390/237/221 690/237/221 689/220/221 389/220/221
f 551/76/222 851/76/222 850/77/222 550/77/222
f 547/52/223 847/52/223 846/47/223 546/47/223
f 382/242/224 682/242/224 681/282/224 381/282/224
f 543/75/225 843/75/225 842/266/225 542/266/225
f 539/38/226 839/38/226 838/39/226 538/39/226
f 374/21/227 674/21/227 673/268/227 373/268/227
f 535/70/69 835/70/69 834/92/69 534/92/69
f 531/128/44 831/128/44 830/107/44 530/107/44
f 366/103/228 666/103/228 665/104/228 365/104/228
f 357/255/229 657/255/229 656/251/229 356/251/229
f 434/171/230 734/171/230 733/276/230 433/276/230
f 385/267/231 685/267/231 684/19/231 384/19/231
f 426/260/232 726/260/232 725/156/232 425/156/232
f 377/243/233 677/243/233 676/67/233 376/67/233
f 349/162/234 649/162/234 648/88/234 348/88/234
f 519/140/235 819/140/235 818/244/235 518/244/235
f 369/288/236 669/288/236 668/96/236 368/96/236
f 424/56/237 724/56/237 723/24/237 423/24/237
f 305/192/15 605/192/15 604/142/15 304/142/15
f 475/193/238 775/193/238 774/196/238 474/196/238
f 361/89/239 661/89/239 660/87/239 360/87/239
f 418/235/240 718/235/240 717/236/240 417/236/240
f 515/8/241 815/8/241 814/101/241 514/101/241
f 358/286/242 658/286/242 657/255/242 357/255/242
f 511/149/243 811/149/243 810/150/243 510/150/243
f 410/42/244 710/42/244 709/172/244 409/172/244
f 507/134/245 807/134/245 806/127/245 506/127/245
f 581/23/246 881/23/246 880/71/246 580/71/246
f 503/123/247 803/123/247 802/130/247 502/130/247
f 401/26/248 701/26/248 700/173/248 400/173/248
f 499/91/249 799/91/249 798/147/249 498/147/249
f 560/63/250 860/63/250 859/64/250 559/64/250
f 353/249/251 653/249/251 652/250/251 352/250/251
f 402/25/252 702/25/252 701/26/252 401/26/252
f 491/129/253 791/129/253 790/270/253 490/270/253
f 596/131/15 896/131/15 895/146/15 595/146/15
f 495/133/254 795/133/254 794/132/254 494/132/254
f 345/292/55 645/292/55 644/241/55 344/241/55
f 466/210/174 766/210/174 765/212/174 465/212/174
f 483/117/255 783/117/255 782/227/255 482/227/255
f 350/246/256 650/246/256 649/162/256 349/162/256
f 324/289/15 624/289/15 623/102/15 323/102/15
f 371/13/257 671/13/257 670/287/257 370/287/257
f 600/185/15 900/185/15 899/179/15 599/179/15
f 394/29/174 694/29/174 693/275/174 393/275/174
f 487/174/258 787/174/258 786/175/258 486/175/258
f 467/209/259 767/209/259 766/210/259 466/210/259
f 599/179/15 899/179/15 898/115/15 598/115/15
f 333/138/260 633/138/260 632/136/260 332/136/260
f 479/182/261 779/182/261 778/184/261 478/184/261
f 14/211/15 314/211/15 313/208/15 13/208/15
f 220/145/80 520/145/80 519/140/80 219/140/80
f 51/254/79 351/254/79 350/246/79 50/246/79
f 271/62/262 571/62/262 570/54/262 270/54/262
f 59/247/77 359/247/77 358/286/77 58/286/77
f 168/207/76 468/207/76 467/209/76 167/209/76
f 67/97/75 367/97/75 366/103/75 66/103/75
f 22/95/15 322/95/15 321/108/15 21/108/15
f 294/74/15 594/74/15 593/32/15 293/32/15
f 75/20/263 375/20/263 374/21/263 74/21/263
f 279/16/264 579/16/264 578/17/264 278/17/264
f 83/66/265 383/66/265 382/242/265 82/242/265
f 176/188/71 476/188/71 475/193/71 175/193/71
f 30/137/70 330/137/70 329/164/70 29/164/70
f 236/69/69 536/69/69 535/70/69 235/70/69
f 91/277/20 391/277/20 390/237/20 90/237/20
f 184/116/266 484/116/266 483/117/266 183/117/266
f 287/82/267 587/82/267 586/81/267 286/81/267
f 244/44/268 544/44/268 543/75/268 243/75/268
f 99/57/269 399/57/269 398/58/269 98/58/269
f 192/114/270 492/114/270 491/129/270 191/129/270
f 87/223/271 387/223/271 386/280/271 86/280/271
f 252/269/62 552/269/62 551/76/62 251/76/62
f 107/278/272 407/278/272 406/253/272 106/253/272
f 200/90/273 500/90/273 499/91/273 199/91/273
f 95/273/59 395/273/59 394/29/59 94/29/59
f 115/154/274 415/154/274 414/155/274 114/155/274
f 208/135/57 508/135/57 507/134/57 207/134/57
f 103/256/275 403/256/275 402/25/275 102/25/275
f 38/120/55 338/120/55 337/121/55 37/121/55
f 156/226/276 456/226/276 455/228/276 155/228/276
f 216/7/53 516/7/53 515/8/53 215/8/53
f 111/257/277 411/257/277 410/42/277 110/42/277
f 295/146/15 595/146/15 594/74/15 294/74/15
f 148/245/278 448/245/278 447/252/278 147/252/278
f 123/24/50 423/24/50 422/40/50 122/40/50
f 224/2/49 524/2/49 523/263/49 223/263/49
f 119/153/48 419/153/48 418/235/48 118/235/48
f 2/187/15 302/187/15 301/186/15 1/186/15
f 232/124/47 532/124/47 531/128/47 231/128/47
f 259/64/46 559/64/46 558/37/46 258/37/46
f 46/297/45 346/297/45 345/292/45 45/292/45
f 240/34/44 540/34/44 539/38/44 239/38/44
f 10/201/15 310/201/15 309/199/15 9/199/15
f 127/169/43 427/169/43 426/260/43 126/260/43
f 131/27/279 431/27/279 430/28/279 130/28/279
f 248/48/280 548/48/280 547/52/280 247/52/280
f 267/59/40 567/59/40 566/46/40 266/46/40
f 54/300/281 354/300/281 353/249/281 53/249/281
f 13/208/15 313/208/15 312/205/15 12/205/15
f 139/238/282 439/238/282 438/239/282 138/239/282
f 256/36/37 556/36/37 555/33/37 255/33/37
f 147/252/283 447/252/283 446/178/283 146/178/283
f 264/72/35 564/72/35 563/30/35 263/30/35
f 155/228/284 455/228/284 454/229/284 154/229/284
f 9/199/15 309/199/15 308/197/15 8/197/15
f 18/190/15 318/190/15 317/191/15 17/191/15
f 62/111/285 362/111/285 361/89/285 61/89/285
f 276/60/135 576/60/135 575/49/135 275/49/135
f 275/49/286 575/49/286 574/53/286 274/53/286
f 223/263/30 523/263/30 522/264/30 222/264/30
f 21/108/15 321/108/15 320/157/15 20/157/15
f 228/118/287 528/118/287 527/141/287 227/141/287
f 78/281/28 378/281/28 377/243/28 77/243/28
f 284/79/288 584/79/288 583/78/288 283/78/288
f 26/298/289 326/298/289 325/4/289 25/4/289
f 143/262/25 443/262/25 442/14/25 142/14/25
f 86/280/290 386/280/290 385/267/290 85/267/290
f 29/164/291 329/164/291 328/165/291 28/165/291
f 17/191/15 317/191/15 316/215/15 16/215/15
f 283/78/292 583/78/292 582/22/292 282/22/292
f 151/159/293 451/159/293 450/232/293 150/232/293
f 292/73/15 592/73/15 591/86/15 291/86/15
f 163/216/20 463/216/20 462/217/20 162/217/20
f 280/71/294 580/71/294 579/16/294 279/16/294
f 34/163/18 334/163/18 333/138/18 33/138/18
f 159/189/76 459/189/76 458/224/76 158/224/76
f 37/121/16 337/121/16 336/299/16 36/299/16
f 25/4/15 325/4/15 324/289/15 24/289/15
f 291/86/15 591/86/15 590/85/15 290/85/15
f 171/202/14 471/202/14 470/204/14 170/204/14
f 43/110/116 343/110/116 342/105/116 42/105/116
f 288/83/295 588/83/295 587/82/295 287/82/295
f 179/182/261 479/182/261 478/184/261 178/184/261
f 33/138/296 333/138/296 332/136/296 32/136/296
f 299/179/15 599/179/15 598/115/15 298/115/15
f 167/209/259 467/209/259 466/210/259 166/210/259
f 187/174/297 487/174/297 486/175/297 186/175/297
f 94/29/298 394/29/298 393/275/298 93/275/298
f 300/185/15 600/185/15 599/179/15 299/179/15
f 71/13/257 371/13/257 370/287/257 70/287/257
f 24/289/15 324/289/15 323/102/15 23/102/15
f 50/246/256 350/246/256 349/162/256 49/162/256
f 183/117/299 483/117/299 482/227/299 182/227/299
f 166/210/298 466/210/298 465/212/298 165/212/298
f 45/292/55 345/292/55 344/241/55 44/241/55
f 195/133/300 495/133/300 494/132/300 194/132/300
f 296/131/15 596/131/15 595/146/15 295/146/15
f 191/129/253 491/129/253 490/270/253 190/270/253
f 102/25/301 402/25/301 401/26/301 101/26/301
f 53/249/251 353/249/251 352/250/251 52/250/251
f 260/63/250 560/63/250 559/64/250 259/64/250
f 199/91/302 499/91/302 498/147/302 198/147/302
f 101/26/303 401/26/303 400/173/303 100/173/303
f 203/123/247 503/123/247 502/130/247 202/130/247
f 281/23/304 581/23/304 580/71/304 280/71/304
f 207/134/305 507/134/305 506/127/305 206/127/305
f 110/42/306 410/42/306 409/172/306 109/172/306
f 211/149/307 511/149/307 510/150/307 210/150/307
f 58/286/308 358/286/308 357/255/308 57/255/308
f 215/8/241 515/8/241 514/101/241 214/101/241
f 118/235/240 418/235/240 417/236/240 117/236/240
f 61/89/309 361/89/309 360/87/309 60/87/309
f 175/193/238 475/193/238 474/196/238 174/196/238
f 5/192/15 305/192/15 304/142/15 4/142/15
f 124/56/237 424/56/237 423/24/237 123/24/237
f 69/288/310 369/288/310 368/96/310 68/96/310
f 219/140/235 519/140/235 518/244/235 218/244/235
f 49/162/234 349/162/234 348/88/234 48/88/234
f 77/243/311 377/243/311 376/67/311 76/67/311
f 126/260/312 426/260/312 425/156/312 125/156/312
f 85/267/313 385/267/313 384/19/313 84/19/313
f 134/171/230 434/171/230 433/276/230 133/276/230
f 57/255/314 357/255/314 356/251/314 56/251/314
f 66/103/315 366/103/315 365/104/315 65/104/315
f 231/128/44 531/128/44 530/107/44 230/107/44
f 235/70/69 535/70/69 534/92/69 234/92/69
f 74/21/316 374/21/316 373/268/316 73/268/316
f 239/38/226 539/38/226 538/39/226 238/39/226
f 243/75/317 543/75/317 542/266/317 242/266/317
f 82/242/318 382/242/318 381/282/318 81/282/318
f 247/52/319 547/52/319 546/47/319 246/47/319
f 251/76/222 551/76/222 550/77/222 250/77/222
f 90/237/221 390/237/221 389/220/221 89/220/221
f 255/33/37 555/33/37 554/10/37 254/10/37
f 98/58/320 398/58/320 397/122/320 97/122/320
f 257/55/219 557/55/219 556/36/219 256/36/219
f 142/14/218 442/14/218 441/15/218 141/15/218
f 106/253/217 406/253/217 405/167/217 105/167/217
f 8/197/15 308/197/15 307/195/15 7/195/15
f 150/232/321 450/232/321 449/233/321 149/233/321
f 4/142/15 304/142/15 303/143/15 3/143/15
f 73/268/215 373/268/215 372/219/215 72/219/215
f 114/155/322 414/155/322 413/261/322 113/261/322
f 265/18/213 565/18/213 564/72/213 264/72/213
f 158/224/171 458/224/171 457/225/171 157/225/171
f 261/68/212 561/68/212 560/63/212 260/63/212
f 81/282/323 381/282/323 380/283/323 80/283/323
f 122/40/210 422/40/210 421/41/210 121/41/210
f 12/205/15 312/205/15 311/203/15 11/203/15
f 89/220/324 389/220/324 388/218/324 88/218/324
f 227/141/325 527/141/325 526/139/325 226/139/325
f 269/50/326 569/50/326 568/51/326 268/51/326
f 97/122/327 397/122/327 396/170/327 96/170/327
f 42/105/205 342/105/205 341/106/205 41/106/205
f 105/167/328 405/167/328 404/271/328 104/271/328
f 174/196/203 474/196/203 473/198/203 173/198/203
f 113/261/329 413/261/329 412/258/329 112/258/329
f 16/215/15 316/215/15 315/213/15 15/213/15
f 121/41/330 421/41/330 420/240/330 120/240/330
f 130/28/331 430/28/331 429/272/331 129/272/331
f 273/61/332 573/61/332 572/248/332 272/248/332
f 20/157/15 320/157/15 319/158/15 19/158/15
f 70/287/198 370/287/198 369/288/198 69/288/198
f 138/239/197 438/239/197 437/293/197 137/293/197
f 182/227/333 482/227/333 481/180/333 181/180/333
f 277/35/334 577/35/334 576/60/334 276/60/334
f 146/178/335 446/178/335 445/109/335 145/109/335
f 190/270/194 490/270/194 489/160/194 189/160/194
f 28/165/336 328/165/336 327/295/336 27/295/336
f 154/229/192 454/229/192 453/230/192 153/230/192
f 198/147/337 498/147/337 497/148/337 197/148/337
f 226/139/338 526/139/338 525/1/338 225/1/338
f 285/80/339 585/80/339 584/79/339 284/79/339
f 137/293/188 437/293/188 436/99/188 136/99/188
f 206/127/340 506/127/340 505/126/340 205/126/340
f 117/236/341 417/236/341 416/234/341 116/234/341
f 36/299/185 336/299/185 335/279/185 35/279/185
f 32/136/342 332/136/342 331/296/342 31/296/342
f 214/101/183 514/101/183 513/151/183 213/151/183
f 293/32/15 593/32/15 592/73/15 292/73/15
f 268/51/182 568/51/182 567/59/182 267/59/182
f 44/241/123 344/241/123 343/110/123 43/110/123
f 129/272/343 429/272/343 428/168/343 128/168/343
f 222/264/180 522/264/180 521/3/180 221/3/180
f 125/156/344 425/156/344 424/56/344 124/56/344
f 289/84/345 589/84/345 588/83/345 288/83/345
f 170/204/177 470/204/177 469/206/177 169/206/177
f 133/276/346 433/276/346 432/274/346 132/274/346
f 153/230/347 453/230/347 452/231/347 152/231/347
f 161/221/298 461/221/298 460/222/298 160/222/298
f 230/107/348 530/107/348 529/9/348 229/9/348
f 238/39/121 538/39/121 537/65/121 237/65/121
f 52/250/173 352/250/173 351/254/173 51/254/173
f 79/284/349 379/284/349 378/281/349 78/281/349
f 169/206/171 469/206/171 468/207/171 168/207/171
f 186/175/350 486/175/350 485/176/350 185/176/350
f 246/47/169 546/47/169 545/43/169 245/43/169
f 194/132/168 494/132/168 493/113/168 193/113/168
f 60/87/351 360/87/351 359/247/351 59/247/351
f 202/130/166 502/130/166 501/94/166 201/94/166
f 68/96/352 368/96/352 367/97/352 67/97/352
f 177/144/164 477/144/164 476/188/164 176/188/164
f 210/150/163 510/150/163 509/183/163 209/183/163
f 254/10/162 554/10/162 553/11/162 253/11/162
f 76/67/353 376/67/353 375/20/353 75/20/353
f 297/112/15 597/112/15 596/131/15 296/131/15
f 41/106/160 341/106/160 340/5/160 40/5/160
f 145/109/354 445/109/354 444/259/354 144/259/354
f 185/176/355 485/176/355 484/116/355 184/116/355
f 218/244/356 518/244/356 517/119/356 217/119/356
f 262/31/156 562/31/156 561/68/156 261/68/156
f 149/233/357 449/233/357 448/245/357 148/245/357
f 84/19/358 384/19/358 383/66/358 83/66/358
f 193/113/153 493/113/153 492/114/153 192/114/153
f 7/195/15 307/195/15 306/194/15 6/194/15
f 93/275/149 393/275/149 392/98/149 92/98/149
f 201/94/152 501/94/152 500/90/152 200/90/152
f 48/88/151 348/88/151 347/166/151 47/166/151
f 157/225/150 457/225/150 456/226/150 156/226/150
f 92/98/149 392/98/149 391/277/149 91/277/149
f 135/100/148 435/100/148 434/171/148 134/171/148
f 270/54/359 570/54/359 569/50/359 269/50/359
f 100/173/360 400/173/360 399/57/360 99/57/360
f 209/183/361 509/183/361 508/135/361 208/135/361
f 15/213/15 315/213/15 314/211/15 14/211/15
f 165/212/124 465/212/124 464/214/124 164/214/124
f 108/285/362 408/285/362 407/278/362 107/278/362
f 217/119/363 517/119/363 516/7/363 216/7/363
f 234/92/96 534/92/96 533/93/96 233/93/96
f 278/17/364 578/17/364 577/35/364 277/35/364
f 116/234/365 416/234/365 415/154/365 115/154/365
f 242/266/366 542/266/366 541/12/366 241/12/366
f 56/251/138 356/251/138 355/294/138 55/294/138
f 23/102/15 323/102/15 322/95/15 22/95/15
f 197/148/137 497/148/137 496/177/137 196/177/137
f 65/104/367 365/104/367 364/291/367 64/291/367
f 286/81/32 586/81/32 585/80/32 285/80/32
f 173/198/368 473/198/368 472/200/368 172/200/368
f 225/1/369 525/1/369 524/2/369 224/2/369
f 64/291/370 364/291/370 363/290/370 63/290/370
f 31/296/371 331/296/371 330/137/371 30/137/371
f 132/274/372 432/274/372 431/27/372 131/27/372
f 250/77/129 550/77/129 549/45/129 249/45/129
f 181/180/128 481/180/128 480/181/128 180/181/128
f 140/265/127 440/265/127 439/238/127 139/238/127
f 178/184/373 478/184/373 477/144/373 177/144/373
f 55/294/374 355/294/374 354/300/374 54/300/374
f 162/217/124 462/217/124 461/221/124 161/221/124
f 39/6/123 339/6/123 338/120/123 38/120/123
f 189/160/375 489/160/375 488/161/375 188/161/375
f 233/93/121 533/93/121 532/124/121 232/124/121
f 258/37/120 558/37/120 557/55/120 257/55/120
f 272/248/376 572/248/376 571/62/376 271/62/376
f 241/12/118 541/12/118 540/34/118 240/34/118
f 3/143/15 303/143/15 302/187/15 2/187/15
f 205/126/377 505/126/377 504/125/377 204/125/377
f 40/5/378 340/5/378 339/6/378 39/6/378
f 266/46/115 566/46/115 565/18/115 265/18/115
f 72/219/114 372/219/114 371/13/114 71/13/114
f 213/151/379 513/151/379 512/152/379 212/152/379
f 249/45/380 549/45/380 548/48/380 248/48/380
f 11/203/15 311/203/15 310/201/15 10/201/15
f 80/283/381 380/283/381 379/284/381 79/284/381
f 47/166/110 347/166/110 346/297/110 46/297/110
f 88/218/382 388/218/382 387/223/382 87/223/382
f 221/3/108 521/3/108 520/145/108 220/145/108
f 96/170/383 396/170/383 395/273/383 95/273/383
f 274/53/384 574/53/384 573/61/384 273/61/384
f 104/271/385 404/271/385 403/256/385 103/256/385
f 19/158/15 319/158/15 318/190/15 18/190/15
f 112/258/386 412/258/386 411/257/386 111/257/386
f 109/172/387 409/172/387 408/285/387 108/285/387
f 63/290/102 363/290/102 362/111/102 62/111/102
f 229/9/388 529/9/388 528/118/388 228/118/388
f 164/214/20 464/214/20 463/216/20 163/216/20
f 120/240/100 420/240/100 419/153/100 119/153/100
f 144/259/389 444/259/389 443/262/389 143/262/389
f 282/22/390 582/22/390 581/23/390 281/23/390
f 128/168/391 428/168/391 427/169/391 127/169/391
f 237/65/96 537/65/96 536/69/96 236/69/96
f 27/295/392 327/295/392 326/298/392 26/298/392
f 245/43/393 545/43/393 544/44/393 244/44/393
f 172/200/93 472/200/93 471/202/93 171/202/93
f 290/85/15 590/85/15 589/84/15 289/84/15
f 253/11/92 553/11/92 552/269/92 252/269/92
f 35/279/91 335/279/91 334/163/91 34/163/91
f 180/181/90 480/181/90 479/182/90 179/182/90
f 136/99/89 436/99/89 435/100/89 135/100/89
f 188/161/394 488/161/394 487/174/394 187/174/394
f 298/115/15 598/115/15 597/112/15 297/112/15
f 6/194/15 306/194/15 305/192/15 5/192/15
f 196/177/395 496/177/395 495/133/395 195/133/395
f 152/231/86 452/231/86 451/159/86 151/159/86
f 263/30/85 563/30/85 562/31/85 262/31/85
f 204/125/396 504/125/396 503/123/396 203/123/396
f 1/186/15 301/186/15 600/185/15 300/185/15
f 160/222/259 460/222/259 459/189/259 159/189/259
f 212/152/397 512/152/397 511/149/397 211/149/397
f 141/15/81 441/15/81 440/265/81 140/265/81
f 744/259/398 1044/259/398 1043/262/398 743/262/398
f 720/240/100 1020/240/100 1019/153/100 719/153/100
f 691/277/399 991/277/399 990/237/399 690/237/399
f 764/214/399 1064/214/399 1063/216/399 763/216/399
f 829/9/400 1129/9/400 1128/118/400 828/118/400
f 663/290/401 963/290/401 962/111/401 662/111/401
f 709/172/402 1009/172/402 1008/285/402 708/285/402
f 683/66/403 983/66/403 982/242/403 682/242/403
f 712/258/404 1012/258/404 1011/257/404 711/257/404
f 675/20/405 975/20/405 974/21/405 674/21/405
f 704/271/406 1004/271/406 1003/256/406 703/256/406
f 667/97/407 967/97/407 966/103/407 666/103/407
f 696/170/408 996/170/408 995/273/408 695/273/408
f 821/3/409 1121/3/409 1120/145/409 820/145/409
f 688/218/410 988/218/410 987/223/410 687/223/410
f 659/247/411 959/247/411 958/286/411 658/286/411
f 647/166/412 947/166/412 946/297/412 646/297/412
f 680/283/413 980/283/413 979/284/413 679/284/413
f 651/254/414 951/254/414 950/246/414 650/246/414
f 849/45/415 1149/45/415 1148/48/415 848/48/415
f 813/151/416 1113/151/416 1112/152/416 812/152/416
f 672/219/417 972/219/417 971/13/417 671/13/417
f 640/5/418 940/5/418 939/6/418 639/6/418
f 805/126/419 1105/126/419 1104/125/419 804/125/419
f 601/186/420 901/186/420 1200/185/420 900/185/420
f 841/12/421 1141/12/421 1140/34/421 840/34/421
f 872/248/422 1172/248/422 1171/62/422 871/62/422
f 833/93/423 1133/93/423 1132/124/423 832/124/423
f 789/160/424 1089/160/424 1088/161/424 788/161/424
f 639/6/425 939/6/425 938/120/425 638/120/425
f 898/115/420 1198/115/420 1197/112/420 897/112/420
f 655/294/426 955/294/426 954/300/426 654/300/426
f 740/265/427 1040/265/427 1039/238/427 739/238/427
f 781/180/428 1081/180/428 1080/181/428 780/181/428
f 732/274/429 1032/274/429 1031/27/429 731/27/429
f 631/296/430 931/296/430 930/137/430 630/137/430
f 664/291/431 964/291/431 963/290/431 663/290/431
f 635/279/432 935/279/432 934/163/432 634/163/432
f 825/1/433 1125/1/433 1124/2/433 824/2/433
f 773/198/434 1073/198/434 1072/200/434 772/200/434
f 886/81/435 1186/81/435 1185/80/435 885/80/435
f 665/104/436 965/104/436 964/291/436 664/291/436
f 890/85/420 1190/85/420 1189/84/420 889/84/420
f 623/102/420 923/102/420 922/95/420 622/95/420
f 656/251/437 956/251/437 955/294/437 655/294/437
f 627/295/438 927/295/438 926/298/438 626/298/438
f 716/234/439 1016/234/439 1015/154/439 715/154/439
f 878/17/440 1178/17/440 1177/35/440 877/35/440
f 882/22/441 1182/22/441 1181/23/441 881/23/441
f 817/119/442 1117/119/442 1116/7/442 816/7/442
f 708/285/443 1008/285/443 1007/278/443 707/278/443
f 765/212/444 1065/212/444 1064/214/444 764/214/444
f 615/213/420 915/213/420 914/211/420 614/211/420
f 809/183/445 1109/183/445 1108/135/445 808/135/445
f 700/173/446 1000/173/446 999/57/446 699/57/446
f 870/54/447 1170/54/447 1169/50/447 869/50/447
f 619/158/420 919/158/420 918/190/420 618/190/420
f 735/100/448 1035/100/448 1034/171/448 734/171/448
f 692/98/449 992/98/449 991/277/449 691/277/449
f 757/225/450 1057/225/450 1056/226/450 756/226/450
f 648/88/451 948/88/451 947/166/451 647/166/451
f 874/53/452 1174/53/452 1173/61/452 873/61/452
f 801/94/453 1101/94/453 1100/90/453 800/90/453
f 693/275/449 993/275/449 992/98/449 692/98/449
f 607/195/420 907/195/420 906/194/420 606/194/420
f 793/113/454 1093/113/454 1092/114/454 792/114/454
f 684/19/455 984/19/455 983/66/455 683/66/455
f 749/233/456 1049/233/456 1048/245/456 748/245/456
f 862/31/457 1162/31/457 1161/68/457 861/68/457
f 785/176/458 1085/176/458 1084/116/458 784/116/458
f 745/109/459 1045/109/459 1044/259/459 744/259/459
f 641/106/460 941/106/460 940/5/460 640/5/460
f 897/112/420 1197/112/420 1196/131/420 896/131/420
f 611/203/420 911/203/420 910/201/420 610/201/420
f 676/67/461 976/67/461 975/20/461 675/20/461
f 854/10/462 1154/10/462 1153/11/462 853/11/462
f 866/46/463 1166/46/463 1165/18/463 865/18/463
f 777/144/464 1077/144/464 1076/188/464 776/188/464
f 668/96/465 968/96/465 967/97/465 667/97/465
f 603/143/420 903/143/420 902/187/420 602/187/420
f 660/87/466 960/87/466 959/247/466 659/247/466
f 858/37/467 1158/37/467 1157/55/467 857/55/467
f 846/47/468 1146/47/468 1145/43/468 845/43/468
f 762/217/469 1062/217/469 1061/221/469 761/221/469
f 769/206/470 1069/206/470 1068/207/470 768/207/470
f 679/284/471 979/284/471 978/281/471 678/281/471
f 778/184/472 1078/184/472 1077/144/472 777/144/472
f 652/250/473 952/250/473 951/254/473 651/254/473
f 838/39/423 1138/39/423 1137/65/423 837/65/423
f 850/77/474 1150/77/474 1149/45/474 849/45/474
f 830/107/475 1130/107/475 1129/9/475 829/9/475
f 761/221/476 1061/221/476 1060/222/476 760/222/476
f 797/148/477 1097/148/477 1096/177/477 796/177/477
f 753/230/478 1053/230/478 1052/231/478 752/231/478
f 733/276/479 1033/276/479 1032/274/479 732/274/479
f 842/266/480 1142/266/480 1141/12/480 841/12/480
f 889/84/481 1189/84/481 1188/83/481 888/83/481
f 725/156/482 1025/156/482 1024/56/482 724/56/482
f 822/264/483 1122/264/483 1121/3/483 821/3/483
f 834/92/484 1134/92/484 1133/93/484 833/93/484
f 729/272/485 1029/272/485 1028/168/485 728/168/485
f 644/241/425 944/241/425 943/110/425 643/110/425
f 868/51/486 1168/51/486 1167/59/486 867/59/486
f 893/32/420 1193/32/420 1192/73/420 892/73/420
f 814/101/487 1114/101/487 1113/151/487 813/151/487
f 632/136/488 932/136/488 931/296/488 631/296/488
f 636/299/489 936/299/489 935/279/489 635/279/489
f 717/236/490 1017/236/490 1016/234/490 716/234/490
f 806/127/491 1106/127/491 1105/126/491 805/126/491
f 737/293/492 1037/293/492 1036/99/492 736/99/492
f 885/80/493 1185/80/493 1184/79/493 884/79/493
f 826/139/494 1126/139/494 1125/1/494 825/1/494
f 798/147/495 1098/147/495 1097/148/495 797/148/495
f 628/165/496 928/165/496 927/295/496 627/295/496
f 790/270/497 1090/270/497 1089/160/497 789/160/497
f 877/35/498 1177/35/498 1176/60/498 876/60/498
f 782/227/499 1082/227/499 1081/180/499 781/180/499
f 818/244/500 1118/244/500 1117/119/500 817/119/500
f 670/287/501 970/287/501 969/288/501 669/288/501
f 620/157/420 920/157/420 919/158/420 619/158/420
f 873/61/502 1173/61/502 1172/248/502 872/248/502
f 721/41/503 1021/41/503 1020/240/503 720/240/503
f 616/215/420 916/215/420 915/213/420 615/213/420
f 810/150/504 1110/150/504 1109/183/504 809/183/504
f 713/261/505 1013/261/505 1012/258/505 712/258/505
f 774/196/506 1074/196/506 1073/198/506 773/198/506
f 802/130/507 1102/130/507 1101/94/507 801/94/507
f 705/167/508 1005/167/508 1004/271/508 704/271/508
f 794/132/509 1094/132/509 1093/113/509 793/113/509
f 697/122/510 997/122/510 996/170/510 696/170/510
f 786/175/511 1086/175/511 1085/176/511 785/176/511
f 689/220/512 989/220/512 988/218/512 688/218/512
f 681/282/513 981/282/513 980/283/513 680/283/513
f 758/224/470 1058/224/470 1057/225/470 757/225/470
f 865/18/514 1165/18/514 1164/72/514 864/72/514
f 673/268/515 973/268/515 972/219/515 672/219/515
f 750/232/516 1050/232/516 1049/233/516 749/233/516
f 608/197/420 908/197/420 907/195/420 607/195/420
f 742/14/517 1042/14/517 1041/15/517 741/15/517
f 857/55/518 1157/55/518 1156/36/518 856/36/518
f 855/33/519 1155/33/519 1154/10/519 854/10/519
f 770/204/1 1070/204/1 1069/206/1 769/206/1
f 847/52/520 1147/52/520 1146/47/520 846/47/520
f 839/38/521 1139/38/521 1138/39/521 838/39/521
f 831/128/449 1131/128/449 1130/107/449 830/107/449
f 657/255/522 957/255/522 956/251/522 656/251/522
f 734/171/523 1034/171/523 1033/276/523 733/276/523
f 754/229/524 1054/229/524 1053/230/524 753/230/524
f 685/267/525 985/267/525 984/19/525 684/19/525
f 726/260/526 1026/260/526 1025/156/526 725/156/526
f 746/178/527 1046/178/527 1045/109/527 745/109/527
f 677/243/528 977/243/528 976/67/528 676/67/528
f 738/239/529 1038/239/529 1037/293/529 737/293/529
f 649/162/530 949/162/530 948/88/530 648/88/530
f 669/288/531 969/288/531 968/96/531 668/96/531
f 730/28/532 1030/28/532 1029/272/532 729/272/532
f 605/192/420 905/192/420 904/142/420 604/142/420
f 661/89/533 961/89/533 960/87/533 660/87/533
f 718/235/534 1018/235/534 1017/236/534 717/236/534
f 815/8/535 1115/8/535 1114/101/535 814/101/535
f 710/42/536 1010/42/536 1009/172/536 709/172/536
f 807/134/537 1107/134/537 1106/127/537 806/127/537
f 881/23/538 1181/23/538 1180/71/538 880/71/538
f 642/105/539 942/105/539 941/106/539 641/106/539
f 701/26/540 1001/26/540 1000/173/540 700/173/540
f 799/91/541 1099/91/541 1098/147/541 798/147/541
f 860/63/542 1160/63/542 1159/64/542 859/64/542
f 869/50/543 1169/50/543 1168/51/543 868/51/543
f 653/249/544 953/249/544 952/250/544 652/250/544
f 702/25/545 1002/25/545 1001/26/545 701/26/545
f 791/129/546 1091/129/546 1090/270/546 790/270/546
f 827/141/547 1127/141/547 1126/139/547 826/139/547
f 896/131/420 1196/131/420 1195/146/420 895/146/420
f 612/205/420 912/205/420 911/203/420 611/203/420
f 645/292/548 945/292/548 944/241/548 644/241/548
f 766/210/476 1066/210/476 1065/212/476 765/212/476
f 783/117/549 1083/117/549 1082/227/549 782/227/549
f 722/40/550 1022/40/550 1021/41/550 721/41/550
f 624/289/420 924/289/420 923/102/420 623/102/420
f 861/68/551 1161/68/551 1160/63/551 860/63/551
f 900/185/420 1200/185/420 1199/179/420 899/179/420
f 694/29/476 994/29/476 993/275/476 693/275/476
f 714/155/552 1014/155/552 1013/261/552 713/261/552
f 604/142/420 904/142/420 903/143/420 603/143/420
f 706/253/553 1006/253/553 1005/167/553 705/167/553
f 767/209/554 1067/209/554 1066/210/554 766/210/554
f 698/58/555 998/58/555 997/122/555 697/122/555
f 633/138/556 933/138/556 932/136/556 632/136/556
f 690/237/484 990/237/484 989/220/484 689/220/484
f 888/83/557 1188/83/557 1187/82/557 887/82/557
f 851/76/558 1151/76/558 1150/77/558 850/77/558
f 682/242/559 982/242/559 981/282/559 681/282/559
f 643/110/560 943/110/560 942/105/560 642/105/560
f 843/75/561 1143/75/561 1142/266/561 842/266/561
f 771/202/562 1071/202/562 1070/204/562 770/204/562
f 674/21/563 974/21/563 973/268/563 673/268/563
f 625/4/420 925/4/420 924/289/420 624/289/420
f 835/70/564 1135/70/564 1134/92/564 834/92/564
f 637/121/565 937/121/565 936/299/565 636/299/565
f 759/189/566 1059/189/566 1058/224/566 758/224/566
f 666/103/567 966/103/567 965/104/567 665/104/567
f 880/71/568 1180/71/568 1179/16/568 879/16/568
f 892/73/420 1192/73/420 1191/86/420 891/86/420
f 751/159/569 1051/159/569 1050/232/569 750/232/569
f 617/191/420 917/191/420 916/215/420 616/215/420
f 629/164/570 929/164/570 928/165/570 628/165/570
f 686/280/571 986/280/571 985/267/571 685/267/571
f 743/262/572 1043/262/572 1042/14/572 742/14/572
f 884/79/573 1184/79/573 1183/78/573 883/78/573
f 678/281/574 978/281/574 977/243/574 677/243/574
f 828/118/575 1128/118/575 1127/141/575 827/141/575
f 621/108/420 921/108/420 920/157/420 620/157/420
f 823/263/576 1123/263/576 1122/264/576 822/264/576
f 819/140/577 1119/140/577 1118/244/577 818/244/577
f 876/60/578 1176/60/578 1175/49/578 875/49/578
f 662/111/579 962/111/579 961/89/579 661/89/579
f 724/56/580 1024/56/580 1023/24/580 723/24/580
f 609/199/420 909/199/420 908/197/420 608/197/420
f 775/193/581 1075/193/581 1074/196/581 774/196/581
f 658/286/582 958/286/582 957/255/582 657/255/582
f 864/72/583 1164/72/583 1163/30/583 863/30/583
f 811/149/584 1111/149/584 1110/150/584 810/150/584
f 856/36/519 1156/36/519 1155/33/519 855/33/519
f 803/123/585 1103/123/585 1102/130/585 802/130/585
f 613/208/420 913/208/420 912/205/420 612/205/420
f 654/300/586 954/300/586 953/249/586 653/249/586
f 848/48/587 1148/48/587 1147/52/587 847/52/587
f 727/169/588 1027/169/588 1026/260/588 726/260/588
f 840/34/589 1140/34/589 1139/38/589 839/38/589
f 795/133/590 1095/133/590 1094/132/590 794/132/590
f 646/297/591 946/297/591 945/292/591 645/292/591
f 650/246/592 950/246/592 949/162/592 649/162/592
f 832/124/593 1132/124/593 1131/128/593 831/128/593
f 671/13/594 971/13/594 970/287/594 670/287/594
f 787/174/595 1087/174/595 1086/175/595 786/175/595
f 719/153/596 1019/153/596 1018/235/596 718/235/596
f 824/2/597 1124/2/597 1123/263/597 823/263/597
f 899/179/420 1199/179/420 1198/115/420 898/115/420
f 779/182/598 1079/182/598 1078/184/598 778/184/598
f 895/146/420 1195/146/420 1194/74/420 894/74/420
f 711/257/599 1011/257/599 1010/42/599 710/42/599
f 816/7/600 1116/7/600 1115/8/600 815/8/600
f 638/120/548 938/120/548 937/121/548 637/121/548
f 703/256/601 1003/256/601 1002/25/601 702/25/601
f 808/135/602 1108/135/602 1107/134/602 807/134/602
f 695/273/603 995/273/603 994/29/603 694/29/603
f 891/86/420 1191/86/420 1190/85/420 890/85/420
f 800/90/604 1100/90/604 1099/91/604 799/91/604
f 852/269/605 1152/269/605 1151/76/605 851/76/605
f 687/223/606 987/223/606 986/280/606 686/280/606
f 634/163/607 934/163/607 933/138/607 633/138/607
f 792/114/608 1092/114/608 1091/129/608 791/129/608
f 763/216/399 1063/216/399 1062/217/399 762/217/399
f 844/44/609 1144/44/609 1143/75/609 843/75/609
f 887/82/610 1187/82/610 1186/81/610 886/81/610
f 883/78/611 1183/78/611 1182/22/611 882/22/611
f 784/116/612 1084/116/612 1083/117/612 783/117/612
f 836/69/564 1136/69/564 1135/70/564 835/70/564
f 630/137/613 930/137/613 929/164/613 629/164/613
f 626/298/614 926/298/614 925/4/614 625/4/614
f 776/188/615 1076/188/615 1075/193/615 775/193/615
f 879/16/616 1179/16/616 1178/17/616 878/17/616
f 894/74/420 1194/74/420 1193/32/420 893/32/420
f 622/95/420 922/95/420 921/108/420 621/108/420
f 875/49/617 1175/49/617 1174/53/617 874/53/617
f 618/190/420 918/190/420 917/191/420 617/191/420
f 768/207/566 1068/207/566 1067/209/566 767/209/566
f 755/228/618 1055/228/618 1054/229/618 754/229/618
f 747/252/619 1047/252/619 1046/178/619 746/178/619
f 871/62/620 1171/62/620 1170/54/620 870/54/620
f 739/238/621 1039/238/621 1038/239/621 738/239/621
f 820/145/622 1120/145/622 1119/140/622 819/140/622
f 614/211/420 914/211/420 913/208/420 613/208/420
f 867/59/623 1167/59/623 1166/46/623 866/46/623
f 741/15/624 1041/15/624 1040/265/624 740/265/624
f 731/27/625 1031/27/625 1030/28/625 730/28/625
f 812/152/626 1112/152/626 1111/149/626 811/149/626
f 610/201/420 910/201/420 909/199/420 609/199/420
f 760/222/554 1060/222/554 1059/189/554 759/189/554
f 804/125/627 1104/125/627 1103/123/627 803/123/627
f 863/30/628 1163/30/628 1162/31/628 862/31/628
f 859/64/629 1159/64/629 1158/37/629 858/37/629
f 752/231/630 1052/231/630 1051/159/630 751/159/630
f 796/177/631 1096/177/631 1095/133/631 795/133/631
f 606/194/420 906/194/420 905/192/420 605/192/420
f 602/187/420 902/187/420 901/186/420 601/186/420
f 788/161/632 1088/161/632 1087/174/632 787/174/632
f 736/99/633 1036/99/633 1035/100/633 735/100/633
f 723/24/634 1023/24/634 1022/40/634 722/40/634
f 780/181/635 1080/181/635 1079/182/635 779/182/635
f 748/245/636 1048/245/636 1047/252/636 747/252/636
f 756/226/637 1056/226/637 1055/228/637 755/228/637
f 853/11/638 1153/11/638 1152/269/638 852/269/638
f 715/154/639 1015/154/639 1014/155/639 714/155/639
f 772/200/640 1072/200/640 1071/202/640 771/202/640
f 845/43/641 1145/43/641 1144/44/641 844/44/641
f 707/278/642 1007/278/642 1006/253/642 706/253/642
f 837/65/484 1137/65/484 1136/69/484 836/69/484
f 343/110/116 643/110/116 642/105/116 342/105/116
f 588/83/643 888/83/643 887/82/643 587/82/643
f 925/4/420 1225/4/420 1224/289/420 924/289/420
f 937/121/565 1237/121/565 1236/299/565 936/299/565
f 1059/189/566 1359/189/566 1358/224/566 1058/224/566
f 934/163/607 1234/163/607 1233/138/607 933/138/607
f 1180/71/568 1480/71/568 1479/16/568 1179/16/568
f 1063/216/399 1363/216/399 1362/217/399 1062/217/399
f 1192/73/420 1492/73/420 1491/86/420 1191/86/420
f 1051/159/569 1351/159/569 1350/232/569 1050/232/569
f 1183/78/611 1483/78/611 1482/22/611 1182/22/611
f 917/191/420 1217/191/420 1216/215/420 916/215/420
f 929/164/570 1229/164/570 1228/165/570 928/165/570
f 986/280/571 1286/280/571 1285/267/571 985/267/571
f 1043/262/572 1343/262/572 1342/14/572 1042/14/572
f 926/298/614 1226/298/614 1225/4/614 925/4/614
f 1184/79/573 1484/79/573 1483/78/573 1183/78/573
f 978/281/574 1278/281/574 1277/243/574 977/243/574
f 1128/118/575 1428/118/575 1427/141/575 1127/141/575
f 921/108/420 1221/108/420 1220/157/420 920/157/420
f 1123/263/576 1423/263/576 1422/264/576 1122/264/576
f 1175/49/617 1475/49/617 1474/53/617 1174/53/617
f 1176/60/578 1476/60/578 1475/49/578 1175/49/578
f 962/111/579 1262/111/579 1261/89/579 961/89/579
f 918/190/420 1218/190/420 1217/191/420 917/191/420
f 909/199/420 1209/199/420 1208/197/420 908/197/420
f 1055/228/618 1355/228/618 1354/229/618 1054/229/618
f 1164/72/583 1464/72/583 1463/30/583 1163/30/583
f 1047/252/619 1347/252/619 1346/178/619 1046/178/619
f 1156/36/519 1456/36/519 1455/33/519 1155/33/519
f 1039/238/644 1339/238/644 1338/239/644 1038/239/644
f 913/208/420 1213/208/420 1212/205/420 912/205/420
f 954/300/586 1254/300/586 1253/249/586 953/249/586
f 1167/59/623 1467/59/623 1466/46/623 1166/46/623
f 1148/48/587 1448/48/587 1447/52/587 1147/52/587
f 1031/27/625 1331/27/625 1330/28/625 1030/28/625
f 1027/169/588 1327/169/588 1326/260/588 1026/260/588
f 910/201/420 1210/201/420 1209/199/420 909/199/420
f 1140/34/589 1440/34/589 1439/38/589 1139/38/589
f 946/297/591 1246/297/591 1245/292/591 945/292/591
f 1159/64/629 1459/64/629 1458/37/629 1158/37/629
f 1132/124/593 1432/124/593 1431/128/593 1131/128/593
f 902/187/420 1202/187/420 1201/186/420 901/186/420
f 1019/153/596 1319/153/596 1318/235/596 1018/235/596
f 1124/2/597 1424/2/597 1423/263/597 1123/263/597
f 1023/24/634 1323/24/634 1322/40/634 1022/40/634
f 1048/245/636 1348/245/636 1347/252/636 1047/252/636
f 1195/146/420 1495/146/420 1494/74/420 1194/74/420
f 1011/257/599 1311/257/599 1310/42/599 1010/42/599
f 1116/7/645 1416/7/645 1415/8/645 1115/8/645
f 1056/226/637 1356/226/637 1355/228/637 1055/228/637
f 938/120/548 1238/120/548 1237/121/548 937/121/548
f 1003/256/601 1303/256/601 1302/25/601 1002/25/601
f 1108/135/646 1408/135/646 1407/134/646 1107/134/646
f 1015/154/639 1315/154/639 1314/155/639 1014/155/639
f 995/273/603 1295/273/603 1294/29/603 994/29/603
f 1100/90/604 1400/90/604 1399/91/604 1099/91/604
f 1007/278/642 1307/278/642 1306/253/642 1006/253/642
f 1152/269/605 1452/269/605 1451/76/605 1151/76/605
f 987/223/606 1287/223/606 1286/280/606 986/280/606
f 1092/114/608 1392/114/608 1391/129/608 1091/129/608
f 999/57/647 1299/57/647 1298/58/647 998/58/647
f 1144/44/609 1444/44/609 1443/75/609 1143/75/609
f 1187/82/610 1487/82/610 1486/81/610 1186/81/610
f 1084/116/612 1384/116/612 1383/117/612 1083/117/612
f 991/277/399 1291/277/399 1290/237/399 990/237/399
f 1136/69/564 1436/69/564 1435/70/564 1135/70/564
f 930/137/613 1230/137/613 1229/164/613 929/164/613
f 1076/188/615 1376/188/615 1375/193/615 1075/193/615
f 983/66/403 1283/66/403 1282/242/403 982/242/403
f 1179/16/616 1479/16/616 1478/17/616 1178/17/616
f 975/20/405 1275/20/405 1274/21/405 974/21/405
f 1194/74/420 1494/74/420 1493/32/420 1193/32/420
f 922/95/420 1222/95/420 1221/108/420 921/108/420
f 967/97/407 1267/97/407 1266/103/407 966/103/407
f 1068/207/566 1368/207/566 1367/209/566 1067/209/566
f 959/247/411 1259/247/411 1258/286/411 958/286/411
f 1171/62/648 1471/62/648 1470/54/648 1170/54/648
f 951/254/649 1251/254/649 1250/246/649 950/246/649
f 1120/145/622 1420/145/622 1419/140/622 1119/140/622
f 914/211/420 1214/211/420 1213/208/420 913/208/420
f 1041/15/624 1341/15/624 1340/265/624 1040/265/624
f 1112/152/626 1412/152/626 1411/149/626 1111/149/626
f 1060/222/554 1360/222/554 1359/189/554 1059/189/554
f 901/186/420 1201/186/420 1500/185/420 1200/185/420
f 1104/125/627 1404/125/627 1403/123/627 1103/123/627
f 1163/30/628 1463/30/628 1462/31/628 1162/31/628
f 1052/231/630 1352/231/630 1351/159/630 1051/159/630
f 1096/177/631 1396/177/631 1395/133/631 1095/133/631
f 906/194/420 1206/194/420 1205/192/420 905/192/420
f 1198/115/420 1498/115/420 1497/112/420 1197/112/420
f 1088/161/632 1388/161/632 1387/174/632 1087/174/632
f 1036/99/650 1336/99/650 1335/100/650 1035/100/650
f 1080/181/635 1380/181/635 1379/182/635 1079/182/635
f 935/279/432 1235/279/432 1234/163/432 934/163/432
f 1153/11/651 1453/11/651 1452/269/651 1152/269/651
f 1190/85/420 1490/85/420 1489/84/420 1189/84/420
f 1072/200/640 1372/200/640 1371/202/640 1071/202/640
f 1145/43/652 1445/43/652 1444/44/652 1144/44/652
f 927/295/438 1227/295/438 1226/298/438 926/298/438
f 1137/65/484 1437/65/484 1436/69/484 1136/69/484
f 1028/168/653 1328/168/653 1327/169/653 1027/169/653
f 1182/22/441 1482/22/441 1481/23/441 1181/23/441
f 1044/259/654 1344/259/654 1343/262/654 1043/262/654
f 1020/240/100 1320/240/100 1319/153/100 1019/153/100
f 1064/214/399 1364/214/399 1363/216/399 1063/216/399
f 1129/9/400 1429/9/400 1428/118/400 1128/118/400
f 963/290/401 1263/290/401 1262/111/401 962/111/401
f 1009/172/402 1309/172/402 1308/285/402 1008/285/402
f 1012/258/404 1312/258/404 1311/257/404 1011/257/404
f 919/158/420 1219/158/420 1218/190/420 918/190/420
f 1004/271/406 1304/271/406 1303/256/406 1003/256/406
f 1174/53/452 1474/53/452 1473/61/452 1173/61/452
f 996/170/408 1296/170/408 1295/273/408 995/273/408
f 1121/3/409 1421/3/409 1420/145/409 1120/145/409
f 988/218/410 1288/218/410 1287/223/410 987/223/410
f 947/166/412 1247/166/412 1246/297/412 946/297/412
f 980/283/413 1280/283/413 1279/284/413 979/284/413
f 911/203/420 1211/203/420 1210/201/420 910/201/420
f 1149/45/655 1449/45/655 1448/48/655 1148/48/655
f 1113/151/416 1413/151/416 1412/152/416 1112/152/416
f 972/219/417 1272/219/417 1271/13/417 971/13/417
f 1166/46/463 1466/46/463 1465/18/463 1165/18/463
f 940/5/560 1240/5/560 1239/6/560 939/6/560
f 1105/126/419 1405/126/419 1404/125/419 1104/125/419
f 903/143/420 1203/143/420 1202/187/420 902/187/420
f 1141/12/421 1441/12/421 1440/34/421 1140/34/421
f 1172/248/422 1472/248/422 1471/62/422 1171/62/422
f 1158/37/467 1458/37/467 1457/55/467 1157/55/467
f 1133/93/423 1433/93/423 1432/124/423 1132/124/423
f 1089/160/656 1389/160/656 1388/161/656 1088/161/656
f 939/6/425 1239/6/425 1238/120/425 938/120/425
f 1062/217/469 1362/217/469 1361/221/469 1061/221/469
f 955/294/426 1255/294/426 1254/300/426 954/300/426
f 1078/184/472 1378/184/472 1377/144/472 1077/144/472
f 1040/265/427 1340/265/427 1339/238/427 1039/238/427
f 1081/180/428 1381/180/428 1380/181/428 1080/181/428
f 1150/77/474 1450/77/474 1449/45/474 1149/45/474
f 1032/274/657 1332/274/657 1331/27/657 1031/27/657
f 931/296/430 1231/296/430 1230/137/430 930/137/430
f 964/291/431 1264/291/431 1263/290/431 963/290/431
f 1125/1/433 1425/1/433 1424/2/433 1124/2/433
f 1073/198/434 1373/198/434 1372/200/434 1072/200/434
f 1186/81/435 1486/81/435 1485/80/435 1185/80/435
f 965/104/436 1265/104/436 1264/291/436 964/291/436
f 1097/148/477 1397/148/477 1396/177/477 1096/177/477
f 923/102/420 1223/102/420 1222/95/420 922/95/420
f 956/251/437 1256/251/437 1255/294/437 955/294/437
f 1142/266/480 1442/266/480 1441/12/480 1141/12/480
f 1016/234/439 1316/234/439 1315/154/439 1015/154/439
f 1178/17/440 1478/17/440 1477/35/440 1177/35/440
f 1134/92/484 1434/92/484 1433/93/484 1133/93/484
f 1117/119/442 1417/119/442 1416/7/442 1116/7/442
f 1008/285/443 1308/285/443 1307/278/443 1007/278/443
f 1065/212/444 1365/212/444 1364/214/444 1064/214/444
f 915/213/420 1215/213/420 1214/211/420 914/211/420
f 1109/183/445 1409/183/445 1408/135/445 1108/135/445
f 1000/173/446 1300/173/446 1299/57/446 999/57/446
f 1170/54/447 1470/54/447 1469/50/447 1169/50/447
f 1035/100/448 1335/100/448 1334/171/448 1034/171/448
f 992/98/449 1292/98/449 1291/277/449 991/277/449
f 1057/225/450 1357/225/450 1356/226/450 1056/226/450
f 948/88/451 1248/88/451 1247/166/451 947/166/451
f 1101/94/453 1401/94/453 1400/90/453 1100/90/453
f 993/275/449 1293/275/449 1292/98/449 992/98/449
f 907/195/420 1207/195/420 1206/194/420 906/194/420
f 1093/113/454 1393/113/454 1392/114/454 1092/114/454
f 984/19/455 1284/19/455 1283/66/455 983/66/455
f 1049/233/456 1349/233/456 1348/245/456 1048/245/456
f 1162/31/457 1462/31/457 1461/68/457 1161/68/457
f 1118/244/500 1418/244/500 1417/119/500 1117/119/500
f 1085/176/458 1385/176/458 1384/116/458 1084/116/458
f 1045/109/459 1345/109/459 1344/259/459 1044/259/459
f 941/106/460 1241/106/460 1240/5/460 940/5/460
f 1197/112/420 1497/112/420 1496/131/420 1196/131/420
f 976/67/461 1276/67/461 1275/20/461 975/20/461
f 1154/10/462 1454/10/462 1453/11/462 1153/11/462
f 1110/150/504 1410/150/504 1409/183/504 1109/183/504
f 1077/144/464 1377/144/464 1376/188/464 1076/188/464
f 968/96/465 1268/96/465 1267/97/465 967/97/465
f 1102/130/507 1402/130/507 1401/94/507 1101/94/507
f 960/87/466 1260/87/466 1259/247/466 959/247/466
f 1094/132/509 1394/132/509 1393/113/509 1093/113/509
f 1146/47/468 1446/47/468 1445/43/468 1145/43/468
f 1086/175/511 1386/175/511 1385/176/511 1085/176/511
f 1069/206/470 1369/206/470 1368/207/470 1068/207/470
f 979/284/471 1279/284/471 1278/281/471 978/281/471
f 952/250/473 1252/250/473 1251/254/473 951/254/473
f 1138/39/423 1438/39/423 1437/65/423 1137/65/423
f 1130/107/475 1430/107/475 1429/9/475 1129/9/475
f 1061/221/476 1361/221/476 1360/222/476 1060/222/476
f 1053/230/478 1353/230/478 1352/231/478 1052/231/478
f 1033/276/479 1333/276/479 1332/274/479 1032/274/479
f 1070/204/1 1370/204/1 1369/206/1 1069/206/1
f 1189/84/481 1489/84/481 1488/83/481 1188/83/481
f 1025/156/482 1325/156/482 1324/56/482 1024/56/482
f 1122/264/483 1422/264/483 1421/3/483 1121/3/483
f 1029/272/485 1329/272/485 1328/168/485 1028/168/485
f 944/241/425 1244/241/425 1243/110/425 943/110/425
f 1168/51/486 1468/51/486 1467/59/486 1167/59/486
f 1193/32/420 1493/32/420 1492/73/420 1192/73/420
f 1114/101/487 1414/101/487 1413/151/487 1113/151/487
f 932/136/488 1232/136/488 1231/296/488 931/296/488
f 936/299/489 1236/299/489 1235/279/489 935/279/489
f 1017/236/658 1317/236/658 1316/234/658 1016/234/658
f 1106/127/491 1406/127/491 1405/126/491 1105/126/491
f 1037/293/492 1337/293/492 1336/99/492 1036/99/492
f 1185/80/493 1485/80/493 1484/79/493 1184/79/493
f 1126/139/494 1426/139/494 1425/1/494 1125/1/494
f 1098/147/495 1398/147/495 1397/148/495 1097/148/495
f 1054/229/524 1354/229/524 1353/230/524 1053/230/524
f 928/165/496 1228/165/496 1227/295/496 927/295/496
f 1090/270/497 1390/270/497 1389/160/497 1089/160/497
f 1046/178/527 1346/178/527 1345/109/527 1045/109/527
f 1177/35/498 1477/35/498 1476/60/498 1176/60/498
f 1082/227/499 1382/227/499 1381/180/499 1081/180/499
f 1038/239/529 1338/239/529 1337/293/529 1037/293/529
f 970/287/501 1270/287/501 1269/288/501 969/288/501
f 920/157/420 1220/157/420 1219/158/420 919/158/420
f 1173/61/502 1473/61/502 1472/248/502 1172/248/502
f 1030/28/532 1330/28/532 1329/272/532 1029/272/532
f 1021/41/503 1321/41/503 1320/240/503 1020/240/503
f 916/215/420 1216/215/420 1215/213/420 915/213/420
f 1013/261/505 1313/261/505 1312/258/505 1012/258/505
f 1074/196/506 1374/196/506 1373/198/506 1073/198/506
f 1005/167/508 1305/167/508 1304/271/508 1004/271/508
f 942/105/539 1242/105/539 1241/106/539 941/106/539
f 997/122/510 1297/122/510 1296/170/510 996/170/510
f 1169/50/543 1469/50/543 1468/51/543 1168/51/543
f 1127/141/547 1427/141/547 1426/139/547 1126/139/547
f 989/220/512 1289/220/512 1288/218/512 988/218/512
f 912/205/420 1212/205/420 1211/203/420 911/203/420
f 1022/40/550 1322/40/550 1321/41/550 1021/41/550
f 981/282/513 1281/282/513 1280/283/513 980/283/513
f 1161/68/551 1461/68/551 1460/63/551 1160/63/551
f 1058/224/470 1358/224/470 1357/225/470 1057/225/470
f 1165/18/514 1465/18/514 1464/72/514 1164/72/514
f 1014/155/552 1314/155/552 1313/261/552 1013/261/552
f 973/268/515 1273/268/515 1272/219/515 972/219/515
f 904/142/420 1204/142/420 1203/143/420 903/143/420
f 1050/232/516 1350/232/516 1349/233/516 1049/233/516
f 908/197/420 1208/197/420 1207/195/420 907/195/420
f 1006/253/553 1306/253/553 1305/167/553 1005/167/553
f 1042/14/517 1342/14/517 1341/15/517 1041/15/517
f 1157/55/518 1457/55/518 1456/36/518 1156/36/518
f 998/58/555 1298/58/555 1297/122/555 997/122/555
f 1155/33/519 1455/33/519 1454/10/519 1154/10/519
f 990/237/484 1290/237/484 1289/220/484 989/220/484
f 1151/76/659 1451/76/659 1450/77/659 1150/77/659
f 1147/52/520 1447/52/520 1446/47/520 1146/47/520
f 982/242/559 1282/242/559 1281/282/559 981/282/559
f 1143/75/561 1443/75/561 1442/266/561 1142/266/561
f 1139/38/521 1439/38/521 1438/39/521 1138/39/521
f 974/21/563 1274/21/563 1273/268/563 973/268/563
f 1135/70/564 1435/70/564 1434/92/564 1134/92/564
f 1131/128/449 1431/128/449 1430/107/449 1130/107/449
f 966/103/567 1266/103/567 1265/104/567 965/104/567
f 957/255/522 1257/255/522 1256/251/522 956/251/522
f 1034/171/523 1334/171/523 1333/276/523 1033/276/523
f 985/267/525 1285/267/525 1284/19/525 984/19/525
f 1026/260/526 1326/260/526 1325/156/526 1025/156/526
f 977/243/528 1277/243/528 1276/67/528 976/67/528
f 949/162/530 1249/162/530 1248/88/530 948/88/530
f 1119/140/577 1419/140/577 1418/244/577 1118/244/577
f 969/288/531 1269/288/531 1268/96/531 968/96/531
f 1024/56/660 1324/56/660 1323/24/660 1023/24/660
f 905/192/420 1205/192/420 1204/142/420 904/142/420
f 1075/193/581 1375/193/581 1374/196/581 1074/196/581
f 961/89/533 1261/89/533 1260/87/533 960/87/533
f 1018/235/534 1318/235/534 1317/236/534 1017/236/534
f 1115/8/535 1415/8/535 1414/101/535 1114/101/535
f 958/286/582 1258/286/582 1257/255/582 957/255/582
f 1111/149/584 1411/149/584 1410/150/584 1110/150/584
f 1010/42/536 1310/42/536 1309/172/536 1009/172/536
f 1107/134/537 1407/134/537 1406/127/537 1106/127/537
f 1181/23/538 1481/23/538 1480/71/538 1180/71/538
f 1103/123/585 1403/123/585 1402/130/585 1102/130/585
f 1001/26/540 1301/26/540 1300/173/540 1000/173/540
f 1099/91/541 1399/91/541 1398/147/541 1098/147/541
f 1160/63/542 1460/63/542 1459/64/542 1159/64/542
f 953/249/544 1253/249/544 1252/250/544 952/250/544
f 1002/25/545 1302/25/545 1301/26/545 1001/26/545
f 1091/129/546 1391/129/546 1390/270/546 1090/270/546
f 1196/131/420 1496/131/420 1495/146/420 1195/146/420
f 1095/133/590 1395/133/590 1394/132/590 1094/132/590
f 945/292/548 1245/292/548 1244/241/548 944/241/548
f 1066/210/476 1366/210/476 1365/212/476 1065/212/476
f 1083/117/549 1383/117/549 1382/227/549 1082/227/549
f 950/246/592 1250/246/592 1249/162/592 949/162/592
f 924/289/420 1224/289/420 1223/102/420 923/102/420
f 971/13/594 1271/13/594 1270/287/594 970/287/594
f 1200/185/420 1500/185/420 1499/179/420 1199/179/420
f 994/29/476 1294/29/476 1293/275/476 993/275/476
f 1087/174/595 1387/174/595 1386/175/595 1086/175/595
f 1067/209/554 1367/209/554 1366/210/554 1066/210/554
f 1199/179/420 1499/179/420 1498/115/420 1198/115/420
f 933/138/556 1233/138/556 1232/136/556 932/136/556
f 1079/182/598 1379/182/598 1378/184/598 1078/184/598
f 1188/83/557 1488/83/557 1487/82/557 1187/82/557
f 943/110/560 1243/110/560 1242/105/560 942/105/560
f 699/57/647 999/57/647 998/58/647 698/58/647
f 728/168/653 1028/168/653 1027/169/653 727/169/653
f 1425/1/17 1421/3/17 1424/2/17
f 1225/4/118 1239/6/118 1240/5/118
f 1416/7/177 1429/9/177 1415/8/177
f 1454/10/177 1441/12/177 1453/11/177
f 1271/13/661 1341/15/661 1342/14/661
f 1479/16/177 1465/18/177 1478/17/177
f 1284/19/177 1274/21/177 1275/20/177
f 1482/22/177 1465/18/177 1481/23/177
f 1323/24/76 1301/26/76 1302/25/76
f 1331/27/177 1294/29/177 1330/28/177
f 1463/30/177 1493/32/177 1462/31/177
f 1455/33/177 1440/34/177 1441/12/177
f 1478/17/177 1465/18/177 1477/35/177
f 1456/36/177 1440/34/177 1455/33/177
f 1458/37/177 1438/39/177 1439/38/177
f 1322/40/177 1310/42/177 1321/41/177
f 1445/43/177 1449/45/177 1444/44/177
f 1477/35/177 1465/18/177 1466/46/177
f 1446/47/662 1448/48/662 1445/43/662
f 1475/49/663 1468/51/663 1469/50/663
f 1447/52/177 1448/48/177 1446/47/177
f 1474/53/664 1469/50/664 1470/54/664
f 1457/55/93 1440/34/93 1456/36/93
f 1324/56/665 1298/58/665 1299/57/665
f 1467/59/666 1475/49/666 1476/60/666
f 1473/61/177 1470/54/177 1471/62/177
f 1460/63/177 1437/65/177 1459/64/177
f 1455/33/177 1441/12/177 1454/10/177
f 1473/61/177 1474/53/177 1470/54/177
f 1459/64/177 1438/39/177 1458/37/177
f 1474/53/177 1475/49/177 1469/50/177
f 1459/64/177 1437/65/177 1438/39/177
f 1468/51/177 1475/49/177 1467/59/177
f 1457/55/661 1439/38/661 1440/34/661
f 1283/66/164 1275/20/164 1276/67/164
f 1461/68/177 1435/70/177 1436/69/177
f 1480/71/177 1465/18/177 1479/16/177
f 1481/23/177 1465/18/177 1480/71/177
f 1464/72/177 1492/73/177 1463/30/177
f 1462/31/177 1494/74/177 1461/68/177
f 1443/75/667 1450/77/667 1451/76/667
f 1482/22/177 1483/78/177 1465/18/177
f 1483/78/177 1484/79/177 1465/18/177
f 1484/79/668 1485/80/668 1465/18/668
f 1485/80/177 1486/81/177 1465/18/177
f 1486/81/177 1487/82/177 1465/18/177
f 1487/82/177 1488/83/177 1465/18/177
f 1489/84/177 1464/72/177 1488/83/177
f 1489/84/177 1490/85/177 1464/72/177
f 1490/85/177 1491/86/177 1464/72/177
f 1460/63/661 1436/69/661 1437/65/661
f 1491/86/177 1492/73/177 1464/72/177
f 1458/37/93 1439/38/93 1457/55/93
f 1492/73/177 1493/32/177 1463/30/177
f 1461/68/14 1436/69/14 1460/63/14
f 1493/32/177 1494/74/177 1462/31/177
f 1260/87/177 1261/89/177 1248/88/177
f 1494/74/177 1435/70/177 1461/68/177
f 1400/90/203 1435/70/203 1399/91/203
f 1434/92/661 1435/70/661 1400/90/661
f 1433/93/177 1434/92/177 1401/94/177
f 1222/95/177 1267/97/177 1268/96/177
f 1292/98/348 1335/100/348 1336/99/348
f 1415/8/177 1429/9/177 1414/101/177
f 1223/102/177 1265/104/177 1266/103/177
f 1225/4/118 1241/106/118 1242/105/118
f 1429/9/177 1430/107/177 1414/101/177
f 1271/13/177 1345/109/177 1221/108/177
f 1243/110/14 1262/111/14 1225/4/14
f 1497/112/661 1392/114/661 1393/113/661
f 1498/115/669 1383/117/669 1384/116/669
f 1428/118/177 1429/9/177 1417/119/177
f 1225/4/661 1237/121/661 1238/120/661
f 1324/56/666 1297/122/666 1298/58/666
f 1403/123/177 1404/125/177 1432/124/177
f 1404/125/368 1405/126/368 1432/124/368
f 1406/127/177 1431/128/177 1405/126/177
f 1497/112/134 1391/129/134 1392/114/134
f 1402/130/177 1403/123/177 1433/93/177
f 1497/112/177 1394/132/177 1496/131/177
f 1496/131/177 1394/132/177 1395/133/177
f 1407/134/177 1408/135/177 1431/128/177
f 1232/136/670 1233/138/670 1230/137/670
f 1497/112/661 1393/113/661 1394/132/661
f 1426/139/177 1427/141/177 1419/140/177
f 1407/134/665 1431/128/665 1406/127/665
f 1204/142/177 1377/144/177 1203/143/177
f 1425/1/671 1426/139/671 1420/145/671
f 1495/146/171 1397/148/171 1398/147/171
f 1411/149/177 1430/107/177 1410/150/177
f 1414/101/177 1430/107/177 1413/151/177
f 1412/152/672 1430/107/672 1411/149/672
f 1225/4/118 1242/105/118 1243/110/118
f 1413/151/348 1430/107/348 1412/152/348
f 1319/153/673 1314/155/673 1315/154/673
f 1325/156/171 1297/122/171 1324/56/171
f 1220/157/177 1351/159/177 1219/158/177
f 1497/112/134 1388/161/134 1389/160/134
f 1465/18/177 1488/83/177 1464/72/177
f 1249/162/71 1260/87/71 1248/88/71
f 1234/163/674 1228/165/674 1229/164/674
f 1248/88/76 1261/89/76 1247/166/76
f 1323/24/177 1305/167/177 1322/40/177
f 1328/168/177 1296/170/177 1327/169/177
f 1401/94/177 1402/130/177 1433/93/177
f 1292/98/368 1334/171/368 1335/100/368
f 1322/40/203 1309/172/203 1310/42/203
f 1324/56/675 1300/173/675 1301/26/675
f 1417/119/177 1429/9/177 1416/7/177
f 1498/115/177 1387/174/177 1497/112/177
f 1386/175/177 1387/174/177 1498/115/177
f 1385/176/674 1386/175/674 1498/115/674
f 1385/176/177 1498/115/177 1384/116/177
f 1495/146/14 1398/147/14 1399/91/14
f 1496/131/675 1395/133/675 1396/177/675
f 1221/108/177 1346/178/177 1220/157/177
f 1499/179/177 1381/180/177 1498/115/177
f 1380/181/177 1381/180/177 1499/179/177
f 1380/181/177 1499/179/177 1379/182/177
f 1408/135/177 1409/183/177 1431/128/177
f 1378/184/177 1379/182/177 1500/185/177
f 1378/184/177 1500/185/177 1201/186/177
f 1377/144/177 1378/184/177 1201/186/177
f 1377/144/177 1201/186/177 1202/187/177
f 1377/144/177 1202/187/177 1203/143/177
f 1376/188/177 1377/144/177 1204/142/177
f 1359/189/177 1217/191/177 1218/190/177
f 1376/188/177 1204/142/177 1205/192/177
f 1375/193/661 1376/188/661 1205/192/661
f 1375/193/177 1205/192/177 1206/194/177
f 1375/193/177 1206/194/177 1207/195/177
f 1374/196/14 1375/193/14 1207/195/14
f 1374/196/177 1207/195/177 1208/197/177
f 1373/198/661 1374/196/661 1208/197/661
f 1373/198/177 1208/197/177 1209/199/177
f 1372/200/177 1373/198/177 1209/199/177
f 1372/200/177 1209/199/177 1210/201/177
f 1371/202/177 1372/200/177 1210/201/177
f 1371/202/177 1210/201/177 1211/203/177
f 1370/204/177 1371/202/177 1211/203/177
f 1370/204/177 1211/203/177 1212/205/177
f 1369/206/177 1370/204/177 1212/205/177
f 1368/207/93 1369/206/93 1212/205/93
f 1368/207/177 1212/205/177 1213/208/177
f 1367/209/675 1368/207/675 1213/208/675
f 1366/210/177 1367/209/177 1213/208/177
f 1366/210/177 1213/208/177 1214/211/177
f 1365/212/177 1366/210/177 1214/211/177
f 1365/212/177 1214/211/177 1215/213/177
f 1364/214/93 1365/212/93 1215/213/93
f 1364/214/177 1215/213/177 1216/215/177
f 1363/216/177 1364/214/177 1216/215/177
f 1363/216/675 1216/215/675 1362/217/675
f 1288/218/675 1289/220/675 1272/219/675
f 1361/221/177 1362/217/177 1217/191/177
f 1360/222/177 1361/221/177 1217/191/177
f 1360/222/177 1217/191/177 1359/189/177
f 1287/223/93 1288/218/93 1272/219/93
f 1358/224/177 1359/189/177 1218/190/177
f 1357/225/177 1358/224/177 1218/190/177
f 1357/225/177 1218/190/177 1356/226/177
f 1498/115/177 1381/180/177 1382/227/177
f 1355/228/665 1356/226/665 1219/158/665
f 1354/229/177 1355/228/177 1219/158/177
f 1353/230/177 1354/229/177 1219/158/177
f 1352/231/177 1353/230/177 1219/158/177
f 1351/159/118 1352/231/118 1219/158/118
f 1350/232/177 1351/159/177 1220/157/177
f 1349/233/177 1350/232/177 1220/157/177
f 1316/234/177 1318/235/177 1315/154/177
f 1317/236/177 1318/235/177 1316/234/177
f 1290/237/675 1338/239/675 1339/238/675
f 1320/240/177 1314/155/177 1319/153/177
f 1244/241/177 1261/89/177 1262/111/177
f 1282/242/664 1276/67/664 1277/243/664
f 1428/118/177 1418/244/177 1427/141/177
f 1497/112/177 1387/174/177 1388/161/177
f 1348/245/676 1349/233/676 1220/157/676
f 1250/246/177 1259/247/177 1249/162/177
f 1473/61/177 1471/62/177 1472/248/177
f 1253/249/177 1256/251/177 1252/250/177
f 1225/4/672 1240/5/672 1241/106/672
f 1417/119/177 1418/244/177 1428/118/177
f 1496/131/368 1396/177/368 1397/148/368
f 1347/252/177 1348/245/177 1220/157/177
f 1476/60/177 1466/46/177 1467/59/177
f 1225/4/93 1238/120/93 1239/6/93
f 1322/40/177 1305/167/177 1306/253/177
f 1477/35/76 1466/46/76 1476/60/76
f 1252/250/177 1257/255/177 1251/254/177
f 1346/178/177 1347/252/177 1220/157/177
f 1323/24/14 1302/25/14 1303/256/14
f 1444/44/203 1449/45/203 1450/77/203
f 1321/41/665 1310/42/665 1311/257/665
f 1345/109/171 1346/178/171 1221/108/171
f 1433/93/177 1403/123/177 1432/124/177
f 1321/41/666 1311/257/666 1312/258/666
f 1344/259/134 1345/109/134 1271/13/134
f 1326/260/93 1296/170/93 1297/122/93
f 1320/240/134 1313/261/134 1314/155/134
f 1343/262/669 1344/259/669 1271/13/669
f 1401/94/177 1434/92/177 1400/90/177
f 1424/2/177 1422/264/177 1423/263/177
f 1272/219/177 1289/220/177 1340/265/177
f 1451/76/677 1442/266/677 1443/75/677
f 1285/267/93 1273/268/93 1274/21/93
f 1453/11/177 1441/12/177 1452/269/177
f 1497/112/93 1390/270/93 1391/129/93
f 1321/41/177 1312/258/177 1320/240/177
f 1445/43/59 1448/48/59 1449/45/59
f 1452/269/177 1442/266/177 1451/76/177
f 1323/24/76 1304/271/76 1305/167/76
f 1327/169/177 1296/170/177 1326/260/177
f 1329/272/177 1295/273/177 1328/168/177
f 1332/274/177 1294/29/177 1331/27/177
f 1324/56/676 1301/26/676 1323/24/676
f 1293/275/661 1332/274/661 1333/276/661
f 1294/29/177 1332/274/177 1293/275/177
f 1292/98/177 1336/99/177 1291/277/177
f 1293/275/93 1334/171/93 1292/98/93
f 1322/40/76 1306/253/76 1307/278/76
f 1323/24/666 1303/256/666 1304/271/666
f 1452/269/669 1441/12/669 1442/266/669
f 1291/277/177 1338/239/177 1290/237/177
f 1256/251/177 1257/255/177 1252/250/177
f 1320/240/83 1312/258/83 1313/261/83
f 1498/115/676 1382/227/676 1383/117/676
f 1340/265/177 1290/237/177 1339/238/177
f 1340/265/93 1289/220/93 1290/237/93
f 1362/217/177 1216/215/177 1217/191/177
f 1496/131/177 1397/148/177 1495/146/177
f 1235/279/177 1228/165/177 1234/163/177
f 1497/112/675 1389/160/675 1390/270/675
f 1285/267/177 1274/21/177 1284/19/177
f 1356/226/177 1218/190/177 1219/158/177
f 1286/280/675 1272/219/675 1273/268/675
f 1284/19/177 1275/20/177 1283/66/177
f 1283/66/47 1276/67/47 1282/242/47
f 1278/281/678 1280/283/678 1281/282/678
f 1278/281/177 1281/282/177 1277/243/177
f 1279/284/177 1280/283/177 1278/281/177
f 1322/40/676 1307/278/676 1308/285/676
f 1251/254/177 1258/286/177 1250/246/177
f 1272/219/177 1341/15/177 1271/13/177
f 1287/223/177 1272/219/177 1286/280/177
f 1221/108/14 1269/288/14 1270/287/14
f 1420/145/677 1426/139/677 1419/140/677
f 1221/108/177 1270/287/177 1271/13/177
f 1343/262/134 1271/13/134 1342/14/134
f 1286/280/177 1273/268/177 1285/267/177
f 1222/95/177 1269/288/177 1221/108/177
f 1224/289/177 1262/111/177 1263/290/177
f 1379/182/177 1499/179/177 1500/185/177
f 1223/102/177 1267/97/177 1222/95/177
f 1267/97/177 1223/102/177 1266/103/177
f 1399/91/177 1435/70/177 1494/74/177
f 1224/289/177 1265/104/177 1223/102/177
f 1264/291/661 1265/104/661 1224/289/661
f 1264/291/14 1224/289/14 1263/290/14
f 1222/95/177 1268/96/177 1269/288/177
f 1225/4/177 1262/111/177 1224/289/177
f 1245/292/679 1261/89/679 1244/241/679
f 1233/138/667 1229/164/667 1230/137/667
f 1277/243/177 1281/282/177 1282/242/177
f 1334/171/177 1293/275/177 1333/276/177
f 1259/247/663 1260/87/663 1249/162/663
f 1419/140/177 1427/141/177 1418/244/177
f 1258/286/126 1259/247/126 1250/246/126
f 1244/241/674 1262/111/674 1243/110/674
f 1257/255/177 1258/286/177 1251/254/177
f 1291/277/177 1336/99/177 1337/293/177
f 1272/219/661 1340/265/661 1341/15/661
f 1255/294/177 1256/251/177 1253/249/177
f 1444/44/177 1450/77/177 1443/75/177
f 1421/3/177 1422/264/177 1424/2/177
f 1227/295/177 1228/165/177 1235/279/177
f 1324/56/177 1299/57/177 1300/173/177
f 1231/296/177 1232/136/177 1230/137/177
f 1431/128/177 1409/183/177 1430/107/177
f 1291/277/177 1337/293/177 1338/239/177
f 1233/138/373 1234/163/373 1229/164/373
f 1420/145/677 1421/3/677 1425/1/677
f 1399/91/177 1494/74/177 1495/146/177
f 1330/28/14 1294/29/14 1295/273/14
f 1309/172/177 1322/40/177 1308/285/177
f 1246/297/177 1261/89/177 1245/292/177
f 1227/295/177 1236/299/177 1226/298/177
f 1255/294/177 1253/249/177 1254/300/177
f 1246/297/673 1247/166/673 1261/89/673
f 1328/168/675 1295/273/675 1296/170/675
f 1235/279/177 1236/299/177 1227/295/177
f 1432/124/177 1405/126/177 1431/128/177
f 1326/260/177 1297/122/177 1325/156/177
f 1410/150/177 1430/107/177 1409/183/177
f 1236/299/118 1237/121/118 1226/298/118
f 1226/298/177 1237/121/177 1225/4/177
f 1330/28/118 1295/273/118 1329/272/118
f 1315/154/680 1318/235/680 1319/153/680
f 1191/86/420 1491/86/420 1490/85/420 1190/85/420
f 1071/202/562 1371/202/562 1370/204/562 1070/204/562
