# Blender 4.0.2
# www.blender.org
mtllib Essenza_S_corner.mtl
o Essenza_S_corner
v 0.027701 0.008936 -0.819060
v 0.027701 0.008785 -0.819060
v 0.027701 0.008348 -0.819060
v 0.027701 0.007651 -0.819060
v 0.027701 0.006720 -0.819060
v 0.027701 0.005582 -0.819060
v 0.027701 0.004262 -0.819060
v 0.027701 0.002787 -0.819060
v 0.027701 0.001181 -0.819060
v 0.027701 -0.000528 -0.819060
v 0.027701 -0.002315 -0.819060
v 0.027701 -0.004155 -0.819060
v 0.027701 -0.006020 -0.819060
v 0.027701 -0.006278 -0.819060
v 0.027701 -0.007025 -0.819060
v 0.027701 -0.008214 -0.819060
v 0.027701 -0.009803 -0.819060
v 0.027701 -0.011747 -0.819060
v 0.027701 -0.014000 -0.819060
v 0.027701 -0.016520 -0.819060
v 0.027701 -0.019261 -0.819060
v 0.027701 -0.022180 -0.819060
v 0.027701 -0.025232 -0.819060
v 0.027701 -0.028373 -0.819060
v 0.027701 -0.031557 -0.819060
v 0.027701 -0.031736 -0.819061
v 0.027701 -0.031884 -0.819065
v 0.027701 -0.032006 -0.819076
v 0.027701 -0.032104 -0.819097
v 0.027701 -0.032179 -0.819133
v 0.027701 -0.032236 -0.819186
v 0.027701 -0.032277 -0.819260
v 0.027701 -0.032305 -0.819358
v 0.027701 -0.032321 -0.819484
v 0.027701 -0.032330 -0.819642
v 0.027701 -0.032333 -0.819835
v 0.027701 -0.032333 -0.820066
v 0.027701 -0.032333 -0.820202
v 0.027701 -0.032331 -0.820339
v 0.027701 -0.032328 -0.820476
v 0.027701 -0.032326 -0.820613
v 0.027701 -0.032323 -0.820749
v 0.027701 -0.032320 -0.820886
v 0.027701 -0.032318 -0.821023
v 0.027701 -0.032318 -0.821159
v 0.027701 -0.032319 -0.821296
v 0.027701 -0.032321 -0.821433
v 0.027701 -0.032326 -0.821570
v 0.027701 -0.032333 -0.821706
v 0.027701 -0.032341 -0.821844
v 0.027701 -0.032338 -0.821965
v 0.027701 -0.032325 -0.822072
v 0.027701 -0.032301 -0.822166
v 0.027701 -0.032267 -0.822248
v 0.027701 -0.032223 -0.822319
v 0.027701 -0.032170 -0.822381
v 0.027701 -0.032107 -0.822434
v 0.027701 -0.032036 -0.822480
v 0.027701 -0.031955 -0.822520
v 0.027701 -0.031866 -0.822556
v 0.027701 -0.031769 -0.822588
v 0.027701 -0.030627 -0.822964
v 0.027701 -0.029529 -0.823420
v 0.027701 -0.028476 -0.823957
v 0.027701 -0.027466 -0.824575
v 0.027701 -0.026501 -0.825273
v 0.027701 -0.025581 -0.826052
v 0.027701 -0.024705 -0.826912
v 0.027701 -0.023873 -0.827852
v 0.027701 -0.023086 -0.828872
v 0.027701 -0.022344 -0.829972
v 0.027701 -0.021646 -0.831153
v 0.027701 -0.020993 -0.832414
v 0.027701 -0.020944 -0.832511
v 0.027701 -0.020894 -0.832599
v 0.027701 -0.020842 -0.832679
v 0.027701 -0.020787 -0.832750
v 0.027701 -0.020730 -0.832812
v 0.027701 -0.020669 -0.832866
v 0.027701 -0.020604 -0.832911
v 0.027701 -0.020535 -0.832948
v 0.027701 -0.020460 -0.832977
v 0.027701 -0.020380 -0.832997
v 0.027701 -0.020293 -0.833010
v 0.027701 -0.020200 -0.833014
v 0.027701 -0.019785 -0.833006
v 0.027701 -0.019372 -0.833000
v 0.027701 -0.018959 -0.832996
v 0.027701 -0.018546 -0.832993
v 0.027701 -0.018134 -0.832991
v 0.027701 -0.017722 -0.832989
v 0.027701 -0.017309 -0.832988
v 0.027701 -0.016897 -0.832988
v 0.027701 -0.016484 -0.832986
v 0.027701 -0.016071 -0.832985
v 0.027701 -0.015658 -0.832982
v 0.027701 -0.015244 -0.832978
v 0.027701 -0.015173 -0.832977
v 0.027701 -0.015103 -0.832974
v 0.027701 -0.015032 -0.832968
v 0.027701 -0.014962 -0.832961
v 0.027701 -0.014892 -0.832951
v 0.027701 -0.014823 -0.832939
v 0.027701 -0.014753 -0.832924
v 0.027701 -0.014684 -0.832908
v 0.027701 -0.014616 -0.832889
v 0.027701 -0.014548 -0.832868
v 0.027701 -0.014481 -0.832845
v 0.027701 -0.014415 -0.832820
v 0.027701 -0.014304 -0.832762
v 0.027701 -0.014200 -0.832696
v 0.027701 -0.014104 -0.832621
v 0.027701 -0.014018 -0.832536
v 0.027701 -0.013942 -0.832442
v 0.027701 -0.013877 -0.832339
v 0.027701 -0.013823 -0.832226
v 0.027701 -0.013782 -0.832104
v 0.027701 -0.013755 -0.831971
v 0.027701 -0.013742 -0.831829
v 0.027701 -0.013744 -0.831677
v 0.027701 -0.013762 -0.831514
v 0.027701 -0.013799 -0.831272
v 0.027701 -0.013839 -0.831030
v 0.027701 -0.013882 -0.830789
v 0.027701 -0.013925 -0.830548
v 0.027701 -0.013970 -0.830307
v 0.027701 -0.014016 -0.830066
v 0.027701 -0.014061 -0.829824
v 0.027701 -0.014104 -0.829582
v 0.027701 -0.014147 -0.829339
v 0.027701 -0.014186 -0.829095
v 0.027701 -0.014223 -0.828850
v 0.027701 -0.014256 -0.828604
v 0.027701 -0.014273 -0.828457
v 0.027701 -0.014289 -0.828307
v 0.027701 -0.014303 -0.828156
v 0.027701 -0.014315 -0.828004
v 0.027701 -0.014323 -0.827851
v 0.027701 -0.014329 -0.827697
v 0.027701 -0.014330 -0.827544
v 0.027701 -0.014327 -0.827392
v 0.027701 -0.014318 -0.827242
v 0.027701 -0.014304 -0.827093
v 0.027701 -0.014283 -0.826947
v 0.027701 -0.014256 -0.826804
v 0.027701 -0.014191 -0.826549
v 0.027701 -0.014102 -0.826313
v 0.027701 -0.013992 -0.826096
v 0.027701 -0.013862 -0.825899
v 0.027701 -0.013714 -0.825724
v 0.027701 -0.013548 -0.825569
v 0.027701 -0.013368 -0.825437
v 0.027701 -0.013174 -0.825328
v 0.027701 -0.012969 -0.825241
v 0.027701 -0.012753 -0.825179
v 0.027701 -0.012529 -0.825141
v 0.027701 -0.012298 -0.825128
v 0.027701 -0.011619 -0.825128
v 0.027701 -0.010939 -0.825127
v 0.027701 -0.010259 -0.825126
v 0.027701 -0.009578 -0.825124
v 0.027701 -0.008897 -0.825122
v 0.027701 -0.008215 -0.825120
v 0.027701 -0.007534 -0.825117
v 0.027701 -0.006853 -0.825115
v 0.027701 -0.006172 -0.825114
v 0.027701 -0.005492 -0.825112
v 0.027701 -0.004812 -0.825111
v 0.027701 -0.004133 -0.825111
v 0.027701 -0.002546 -0.825111
v 0.027701 -0.000959 -0.825111
v 0.027701 0.000626 -0.825112
v 0.027701 0.002211 -0.825113
v 0.027701 0.003796 -0.825115
v 0.027701 0.005380 -0.825117
v 0.027701 0.006964 -0.825121
v 0.027701 0.008547 -0.825126
v 0.027701 0.010131 -0.825133
v 0.027701 0.011714 -0.825141
v 0.027701 0.013297 -0.825152
v 0.027701 0.014880 -0.825164
v 0.027701 0.015013 -0.825170
v 0.027701 0.015148 -0.825186
v 0.027701 0.015283 -0.825214
v 0.027701 0.015419 -0.825251
v 0.027701 0.015555 -0.825297
v 0.027701 0.015689 -0.825351
v 0.027701 0.015821 -0.825413
v 0.027701 0.015951 -0.825483
v 0.027701 0.016078 -0.825558
v 0.027701 0.016200 -0.825639
v 0.027701 0.016319 -0.825726
v 0.027701 0.016432 -0.825816
v 0.027701 0.016605 -0.825992
v 0.027701 0.016746 -0.826181
v 0.027701 0.016858 -0.826382
v 0.027701 0.016943 -0.826595
v 0.027701 0.017003 -0.826818
v 0.027701 0.017040 -0.827049
v 0.027701 0.017057 -0.827287
v 0.027701 0.017055 -0.827531
v 0.027701 0.017037 -0.827779
v 0.027701 0.017005 -0.828029
v 0.027701 0.016961 -0.828281
v 0.027701 0.016908 -0.828533
v 0.027701 0.016858 -0.828753
v 0.027701 0.016806 -0.828970
v 0.027701 0.016751 -0.829186
v 0.027701 0.016695 -0.829401
v 0.027701 0.016639 -0.829616
v 0.027701 0.016582 -0.829830
v 0.027701 0.016524 -0.830044
v 0.027701 0.016468 -0.830258
v 0.027701 0.016412 -0.830473
v 0.027701 0.016357 -0.830689
v 0.027701 0.016305 -0.830907
v 0.027701 0.016255 -0.831126
v 0.027701 0.016199 -0.831420
v 0.027701 0.016170 -0.831691
v 0.027701 0.016168 -0.831940
v 0.027701 0.016194 -0.832166
v 0.027701 0.016246 -0.832367
v 0.027701 0.016326 -0.832544
v 0.027701 0.016432 -0.832695
v 0.027701 0.016564 -0.832821
v 0.027701 0.016721 -0.832920
v 0.027701 0.016905 -0.832991
v 0.027701 0.017114 -0.833034
v 0.027701 0.017349 -0.833049
v 0.027701 0.018169 -0.833052
v 0.027701 0.018990 -0.833052
v 0.027701 0.019812 -0.833051
v 0.027701 0.020634 -0.833048
v 0.027701 0.021457 -0.833043
v 0.027701 0.022280 -0.833038
v 0.027701 0.023104 -0.833032
v 0.027701 0.023928 -0.833027
v 0.027701 0.024752 -0.833022
v 0.027701 0.025576 -0.833018
v 0.027701 0.026401 -0.833015
v 0.027701 0.027225 -0.833014
v 0.027701 0.027300 -0.833011
v 0.027701 0.027367 -0.833001
v 0.027701 0.027425 -0.832985
v 0.027701 0.027476 -0.832961
v 0.027701 0.027519 -0.832930
v 0.027701 0.027556 -0.832890
v 0.027701 0.027586 -0.832842
v 0.027701 0.027609 -0.832784
v 0.027701 0.027627 -0.832716
v 0.027701 0.027639 -0.832638
v 0.027701 0.027646 -0.832549
v 0.027701 0.027648 -0.832449
v 0.027701 0.027648 -0.832319
v 0.027701 0.027647 -0.831945
v 0.027701 0.027646 -0.831349
v 0.027701 0.027645 -0.830553
v 0.027701 0.027643 -0.829579
v 0.027701 0.027642 -0.828449
v 0.027701 0.027641 -0.827187
v 0.027701 0.027641 -0.825814
v 0.027701 0.027641 -0.824352
v 0.027701 0.027642 -0.822825
v 0.027701 0.027645 -0.821253
v 0.027701 0.027648 -0.819660
v 0.027701 0.027646 -0.819555
v 0.027701 0.027639 -0.819459
v 0.027701 0.027626 -0.819373
v 0.027701 0.027608 -0.819297
v 0.027701 0.027583 -0.819231
v 0.027701 0.027552 -0.819175
v 0.027701 0.027512 -0.819129
v 0.027701 0.027466 -0.819094
v 0.027701 0.027410 -0.819070
v 0.027701 0.027346 -0.819056
v 0.027701 0.027273 -0.819052
v 0.027701 0.027190 -0.819060
v 0.027701 0.027158 -0.819064
v 0.027701 0.027126 -0.819066
v 0.027701 0.027092 -0.819068
v 0.027701 0.027057 -0.819068
v 0.027701 0.027022 -0.819068
v 0.027701 0.026987 -0.819067
v 0.027701 0.026952 -0.819066
v 0.027701 0.026917 -0.819064
v 0.027701 0.026882 -0.819063
v 0.027701 0.026849 -0.819061
v 0.027701 0.026816 -0.819061
v 0.027701 0.026784 -0.819060
v 0.027701 0.026604 -0.819060
v 0.027701 0.026082 -0.819060
v 0.027701 0.025250 -0.819060
v 0.027701 0.024140 -0.819060
v 0.027701 0.022782 -0.819060
v 0.027701 0.021207 -0.819060
v 0.027701 0.019446 -0.819060
v 0.027701 0.017530 -0.819060
v 0.027701 0.015490 -0.819060
v 0.027701 0.013357 -0.819060
v 0.027701 0.011162 -0.819060
v 0.041701 0.008936 -0.819060
v 0.041701 0.008785 -0.819060
v 0.041701 0.008348 -0.819060
v 0.041701 0.007651 -0.819060
v 0.041701 0.006720 -0.819060
v 0.041701 0.005582 -0.819060
v 0.041701 0.004262 -0.819060
v 0.041701 0.002787 -0.819060
v 0.041701 0.001181 -0.819060
v 0.041701 -0.000528 -0.819060
v 0.041701 -0.002315 -0.819060
v 0.041701 -0.004155 -0.819060
v 0.041701 -0.006020 -0.819060
v 0.041701 -0.006278 -0.819060
v 0.041701 -0.007025 -0.819060
v 0.041701 -0.008214 -0.819060
v 0.041701 -0.009803 -0.819060
v 0.041701 -0.011747 -0.819060
v 0.041701 -0.014000 -0.819060
v 0.041701 -0.016520 -0.819060
v 0.041701 -0.019261 -0.819060
v 0.041701 -0.022180 -0.819060
v 0.041701 -0.025232 -0.819060
v 0.041701 -0.028373 -0.819060
v 0.041701 -0.031557 -0.819060
v 0.041701 -0.031736 -0.819061
v 0.041701 -0.031884 -0.819065
v 0.041701 -0.032006 -0.819076
v 0.041701 -0.032104 -0.819097
v 0.041701 -0.032179 -0.819133
v 0.041701 -0.032236 -0.819186
v 0.041701 -0.032277 -0.819260
v 0.041701 -0.032305 -0.819358
v 0.041701 -0.032321 -0.819484
v 0.041701 -0.032330 -0.819642
v 0.041701 -0.032333 -0.819835
v 0.041701 -0.032333 -0.820066
v 0.041701 -0.032333 -0.820202
v 0.041701 -0.032331 -0.820339
v 0.041701 -0.032328 -0.820476
v 0.041701 -0.032326 -0.820613
v 0.041701 -0.032323 -0.820749
v 0.041701 -0.032320 -0.820886
v 0.041701 -0.032318 -0.821023
v 0.041701 -0.032318 -0.821159
v 0.041701 -0.032319 -0.821296
v 0.041701 -0.032321 -0.821433
v 0.041701 -0.032326 -0.821570
v 0.041701 -0.032333 -0.821706
v 0.041701 -0.032341 -0.821844
v 0.041701 -0.032338 -0.821965
v 0.041701 -0.032325 -0.822072
v 0.041701 -0.032301 -0.822166
v 0.041701 -0.032267 -0.822248
v 0.041701 -0.032223 -0.822319
v 0.041701 -0.032170 -0.822381
v 0.041701 -0.032107 -0.822434
v 0.041701 -0.032036 -0.822480
v 0.041701 -0.031955 -0.822520
v 0.041701 -0.031866 -0.822556
v 0.041701 -0.031769 -0.822588
v 0.041701 -0.030627 -0.822964
v 0.041701 -0.029529 -0.823420
v 0.041701 -0.028476 -0.823957
v 0.041701 -0.027466 -0.824575
v 0.041701 -0.026501 -0.825273
v 0.041701 -0.025581 -0.826052
v 0.041701 -0.024705 -0.826912
v 0.041701 -0.023873 -0.827852
v 0.041701 -0.023086 -0.828872
v 0.041701 -0.022344 -0.829972
v 0.041701 -0.021646 -0.831153
v 0.041701 -0.020993 -0.832414
v 0.041701 -0.020944 -0.832511
v 0.041701 -0.020894 -0.832599
v 0.041701 -0.020842 -0.832679
v 0.041701 -0.020787 -0.832750
v 0.041701 -0.020730 -0.832812
v 0.041701 -0.020669 -0.832866
v 0.041701 -0.020604 -0.832911
v 0.041701 -0.020535 -0.832948
v 0.041701 -0.020460 -0.832977
v 0.041701 -0.020380 -0.832997
v 0.041701 -0.020293 -0.833010
v 0.041701 -0.020200 -0.833014
v 0.041701 -0.019785 -0.833006
v 0.041701 -0.019372 -0.833000
v 0.041701 -0.018959 -0.832996
v 0.041701 -0.018546 -0.832993
v 0.041701 -0.018134 -0.832991
v 0.041701 -0.017722 -0.832989
v 0.041701 -0.017309 -0.832988
v 0.041701 -0.016897 -0.832988
v 0.041701 -0.016484 -0.832986
v 0.041701 -0.016071 -0.832985
v 0.041701 -0.015658 -0.832982
v 0.041701 -0.015244 -0.832978
v 0.041701 -0.015173 -0.832977
v 0.041701 -0.015103 -0.832974
v 0.041701 -0.015032 -0.832968
v 0.041701 -0.014962 -0.832961
v 0.041701 -0.014892 -0.832951
v 0.041701 -0.014823 -0.832939
v 0.041701 -0.014753 -0.832924
v 0.041701 -0.014684 -0.832908
v 0.041701 -0.014616 -0.832889
v 0.041701 -0.014548 -0.832868
v 0.041701 -0.014481 -0.832845
v 0.041701 -0.014415 -0.832820
v 0.041701 -0.014304 -0.832762
v 0.041701 -0.014200 -0.832696
v 0.041701 -0.014104 -0.832621
v 0.041701 -0.014018 -0.832536
v 0.041701 -0.013942 -0.832442
v 0.041701 -0.013877 -0.832339
v 0.041701 -0.013823 -0.832226
v 0.041701 -0.013782 -0.832104
v 0.041701 -0.013755 -0.831971
v 0.041701 -0.013742 -0.831829
v 0.041701 -0.013744 -0.831677
v 0.041701 -0.013762 -0.831514
v 0.041701 -0.013799 -0.831272
v 0.041701 -0.013839 -0.831030
v 0.041701 -0.013882 -0.830789
v 0.041701 -0.013925 -0.830548
v 0.041701 -0.013970 -0.830307
v 0.041701 -0.014016 -0.830066
v 0.041701 -0.014061 -0.829824
v 0.041701 -0.014104 -0.829582
v 0.041701 -0.014147 -0.829339
v 0.041701 -0.014186 -0.829095
v 0.041701 -0.014223 -0.828850
v 0.041701 -0.014256 -0.828604
v 0.041701 -0.014273 -0.828457
v 0.041701 -0.014289 -0.828307
v 0.041701 -0.014303 -0.828156
v 0.041701 -0.014315 -0.828004
v 0.041701 -0.014323 -0.827851
v 0.041701 -0.014329 -0.827697
v 0.041701 -0.014330 -0.827544
v 0.041701 -0.014327 -0.827392
v 0.041701 -0.014318 -0.827242
v 0.041701 -0.014304 -0.827093
v 0.041701 -0.014283 -0.826947
v 0.041701 -0.014256 -0.826804
v 0.041701 -0.014191 -0.826549
v 0.041701 -0.014102 -0.826313
v 0.041701 -0.013992 -0.826096
v 0.041701 -0.013862 -0.825899
v 0.041701 -0.013714 -0.825724
v 0.041701 -0.013548 -0.825569
v 0.041701 -0.013368 -0.825437
v 0.041701 -0.013174 -0.825328
v 0.041701 -0.012969 -0.825241
v 0.041701 -0.012753 -0.825179
v 0.041701 -0.012529 -0.825141
v 0.041701 -0.012298 -0.825128
v 0.041701 -0.011619 -0.825128
v 0.041701 -0.010939 -0.825127
v 0.041701 -0.010259 -0.825126
v 0.041701 -0.009578 -0.825124
v 0.041701 -0.008897 -0.825122
v 0.041701 -0.008215 -0.825120
v 0.041701 -0.007534 -0.825117
v 0.041701 -0.006853 -0.825115
v 0.041701 -0.006172 -0.825114
v 0.041701 -0.005492 -0.825112
v 0.041701 -0.004812 -0.825111
v 0.041701 -0.004133 -0.825111
v 0.041701 -0.002546 -0.825111
v 0.041701 -0.000959 -0.825111
v 0.041701 0.000626 -0.825112
v 0.041701 0.002211 -0.825113
v 0.041701 0.003796 -0.825115
v 0.041701 0.005380 -0.825117
v 0.041701 0.006964 -0.825121
v 0.041701 0.008547 -0.825126
v 0.041701 0.010131 -0.825133
v 0.041701 0.011714 -0.825141
v 0.041701 0.013297 -0.825152
v 0.041701 0.014880 -0.825164
v 0.041701 0.015013 -0.825170
v 0.041701 0.015148 -0.825186
v 0.041701 0.015283 -0.825214
v 0.041701 0.015419 -0.825251
v 0.041701 0.015555 -0.825297
v 0.041701 0.015689 -0.825351
v 0.041701 0.015821 -0.825413
v 0.041701 0.015951 -0.825483
v 0.041701 0.016078 -0.825558
v 0.041701 0.016200 -0.825639
v 0.041701 0.016319 -0.825726
v 0.041701 0.016432 -0.825816
v 0.041701 0.016605 -0.825992
v 0.041701 0.016746 -0.826181
v 0.041701 0.016858 -0.826382
v 0.041701 0.016943 -0.826595
v 0.041701 0.017003 -0.826818
v 0.041701 0.017040 -0.827049
v 0.041701 0.017057 -0.827287
v 0.041701 0.017055 -0.827531
v 0.041701 0.017037 -0.827779
v 0.041701 0.017005 -0.828029
v 0.041701 0.016961 -0.828281
v 0.041701 0.016908 -0.828533
v 0.041701 0.016858 -0.828753
v 0.041701 0.016806 -0.828970
v 0.041701 0.016751 -0.829186
v 0.041701 0.016695 -0.829401
v 0.041701 0.016639 -0.829616
v 0.041701 0.016582 -0.829830
v 0.041701 0.016524 -0.830044
v 0.041701 0.016468 -0.830258
v 0.041701 0.016412 -0.830473
v 0.041701 0.016357 -0.830689
v 0.041701 0.016305 -0.830907
v 0.041701 0.016255 -0.831126
v 0.041701 0.016199 -0.831420
v 0.041701 0.016170 -0.831691
v 0.041701 0.016168 -0.831940
v 0.041701 0.016194 -0.832166
v 0.041701 0.016246 -0.832367
v 0.041701 0.016326 -0.832544
v 0.041701 0.016432 -0.832695
v 0.041701 0.016564 -0.832821
v 0.041701 0.016721 -0.832920
v 0.041701 0.016905 -0.832991
v 0.041701 0.017114 -0.833034
v 0.041701 0.017349 -0.833049
v 0.041701 0.018169 -0.833052
v 0.041701 0.018990 -0.833052
v 0.041701 0.019812 -0.833051
v 0.041701 0.020634 -0.833048
v 0.041701 0.021457 -0.833043
v 0.041701 0.022280 -0.833038
v 0.041701 0.023104 -0.833032
v 0.041701 0.023928 -0.833027
v 0.041701 0.024752 -0.833022
v 0.041701 0.025576 -0.833018
v 0.041701 0.026401 -0.833015
v 0.041701 0.027225 -0.833014
v 0.041701 0.027300 -0.833011
v 0.041701 0.027367 -0.833001
v 0.041701 0.027425 -0.832985
v 0.041701 0.027476 -0.832961
v 0.041701 0.027519 -0.832930
v 0.041701 0.027556 -0.832890
v 0.041701 0.027586 -0.832842
v 0.041701 0.027609 -0.832784
v 0.041701 0.027627 -0.832716
v 0.041701 0.027639 -0.832638
v 0.041701 0.027646 -0.832549
v 0.041701 0.027648 -0.832449
v 0.041701 0.027648 -0.832319
v 0.041701 0.027647 -0.831945
v 0.041701 0.027646 -0.831349
v 0.041701 0.027645 -0.830553
v 0.041701 0.027643 -0.829579
v 0.041701 0.027642 -0.828449
v 0.041701 0.027641 -0.827187
v 0.041701 0.027641 -0.825814
v 0.041701 0.027641 -0.824352
v 0.041701 0.027642 -0.822825
v 0.041701 0.027645 -0.821253
v 0.041701 0.027648 -0.819660
v 0.041701 0.027646 -0.819555
v 0.041701 0.027639 -0.819459
v 0.041701 0.027626 -0.819373
v 0.041701 0.027608 -0.819297
v 0.041701 0.027583 -0.819231
v 0.041701 0.027552 -0.819175
v 0.041701 0.027512 -0.819129
v 0.041701 0.027466 -0.819094
v 0.041701 0.027410 -0.819070
v 0.041701 0.027346 -0.819056
v 0.041701 0.027273 -0.819052
v 0.041701 0.027190 -0.819060
v 0.041701 0.027158 -0.819064
v 0.041701 0.027126 -0.819066
v 0.041701 0.027092 -0.819068
v 0.041701 0.027057 -0.819068
v 0.041701 0.027022 -0.819068
v 0.041701 0.026987 -0.819067
v 0.041701 0.026952 -0.819066
v 0.041701 0.026917 -0.819064
v 0.041701 0.026882 -0.819063
v 0.041701 0.026849 -0.819061
v 0.041701 0.026816 -0.819061
v 0.041701 0.026784 -0.819060
v 0.041701 0.026604 -0.819060
v 0.041701 0.026082 -0.819060
v 0.041701 0.025250 -0.819060
v 0.041701 0.024140 -0.819060
v 0.041701 0.022782 -0.819060
v 0.041701 0.021207 -0.819060
v 0.041701 0.019446 -0.819060
v 0.041701 0.017530 -0.819060
v 0.041701 0.015490 -0.819060
v 0.041701 0.013357 -0.819060
v 0.041701 0.011162 -0.819060
v 0.062938 0.008936 -0.819060
v 0.062938 0.008785 -0.819060
v 0.062938 0.008348 -0.819060
v 0.062938 0.007651 -0.819060
v 0.062938 0.006720 -0.819060
v 0.062938 0.005582 -0.819060
v 0.062938 0.004262 -0.819060
v 0.062938 0.002787 -0.819060
v 0.062938 0.001181 -0.819060
v 0.062938 -0.000528 -0.819060
v 0.062938 -0.002315 -0.819060
v 0.062938 -0.004155 -0.819060
v 0.062938 -0.006020 -0.819060
v 0.062938 -0.006278 -0.819060
v 0.062938 -0.007025 -0.819060
v 0.062938 -0.008214 -0.819060
v 0.062938 -0.009803 -0.819060
v 0.062938 -0.011747 -0.819060
v 0.062938 -0.014000 -0.819060
v 0.062938 -0.016520 -0.819060
v 0.062938 -0.019261 -0.819060
v 0.062938 -0.022180 -0.819060
v 0.062938 -0.025232 -0.819060
v 0.062938 -0.028373 -0.819060
v 0.062938 -0.031557 -0.819060
v 0.062938 -0.031736 -0.819061
v 0.062934 -0.031884 -0.819065
v 0.062922 -0.032006 -0.819076
v 0.062901 -0.032104 -0.819097
v 0.062865 -0.032179 -0.819133
v 0.062812 -0.032236 -0.819186
v 0.062739 -0.032277 -0.819260
v 0.062640 -0.032305 -0.819358
v 0.062514 -0.032321 -0.819484
v 0.062356 -0.032330 -0.819642
v 0.062164 -0.032333 -0.819835
v 0.061933 -0.032333 -0.820066
v 0.061796 -0.032333 -0.820202
v 0.061659 -0.032331 -0.820339
v 0.061523 -0.032328 -0.820476
v 0.061386 -0.032326 -0.820613
v 0.061249 -0.032323 -0.820749
v 0.061112 -0.032320 -0.820886
v 0.060976 -0.032318 -0.821023
v 0.060839 -0.032318 -0.821159
v 0.060702 -0.032319 -0.821296
v 0.060566 -0.032321 -0.821433
v 0.060429 -0.032326 -0.821570
v 0.060292 -0.032333 -0.821706
v 0.060155 -0.032341 -0.821844
v 0.060033 -0.032338 -0.821965
v 0.059926 -0.032325 -0.822072
v 0.059832 -0.032301 -0.822166
v 0.059750 -0.032267 -0.822248
v 0.059679 -0.032223 -0.822319
v 0.059618 -0.032170 -0.822381
v 0.059564 -0.032107 -0.822434
v 0.059518 -0.032036 -0.822480
v 0.059478 -0.031955 -0.822520
v 0.059442 -0.031866 -0.822556
v 0.059410 -0.031769 -0.822588
v 0.059035 -0.030627 -0.822964
v 0.058578 -0.029529 -0.823420
v 0.058041 -0.028476 -0.823957
v 0.057423 -0.027466 -0.824575
v 0.056725 -0.026501 -0.825273
v 0.055946 -0.025581 -0.826052
v 0.055087 -0.024705 -0.826912
v 0.054147 -0.023873 -0.827852
v 0.053127 -0.023086 -0.828872
v 0.052026 -0.022344 -0.829972
v 0.050845 -0.021646 -0.831153
v 0.049584 -0.020993 -0.832414
v 0.049487 -0.020944 -0.832511
v 0.049399 -0.020894 -0.832599
v 0.049320 -0.020842 -0.832679
v 0.049249 -0.020787 -0.832750
v 0.049186 -0.020730 -0.832812
v 0.049132 -0.020669 -0.832866
v 0.049087 -0.020604 -0.832911
v 0.049050 -0.020535 -0.832948
v 0.049021 -0.020460 -0.832977
v 0.049001 -0.020380 -0.832997
v 0.048989 -0.020293 -0.833010
v 0.048985 -0.020200 -0.833014
v 0.048992 -0.019785 -0.833006
v 0.048998 -0.019372 -0.833000
v 0.049003 -0.018959 -0.832996
v 0.049006 -0.018546 -0.832993
v 0.049008 -0.018134 -0.832991
v 0.049009 -0.017722 -0.832989
v 0.049010 -0.017309 -0.832988
v 0.049011 -0.016897 -0.832988
v 0.049012 -0.016484 -0.832986
v 0.049014 -0.016071 -0.832985
v 0.049016 -0.015658 -0.832982
v 0.049020 -0.015244 -0.832978
v 0.049021 -0.015173 -0.832977
v 0.049024 -0.015103 -0.832974
v 0.049030 -0.015032 -0.832968
v 0.049038 -0.014962 -0.832961
v 0.049048 -0.014892 -0.832951
v 0.049060 -0.014823 -0.832939
v 0.049074 -0.014753 -0.832924
v 0.049091 -0.014684 -0.832908
v 0.049109 -0.014616 -0.832889
v 0.049130 -0.014548 -0.832868
v 0.049153 -0.014481 -0.832845
v 0.049179 -0.014415 -0.832820
v 0.049236 -0.014304 -0.832762
v 0.049302 -0.014200 -0.832696
v 0.049378 -0.014104 -0.832621
v 0.049462 -0.014018 -0.832536
v 0.049556 -0.013942 -0.832442
v 0.049659 -0.013877 -0.832339
v 0.049772 -0.013823 -0.832226
v 0.049895 -0.013782 -0.832104
v 0.050027 -0.013755 -0.831971
v 0.050169 -0.013742 -0.831829
v 0.050322 -0.013744 -0.831677
v 0.050484 -0.013762 -0.831514
v 0.050726 -0.013799 -0.831272
v 0.050968 -0.013839 -0.831030
v 0.051209 -0.013882 -0.830789
v 0.051450 -0.013925 -0.830548
v 0.051692 -0.013970 -0.830307
v 0.051933 -0.014016 -0.830066
v 0.052174 -0.014061 -0.829824
v 0.052417 -0.014104 -0.829582
v 0.052660 -0.014147 -0.829339
v 0.052904 -0.014186 -0.829095
v 0.053149 -0.014223 -0.828850
v 0.053395 -0.014256 -0.828604
v 0.053542 -0.014273 -0.828457
v 0.053691 -0.014289 -0.828307
v 0.053842 -0.014303 -0.828156
v 0.053995 -0.014315 -0.828004
v 0.054148 -0.014323 -0.827851
v 0.054301 -0.014329 -0.827697
v 0.054454 -0.014330 -0.827544
v 0.054606 -0.014327 -0.827392
v 0.054757 -0.014318 -0.827242
v 0.054905 -0.014304 -0.827093
v 0.055051 -0.014283 -0.826947
v 0.055194 -0.014256 -0.826804
v 0.055449 -0.014191 -0.826549
v 0.055686 -0.014102 -0.826313
v 0.055902 -0.013992 -0.826096
v 0.056099 -0.013862 -0.825899
v 0.056275 -0.013714 -0.825724
v 0.056429 -0.013548 -0.825569
v 0.056561 -0.013368 -0.825437
v 0.056671 -0.013174 -0.825328
v 0.056757 -0.012969 -0.825241
v 0.056819 -0.012753 -0.825179
v 0.056857 -0.012529 -0.825141
v 0.056870 -0.012298 -0.825128
v 0.056870 -0.011619 -0.825128
v 0.056871 -0.010939 -0.825127
v 0.056873 -0.010259 -0.825126
v 0.056874 -0.009578 -0.825124
v 0.056877 -0.008897 -0.825122
v 0.056879 -0.008215 -0.825120
v 0.056881 -0.007534 -0.825117
v 0.056883 -0.006853 -0.825115
v 0.056885 -0.006172 -0.825114
v 0.056886 -0.005492 -0.825112
v 0.056887 -0.004812 -0.825111
v 0.056888 -0.004133 -0.825111
v 0.056888 -0.002546 -0.825111
v 0.056887 -0.000959 -0.825111
v 0.056887 0.000626 -0.825112
v 0.056886 0.002211 -0.825113
v 0.056884 0.003796 -0.825115
v 0.056881 0.005380 -0.825117
v 0.056877 0.006964 -0.825121
v 0.056872 0.008547 -0.825126
v 0.056865 0.010131 -0.825133
v 0.056857 0.011714 -0.825141
v 0.056847 0.013297 -0.825152
v 0.056835 0.014880 -0.825164
v 0.056829 0.015013 -0.825170
v 0.056812 0.015148 -0.825186
v 0.056785 0.015283 -0.825214
v 0.056748 0.015419 -0.825251
v 0.056702 0.015555 -0.825297
v 0.056647 0.015689 -0.825351
v 0.056585 0.015821 -0.825413
v 0.056516 0.015951 -0.825483
v 0.056440 0.016078 -0.825558
v 0.056359 0.016200 -0.825639
v 0.056273 0.016319 -0.825726
v 0.056182 0.016432 -0.825816
v 0.056007 0.016605 -0.825992
v 0.055818 0.016746 -0.826181
v 0.055616 0.016858 -0.826382
v 0.055403 0.016943 -0.826595
v 0.055180 0.017003 -0.826818
v 0.054949 0.017040 -0.827049
v 0.054711 0.017057 -0.827287
v 0.054468 0.017055 -0.827531
v 0.054220 0.017037 -0.827779
v 0.053969 0.017005 -0.828029
v 0.053717 0.016961 -0.828281
v 0.053465 0.016908 -0.828533
v 0.053246 0.016858 -0.828753
v 0.053028 0.016806 -0.828970
v 0.052812 0.016751 -0.829186
v 0.052597 0.016696 -0.829401
v 0.052383 0.016639 -0.829616
v 0.052169 0.016582 -0.829830
v 0.051955 0.016524 -0.830044
v 0.051740 0.016468 -0.830258
v 0.051525 0.016412 -0.830473
v 0.051309 0.016357 -0.830689
v 0.051092 0.016305 -0.830907
v 0.050872 0.016255 -0.831126
v 0.050579 0.016199 -0.831420
v 0.050307 0.016170 -0.831691
v 0.050058 0.016168 -0.831940
v 0.049833 0.016194 -0.832166
v 0.049631 0.016246 -0.832367
v 0.049454 0.016326 -0.832544
v 0.049303 0.016432 -0.832695
v 0.049177 0.016564 -0.832821
v 0.049079 0.016721 -0.832920
v 0.049007 0.016905 -0.832991
v 0.048964 0.017114 -0.833034
v 0.048949 0.017349 -0.833049
v 0.048946 0.018169 -0.833052
v 0.048946 0.018990 -0.833052
v 0.048947 0.019812 -0.833051
v 0.048951 0.020634 -0.833048
v 0.048955 0.021457 -0.833043
v 0.048960 0.022280 -0.833038
v 0.048966 0.023104 -0.833032
v 0.048972 0.023928 -0.833027
v 0.048977 0.024752 -0.833022
v 0.048981 0.025576 -0.833018
v 0.048984 0.026401 -0.833015
v 0.048985 0.027225 -0.833014
v 0.048988 0.027300 -0.833011
v 0.048997 0.027367 -0.833001
v 0.049013 0.027425 -0.832985
v 0.049037 0.027476 -0.832961
v 0.049068 0.027519 -0.832930
v 0.049108 0.027556 -0.832890
v 0.049157 0.027586 -0.832842
v 0.049215 0.027609 -0.832784
v 0.049282 0.027627 -0.832716
v 0.049360 0.027639 -0.832638
v 0.049449 0.027646 -0.832549
v 0.049549 0.027648 -0.832449
v 0.049679 0.027648 -0.832319
v 0.050053 0.027647 -0.831945
v 0.050649 0.027646 -0.831349
v 0.051446 0.027645 -0.830553
v 0.052420 0.027643 -0.829579
v 0.053549 0.027642 -0.828449
v 0.054811 0.027641 -0.827187
v 0.056185 0.027641 -0.825814
v 0.057646 0.027641 -0.824352
v 0.059174 0.027642 -0.822825
v 0.060745 0.027645 -0.821253
v 0.062338 0.027648 -0.819660
v 0.062444 0.027646 -0.819555
v 0.062540 0.027639 -0.819459
v 0.062626 0.027626 -0.819373
v 0.062702 0.027608 -0.819297
v 0.062768 0.027583 -0.819231
v 0.062823 0.027552 -0.819175
v 0.062869 0.027512 -0.819129
v 0.062904 0.027466 -0.819094
v 0.062929 0.027410 -0.819070
v 0.062943 0.027346 -0.819056
v 0.062946 0.027273 -0.819052
v 0.062938 0.027190 -0.819060
v 0.062934 0.027158 -0.819064
v 0.062932 0.027126 -0.819066
v 0.062931 0.027092 -0.819068
v 0.062930 0.027057 -0.819068
v 0.062931 0.027022 -0.819068
v 0.062932 0.026987 -0.819067
v 0.062933 0.026952 -0.819066
v 0.062934 0.026917 -0.819064
v 0.062936 0.026882 -0.819063
v 0.062937 0.026849 -0.819061
v 0.062938 0.026816 -0.819061
v 0.062938 0.026784 -0.819060
v 0.062938 0.026604 -0.819060
v 0.062938 0.026082 -0.819060
v 0.062938 0.025250 -0.819060
v 0.062938 0.024140 -0.819060
v 0.062938 0.022782 -0.819060
v 0.062938 0.021207 -0.819060
v 0.062938 0.019446 -0.819060
v 0.062938 0.017530 -0.819060
v 0.062938 0.015490 -0.819060
v 0.062938 0.013357 -0.819060
v 0.062938 0.011162 -0.819060
v 0.062938 0.008936 -0.840297
v 0.062938 0.008785 -0.840297
v 0.062938 0.008348 -0.840297
v 0.062938 0.007651 -0.840297
v 0.062938 0.006720 -0.840297
v 0.062938 0.005582 -0.840297
v 0.062938 0.004262 -0.840297
v 0.062938 0.002787 -0.840297
v 0.062938 0.001181 -0.840297
v 0.062938 -0.000528 -0.840297
v 0.062938 -0.002315 -0.840297
v 0.062938 -0.004155 -0.840297
v 0.062938 -0.006020 -0.840297
v 0.062938 -0.006278 -0.840297
v 0.062938 -0.007025 -0.840297
v 0.062938 -0.008214 -0.840297
v 0.062938 -0.009803 -0.840297
v 0.062938 -0.011747 -0.840297
v 0.062938 -0.014000 -0.840297
v 0.062938 -0.016520 -0.840297
v 0.062938 -0.019261 -0.840297
v 0.062938 -0.022180 -0.840297
v 0.062938 -0.025232 -0.840297
v 0.062938 -0.028373 -0.840297
v 0.062938 -0.031557 -0.840297
v 0.062938 -0.031736 -0.840297
v 0.062934 -0.031884 -0.840297
v 0.062922 -0.032006 -0.840297
v 0.062901 -0.032104 -0.840297
v 0.062865 -0.032179 -0.840297
v 0.062812 -0.032236 -0.840297
v 0.062739 -0.032277 -0.840297
v 0.062640 -0.032305 -0.840297
v 0.062514 -0.032321 -0.840297
v 0.062356 -0.032330 -0.840297
v 0.062164 -0.032333 -0.840297
v 0.061933 -0.032333 -0.840297
v 0.061796 -0.032333 -0.840297
v 0.061659 -0.032331 -0.840297
v 0.061523 -0.032328 -0.840297
v 0.061386 -0.032326 -0.840297
v 0.061249 -0.032323 -0.840297
v 0.061112 -0.032320 -0.840297
v 0.060976 -0.032318 -0.840297
v 0.060839 -0.032318 -0.840297
v 0.060702 -0.032319 -0.840297
v 0.060566 -0.032321 -0.840297
v 0.060429 -0.032326 -0.840297
v 0.060292 -0.032333 -0.840297
v 0.060155 -0.032341 -0.840297
v 0.060033 -0.032338 -0.840297
v 0.059926 -0.032325 -0.840297
v 0.059832 -0.032301 -0.840297
v 0.059750 -0.032267 -0.840297
v 0.059679 -0.032223 -0.840297
v 0.059618 -0.032170 -0.840297
v 0.059564 -0.032107 -0.840297
v 0.059518 -0.032036 -0.840297
v 0.059478 -0.031955 -0.840297
v 0.059442 -0.031866 -0.840297
v 0.059410 -0.031769 -0.840297
v 0.059035 -0.030627 -0.840297
v 0.058578 -0.029529 -0.840297
v 0.058041 -0.028476 -0.840297
v 0.057423 -0.027466 -0.840297
v 0.056725 -0.026501 -0.840297
v 0.055946 -0.025581 -0.840297
v 0.055087 -0.024705 -0.840297
v 0.054147 -0.023873 -0.840297
v 0.053127 -0.023086 -0.840297
v 0.052026 -0.022344 -0.840297
v 0.050845 -0.021646 -0.840297
v 0.049584 -0.020993 -0.840297
v 0.049487 -0.020944 -0.840297
v 0.049399 -0.020894 -0.840297
v 0.049320 -0.020842 -0.840297
v 0.049249 -0.020787 -0.840297
v 0.049186 -0.020730 -0.840297
v 0.049132 -0.020669 -0.840297
v 0.049087 -0.020604 -0.840297
v 0.049050 -0.020535 -0.840297
v 0.049021 -0.020460 -0.840297
v 0.049001 -0.020380 -0.840297
v 0.048989 -0.020293 -0.840297
v 0.048985 -0.020200 -0.840297
v 0.048992 -0.019785 -0.840297
v 0.048998 -0.019372 -0.840297
v 0.049003 -0.018959 -0.840297
v 0.049006 -0.018546 -0.840297
v 0.049008 -0.018134 -0.840297
v 0.049009 -0.017722 -0.840297
v 0.049010 -0.017309 -0.840297
v 0.049011 -0.016897 -0.840297
v 0.049012 -0.016484 -0.840297
v 0.049014 -0.016071 -0.840297
v 0.049016 -0.015658 -0.840297
v 0.049020 -0.015244 -0.840297
v 0.049021 -0.015173 -0.840297
v 0.049024 -0.015103 -0.840297
v 0.049030 -0.015032 -0.840297
v 0.049038 -0.014962 -0.840297
v 0.049048 -0.014892 -0.840297
v 0.049060 -0.014823 -0.840297
v 0.049074 -0.014753 -0.840297
v 0.049091 -0.014684 -0.840297
v 0.049109 -0.014616 -0.840297
v 0.049130 -0.014548 -0.840297
v 0.049153 -0.014481 -0.840297
v 0.049179 -0.014415 -0.840297
v 0.049236 -0.014304 -0.840297
v 0.049302 -0.014200 -0.840297
v 0.049378 -0.014104 -0.840297
v 0.049462 -0.014018 -0.840297
v 0.049556 -0.013942 -0.840297
v 0.049659 -0.013877 -0.840297
v 0.049772 -0.013823 -0.840297
v 0.049895 -0.013782 -0.840297
v 0.050027 -0.013755 -0.840297
v 0.050169 -0.013742 -0.840297
v 0.050322 -0.013744 -0.840297
v 0.050484 -0.013762 -0.840297
v 0.050726 -0.013799 -0.840297
v 0.050968 -0.013839 -0.840297
v 0.051209 -0.013882 -0.840297
v 0.051450 -0.013925 -0.840297
v 0.051692 -0.013970 -0.840297
v 0.051933 -0.014016 -0.840297
v 0.052174 -0.014061 -0.840297
v 0.052417 -0.014104 -0.840297
v 0.052660 -0.014147 -0.840297
v 0.052904 -0.014186 -0.840297
v 0.053149 -0.014223 -0.840297
v 0.053395 -0.014256 -0.840297
v 0.053542 -0.014273 -0.840297
v 0.053691 -0.014289 -0.840297
v 0.053842 -0.014303 -0.840297
v 0.053995 -0.014315 -0.840297
v 0.054148 -0.014323 -0.840297
v 0.054301 -0.014329 -0.840297
v 0.054454 -0.014330 -0.840297
v 0.054606 -0.014327 -0.840297
v 0.054757 -0.014318 -0.840297
v 0.054905 -0.014304 -0.840297
v 0.055051 -0.014283 -0.840297
v 0.055194 -0.014256 -0.840297
v 0.055449 -0.014191 -0.840297
v 0.055686 -0.014102 -0.840297
v 0.055902 -0.013992 -0.840297
v 0.056099 -0.013862 -0.840297
v 0.056275 -0.013714 -0.840297
v 0.056429 -0.013548 -0.840297
v 0.056561 -0.013368 -0.840297
v 0.056671 -0.013174 -0.840297
v 0.056757 -0.012969 -0.840297
v 0.056819 -0.012753 -0.840297
v 0.056857 -0.012529 -0.840297
v 0.056870 -0.012298 -0.840297
v 0.056870 -0.011619 -0.840297
v 0.056871 -0.010939 -0.840297
v 0.056873 -0.010259 -0.840297
v 0.056874 -0.009578 -0.840297
v 0.056877 -0.008897 -0.840297
v 0.056879 -0.008215 -0.840297
v 0.056881 -0.007534 -0.840297
v 0.056883 -0.006853 -0.840297
v 0.056885 -0.006172 -0.840297
v 0.056886 -0.005492 -0.840297
v 0.056887 -0.004812 -0.840297
v 0.056888 -0.004133 -0.840297
v 0.056888 -0.002546 -0.840297
v 0.056887 -0.000959 -0.840297
v 0.056887 0.000626 -0.840297
v 0.056886 0.002211 -0.840297
v 0.056884 0.003796 -0.840297
v 0.056881 0.005380 -0.840297
v 0.056877 0.006964 -0.840297
v 0.056872 0.008547 -0.840297
v 0.056865 0.010131 -0.840297
v 0.056857 0.011714 -0.840297
v 0.056847 0.013297 -0.840297
v 0.056835 0.014880 -0.840297
v 0.056829 0.015013 -0.840297
v 0.056812 0.015148 -0.840297
v 0.056785 0.015283 -0.840297
v 0.056748 0.015419 -0.840297
v 0.056702 0.015555 -0.840297
v 0.056647 0.015689 -0.840297
v 0.056585 0.015821 -0.840297
v 0.056516 0.015951 -0.840297
v 0.056440 0.016078 -0.840297
v 0.056359 0.016200 -0.840297
v 0.056273 0.016319 -0.840297
v 0.056182 0.016432 -0.840297
v 0.056007 0.016605 -0.840297
v 0.055818 0.016746 -0.840297
v 0.055616 0.016858 -0.840297
v 0.055403 0.016943 -0.840297
v 0.055180 0.017003 -0.840297
v 0.054949 0.017040 -0.840297
v 0.054711 0.017057 -0.840297
v 0.054468 0.017055 -0.840297
v 0.054220 0.017037 -0.840297
v 0.053969 0.017005 -0.840297
v 0.053717 0.016961 -0.840297
v 0.053465 0.016908 -0.840297
v 0.053246 0.016858 -0.840297
v 0.053028 0.016806 -0.840297
v 0.052812 0.016751 -0.840297
v 0.052597 0.016696 -0.840297
v 0.052383 0.016639 -0.840297
v 0.052169 0.016582 -0.840297
v 0.051955 0.016524 -0.840297
v 0.051740 0.016468 -0.840297
v 0.051525 0.016412 -0.840297
v 0.051309 0.016357 -0.840297
v 0.051092 0.016305 -0.840297
v 0.050872 0.016255 -0.840297
v 0.050579 0.016199 -0.840297
v 0.050307 0.016170 -0.840297
v 0.050058 0.016168 -0.840297
v 0.049833 0.016194 -0.840297
v 0.049631 0.016246 -0.840297
v 0.049454 0.016326 -0.840297
v 0.049303 0.016432 -0.840297
v 0.049177 0.016564 -0.840297
v 0.049079 0.016721 -0.840297
v 0.049007 0.016905 -0.840297
v 0.048964 0.017114 -0.840297
v 0.048949 0.017349 -0.840297
v 0.048946 0.018169 -0.840297
v 0.048946 0.018990 -0.840297
v 0.048947 0.019812 -0.840297
v 0.048951 0.020634 -0.840297
v 0.048955 0.021457 -0.840297
v 0.048960 0.022280 -0.840297
v 0.048966 0.023104 -0.840297
v 0.048972 0.023928 -0.840297
v 0.048977 0.024752 -0.840297
v 0.048981 0.025576 -0.840297
v 0.048984 0.026401 -0.840297
v 0.048985 0.027225 -0.840297
v 0.048988 0.027300 -0.840297
v 0.048997 0.027367 -0.840297
v 0.049013 0.027425 -0.840297
v 0.049037 0.027476 -0.840297
v 0.049068 0.027519 -0.840297
v 0.049108 0.027556 -0.840297
v 0.049157 0.027586 -0.840297
v 0.049215 0.027609 -0.840297
v 0.049282 0.027627 -0.840297
v 0.049360 0.027639 -0.840297
v 0.049449 0.027646 -0.840297
v 0.049549 0.027648 -0.840297
v 0.049679 0.027648 -0.840297
v 0.050053 0.027647 -0.840297
v 0.050649 0.027646 -0.840297
v 0.051446 0.027645 -0.840297
v 0.052420 0.027643 -0.840297
v 0.053549 0.027642 -0.840297
v 0.054811 0.027641 -0.840297
v 0.056185 0.027641 -0.840297
v 0.057646 0.027641 -0.840297
v 0.059174 0.027642 -0.840297
v 0.060745 0.027645 -0.840297
v 0.062338 0.027648 -0.840297
v 0.062444 0.027646 -0.840297
v 0.062540 0.027639 -0.840297
v 0.062626 0.027626 -0.840297
v 0.062702 0.027608 -0.840297
v 0.062768 0.027583 -0.840297
v 0.062823 0.027552 -0.840297
v 0.062869 0.027512 -0.840297
v 0.062904 0.027466 -0.840297
v 0.062929 0.027410 -0.840297
v 0.062943 0.027346 -0.840297
v 0.062946 0.027273 -0.840297
v 0.062938 0.027190 -0.840297
v 0.062934 0.027158 -0.840297
v 0.062932 0.027126 -0.840297
v 0.062931 0.027092 -0.840297
v 0.062930 0.027057 -0.840297
v 0.062931 0.027022 -0.840297
v 0.062932 0.026987 -0.840297
v 0.062933 0.026952 -0.840297
v 0.062934 0.026917 -0.840297
v 0.062936 0.026882 -0.840297
v 0.062937 0.026849 -0.840297
v 0.062938 0.026816 -0.840297
v 0.062938 0.026784 -0.840297
v 0.062938 0.026604 -0.840297
v 0.062938 0.026082 -0.840297
v 0.062938 0.025250 -0.840297
v 0.062938 0.024140 -0.840297
v 0.062938 0.022782 -0.840297
v 0.062938 0.021207 -0.840297
v 0.062938 0.019446 -0.840297
v 0.062938 0.017530 -0.840297
v 0.062938 0.015490 -0.840297
v 0.062938 0.013357 -0.840297
v 0.062938 0.011162 -0.840297
v 0.062938 0.008936 -0.854297
v 0.062938 0.008785 -0.854297
v 0.062938 0.008348 -0.854297
v 0.062938 0.007651 -0.854297
v 0.062938 0.006720 -0.854297
v 0.062938 0.005582 -0.854297
v 0.062938 0.004262 -0.854297
v 0.062938 0.002787 -0.854297
v 0.062938 0.001181 -0.854297
v 0.062938 -0.000528 -0.854297
v 0.062938 -0.002315 -0.854297
v 0.062938 -0.004155 -0.854297
v 0.062938 -0.006020 -0.854297
v 0.062938 -0.006278 -0.854297
v 0.062938 -0.007025 -0.854297
v 0.062938 -0.008214 -0.854297
v 0.062938 -0.009803 -0.854297
v 0.062938 -0.011747 -0.854297
v 0.062938 -0.014000 -0.854297
v 0.062938 -0.016520 -0.854297
v 0.062938 -0.019261 -0.854297
v 0.062938 -0.022180 -0.854297
v 0.062938 -0.025232 -0.854297
v 0.062938 -0.028373 -0.854297
v 0.062938 -0.031557 -0.854297
v 0.062938 -0.031736 -0.854297
v 0.062934 -0.031884 -0.854297
v 0.062922 -0.032006 -0.854297
v 0.062901 -0.032104 -0.854297
v 0.062865 -0.032179 -0.854297
v 0.062812 -0.032236 -0.854297
v 0.062739 -0.032277 -0.854297
v 0.062640 -0.032305 -0.854297
v 0.062514 -0.032321 -0.854297
v 0.062356 -0.032330 -0.854297
v 0.062164 -0.032333 -0.854297
v 0.061933 -0.032333 -0.854297
v 0.061796 -0.032333 -0.854297
v 0.061659 -0.032331 -0.854297
v 0.061523 -0.032328 -0.854297
v 0.061386 -0.032326 -0.854297
v 0.061249 -0.032323 -0.854297
v 0.061112 -0.032320 -0.854297
v 0.060976 -0.032318 -0.854297
v 0.060839 -0.032318 -0.854297
v 0.060702 -0.032319 -0.854297
v 0.060566 -0.032321 -0.854297
v 0.060429 -0.032326 -0.854297
v 0.060292 -0.032333 -0.854297
v 0.060155 -0.032341 -0.854297
v 0.060033 -0.032338 -0.854297
v 0.059926 -0.032325 -0.854297
v 0.059832 -0.032301 -0.854297
v 0.059750 -0.032267 -0.854297
v 0.059679 -0.032223 -0.854297
v 0.059618 -0.032170 -0.854297
v 0.059564 -0.032107 -0.854297
v 0.059518 -0.032036 -0.854297
v 0.059478 -0.031955 -0.854297
v 0.059442 -0.031866 -0.854297
v 0.059410 -0.031769 -0.854297
v 0.059035 -0.030627 -0.854297
v 0.058578 -0.029529 -0.854297
v 0.058041 -0.028476 -0.854297
v 0.057423 -0.027466 -0.854297
v 0.056725 -0.026501 -0.854297
v 0.055946 -0.025581 -0.854297
v 0.055087 -0.024705 -0.854297
v 0.054147 -0.023873 -0.854297
v 0.053127 -0.023086 -0.854297
v 0.052026 -0.022344 -0.854297
v 0.050845 -0.021646 -0.854297
v 0.049584 -0.020993 -0.854297
v 0.049487 -0.020944 -0.854297
v 0.049399 -0.020894 -0.854297
v 0.049320 -0.020842 -0.854297
v 0.049249 -0.020787 -0.854297
v 0.049186 -0.020730 -0.854297
v 0.049132 -0.020669 -0.854297
v 0.049087 -0.020604 -0.854297
v 0.049050 -0.020535 -0.854297
v 0.049021 -0.020460 -0.854297
v 0.049001 -0.020380 -0.854297
v 0.048989 -0.020293 -0.854297
v 0.048985 -0.020200 -0.854297
v 0.048992 -0.019785 -0.854297
v 0.048998 -0.019372 -0.854297
v 0.049003 -0.018959 -0.854297
v 0.049006 -0.018546 -0.854297
v 0.049008 -0.018134 -0.854297
v 0.049009 -0.017722 -0.854297
v 0.049010 -0.017309 -0.854297
v 0.049011 -0.016897 -0.854297
v 0.049012 -0.016484 -0.854297
v 0.049014 -0.016071 -0.854297
v 0.049016 -0.015658 -0.854297
v 0.049020 -0.015244 -0.854297
v 0.049021 -0.015173 -0.854297
v 0.049024 -0.015103 -0.854297
v 0.049030 -0.015032 -0.854297
v 0.049038 -0.014962 -0.854297
v 0.049048 -0.014892 -0.854297
v 0.049060 -0.014823 -0.854297
v 0.049074 -0.014753 -0.854297
v 0.049091 -0.014684 -0.854297
v 0.049109 -0.014616 -0.854297
v 0.049130 -0.014548 -0.854297
v 0.049153 -0.014481 -0.854297
v 0.049179 -0.014415 -0.854297
v 0.049236 -0.014304 -0.854297
v 0.049302 -0.014200 -0.854297
v 0.049378 -0.014104 -0.854297
v 0.049462 -0.014018 -0.854297
v 0.049556 -0.013942 -0.854297
v 0.049659 -0.013877 -0.854297
v 0.049772 -0.013823 -0.854297
v 0.049895 -0.013782 -0.854297
v 0.050027 -0.013755 -0.854297
v 0.050169 -0.013742 -0.854297
v 0.050322 -0.013744 -0.854297
v 0.050484 -0.013762 -0.854297
v 0.050726 -0.013799 -0.854297
v 0.050968 -0.013839 -0.854297
v 0.051209 -0.013882 -0.854297
v 0.051450 -0.013925 -0.854297
v 0.051692 -0.013970 -0.854297
v 0.051933 -0.014016 -0.854297
v 0.052174 -0.014061 -0.854297
v 0.052417 -0.014104 -0.854297
v 0.052660 -0.014147 -0.854297
v 0.052904 -0.014186 -0.854297
v 0.053149 -0.014223 -0.854297
v 0.053395 -0.014256 -0.854297
v 0.053542 -0.014273 -0.854297
v 0.053691 -0.014289 -0.854297
v 0.053842 -0.014303 -0.854297
v 0.053995 -0.014315 -0.854297
v 0.054148 -0.014323 -0.854297
v 0.054301 -0.014329 -0.854297
v 0.054454 -0.014330 -0.854297
v 0.054606 -0.014327 -0.854297
v 0.054757 -0.014318 -0.854297
v 0.054905 -0.014304 -0.854297
v 0.055051 -0.014283 -0.854297
v 0.055194 -0.014256 -0.854297
v 0.055449 -0.014191 -0.854297
v 0.055686 -0.014102 -0.854297
v 0.055902 -0.013992 -0.854297
v 0.056099 -0.013862 -0.854297
v 0.056275 -0.013714 -0.854297
v 0.056429 -0.013548 -0.854297
v 0.056561 -0.013368 -0.854297
v 0.056671 -0.013174 -0.854297
v 0.056757 -0.012969 -0.854297
v 0.056819 -0.012753 -0.854297
v 0.056857 -0.012529 -0.854297
v 0.056870 -0.012298 -0.854297
v 0.056870 -0.011619 -0.854297
v 0.056871 -0.010939 -0.854297
v 0.056873 -0.010259 -0.854297
v 0.056874 -0.009578 -0.854297
v 0.056877 -0.008897 -0.854297
v 0.056879 -0.008215 -0.854297
v 0.056881 -0.007534 -0.854297
v 0.056883 -0.006853 -0.854297
v 0.056885 -0.006172 -0.854297
v 0.056886 -0.005492 -0.854297
v 0.056887 -0.004812 -0.854297
v 0.056888 -0.004133 -0.854297
v 0.056888 -0.002546 -0.854297
v 0.056887 -0.000959 -0.854297
v 0.056887 0.000626 -0.854297
v 0.056886 0.002211 -0.854297
v 0.056884 0.003796 -0.854297
v 0.056881 0.005380 -0.854297
v 0.056877 0.006964 -0.854297
v 0.056872 0.008547 -0.854297
v 0.056865 0.010131 -0.854297
v 0.056857 0.011714 -0.854297
v 0.056847 0.013297 -0.854297
v 0.056835 0.014880 -0.854297
v 0.056829 0.015013 -0.854297
v 0.056812 0.015148 -0.854297
v 0.056785 0.015283 -0.854297
v 0.056748 0.015419 -0.854297
v 0.056702 0.015555 -0.854297
v 0.056647 0.015689 -0.854297
v 0.056585 0.015821 -0.854297
v 0.056516 0.015951 -0.854297
v 0.056440 0.016078 -0.854297
v 0.056359 0.016200 -0.854297
v 0.056273 0.016319 -0.854297
v 0.056182 0.016432 -0.854297
v 0.056007 0.016605 -0.854297
v 0.055818 0.016746 -0.854297
v 0.055616 0.016858 -0.854297
v 0.055403 0.016943 -0.854297
v 0.055180 0.017003 -0.854297
v 0.054949 0.017040 -0.854297
v 0.054711 0.017057 -0.854297
v 0.054468 0.017055 -0.854297
v 0.054220 0.017037 -0.854297
v 0.053969 0.017005 -0.854297
v 0.053717 0.016961 -0.854297
v 0.053465 0.016908 -0.854297
v 0.053246 0.016858 -0.854297
v 0.053028 0.016806 -0.854297
v 0.052812 0.016751 -0.854297
v 0.052597 0.016696 -0.854297
v 0.052383 0.016639 -0.854297
v 0.052169 0.016582 -0.854297
v 0.051955 0.016524 -0.854297
v 0.051740 0.016468 -0.854297
v 0.051525 0.016412 -0.854297
v 0.051309 0.016357 -0.854297
v 0.051092 0.016305 -0.854297
v 0.050872 0.016255 -0.854297
v 0.050579 0.016199 -0.854297
v 0.050307 0.016170 -0.854297
v 0.050058 0.016168 -0.854297
v 0.049833 0.016194 -0.854297
v 0.049631 0.016246 -0.854297
v 0.049454 0.016326 -0.854297
v 0.049303 0.016432 -0.854297
v 0.049177 0.016564 -0.854297
v 0.049079 0.016721 -0.854297
v 0.049007 0.016905 -0.854297
v 0.048964 0.017114 -0.854297
v 0.048949 0.017349 -0.854297
v 0.048946 0.018169 -0.854297
v 0.048946 0.018990 -0.854297
v 0.048947 0.019812 -0.854297
v 0.048951 0.020634 -0.854297
v 0.048955 0.021457 -0.854297
v 0.048960 0.022280 -0.854297
v 0.048966 0.023104 -0.854297
v 0.048972 0.023928 -0.854297
v 0.048977 0.024752 -0.854297
v 0.048981 0.025576 -0.854297
v 0.048984 0.026401 -0.854297
v 0.048985 0.027225 -0.854297
v 0.048988 0.027300 -0.854297
v 0.048997 0.027367 -0.854297
v 0.049013 0.027425 -0.854297
v 0.049037 0.027476 -0.854297
v 0.049068 0.027519 -0.854297
v 0.049108 0.027556 -0.854297
v 0.049157 0.027586 -0.854297
v 0.049215 0.027609 -0.854297
v 0.049282 0.027627 -0.854297
v 0.049360 0.027639 -0.854297
v 0.049449 0.027646 -0.854297
v 0.049549 0.027648 -0.854297
v 0.049679 0.027648 -0.854297
v 0.050053 0.027647 -0.854297
v 0.050649 0.027646 -0.854297
v 0.051446 0.027645 -0.854297
v 0.052420 0.027643 -0.854297
v 0.053549 0.027642 -0.854297
v 0.054811 0.027641 -0.854297
v 0.056185 0.027641 -0.854297
v 0.057646 0.027641 -0.854297
v 0.059174 0.027642 -0.854297
v 0.060745 0.027645 -0.854297
v 0.062338 0.027648 -0.854297
v 0.062444 0.027646 -0.854297
v 0.062540 0.027639 -0.854297
v 0.062626 0.027626 -0.854297
v 0.062702 0.027608 -0.854297
v 0.062768 0.027583 -0.854297
v 0.062823 0.027552 -0.854297
v 0.062869 0.027512 -0.854297
v 0.062904 0.027466 -0.854297
v 0.062929 0.027410 -0.854297
v 0.062943 0.027346 -0.854297
v 0.062946 0.027273 -0.854297
v 0.062938 0.027190 -0.854297
v 0.062934 0.027158 -0.854297
v 0.062932 0.027126 -0.854297
v 0.062931 0.027092 -0.854297
v 0.062930 0.027057 -0.854297
v 0.062931 0.027022 -0.854297
v 0.062932 0.026987 -0.854297
v 0.062933 0.026952 -0.854297
v 0.062934 0.026917 -0.854297
v 0.062936 0.026882 -0.854297
v 0.062937 0.026849 -0.854297
v 0.062938 0.026816 -0.854297
v 0.062938 0.026784 -0.854297
v 0.062938 0.026604 -0.854297
v 0.062938 0.026082 -0.854297
v 0.062938 0.025250 -0.854297
v 0.062938 0.024140 -0.854297
v 0.062938 0.022782 -0.854297
v 0.062938 0.021207 -0.854297
v 0.062938 0.019446 -0.854297
v 0.062938 0.017530 -0.854297
v 0.062938 0.015490 -0.854297
v 0.062938 0.013357 -0.854297
v 0.062938 0.011162 -0.854297
vn -1.0000 -0.0000 -0.0000
vn -1.0000 -0.0000 -0.0002
vn -1.0000 -0.0000 0.0002
vn -1.0000 -0.0000 -0.0001
vn -1.0000 -0.0000 0.0001
vn -1.0000 -0.0000 -0.0012
vn -0.0000 0.0102 -0.9999
vn -0.0000 0.9998 0.0215
vn -0.0000 0.0013 -1.0000
vn -0.0000 -0.9783 0.2070
vn -0.0000 -0.9998 0.0192
vn -0.0000 -0.5726 -0.8198
vn -0.0000 -0.0000 1.0000
vn -0.0000 0.0039 -1.0000
vn -0.0000 -0.9289 -0.3703
vn -0.0000 -0.8609 -0.5087
vn -0.0000 1.0000 0.0015
vn -0.0000 -0.4703 -0.8825
vn -0.0000 0.0031 -1.0000
vn -0.0000 -0.8516 -0.5241
vn -0.0000 -0.0042 -1.0000
vn -0.0000 1.0000 0.0078
vn -0.0000 -0.0077 -1.0000
vn -0.0000 -0.9999 -0.0131
vn -0.0000 0.9675 -0.2530
vn -0.0000 -0.6890 -0.7248
vn -0.0000 0.9890 0.1480
vn -0.0000 -0.0007 -1.0000
vn -0.0000 0.0400 -0.9992
vn -0.0000 -0.6802 0.7331
vn -0.0000 -0.4542 -0.8909
vn -0.0000 0.0055 -1.0000
vn -0.0000 0.9035 -0.4286
vn -0.0000 0.0432 0.9991
vn -0.0000 -0.5220 -0.8529
vn -0.0000 -0.9751 0.2217
vn -0.0000 -0.7573 -0.6531
vn -0.0000 -0.9680 0.2511
vn -0.0000 0.3264 -0.9452
vn -0.0000 -0.1158 0.9933
vn -0.0000 0.9944 0.1060
vn -0.0000 0.0775 -0.9970
vn -0.0000 -1.0000 0.0073
vn -0.0000 0.0025 -1.0000
vn -0.0000 0.0553 -0.9985
vn -0.0000 -0.6255 -0.7802
vn -0.0000 0.0020 -1.0000
vn -0.0000 -0.9994 0.0357
vn -0.0000 -0.9819 0.1894
vn -0.0000 -0.2627 -0.9649
vn -0.0000 -0.1387 -0.9903
vn -0.0000 0.8337 -0.5523
vn -0.0000 0.9359 0.3521
vn -0.0000 -0.8370 -0.5472
vn -0.0000 -0.0032 -1.0000
vn -0.0000 -0.7003 -0.7139
vn -0.0000 -0.9667 0.2559
vn -0.0000 1.0000 -0.0003
vn -0.0000 -0.9974 0.0724
vn -0.0000 -0.9998 -0.0209
vn -0.0000 -0.7113 -0.7029
vn -0.0000 0.0005 -1.0000
vn -0.0000 1.0000 0.0023
vn -0.0000 -0.3224 -0.9466
vn -0.0000 -0.9921 -0.1258
vn -0.0000 -0.3713 -0.9285
vn -0.0000 0.0026 -1.0000
vn -0.0000 0.5865 -0.8100
vn -0.0000 0.4920 -0.8706
vn -0.0000 0.9912 0.1327
vn -0.0000 -0.6621 -0.7494
vn -0.0000 0.0083 1.0000
vn -0.0000 0.9838 0.1792
vn -0.0000 0.0061 -1.0000
vn -0.0000 -0.0000 -1.0000
vn -0.0000 0.9840 0.1782
vn -0.0000 -0.0037 -1.0000
vn -0.0000 0.9822 -0.1878
vn -0.0000 -0.8750 0.4842
vn -0.0000 0.9486 -0.3165
vn -0.0000 0.9971 0.0764
vn -0.0000 -0.5296 -0.8482
vn -0.0000 -0.9676 -0.2524
vn -0.0000 -0.9999 0.0161
vn -0.0000 0.3871 -0.9220
vn -0.0000 0.0400 0.9992
vn -0.0000 -0.9679 0.2511
vn -0.0000 0.9690 -0.2470
vn -0.0000 -0.7918 -0.6108
vn -0.0000 -0.0905 0.9959
vn -0.0000 -0.9751 0.2216
vn -0.0000 0.9984 0.0567
vn -0.0000 0.9938 0.1112
vn -0.0000 -0.0935 0.9956
vn -0.0000 -0.9657 -0.2595
vn -0.0000 0.9853 0.1707
vn -0.0000 0.6999 -0.7142
vn -0.0000 -0.5130 -0.8584
vn -0.0000 0.5994 0.8005
vn -0.0000 0.2343 -0.9722
vn -0.0000 -0.0434 -0.9991
vn -0.0000 0.0091 -1.0000
vn -0.0000 0.0074 -1.0000
vn -0.0000 -0.3624 -0.9320
vn -0.0000 -0.4697 -0.8828
vn -0.0000 0.9717 0.2361
vn -0.0000 -0.0012 -1.0000
vn -0.0000 0.9885 0.1510
vn -0.0000 -0.8880 -0.4598
vn -0.0000 0.7767 -0.6299
vn -0.0000 1.0000 0.0003
vn -0.0000 1.0000 -0.0023
vn -0.0000 0.2637 -0.9646
vn -0.0000 0.0153 -0.9999
vn -0.0000 1.0000 0.0018
vn -0.0000 0.0046 -1.0000
vn -0.0000 0.9881 -0.1541
vn -0.0000 0.7638 -0.6454
vn -0.0000 1.0000 0.0024
vn -0.0000 -0.3580 -0.9337
vn -0.0000 0.1407 -0.9901
vn -0.0000 0.9984 -0.0569
vn -0.0000 0.7376 -0.6753
vn -0.0000 -0.8928 -0.4504
vn -0.0000 -0.6477 -0.7619
vn -0.0000 0.0064 -1.0000
vn -0.0000 0.0050 -1.0000
vn -0.0000 -0.5863 -0.8101
vn -0.0000 -0.0006 -1.0000
vn -0.0000 -0.0431 -0.9991
vn -0.0000 -0.7931 -0.6091
vn -0.0000 -0.7489 -0.6627
vn -0.0000 0.9932 0.1161
vn -0.0000 -0.9985 0.0540
vn -0.0000 -0.9944 0.1061
vn -0.0000 -0.3139 -0.9495
vn -0.0000 0.9830 0.1836
vn -0.0000 0.9849 0.1730
vn -0.0000 -0.0017 -1.0000
vn -0.0000 -0.9699 0.2435
vn -0.0000 -0.5414 -0.8408
vn -0.0000 -0.9660 0.2585
vn -0.0000 -0.9723 0.2338
vn -0.0000 -0.0102 0.9999
vn -0.0000 -0.9920 0.1265
vn -0.0000 -0.9693 -0.2461
vn -0.0000 0.9792 -0.2029
vn -0.0000 -0.9873 -0.1589
vn -0.0000 1.0000 0.0007
vn -0.0000 0.4587 -0.8886
vn -0.0000 -0.5518 -0.8340
vn -0.0000 -0.9984 0.0564
vn -0.0000 -0.8006 -0.5992
vn -0.0000 -1.0000 -0.0048
vn -0.0000 0.1402 -0.9901
vn -0.0000 -0.1242 -0.9923
vn -0.0000 -0.8290 -0.5593
vn -0.0000 -0.3760 -0.9266
vn -0.0000 0.0029 -1.0000
vn -0.0000 0.0022 -1.0000
vn -0.0000 -0.9633 0.2686
vn -0.0000 -0.0052 -1.0000
vn -0.0000 0.0267 0.9996
vn -0.0000 -1.0000 0.0021
vn -0.0000 -0.9998 -0.0183
vn -0.0000 -0.0001 -1.0000
vn -0.0000 -0.2156 0.9765
vn -0.0000 0.0014 -1.0000
vn -0.0000 -0.9915 0.1300
vn -0.0000 -0.0390 0.9992
vn -0.0000 0.0032 -1.0000
vn -0.0000 0.0349 0.9994
vn -0.0000 0.6825 -0.7309
vn -0.0000 0.0249 0.9997
vn -0.0000 0.9955 -0.0950
vn -0.0000 -0.0030 1.0000
vn -0.0000 0.7587 0.6514
vn -0.0000 0.0430 0.9991
vn -0.0000 0.0185 -0.9998
vn -0.0000 -0.7356 -0.6774
vn -0.0000 -0.2026 -0.9793
vn -0.0000 0.2129 0.9771
vn -0.0000 -0.9123 -0.4096
vn -0.0000 0.2779 -0.9606
vn -0.0000 -0.3124 -0.9499
vn -0.0000 0.9972 0.0744
vn -0.0000 0.9366 -0.3505
vn -0.0000 0.9895 0.1449
vn -0.0000 1.0000 -0.0015
vn -0.0000 0.9994 0.0342
vn -0.0000 1.0000 0.0011
vn -0.0000 1.0000 0.0021
vn -0.0000 0.9869 0.1611
vn -0.0000 -0.9243 -0.3818
vn -0.0000 0.8524 -0.5228
vn -0.0000 -1.0000 0.0057
vn -0.0000 0.9829 0.1843
vn -0.0000 0.0033 -1.0000
vn -0.0000 0.9866 0.1631
vn -0.0000 0.9958 -0.0914
vn -0.0000 -0.8200 -0.5723
vn -0.0000 0.8914 -0.4531
vn -0.0000 0.1670 -0.9860
vn -0.0000 -1.0000 -0.0052
vn -0.0000 0.5388 -0.8424
vn -0.0000 0.8453 -0.5343
vn -0.0000 0.9969 -0.0790
vn -0.0000 0.1721 -0.9851
vn -0.0000 -0.9723 0.2339
vn -0.0000 0.2950 -0.9555
vn -0.0000 0.2666 -0.9638
vn -0.0000 0.0040 -1.0000
vn -0.0000 -0.9698 0.2437
vn -0.0000 0.0478 -0.9989
vn -0.0000 0.0068 -1.0000
vn -0.0000 0.0364 0.9993
vn -0.0000 0.0144 -0.9999
vn -0.0000 -0.9976 -0.0689
vn -0.0000 0.0034 -1.0000
vn -0.0000 -0.4238 0.9058
vn -0.0000 -0.5897 -0.8076
vn -0.0000 -0.2472 -0.9690
vn -0.0000 -0.0747 0.9972
vn -0.0000 -0.1970 -0.9804
vn -0.0000 -0.8689 -0.4950
vn -0.0000 -0.0025 -1.0000
vn -0.0000 -0.6459 -0.7634
vn -0.0000 0.1097 -0.9940
vn -0.0000 -0.4485 -0.8938
vn -0.0000 -1.0000 0.0060
vn -0.0000 0.8706 0.4920
vn -0.0000 -0.9997 -0.0245
vn -0.0000 -0.9661 0.2583
vn -0.0000 -0.9853 0.1711
vn -0.0000 -0.8742 -0.4856
vn -0.0000 1.0000 -0.0009
vn -0.0000 0.9998 -0.0219
vn -0.0000 -0.4252 -0.9051
vn -0.0000 0.0021 -1.0000
vn -0.0000 -0.0064 -1.0000
vn -0.0000 0.5912 -0.8065
vn -0.0000 0.9957 0.0923
vn -0.0000 -0.9985 0.0544
vn -0.0000 -0.0004 -1.0000
vn -0.0000 0.9997 -0.0226
vn -0.0000 0.4222 -0.9065
vn -0.0000 -0.0271 0.9996
vn -0.0000 0.0075 1.0000
vn -0.0000 -0.0623 -0.9981
vn -0.0000 0.9903 -0.1391
vn -0.0000 0.9831 0.1829
vn -0.0000 -0.3839 -0.9234
vn -0.0000 0.9999 0.0137
vn -0.0000 0.3561 -0.9344
vn -0.0000 0.4081 0.9129
vn -0.0000 0.6197 -0.7848
vn -0.0000 0.9263 -0.3769
vn -0.0000 -0.9936 -0.1132
vn -0.0000 0.2020 -0.9794
vn -0.0000 0.0063 -1.0000
vn -0.0000 -0.8750 0.4841
vn -0.0000 0.9822 -0.1877
vn -0.0000 -0.0036 -1.0000
vn -0.0000 0.0084 1.0000
vn -0.0000 -0.6625 -0.7490
vn -0.0000 0.4921 -0.8706
vn -0.0000 0.5862 -0.8101
vn -0.0000 -0.3711 -0.9286
vn -0.0000 -0.3223 -0.9467
vn -0.0000 0.0006 -1.0000
vn -0.0000 -0.9974 0.0725
vn -0.0000 -0.8369 -0.5474
vn -0.0000 0.9359 0.3522
vn -0.0000 -0.1392 -0.9903
vn -0.0000 -0.2628 -0.9648
vn -0.0000 -0.6256 -0.7801
vn -0.0000 0.0550 -0.9985
vn -0.0000 0.0023 -1.0000
vn -0.0000 0.0773 -0.9970
vn -0.0000 -0.1150 0.9934
vn -0.0000 -0.7574 -0.6530
vn -0.0000 0.0444 0.9990
vn -0.0000 0.0054 -1.0000
vn -0.0000 -0.6803 0.7330
vn -0.0000 0.0399 -0.9992
vn -0.0000 -0.6890 -0.7247
vn -0.0000 0.9675 -0.2529
vn -0.0000 -0.8517 -0.5240
vn -0.0000 0.0030 -1.0000
vn -0.0000 -0.4707 -0.8823
vn -0.0000 -0.9289 -0.3704
vn -0.0000 -0.5725 -0.8199
vn -0.0000 0.0103 -0.9999
vn -0.0000 0.2022 -0.9793
vn -0.0000 0.9263 -0.3768
vn -0.0000 0.6195 -0.7850
vn -0.0000 0.4073 0.9133
vn -0.0000 0.3555 -0.9347
vn -0.0000 0.9831 0.1828
vn -0.0000 0.0095 1.0000
vn -0.0000 0.0069 -1.0000
vn -0.0000 -0.0268 0.9996
vn -0.0000 0.4217 -0.9068
vn -0.0000 0.5911 -0.8066
vn -0.0000 -0.4249 -0.9053
vn -0.0000 -0.8742 -0.4857
vn -0.0000 -0.9660 0.2584
vn -0.0000 0.8703 0.4926
vn -0.0000 -0.4482 -0.8939
vn -0.0000 0.1102 -0.9939
vn -0.0000 -0.8688 -0.4951
vn -0.0000 -0.1971 -0.9804
vn -0.0000 -0.0749 0.9972
vn -0.0000 -0.2462 -0.9692
vn -0.0000 -0.4231 0.9061
vn -0.0000 0.0143 -0.9999
vn -0.0000 0.0374 0.9993
vn -0.0000 0.0481 -0.9988
vn -0.0000 -0.9699 0.2437
vn -0.0000 0.2682 -0.9634
vn -0.0000 0.2948 -0.9556
vn -0.0000 0.1723 -0.9851
vn -0.0000 0.9969 -0.0789
vn -0.0000 0.8454 -0.5341
vn -0.0000 0.5391 -0.8422
vn -0.0000 0.1668 -0.9860
vn -0.0000 0.8915 -0.4531
vn -0.0000 -0.8200 -0.5724
vn -0.0000 0.0019 -1.0000
vn -0.0000 0.8525 -0.5228
vn -0.0000 -0.9241 -0.3821
vn -0.0000 0.9869 0.1612
vn -0.0000 0.9895 0.1448
vn -0.0000 0.9972 0.0745
vn -0.0000 -0.3124 -0.9500
vn -0.0000 0.2778 -0.9606
vn -0.0000 0.2122 0.9772
vn -0.0000 -0.2025 -0.9793
vn -0.0000 0.0186 -0.9998
vn -0.0000 0.0435 0.9991
vn -0.0000 0.7589 0.6512
vn -0.0000 -0.0034 1.0000
vn -0.0000 0.0245 0.9997
vn -0.0000 0.0359 0.9994
vn -0.0000 -0.0394 0.9992
vn -0.0000 -0.9915 0.1301
vn -0.0000 0.0015 -1.0000
vn -0.0000 -0.2166 0.9763
vn -0.0000 0.0264 0.9997
vn -0.0000 -0.0053 -1.0000
vn -0.0000 -0.9633 0.2684
vn -0.0000 -0.3764 -0.9265
vn -0.0000 -0.8290 -0.5592
vn -0.0000 -0.1239 -0.9923
vn -0.0000 0.1396 -0.9902
vn -0.0000 -0.5517 -0.8340
vn -0.0000 0.4584 -0.8887
vn -0.0000 -0.9693 -0.2460
vn -0.0000 -0.0096 1.0000
vn -0.0000 -0.5414 -0.8407
vn -0.0000 -0.9699 0.2436
vn -0.0000 0.9830 0.1835
vn -0.0000 -0.3142 -0.9493
vn -0.0000 -0.7933 -0.6089
vn -0.0000 -0.6478 -0.7618
vn -0.0000 -0.8928 -0.4505
vn -0.0000 0.7370 -0.6759
vn -0.0000 -0.3584 -0.9336
vn -0.0000 0.7637 -0.6456
vn -0.0000 0.0048 -1.0000
vn -0.0000 0.0151 -0.9999
vn -0.0000 0.2655 -0.9641
vn -0.0000 0.7765 -0.6301
vn -0.0000 0.9885 0.1511
vn -0.0000 -0.4698 -0.8828
vn -0.0000 -0.3625 -0.9320
vn -0.0000 0.0073 -1.0000
vn -0.0000 0.0090 -1.0000
vn -0.0000 0.2330 -0.9725
vn -0.0000 0.5999 0.8001
vn -0.0000 -0.5127 -0.8586
vn -0.0000 0.7003 -0.7139
vn -0.0000 0.9853 0.1706
vn -0.0000 -0.9658 -0.2594
vn -0.0000 -0.0933 0.9956
vn -0.0000 -0.0904 0.9959
vn -0.0000 0.9690 -0.2471
vn -0.0000 -0.9679 0.2512
vn -0.0000 0.0398 0.9992
vn -0.0000 0.3873 -0.9219
vn -0.0000 -0.5300 -0.8480
vn 0.9996 0.0273 -0.0000
vn 0.0021 -1.0000 -0.0000
vn 0.2560 -0.9667 -0.0000
vn -0.0183 -0.9998 -0.0000
vn 1.0000 -0.0000 -0.0000
vn -1.0000 -0.0002 -0.0000
vn 0.0724 -0.9974 -0.0000
vn 0.9765 -0.2156 -0.0000
vn -1.0000 0.0014 -0.0000
vn -0.7030 -0.7112 -0.0000
vn 0.9992 -0.0388 -0.0000
vn 0.9994 0.0356 -0.0000
vn -0.7311 0.6823 -0.0000
vn -0.9467 -0.3221 -0.0000
vn -0.0951 0.9955 -0.0000
vn 0.6514 0.7587 -0.0000
vn 0.9991 0.0430 -0.0000
vn -0.9998 0.0187 -0.0000
vn -0.6773 -0.7357 -0.0000
vn -0.9792 -0.2029 -0.0000
vn -0.4096 -0.9123 -0.0000
vn -0.9500 -0.3124 -0.0000
vn 0.1448 0.9895 -0.0000
vn -0.0015 1.0000 -0.0000
vn 0.0021 1.0000 -0.0000
vn -0.3820 -0.9242 -0.0000
vn -0.5237 0.8519 -0.0000
vn 0.0057 -1.0000 -0.0000
vn 0.1843 0.9829 -0.0000
vn -1.0000 0.0034 -0.0000
vn -0.9221 0.3870 -0.0000
vn -1.0000 0.0019 -0.0000
vn -0.2471 0.9690 -0.0000
vn -0.0914 0.9958 -0.0000
vn 0.0567 0.9984 -0.0000
vn -0.5724 -0.8199 -0.0000
vn 0.9957 -0.0929 -0.0000
vn 0.1707 0.9853 -0.0000
vn -0.0052 -1.0000 -0.0000
vn -0.8426 0.5385 -0.0000
vn -0.0789 0.9969 -0.0000
vn -0.9852 0.1712 -0.0000
vn 0.2338 -0.9723 -0.0000
vn -0.9637 0.2669 -0.0000
vn -1.0000 0.0042 -0.0000
vn 0.2436 -0.9699 -0.0000
vn -0.0209 -0.9998 -0.0000
vn -1.0000 0.0068 -0.0000
vn 0.9993 0.0371 -0.0000
vn -0.9999 0.0141 -0.0000
vn -0.9322 -0.3620 -0.0000
vn -0.0689 -0.9976 -0.0000
vn 0.2361 0.9717 -0.0000
vn 0.9061 -0.4232 -0.0000
vn 0.1511 0.9885 -0.0000
vn -0.8078 -0.5895 -0.0000
vn 0.9972 -0.0743 -0.0000
vn -0.6301 0.7765 -0.0000
vn -0.9803 -0.1973 -0.0000
vn 0.0003 1.0000 -0.0000
vn -0.9643 0.2648 -0.0000
vn -1.0000 -0.0024 -0.0000
vn -0.9941 0.1089 -0.0000
vn -0.9999 0.0160 -0.0000
vn -1.0000 0.0049 -0.0000
vn -0.1541 0.9881 -0.0000
vn 0.0060 -1.0000 -0.0000
vn 0.4924 0.8704 -0.0000
vn -0.9333 -0.3590 -0.0000
vn -1.0000 0.0015 -0.0000
vn -0.9901 0.1402 -0.0000
vn 0.2584 -0.9660 -0.0000
vn -0.4503 -0.8929 -0.0000
vn -1.0000 0.0064 -0.0000
vn 0.1711 -0.9853 -0.0000
vn -0.8101 -0.5863 -0.0000
vn -0.4855 -0.8742 -0.0000
vn -0.0009 1.0000 -0.0000
vn -0.0219 0.9998 -0.0000
vn -0.9052 -0.4251 -0.0000
vn -1.0000 0.0022 -0.0000
vn -1.0000 -0.0064 -0.0000
vn -0.8065 0.5912 -0.0000
vn 0.1061 -0.9944 -0.0000
vn 0.1730 0.9849 -0.0000
vn 0.0923 0.9957 -0.0000
vn -1.0000 -0.0018 -0.0000
vn -1.0000 -0.0004 -0.0000
vn -0.0226 0.9997 -0.0000
vn -0.8406 -0.5417 -0.0000
vn 0.2583 -0.9661 -0.0000
vn -0.9068 0.4215 -0.0000
vn 0.1265 -0.9920 -0.0000
vn -1.0000 0.0067 -0.0000
vn -1.0000 0.0032 -0.0000
vn 0.0563 -0.9984 -0.0000
vn -0.5992 -0.8006 -0.0000
vn -0.9981 -0.0619 -0.0000
vn -0.1390 0.9903 -0.0000
vn 0.1829 0.9831 -0.0000
vn -0.5592 -0.8290 -0.0000
vn -0.9234 -0.3839 -0.0000
vn 0.0137 0.9999 -0.0000
vn -0.9265 -0.3764 -0.0000
vn -0.9344 0.3562 -0.0000
vn -0.7846 0.6200 -0.0000
vn -1.0000 -0.0052 -0.0000
vn -0.3765 0.9264 -0.0000
vn -0.1132 -0.9936 -0.0000
vn -0.9792 0.2031 -0.0000
vn -1.0000 0.0062 -0.0000
vn 0.2559 -0.9667 -0.0000
vn -0.9999 0.0104 -0.0000
vn -1.0000 0.0012 -0.0000
vn 0.2070 -0.9783 -0.0000
vn 0.0192 -0.9998 -0.0000
vn 0.1301 -0.9915 -0.0000
vn -0.8196 -0.5730 -0.0000
vn -1.0000 0.0031 -0.0000
vn -1.0000 0.0040 -0.0000
vn -0.3703 -0.9289 -0.0000
vn 0.9997 0.0253 -0.0000
vn -0.5087 -0.8609 -0.0000
vn -0.8823 -0.4707 -0.0000
vn 1.0000 -0.0033 -0.0000
vn -0.5237 -0.8519 -0.0000
vn 0.0078 1.0000 -0.0000
vn -1.0000 -0.0076 -0.0000
vn -0.0131 -0.9999 -0.0000
vn 0.9771 0.2129 -0.0000
vn -0.7247 -0.6890 -0.0000
vn 0.1480 0.9890 -0.0000
vn -0.9605 0.2781 -0.0000
vn -1.0000 -0.0007 -0.0000
vn 0.0745 0.9972 -0.0000
vn -0.3505 0.9366 -0.0000
vn 0.7323 -0.6810 -0.0000
vn -0.8909 -0.4542 -0.0000
vn 0.0342 0.9994 -0.0000
vn -0.4286 0.9035 -0.0000
vn 0.9991 0.0415 -0.0000
vn 0.0011 1.0000 -0.0000
vn -0.8529 -0.5220 -0.0000
vn 0.1611 0.9869 -0.0000
vn 0.2217 -0.9751 -0.0000
vn -0.6536 -0.7569 -0.0000
vn 0.2511 -0.9680 -0.0000
vn -0.9454 0.3260 -0.0000
vn 0.9932 -0.1162 -0.0000
vn 0.1060 0.9944 -0.0000
vn -0.9969 0.0786 -0.0000
vn 0.0073 -1.0000 -0.0000
vn -1.0000 0.0025 -0.0000
vn -0.9985 0.0552 -0.0000
vn 0.1630 0.9866 -0.0000
vn -0.7802 -0.6256 -0.0000
vn 0.0357 -0.9994 -0.0000
vn -0.4531 0.8915 -0.0000
vn -0.9649 -0.2626 -0.0000
vn -0.9902 -0.1397 -0.0000
vn -0.5522 0.8337 -0.0000
vn 0.3525 0.9358 -0.0000
vn -0.9860 0.1665 -0.0000
vn -0.5473 -0.8369 -0.0000
vn -0.5342 0.8454 -0.0000
vn -1.0000 -0.0033 -0.0000
vn -0.7139 -0.7003 -0.0000
vn -0.9554 0.2952 -0.0000
vn -0.0003 1.0000 -0.0000
vn -0.9989 0.0465 -0.0000
vn -1.0000 0.0004 -0.0000
vn 0.0023 1.0000 -0.0000
vn -0.9693 -0.2457 -0.0000
vn -0.1259 -0.9920 -0.0000
vn -0.4951 -0.8688 -0.0000
vn -0.9286 -0.3711 -0.0000
vn -0.7634 -0.6459 -0.0000
vn -1.0000 0.0026 -0.0000
vn -0.8095 0.5871 -0.0000
vn -0.8704 0.4923 -0.0000
vn 0.1327 0.9912 -0.0000
vn -0.7490 -0.6625 -0.0000
vn -0.8940 -0.4480 -0.0000
vn 0.9999 0.0113 -0.0000
vn 0.1793 0.9838 -0.0000
vn -1.0000 0.0061 -0.0000
vn -0.0245 -0.9997 -0.0000
vn 0.1782 0.9840 -0.0000
vn -1.0000 -0.0037 -0.0000
vn -0.1877 0.9822 -0.0000
vn 0.4841 -0.8750 -0.0000
vn -0.3165 0.9486 -0.0000
vn 0.0764 0.9971 -0.0000
vn -0.8479 -0.5302 -0.0000
vn -0.2524 -0.9676 -0.0000
vn 0.0161 -0.9999 -0.0000
vn 0.9992 0.0408 -0.0000
vn -0.6108 -0.7918 -0.0000
vn 0.9959 -0.0908 -0.0000
vn 0.0544 -0.9985 -0.0000
vn 0.1112 0.9938 -0.0000
vn -0.2595 -0.9657 -0.0000
vn -0.7140 0.7002 -0.0000
vn -0.8587 -0.5124 -0.0000
vn 0.7997 0.6003 -0.0000
vn 0.9996 -0.0273 -0.0000
vn -0.9724 0.2332 -0.0000
vn -0.9991 -0.0433 -0.0000
vn 0.9999 0.0102 -0.0000
vn -1.0000 0.0089 -0.0000
vn -1.0000 0.0072 -0.0000
vn -0.8829 -0.4695 -0.0000
vn -1.0000 -0.0012 -0.0000
vn -0.4598 -0.8880 -0.0000
vn 0.9133 0.4073 -0.0000
vn -0.0023 1.0000 -0.0000
vn -1.0000 0.0005 -0.0000
vn 0.0018 1.0000 -0.0000
vn -0.6456 0.7637 -0.0000
vn 0.0024 1.0000 -0.0000
vn 0.0215 0.9998 -0.0000
vn -0.0569 0.9984 -0.0000
vn -0.6755 0.7374 -0.0000
vn -0.7618 -0.6479 -0.0000
vn -1.0000 0.0051 -0.0000
vn 0.0015 1.0000 -0.0000
vn -1.0000 -0.0006 -0.0000
vn -0.9991 -0.0427 -0.0000
vn -1.0000 -0.0042 -0.0000
vn -0.6091 -0.7931 -0.0000
vn -0.2529 0.9675 -0.0000
vn -0.6627 -0.7489 -0.0000
vn 0.1160 0.9932 -0.0000
vn 0.0540 -0.9985 -0.0000
vn -0.9494 -0.3141 -0.0000
vn 0.1834 0.9830 -0.0000
vn -0.9992 0.0405 -0.0000
vn 0.2437 -0.9699 -0.0000
vn -1.0000 0.0054 -0.0000
vn 0.9999 -0.0121 -0.0000
vn -0.2460 -0.9693 -0.0000
vn -0.2029 0.9792 -0.0000
vn -0.1589 -0.9873 -0.0000
vn 0.0007 1.0000 -0.0000
vn -0.8887 0.4584 -0.0000
vn -0.8338 -0.5521 -0.0000
vn -0.0048 -1.0000 -0.0000
vn -0.9900 0.1411 -0.0000
vn -0.9923 -0.1241 -0.0000
vn -1.0000 0.0027 -0.0000
vn 0.1894 -0.9819 -0.0000
vn -0.0000 -0.9667 0.2560
vn -0.7802 -0.6255 -0.0000
vn -0.7490 -0.6626 -0.0000
vn 0.1792 0.9838 -0.0000
vn 0.7998 0.6003 -0.0000
vn -1.0000 0.0021 -0.0000
vn 0.2687 -0.9632 -0.0000
vn 0.9991 0.0431 -0.0000
vn -0.9499 -0.3124 -0.0000
vn -0.0790 0.9969 -0.0000
vn -0.9693 -0.2458 -0.0000
vn -0.0000 -0.0021 -1.0000
vn -0.0000 -0.0002 -1.0000
vn -0.0000 0.0008 -1.0000
vn -0.0000 0.0041 -1.0000
vn -0.0000 0.0003 -1.0000
vn -0.0000 -0.0062 -1.0000
vn -0.0000 0.0001 -1.0000
vn -0.0000 0.0017 -1.0000
vn -0.0000 0.0007 -1.0000
vn -0.0000 -0.0009 -1.0000
vn -0.0000 -0.0016 -1.0000
vn -0.0000 0.0056 -1.0000
vn -0.0000 -0.0058 -1.0000
vn -0.0000 0.0059 -1.0000
vn -0.0000 -0.0008 -1.0000
vn -0.0000 -0.0005 -1.0000
vn -0.0000 0.0159 -0.9999
vn -0.0000 -0.0014 -1.0000
vn -0.0000 0.0002 -1.0000
vn -0.0000 0.0004 -1.0000
vn -0.0000 -0.0003 -1.0000
vn -0.0000 -0.0027 -1.0000
vn -0.0000 -0.0013 -1.0000
vn -0.0000 0.0011 -1.0000
vn -0.0000 -0.0010 -1.0000
vn -0.0000 0.0009 -1.0000
vn -0.0000 0.0028 -1.0000
vn -0.0000 0.0024 -1.0000
vn -0.0000 -0.0071 -1.0000
vn -0.0000 0.0016 -1.0000
vn -0.0000 -0.0033 -1.0000
vn -0.0000 0.0010 -1.0000
vt 0.839465 0.000000
vt 0.836120 0.000000
vt 0.802676 0.000000
vt 0.401338 0.000000
vt 0.337793 0.000000
vt 0.334448 0.000000
vt 0.444816 0.000000
vt 0.297659 0.000000
vt 0.237458 0.000000
vt 0.852843 0.000000
vt 0.849498 0.000000
vt 0.799331 0.000000
vt 0.404682 0.000000
vt 0.331104 0.000000
vt 0.926421 0.000000
vt 0.889632 0.000000
vt 0.929766 0.000000
vt 0.846154 0.000000
vt 0.842809 0.000000
vt 0.391304 0.000000
vt 0.367893 0.000000
vt 0.364549 0.000000
vt 0.759197 0.000000
vt 0.755853 0.000000
vt 0.735786 0.000000
vt 0.862876 0.000000
vt 0.785953 0.000000
vt 0.782609 0.000000
vt 0.959866 0.000000
vt 0.882943 0.000000
vt 0.963211 0.000000
vt 0.923077 0.000000
vt 0.892977 0.000000
vt 0.795987 0.000000
vt 0.832776 0.000000
vt 0.829431 0.000000
vt 0.806020 0.000000
vt 0.856187 0.000000
vt 0.792642 0.000000
vt 0.752508 0.000000
vt 0.742475 0.000000
vt 0.739130 0.000000
vt 0.812709 0.000000
vt 0.809365 0.000000
vt 0.826087 0.000000
vt 0.204013 0.000000
vt 0.140468 0.000000
vt 0.137124 0.000000
vt 0.816054 0.000000
vt 0.822742 0.000000
vt 0.896321 0.000000
vt 0.819398 0.000000
vt 0.919732 0.000000
vt 0.899666 0.000000
vt 0.441472 0.000000
vt 0.916388 0.000000
vt 0.903010 0.000000
vt 0.859532 0.000000
vt 0.789298 0.000000
vt 0.913043 0.000000
vt 0.906354 0.000000
vt 0.869565 0.000000
vt 0.866221 0.000000
vt 0.662207 0.000000
vt 0.886288 0.000000
vt 0.933110 0.000000
vt 0.936455 0.000000
vt 0.939799 0.000000
vt 0.943144 0.000000
vt 0.946488 0.000000
vt 0.949833 0.000000
vt 0.953177 0.000000
vt 0.879599 0.000000
vt 0.876254 0.000000
vt 0.973244 0.000000
vt 0.658863 0.000000
vt 0.655518 0.000000
vt 0.956522 0.000000
vt 0.872910 0.000000
vt 0.979933 0.000000
vt 0.966555 0.000000
vt 0.969900 0.000000
vt 0.357860 0.000000
vt 0.354515 0.000000
vt 0.394649 0.000000
vt 0.976589 0.000000
vt 0.668896 0.000000
vt 0.909699 0.000000
vt 0.371237 0.000000
vt 0.073579 0.000000
vt 0.214047 0.000000
vt 0.210702 0.000000
vt 0.518395 0.000000
vt 0.060201 0.000000
vt 0.056856 0.000000
vt 0.217391 0.000000
vt 0.989967 0.000000
vt 0.622074 0.000000
vt 0.618729 0.000000
vt 0.411371 0.000000
vt 0.408027 0.000000
vt 0.317726 0.000000
vt 0.070234 0.000000
vt 0.066890 0.000000
vt 0.224080 0.000000
vt 0.080268 0.000000
vt 0.123746 0.000000
vt 0.120401 0.000000
vt 0.762542 0.000000
vt 0.722408 0.000000
vt 0.765886 0.000000
vt 0.220736 0.000000
vt 0.986622 0.000000
vt 0.983278 0.000000
vt 0.648829 0.000000
vt 0.230769 0.000000
vt 0.227425 0.000000
vt 0.484950 0.000000
vt 0.595318 0.000000
vt 1.000000 0.000000
vt 0.996656 0.000000
vt 0.625418 0.000000
vt 0.672241 0.000000
vt 0.779264 0.000000
vt 0.675585 0.000000
vt 0.528428 0.000000
vt 0.053512 0.000000
vt 0.719064 0.000000
vt 0.732441 0.000000
vt 0.632107 0.000000
vt 0.628763 0.000000
vt 0.678930 0.000000
vt 0.775920 0.000000
vt 0.682274 0.000000
vt 0.645485 0.000000
vt 0.642140 0.000000
vt 0.685619 0.000000
vt 0.745819 0.000000
vt 0.749164 0.000000
vt 0.688963 0.000000
vt 0.772575 0.000000
vt 0.692308 0.000000
vt 0.695652 0.000000
vt 0.638796 0.000000
vt 0.635451 0.000000
vt 0.397993 0.000000
vt 0.698997 0.000000
vt 0.468227 0.000000
vt 0.234114 0.000000
vt 0.471572 0.000000
vt 0.702341 0.000000
vt 0.769231 0.000000
vt 0.705686 0.000000
vt 0.709030 0.000000
vt 0.712375 0.000000
vt 0.665552 0.000000
vt 0.715719 0.000000
vt 0.652174 0.000000
vt 0.993311 0.000000
vt 0.612040 0.000000
vt 0.608696 0.000000
vt 0.725753 0.000000
vt 0.605351 0.000000
vt 0.602007 0.000000
vt 0.160535 0.000000
vt 0.157191 0.000000
vt 0.200669 0.000000
vt 0.170569 0.000000
vt 0.167224 0.000000
vt 0.193980 0.000000
vt 0.418060 0.000000
vt 0.314381 0.000000
vt 0.311037 0.000000
vt 0.615385 0.000000
vt 0.538462 0.000000
vt 0.050167 0.000000
vt 0.598662 0.000000
vt 0.591973 0.000000
vt 0.000000 0.000000
vt 0.588629 0.000000
vt 0.003344 0.000000
vt 0.006689 0.000000
vt 0.585284 0.000000
vt 0.010033 0.000000
vt 0.280936 0.000000
vt 0.244147 0.000000
vt 0.240803 0.000000
vt 0.013378 0.000000
vt 0.581940 0.000000
vt 0.016722 0.000000
vt 0.020067 0.000000
vt 0.578595 0.000000
vt 0.023411 0.000000
vt 0.575251 0.000000
vt 0.026756 0.000000
vt 0.571906 0.000000
vt 0.030100 0.000000
vt 0.568562 0.000000
vt 0.033445 0.000000
vt 0.565217 0.000000
vt 0.036789 0.000000
vt 0.561873 0.000000
vt 0.558528 0.000000
vt 0.040134 0.000000
vt 0.555184 0.000000
vt 0.551839 0.000000
vt 0.043478 0.000000
vt 0.548495 0.000000
vt 0.046823 0.000000
vt 0.545151 0.000000
vt 0.541806 0.000000
vt 0.535117 0.000000
vt 0.531773 0.000000
vt 0.063545 0.000000
vt 0.491639 0.000000
vt 0.525084 0.000000
vt 0.521739 0.000000
vt 0.515050 0.000000
vt 0.511706 0.000000
vt 0.508361 0.000000
vt 0.505017 0.000000
vt 0.501672 0.000000
vt 0.498328 0.000000
vt 0.494983 0.000000
vt 0.387960 0.000000
vt 0.384615 0.000000
vt 0.374582 0.000000
vt 0.351171 0.000000
vt 0.381271 0.000000
vt 0.377926 0.000000
vt 0.086957 0.000000
vt 0.083612 0.000000
vt 0.113712 0.000000
vt 0.301003 0.000000
vt 0.438127 0.000000
vt 0.434783 0.000000
vt 0.163880 0.000000
vt 0.197324 0.000000
vt 0.117057 0.000000
vt 0.347826 0.000000
vt 0.488294 0.000000
vt 0.183946 0.000000
vt 0.180602 0.000000
vt 0.177258 0.000000
vt 0.341137 0.000000
vt 0.257525 0.000000
vt 0.277592 0.000000
vt 0.274247 0.000000
vt 0.327759 0.000000
vt 0.431438 0.000000
vt 0.428094 0.000000
vt 0.307692 0.000000
vt 0.481605 0.000000
vt 0.454850 0.000000
vt 0.451505 0.000000
vt 0.321070 0.000000
vt 0.478261 0.000000
vt 0.474916 0.000000
vt 0.421405 0.000000
vt 0.103679 0.000000
vt 0.093645 0.000000
vt 0.107023 0.000000
vt 0.254181 0.000000
vt 0.729097 0.000000
vt 0.304348 0.000000
vt 0.414716 0.000000
vt 0.424749 0.000000
vt 0.448161 0.000000
vt 0.187291 0.000000
vt 0.173913 0.000000
vt 0.190635 0.000000
vt 0.344482 0.000000
vt 0.458194 0.000000
vt 0.461538 0.000000
vt 0.294314 0.000000
vt 0.290970 0.000000
vt 0.287625 0.000000
vt 0.361204 0.000000
vt 0.260870 0.000000
vt 0.264214 0.000000
vt 0.270903 0.000000
vt 0.267559 0.000000
vt 0.250836 0.000000
vt 0.247492 0.000000
vt 0.324415 0.000000
vt 0.284281 0.000000
vt 0.464883 0.000000
vt 0.076923 0.000000
vt 0.207358 0.000000
vt 0.150502 0.000000
vt 0.110368 0.000000
vt 0.090301 0.000000
vt 0.147157 0.000000
vt 0.130435 0.000000
vt 0.127090 0.000000
vt 0.143813 0.000000
vt 0.133779 0.000000
vt 0.096990 0.000000
vt 0.153846 0.000000
vt 0.100334 0.000000
s 0
g Essenza_S_corner_SVGMat
usemtl SVGMat
f 252/1/1 251/2/1 241/3/1
f 121/4/1 102/5/1 101/6/1
f 134/7/1 90/8/1 72/9/1
f 256/10/1 255/11/1 240/12/1
f 122/13/1 101/6/1 100/14/1
f 278/15/1 267/16/1 279/17/1
f 254/18/1 253/19/1 241/3/1
f 118/20/1 111/21/1 110/22/1
f 228/23/1 227/24/1 221/25/1
f 259/26/1 236/27/1 235/28/1
f 288/29/1 265/30/1 289/31/1
f 254/18/1 241/3/1 240/12/1
f 278/15/1 277/32/1 268/33/1
f 256/10/1 240/12/1 239/34/1
f 250/35/1 249/36/1 242/37/1
f 257/38/1 239/34/1 238/39/1
f 226/40/1 223/41/1 222/42/1
f 244/43/1 243/44/1 248/45/1
f 62/46/1 43/47/1 42/48/1
f 245/49/1 244/43/1 247/50/1
f 277/32/1 269/51/1 268/33/1
f 246/52/1 245/49/1 247/50/1
f 276/53/1 270/54/1 269/51/1
f 90/8/1 134/7/1 133/55/1
f 275/56/1 271/57/1 270/54/1
f 257/38/1 256/10/1 239/34/1
f 267/16/1 278/15/1 268/33/1
f 258/58/1 238/39/1 237/59/1
f 274/60/1 272/61/1 271/57/1
f 255/11/1 254/18/1 240/12/1
f 274/60/1 271/57/1 275/56/1
f 259/26/1 258/58/1 237/59/1
f 275/56/2 270/54/2 276/53/2
f 259/26/1 237/59/1 236/27/1
f 276/53/1 269/51/1 277/32/1
f 261/62/1 260/63/1 199/64/1
f 279/17/1 266/65/1 280/66/1
f 281/67/1 280/66/1 265/30/1
f 282/68/1 281/67/1 265/30/1
f 283/69/1 282/68/1 265/30/1
f 284/70/1 283/69/1 265/30/1
f 285/71/2 284/70/2 265/30/2
f 286/72/1 285/71/1 265/30/1
f 264/73/1 263/74/1 292/75/1
f 198/76/1 197/77/1 261/62/1
f 286/72/3 265/30/3 287/78/3
f 287/78/2 265/30/2 288/29/2
f 263/74/1 262/79/1 294/80/1
f 289/31/1 265/30/1 290/81/1
f 290/81/1 264/73/1 291/82/1
f 108/83/4 107/84/4 119/85/4
f 291/82/1 264/73/1 292/75/1
f 260/63/1 259/26/1 235/28/1
f 292/75/1 263/74/1 293/86/1
f 261/62/1 199/64/1 198/76/1
f 235/28/1 201/87/1 260/63/1
f 274/60/1 273/88/1 272/61/1
f 118/20/1 112/89/1 111/21/1
f 23/90/1 65/91/1 64/92/1
f 122/13/1 121/4/1 101/6/1
f 156/93/1 19/94/1 18/95/1
f 23/90/1 66/96/1 65/91/1
f 297/97/1 187/98/1 186/99/1
f 124/100/1 123/101/1 96/102/1
f 22/103/1 21/104/1 68/105/1
f 25/106/1 38/107/1 37/108/1
f 229/109/1 217/110/1 230/111/1
f 22/103/1 68/105/1 67/112/1
f 296/113/1 295/114/1 195/115/1
f 70/116/1 69/117/1 146/118/1
f 179/119/1 300/120/1 299/121/1
f 297/97/1 188/122/1 187/98/1
f 202/123/1 234/124/1 203/125/1
f 159/126/1 18/95/1 17/127/1
f 201/87/1 235/28/1 202/123/1
f 217/110/1 216/128/1 230/111/1
f 220/129/1 228/23/1 221/25/1
f 297/97/1 190/130/1 189/131/1
f 204/132/1 233/133/1 205/134/1
f 296/113/1 194/135/1 193/136/1
f 205/134/1 233/133/1 206/137/1
f 243/44/1 249/36/1 248/45/1
f 197/77/1 294/80/1 262/79/1
f 224/138/1 223/41/1 225/139/1
f 207/140/1 232/141/1 208/142/1
f 208/142/1 232/141/1 209/143/1
f 297/97/1 192/144/1 191/145/1
f 107/84/1 120/146/1 119/85/1
f 209/143/1 232/141/1 210/147/1
f 141/148/1 71/149/1 142/150/1
f 211/151/1 231/152/1 212/153/1
f 227/24/1 226/40/1 222/42/1
f 212/153/1 231/152/1 213/154/1
f 214/155/1 213/154/1 230/111/1
f 201/87/1 200/156/1 260/63/1
f 227/24/1 222/42/1 221/25/1
f 215/157/1 214/155/1 230/111/1
f 216/128/1 215/157/1 230/111/1
f 295/114/1 196/158/1 195/115/1
f 298/159/1 184/160/1 183/161/1
f 228/23/1 220/129/1 229/109/1
f 217/110/1 229/109/1 218/162/1
f 211/151/1 210/147/1 231/152/1
f 298/159/1 182/163/1 181/164/1
f 265/30/1 264/73/1 290/81/1
f 49/165/1 48/166/1 61/167/1
f 52/168/1 51/169/1 59/170/1
f 207/140/1 206/137/1 232/141/1
f 235/28/1 234/124/1 202/123/1
f 126/171/1 95/172/1 94/173/1
f 298/159/1 297/97/1 185/174/1
f 185/174/1 184/160/1 298/159/1
f 162/175/1 17/127/1 16/176/1
f 297/97/1 189/131/1 188/122/1
f 203/125/1 234/124/1 204/132/1
f 299/121/1 298/159/1 181/164/1
f 180/177/1 299/121/1 181/164/1
f 180/177/1 179/119/1 299/121/1
f 22/103/1 67/112/1 66/96/1
f 178/178/1 300/120/1 179/119/1
f 178/178/1 1/179/1 300/120/1
f 177/180/1 1/179/1 178/178/1
f 177/180/1 2/181/1 1/179/1
f 177/180/1 3/182/1 2/181/1
f 176/183/1 4/184/1 177/180/1
f 85/185/1 74/186/1 73/187/1
f 176/183/1 5/188/1 4/184/1
f 175/189/1 5/188/1 176/183/1
f 175/189/1 6/190/1 5/188/1
f 175/189/1 7/191/1 6/190/1
f 174/192/1 7/191/1 175/189/1
f 174/192/1 8/193/1 7/191/1
f 173/194/1 8/193/1 174/192/1
f 173/194/1 9/195/1 8/193/1
f 172/196/1 9/195/1 173/194/1
f 172/196/1 10/197/1 9/195/1
f 171/198/1 10/197/1 172/196/1
f 171/198/1 11/199/1 10/197/1
f 170/200/1 11/199/1 171/198/1
f 170/200/1 12/201/1 11/199/1
f 169/202/1 12/201/1 170/200/1
f 168/203/1 12/201/1 169/202/1
f 168/203/1 13/204/1 12/201/1
f 167/205/1 13/204/1 168/203/1
f 166/206/1 13/204/1 167/205/1
f 166/206/1 14/207/1 13/204/1
f 165/208/1 14/207/1 166/206/1
f 165/208/1 15/209/1 14/207/1
f 164/210/1 15/209/1 165/208/1
f 164/210/1 16/176/1 15/209/1
f 163/211/1 16/176/1 164/210/1
f 163/211/1 162/175/1 16/176/1
f 295/114/1 294/80/1 197/77/1
f 161/212/1 17/127/1 162/175/1
f 160/213/1 17/127/1 161/212/1
f 160/213/1 159/126/1 17/127/1
f 21/104/1 20/214/1 148/215/1
f 158/216/1 18/95/1 159/126/1
f 157/217/1 18/95/1 158/216/1
f 157/217/1 156/93/1 18/95/1
f 232/141/1 231/152/1 210/147/1
f 155/218/1 19/94/1 156/93/1
f 154/219/1 19/94/1 155/218/1
f 153/220/1 19/94/1 154/219/1
f 152/221/1 19/94/1 153/220/1
f 151/222/1 20/214/1 152/221/1
f 150/223/1 20/214/1 151/222/1
f 149/224/1 20/214/1 150/223/1
f 118/20/5 117/225/5 112/89/5
f 117/225/1 116/226/1 113/227/1
f 120/146/1 107/84/1 106/228/1
f 115/229/1 114/230/1 116/226/1
f 27/231/1 26/232/1 35/233/1
f 91/234/1 132/235/1 131/236/1
f 51/169/1 50/237/1 60/238/1
f 231/152/1 230/111/1 213/154/1
f 148/215/1 20/214/1 149/224/1
f 266/65/1 265/30/1 280/66/1
f 296/113/1 193/136/1 192/144/1
f 25/106/1 36/239/1 35/233/1
f 117/225/1 113/227/1 112/89/1
f 121/4/1 106/228/1 105/240/1
f 147/241/1 21/104/1 148/215/1
f 298/159/1 183/161/1 182/163/1
f 56/242/1 55/243/1 54/244/1
f 233/133/1 232/141/1 206/137/1
f 121/4/1 103/245/1 102/5/1
f 146/118/1 21/104/1 147/241/1
f 78/246/1 84/247/1 83/248/1
f 91/234/1 90/8/1 132/235/1
f 122/13/1 100/14/1 99/249/1
f 130/250/1 129/251/1 93/252/1
f 145/253/1 70/116/1 146/118/1
f 234/124/1 233/133/1 204/132/1
f 71/149/1 137/254/1 136/255/1
f 123/101/1 122/13/1 97/256/1
f 144/257/1 70/116/1 145/253/1
f 223/41/1 226/40/1 225/139/1
f 143/258/1 70/116/1 144/257/1
f 251/2/1 250/35/1 241/3/1
f 127/259/1 126/171/1 94/173/1
f 121/4/1 120/146/1 106/228/1
f 142/150/1 70/116/1 143/258/1
f 267/16/1 266/65/1 279/17/1
f 32/260/4 29/261/4 33/262/4
f 84/247/4 78/246/4 77/263/4
f 220/129/1 219/264/1 229/109/1
f 71/149/1 70/116/1 142/150/1
f 92/265/1 91/234/1 131/236/1
f 123/101/1 97/256/1 96/102/1
f 125/266/1 124/100/1 96/102/1
f 125/266/1 96/102/1 95/172/1
f 128/267/1 127/259/1 94/173/1
f 119/85/1 110/22/1 108/83/1
f 131/236/1 130/250/1 92/265/1
f 90/8/1 133/55/1 132/235/1
f 126/171/1 125/266/1 95/172/1
f 130/250/1 93/252/1 92/265/1
f 136/255/1 135/268/1 72/9/1
f 57/269/1 53/270/1 58/271/1
f 72/9/1 71/149/1 136/255/1
f 250/35/1 242/37/1 241/3/1
f 121/4/1 104/272/1 103/245/1
f 119/85/1 118/20/1 110/22/1
f 138/273/1 137/254/1 71/149/1
f 296/113/1 195/115/1 194/135/1
f 139/274/1 138/273/1 71/149/1
f 89/275/1 72/9/1 90/8/1
f 88/276/1 72/9/1 89/275/1
f 87/277/1 72/9/1 88/276/1
f 50/237/1 49/165/1 61/167/1
f 109/278/1 108/83/1 110/22/1
f 116/226/1 114/230/1 113/227/1
f 20/214/1 19/94/1 152/221/1
f 79/279/1 78/246/1 83/248/1
f 80/280/1 79/279/1 82/281/1
f 81/282/6 80/280/6 82/281/6
f 85/185/4 76/283/4 75/284/4
f 85/185/5 84/247/5 77/263/5
f 122/13/1 98/285/1 97/256/1
f 85/185/1 77/263/1 76/283/1
f 93/252/1 129/251/1 128/267/1
f 87/277/1 86/286/1 73/187/1
f 87/277/1 73/187/1 72/9/1
f 135/268/1 134/7/1 72/9/1
f 86/286/1 85/185/1 73/187/1
f 140/287/1 139/274/1 71/149/1
f 297/97/1 186/99/1 185/174/1
f 69/117/1 21/104/1 146/118/1
f 21/104/1 69/117/1 68/105/1
f 4/184/1 3/182/1 177/180/1
f 24/288/1 63/289/1 62/46/1
f 293/86/1 263/74/1 294/80/1
f 297/97/1 191/145/1 190/130/1
f 23/90/1 22/103/1 66/96/1
f 258/58/1 257/38/1 238/39/1
f 297/97/1 296/113/1 192/144/1
f 24/288/1 23/90/1 64/92/1
f 64/92/1 63/289/1 24/288/1
f 295/114/1 197/77/1 196/158/1
f 25/106/1 24/288/1 62/46/1
f 61/167/1 46/290/1 62/46/1
f 27/231/1 34/291/1 28/292/1
f 46/290/1 45/293/1 62/46/1
f 60/238/1 50/237/1 61/167/1
f 59/170/1 51/169/1 60/238/1
f 25/106/1 40/294/1 39/295/1
f 58/271/5 52/168/5 59/170/5
f 45/293/1 44/296/1 62/46/1
f 260/63/1 200/156/1 199/64/1
f 249/36/4 243/44/4 242/37/4
f 244/43/4 248/45/4 247/50/4
f 53/270/4 57/269/4 54/244/4
f 25/106/1 42/48/1 41/297/1
f 197/77/1 262/79/1 261/62/1
f 32/260/5 30/298/5 29/261/5
f 47/299/1 46/290/1 61/167/1
f 31/300/3 30/298/3 32/260/3
f 79/279/5 83/248/5 82/281/5
f 33/262/1 29/261/1 28/292/1
f 25/106/1 62/46/1 42/48/1
f 219/264/1 218/162/1 229/109/1
f 25/106/1 41/297/1 40/294/1
f 25/106/1 39/295/1 38/107/1
f 122/13/1 99/249/1 98/285/1
f 121/4/1 105/240/1 104/272/1
f 48/166/1 47/299/1 61/167/1
f 34/291/1 27/231/1 35/233/1
f 34/291/1 33/262/1 28/292/1
f 94/173/1 93/252/1 128/267/1
f 53/270/4 52/168/4 58/271/4
f 85/185/1 75/284/1 74/186/1
f 25/106/1 37/108/1 36/239/1
f 26/232/1 25/106/1 35/233/1
f 44/296/1 43/47/1 62/46/1
f 57/269/1 56/242/1 54/244/1
f 241/3/1 253/19/1 252/1/1
f 141/148/1 140/287/1 71/149/1
f 388/276/7 688/276/7 687/277/7 387/277/7
f 566/65/8 866/65/8 865/30/8 565/30/8
f 541/3/9 841/3/9 840/12/9 540/12/9
f 505/134/10 805/134/10 804/132/10 504/132/10
f 347/299/11 647/299/11 646/290/11 346/290/11
f 380/280/12 680/280/12 679/279/12 379/279/12
f 303/182/13 603/182/13 602/181/13 302/181/13
f 533/133/14 833/133/14 832/141/14 532/141/14
f 497/77/15 797/77/15 796/158/15 496/158/15
f 372/9/16 672/9/16 671/149/16 371/149/16
f 558/58/17 858/58/17 857/38/17 557/38/17
f 489/131/18 789/131/18 788/122/18 488/122/18
f 462/175/19 762/175/19 761/212/19 461/212/19
f 355/243/20 655/243/20 654/244/20 354/244/20
f 478/178/21 778/178/21 777/180/21 477/180/21
f 440/287/22 740/287/22 739/274/22 439/274/22
f 481/164/23 781/164/23 780/177/23 480/177/23
f 339/295/24 639/295/24 638/107/24 338/107/24
f 550/35/25 850/35/25 849/36/25 549/36/25
f 525/139/26 825/139/26 824/138/26 524/138/26
f 432/235/27 732/235/27 731/236/27 431/236/27
f 473/194/28 773/194/28 772/196/28 472/196/28
f 542/37/29 842/37/29 841/3/29 541/3/29
f 331/300/30 631/300/30 630/298/30 330/298/30
f 364/92/31 664/92/31 663/289/31 363/289/31
f 534/124/32 834/124/32 833/133/32 533/133/32
f 416/226/33 716/226/33 715/229/33 415/229/33
f 586/72/34 886/72/34 885/71/34 585/71/34
f 365/91/35 665/91/35 664/92/35 364/92/35
f 517/110/36 817/110/36 816/128/36 516/128/36
f 323/90/13 623/90/13 622/103/13 322/103/13
f 356/242/37 656/242/37 655/243/37 355/243/37
f 509/143/38 809/143/38 808/142/38 508/142/38
f 408/83/39 708/83/39 707/84/39 407/84/39
f 465/208/19 765/208/19 764/210/19 464/210/19
f 578/15/40 878/15/40 877/32/40 577/32/40
f 435/268/41 735/268/41 734/7/41 434/7/41
f 400/14/42 700/14/42 699/249/42 399/249/42
f 501/87/43 801/87/43 800/156/43 500/156/43
f 392/265/44 692/265/44 691/234/44 391/234/44
f 457/217/45 757/217/45 756/93/45 456/93/45
f 493/136/46 793/136/46 792/144/46 492/144/46
f 393/252/47 693/252/47 692/265/47 392/265/47
f 315/209/13 615/209/13 614/207/13 314/207/13
f 348/166/48 648/166/48 647/299/48 347/299/48
f 518/162/49 818/162/49 817/110/49 517/110/49
f 485/174/50 785/174/50 784/160/50 484/160/50
f 384/247/51 684/247/51 683/248/51 383/248/51
f 449/224/52 749/224/52 748/215/52 448/215/52
f 570/54/53 870/54/53 869/51/53 569/51/53
f 376/283/54 676/283/54 675/284/54 375/284/54
f 477/180/55 777/180/55 776/183/55 476/183/55
f 368/105/56 668/105/56 667/112/56 367/112/56
f 307/191/13 607/191/13 606/190/13 306/190/13
f 597/97/13 897/97/13 896/113/13 596/113/13
f 510/147/57 810/147/57 809/143/57 509/143/57
f 562/79/58 862/79/58 861/62/58 561/62/58
f 502/123/59 802/123/59 801/87/59 501/87/59
f 341/297/60 641/297/60 640/294/60 340/294/60
f 494/135/61 794/135/61 793/136/61 493/136/61
f 469/202/62 769/202/62 768/203/62 468/203/62
f 554/18/63 854/18/63 853/19/63 553/19/63
f 486/99/64 786/99/64 785/174/64 485/174/64
f 352/168/65 652/168/65 651/169/65 351/169/65
f 360/238/66 660/238/66 659/170/66 359/170/66
f 461/212/67 761/212/67 760/213/67 460/213/67
f 546/52/68 846/52/68 845/49/68 545/49/68
f 453/220/69 753/220/69 752/221/69 452/221/69
f 433/55/70 733/55/70 732/235/70 432/235/70
f 379/279/71 679/279/71 678/246/71 378/246/71
f 589/31/72 889/31/72 888/29/72 588/29/72
f 425/266/73 725/266/73 724/100/73 424/100/73
f 538/39/74 838/39/74 837/59/74 537/59/74
f 470/200/75 770/200/75 769/202/75 469/202/75
f 429/251/76 729/251/76 728/267/76 428/267/76
f 530/111/77 830/111/77 829/109/77 529/109/77
f 445/253/78 745/253/78 744/257/78 444/257/78
f 332/260/79 632/260/79 631/300/79 331/300/79
f 417/225/80 717/225/80 716/226/80 416/226/80
f 437/254/81 737/254/81 736/255/81 436/255/81
f 593/86/13 893/86/13 892/75/13 592/75/13
f 526/40/82 826/40/82 825/139/82 525/139/82
f 522/42/83 822/42/83 821/25/83 521/25/83
f 336/239/84 636/239/84 635/233/84 335/233/84
f 344/296/24 644/296/24 643/47/24 343/47/24
f 454/219/85 754/219/85 753/220/85 453/220/85
f 585/71/86 885/71/86 884/70/86 584/70/86
f 514/155/87 814/155/87 813/154/87 513/154/87
f 446/118/88 746/118/88 745/253/88 445/253/88
f 370/116/89 670/116/89 669/117/89 369/117/89
f 328/292/90 628/292/90 627/231/90 327/231/90
f 506/137/91 806/137/91 805/134/91 505/134/91
f 438/273/92 738/273/92 737/254/92 437/254/92
f 421/4/93 721/4/93 720/146/93 420/146/93
f 577/32/94 877/32/94 876/53/94 576/53/94
f 498/76/95 798/76/95 797/77/95 497/77/95
f 430/250/96 730/250/96 729/251/96 429/251/96
f 413/227/97 713/227/97 712/89/97 412/89/97
f 320/214/13 620/214/13 619/94/13 319/94/13
f 490/130/98 790/130/98 789/131/98 489/131/98
f 573/88/99 873/88/99 872/61/99 572/61/99
f 405/240/100 705/240/100 704/272/100 404/272/100
f 482/163/101 782/163/101 781/164/101 481/164/101
f 316/176/13 616/176/13 615/209/13 315/209/13
f 397/256/102 697/256/102 696/102/102 396/102/102
f 389/275/103 689/275/103 688/276/103 388/276/103
f 342/48/60 642/48/60 641/297/60 341/297/60
f 527/24/104 827/24/104 826/40/104 526/40/104
f 381/282/105 681/282/105 680/280/105 380/280/105
f 569/51/106 869/51/106 868/33/106 568/33/106
f 474/192/107 774/192/107 773/194/107 473/194/107
f 422/13/108 722/13/108 721/4/108 421/4/108
f 373/187/109 673/187/109 672/9/109 372/9/109
f 312/201/13 612/201/13 611/199/13 311/199/13
f 414/230/110 714/230/110 713/227/110 413/227/110
f 561/62/111 861/62/111 860/63/111 560/63/111
f 565/30/112 865/30/112 864/73/112 564/73/112
f 406/228/113 706/228/113 705/240/113 405/240/113
f 304/184/13 604/184/13 603/182/13 303/182/13
f 308/193/13 608/193/13 607/191/13 307/191/13
f 398/285/114 698/285/114 697/256/114 397/256/114
f 458/216/62 758/216/62 757/217/62 457/217/62
f 557/38/115 857/38/115 856/10/115 556/10/115
f 390/8/116 690/8/116 689/275/116 389/275/116
f 551/2/117 851/2/117 850/35/117 550/35/117
f 450/223/118 750/223/118 749/224/118 449/224/118
f 555/11/119 855/11/119 854/18/119 554/18/119
f 382/281/120 682/281/120 681/282/120 381/282/120
f 543/44/121 843/44/121 842/37/121 542/37/121
f 442/150/122 742/150/122 741/148/122 441/148/122
f 547/50/123 847/50/123 846/52/123 546/52/123
f 374/186/124 674/186/124 673/187/124 373/187/124
f 357/269/125 657/269/125 656/242/125 356/242/125
f 535/28/126 835/28/126 834/124/126 534/124/126
f 539/34/127 839/34/127 838/39/127 538/39/127
f 366/96/128 666/96/128 665/91/128 365/91/128
f 531/152/129 831/152/129 830/111/129 530/111/129
f 385/185/130 685/185/130 684/247/130 384/247/130
f 377/263/131 677/263/131 676/283/131 376/283/131
f 369/117/132 669/117/132 668/105/132 368/105/132
f 434/7/133 734/7/133 733/55/133 433/55/133
f 349/165/134 649/165/134 648/166/134 348/166/134
f 519/264/135 819/264/135 818/162/135 518/162/135
f 361/167/136 661/167/136 660/238/136 360/238/136
f 426/171/137 726/171/137 725/266/137 425/266/137
f 424/100/138 724/100/138 723/101/138 423/101/138
f 305/188/13 605/188/13 604/184/13 304/184/13
f 475/189/139 775/189/139 774/192/139 474/192/139
f 515/157/140 815/157/140 814/155/140 514/155/140
f 358/271/141 658/271/141 657/269/141 357/269/141
f 511/151/142 811/151/142 810/147/142 510/147/142
f 507/140/143 807/140/143 806/137/143 506/137/143
f 581/67/144 881/67/144 880/66/144 580/66/144
f 503/125/145 803/125/145 802/123/145 502/123/145
f 353/270/146 653/270/146 652/168/146 352/168/146
f 418/20/147 718/20/147 717/225/147 417/225/147
f 499/64/148 799/64/148 798/76/148 498/76/148
f 560/63/149 860/63/149 859/26/149 559/26/149
f 410/22/150 710/22/150 709/278/150 409/278/150
f 491/145/151 791/145/151 790/130/151 490/130/151
f 350/237/152 650/237/152 649/165/152 349/165/152
f 596/113/13 896/113/13 895/114/13 595/114/13
f 495/115/153 795/115/153 794/135/153 494/135/153
f 345/293/154 645/293/154 644/296/154 344/296/154
f 402/5/155 702/5/155 701/6/155 401/6/155
f 483/161/156 783/161/156 782/163/156 482/163/156
f 324/288/13 624/288/13 623/90/13 323/90/13
f 371/149/157 671/149/157 670/116/157 370/116/157
f 600/120/13 900/120/13 899/121/13 599/121/13
f 466/206/67 766/206/67 765/208/67 465/208/67
f 487/98/158 787/98/158 786/99/158 486/99/158
f 394/173/159 694/173/159 693/252/159 393/252/159
f 467/205/160 767/205/160 766/206/160 466/206/160
f 599/121/13 899/121/13 898/159/13 598/159/13
f 333/262/161 633/262/161 632/260/161 332/260/161
f 479/119/162 779/119/162 778/178/162 478/178/162
f 588/29/163 888/29/163 887/78/163 587/78/163
f 337/108/164 637/108/164 636/239/164 336/239/164
f 343/47/165 643/47/165 642/48/165 342/48/165
f 592/75/13 892/75/13 891/82/13 591/82/13
f 471/198/166 771/198/166 770/200/166 470/200/166
f 591/82/13 891/82/13 890/81/13 590/81/13
f 325/106/13 625/106/13 624/288/13 324/288/13
f 329/261/167 629/261/167 628/292/167 328/292/167
f 459/126/168 759/126/168 758/216/168 458/216/168
f 334/291/169 634/291/169 633/262/169 333/262/169
f 580/66/170 880/66/170 879/17/170 579/17/170
f 463/211/171 763/211/171 762/175/171 462/175/171
f 584/70/172 884/70/172 883/69/172 583/69/172
f 451/222/173 751/222/173 750/223/173 450/223/173
f 583/69/174 883/69/174 882/68/174 582/68/174
f 317/127/13 617/127/13 616/176/13 316/176/13
f 321/104/13 621/104/13 620/214/13 320/214/13
f 443/258/175 743/258/175 742/150/175 442/150/175
f 326/232/176 626/232/176 625/106/176 325/106/176
f 572/61/177 872/61/177 871/57/177 571/57/177
f 576/53/178 876/53/178 875/56/178 575/56/178
f 386/286/179 686/286/179 685/185/179 385/185/179
f 378/246/180 678/246/180 677/263/180 377/263/180
f 528/23/181 828/23/181 827/24/181 527/24/181
f 575/56/182 875/56/182 874/60/182 574/60/182
f 523/41/183 823/41/183 822/42/183 522/42/183
f 318/95/13 618/95/13 617/127/13 317/127/13
f 455/218/184 755/218/184 754/219/184 454/219/184
f 313/204/13 613/204/13 612/201/13 312/201/13
f 362/46/185 662/46/185 661/167/185 361/167/185
f 567/16/186 867/16/186 866/65/186 566/65/186
f 309/195/13 609/195/13 608/193/13 308/193/13
f 447/241/187 747/241/187 746/118/187 446/118/187
f 568/33/188 868/33/188 867/16/188 567/16/188
f 310/197/13 610/197/13 609/195/13 309/195/13
f 564/73/189 864/73/189 863/74/189 563/74/189
f 439/274/190 739/274/190 738/273/190 438/273/190
f 559/26/191 859/26/191 858/58/191 558/58/191
f 556/10/192 856/10/192 855/11/192 555/11/192
f 431/236/193 731/236/193 730/250/193 430/250/193
f 354/244/194 654/244/194 653/270/194 353/270/194
f 302/181/13 602/181/13 601/179/13 301/179/13
f 548/45/195 848/45/195 847/50/195 547/50/195
f 346/290/196 646/290/196 645/293/196 345/293/196
f 427/259/197 727/259/197 726/171/197 426/171/197
f 540/12/198 840/12/198 839/34/198 539/34/198
f 532/141/47 832/141/47 831/152/47 531/152/47
f 423/101/199 723/101/199 722/13/199 422/13/199
f 419/85/200 719/85/200 718/20/200 418/20/200
f 524/138/201 824/138/201 823/41/201 523/41/201
f 448/215/202 748/215/202 747/241/202 447/241/202
f 595/114/13 895/114/13 894/80/13 594/80/13
f 456/93/203 756/93/203 755/218/203 455/218/203
f 338/107/204 638/107/204 637/108/204 337/108/204
f 411/21/205 711/21/205 710/22/205 410/22/205
f 415/229/206 715/229/206 714/230/206 414/230/206
f 552/1/207 852/1/207 851/2/207 551/2/207
f 403/245/208 703/245/208 702/5/208 402/5/208
f 516/128/209 816/128/209 815/157/209 515/157/209
f 407/84/210 707/84/210 706/228/210 406/228/210
f 544/43/211 844/43/211 843/44/211 543/44/211
f 395/172/212 695/172/212 694/173/212 394/173/212
f 508/142/213 808/142/213 807/140/213 507/140/213
f 399/249/214 699/249/214 698/285/214 398/285/214
f 536/27/215 836/27/215 835/28/215 535/28/215
f 587/78/216 887/78/216 886/72/216 586/72/216
f 387/277/217 687/277/217 686/286/217 386/286/217
f 500/156/218 800/156/218 799/64/218 499/64/218
f 391/234/219 691/234/219 690/8/219 390/8/219
f 330/298/220 630/298/220 629/261/220 329/261/220
f 492/144/221 792/144/221 791/145/221 491/145/221
f 383/248/222 683/248/222 682/281/222 382/281/222
f 594/80/13 894/80/13 893/86/13 593/86/13
f 579/17/223 879/17/223 878/15/223 578/15/223
f 484/160/224 784/160/224 783/161/224 483/161/224
f 375/284/225 675/284/225 674/186/225 374/186/225
f 322/103/13 622/103/13 621/104/13 321/104/13
f 476/183/226 776/183/226 775/189/226 475/189/226
f 367/112/227 667/112/227 666/96/227 366/96/227
f 401/6/228 701/6/228 700/14/228 400/14/228
f 359/170/229 659/170/229 658/271/229 358/271/229
f 520/129/230 820/129/230 819/264/230 519/264/230
f 571/57/231 871/57/231 870/54/231 570/54/231
f 468/203/168 768/203/168 767/205/168 467/205/168
f 351/169/232 651/169/232 650/237/232 350/237/232
f 512/153/233 812/153/233 811/151/233 511/151/233
f 314/207/13 614/207/13 613/204/13 313/204/13
f 504/132/234 804/132/234 803/125/234 503/125/234
f 301/179/13 601/179/13 900/120/13 600/120/13
f 496/158/235 796/158/235 795/115/235 495/115/235
f 563/74/236 863/74/236 862/79/236 562/79/236
f 441/148/237 741/148/237 740/287/237 440/287/237
f 488/122/238 788/122/238 787/98/238 487/98/238
f 306/190/13 606/190/13 605/188/13 305/188/13
f 460/213/239 760/213/239 759/126/239 459/126/239
f 598/159/13 898/159/13 897/97/13 597/97/13
f 480/177/240 780/177/240 779/119/240 479/119/240
f 452/221/241 752/221/241 751/222/241 451/222/241
f 436/255/242 736/255/242 735/268/242 435/268/242
f 335/233/243 635/233/243 634/291/243 334/291/243
f 472/196/244 772/196/244 771/198/244 471/198/244
f 553/19/245 853/19/245 852/1/245 552/1/245
f 590/81/13 890/81/13 889/31/13 589/31/13
f 545/49/246 845/49/246 844/43/246 544/43/246
f 327/231/247 627/231/247 626/232/247 326/232/247
f 537/59/215 837/59/215 836/27/215 536/27/215
f 582/68/248 882/68/248 881/67/248 581/67/248
f 464/210/171 764/210/171 763/211/171 463/211/171
f 529/109/249 829/109/249 828/23/249 528/23/249
f 444/257/250 744/257/250 743/258/250 443/258/250
f 428/267/251 728/267/251 727/259/251 427/259/251
f 363/289/252 663/289/252 662/46/252 362/46/252
f 420/146/253 720/146/253 719/85/253 419/85/253
f 319/94/13 619/94/13 618/95/13 318/95/13
f 409/278/254 709/278/254 708/83/254 408/83/254
f 574/60/255 874/60/255 873/88/255 573/88/255
f 412/89/256 712/89/256 711/21/256 411/21/256
f 549/36/257 849/36/257 848/45/257 548/45/257
f 521/25/258 821/25/258 820/129/258 520/129/258
f 404/272/259 704/272/259 703/245/259 403/245/259
f 340/294/165 640/294/165 639/295/165 339/295/165
f 396/102/260 696/102/260 695/172/260 395/172/260
f 32/260/261 332/260/261 331/300/261 31/300/261
f 145/253/262 445/253/262 444/257/262 144/257/262
f 230/111/263 530/111/263 529/109/263 229/109/263
f 129/251/76 429/251/76 428/267/76 128/267/76
f 170/200/75 470/200/75 469/202/75 169/202/75
f 238/39/74 538/39/74 537/59/74 237/59/74
f 125/266/73 425/266/73 424/100/73 124/100/73
f 289/31/264 589/31/264 588/29/264 288/29/264
f 79/279/265 379/279/265 378/246/265 78/246/265
f 133/55/70 433/55/70 432/235/70 132/235/70
f 153/220/266 453/220/266 452/221/266 152/221/266
f 246/52/267 546/52/267 545/49/267 245/49/267
f 161/212/67 461/212/67 460/213/67 160/213/67
f 60/238/268 360/238/268 359/170/268 59/170/268
f 52/168/65 352/168/65 351/169/65 51/169/65
f 186/99/269 486/99/269 485/174/269 185/174/269
f 254/18/63 554/18/63 553/19/63 253/19/63
f 169/202/270 469/202/270 468/203/270 168/203/270
f 194/135/61 494/135/61 493/136/61 193/136/61
f 41/297/60 341/297/60 340/294/60 40/294/60
f 202/123/271 502/123/271 501/87/271 201/87/271
f 262/79/58 562/79/58 561/62/58 261/62/58
f 210/147/57 510/147/57 509/143/57 209/143/57
f 297/97/13 597/97/13 596/113/13 296/113/13
f 7/191/13 307/191/13 306/190/13 6/190/13
f 68/105/56 368/105/56 367/112/56 67/112/56
f 177/180/55 477/180/55 476/183/55 176/183/55
f 76/283/272 376/283/272 375/284/272 75/284/272
f 270/54/273 570/54/273 569/51/273 269/51/273
f 149/224/52 449/224/52 448/215/52 148/215/52
f 84/247/274 384/247/274 383/248/274 83/248/274
f 185/174/275 485/174/275 484/160/275 184/160/275
f 218/162/49 518/162/49 517/110/49 217/110/49
f 48/166/48 348/166/48 347/299/48 47/299/48
f 15/209/13 315/209/13 314/207/13 14/207/13
f 93/252/239 393/252/239 392/265/239 92/265/239
f 193/136/276 493/136/276 492/144/276 192/144/276
f 157/217/277 457/217/277 456/93/277 156/93/277
f 92/265/278 392/265/278 391/234/278 91/234/278
f 201/87/43 501/87/43 500/156/43 200/156/43
f 100/14/279 400/14/279 399/249/279 99/249/279
f 135/268/41 435/268/41 434/7/41 134/7/41
f 278/15/280 578/15/280 577/32/280 277/32/280
f 165/208/19 465/208/19 464/210/19 164/210/19
f 108/83/39 408/83/39 407/84/39 107/84/39
f 209/143/38 509/143/38 508/142/38 208/142/38
f 56/242/281 356/242/281 355/243/281 55/243/281
f 23/90/13 323/90/13 322/103/13 22/103/13
f 217/110/36 517/110/36 516/128/36 216/128/36
f 65/91/35 365/91/35 364/92/35 64/92/35
f 286/72/282 586/72/282 585/71/282 285/71/282
f 116/226/33 416/226/33 415/229/33 115/229/33
f 234/124/283 534/124/283 533/133/283 233/133/283
f 64/92/31 364/92/31 363/289/31 63/289/31
f 31/300/284 331/300/284 330/298/284 30/298/284
f 242/37/285 542/37/285 541/3/285 241/3/285
f 173/194/28 473/194/28 472/196/28 172/196/28
f 132/235/27 432/235/27 431/236/27 131/236/27
f 225/139/286 525/139/286 524/138/286 224/138/286
f 250/35/287 550/35/287 549/36/287 249/36/287
f 39/295/24 339/295/24 338/107/24 38/107/24
f 181/164/23 481/164/23 480/177/23 180/177/23
f 140/287/22 440/287/22 439/274/22 139/274/22
f 178/178/21 478/178/21 477/180/21 177/180/21
f 55/243/288 355/243/288 354/244/288 54/244/288
f 162/175/289 462/175/289 461/212/289 161/212/289
f 189/131/290 489/131/290 488/122/290 188/122/290
f 258/58/17 558/58/17 557/38/17 257/38/17
f 72/9/16 372/9/16 371/149/16 71/149/16
f 197/77/291 497/77/291 496/158/291 196/158/291
f 233/133/212 533/133/212 532/141/212 232/141/212
f 3/182/13 303/182/13 302/181/13 2/181/13
f 80/280/292 380/280/292 379/279/292 79/279/292
f 47/299/11 347/299/11 346/290/11 46/290/11
f 205/134/10 505/134/10 504/132/10 204/132/10
f 241/3/9 541/3/9 540/12/9 240/12/9
f 266/65/8 566/65/8 565/30/8 265/30/8
f 88/276/293 388/276/293 387/277/293 87/277/293
f 213/154/57 513/154/57 512/153/57 212/153/57
f 11/199/13 311/199/13 310/197/13 10/197/13
f 96/102/260 396/102/260 395/172/260 95/172/260
f 40/294/165 340/294/165 339/295/165 39/295/165
f 104/272/294 404/272/294 403/245/294 103/245/294
f 221/25/258 521/25/258 520/129/258 220/129/258
f 249/36/295 549/36/295 548/45/295 248/45/295
f 112/89/296 412/89/296 411/21/296 111/21/296
f 274/60/297 574/60/297 573/88/297 273/88/297
f 109/278/298 409/278/298 408/83/298 108/83/298
f 19/94/13 319/94/13 318/95/13 18/95/13
f 120/146/253 420/146/253 419/85/253 119/85/253
f 63/289/252 363/289/252 362/46/252 62/46/252
f 128/267/299 428/267/299 427/259/299 127/259/299
f 144/257/250 444/257/250 443/258/250 143/258/250
f 229/109/249 529/109/249 528/23/249 228/23/249
f 164/210/19 464/210/19 463/211/19 163/211/19
f 282/68/300 582/68/300 581/67/300 281/67/300
f 237/59/301 537/59/301 536/27/301 236/27/301
f 27/231/302 327/231/302 326/232/302 26/232/302
f 245/49/303 545/49/303 544/43/303 244/43/303
f 290/81/13 590/81/13 589/31/13 289/31/13
f 253/19/245 553/19/245 552/1/245 252/1/245
f 172/196/244 472/196/244 471/198/244 171/198/244
f 35/233/243 335/233/243 334/291/243 34/291/243
f 136/255/242 436/255/242 435/268/242 135/268/242
f 152/221/304 452/221/304 451/222/304 151/222/304
f 180/177/240 480/177/240 479/119/240 179/119/240
f 298/159/13 598/159/13 597/97/13 297/97/13
f 160/213/160 460/213/160 459/126/160 159/126/160
f 6/190/13 306/190/13 305/188/13 5/188/13
f 188/122/305 488/122/305 487/98/305 187/98/305
f 141/148/237 441/148/237 440/287/237 140/287/237
f 263/74/236 563/74/236 562/79/236 262/79/236
f 196/158/306 496/158/306 495/115/306 195/115/306
f 1/179/13 301/179/13 600/120/13 300/120/13
f 204/132/234 504/132/234 503/125/234 203/125/234
f 14/207/13 314/207/13 313/204/13 13/204/13
f 212/153/307 512/153/307 511/151/307 211/151/307
f 51/169/232 351/169/232 350/237/232 50/237/232
f 168/203/168 468/203/168 467/205/168 167/205/168
f 271/57/308 571/57/308 570/54/308 270/54/308
f 220/129/230 520/129/230 519/264/230 219/264/230
f 59/170/309 359/170/309 358/271/309 58/271/309
f 101/6/310 401/6/310 400/14/310 100/14/310
f 67/112/227 367/112/227 366/96/227 66/96/227
f 176/183/226 476/183/226 475/189/226 175/189/226
f 22/103/13 322/103/13 321/104/13 21/104/13
f 75/284/311 375/284/311 374/186/311 74/186/311
f 184/160/312 484/160/312 483/161/312 183/161/312
f 279/17/313 579/17/313 578/15/313 278/15/313
f 294/80/13 594/80/13 593/86/13 293/86/13
f 83/248/314 383/248/314 382/281/314 82/281/314
f 192/144/221 492/144/221 491/145/221 191/145/221
f 30/298/315 330/298/315 329/261/315 29/261/315
f 91/234/219 391/234/219 390/8/219 90/8/219
f 200/156/218 500/156/218 499/64/218 199/64/218
f 87/277/316 387/277/316 386/286/316 86/286/316
f 287/78/317 587/78/317 586/72/317 286/72/317
f 236/27/215 536/27/215 535/28/215 235/28/215
f 99/249/318 399/249/318 398/285/318 98/285/318
f 208/142/319 508/142/319 507/140/319 207/140/319
f 95/172/212 395/172/212 394/173/212 94/173/212
f 244/43/320 544/43/320 543/44/320 243/44/320
f 107/84/321 407/84/321 406/228/321 106/228/321
f 216/128/143 516/128/143 515/157/143 215/157/143
f 103/245/322 403/245/322 402/5/322 102/5/322
f 252/1/323 552/1/323 551/2/323 251/2/323
f 115/229/324 415/229/324 414/230/324 114/230/324
f 111/21/325 411/21/325 410/22/325 110/22/325
f 38/107/204 338/107/204 337/108/204 37/108/204
f 156/93/326 456/93/326 455/218/326 155/218/326
f 295/114/13 595/114/13 594/80/13 294/80/13
f 148/215/327 448/215/327 447/241/327 147/241/327
f 224/138/328 524/138/328 523/41/328 223/41/328
f 119/85/200 419/85/200 418/20/200 118/20/200
f 123/101/199 423/101/199 422/13/199 122/13/199
f 232/141/329 532/141/329 531/152/329 231/152/329
f 240/12/219 540/12/219 539/34/219 239/34/219
f 127/259/197 427/259/197 426/171/197 126/171/197
f 46/290/196 346/290/196 345/293/196 45/293/196
f 248/45/330 548/45/330 547/50/330 247/50/330
f 2/181/13 302/181/13 301/179/13 1/179/13
f 54/244/331 354/244/331 353/270/331 53/270/331
f 131/236/332 431/236/332 430/250/332 130/250/332
f 256/10/192 556/10/192 555/11/192 255/11/192
f 259/26/191 559/26/191 558/58/191 258/58/191
f 139/274/190 439/274/190 438/273/190 138/273/190
f 264/73/189 564/73/189 563/74/189 263/74/189
f 10/197/13 310/197/13 309/195/13 9/195/13
f 268/33/333 568/33/333 567/16/333 267/16/333
f 147/241/187 447/241/187 446/118/187 146/118/187
f 9/195/13 309/195/13 308/193/13 8/193/13
f 267/16/334 567/16/334 566/65/334 266/65/334
f 62/46/335 362/46/335 361/167/335 61/167/335
f 13/204/13 313/204/13 312/201/13 12/201/13
f 155/218/336 455/218/336 454/219/336 154/219/336
f 18/95/13 318/95/13 317/127/13 17/127/13
f 223/41/183 523/41/183 522/42/183 222/42/183
f 275/56/337 575/56/337 574/60/337 274/60/337
f 228/23/338 528/23/338 527/24/338 227/24/338
f 78/246/180 378/246/180 377/263/180 77/263/180
f 86/286/339 386/286/339 385/185/339 85/185/339
f 276/53/340 576/53/340 575/56/340 275/56/340
f 272/61/341 572/61/341 571/57/341 271/57/341
f 26/232/342 326/232/342 325/106/342 25/106/342
f 143/258/175 443/258/175 442/150/175 142/150/175
f 21/104/13 321/104/13 320/214/13 20/214/13
f 17/127/13 317/127/13 316/176/13 16/176/13
f 283/69/343 583/69/343 582/68/343 282/68/343
f 151/222/173 451/222/173 450/223/173 150/223/173
f 284/70/344 584/70/344 583/69/344 283/69/344
f 163/211/171 463/211/171 462/175/171 162/175/171
f 280/66/345 580/66/345 579/17/345 279/17/345
f 34/291/346 334/291/346 333/262/346 33/262/346
f 159/126/347 459/126/347 458/216/347 158/216/347
f 29/261/348 329/261/348 328/292/348 28/292/348
f 25/106/13 325/106/13 324/288/13 24/288/13
f 291/82/13 591/82/13 590/81/13 290/81/13
f 171/198/166 471/198/166 470/200/166 170/200/166
f 292/75/13 592/75/13 591/82/13 291/82/13
f 43/47/165 343/47/165 342/48/165 42/48/165
f 37/108/164 337/108/164 336/239/164 36/239/164
f 288/29/349 588/29/349 587/78/349 287/78/349
f 179/119/350 479/119/350 478/178/350 178/178/350
f 33/262/351 333/262/351 332/260/351 32/260/351
f 299/121/13 599/121/13 598/159/13 298/159/13
f 167/205/160 467/205/160 466/206/160 166/206/160
f 94/173/159 394/173/159 393/252/159 93/252/159
f 187/98/352 487/98/352 486/99/352 186/99/352
f 166/206/67 466/206/67 465/208/67 165/208/67
f 300/120/13 600/120/13 599/121/13 299/121/13
f 71/149/353 371/149/353 370/116/353 70/116/353
f 24/288/13 324/288/13 323/90/13 23/90/13
f 183/161/354 483/161/354 482/163/354 182/163/354
f 102/5/355 402/5/355 401/6/355 101/6/355
f 45/293/154 345/293/154 344/296/154 44/296/154
f 195/115/153 495/115/153 494/135/153 194/135/153
f 296/113/13 596/113/13 595/114/13 295/114/13
f 50/237/152 350/237/152 349/165/152 49/165/152
f 191/145/356 491/145/356 490/130/356 190/130/356
f 110/22/357 410/22/357 409/278/357 109/278/357
f 260/63/149 560/63/149 559/26/149 259/26/149
f 199/64/148 499/64/148 498/76/148 198/76/148
f 118/20/147 418/20/147 417/225/147 117/225/147
f 53/270/358 353/270/358 352/168/358 52/168/358
f 203/125/145 503/125/145 502/123/145 202/123/145
f 281/67/359 581/67/359 580/66/359 280/66/359
f 207/140/143 507/140/143 506/137/143 206/137/143
f 211/151/307 511/151/307 510/147/307 210/147/307
f 58/271/360 358/271/360 357/269/360 57/269/360
f 215/157/361 515/157/361 514/155/361 214/155/361
f 175/189/139 475/189/139 474/192/139 174/192/139
f 5/188/13 305/188/13 304/184/13 4/184/13
f 124/100/138 424/100/138 423/101/138 123/101/138
f 126/171/362 426/171/362 425/266/362 125/266/362
f 61/167/363 361/167/363 360/238/363 60/238/363
f 219/264/135 519/264/135 518/162/135 218/162/135
f 49/165/134 349/165/134 348/166/134 48/166/134
f 134/7/133 434/7/133 433/55/133 133/55/133
f 69/117/132 369/117/132 368/105/132 68/105/132
f 77/263/364 377/263/364 376/283/364 76/283/364
f 85/185/101 385/185/101 384/247/101 84/247/101
f 231/152/129 531/152/129 530/111/129 230/111/129
f 66/96/128 366/96/128 365/91/128 65/91/128
f 239/34/127 539/34/127 538/39/127 238/39/127
f 235/28/126 535/28/126 534/124/126 234/124/126
f 57/269/365 357/269/365 356/242/365 56/242/365
f 74/186/366 374/186/366 373/187/366 73/187/366
f 247/50/367 547/50/367 546/52/367 246/52/367
f 142/150/122 442/150/122 441/148/122 141/148/122
f 243/44/355 543/44/355 542/37/355 242/37/355
f 82/281/368 382/281/368 381/282/368 81/282/368
f 255/11/119 555/11/119 554/18/119 254/18/119
f 150/223/369 450/223/369 449/224/369 149/224/369
f 251/2/117 551/2/117 550/35/117 250/35/117
f 90/8/370 390/8/370 389/275/370 89/275/370
f 257/38/115 557/38/115 556/10/115 256/10/115
f 158/216/62 458/216/62 457/217/62 157/217/62
f 98/285/371 398/285/371 397/256/371 97/256/371
f 8/193/13 308/193/13 307/191/13 7/191/13
f 4/184/13 304/184/13 303/182/13 3/182/13
f 106/228/372 406/228/372 405/240/372 105/240/372
f 265/30/112 565/30/112 564/73/112 264/73/112
f 261/62/111 561/62/111 560/63/111 260/63/111
f 114/230/373 414/230/373 413/227/373 113/227/373
f 12/201/13 312/201/13 311/199/13 11/199/13
f 73/187/109 373/187/109 372/9/109 72/9/109
f 122/13/374 422/13/374 421/4/374 121/4/374
f 174/192/107 474/192/107 473/194/107 173/194/107
f 269/51/106 569/51/106 568/33/106 268/33/106
f 81/282/375 381/282/375 380/280/375 80/280/375
f 227/24/376 527/24/376 526/40/376 226/40/376
f 42/48/60 342/48/60 341/297/60 41/297/60
f 89/275/377 389/275/377 388/276/377 88/276/377
f 97/256/378 397/256/378 396/102/378 96/102/378
f 16/176/13 316/176/13 315/209/13 15/209/13
f 182/163/101 482/163/101 481/164/101 181/164/101
f 105/240/379 405/240/379 404/272/379 104/272/379
f 273/88/380 573/88/380 572/61/380 272/61/380
f 190/130/381 490/130/381 489/131/381 189/131/381
f 20/214/13 320/214/13 319/94/13 19/94/13
f 113/227/382 413/227/382 412/89/382 112/89/382
f 130/250/383 430/250/383 429/251/383 129/251/383
f 198/76/384 498/76/384 497/77/384 197/77/384
f 277/32/385 577/32/385 576/53/385 276/53/385
f 121/4/93 421/4/93 420/146/93 120/146/93
f 138/273/92 438/273/92 437/254/92 137/254/92
f 206/137/36 506/137/36 505/134/36 205/134/36
f 28/292/386 328/292/386 327/231/386 27/231/386
f 70/116/89 370/116/89 369/117/89 69/117/89
f 146/118/387 446/118/387 445/253/387 145/253/387
f 214/155/388 514/155/388 513/154/388 213/154/388
f 285/71/389 585/71/389 584/70/389 284/70/389
f 154/219/390 454/219/390 453/220/390 153/220/390
f 44/296/24 344/296/24 343/47/24 43/47/24
f 36/239/84 336/239/84 335/233/84 35/233/84
f 222/42/83 522/42/83 521/25/83 221/25/83
f 226/40/391 526/40/391 525/139/391 225/139/391
f 293/86/13 593/86/13 592/75/13 292/75/13
f 137/254/81 437/254/81 436/255/81 136/255/81
f 117/225/80 417/225/80 416/226/80 116/226/80
f 888/29/392 1188/29/392 1187/78/392 887/78/392
f 637/108/393 937/108/393 936/239/393 636/239/393
f 810/147/394 1110/147/394 1109/143/394 809/143/394
f 643/47/395 943/47/395 942/48/395 642/48/395
f 892/75/396 1192/75/396 1191/82/396 891/82/396
f 771/198/397 1071/198/397 1070/200/397 770/200/397
f 802/123/398 1102/123/398 1101/87/398 801/87/398
f 625/106/396 925/106/396 924/288/396 624/288/396
f 629/261/399 929/261/399 928/292/399 628/292/399
f 759/126/400 1059/126/400 1058/216/400 758/216/400
f 794/135/401 1094/135/401 1093/136/401 793/136/401
f 880/66/402 1180/66/402 1179/17/402 879/17/402
f 884/70/403 1184/70/403 1183/69/403 883/69/403
f 751/222/404 1051/222/404 1050/223/404 750/223/404
f 786/99/405 1086/99/405 1085/174/405 785/174/405
f 617/127/396 917/127/396 916/176/396 616/176/396
f 621/104/396 921/104/396 920/214/396 620/214/396
f 743/258/406 1043/258/406 1042/150/406 742/150/406
f 872/61/407 1172/61/407 1171/57/407 871/57/407
f 876/53/408 1176/53/408 1175/56/408 875/56/408
f 686/286/409 986/286/409 985/185/409 685/185/409
f 678/246/410 978/246/410 977/263/410 677/263/410
f 828/23/411 1128/23/411 1127/24/411 827/24/411
f 823/41/412 1123/41/412 1122/42/412 822/42/412
f 613/204/396 913/204/396 912/201/396 612/201/396
f 662/46/413 962/46/413 961/167/413 661/167/413
f 770/200/1 1070/200/1 1069/202/1 769/202/1
f 609/195/396 909/195/396 908/193/396 608/193/396
f 868/33/414 1168/33/414 1167/16/414 867/16/414
f 864/73/415 1164/73/415 1163/74/415 863/74/415
f 856/10/416 1156/10/416 1155/11/416 855/11/416
f 654/244/417 954/244/417 953/270/417 653/270/417
f 848/45/418 1148/45/418 1147/50/418 847/50/418
f 646/290/419 946/290/419 945/293/419 645/293/419
f 727/259/420 1027/259/420 1026/171/420 726/171/420
f 840/12/421 1140/12/421 1139/34/421 839/34/421
f 754/219/422 1054/219/422 1053/220/422 753/220/422
f 832/141/423 1132/141/423 1131/152/423 831/152/423
f 746/118/424 1046/118/424 1045/253/424 745/253/424
f 719/85/425 1019/85/425 1018/20/425 718/20/425
f 738/273/426 1038/273/426 1037/254/426 737/254/426
f 824/138/427 1124/138/427 1123/41/427 823/41/427
f 877/32/428 1177/32/428 1176/53/428 876/53/428
f 895/114/396 1195/114/396 1194/80/396 894/80/396
f 730/250/429 1030/250/429 1029/251/429 729/251/429
f 620/214/396 920/214/396 919/94/396 619/94/396
f 638/107/430 938/107/430 937/108/430 637/108/430
f 711/21/431 1011/21/431 1010/22/431 710/22/431
f 852/1/432 1152/1/432 1151/2/432 851/2/432
f 703/245/433 1003/245/433 1002/5/433 702/5/433
f 816/128/434 1116/128/434 1115/157/434 815/157/434
f 844/43/435 1144/43/435 1143/44/435 843/44/435
f 695/172/436 995/172/436 994/173/436 694/173/436
f 808/142/437 1108/142/437 1107/140/437 807/140/437
f 642/48/438 942/48/438 941/297/438 641/297/438
f 836/27/439 1136/27/439 1135/28/439 835/28/439
f 887/78/440 1187/78/440 1186/72/440 886/72/440
f 687/277/441 987/277/441 986/286/441 686/286/441
f 827/24/442 1127/24/442 1126/40/442 826/40/442
f 800/156/443 1100/156/443 1099/64/443 799/64/443
f 869/51/444 1169/51/444 1168/33/444 868/33/444
f 630/298/445 930/298/445 929/261/445 629/261/445
f 722/13/446 1022/13/446 1021/4/446 721/4/446
f 792/144/447 1092/144/447 1091/145/447 791/145/447
f 612/201/396 912/201/396 911/199/396 611/199/396
f 894/80/396 1194/80/396 1193/86/396 893/86/396
f 879/17/448 1179/17/448 1178/15/448 878/15/448
f 714/230/449 1014/230/449 1013/227/449 713/227/449
f 784/160/450 1084/160/450 1083/161/450 783/161/450
f 861/62/451 1161/62/451 1160/63/451 860/63/451
f 622/103/396 922/103/396 921/104/396 621/104/396
f 706/228/452 1006/228/452 1005/240/452 705/240/452
f 776/183/453 1076/183/453 1075/189/453 775/189/453
f 604/184/396 904/184/396 903/182/396 603/182/396
f 701/6/454 1001/6/454 1000/14/454 700/14/454
f 698/285/455 998/285/455 997/256/455 697/256/455
f 690/8/456 990/8/456 989/275/456 689/275/456
f 851/2/457 1151/2/457 1150/35/457 850/35/457
f 820/129/458 1120/129/458 1119/264/458 819/264/458
f 871/57/459 1171/57/459 1170/54/459 870/54/459
f 682/281/460 982/281/460 981/282/460 681/282/460
f 768/203/461 1068/203/461 1067/205/461 767/205/461
f 843/44/462 1143/44/462 1142/37/462 842/37/462
f 812/153/463 1112/153/463 1111/151/463 811/151/463
f 614/207/396 914/207/396 913/204/396 613/204/396
f 674/186/464 974/186/464 973/187/464 673/187/464
f 835/28/465 1135/28/465 1134/124/465 834/124/465
f 804/132/466 1104/132/466 1103/125/466 803/125/466
f 666/96/467 966/96/467 965/91/467 665/91/467
f 796/158/468 1096/158/468 1095/115/468 795/115/468
f 863/74/469 1163/74/469 1162/79/469 862/79/469
f 741/148/470 1041/148/470 1040/287/470 740/287/470
f 788/122/471 1088/122/471 1087/98/471 787/98/471
f 606/190/396 906/190/396 905/188/396 605/188/396
f 760/213/472 1060/213/472 1059/126/472 759/126/472
f 780/177/473 1080/177/473 1079/119/473 779/119/473
f 752/221/474 1052/221/474 1051/222/474 751/222/474
f 819/264/475 1119/264/475 1118/162/475 818/162/475
f 724/100/476 1024/100/476 1023/101/476 723/101/476
f 736/255/477 1036/255/477 1035/268/477 735/268/477
f 775/189/478 1075/189/478 1074/192/478 774/192/478
f 772/196/479 1072/196/479 1071/198/479 771/198/479
f 853/19/480 1153/19/480 1152/1/480 852/1/480
f 658/271/481 958/271/481 957/269/481 657/269/481
f 811/151/482 1111/151/482 1110/147/482 810/147/482
f 845/49/483 1145/49/483 1144/43/483 844/43/483
f 803/125/484 1103/125/484 1102/123/484 802/123/484
f 837/59/485 1137/59/485 1136/27/485 836/27/485
f 764/210/486 1064/210/486 1063/211/486 763/211/486
f 650/237/487 950/237/487 949/165/487 649/165/487
f 795/115/488 1095/115/488 1094/135/488 794/135/488
f 829/109/489 1129/109/489 1128/23/489 828/23/489
f 744/257/490 1044/257/490 1043/258/490 743/258/490
f 728/267/491 1028/267/491 1027/259/491 727/259/491
f 671/149/492 971/149/492 970/116/492 670/116/492
f 663/289/493 963/289/493 962/46/493 662/46/493
f 720/146/494 1020/146/494 1019/85/494 719/85/494
f 787/98/495 1087/98/495 1086/99/495 786/99/495
f 709/278/496 1009/278/496 1008/83/496 708/83/496
f 899/121/396 1199/121/396 1198/159/396 898/159/396
f 712/89/497 1012/89/497 1011/21/497 711/21/497
f 779/119/498 1079/119/498 1078/178/498 778/178/498
f 849/36/499 1149/36/499 1148/45/499 848/45/499
f 821/25/500 1121/25/500 1120/129/500 820/129/500
f 704/272/501 1004/272/501 1003/245/501 703/245/501
f 640/294/395 940/294/395 939/295/395 639/295/395
f 696/102/502 996/102/502 995/172/502 695/172/502
f 813/154/503 1113/154/503 1112/153/503 812/153/503
f 891/82/396 1191/82/396 1190/81/396 890/81/396
f 688/276/504 988/276/504 987/277/504 687/277/504
f 841/3/505 1141/3/505 1140/12/505 840/12/505
f 805/134/506 1105/134/506 1104/132/506 804/132/506
f 647/299/507 947/299/507 946/290/507 646/290/507
f 634/291/508 934/291/508 933/262/508 633/262/508
f 680/280/509 980/280/509 979/279/509 679/279/509
f 763/211/510 1063/211/510 1062/175/510 762/175/510
f 833/133/511 1133/133/511 1132/141/511 832/141/511
f 797/77/512 1097/77/512 1096/158/512 796/158/512
f 883/69/513 1183/69/513 1182/68/513 882/68/513
f 672/9/514 972/9/514 971/149/514 671/149/514
f 789/131/515 1089/131/515 1088/122/515 788/122/515
f 626/232/516 926/232/516 925/106/516 625/106/516
f 655/243/517 955/243/517 954/244/517 654/244/517
f 740/287/518 1040/287/518 1039/274/518 739/274/518
f 781/164/519 1081/164/519 1080/177/519 780/177/519
f 639/295/520 939/295/520 938/107/520 638/107/520
f 875/56/521 1175/56/521 1174/60/521 874/60/521
f 825/139/522 1125/139/522 1124/138/522 824/138/522
f 732/235/523 1032/235/523 1031/236/523 731/236/523
f 618/95/396 918/95/396 917/127/396 617/127/396
f 755/218/524 1055/218/524 1054/219/524 754/219/524
f 773/194/525 1073/194/525 1072/196/525 772/196/525
f 867/16/526 1167/16/526 1166/65/526 866/65/526
f 747/241/527 1047/241/527 1046/118/527 746/118/527
f 631/300/528 931/300/528 930/298/528 630/298/528
f 610/197/396 910/197/396 909/195/396 609/195/396
f 664/92/529 964/92/529 963/289/529 663/289/529
f 739/274/530 1039/274/530 1038/273/530 738/273/530
f 716/226/531 1016/226/531 1015/229/531 715/229/531
f 886/72/532 1186/72/532 1185/71/532 885/71/532
f 859/26/533 1159/26/533 1158/58/533 858/58/533
f 665/91/534 965/91/534 964/92/534 664/92/534
f 731/236/535 1031/236/535 1030/250/535 730/250/535
f 817/110/536 1117/110/536 1116/128/536 816/128/536
f 623/90/396 923/90/396 922/103/396 622/103/396
f 602/181/396 902/181/396 901/179/396 601/179/396
f 656/242/537 956/242/537 955/243/537 655/243/537
f 809/143/538 1109/143/538 1108/142/538 808/142/538
f 708/83/539 1008/83/539 1007/84/539 707/84/539
f 765/208/510 1065/208/510 1064/210/510 764/210/510
f 878/15/540 1178/15/540 1177/32/540 877/32/540
f 735/268/541 1035/268/541 1034/7/541 734/7/541
f 700/14/542 1000/14/542 999/249/542 699/249/542
f 801/87/543 1101/87/543 1100/156/543 800/156/543
f 692/265/544 992/265/544 991/234/544 691/234/544
f 757/217/545 1057/217/545 1056/93/545 756/93/545
f 723/101/546 1023/101/546 1022/13/546 722/13/546
f 793/136/547 1093/136/547 1092/144/547 792/144/547
f 693/252/472 993/252/472 992/265/472 692/265/472
f 615/209/396 915/209/396 914/207/396 614/207/396
f 648/166/548 948/166/548 947/299/548 647/299/548
f 748/215/549 1048/215/549 1047/241/549 747/241/549
f 785/174/550 1085/174/550 1084/160/550 784/160/550
f 684/247/551 984/247/551 983/248/551 683/248/551
f 749/224/552 1049/224/552 1048/215/552 748/215/552
f 870/54/553 1170/54/553 1169/51/553 869/51/553
f 756/93/554 1056/93/554 1055/218/554 755/218/554
f 676/283/555 976/283/555 975/284/555 675/284/555
f 715/229/556 1015/229/556 1014/230/556 714/230/556
f 777/180/557 1077/180/557 1076/183/557 776/183/557
f 668/105/558 968/105/558 967/112/558 667/112/558
f 607/191/396 907/191/396 906/190/396 606/190/396
f 897/97/396 1197/97/396 1196/113/396 896/113/396
f 707/84/559 1007/84/559 1006/228/559 706/228/559
f 862/79/560 1162/79/560 1161/62/560 861/62/560
f 699/249/561 999/249/561 998/285/561 698/285/561
f 641/297/438 941/297/438 940/294/438 640/294/438
f 691/234/486 991/234/486 990/8/486 690/8/486
f 769/202/562 1069/202/562 1068/203/562 768/203/562
f 854/18/563 1154/18/563 1153/19/563 853/19/563
f 683/248/564 983/248/564 982/281/564 682/281/564
f 652/168/565 952/168/565 951/169/565 651/169/565
f 675/284/566 975/284/566 974/186/566 674/186/566
f 660/238/567 960/238/567 959/170/567 659/170/567
f 667/112/568 967/112/568 966/96/568 666/96/568
f 761/212/569 1061/212/569 1060/213/569 760/213/569
f 846/52/570 1146/52/570 1145/49/570 845/49/570
f 753/220/571 1053/220/571 1052/221/571 752/221/571
f 733/55/572 1033/55/572 1032/235/572 732/235/572
f 679/279/573 979/279/573 978/246/573 678/246/573
f 659/170/574 959/170/574 958/271/574 658/271/574
f 889/31/575 1189/31/575 1188/29/575 888/29/575
f 725/266/576 1025/266/576 1024/100/576 724/100/576
f 838/39/577 1138/39/577 1137/59/577 837/59/577
f 651/169/578 951/169/578 950/237/578 650/237/578
f 729/251/579 1029/251/579 1028/267/579 728/267/579
f 830/111/580 1130/111/580 1129/109/580 829/109/580
f 745/253/581 1045/253/581 1044/257/581 744/257/581
f 601/179/396 901/179/396 1200/120/396 900/120/396
f 632/260/582 932/260/582 931/300/582 631/300/582
f 717/225/583 1017/225/583 1016/226/583 716/226/583
f 737/254/584 1037/254/584 1036/255/584 736/255/584
f 893/86/396 1193/86/396 1192/75/396 892/75/396
f 826/40/585 1126/40/585 1125/139/585 825/139/585
f 822/42/586 1122/42/586 1121/25/586 821/25/586
f 898/159/396 1198/159/396 1197/97/396 897/97/396
f 636/239/587 936/239/587 935/233/587 635/233/587
f 644/296/520 944/296/520 943/47/520 643/47/520
f 885/71/588 1185/71/588 1184/70/588 884/70/588
f 814/155/538 1114/155/538 1113/154/538 813/154/538
f 670/116/589 970/116/589 969/117/589 669/117/589
f 628/292/590 928/292/590 927/231/590 627/231/590
f 806/137/536 1106/137/536 1105/134/536 805/134/536
f 635/233/591 935/233/591 934/291/591 634/291/591
f 721/4/592 1021/4/592 1020/146/592 720/146/592
f 798/76/593 1098/76/593 1097/77/593 797/77/593
f 890/81/396 1190/81/396 1189/31/396 889/31/396
f 713/227/594 1013/227/594 1012/89/594 712/89/594
f 790/130/595 1090/130/595 1089/131/595 789/131/595
f 873/88/596 1173/88/596 1172/61/596 872/61/596
f 627/231/597 927/231/597 926/232/597 626/232/597
f 705/240/598 1005/240/598 1004/272/598 704/272/598
f 782/163/599 1082/163/599 1081/164/599 781/164/599
f 616/176/396 916/176/396 915/209/396 615/209/396
f 882/68/600 1182/68/600 1181/67/600 881/67/600
f 697/256/601 997/256/601 996/102/601 696/102/601
f 689/275/602 989/275/602 988/276/602 688/276/602
f 681/282/603 981/282/603 980/280/603 680/280/603
f 774/192/604 1074/192/604 1073/194/604 773/194/604
f 619/94/396 919/94/396 918/95/396 618/95/396
f 673/187/605 973/187/605 972/9/605 672/9/605
f 874/60/606 1174/60/606 1173/88/606 873/88/606
f 865/30/607 1165/30/607 1164/73/607 864/73/607
f 608/193/396 908/193/396 907/191/396 607/191/396
f 758/216/608 1058/216/608 1057/217/608 757/217/608
f 857/38/609 1157/38/609 1156/10/609 856/10/609
f 611/199/396 911/199/396 910/197/396 610/197/396
f 750/223/610 1050/223/610 1049/224/610 749/224/610
f 855/11/611 1155/11/611 1154/18/611 854/18/611
f 866/65/612 1166/65/612 1165/30/612 865/30/612
f 742/150/613 1042/150/613 1041/148/613 741/148/613
f 847/50/614 1147/50/614 1146/52/614 846/52/614
f 603/182/396 903/182/396 902/181/396 602/181/396
f 657/269/615 957/269/615 956/242/615 656/242/615
f 839/34/616 1139/34/616 1138/39/616 838/39/616
f 858/58/617 1158/58/617 1157/38/617 857/38/617
f 831/152/618 1131/152/618 1130/111/618 830/111/618
f 762/175/510 1062/175/510 1061/212/510 761/212/510
f 685/185/619 985/185/619 984/247/619 684/247/619
f 778/178/620 1078/178/620 1077/180/620 777/180/620
f 677/263/621 977/263/621 976/283/621 676/283/621
f 850/35/622 1150/35/622 1149/36/622 849/36/622
f 669/117/623 969/117/623 968/105/623 668/105/623
f 734/7/624 1034/7/624 1033/55/624 733/55/624
f 649/165/625 949/165/625 948/166/625 648/166/625
f 661/167/626 961/167/626 960/238/626 660/238/626
f 726/171/627 1026/171/627 1025/266/627 725/266/627
f 842/37/628 1142/37/628 1141/3/628 841/3/628
f 605/188/396 905/188/396 904/184/396 604/184/396
f 815/157/629 1115/157/629 1114/155/629 814/155/629
f 834/124/630 1134/124/630 1133/133/630 833/133/630
f 807/140/434 1107/140/434 1106/137/434 806/137/434
f 881/67/631 1181/67/631 1180/66/631 880/66/631
f 653/270/632 953/270/632 952/168/632 652/168/632
f 718/20/633 1018/20/633 1017/225/633 717/225/633
f 799/64/634 1099/64/634 1098/76/634 798/76/634
f 860/63/635 1160/63/635 1159/26/635 859/26/635
f 710/22/636 1010/22/636 1009/278/636 709/278/636
f 791/145/637 1091/145/637 1090/130/637 790/130/637
f 896/113/396 1196/113/396 1195/114/396 895/114/396
f 645/293/638 945/293/638 944/296/638 644/296/638
f 702/5/639 1002/5/639 1001/6/639 701/6/639
f 783/161/640 1083/161/640 1082/163/640 782/163/640
f 624/288/396 924/288/396 923/90/396 623/90/396
f 900/120/396 1200/120/396 1199/121/396 899/121/396
f 766/206/569 1066/206/569 1065/208/569 765/208/569
f 694/173/641 994/173/641 993/252/641 693/252/641
f 818/162/642 1118/162/642 1117/110/642 817/110/642
f 513/154/643 813/154/643 812/153/643 512/153/643
f 311/199/13 611/199/13 610/197/13 310/197/13
f 1072/196/479 1372/196/479 1371/198/479 1071/198/479
f 1153/19/480 1453/19/480 1452/1/480 1152/1/480
f 1190/81/396 1490/81/396 1489/31/396 1189/31/396
f 1145/49/483 1445/49/483 1444/43/483 1144/43/483
f 927/231/597 1227/231/597 1226/232/597 926/232/597
f 1137/59/485 1437/59/485 1436/27/485 1136/27/485
f 1182/68/600 1482/68/600 1481/67/600 1181/67/600
f 1064/210/486 1364/210/486 1363/211/486 1063/211/486
f 1129/109/489 1429/109/489 1428/23/489 1128/23/489
f 1044/257/490 1344/257/490 1343/258/490 1043/258/490
f 1028/267/491 1328/267/491 1327/259/491 1027/259/491
f 963/289/493 1263/289/493 1262/46/493 962/46/493
f 1020/146/494 1320/146/494 1319/85/494 1019/85/494
f 919/94/396 1219/94/396 1218/95/396 918/95/396
f 1009/278/496 1309/278/496 1308/83/496 1008/83/496
f 1174/60/606 1474/60/606 1473/88/606 1173/88/606
f 1012/89/497 1312/89/497 1311/21/497 1011/21/497
f 1149/36/499 1449/36/499 1448/45/499 1148/45/499
f 1121/25/500 1421/25/500 1420/129/500 1120/129/500
f 1004/272/501 1304/272/501 1303/245/501 1003/245/501
f 940/294/395 1240/294/395 1239/295/395 939/295/395
f 996/102/502 1296/102/502 1295/172/502 995/172/502
f 911/199/396 1211/199/396 1210/197/396 910/197/396
f 1113/154/503 1413/154/503 1412/153/503 1112/153/503
f 988/276/504 1288/276/504 1287/277/504 987/277/504
f 1166/65/612 1466/65/612 1465/30/612 1165/30/612
f 1141/3/505 1441/3/505 1440/12/505 1140/12/505
f 1105/134/506 1405/134/506 1404/132/506 1104/132/506
f 947/299/507 1247/299/507 1246/290/507 946/290/507
f 980/280/509 1280/280/509 1279/279/509 979/279/509
f 903/182/396 1203/182/396 1202/181/396 902/181/396
f 1133/133/511 1433/133/511 1432/141/511 1132/141/511
f 1097/77/512 1397/77/512 1396/158/512 1096/158/512
f 972/9/514 1272/9/514 1271/149/514 971/149/514
f 1158/58/617 1458/58/617 1457/38/617 1157/38/617
f 1089/131/515 1389/131/515 1388/122/515 1088/122/515
f 1062/175/510 1362/175/510 1361/212/510 1061/212/510
f 955/243/517 1255/243/517 1254/244/517 954/244/517
f 1078/178/620 1378/178/620 1377/180/620 1077/180/620
f 1040/287/518 1340/287/518 1339/274/518 1039/274/518
f 1081/164/519 1381/164/519 1380/177/519 1080/177/519
f 939/295/520 1239/295/520 1238/107/520 938/107/520
f 1150/35/622 1450/35/622 1449/36/622 1149/36/622
f 1125/139/522 1425/139/522 1424/138/522 1124/138/522
f 1032/235/523 1332/235/523 1331/236/523 1031/236/523
f 1073/194/525 1373/194/525 1372/196/525 1072/196/525
f 1142/37/628 1442/37/628 1441/3/628 1141/3/628
f 931/300/528 1231/300/528 1230/298/528 930/298/528
f 964/92/529 1264/92/529 1263/289/529 963/289/529
f 1134/124/630 1434/124/630 1433/133/630 1133/133/630
f 1016/226/531 1316/226/531 1315/229/531 1015/229/531
f 1186/72/532 1486/72/532 1485/71/532 1185/71/532
f 965/91/534 1265/91/534 1264/92/534 964/92/534
f 1117/110/536 1417/110/536 1416/128/536 1116/128/536
f 923/90/396 1223/90/396 1222/103/396 922/103/396
f 956/242/537 1256/242/537 1255/243/537 955/243/537
f 1109/143/538 1409/143/538 1408/142/538 1108/142/538
f 1008/83/539 1308/83/539 1307/84/539 1007/84/539
f 1065/208/510 1365/208/510 1364/210/510 1064/210/510
f 1178/15/540 1478/15/540 1477/32/540 1177/32/540
f 1035/268/541 1335/268/541 1334/7/541 1034/7/541
f 1000/14/542 1300/14/542 1299/249/542 999/249/542
f 1101/87/543 1401/87/543 1400/156/543 1100/156/543
f 992/265/544 1292/265/544 1291/234/544 991/234/544
f 1057/217/545 1357/217/545 1356/93/545 1056/93/545
f 1093/136/644 1393/136/644 1392/144/644 1092/144/644
f 993/252/472 1293/252/472 1292/265/472 992/265/472
f 915/209/396 1215/209/396 1214/207/396 914/207/396
f 948/166/548 1248/166/548 1247/299/548 947/299/548
f 1118/162/642 1418/162/642 1417/110/642 1117/110/642
f 1085/174/550 1385/174/550 1384/160/550 1084/160/550
f 984/247/551 1284/247/551 1283/248/551 983/248/551
f 1049/224/552 1349/224/552 1348/215/552 1048/215/552
f 1170/54/553 1470/54/553 1469/51/553 1169/51/553
f 976/283/555 1276/283/555 1275/284/555 975/284/555
f 1077/180/557 1377/180/557 1376/183/557 1076/183/557
f 968/105/558 1268/105/558 1267/112/558 967/112/558
f 907/191/396 1207/191/396 1206/190/396 906/190/396
f 1197/97/396 1497/97/396 1496/113/396 1196/113/396
f 1110/147/394 1410/147/394 1409/143/394 1109/143/394
f 1162/79/560 1462/79/560 1461/62/560 1161/62/560
f 1102/123/398 1402/123/398 1401/87/398 1101/87/398
f 941/297/438 1241/297/438 1240/294/438 940/294/438
f 1094/135/401 1394/135/401 1393/136/401 1093/136/401
f 1069/202/562 1369/202/562 1368/203/562 1068/203/562
f 1154/18/563 1454/18/563 1453/19/563 1153/19/563
f 1086/99/405 1386/99/405 1385/174/405 1085/174/405
f 952/168/565 1252/168/565 1251/169/565 951/169/565
f 960/238/567 1260/238/567 1259/170/567 959/170/567
f 1061/212/569 1361/212/569 1360/213/569 1060/213/569
f 1146/52/570 1446/52/570 1445/49/570 1145/49/570
f 1053/220/571 1353/220/571 1352/221/571 1052/221/571
f 1033/55/572 1333/55/572 1332/235/572 1032/235/572
f 979/279/645 1279/279/645 1278/246/645 978/246/645
f 1189/31/575 1489/31/575 1488/29/575 1188/29/575
f 1025/266/646 1325/266/646 1324/100/646 1024/100/646
f 1138/39/577 1438/39/577 1437/59/577 1137/59/577
f 1070/200/1 1370/200/1 1369/202/1 1069/202/1
f 1029/251/579 1329/251/579 1328/267/579 1028/267/579
f 1130/111/580 1430/111/580 1429/109/580 1129/109/580
f 1045/253/581 1345/253/581 1344/257/581 1044/257/581
f 932/260/582 1232/260/582 1231/300/582 931/300/582
f 1017/225/583 1317/225/583 1316/226/583 1016/226/583
f 1037/254/584 1337/254/584 1336/255/584 1036/255/584
f 1193/86/396 1493/86/396 1492/75/396 1192/75/396
f 1126/40/585 1426/40/585 1425/139/585 1125/139/585
f 1122/42/586 1422/42/586 1421/25/586 1121/25/586
f 936/239/587 1236/239/587 1235/233/587 935/233/587
f 944/296/520 1244/296/520 1243/47/520 943/47/520
f 1054/219/422 1354/219/422 1353/220/422 1053/220/422
f 1185/71/588 1485/71/588 1484/70/588 1184/70/588
f 1114/155/538 1414/155/538 1413/154/538 1113/154/538
f 1046/118/424 1346/118/424 1345/253/424 1045/253/424
f 970/116/589 1270/116/589 1269/117/589 969/117/589
f 928/292/590 1228/292/590 1227/231/590 927/231/590
f 1106/137/536 1406/137/536 1405/134/536 1105/134/536
f 1038/273/426 1338/273/426 1337/254/426 1037/254/426
f 1021/4/592 1321/4/592 1320/146/592 1020/146/592
f 1177/32/428 1477/32/428 1476/53/428 1176/53/428
f 1098/76/593 1398/76/593 1397/77/593 1097/77/593
f 1030/250/429 1330/250/429 1329/251/429 1029/251/429
f 1013/227/594 1313/227/594 1312/89/594 1012/89/594
f 920/214/396 1220/214/396 1219/94/396 919/94/396
f 1090/130/595 1390/130/595 1389/131/595 1089/131/595
f 1173/88/647 1473/88/647 1472/61/647 1172/61/647
f 1005/240/598 1305/240/598 1304/272/598 1004/272/598
f 1082/163/599 1382/163/599 1381/164/599 1081/164/599
f 916/176/396 1216/176/396 1215/209/396 915/209/396
f 997/256/601 1297/256/601 1296/102/601 996/102/601
f 989/275/602 1289/275/602 1288/276/602 988/276/602
f 942/48/438 1242/48/438 1241/297/438 941/297/438
f 1127/24/442 1427/24/442 1426/40/442 1126/40/442
f 981/282/603 1281/282/603 1280/280/603 980/280/603
f 1169/51/444 1469/51/444 1468/33/444 1168/33/444
f 1074/192/604 1374/192/604 1373/194/604 1073/194/604
f 1022/13/446 1322/13/446 1321/4/446 1021/4/446
f 973/187/605 1273/187/605 1272/9/605 972/9/605
f 912/201/396 1212/201/396 1211/199/396 911/199/396
f 1014/230/449 1314/230/449 1313/227/449 1013/227/449
f 1161/62/451 1461/62/451 1460/63/451 1160/63/451
f 1165/30/607 1465/30/607 1464/73/607 1164/73/607
f 1006/228/452 1306/228/452 1305/240/452 1005/240/452
f 904/184/396 1204/184/396 1203/182/396 903/182/396
f 908/193/396 1208/193/396 1207/191/396 907/191/396
f 998/285/455 1298/285/455 1297/256/455 997/256/455
f 1058/216/608 1358/216/608 1357/217/608 1057/217/608
f 1157/38/609 1457/38/609 1456/10/609 1156/10/609
f 990/8/456 1290/8/456 1289/275/456 989/275/456
f 1151/2/457 1451/2/457 1450/35/457 1150/35/457
f 1050/223/610 1350/223/610 1349/224/610 1049/224/610
f 1155/11/611 1455/11/611 1454/18/611 1154/18/611
f 982/281/460 1282/281/460 1281/282/460 981/282/460
f 1143/44/462 1443/44/462 1442/37/462 1142/37/462
f 1042/150/613 1342/150/613 1341/148/613 1041/148/613
f 1147/50/614 1447/50/614 1446/52/614 1146/52/614
f 974/186/464 1274/186/464 1273/187/464 973/187/464
f 957/269/615 1257/269/615 1256/242/615 956/242/615
f 1135/28/465 1435/28/465 1434/124/465 1134/124/465
f 1139/34/616 1439/34/616 1438/39/616 1138/39/616
f 966/96/467 1266/96/467 1265/91/467 965/91/467
f 1131/152/618 1431/152/618 1430/111/618 1130/111/618
f 985/185/619 1285/185/619 1284/247/619 984/247/619
f 977/263/621 1277/263/621 1276/283/621 976/283/621
f 969/117/623 1269/117/623 1268/105/623 968/105/623
f 1034/7/624 1334/7/624 1333/55/624 1033/55/624
f 949/165/625 1249/165/625 1248/166/625 948/166/625
f 1119/264/475 1419/264/475 1418/162/475 1118/162/475
f 961/167/626 1261/167/626 1260/238/626 960/238/626
f 1026/171/627 1326/171/627 1325/266/627 1025/266/627
f 1024/100/476 1324/100/476 1323/101/476 1023/101/476
f 905/188/396 1205/188/396 1204/184/396 904/184/396
f 1075/189/478 1375/189/478 1374/192/478 1074/192/478
f 1115/157/629 1415/157/629 1414/155/629 1114/155/629
f 958/271/481 1258/271/481 1257/269/481 957/269/481
f 1111/151/482 1411/151/482 1410/147/482 1110/147/482
f 1107/140/434 1407/140/434 1406/137/434 1106/137/434
f 1181/67/631 1481/67/631 1480/66/631 1180/66/631
f 1103/125/484 1403/125/484 1402/123/484 1102/123/484
f 953/270/632 1253/270/632 1252/168/632 952/168/632
f 1018/20/633 1318/20/633 1317/225/633 1017/225/633
f 1099/64/634 1399/64/634 1398/76/634 1098/76/634
f 1160/63/635 1460/63/635 1459/26/635 1159/26/635
f 1010/22/636 1310/22/636 1309/278/636 1009/278/636
f 1091/145/637 1391/145/637 1390/130/637 1090/130/637
f 950/237/487 1250/237/487 1249/165/487 949/165/487
f 1196/113/396 1496/113/396 1495/114/396 1195/114/396
f 1095/115/488 1395/115/488 1394/135/488 1094/135/488
f 945/293/638 1245/293/638 1244/296/638 944/296/638
f 1002/5/639 1302/5/639 1301/6/639 1001/6/639
f 1083/161/640 1383/161/640 1382/163/640 1082/163/640
f 924/288/396 1224/288/396 1223/90/396 923/90/396
f 971/149/492 1271/149/492 1270/116/492 970/116/492
f 1200/120/396 1500/120/396 1499/121/396 1199/121/396
f 1066/206/569 1366/206/569 1365/208/569 1065/208/569
f 1087/98/495 1387/98/495 1386/99/495 1086/99/495
f 994/173/641 1294/173/641 1293/252/641 993/252/641
f 1067/205/648 1367/205/648 1366/206/648 1066/206/648
f 1199/121/396 1499/121/396 1498/159/396 1198/159/396
f 933/262/649 1233/262/649 1232/260/649 932/260/649
f 1079/119/498 1379/119/498 1378/178/498 1078/178/498
f 1188/29/392 1488/29/392 1487/78/392 1187/78/392
f 937/108/393 1237/108/393 1236/239/393 936/239/393
f 943/47/395 1243/47/395 1242/48/395 942/48/395
f 1192/75/396 1492/75/396 1491/82/396 1191/82/396
f 1071/198/397 1371/198/397 1370/200/397 1070/200/397
f 1191/82/396 1491/82/396 1490/81/396 1190/81/396
f 925/106/396 1225/106/396 1224/288/396 924/288/396
f 929/261/399 1229/261/399 1228/292/399 928/292/399
f 1059/126/400 1359/126/400 1358/216/400 1058/216/400
f 934/291/508 1234/291/508 1233/262/508 933/262/508
f 1180/66/402 1480/66/402 1479/17/402 1179/17/402
f 1063/211/510 1363/211/510 1362/175/510 1062/175/510
f 1184/70/403 1484/70/403 1483/69/403 1183/69/403
f 1051/222/404 1351/222/404 1350/223/404 1050/223/404
f 1183/69/513 1483/69/513 1482/68/513 1182/68/513
f 917/127/396 1217/127/396 1216/176/396 916/176/396
f 921/104/396 1221/104/396 1220/214/396 920/214/396
f 1043/258/406 1343/258/406 1342/150/406 1042/150/406
f 926/232/516 1226/232/516 1225/106/516 925/106/516
f 1172/61/407 1472/61/407 1471/57/407 1171/57/407
f 1176/53/650 1476/53/650 1475/56/650 1175/56/650
f 986/286/409 1286/286/409 1285/185/409 985/185/409
f 978/246/410 1278/246/410 1277/263/410 977/263/410
f 1128/23/411 1428/23/411 1427/24/411 1127/24/411
f 1175/56/521 1475/56/521 1474/60/521 1174/60/521
f 1123/41/412 1423/41/412 1422/42/412 1122/42/412
f 918/95/396 1218/95/396 1217/127/396 917/127/396
f 1055/218/524 1355/218/524 1354/219/524 1054/219/524
f 913/204/396 1213/204/396 1212/201/396 912/201/396
f 962/46/651 1262/46/651 1261/167/651 961/167/651
f 1167/16/526 1467/16/526 1466/65/526 1166/65/526
f 909/195/396 1209/195/396 1208/193/396 908/193/396
f 1047/241/527 1347/241/527 1346/118/527 1046/118/527
f 1168/33/414 1468/33/414 1467/16/414 1167/16/414
f 910/197/396 1210/197/396 1209/195/396 909/195/396
f 1164/73/415 1464/73/415 1463/74/415 1163/74/415
f 1039/274/530 1339/274/530 1338/273/530 1038/273/530
f 1159/26/533 1459/26/533 1458/58/533 1158/58/533
f 1156/10/416 1456/10/416 1455/11/416 1155/11/416
f 1031/236/535 1331/236/535 1330/250/535 1030/250/535
f 954/244/417 1254/244/417 1253/270/417 953/270/417
f 902/181/396 1202/181/396 1201/179/396 901/179/396
f 1148/45/418 1448/45/418 1447/50/418 1147/50/418
f 946/290/419 1246/290/419 1245/293/419 945/293/419
f 1027/259/420 1327/259/420 1326/171/420 1026/171/420
f 1140/12/421 1440/12/421 1439/34/421 1139/34/421
f 1132/141/423 1432/141/423 1431/152/423 1131/152/423
f 1023/101/546 1323/101/546 1322/13/546 1022/13/546
f 1019/85/425 1319/85/425 1318/20/425 1018/20/425
f 1124/138/427 1424/138/427 1423/41/427 1123/41/427
f 1048/215/549 1348/215/549 1347/241/549 1047/241/549
f 1195/114/396 1495/114/396 1494/80/396 1194/80/396
f 1056/93/554 1356/93/554 1355/218/554 1055/218/554
f 938/107/430 1238/107/430 1237/108/430 937/108/430
f 1011/21/431 1311/21/431 1310/22/431 1010/22/431
f 1015/229/556 1315/229/556 1314/230/556 1014/230/556
f 1152/1/652 1452/1/652 1451/2/652 1151/2/652
f 1003/245/433 1303/245/433 1302/5/433 1002/5/433
f 1116/128/434 1416/128/434 1415/157/434 1115/157/434
f 1007/84/559 1307/84/559 1306/228/559 1006/228/559
f 1144/43/435 1444/43/435 1443/44/435 1143/44/435
f 995/172/436 1295/172/436 1294/173/436 994/173/436
f 1108/142/437 1408/142/437 1407/140/437 1107/140/437
f 999/249/561 1299/249/561 1298/285/561 998/285/561
f 1136/27/439 1436/27/439 1435/28/439 1135/28/439
f 1187/78/440 1487/78/440 1486/72/440 1186/72/440
f 987/277/441 1287/277/441 1286/286/441 986/286/441
f 1100/156/443 1400/156/443 1399/64/443 1099/64/443
f 991/234/486 1291/234/486 1290/8/486 990/8/486
f 930/298/445 1230/298/445 1229/261/445 929/261/445
f 1092/144/447 1392/144/447 1391/145/447 1091/145/447
f 983/248/653 1283/248/653 1282/281/653 982/281/653
f 1194/80/396 1494/80/396 1493/86/396 1193/86/396
f 1179/17/448 1479/17/448 1478/15/448 1178/15/448
f 1084/160/450 1384/160/450 1383/161/450 1083/161/450
f 975/284/566 1275/284/566 1274/186/566 974/186/566
f 922/103/396 1222/103/396 1221/104/396 921/104/396
f 1076/183/453 1376/183/453 1375/189/453 1075/189/453
f 967/112/568 1267/112/568 1266/96/568 966/96/568
f 1001/6/454 1301/6/454 1300/14/454 1000/14/454
f 959/170/574 1259/170/574 1258/271/574 958/271/574
f 1120/129/458 1420/129/458 1419/264/458 1119/264/458
f 1171/57/459 1471/57/459 1470/54/459 1170/54/459
f 1068/203/461 1368/203/461 1367/205/461 1067/205/461
f 951/169/578 1251/169/578 1250/237/578 950/237/578
f 1112/153/463 1412/153/463 1411/151/463 1111/151/463
f 914/207/396 1214/207/396 1213/204/396 913/204/396
f 1104/132/466 1404/132/466 1403/125/466 1103/125/466
f 901/179/396 1201/179/396 1500/120/396 1200/120/396
f 1096/158/468 1396/158/468 1395/115/468 1095/115/468
f 1163/74/469 1463/74/469 1462/79/469 1162/79/469
f 1041/148/470 1341/148/470 1340/287/470 1040/287/470
f 1088/122/471 1388/122/471 1387/98/471 1087/98/471
f 906/190/396 1206/190/396 1205/188/396 905/188/396
f 1060/213/472 1360/213/472 1359/126/472 1059/126/472
f 1198/159/396 1498/159/396 1497/97/396 1197/97/396
f 1080/177/473 1380/177/473 1379/119/473 1079/119/473
f 1052/221/474 1352/221/474 1351/222/474 1051/222/474
f 633/262/649 933/262/649 932/260/649 632/260/649
f 767/205/648 1067/205/648 1066/206/648 766/206/648
f 1452/1/139 1441/3/139 1451/2/139
f 1321/4/654 1301/6/654 1302/5/654
f 1334/7/75 1272/9/75 1290/8/75
f 1456/10/655 1440/12/655 1455/11/655
f 1322/13/656 1300/14/656 1301/6/656
f 1478/15/657 1479/17/657 1467/16/657
f 1454/18/75 1441/3/75 1453/19/75
f 1318/20/658 1310/22/658 1311/21/658
f 1428/23/656 1421/25/656 1427/24/656
f 1459/26/75 1435/28/75 1436/27/75
f 1488/29/659 1489/31/659 1465/30/659
f 1454/18/660 1440/12/660 1441/3/660
f 1478/15/75 1468/33/75 1477/32/75
f 1456/10/75 1439/34/75 1440/12/75
f 1450/35/661 1442/37/661 1449/36/661
f 1457/38/75 1438/39/75 1439/34/75
f 1426/40/662 1422/42/662 1423/41/662
f 1444/43/75 1448/45/75 1443/44/75
f 1262/46/129 1242/48/129 1243/47/129
f 1445/49/75 1447/50/75 1444/43/75
f 1477/32/62 1468/33/62 1469/51/62
f 1446/52/75 1447/50/75 1445/49/75
f 1476/53/663 1469/51/663 1470/54/663
f 1290/8/658 1333/55/658 1334/7/658
f 1475/56/663 1470/54/663 1471/57/663
f 1457/38/660 1439/34/660 1456/10/660
f 1467/16/664 1468/33/664 1478/15/664
f 1458/58/166 1437/59/166 1438/39/166
f 1474/60/75 1471/57/75 1472/61/75
f 1455/11/75 1440/12/75 1454/18/75
f 1474/60/75 1475/56/75 1471/57/75
f 1459/26/660 1437/59/660 1458/58/660
f 1475/56/75 1476/53/75 1470/54/75
f 1459/26/166 1436/27/166 1437/59/166
f 1476/53/75 1477/32/75 1469/51/75
f 1461/62/75 1399/64/75 1460/63/75
f 1479/17/75 1480/66/75 1466/65/75
f 1481/67/665 1465/30/665 1480/66/665
f 1482/68/75 1465/30/75 1481/67/75
f 1483/69/75 1465/30/75 1482/68/75
f 1484/70/666 1465/30/666 1483/69/666
f 1485/71/667 1465/30/667 1484/70/667
f 1486/72/75 1465/30/75 1485/71/75
f 1464/73/660 1492/75/660 1463/74/660
f 1398/76/75 1461/62/75 1397/77/75
f 1486/72/75 1487/78/75 1465/30/75
f 1487/78/75 1488/29/75 1465/30/75
f 1463/74/75 1494/80/75 1462/79/75
f 1489/31/75 1490/81/75 1465/30/75
f 1490/81/75 1491/82/75 1464/73/75
f 1308/83/75 1319/85/75 1307/84/75
f 1491/82/75 1492/75/75 1464/73/75
f 1460/63/75 1435/28/75 1459/26/75
f 1492/75/75 1493/86/75 1463/74/75
f 1461/62/75 1398/76/75 1399/64/75
f 1435/28/75 1460/63/75 1401/87/75
f 1474/60/75 1472/61/75 1473/88/75
f 1318/20/668 1311/21/668 1312/89/668
f 1223/90/75 1264/92/75 1265/91/75
f 1322/13/75 1301/6/75 1321/4/75
f 1356/93/75 1218/95/75 1219/94/75
f 1223/90/75 1265/91/75 1266/96/75
f 1497/97/166 1386/99/166 1387/98/166
f 1324/100/244 1296/102/244 1323/101/244
f 1222/103/75 1268/105/75 1221/104/75
f 1225/106/166 1237/108/166 1238/107/166
f 1429/109/166 1430/111/166 1417/110/166
f 1222/103/75 1267/112/75 1268/105/75
f 1496/113/75 1395/115/75 1495/114/75
f 1270/116/75 1346/118/75 1269/117/75
f 1379/119/75 1499/121/75 1500/120/75
f 1497/97/660 1387/98/660 1388/122/660
f 1402/123/662 1403/125/662 1434/124/662
f 1359/126/75 1217/127/75 1218/95/75
f 1401/87/28 1402/123/28 1435/28/28
f 1417/110/75 1430/111/75 1416/128/75
f 1420/129/75 1421/25/75 1428/23/75
f 1497/97/655 1389/131/655 1390/130/655
f 1404/132/75 1405/134/75 1433/133/75
f 1496/113/75 1393/136/75 1394/135/75
f 1405/134/75 1406/137/75 1433/133/75
f 1443/44/668 1448/45/668 1449/36/668
f 1397/77/75 1462/79/75 1494/80/75
f 1424/138/75 1425/139/75 1423/41/75
f 1407/140/75 1408/142/75 1432/141/75
f 1408/142/75 1409/143/75 1432/141/75
f 1497/97/655 1391/145/655 1392/144/655
f 1307/84/62 1319/85/62 1320/146/62
f 1409/143/75 1410/147/75 1432/141/75
f 1341/148/75 1342/150/75 1271/149/75
f 1411/151/75 1412/153/75 1431/152/75
f 1427/24/75 1422/42/75 1426/40/75
f 1412/153/28 1413/154/28 1431/152/28
f 1414/155/75 1430/111/75 1413/154/75
f 1401/87/75 1460/63/75 1400/156/75
f 1427/24/129 1421/25/129 1422/42/129
f 1415/157/663 1430/111/663 1414/155/663
f 1416/128/75 1430/111/75 1415/157/75
f 1495/114/166 1395/115/166 1396/158/166
f 1498/159/658 1383/161/658 1384/160/658
f 1428/23/669 1429/109/669 1420/129/669
f 1417/110/62 1418/162/62 1429/109/62
f 1411/151/75 1431/152/75 1410/147/75
f 1498/159/166 1381/164/166 1382/163/166
f 1465/30/75 1490/81/75 1464/73/75
f 1249/165/75 1261/167/75 1248/166/75
f 1252/168/139 1259/170/139 1251/169/139
f 1407/140/75 1432/141/75 1406/137/75
f 1435/28/75 1402/123/75 1434/124/75
f 1326/171/166 1294/173/166 1295/172/166
f 1498/159/75 1385/174/75 1497/97/75
f 1385/174/75 1498/159/75 1384/160/75
f 1362/175/75 1216/176/75 1217/127/75
f 1497/97/662 1388/122/662 1389/131/662
f 1403/125/75 1404/132/75 1434/124/75
f 1499/121/75 1381/164/75 1498/159/75
f 1380/177/75 1381/164/75 1499/121/75
f 1380/177/75 1499/121/75 1379/119/75
f 1222/103/75 1266/96/75 1267/112/75
f 1378/178/75 1379/119/75 1500/120/75
f 1378/178/75 1500/120/75 1201/179/75
f 1377/180/75 1378/178/75 1201/179/75
f 1377/180/75 1201/179/75 1202/181/75
f 1377/180/75 1202/181/75 1203/182/75
f 1376/183/75 1377/180/75 1204/184/75
f 1285/185/129 1273/187/129 1274/186/129
f 1376/183/75 1204/184/75 1205/188/75
f 1375/189/75 1376/183/75 1205/188/75
f 1375/189/75 1205/188/75 1206/190/75
f 1375/189/75 1206/190/75 1207/191/75
f 1374/192/75 1375/189/75 1207/191/75
f 1374/192/75 1207/191/75 1208/193/75
f 1373/194/75 1374/192/75 1208/193/75
f 1373/194/75 1208/193/75 1209/195/75
f 1372/196/75 1373/194/75 1209/195/75
f 1372/196/75 1209/195/75 1210/197/75
f 1371/198/660 1372/196/660 1210/197/660
f 1371/198/75 1210/197/75 1211/199/75
f 1370/200/166 1371/198/166 1211/199/166
f 1370/200/75 1211/199/75 1212/201/75
f 1369/202/75 1370/200/75 1212/201/75
f 1368/203/75 1369/202/75 1212/201/75
f 1368/203/75 1212/201/75 1213/204/75
f 1367/205/75 1368/203/75 1213/204/75
f 1366/206/75 1367/205/75 1213/204/75
f 1366/206/75 1213/204/75 1214/207/75
f 1365/208/75 1366/206/75 1214/207/75
f 1365/208/75 1214/207/75 1215/209/75
f 1364/210/75 1365/208/75 1215/209/75
f 1364/210/75 1215/209/75 1216/176/75
f 1363/211/75 1364/210/75 1216/176/75
f 1363/211/75 1216/176/75 1362/175/75
f 1495/114/75 1397/77/75 1494/80/75
f 1361/212/75 1362/175/75 1217/127/75
f 1360/213/655 1361/212/655 1217/127/655
f 1360/213/75 1217/127/75 1359/126/75
f 1221/104/75 1348/215/75 1220/214/75
f 1358/216/75 1359/126/75 1218/95/75
f 1357/217/75 1358/216/75 1218/95/75
f 1357/217/75 1218/95/75 1356/93/75
f 1432/141/75 1410/147/75 1431/152/75
f 1355/218/75 1356/93/75 1219/94/75
f 1354/219/662 1355/218/662 1219/94/662
f 1353/220/75 1354/219/75 1219/94/75
f 1352/221/75 1353/220/75 1219/94/75
f 1351/222/270 1352/221/270 1220/214/270
f 1350/223/129 1351/222/129 1220/214/129
f 1349/224/75 1350/223/75 1220/214/75
f 1318/20/47 1312/89/47 1317/225/47
f 1317/225/75 1313/227/75 1316/226/75
f 1320/146/664 1306/228/664 1307/84/664
f 1315/229/670 1316/226/670 1314/230/670
f 1227/231/671 1235/233/671 1226/232/671
f 1291/234/658 1331/236/658 1332/235/658
f 1251/169/75 1260/238/75 1250/237/75
f 1431/152/672 1413/154/672 1430/111/672
f 1348/215/75 1349/224/75 1220/214/75
f 1466/65/75 1480/66/75 1465/30/75
f 1496/113/673 1392/144/673 1393/136/673
f 1225/106/672 1235/233/672 1236/239/672
f 1317/225/139 1312/89/139 1313/227/139
f 1321/4/166 1305/240/166 1306/228/166
f 1347/241/75 1348/215/75 1221/104/75
f 1498/159/660 1382/163/660 1383/161/660
f 1256/242/75 1254/244/75 1255/243/75
f 1433/133/75 1406/137/75 1432/141/75
f 1321/4/239 1302/5/239 1303/245/239
f 1346/118/75 1347/241/75 1221/104/75
f 1278/246/62 1283/248/62 1284/247/62
f 1291/234/75 1332/235/75 1290/8/75
f 1322/13/244 1299/249/244 1300/14/244
f 1330/250/75 1293/252/75 1329/251/75
f 1345/253/75 1346/118/75 1270/116/75
f 1434/124/75 1404/132/75 1433/133/75
f 1271/149/75 1336/255/75 1337/254/75
f 1323/101/129 1297/256/129 1322/13/129
f 1344/257/75 1345/253/75 1270/116/75
f 1423/41/75 1425/139/75 1426/40/75
f 1343/258/672 1344/257/672 1270/116/672
f 1451/2/75 1441/3/75 1450/35/75
f 1327/259/75 1294/173/75 1326/171/75
f 1321/4/75 1306/228/75 1320/146/75
f 1342/150/75 1343/258/75 1270/116/75
f 1467/16/75 1479/17/75 1466/65/75
f 1232/260/75 1233/262/75 1229/261/75
f 1284/247/62 1277/263/62 1278/246/62
f 1420/129/75 1429/109/75 1419/264/75
f 1271/149/75 1342/150/75 1270/116/75
f 1292/265/674 1331/236/674 1291/234/674
f 1323/101/660 1296/102/660 1297/256/660
f 1325/266/75 1296/102/75 1324/100/75
f 1325/266/75 1295/172/75 1296/102/75
f 1328/267/75 1294/173/75 1327/259/75
f 1319/85/660 1308/83/660 1310/22/660
f 1331/236/75 1292/265/75 1330/250/75
f 1290/8/75 1332/235/75 1333/55/75
f 1326/171/662 1295/172/662 1325/266/662
f 1330/250/672 1292/265/672 1293/252/672
f 1336/255/673 1272/9/673 1335/268/673
f 1257/269/75 1258/271/75 1253/270/75
f 1272/9/75 1336/255/75 1271/149/75
f 1450/35/139 1441/3/139 1442/37/139
f 1321/4/107 1303/245/107 1304/272/107
f 1319/85/75 1310/22/75 1318/20/75
f 1338/273/75 1271/149/75 1337/254/75
f 1496/113/672 1394/135/672 1395/115/672
f 1339/274/75 1271/149/75 1338/273/75
f 1289/275/75 1290/8/75 1272/9/75
f 1288/276/75 1289/275/75 1272/9/75
f 1287/277/75 1288/276/75 1272/9/75
f 1250/237/75 1261/167/75 1249/165/75
f 1309/278/75 1310/22/75 1308/83/75
f 1316/226/675 1313/227/675 1314/230/675
f 1220/214/75 1352/221/75 1219/94/75
f 1279/279/75 1283/248/75 1278/246/75
f 1280/280/75 1282/281/75 1279/279/75
f 1281/282/75 1282/281/75 1280/280/75
f 1285/185/663 1275/284/663 1276/283/663
f 1285/185/676 1277/263/676 1284/247/676
f 1322/13/656 1297/256/656 1298/285/656
f 1285/185/677 1276/283/677 1277/263/677
f 1293/252/75 1328/267/75 1329/251/75
f 1287/277/62 1273/187/62 1286/286/62
f 1287/277/75 1272/9/75 1273/187/75
f 1335/268/244 1272/9/244 1334/7/244
f 1286/286/75 1273/187/75 1285/185/75
f 1340/287/655 1271/149/655 1339/274/655
f 1497/97/244 1385/174/244 1386/99/244
f 1269/117/75 1346/118/75 1221/104/75
f 1221/104/75 1268/105/75 1269/117/75
f 1204/184/75 1377/180/75 1203/182/75
f 1224/288/75 1262/46/75 1263/289/75
f 1493/86/75 1494/80/75 1463/74/75
f 1497/97/129 1390/130/129 1391/145/129
f 1223/90/75 1266/96/75 1222/103/75
f 1458/58/75 1438/39/75 1457/38/75
f 1497/97/75 1392/144/75 1496/113/75
f 1224/288/75 1264/92/75 1223/90/75
f 1264/92/75 1224/288/75 1263/289/75
f 1495/114/672 1396/158/672 1397/77/672
f 1225/106/75 1262/46/75 1224/288/75
f 1261/167/75 1262/46/75 1246/290/75
f 1227/231/75 1228/292/75 1234/291/75
f 1246/290/678 1262/46/678 1245/293/678
f 1260/238/75 1261/167/75 1250/237/75
f 1259/170/171 1260/238/171 1251/169/171
f 1225/106/679 1239/295/679 1240/294/679
f 1258/271/680 1259/170/680 1252/168/680
f 1245/293/75 1262/46/75 1244/296/75
f 1460/63/75 1399/64/75 1400/156/75
f 1449/36/270 1442/37/270 1443/44/270
f 1444/43/654 1447/50/654 1448/45/654
f 1253/270/75 1254/244/75 1257/269/75
f 1225/106/674 1241/297/674 1242/48/674
f 1397/77/75 1461/62/75 1462/79/75
f 1232/260/681 1229/261/681 1230/298/681
f 1247/299/75 1261/167/75 1246/290/75
f 1231/300/682 1232/260/682 1230/298/682
f 1279/279/683 1282/281/683 1283/248/683
f 1233/262/662 1228/292/662 1229/261/662
f 1225/106/75 1242/48/75 1262/46/75
f 1419/264/75 1429/109/75 1418/162/75
f 1225/106/674 1240/294/674 1241/297/674
f 1225/106/674 1238/107/674 1239/295/674
f 1322/13/75 1298/285/75 1299/249/75
f 1321/4/62 1304/272/62 1305/240/62
f 1248/166/75 1261/167/75 1247/299/75
f 1234/291/75 1235/233/75 1227/231/75
f 1234/291/75 1228/292/75 1233/262/75
f 1294/173/75 1328/267/75 1293/252/75
f 1253/270/684 1258/271/684 1252/168/684
f 1285/185/673 1274/186/673 1275/284/673
f 1225/106/655 1236/239/655 1237/108/655
f 1226/232/75 1235/233/75 1225/106/75
f 1244/296/685 1262/46/685 1243/47/685
f 1257/269/75 1254/244/75 1256/242/75
f 1441/3/662 1452/1/662 1453/19/662
f 1341/148/75 1271/149/75 1340/287/75
f 935/233/591 1235/233/591 1234/291/591 934/291/591
f 1036/255/477 1336/255/477 1335/268/477 1035/268/477
