# Blender 4.0.2
# www.blender.org
mtllib Linea_L_corner.mtl
o Linea_L_corner
v 0.170366 -0.053026 -0.612666
v 0.170366 -0.053014 -0.612521
v 0.170366 -0.053006 -0.612375
v 0.170366 -0.053001 -0.612230
v 0.170366 -0.052998 -0.612084
v 0.170366 -0.052997 -0.611939
v 0.170366 -0.052997 -0.611793
v 0.170366 -0.052999 -0.611648
v 0.170366 -0.053001 -0.611502
v 0.170366 -0.053003 -0.611357
v 0.170366 -0.053006 -0.611211
v 0.170366 -0.053008 -0.611066
v 0.170366 -0.053008 -0.610920
v 0.170366 -0.053008 -0.610673
v 0.170366 -0.053003 -0.610467
v 0.170366 -0.052992 -0.610298
v 0.170366 -0.052970 -0.610163
v 0.170366 -0.052934 -0.610058
v 0.170366 -0.052880 -0.609978
v 0.170366 -0.052805 -0.609922
v 0.170366 -0.052705 -0.609884
v 0.170366 -0.052577 -0.609861
v 0.170366 -0.052416 -0.609849
v 0.170366 -0.052220 -0.609845
v 0.170366 -0.051985 -0.609844
v 0.170366 -0.048571 -0.609844
v 0.170366 -0.043848 -0.609844
v 0.170366 -0.038103 -0.609844
v 0.170366 -0.031627 -0.609844
v 0.170366 -0.024709 -0.609844
v 0.170366 -0.017636 -0.609844
v 0.170366 -0.010698 -0.609844
v 0.170366 -0.004184 -0.609844
v 0.170366 0.001618 -0.609844
v 0.170366 0.006418 -0.609844
v 0.170366 0.009928 -0.609844
v 0.170366 0.011859 -0.609844
v 0.170366 0.011925 -0.609846
v 0.170366 0.011988 -0.609853
v 0.170366 0.012050 -0.609864
v 0.170366 0.012111 -0.609879
v 0.170366 0.012169 -0.609898
v 0.170366 0.012225 -0.609921
v 0.170366 0.012279 -0.609949
v 0.170366 0.012331 -0.609980
v 0.170366 0.012380 -0.610015
v 0.170366 0.012427 -0.610054
v 0.170366 0.012471 -0.610097
v 0.170366 0.012512 -0.610144
v 0.170366 0.012598 -0.610241
v 0.170366 0.012700 -0.610344
v 0.170366 0.012816 -0.610452
v 0.170366 0.012948 -0.610560
v 0.170366 0.013095 -0.610666
v 0.170366 0.013257 -0.610768
v 0.170366 0.013434 -0.610862
v 0.170366 0.013627 -0.610945
v 0.170366 0.013836 -0.611015
v 0.170366 0.014061 -0.611068
v 0.170366 0.014301 -0.611102
v 0.170366 0.014558 -0.611114
v 0.170366 0.014810 -0.611102
v 0.170366 0.015047 -0.611068
v 0.170366 0.015269 -0.611015
v 0.170366 0.015475 -0.610945
v 0.170366 0.015667 -0.610862
v 0.170366 0.015843 -0.610768
v 0.170366 0.016004 -0.610666
v 0.170366 0.016150 -0.610560
v 0.170366 0.016281 -0.610452
v 0.170366 0.016398 -0.610344
v 0.170366 0.016499 -0.610241
v 0.170366 0.016586 -0.610144
v 0.170366 0.016627 -0.610097
v 0.170366 0.016672 -0.610054
v 0.170366 0.016720 -0.610015
v 0.170366 0.016771 -0.609980
v 0.170366 0.016824 -0.609949
v 0.170366 0.016879 -0.609921
v 0.170366 0.016936 -0.609898
v 0.170366 0.016995 -0.609879
v 0.170366 0.017055 -0.609864
v 0.170366 0.017115 -0.609853
v 0.170366 0.017177 -0.609846
v 0.170366 0.017238 -0.609844
v 0.170366 0.018212 -0.609844
v 0.170366 0.019763 -0.609844
v 0.170366 0.021794 -0.609844
v 0.170366 0.024210 -0.609844
v 0.170366 0.026914 -0.609844
v 0.170366 0.029809 -0.609844
v 0.170366 0.032799 -0.609844
v 0.170366 0.035787 -0.609844
v 0.170366 0.038677 -0.609844
v 0.170366 0.041372 -0.609844
v 0.170366 0.043776 -0.609844
v 0.170366 0.045792 -0.609844
v 0.170366 0.045832 -0.609844
v 0.170366 0.045871 -0.609844
v 0.170366 0.045911 -0.609844
v 0.170366 0.045951 -0.609844
v 0.170366 0.045990 -0.609844
v 0.170366 0.046030 -0.609844
v 0.170366 0.046070 -0.609844
v 0.170366 0.046109 -0.609844
v 0.170366 0.046149 -0.609844
v 0.170366 0.046189 -0.609844
v 0.170366 0.046229 -0.609844
v 0.170366 0.046268 -0.609844
v 0.170366 0.046363 -0.609845
v 0.170366 0.046454 -0.609858
v 0.170366 0.046539 -0.609881
v 0.170366 0.046619 -0.609914
v 0.170366 0.046692 -0.609956
v 0.170366 0.046758 -0.610007
v 0.170366 0.046815 -0.610066
v 0.170366 0.046864 -0.610133
v 0.170366 0.046903 -0.610206
v 0.170366 0.046932 -0.610286
v 0.170366 0.046950 -0.610371
v 0.170366 0.046956 -0.610461
v 0.170366 0.046956 -0.610600
v 0.170366 0.046955 -0.611001
v 0.170366 0.046954 -0.611641
v 0.170366 0.046952 -0.612495
v 0.170366 0.046951 -0.613539
v 0.170366 0.046949 -0.614750
v 0.170366 0.046949 -0.616104
v 0.170366 0.046948 -0.617578
v 0.170366 0.046949 -0.619146
v 0.170366 0.046950 -0.620786
v 0.170366 0.046952 -0.622474
v 0.170366 0.046956 -0.624186
v 0.170366 0.046953 -0.624290
v 0.170366 0.046944 -0.624383
v 0.170366 0.046927 -0.624465
v 0.170366 0.046904 -0.624537
v 0.170366 0.046872 -0.624599
v 0.170366 0.046833 -0.624651
v 0.170366 0.046784 -0.624694
v 0.170366 0.046726 -0.624728
v 0.170366 0.046658 -0.624754
v 0.170366 0.046580 -0.624772
v 0.170366 0.046492 -0.624782
v 0.170366 0.046392 -0.624785
v 0.170366 0.045294 -0.624790
v 0.170366 0.044196 -0.624795
v 0.170366 0.043098 -0.624801
v 0.170366 0.042000 -0.624807
v 0.170366 0.040902 -0.624813
v 0.170366 0.039804 -0.624818
v 0.170366 0.038707 -0.624824
v 0.170366 0.037609 -0.624828
v 0.170366 0.036511 -0.624832
v 0.170366 0.035413 -0.624836
v 0.170366 0.034315 -0.624838
v 0.170366 0.033217 -0.624838
v 0.170366 0.032907 -0.624808
v 0.170366 0.032631 -0.624722
v 0.170366 0.032389 -0.624586
v 0.170366 0.032180 -0.624405
v 0.170366 0.032005 -0.624185
v 0.170366 0.031866 -0.623932
v 0.170366 0.031761 -0.623651
v 0.170366 0.031691 -0.623349
v 0.170366 0.031657 -0.623030
v 0.170366 0.031659 -0.622701
v 0.170366 0.031697 -0.622367
v 0.170366 0.031771 -0.622033
v 0.170366 0.031835 -0.621824
v 0.170366 0.031902 -0.621649
v 0.170366 0.031973 -0.621502
v 0.170366 0.032046 -0.621376
v 0.170366 0.032121 -0.621264
v 0.170366 0.032196 -0.621158
v 0.170366 0.032273 -0.621052
v 0.170366 0.032348 -0.620938
v 0.170366 0.032423 -0.620810
v 0.170366 0.032496 -0.620661
v 0.170366 0.032567 -0.620483
v 0.170366 0.032635 -0.620269
v 0.170366 0.032709 -0.620000
v 0.170366 0.032768 -0.619729
v 0.170366 0.032811 -0.619460
v 0.170366 0.032836 -0.619193
v 0.170366 0.032838 -0.618931
v 0.170366 0.032816 -0.618675
v 0.170366 0.032767 -0.618427
v 0.170366 0.032687 -0.618188
v 0.170366 0.032576 -0.617960
v 0.170366 0.032429 -0.617745
v 0.170366 0.032244 -0.617544
v 0.170366 0.032018 -0.617359
v 0.170366 0.031864 -0.617260
v 0.170366 0.031704 -0.617166
v 0.170366 0.031539 -0.617077
v 0.170366 0.031369 -0.616995
v 0.170366 0.031194 -0.616919
v 0.170366 0.031017 -0.616852
v 0.170366 0.030837 -0.616792
v 0.170366 0.030657 -0.616741
v 0.170366 0.030475 -0.616699
v 0.170366 0.030294 -0.616667
v 0.170366 0.030114 -0.616646
v 0.170366 0.029937 -0.616636
v 0.170366 0.027125 -0.616628
v 0.170366 0.023090 -0.616622
v 0.170366 0.018096 -0.616618
v 0.170366 0.012408 -0.616615
v 0.170366 0.006291 -0.616613
v 0.170366 0.000010 -0.616611
v 0.170366 -0.006171 -0.616610
v 0.170366 -0.011987 -0.616609
v 0.170366 -0.017174 -0.616608
v 0.170366 -0.021465 -0.616607
v 0.170366 -0.024598 -0.616604
v 0.170366 -0.026306 -0.616600
v 0.170366 -0.026615 -0.616614
v 0.170366 -0.026915 -0.616655
v 0.170366 -0.027203 -0.616723
v 0.170366 -0.027477 -0.616816
v 0.170366 -0.027735 -0.616935
v 0.170366 -0.027975 -0.617079
v 0.170366 -0.028195 -0.617246
v 0.170366 -0.028393 -0.617437
v 0.170366 -0.028566 -0.617650
v 0.170366 -0.028712 -0.617884
v 0.170366 -0.028830 -0.618141
v 0.170366 -0.028917 -0.618417
v 0.170366 -0.028952 -0.618569
v 0.170366 -0.028979 -0.618724
v 0.170366 -0.028998 -0.618881
v 0.170366 -0.029011 -0.619041
v 0.170366 -0.029016 -0.619203
v 0.170366 -0.029016 -0.619365
v 0.170366 -0.029010 -0.619529
v 0.170366 -0.028999 -0.619693
v 0.170366 -0.028984 -0.619856
v 0.170366 -0.028964 -0.620019
v 0.170366 -0.028942 -0.620180
v 0.170366 -0.028917 -0.620340
v 0.170366 -0.028870 -0.620584
v 0.170366 -0.028819 -0.620792
v 0.170366 -0.028765 -0.620971
v 0.170366 -0.028708 -0.621129
v 0.170366 -0.028648 -0.621271
v 0.170366 -0.028588 -0.621407
v 0.170366 -0.028527 -0.621543
v 0.170366 -0.028467 -0.621686
v 0.170366 -0.028408 -0.621843
v 0.170366 -0.028351 -0.622022
v 0.170366 -0.028297 -0.622230
v 0.170366 -0.028246 -0.622474
v 0.170366 -0.028222 -0.622660
v 0.170366 -0.028220 -0.622860
v 0.170366 -0.028238 -0.623070
v 0.170366 -0.028275 -0.623285
v 0.170366 -0.028329 -0.623500
v 0.170366 -0.028401 -0.623709
v 0.170366 -0.028488 -0.623908
v 0.170366 -0.028589 -0.624092
v 0.170366 -0.028703 -0.624256
v 0.170366 -0.028829 -0.624394
v 0.170366 -0.028965 -0.624501
v 0.170366 -0.029111 -0.624574
v 0.170366 -0.029200 -0.624607
v 0.170366 -0.029290 -0.624637
v 0.170366 -0.029381 -0.624663
v 0.170366 -0.029473 -0.624687
v 0.170366 -0.029566 -0.624707
v 0.170366 -0.029660 -0.624724
v 0.170366 -0.029753 -0.624738
v 0.170366 -0.029847 -0.624749
v 0.170366 -0.029941 -0.624757
v 0.170366 -0.030035 -0.624763
v 0.170366 -0.030129 -0.624767
v 0.170366 -0.030222 -0.624768
v 0.170366 -0.030764 -0.624771
v 0.170366 -0.031306 -0.624773
v 0.170366 -0.031849 -0.624773
v 0.170366 -0.032391 -0.624772
v 0.170366 -0.032933 -0.624771
v 0.170366 -0.033476 -0.624770
v 0.170366 -0.034018 -0.624769
v 0.170366 -0.034560 -0.624769
v 0.170366 -0.035103 -0.624770
v 0.170366 -0.035645 -0.624773
v 0.170366 -0.036187 -0.624778
v 0.170366 -0.036730 -0.624785
v 0.170366 -0.036848 -0.624781
v 0.170366 -0.036965 -0.624766
v 0.170366 -0.037080 -0.624743
v 0.170366 -0.037192 -0.624711
v 0.170366 -0.037300 -0.624670
v 0.170366 -0.037404 -0.624620
v 0.170366 -0.037503 -0.624562
v 0.170366 -0.037596 -0.624495
v 0.170366 -0.037682 -0.624421
v 0.170366 -0.037761 -0.624338
v 0.170366 -0.037832 -0.624248
v 0.170366 -0.037894 -0.624150
v 0.170366 -0.038766 -0.622796
v 0.170366 -0.039697 -0.621529
v 0.170366 -0.040687 -0.620349
v 0.170366 -0.041737 -0.619256
v 0.170366 -0.042846 -0.618250
v 0.170366 -0.044014 -0.617330
v 0.170366 -0.045240 -0.616497
v 0.170366 -0.046525 -0.615750
v 0.170366 -0.047869 -0.615088
v 0.170366 -0.049271 -0.614513
v 0.170366 -0.050731 -0.614023
v 0.170366 -0.052250 -0.613619
v 0.170366 -0.052385 -0.613586
v 0.170366 -0.052507 -0.613548
v 0.170366 -0.052617 -0.613505
v 0.170366 -0.052714 -0.613454
v 0.170366 -0.052798 -0.613396
v 0.170366 -0.052869 -0.613328
v 0.170366 -0.052928 -0.613250
v 0.170366 -0.052974 -0.613160
v 0.170366 -0.053006 -0.613058
v 0.170366 -0.053026 -0.612943
v 0.170366 -0.053032 -0.612813
v 0.184366 -0.053026 -0.612666
v 0.184366 -0.053014 -0.612521
v 0.184366 -0.053006 -0.612375
v 0.184366 -0.053001 -0.612230
v 0.184366 -0.052998 -0.612084
v 0.184366 -0.052997 -0.611939
v 0.184366 -0.052997 -0.611793
v 0.184366 -0.052999 -0.611648
v 0.184366 -0.053001 -0.611502
v 0.184366 -0.053003 -0.611357
v 0.184366 -0.053006 -0.611211
v 0.184366 -0.053008 -0.611066
v 0.184366 -0.053008 -0.610920
v 0.184366 -0.053008 -0.610673
v 0.184366 -0.053003 -0.610467
v 0.184366 -0.052992 -0.610298
v 0.184366 -0.052970 -0.610163
v 0.184366 -0.052934 -0.610058
v 0.184366 -0.052880 -0.609978
v 0.184366 -0.052805 -0.609922
v 0.184366 -0.052705 -0.609884
v 0.184366 -0.052577 -0.609861
v 0.184366 -0.052416 -0.609849
v 0.184366 -0.052220 -0.609845
v 0.184366 -0.051985 -0.609844
v 0.184366 -0.048571 -0.609844
v 0.184366 -0.043848 -0.609844
v 0.184366 -0.038103 -0.609844
v 0.184366 -0.031627 -0.609844
v 0.184366 -0.024709 -0.609844
v 0.184366 -0.017636 -0.609844
v 0.184366 -0.010698 -0.609844
v 0.184366 -0.004184 -0.609844
v 0.184366 0.001618 -0.609844
v 0.184366 0.006418 -0.609844
v 0.184366 0.009928 -0.609844
v 0.184366 0.011859 -0.609844
v 0.184366 0.011925 -0.609846
v 0.184366 0.011988 -0.609853
v 0.184366 0.012050 -0.609864
v 0.184366 0.012111 -0.609879
v 0.184366 0.012169 -0.609898
v 0.184366 0.012225 -0.609921
v 0.184366 0.012279 -0.609949
v 0.184366 0.012331 -0.609980
v 0.184366 0.012380 -0.610015
v 0.184366 0.012427 -0.610054
v 0.184366 0.012471 -0.610097
v 0.184366 0.012512 -0.610144
v 0.184366 0.012598 -0.610241
v 0.184366 0.012700 -0.610344
v 0.184366 0.012816 -0.610452
v 0.184366 0.012948 -0.610560
v 0.184366 0.013095 -0.610666
v 0.184366 0.013257 -0.610768
v 0.184366 0.013434 -0.610862
v 0.184366 0.013627 -0.610945
v 0.184366 0.013836 -0.611015
v 0.184366 0.014061 -0.611068
v 0.184366 0.014301 -0.611102
v 0.184366 0.014558 -0.611114
v 0.184366 0.014810 -0.611102
v 0.184366 0.015047 -0.611068
v 0.184366 0.015269 -0.611015
v 0.184366 0.015475 -0.610945
v 0.184366 0.015667 -0.610862
v 0.184366 0.015843 -0.610768
v 0.184366 0.016004 -0.610666
v 0.184366 0.016150 -0.610560
v 0.184366 0.016281 -0.610452
v 0.184366 0.016398 -0.610344
v 0.184366 0.016499 -0.610241
v 0.184366 0.016586 -0.610144
v 0.184366 0.016627 -0.610097
v 0.184366 0.016672 -0.610054
v 0.184366 0.016720 -0.610015
v 0.184366 0.016771 -0.609980
v 0.184366 0.016824 -0.609949
v 0.184366 0.016879 -0.609921
v 0.184366 0.016936 -0.609898
v 0.184366 0.016995 -0.609879
v 0.184366 0.017055 -0.609864
v 0.184366 0.017115 -0.609853
v 0.184366 0.017177 -0.609846
v 0.184366 0.017238 -0.609844
v 0.184366 0.018212 -0.609844
v 0.184366 0.019763 -0.609844
v 0.184366 0.021794 -0.609844
v 0.184366 0.024210 -0.609844
v 0.184366 0.026914 -0.609844
v 0.184366 0.029809 -0.609844
v 0.184366 0.032799 -0.609844
v 0.184366 0.035787 -0.609844
v 0.184366 0.038677 -0.609844
v 0.184366 0.041372 -0.609844
v 0.184366 0.043776 -0.609844
v 0.184366 0.045792 -0.609844
v 0.184366 0.045832 -0.609844
v 0.184366 0.045871 -0.609844
v 0.184366 0.045911 -0.609844
v 0.184366 0.045951 -0.609844
v 0.184366 0.045990 -0.609844
v 0.184366 0.046030 -0.609844
v 0.184366 0.046070 -0.609844
v 0.184366 0.046109 -0.609844
v 0.184366 0.046149 -0.609844
v 0.184366 0.046189 -0.609844
v 0.184366 0.046229 -0.609844
v 0.184366 0.046268 -0.609844
v 0.184366 0.046363 -0.609845
v 0.184366 0.046454 -0.609858
v 0.184366 0.046539 -0.609881
v 0.184366 0.046619 -0.609914
v 0.184366 0.046692 -0.609956
v 0.184366 0.046758 -0.610007
v 0.184366 0.046815 -0.610066
v 0.184366 0.046864 -0.610133
v 0.184366 0.046903 -0.610206
v 0.184366 0.046932 -0.610286
v 0.184366 0.046950 -0.610371
v 0.184366 0.046956 -0.610461
v 0.184366 0.046956 -0.610600
v 0.184366 0.046955 -0.611001
v 0.184366 0.046954 -0.611641
v 0.184366 0.046952 -0.612495
v 0.184366 0.046951 -0.613539
v 0.184366 0.046949 -0.614750
v 0.184366 0.046949 -0.616104
v 0.184366 0.046948 -0.617578
v 0.184366 0.046949 -0.619146
v 0.184366 0.046950 -0.620786
v 0.184366 0.046952 -0.622474
v 0.184366 0.046956 -0.624186
v 0.184366 0.046953 -0.624290
v 0.184366 0.046944 -0.624383
v 0.184366 0.046927 -0.624465
v 0.184366 0.046904 -0.624537
v 0.184366 0.046872 -0.624599
v 0.184366 0.046833 -0.624651
v 0.184366 0.046784 -0.624694
v 0.184366 0.046726 -0.624728
v 0.184366 0.046658 -0.624754
v 0.184366 0.046580 -0.624772
v 0.184366 0.046492 -0.624782
v 0.184366 0.046392 -0.624785
v 0.184366 0.045294 -0.624790
v 0.184366 0.044196 -0.624795
v 0.184366 0.043098 -0.624801
v 0.184366 0.042000 -0.624807
v 0.184366 0.040902 -0.624813
v 0.184366 0.039804 -0.624818
v 0.184366 0.038707 -0.624824
v 0.184366 0.037609 -0.624828
v 0.184366 0.036511 -0.624832
v 0.184366 0.035413 -0.624836
v 0.184366 0.034315 -0.624838
v 0.184366 0.033217 -0.624838
v 0.184366 0.032907 -0.624808
v 0.184366 0.032631 -0.624722
v 0.184366 0.032389 -0.624586
v 0.184366 0.032180 -0.624405
v 0.184366 0.032005 -0.624185
v 0.184366 0.031866 -0.623932
v 0.184366 0.031761 -0.623651
v 0.184366 0.031691 -0.623349
v 0.184366 0.031657 -0.623030
v 0.184366 0.031659 -0.622701
v 0.184366 0.031697 -0.622367
v 0.184366 0.031771 -0.622033
v 0.184366 0.031835 -0.621824
v 0.184366 0.031902 -0.621649
v 0.184366 0.031973 -0.621502
v 0.184366 0.032046 -0.621376
v 0.184366 0.032121 -0.621264
v 0.184366 0.032196 -0.621158
v 0.184366 0.032273 -0.621052
v 0.184366 0.032348 -0.620938
v 0.184366 0.032423 -0.620810
v 0.184366 0.032496 -0.620661
v 0.184366 0.032567 -0.620483
v 0.184366 0.032635 -0.620269
v 0.184366 0.032709 -0.620000
v 0.184366 0.032768 -0.619729
v 0.184366 0.032811 -0.619460
v 0.184366 0.032836 -0.619193
v 0.184366 0.032838 -0.618931
v 0.184366 0.032816 -0.618675
v 0.184366 0.032767 -0.618427
v 0.184366 0.032687 -0.618188
v 0.184366 0.032576 -0.617960
v 0.184366 0.032429 -0.617745
v 0.184366 0.032244 -0.617544
v 0.184366 0.032018 -0.617359
v 0.184366 0.031864 -0.617260
v 0.184366 0.031704 -0.617166
v 0.184366 0.031539 -0.617077
v 0.184366 0.031369 -0.616995
v 0.184366 0.031194 -0.616919
v 0.184366 0.031017 -0.616852
v 0.184366 0.030837 -0.616792
v 0.184366 0.030657 -0.616741
v 0.184366 0.030475 -0.616699
v 0.184366 0.030294 -0.616667
v 0.184366 0.030114 -0.616646
v 0.184366 0.029937 -0.616636
v 0.184366 0.027125 -0.616628
v 0.184366 0.023090 -0.616622
v 0.184366 0.018096 -0.616618
v 0.184366 0.012408 -0.616615
v 0.184366 0.006291 -0.616613
v 0.184366 0.000010 -0.616611
v 0.184366 -0.006171 -0.616610
v 0.184366 -0.011987 -0.616609
v 0.184366 -0.017174 -0.616608
v 0.184366 -0.021465 -0.616607
v 0.184366 -0.024598 -0.616604
v 0.184366 -0.026306 -0.616600
v 0.184366 -0.026615 -0.616614
v 0.184366 -0.026915 -0.616655
v 0.184366 -0.027203 -0.616723
v 0.184366 -0.027477 -0.616816
v 0.184366 -0.027735 -0.616935
v 0.184366 -0.027975 -0.617079
v 0.184366 -0.028195 -0.617246
v 0.184366 -0.028393 -0.617437
v 0.184366 -0.028566 -0.617650
v 0.184366 -0.028712 -0.617884
v 0.184366 -0.028830 -0.618141
v 0.184366 -0.028917 -0.618417
v 0.184366 -0.028952 -0.618569
v 0.184366 -0.028979 -0.618724
v 0.184366 -0.028998 -0.618881
v 0.184366 -0.029011 -0.619041
v 0.184366 -0.029016 -0.619203
v 0.184366 -0.029016 -0.619365
v 0.184366 -0.029010 -0.619529
v 0.184366 -0.028999 -0.619693
v 0.184366 -0.028984 -0.619856
v 0.184366 -0.028964 -0.620019
v 0.184366 -0.028942 -0.620180
v 0.184366 -0.028917 -0.620340
v 0.184366 -0.028870 -0.620584
v 0.184366 -0.028819 -0.620792
v 0.184366 -0.028765 -0.620971
v 0.184366 -0.028708 -0.621129
v 0.184366 -0.028648 -0.621271
v 0.184366 -0.028588 -0.621407
v 0.184366 -0.028527 -0.621543
v 0.184366 -0.028467 -0.621686
v 0.184366 -0.028408 -0.621843
v 0.184366 -0.028351 -0.622022
v 0.184366 -0.028297 -0.622230
v 0.184366 -0.028246 -0.622474
v 0.184366 -0.028222 -0.622660
v 0.184366 -0.028220 -0.622860
v 0.184366 -0.028238 -0.623070
v 0.184366 -0.028275 -0.623285
v 0.184366 -0.028329 -0.623500
v 0.184366 -0.028401 -0.623709
v 0.184366 -0.028488 -0.623908
v 0.184366 -0.028589 -0.624092
v 0.184366 -0.028703 -0.624256
v 0.184366 -0.028829 -0.624394
v 0.184366 -0.028965 -0.624501
v 0.184366 -0.029111 -0.624574
v 0.184366 -0.029200 -0.624607
v 0.184366 -0.029290 -0.624637
v 0.184366 -0.029381 -0.624663
v 0.184366 -0.029473 -0.624687
v 0.184366 -0.029566 -0.624707
v 0.184366 -0.029660 -0.624724
v 0.184366 -0.029753 -0.624738
v 0.184366 -0.029847 -0.624749
v 0.184366 -0.029941 -0.624757
v 0.184366 -0.030035 -0.624763
v 0.184366 -0.030129 -0.624767
v 0.184366 -0.030222 -0.624768
v 0.184366 -0.030764 -0.624771
v 0.184366 -0.031306 -0.624773
v 0.184366 -0.031849 -0.624773
v 0.184366 -0.032391 -0.624772
v 0.184366 -0.032933 -0.624771
v 0.184366 -0.033476 -0.624770
v 0.184366 -0.034018 -0.624769
v 0.184366 -0.034560 -0.624769
v 0.184366 -0.035103 -0.624770
v 0.184366 -0.035645 -0.624773
v 0.184366 -0.036187 -0.624778
v 0.184366 -0.036730 -0.624785
v 0.184366 -0.036848 -0.624781
v 0.184366 -0.036965 -0.624766
v 0.184366 -0.037080 -0.624743
v 0.184366 -0.037192 -0.624711
v 0.184366 -0.037300 -0.624670
v 0.184366 -0.037404 -0.624620
v 0.184366 -0.037503 -0.624562
v 0.184366 -0.037596 -0.624495
v 0.184366 -0.037682 -0.624421
v 0.184366 -0.037761 -0.624338
v 0.184366 -0.037832 -0.624248
v 0.184366 -0.037894 -0.624150
v 0.184366 -0.038766 -0.622796
v 0.184366 -0.039697 -0.621529
v 0.184366 -0.040687 -0.620349
v 0.184366 -0.041737 -0.619256
v 0.184366 -0.042846 -0.618250
v 0.184366 -0.044014 -0.617330
v 0.184366 -0.045240 -0.616497
v 0.184366 -0.046525 -0.615750
v 0.184366 -0.047869 -0.615088
v 0.184366 -0.049271 -0.614513
v 0.184366 -0.050731 -0.614023
v 0.184366 -0.052250 -0.613619
v 0.184366 -0.052385 -0.613586
v 0.184366 -0.052507 -0.613548
v 0.184366 -0.052617 -0.613505
v 0.184366 -0.052714 -0.613454
v 0.184366 -0.052798 -0.613396
v 0.184366 -0.052869 -0.613328
v 0.184366 -0.052928 -0.613250
v 0.184366 -0.052974 -0.613160
v 0.184366 -0.053006 -0.613058
v 0.184366 -0.053026 -0.612943
v 0.184366 -0.053032 -0.612813
v 0.202434 -0.053026 -0.612666
v 0.202580 -0.053014 -0.612521
v 0.202725 -0.053006 -0.612375
v 0.202871 -0.053001 -0.612230
v 0.203017 -0.052998 -0.612084
v 0.203162 -0.052997 -0.611939
v 0.203308 -0.052997 -0.611793
v 0.203453 -0.052999 -0.611648
v 0.203599 -0.053001 -0.611502
v 0.203744 -0.053003 -0.611357
v 0.203890 -0.053006 -0.611211
v 0.204035 -0.053008 -0.611066
v 0.204181 -0.053008 -0.610920
v 0.204428 -0.053008 -0.610673
v 0.204634 -0.053003 -0.610467
v 0.204803 -0.052992 -0.610298
v 0.204938 -0.052970 -0.610163
v 0.205043 -0.052934 -0.610058
v 0.205122 -0.052880 -0.609978
v 0.205179 -0.052805 -0.609922
v 0.205217 -0.052705 -0.609884
v 0.205240 -0.052577 -0.609861
v 0.205252 -0.052416 -0.609849
v 0.205256 -0.052220 -0.609845
v 0.205257 -0.051985 -0.609844
v 0.205257 -0.048571 -0.609844
v 0.205257 -0.043848 -0.609844
v 0.205257 -0.038103 -0.609844
v 0.205257 -0.031627 -0.609844
v 0.205257 -0.024709 -0.609844
v 0.205257 -0.017636 -0.609844
v 0.205257 -0.010698 -0.609844
v 0.205257 -0.004184 -0.609844
v 0.205257 0.001618 -0.609844
v 0.205257 0.006418 -0.609844
v 0.205257 0.009928 -0.609844
v 0.205257 0.011859 -0.609844
v 0.205255 0.011925 -0.609846
v 0.205248 0.011988 -0.609853
v 0.205237 0.012050 -0.609864
v 0.205222 0.012111 -0.609879
v 0.205203 0.012169 -0.609898
v 0.205180 0.012225 -0.609921
v 0.205152 0.012279 -0.609949
v 0.205121 0.012331 -0.609980
v 0.205086 0.012380 -0.610015
v 0.205047 0.012427 -0.610054
v 0.205004 0.012471 -0.610097
v 0.204957 0.012512 -0.610144
v 0.204860 0.012598 -0.610241
v 0.204756 0.012700 -0.610344
v 0.204649 0.012816 -0.610452
v 0.204541 0.012948 -0.610560
v 0.204434 0.013095 -0.610666
v 0.204333 0.013257 -0.610768
v 0.204239 0.013434 -0.610862
v 0.204156 0.013627 -0.610945
v 0.204086 0.013836 -0.611015
v 0.204033 0.014061 -0.611068
v 0.203999 0.014301 -0.611102
v 0.203987 0.014558 -0.611114
v 0.203999 0.014810 -0.611102
v 0.204033 0.015047 -0.611068
v 0.204086 0.015269 -0.611015
v 0.204156 0.015475 -0.610945
v 0.204239 0.015667 -0.610862
v 0.204333 0.015843 -0.610768
v 0.204434 0.016004 -0.610666
v 0.204541 0.016150 -0.610560
v 0.204649 0.016281 -0.610452
v 0.204756 0.016398 -0.610344
v 0.204860 0.016499 -0.610241
v 0.204957 0.016586 -0.610144
v 0.205004 0.016627 -0.610097
v 0.205047 0.016672 -0.610054
v 0.205086 0.016720 -0.610015
v 0.205121 0.016771 -0.609980
v 0.205152 0.016824 -0.609949
v 0.205180 0.016879 -0.609921
v 0.205203 0.016936 -0.609898
v 0.205222 0.016995 -0.609879
v 0.205237 0.017055 -0.609864
v 0.205248 0.017115 -0.609853
v 0.205255 0.017177 -0.609846
v 0.205257 0.017238 -0.609844
v 0.205257 0.018212 -0.609844
v 0.205257 0.019763 -0.609844
v 0.205257 0.021794 -0.609844
v 0.205257 0.024210 -0.609844
v 0.205257 0.026914 -0.609844
v 0.205257 0.029809 -0.609844
v 0.205257 0.032799 -0.609844
v 0.205257 0.035787 -0.609844
v 0.205257 0.038677 -0.609844
v 0.205257 0.041372 -0.609844
v 0.205257 0.043776 -0.609844
v 0.205257 0.045792 -0.609844
v 0.205257 0.045832 -0.609844
v 0.205257 0.045871 -0.609844
v 0.205257 0.045911 -0.609844
v 0.205257 0.045951 -0.609844
v 0.205257 0.045990 -0.609844
v 0.205257 0.046030 -0.609844
v 0.205257 0.046070 -0.609844
v 0.205257 0.046109 -0.609844
v 0.205257 0.046149 -0.609844
v 0.205257 0.046189 -0.609844
v 0.205257 0.046229 -0.609844
v 0.205257 0.046268 -0.609844
v 0.205255 0.046363 -0.609845
v 0.205243 0.046454 -0.609858
v 0.205220 0.046539 -0.609881
v 0.205187 0.046619 -0.609914
v 0.205145 0.046692 -0.609956
v 0.205094 0.046758 -0.610007
v 0.205035 0.046815 -0.610066
v 0.204968 0.046864 -0.610133
v 0.204895 0.046903 -0.610206
v 0.204815 0.046932 -0.610286
v 0.204730 0.046950 -0.610371
v 0.204639 0.046956 -0.610461
v 0.204500 0.046956 -0.610600
v 0.204099 0.046955 -0.611001
v 0.203460 0.046954 -0.611641
v 0.202606 0.046952 -0.612495
v 0.201562 0.046951 -0.613539
v 0.200351 0.046949 -0.614750
v 0.198997 0.046949 -0.616104
v 0.197523 0.046948 -0.617578
v 0.195955 0.046949 -0.619146
v 0.194315 0.046950 -0.620786
v 0.192627 0.046952 -0.622474
v 0.190915 0.046956 -0.624186
v 0.190811 0.046953 -0.624290
v 0.190718 0.046944 -0.624383
v 0.190636 0.046927 -0.624465
v 0.190564 0.046904 -0.624537
v 0.190502 0.046872 -0.624599
v 0.190450 0.046833 -0.624651
v 0.190407 0.046784 -0.624694
v 0.190373 0.046726 -0.624728
v 0.190347 0.046658 -0.624754
v 0.190329 0.046580 -0.624771
v 0.190319 0.046492 -0.624782
v 0.190316 0.046392 -0.624785
v 0.190311 0.045294 -0.624790
v 0.190306 0.044196 -0.624795
v 0.190300 0.043098 -0.624801
v 0.190294 0.042000 -0.624807
v 0.190288 0.040902 -0.624813
v 0.190282 0.039804 -0.624818
v 0.190277 0.038707 -0.624824
v 0.190272 0.037609 -0.624828
v 0.190268 0.036511 -0.624832
v 0.190265 0.035413 -0.624836
v 0.190263 0.034315 -0.624838
v 0.190263 0.033217 -0.624838
v 0.190293 0.032907 -0.624808
v 0.190379 0.032631 -0.624722
v 0.190515 0.032389 -0.624586
v 0.190696 0.032180 -0.624405
v 0.190916 0.032005 -0.624185
v 0.191169 0.031866 -0.623932
v 0.191450 0.031761 -0.623651
v 0.191752 0.031691 -0.623349
v 0.192071 0.031657 -0.623030
v 0.192400 0.031659 -0.622701
v 0.192734 0.031697 -0.622367
v 0.193067 0.031771 -0.622033
v 0.193277 0.031835 -0.621824
v 0.193452 0.031902 -0.621649
v 0.193599 0.031973 -0.621502
v 0.193725 0.032046 -0.621376
v 0.193837 0.032121 -0.621264
v 0.193943 0.032196 -0.621158
v 0.194049 0.032273 -0.621052
v 0.194162 0.032348 -0.620938
v 0.194290 0.032423 -0.620810
v 0.194440 0.032496 -0.620661
v 0.194618 0.032567 -0.620483
v 0.194831 0.032635 -0.620269
v 0.195101 0.032709 -0.620000
v 0.195372 0.032768 -0.619729
v 0.195641 0.032811 -0.619460
v 0.195908 0.032836 -0.619193
v 0.196170 0.032838 -0.618931
v 0.196426 0.032816 -0.618675
v 0.196674 0.032767 -0.618427
v 0.196913 0.032687 -0.618188
v 0.197141 0.032576 -0.617960
v 0.197356 0.032429 -0.617745
v 0.197557 0.032244 -0.617544
v 0.197742 0.032018 -0.617359
v 0.197841 0.031864 -0.617260
v 0.197935 0.031704 -0.617166
v 0.198024 0.031539 -0.617077
v 0.198106 0.031369 -0.616995
v 0.198181 0.031194 -0.616919
v 0.198249 0.031017 -0.616852
v 0.198309 0.030837 -0.616792
v 0.198360 0.030657 -0.616741
v 0.198402 0.030475 -0.616699
v 0.198434 0.030294 -0.616667
v 0.198455 0.030114 -0.616646
v 0.198465 0.029937 -0.616636
v 0.198473 0.027125 -0.616628
v 0.198479 0.023090 -0.616622
v 0.198483 0.018096 -0.616618
v 0.198486 0.012408 -0.616615
v 0.198488 0.006291 -0.616613
v 0.198490 0.000010 -0.616611
v 0.198491 -0.006171 -0.616610
v 0.198491 -0.011987 -0.616609
v 0.198493 -0.017174 -0.616608
v 0.198494 -0.021465 -0.616606
v 0.198497 -0.024598 -0.616604
v 0.198501 -0.026306 -0.616600
v 0.198487 -0.026615 -0.616614
v 0.198446 -0.026915 -0.616655
v 0.198378 -0.027203 -0.616723
v 0.198284 -0.027477 -0.616816
v 0.198166 -0.027735 -0.616935
v 0.198022 -0.027975 -0.617079
v 0.197855 -0.028195 -0.617246
v 0.197664 -0.028393 -0.617437
v 0.197451 -0.028566 -0.617650
v 0.197216 -0.028712 -0.617884
v 0.196960 -0.028830 -0.618141
v 0.196684 -0.028917 -0.618417
v 0.196532 -0.028952 -0.618569
v 0.196377 -0.028979 -0.618724
v 0.196220 -0.028998 -0.618881
v 0.196060 -0.029011 -0.619041
v 0.195898 -0.029016 -0.619203
v 0.195735 -0.029016 -0.619365
v 0.195572 -0.029010 -0.619529
v 0.195408 -0.028999 -0.619693
v 0.195245 -0.028984 -0.619856
v 0.195082 -0.028964 -0.620019
v 0.194921 -0.028942 -0.620180
v 0.194761 -0.028917 -0.620340
v 0.194517 -0.028870 -0.620584
v 0.194309 -0.028819 -0.620792
v 0.194130 -0.028765 -0.620971
v 0.193972 -0.028708 -0.621129
v 0.193829 -0.028648 -0.621271
v 0.193694 -0.028588 -0.621407
v 0.193558 -0.028527 -0.621543
v 0.193415 -0.028467 -0.621686
v 0.193258 -0.028408 -0.621843
v 0.193079 -0.028351 -0.622022
v 0.192871 -0.028297 -0.622230
v 0.192626 -0.028246 -0.622474
v 0.192441 -0.028222 -0.622660
v 0.192241 -0.028220 -0.622860
v 0.192031 -0.028238 -0.623070
v 0.191816 -0.028275 -0.623285
v 0.191601 -0.028329 -0.623500
v 0.191392 -0.028401 -0.623709
v 0.191192 -0.028488 -0.623908
v 0.191009 -0.028589 -0.624092
v 0.190845 -0.028703 -0.624256
v 0.190707 -0.028829 -0.624394
v 0.190600 -0.028965 -0.624501
v 0.190527 -0.029111 -0.624574
v 0.190494 -0.029200 -0.624607
v 0.190464 -0.029290 -0.624637
v 0.190437 -0.029381 -0.624663
v 0.190414 -0.029473 -0.624687
v 0.190394 -0.029566 -0.624707
v 0.190377 -0.029660 -0.624724
v 0.190363 -0.029753 -0.624738
v 0.190352 -0.029847 -0.624749
v 0.190344 -0.029941 -0.624757
v 0.190338 -0.030035 -0.624763
v 0.190334 -0.030129 -0.624767
v 0.190333 -0.030222 -0.624768
v 0.190330 -0.030764 -0.624771
v 0.190328 -0.031306 -0.624773
v 0.190328 -0.031849 -0.624773
v 0.190329 -0.032391 -0.624772
v 0.190330 -0.032933 -0.624771
v 0.190331 -0.033476 -0.624770
v 0.190332 -0.034018 -0.624769
v 0.190332 -0.034560 -0.624769
v 0.190331 -0.035103 -0.624770
v 0.190328 -0.035645 -0.624773
v 0.190323 -0.036187 -0.624778
v 0.190316 -0.036730 -0.624785
v 0.190320 -0.036848 -0.624781
v 0.190334 -0.036965 -0.624766
v 0.190358 -0.037080 -0.624743
v 0.190390 -0.037192 -0.624711
v 0.190431 -0.037300 -0.624670
v 0.190481 -0.037404 -0.624620
v 0.190539 -0.037503 -0.624562
v 0.190606 -0.037596 -0.624495
v 0.190680 -0.037682 -0.624421
v 0.190763 -0.037761 -0.624338
v 0.190853 -0.037832 -0.624248
v 0.190951 -0.037894 -0.624150
v 0.192305 -0.038766 -0.622796
v 0.193572 -0.039697 -0.621529
v 0.194752 -0.040687 -0.620349
v 0.195845 -0.041737 -0.619256
v 0.196851 -0.042846 -0.618250
v 0.197771 -0.044014 -0.617330
v 0.198604 -0.045240 -0.616497
v 0.199351 -0.046525 -0.615750
v 0.200012 -0.047869 -0.615088
v 0.200588 -0.049271 -0.614513
v 0.201078 -0.050731 -0.614023
v 0.201482 -0.052250 -0.613619
v 0.201515 -0.052385 -0.613586
v 0.201552 -0.052507 -0.613548
v 0.201596 -0.052617 -0.613505
v 0.201646 -0.052714 -0.613454
v 0.201705 -0.052798 -0.613396
v 0.201773 -0.052869 -0.613328
v 0.201851 -0.052928 -0.613250
v 0.201941 -0.052974 -0.613160
v 0.202042 -0.053006 -0.613058
v 0.202158 -0.053026 -0.612943
v 0.202288 -0.053032 -0.612813
v 0.202434 -0.053026 -0.630735
v 0.202580 -0.053014 -0.630735
v 0.202725 -0.053006 -0.630735
v 0.202871 -0.053001 -0.630735
v 0.203017 -0.052998 -0.630735
v 0.203162 -0.052997 -0.630735
v 0.203308 -0.052997 -0.630735
v 0.203453 -0.052999 -0.630735
v 0.203599 -0.053001 -0.630735
v 0.203744 -0.053003 -0.630735
v 0.203890 -0.053006 -0.630735
v 0.204035 -0.053008 -0.630735
v 0.204181 -0.053008 -0.630735
v 0.204428 -0.053008 -0.630735
v 0.204634 -0.053003 -0.630735
v 0.204803 -0.052992 -0.630735
v 0.204938 -0.052970 -0.630735
v 0.205043 -0.052934 -0.630735
v 0.205122 -0.052880 -0.630735
v 0.205179 -0.052805 -0.630735
v 0.205217 -0.052705 -0.630735
v 0.205240 -0.052577 -0.630735
v 0.205252 -0.052416 -0.630735
v 0.205256 -0.052220 -0.630735
v 0.205257 -0.051985 -0.630735
v 0.205257 -0.048571 -0.630735
v 0.205257 -0.043848 -0.630735
v 0.205257 -0.038103 -0.630735
v 0.205257 -0.031627 -0.630735
v 0.205257 -0.024709 -0.630735
v 0.205257 -0.017636 -0.630735
v 0.205257 -0.010698 -0.630735
v 0.205257 -0.004184 -0.630735
v 0.205257 0.001618 -0.630735
v 0.205257 0.006418 -0.630735
v 0.205257 0.009928 -0.630735
v 0.205257 0.011859 -0.630735
v 0.205255 0.011925 -0.630735
v 0.205248 0.011988 -0.630735
v 0.205237 0.012050 -0.630735
v 0.205222 0.012111 -0.630735
v 0.205203 0.012169 -0.630735
v 0.205180 0.012225 -0.630735
v 0.205152 0.012279 -0.630735
v 0.205121 0.012331 -0.630735
v 0.205086 0.012380 -0.630735
v 0.205047 0.012427 -0.630735
v 0.205004 0.012471 -0.630735
v 0.204957 0.012512 -0.630735
v 0.204860 0.012598 -0.630735
v 0.204756 0.012700 -0.630735
v 0.204649 0.012816 -0.630735
v 0.204541 0.012948 -0.630735
v 0.204434 0.013095 -0.630735
v 0.204333 0.013257 -0.630735
v 0.204239 0.013434 -0.630735
v 0.204156 0.013627 -0.630735
v 0.204086 0.013836 -0.630735
v 0.204033 0.014061 -0.630735
v 0.203999 0.014301 -0.630735
v 0.203987 0.014558 -0.630735
v 0.203999 0.014810 -0.630735
v 0.204033 0.015047 -0.630735
v 0.204086 0.015269 -0.630735
v 0.204156 0.015475 -0.630735
v 0.204239 0.015667 -0.630735
v 0.204333 0.015843 -0.630735
v 0.204434 0.016004 -0.630735
v 0.204541 0.016150 -0.630735
v 0.204649 0.016281 -0.630735
v 0.204756 0.016398 -0.630735
v 0.204860 0.016499 -0.630735
v 0.204957 0.016586 -0.630735
v 0.205004 0.016627 -0.630735
v 0.205047 0.016672 -0.630735
v 0.205086 0.016720 -0.630735
v 0.205121 0.016771 -0.630735
v 0.205152 0.016824 -0.630735
v 0.205180 0.016879 -0.630735
v 0.205203 0.016936 -0.630735
v 0.205222 0.016995 -0.630735
v 0.205237 0.017055 -0.630735
v 0.205248 0.017115 -0.630735
v 0.205255 0.017177 -0.630735
v 0.205257 0.017238 -0.630735
v 0.205257 0.018212 -0.630735
v 0.205257 0.019763 -0.630735
v 0.205257 0.021794 -0.630735
v 0.205257 0.024210 -0.630735
v 0.205257 0.026914 -0.630735
v 0.205257 0.029809 -0.630735
v 0.205257 0.032799 -0.630735
v 0.205257 0.035787 -0.630735
v 0.205257 0.038677 -0.630735
v 0.205257 0.041372 -0.630735
v 0.205257 0.043776 -0.630735
v 0.205257 0.045792 -0.630735
v 0.205257 0.045832 -0.630735
v 0.205257 0.045871 -0.630735
v 0.205257 0.045911 -0.630735
v 0.205257 0.045951 -0.630735
v 0.205257 0.045990 -0.630735
v 0.205257 0.046030 -0.630735
v 0.205257 0.046070 -0.630735
v 0.205257 0.046109 -0.630735
v 0.205257 0.046149 -0.630735
v 0.205257 0.046189 -0.630735
v 0.205257 0.046229 -0.630735
v 0.205257 0.046268 -0.630735
v 0.205255 0.046363 -0.630735
v 0.205243 0.046454 -0.630735
v 0.205220 0.046539 -0.630735
v 0.205187 0.046619 -0.630735
v 0.205145 0.046692 -0.630735
v 0.205094 0.046758 -0.630735
v 0.205035 0.046815 -0.630735
v 0.204968 0.046864 -0.630735
v 0.204895 0.046903 -0.630735
v 0.204815 0.046932 -0.630735
v 0.204730 0.046950 -0.630735
v 0.204639 0.046956 -0.630735
v 0.204500 0.046956 -0.630735
v 0.204099 0.046955 -0.630735
v 0.203460 0.046954 -0.630735
v 0.202606 0.046952 -0.630735
v 0.201562 0.046951 -0.630735
v 0.200351 0.046949 -0.630735
v 0.198997 0.046949 -0.630735
v 0.197523 0.046948 -0.630735
v 0.195955 0.046949 -0.630735
v 0.194315 0.046950 -0.630735
v 0.192627 0.046952 -0.630735
v 0.190915 0.046956 -0.630735
v 0.190811 0.046953 -0.630735
v 0.190718 0.046944 -0.630735
v 0.190636 0.046927 -0.630735
v 0.190564 0.046904 -0.630735
v 0.190502 0.046872 -0.630735
v 0.190450 0.046833 -0.630735
v 0.190407 0.046784 -0.630735
v 0.190373 0.046726 -0.630735
v 0.190347 0.046658 -0.630735
v 0.190329 0.046580 -0.630735
v 0.190319 0.046492 -0.630735
v 0.190316 0.046392 -0.630735
v 0.190311 0.045294 -0.630735
v 0.190306 0.044196 -0.630735
v 0.190300 0.043098 -0.630735
v 0.190294 0.042000 -0.630735
v 0.190288 0.040902 -0.630735
v 0.190282 0.039804 -0.630735
v 0.190277 0.038707 -0.630735
v 0.190272 0.037609 -0.630735
v 0.190268 0.036511 -0.630735
v 0.190265 0.035413 -0.630735
v 0.190263 0.034315 -0.630735
v 0.190263 0.033217 -0.630735
v 0.190293 0.032907 -0.630735
v 0.190379 0.032631 -0.630735
v 0.190515 0.032389 -0.630735
v 0.190696 0.032180 -0.630735
v 0.190916 0.032005 -0.630735
v 0.191169 0.031866 -0.630735
v 0.191450 0.031761 -0.630735
v 0.191752 0.031691 -0.630735
v 0.192071 0.031657 -0.630735
v 0.192400 0.031659 -0.630735
v 0.192734 0.031697 -0.630735
v 0.193067 0.031771 -0.630735
v 0.193277 0.031835 -0.630735
v 0.193452 0.031902 -0.630735
v 0.193599 0.031973 -0.630735
v 0.193725 0.032046 -0.630735
v 0.193837 0.032121 -0.630735
v 0.193943 0.032196 -0.630735
v 0.194049 0.032273 -0.630735
v 0.194162 0.032348 -0.630735
v 0.194290 0.032423 -0.630735
v 0.194440 0.032496 -0.630735
v 0.194618 0.032567 -0.630735
v 0.194831 0.032635 -0.630735
v 0.195101 0.032709 -0.630735
v 0.195372 0.032768 -0.630735
v 0.195641 0.032811 -0.630735
v 0.195908 0.032836 -0.630735
v 0.196170 0.032838 -0.630735
v 0.196426 0.032816 -0.630735
v 0.196674 0.032767 -0.630735
v 0.196913 0.032687 -0.630735
v 0.197141 0.032576 -0.630735
v 0.197356 0.032429 -0.630735
v 0.197557 0.032244 -0.630735
v 0.197742 0.032018 -0.630735
v 0.197841 0.031864 -0.630735
v 0.197935 0.031704 -0.630735
v 0.198024 0.031539 -0.630735
v 0.198106 0.031369 -0.630735
v 0.198181 0.031194 -0.630735
v 0.198249 0.031017 -0.630735
v 0.198309 0.030837 -0.630735
v 0.198360 0.030657 -0.630735
v 0.198402 0.030475 -0.630735
v 0.198434 0.030294 -0.630735
v 0.198455 0.030114 -0.630735
v 0.198465 0.029937 -0.630735
v 0.198473 0.027125 -0.630735
v 0.198479 0.023090 -0.630735
v 0.198483 0.018096 -0.630735
v 0.198486 0.012408 -0.630735
v 0.198488 0.006291 -0.630735
v 0.198490 0.000010 -0.630735
v 0.198491 -0.006171 -0.630735
v 0.198491 -0.011987 -0.630735
v 0.198493 -0.017174 -0.630735
v 0.198494 -0.021465 -0.630735
v 0.198497 -0.024598 -0.630735
v 0.198501 -0.026306 -0.630735
v 0.198487 -0.026615 -0.630735
v 0.198446 -0.026915 -0.630735
v 0.198378 -0.027203 -0.630735
v 0.198284 -0.027477 -0.630735
v 0.198166 -0.027735 -0.630735
v 0.198022 -0.027975 -0.630735
v 0.197855 -0.028195 -0.630735
v 0.197664 -0.028393 -0.630735
v 0.197451 -0.028566 -0.630735
v 0.197216 -0.028712 -0.630735
v 0.196960 -0.028830 -0.630735
v 0.196684 -0.028917 -0.630735
v 0.196532 -0.028952 -0.630735
v 0.196377 -0.028979 -0.630735
v 0.196220 -0.028998 -0.630735
v 0.196060 -0.029011 -0.630735
v 0.195898 -0.029016 -0.630735
v 0.195735 -0.029016 -0.630735
v 0.195572 -0.029010 -0.630735
v 0.195408 -0.028999 -0.630735
v 0.195245 -0.028984 -0.630735
v 0.195082 -0.028964 -0.630735
v 0.194921 -0.028942 -0.630735
v 0.194761 -0.028917 -0.630735
v 0.194517 -0.028870 -0.630735
v 0.194309 -0.028819 -0.630735
v 0.194130 -0.028765 -0.630735
v 0.193972 -0.028708 -0.630735
v 0.193829 -0.028648 -0.630735
v 0.193694 -0.028588 -0.630735
v 0.193558 -0.028527 -0.630735
v 0.193415 -0.028467 -0.630735
v 0.193258 -0.028408 -0.630735
v 0.193079 -0.028351 -0.630735
v 0.192871 -0.028297 -0.630735
v 0.192626 -0.028246 -0.630735
v 0.192441 -0.028222 -0.630735
v 0.192241 -0.028220 -0.630735
v 0.192031 -0.028238 -0.630735
v 0.191816 -0.028275 -0.630735
v 0.191601 -0.028329 -0.630735
v 0.191392 -0.028401 -0.630735
v 0.191192 -0.028488 -0.630735
v 0.191009 -0.028589 -0.630735
v 0.190845 -0.028703 -0.630735
v 0.190707 -0.028829 -0.630735
v 0.190600 -0.028965 -0.630735
v 0.190527 -0.029111 -0.630735
v 0.190494 -0.029200 -0.630735
v 0.190464 -0.029290 -0.630735
v 0.190437 -0.029381 -0.630735
v 0.190414 -0.029473 -0.630735
v 0.190394 -0.029566 -0.630735
v 0.190377 -0.029660 -0.630735
v 0.190363 -0.029753 -0.630735
v 0.190352 -0.029847 -0.630735
v 0.190344 -0.029941 -0.630735
v 0.190338 -0.030035 -0.630735
v 0.190334 -0.030129 -0.630735
v 0.190333 -0.030222 -0.630735
v 0.190330 -0.030764 -0.630735
v 0.190328 -0.031306 -0.630735
v 0.190328 -0.031849 -0.630735
v 0.190329 -0.032391 -0.630735
v 0.190330 -0.032933 -0.630735
v 0.190331 -0.033476 -0.630735
v 0.190332 -0.034018 -0.630735
v 0.190332 -0.034560 -0.630735
v 0.190331 -0.035103 -0.630735
v 0.190328 -0.035645 -0.630735
v 0.190323 -0.036187 -0.630735
v 0.190316 -0.036730 -0.630735
v 0.190320 -0.036848 -0.630735
v 0.190334 -0.036965 -0.630735
v 0.190358 -0.037080 -0.630735
v 0.190390 -0.037192 -0.630735
v 0.190431 -0.037300 -0.630735
v 0.190481 -0.037404 -0.630735
v 0.190539 -0.037503 -0.630735
v 0.190606 -0.037596 -0.630735
v 0.190680 -0.037682 -0.630735
v 0.190763 -0.037761 -0.630735
v 0.190853 -0.037832 -0.630735
v 0.190951 -0.037894 -0.630735
v 0.192305 -0.038766 -0.630735
v 0.193572 -0.039697 -0.630735
v 0.194752 -0.040687 -0.630735
v 0.195845 -0.041737 -0.630735
v 0.196851 -0.042846 -0.630735
v 0.197771 -0.044014 -0.630735
v 0.198604 -0.045240 -0.630735
v 0.199351 -0.046525 -0.630735
v 0.200012 -0.047869 -0.630735
v 0.200588 -0.049271 -0.630735
v 0.201078 -0.050731 -0.630735
v 0.201482 -0.052250 -0.630735
v 0.201515 -0.052385 -0.630735
v 0.201552 -0.052507 -0.630735
v 0.201596 -0.052617 -0.630735
v 0.201646 -0.052714 -0.630735
v 0.201705 -0.052798 -0.630735
v 0.201773 -0.052869 -0.630735
v 0.201851 -0.052928 -0.630735
v 0.201941 -0.052974 -0.630735
v 0.202042 -0.053006 -0.630735
v 0.202158 -0.053026 -0.630735
v 0.202288 -0.053032 -0.630735
v 0.202434 -0.053026 -0.644735
v 0.202580 -0.053014 -0.644735
v 0.202725 -0.053006 -0.644735
v 0.202871 -0.053001 -0.644735
v 0.203017 -0.052998 -0.644735
v 0.203162 -0.052997 -0.644735
v 0.203308 -0.052997 -0.644735
v 0.203453 -0.052999 -0.644735
v 0.203599 -0.053001 -0.644735
v 0.203744 -0.053003 -0.644735
v 0.203890 -0.053006 -0.644735
v 0.204035 -0.053008 -0.644735
v 0.204181 -0.053008 -0.644735
v 0.204428 -0.053008 -0.644735
v 0.204634 -0.053003 -0.644735
v 0.204803 -0.052992 -0.644735
v 0.204938 -0.052970 -0.644735
v 0.205043 -0.052934 -0.644735
v 0.205122 -0.052880 -0.644735
v 0.205179 -0.052805 -0.644735
v 0.205217 -0.052705 -0.644735
v 0.205240 -0.052577 -0.644735
v 0.205252 -0.052416 -0.644735
v 0.205256 -0.052220 -0.644735
v 0.205257 -0.051985 -0.644735
v 0.205257 -0.048571 -0.644735
v 0.205257 -0.043848 -0.644735
v 0.205257 -0.038103 -0.644735
v 0.205257 -0.031627 -0.644735
v 0.205257 -0.024709 -0.644735
v 0.205257 -0.017636 -0.644735
v 0.205257 -0.010698 -0.644735
v 0.205257 -0.004184 -0.644735
v 0.205257 0.001618 -0.644735
v 0.205257 0.006418 -0.644735
v 0.205257 0.009928 -0.644735
v 0.205257 0.011859 -0.644735
v 0.205255 0.011925 -0.644735
v 0.205248 0.011988 -0.644735
v 0.205237 0.012050 -0.644735
v 0.205222 0.012111 -0.644735
v 0.205203 0.012169 -0.644735
v 0.205180 0.012225 -0.644735
v 0.205152 0.012279 -0.644735
v 0.205121 0.012331 -0.644735
v 0.205086 0.012380 -0.644735
v 0.205047 0.012427 -0.644735
v 0.205004 0.012471 -0.644735
v 0.204957 0.012512 -0.644735
v 0.204860 0.012598 -0.644735
v 0.204756 0.012700 -0.644735
v 0.204649 0.012816 -0.644735
v 0.204541 0.012948 -0.644735
v 0.204434 0.013095 -0.644735
v 0.204333 0.013257 -0.644735
v 0.204239 0.013434 -0.644735
v 0.204156 0.013627 -0.644735
v 0.204086 0.013836 -0.644735
v 0.204033 0.014061 -0.644735
v 0.203999 0.014301 -0.644735
v 0.203987 0.014558 -0.644735
v 0.203999 0.014810 -0.644735
v 0.204033 0.015047 -0.644735
v 0.204086 0.015269 -0.644735
v 0.204156 0.015475 -0.644735
v 0.204239 0.015667 -0.644735
v 0.204333 0.015843 -0.644735
v 0.204434 0.016004 -0.644735
v 0.204541 0.016150 -0.644735
v 0.204649 0.016281 -0.644735
v 0.204756 0.016398 -0.644735
v 0.204860 0.016499 -0.644735
v 0.204957 0.016586 -0.644735
v 0.205004 0.016627 -0.644735
v 0.205047 0.016672 -0.644735
v 0.205086 0.016720 -0.644735
v 0.205121 0.016771 -0.644735
v 0.205152 0.016824 -0.644735
v 0.205180 0.016879 -0.644735
v 0.205203 0.016936 -0.644735
v 0.205222 0.016995 -0.644735
v 0.205237 0.017055 -0.644735
v 0.205248 0.017115 -0.644735
v 0.205255 0.017177 -0.644735
v 0.205257 0.017238 -0.644735
v 0.205257 0.018212 -0.644735
v 0.205257 0.019763 -0.644735
v 0.205257 0.021794 -0.644735
v 0.205257 0.024210 -0.644735
v 0.205257 0.026914 -0.644735
v 0.205257 0.029809 -0.644735
v 0.205257 0.032799 -0.644735
v 0.205257 0.035787 -0.644735
v 0.205257 0.038677 -0.644735
v 0.205257 0.041372 -0.644735
v 0.205257 0.043776 -0.644735
v 0.205257 0.045792 -0.644735
v 0.205257 0.045832 -0.644735
v 0.205257 0.045871 -0.644735
v 0.205257 0.045911 -0.644735
v 0.205257 0.045951 -0.644735
v 0.205257 0.045990 -0.644735
v 0.205257 0.046030 -0.644735
v 0.205257 0.046070 -0.644735
v 0.205257 0.046109 -0.644735
v 0.205257 0.046149 -0.644735
v 0.205257 0.046189 -0.644735
v 0.205257 0.046229 -0.644735
v 0.205257 0.046268 -0.644735
v 0.205255 0.046363 -0.644735
v 0.205243 0.046454 -0.644735
v 0.205220 0.046539 -0.644735
v 0.205187 0.046619 -0.644735
v 0.205145 0.046692 -0.644735
v 0.205094 0.046758 -0.644735
v 0.205035 0.046815 -0.644735
v 0.204968 0.046864 -0.644735
v 0.204895 0.046903 -0.644735
v 0.204815 0.046932 -0.644735
v 0.204730 0.046950 -0.644735
v 0.204639 0.046956 -0.644735
v 0.204500 0.046956 -0.644735
v 0.204099 0.046955 -0.644735
v 0.203460 0.046954 -0.644735
v 0.202606 0.046952 -0.644735
v 0.201562 0.046951 -0.644735
v 0.200351 0.046949 -0.644735
v 0.198997 0.046949 -0.644735
v 0.197523 0.046948 -0.644735
v 0.195955 0.046949 -0.644735
v 0.194315 0.046950 -0.644735
v 0.192627 0.046952 -0.644735
v 0.190915 0.046956 -0.644735
v 0.190811 0.046953 -0.644735
v 0.190718 0.046944 -0.644735
v 0.190636 0.046927 -0.644735
v 0.190564 0.046904 -0.644735
v 0.190502 0.046872 -0.644735
v 0.190450 0.046833 -0.644735
v 0.190407 0.046784 -0.644735
v 0.190373 0.046726 -0.644735
v 0.190347 0.046658 -0.644735
v 0.190329 0.046580 -0.644735
v 0.190319 0.046492 -0.644735
v 0.190316 0.046392 -0.644735
v 0.190311 0.045294 -0.644735
v 0.190306 0.044196 -0.644735
v 0.190300 0.043098 -0.644735
v 0.190294 0.042000 -0.644735
v 0.190288 0.040902 -0.644735
v 0.190282 0.039804 -0.644735
v 0.190277 0.038707 -0.644735
v 0.190272 0.037609 -0.644735
v 0.190268 0.036511 -0.644735
v 0.190265 0.035413 -0.644735
v 0.190263 0.034315 -0.644735
v 0.190263 0.033217 -0.644735
v 0.190293 0.032907 -0.644735
v 0.190379 0.032631 -0.644735
v 0.190515 0.032389 -0.644735
v 0.190696 0.032180 -0.644735
v 0.190916 0.032005 -0.644735
v 0.191169 0.031866 -0.644735
v 0.191450 0.031761 -0.644735
v 0.191752 0.031691 -0.644735
v 0.192071 0.031657 -0.644735
v 0.192400 0.031659 -0.644735
v 0.192734 0.031697 -0.644735
v 0.193067 0.031771 -0.644735
v 0.193277 0.031835 -0.644735
v 0.193452 0.031902 -0.644735
v 0.193599 0.031973 -0.644735
v 0.193725 0.032046 -0.644735
v 0.193837 0.032121 -0.644735
v 0.193943 0.032196 -0.644735
v 0.194049 0.032273 -0.644735
v 0.194162 0.032348 -0.644735
v 0.194290 0.032423 -0.644735
v 0.194440 0.032496 -0.644735
v 0.194618 0.032567 -0.644735
v 0.194831 0.032635 -0.644735
v 0.195101 0.032709 -0.644735
v 0.195372 0.032768 -0.644735
v 0.195641 0.032811 -0.644735
v 0.195908 0.032836 -0.644735
v 0.196170 0.032838 -0.644735
v 0.196426 0.032816 -0.644735
v 0.196674 0.032767 -0.644735
v 0.196913 0.032687 -0.644735
v 0.197141 0.032576 -0.644735
v 0.197356 0.032429 -0.644735
v 0.197557 0.032244 -0.644735
v 0.197742 0.032018 -0.644735
v 0.197841 0.031864 -0.644735
v 0.197935 0.031704 -0.644735
v 0.198024 0.031539 -0.644735
v 0.198106 0.031369 -0.644735
v 0.198181 0.031194 -0.644735
v 0.198249 0.031017 -0.644735
v 0.198309 0.030837 -0.644735
v 0.198360 0.030657 -0.644735
v 0.198402 0.030475 -0.644735
v 0.198434 0.030294 -0.644735
v 0.198455 0.030114 -0.644735
v 0.198465 0.029937 -0.644735
v 0.198473 0.027125 -0.644735
v 0.198479 0.023090 -0.644735
v 0.198483 0.018096 -0.644735
v 0.198486 0.012408 -0.644735
v 0.198488 0.006291 -0.644735
v 0.198490 0.000010 -0.644735
v 0.198491 -0.006171 -0.644735
v 0.198491 -0.011987 -0.644735
v 0.198493 -0.017174 -0.644735
v 0.198494 -0.021465 -0.644735
v 0.198497 -0.024598 -0.644735
v 0.198501 -0.026306 -0.644735
v 0.198487 -0.026615 -0.644735
v 0.198446 -0.026915 -0.644735
v 0.198378 -0.027203 -0.644735
v 0.198284 -0.027477 -0.644735
v 0.198166 -0.027735 -0.644735
v 0.198022 -0.027975 -0.644735
v 0.197855 -0.028195 -0.644735
v 0.197664 -0.028393 -0.644735
v 0.197451 -0.028566 -0.644735
v 0.197216 -0.028712 -0.644735
v 0.196960 -0.028830 -0.644735
v 0.196684 -0.028917 -0.644735
v 0.196532 -0.028952 -0.644735
v 0.196377 -0.028979 -0.644735
v 0.196220 -0.028998 -0.644735
v 0.196060 -0.029011 -0.644735
v 0.195898 -0.029016 -0.644735
v 0.195735 -0.029016 -0.644735
v 0.195572 -0.029010 -0.644735
v 0.195408 -0.028999 -0.644735
v 0.195245 -0.028984 -0.644735
v 0.195082 -0.028964 -0.644735
v 0.194921 -0.028942 -0.644735
v 0.194761 -0.028917 -0.644735
v 0.194517 -0.028870 -0.644735
v 0.194309 -0.028819 -0.644735
v 0.194130 -0.028765 -0.644735
v 0.193972 -0.028708 -0.644735
v 0.193829 -0.028648 -0.644735
v 0.193694 -0.028588 -0.644735
v 0.193558 -0.028527 -0.644735
v 0.193415 -0.028467 -0.644735
v 0.193258 -0.028408 -0.644735
v 0.193079 -0.028351 -0.644735
v 0.192871 -0.028297 -0.644735
v 0.192626 -0.028246 -0.644735
v 0.192441 -0.028222 -0.644735
v 0.192241 -0.028220 -0.644735
v 0.192031 -0.028238 -0.644735
v 0.191816 -0.028275 -0.644735
v 0.191601 -0.028329 -0.644735
v 0.191392 -0.028401 -0.644735
v 0.191192 -0.028488 -0.644735
v 0.191009 -0.028589 -0.644735
v 0.190845 -0.028703 -0.644735
v 0.190707 -0.028829 -0.644735
v 0.190600 -0.028965 -0.644735
v 0.190527 -0.029111 -0.644735
v 0.190494 -0.029200 -0.644735
v 0.190464 -0.029290 -0.644735
v 0.190437 -0.029381 -0.644735
v 0.190414 -0.029473 -0.644735
v 0.190394 -0.029566 -0.644735
v 0.190377 -0.029660 -0.644735
v 0.190363 -0.029753 -0.644735
v 0.190352 -0.029847 -0.644735
v 0.190344 -0.029941 -0.644735
v 0.190338 -0.030035 -0.644735
v 0.190334 -0.030129 -0.644735
v 0.190333 -0.030222 -0.644735
v 0.190330 -0.030764 -0.644735
v 0.190328 -0.031306 -0.644735
v 0.190328 -0.031849 -0.644735
v 0.190329 -0.032391 -0.644735
v 0.190330 -0.032933 -0.644735
v 0.190331 -0.033476 -0.644735
v 0.190332 -0.034018 -0.644735
v 0.190332 -0.034560 -0.644735
v 0.190331 -0.035103 -0.644735
v 0.190328 -0.035645 -0.644735
v 0.190323 -0.036187 -0.644735
v 0.190316 -0.036730 -0.644735
v 0.190320 -0.036848 -0.644735
v 0.190334 -0.036965 -0.644735
v 0.190358 -0.037080 -0.644735
v 0.190390 -0.037192 -0.644735
v 0.190431 -0.037300 -0.644735
v 0.190481 -0.037404 -0.644735
v 0.190539 -0.037503 -0.644735
v 0.190606 -0.037596 -0.644735
v 0.190680 -0.037682 -0.644735
v 0.190763 -0.037761 -0.644735
v 0.190853 -0.037832 -0.644735
v 0.190951 -0.037894 -0.644735
v 0.192305 -0.038766 -0.644735
v 0.193572 -0.039697 -0.644735
v 0.194752 -0.040687 -0.644735
v 0.195845 -0.041737 -0.644735
v 0.196851 -0.042846 -0.644735
v 0.197771 -0.044014 -0.644735
v 0.198604 -0.045240 -0.644735
v 0.199351 -0.046525 -0.644735
v 0.200012 -0.047869 -0.644735
v 0.200588 -0.049271 -0.644735
v 0.201078 -0.050731 -0.644735
v 0.201482 -0.052250 -0.644735
v 0.201515 -0.052385 -0.644735
v 0.201552 -0.052507 -0.644735
v 0.201596 -0.052617 -0.644735
v 0.201646 -0.052714 -0.644735
v 0.201705 -0.052798 -0.644735
v 0.201773 -0.052869 -0.644735
v 0.201851 -0.052928 -0.644735
v 0.201941 -0.052974 -0.644735
v 0.202042 -0.053006 -0.644735
v 0.202158 -0.053026 -0.644735
v 0.202288 -0.053032 -0.644735
vn -1.0000 -0.0000 -0.0000
vn -1.0000 -0.0000 -0.0002
vn -1.0000 -0.0000 -0.0001
vn -1.0000 -0.0000 0.0001
vn -1.0000 -0.0000 0.0058
vn -1.0000 -0.0000 -0.0010
vn -1.0000 -0.0000 -0.0006
vn -1.0000 -0.0000 0.0010
vn -1.0000 -0.0000 0.0065
vn -1.0000 -0.0000 -0.0004
vn -1.0000 -0.0000 -0.0007
vn -1.0000 -0.0000 -0.0009
vn -1.0000 -0.0000 0.0006
vn -1.0000 -0.0000 -0.0020
vn -1.0000 -0.0000 0.0005
vn -1.0000 -0.0000 -0.0008
vn -1.0000 -0.0000 0.0008
vn -1.0000 -0.0000 0.0003
vn -1.0000 -0.0000 0.0002
vn -1.0000 -0.0000 -0.0012
vn -1.0000 -0.0000 0.0004
vn -1.0000 -0.0000 0.0028
vn -1.0000 -0.0000 -0.0043
vn -1.0000 -0.0000 -0.0003
vn -0.0000 -0.9012 0.4335
vn -0.0000 0.2102 -0.9777
vn -0.0000 -0.9999 -0.0172
vn -0.0000 -0.0000 1.0000
vn -0.0000 -0.2777 -0.9607
vn -0.0000 0.6135 0.7897
vn -0.0000 -0.4349 -0.9005
vn -0.0000 -0.9999 -0.0106
vn -0.0000 -0.3778 0.9259
vn -0.0000 -0.2718 -0.9624
vn -0.0000 -0.9368 -0.3499
vn -0.0000 -0.9492 -0.3146
vn -0.0000 -0.7143 0.6998
vn -0.0000 0.9464 -0.3229
vn -0.0000 -0.6338 -0.7735
vn -0.0000 -0.9969 0.0784
vn -0.0000 -0.8907 -0.4545
vn -0.0000 -0.1750 0.9846
vn -0.0000 -0.9959 0.0904
vn -0.0000 0.0018 -1.0000
vn -0.0000 0.8200 -0.5723
vn -0.0000 -0.2341 0.9722
vn -0.0000 0.0052 -1.0000
vn -0.0000 -0.9530 0.3030
vn -0.0000 -0.2573 -0.9663
vn -0.0000 0.4672 0.8842
vn -0.0000 -0.6916 0.7223
vn -0.0000 -0.8655 0.5010
vn -0.0000 0.9917 0.1287
vn -0.0000 -0.7997 -0.6004
vn -0.0000 0.6619 -0.7496
vn -0.0000 0.9239 0.3827
vn -0.0000 -0.7212 -0.6927
vn -0.0000 -1.0000 -0.0033
vn -0.0000 -0.9760 0.2176
vn -0.0000 0.6988 0.7153
vn -0.0000 -0.9990 0.0452
vn -0.0000 1.0000 0.0014
vn -0.0000 -0.5821 -0.8131
vn -0.0000 -0.4699 0.8827
vn -0.0000 -0.6551 -0.7556
vn -0.0000 1.0000 -0.0020
vn -0.0000 -0.9745 -0.2242
vn -0.0000 0.9956 0.0933
vn -0.0000 0.1713 0.9852
vn -0.0000 -0.9522 -0.3055
vn -0.0000 0.0043 -1.0000
vn -0.0000 -0.0735 0.9973
vn -0.0000 0.9530 0.3031
vn -0.0000 0.0136 -0.9999
vn -0.0000 0.7161 0.6979
vn -0.0000 0.0006 -1.0000
vn -0.0000 0.2312 0.9729
vn -0.0000 -0.2366 -0.9716
vn -0.0000 0.0332 -0.9994
vn -0.0000 0.9739 -0.2269
vn -0.0000 0.0053 -1.0000
vn -0.0000 -0.0012 -1.0000
vn -0.0000 0.9502 -0.3118
vn -0.0000 -0.1062 0.9943
vn -0.0000 0.5084 -0.8611
vn -0.0000 0.1178 -0.9930
vn -0.0000 0.7141 0.7001
vn -0.0000 1.0000 -0.0002
vn -0.0000 -0.6721 -0.7405
vn -0.0000 -0.6322 0.7748
vn -0.0000 0.3829 0.9238
vn -0.0000 -0.5329 0.8462
vn -0.0000 0.4446 -0.8957
vn -0.0000 -0.6546 -0.7560
vn -0.0000 0.4180 -0.9084
vn -0.0000 -0.0402 -0.9992
vn -0.0000 1.0000 0.0022
vn -0.0000 -0.4624 -0.8867
vn -0.0000 0.9856 -0.1692
vn -0.0000 -0.0021 -1.0000
vn -0.0000 0.9977 0.0672
vn -0.0000 0.1407 0.9901
vn -0.0000 1.0000 -0.0017
vn -0.0000 0.3825 0.9240
vn -0.0000 0.8066 0.5911
vn -0.0000 0.9999 0.0128
vn -0.0000 0.0899 -0.9960
vn -0.0000 -0.5026 -0.8645
vn -0.0000 0.9138 0.4061
vn -0.0000 0.6779 0.7352
vn -0.0000 -0.0002 -1.0000
vn -0.0000 0.9931 0.1171
vn -0.0000 0.9850 -0.1725
vn -0.0000 -0.3119 0.9501
vn -0.0000 -0.8443 -0.5358
vn -0.0000 -0.8268 0.5625
vn -0.0000 -0.9999 -0.0160
vn -0.0000 -0.9873 0.1587
vn -0.0000 0.4513 0.8924
vn -0.0000 0.5128 -0.8585
vn -0.0000 0.3522 -0.9359
vn -0.0000 -0.7451 0.6670
vn -0.0000 -0.3199 0.9475
vn -0.0000 -0.0354 0.9994
vn -0.0000 -0.0028 -1.0000
vn -0.0000 -0.5717 0.8205
vn -0.0000 -0.3969 -0.9178
vn -0.0000 -0.9984 0.0564
vn -0.0000 -0.5883 0.8087
vn -0.0000 -0.0004 -1.0000
vn -0.0000 0.9689 -0.2473
vn -0.0000 -0.9987 -0.0502
vn -0.0000 -0.8978 -0.4403
vn -0.0000 0.9362 0.3515
vn -0.0000 0.3958 0.9183
vn -0.0000 -0.9650 0.2623
vn -0.0000 0.9823 0.1873
vn -0.0000 -0.3179 -0.9481
vn -0.0000 0.9994 -0.0347
vn -0.0000 0.7506 0.6608
vn -0.0000 -0.8331 0.5532
vn -0.0000 -0.0014 -1.0000
vn -0.0000 0.7762 -0.6305
vn -0.0000 -0.7659 -0.6430
vn -0.0000 0.0466 0.9989
vn -0.0000 -0.3574 -0.9340
vn -0.0000 0.0450 -0.9990
vn -0.0000 -0.3692 -0.9294
vn -0.0000 -0.8258 -0.5640
vn -0.0000 0.2431 0.9700
vn -0.0000 0.6355 0.7721
vn -0.0000 -0.9943 -0.1065
vn -0.0000 -0.5082 -0.8612
vn -0.0000 -0.5620 -0.8271
vn -0.0000 -0.0961 -0.9954
vn -0.0000 -0.0003 -1.0000
vn -0.0000 -0.0221 0.9998
vn -0.0000 -0.9765 0.2155
vn -0.0000 -0.8130 0.5823
vn -0.0000 0.0091 -1.0000
vn -0.0000 -0.0001 -1.0000
vn -0.0000 -1.0000 0.0052
vn -0.0000 -0.0027 1.0000
vn -0.0000 -0.2969 -0.9549
vn -0.0000 -0.2249 -0.9744
vn -0.0000 0.0004 -1.0000
vn -0.0000 -0.9871 0.1602
vn -0.0000 0.3550 -0.9349
vn -0.0000 -0.5427 -0.8399
vn -0.0000 0.1476 -0.9890
vn -0.0000 0.5196 0.8544
vn -0.0000 -1.0000 0.0091
vn -0.0000 -0.7871 -0.6168
vn -0.0000 -0.8633 0.5047
vn -0.0000 -0.9999 -0.0156
vn -0.0000 0.0118 -0.9999
vn -0.0000 0.9996 -0.0285
vn -0.0000 0.6197 -0.7848
vn -0.0000 -0.6018 0.7986
vn -0.0000 1.0000 -0.0014
vn -0.0000 -0.1986 -0.9801
vn -0.0000 0.8820 0.4712
vn -0.0000 0.2237 -0.9747
vn -0.0000 0.0145 0.9999
vn -0.0000 0.2441 -0.9698
vn -0.0000 -0.9567 0.2912
vn -0.0000 0.9131 0.4078
vn -0.0000 -0.9999 -0.0119
vn -0.0000 -0.0015 -1.0000
vn -0.0000 0.9904 0.1381
vn -0.0000 -0.3552 0.9348
vn -0.0000 -0.7837 -0.6211
vn -0.0000 0.9925 -0.1220
vn -0.0000 0.0371 -0.9993
vn -0.0000 0.9949 -0.1007
vn -0.0000 0.0036 -1.0000
vn -0.0000 0.8761 -0.4821
vn -0.0000 -0.5088 0.8609
vn -0.0000 1.0000 -0.0010
vn -0.0000 0.0044 -1.0000
vn -0.0000 0.6054 -0.7959
vn -0.0000 -0.9993 0.0372
vn -0.0000 -1.0000 -0.0045
vn -0.0000 0.9401 0.3409
vn -0.0000 0.2783 -0.9605
vn -0.0000 -0.6369 0.7709
vn -0.0000 -0.0008 -1.0000
vn -0.0000 0.1365 0.9906
vn -0.0000 0.8907 -0.4546
vn -0.0000 -0.6883 -0.7254
vn -0.0000 -0.9998 0.0209
vn -0.0000 -0.0473 0.9989
vn -0.0000 0.9713 0.2377
vn -0.0000 0.9166 -0.3998
vn -0.0000 1.0000 0.0003
vn -0.0000 1.0000 0.0029
vn -0.0000 1.0000 -0.0021
vn -0.0000 0.8486 -0.5290
vn -0.0000 -0.3796 -0.9251
vn -0.0000 0.5010 0.8654
vn -0.0000 -0.0009 -1.0000
vn -0.0000 0.1359 -0.9907
vn -0.0000 0.9677 0.2521
vn -0.0000 0.5867 0.8098
vn -0.0000 0.9964 -0.0845
vn -0.0000 -0.4435 0.8963
vn -0.0000 -0.3159 -0.9488
vn -0.0000 0.9993 0.0364
vn -0.0000 -0.6783 0.7348
vn -0.0000 -0.7356 -0.6774
vn -0.0000 0.9087 -0.4174
vn -0.0000 -0.8058 -0.5923
vn -0.0000 -0.9978 0.0662
vn -0.0000 0.5827 0.8127
vn -0.0000 -0.2445 0.9697
vn -0.0000 0.9878 0.1559
vn -0.0000 -0.1427 0.9898
vn -0.0000 -0.1731 -0.9849
vn -0.0000 0.2289 -0.9734
vn -0.0000 -0.4316 -0.9021
vn -0.0000 -0.5708 -0.8211
vn -0.0000 -0.7477 0.6640
vn -0.0000 0.0334 0.9994
vn -0.0000 -0.9859 -0.1673
vn -0.0000 -0.5071 -0.8619
vn -0.0000 -0.3988 0.9170
vn -0.0000 0.5308 0.8475
vn -0.0000 -0.9963 -0.0863
vn -0.0000 0.0030 -1.0000
vn -0.0000 -0.4415 -0.8972
vn -0.0000 -0.8123 0.5832
vn -0.0000 -0.1765 0.9843
vn -0.0000 -0.2946 -0.9556
vn -0.0000 -0.9936 0.1126
vn -0.0000 -0.8981 0.4398
vn -0.0000 -0.1180 -0.9930
vn -0.0000 0.1780 -0.9840
vn -0.0000 0.6422 0.7666
vn -0.0000 0.3168 0.9485
vn -0.0000 -0.4900 -0.8717
vn -0.0000 -0.9998 0.0202
vn -0.0000 -1.0000 0.0024
vn -0.0000 -0.8408 -0.5413
vn -0.0000 0.0048 -1.0000
vn -0.0000 0.1022 0.9948
vn -0.0000 -0.3553 -0.9348
vn -0.0000 0.7392 -0.6735
vn -0.0000 -1.0000 0.0070
vn -0.0000 -0.9327 0.3606
vn -0.0000 -0.6187 -0.7856
vn -0.0000 0.7449 0.6671
vn -0.0000 -0.8755 -0.4833
vn -0.0000 0.9214 0.3885
vn -0.0000 0.0022 -1.0000
vn -0.0000 -0.7220 -0.6919
vn -0.0000 0.1176 -0.9931
vn -0.0000 0.0028 -1.0000
vn -0.0000 0.9568 0.2908
vn -0.0000 -0.4712 -0.8820
vn -0.0000 0.9792 0.2027
vn -0.0000 0.3136 0.9495
vn -0.0000 0.9809 -0.1943
vn -0.0000 0.9400 0.3413
vn -0.0000 0.9971 -0.0763
vn -0.0000 -0.8316 0.5554
vn -0.0000 0.0063 -1.0000
vn -0.0000 -0.1193 -0.9929
vn -0.0000 0.9978 0.0668
vn -0.0000 0.6940 -0.7200
vn -0.0000 0.9542 -0.2992
vn -0.0000 -0.0024 -1.0000
vn -0.0000 1.0000 -0.0006
vn -0.0000 -0.0022 -1.0000
vn -0.0000 0.3230 -0.9464
vn -0.0000 0.7949 -0.6067
vn -0.0000 0.0634 -0.9980
vn -0.0000 0.9787 0.2053
vn -0.0000 -0.9458 0.3248
vn -0.0000 0.2602 0.9656
vn -0.0000 1.0000 0.0008
vn -0.0000 -0.9809 -0.1947
vn -0.0000 1.0000 -0.0022
vn -0.0000 -0.0005 -1.0000
vn -0.0000 -0.9291 0.3698
vn -0.0000 -0.0572 -0.9984
vn -0.0000 0.5310 0.8474
vn -0.0000 -0.3989 0.9170
vn -0.0000 -0.5073 -0.8618
vn -0.0000 0.0336 0.9994
vn -0.0000 -0.7476 0.6641
vn -0.0000 -0.5709 -0.8210
vn -0.0000 -0.4320 -0.9019
vn -0.0000 0.2290 -0.9734
vn -0.0000 -0.1734 -0.9849
vn -0.0000 -0.1425 0.9898
vn -0.0000 -0.2437 0.9699
vn -0.0000 0.5822 0.8130
vn -0.0000 -0.9978 0.0663
vn -0.0000 -0.8058 -0.5922
vn -0.0000 -0.6782 0.7349
vn -0.0000 0.9993 0.0365
vn -0.0000 -0.3164 -0.9486
vn -0.0000 -0.4439 0.8961
vn -0.0000 0.5869 0.8097
vn -0.0000 0.1358 -0.9907
vn -0.0000 0.5008 0.8656
vn -0.0000 0.8486 -0.5291
vn -0.0000 -0.0476 0.9989
vn -0.0000 -0.6882 -0.7255
vn -0.0000 0.1367 0.9906
vn -0.0000 -0.6368 0.7710
vn -0.0000 0.2786 -0.9604
vn -0.0000 0.9401 0.3410
vn -0.0000 -0.5089 0.8608
vn -0.0000 0.8761 -0.4820
vn -0.0000 0.0370 -0.9993
vn -0.0000 -0.7836 -0.6212
vn -0.0000 -0.3550 0.9349
vn -0.0000 0.9904 0.1382
vn -0.0000 -0.0016 -1.0000
vn -0.0000 -0.9566 0.2913
vn -0.0000 0.2442 -0.9697
vn -0.0000 0.0140 0.9999
vn -0.0000 0.2245 -0.9745
vn -0.0000 0.8819 0.4714
vn -0.0000 -0.6018 0.7987
vn -0.0000 0.6198 -0.7848
vn -0.0000 0.0115 -0.9999
vn -0.0000 -0.8634 0.5046
vn -0.0000 -0.7871 -0.6169
vn -0.0000 0.5197 0.8543
vn -0.0000 0.1480 -0.9890
vn -0.0000 -0.5427 -0.8400
vn -0.0000 0.3554 -0.9347
vn -0.0000 -0.2245 -0.9745
vn -0.0000 -0.2970 -0.9549
vn -0.0000 -0.0028 1.0000
vn -0.0000 0.0092 -1.0000
vn -0.0000 -0.8126 0.5828
vn -0.0000 -0.0962 -0.9954
vn -0.0000 -0.5080 -0.8614
vn -0.0000 -0.9943 -0.1066
vn -0.0000 0.6354 0.7722
vn -0.0000 0.2423 0.9702
vn -0.0000 -0.8258 -0.5639
vn -0.0000 -0.3692 -0.9293
vn -0.0000 -0.3571 -0.9341
vn -0.0000 0.0469 0.9989
vn -0.0000 -0.8330 0.5533
vn -0.0000 0.7505 0.6609
vn -0.0000 -0.3180 -0.9481
vn -0.0000 -0.9650 0.2624
vn -0.0000 0.9362 0.3514
vn -0.0000 -0.8979 -0.4403
vn -0.0000 -0.5885 0.8085
vn -0.0000 -0.3972 -0.9177
vn -0.0000 -0.5712 0.8208
vn -0.0000 -0.0356 0.9994
vn -0.0000 -0.3198 0.9475
vn -0.0000 -0.7452 0.6668
vn -0.0000 0.5127 -0.8586
vn -0.0000 0.4517 0.8922
vn -0.0000 -0.8267 0.5626
vn -0.0000 -0.8443 -0.5359
vn -0.0000 -0.3125 0.9499
vn -0.0000 0.6778 0.7352
vn -0.0000 0.9138 0.4062
vn -0.0000 0.0909 -0.9959
vn -0.0000 0.8066 0.5912
vn -0.0000 0.3830 0.9237
vn -0.0000 0.1405 0.9901
vn -0.0000 -0.4623 -0.8867
vn -0.0000 -0.0398 -0.9992
vn -0.0000 0.4182 -0.9084
vn -0.0000 -0.6543 -0.7562
vn -0.0000 0.4448 -0.8956
vn -0.0000 -0.5331 0.8461
vn -0.0000 0.3827 0.9239
vn -0.0000 -0.6323 0.7747
vn -0.0000 0.7142 0.6999
vn -0.0000 0.1173 -0.9931
vn -0.0000 0.5087 -0.8610
vn -0.0000 -0.1056 0.9944
vn -0.0000 0.9502 -0.3117
vn -0.0000 0.9739 -0.2270
vn -0.0000 0.0339 -0.9994
vn -0.0000 -0.2368 -0.9716
vn -0.0000 0.7161 0.6980
vn -0.0000 0.9529 0.3032
vn -0.0000 -0.0732 0.9973
vn -0.0000 0.1720 0.9851
vn -0.0000 -0.6551 -0.7555
vn -0.0000 -0.4697 0.8828
vn -0.0000 -0.5823 -0.8129
vn -0.0000 0.6987 0.7154
vn -0.0000 0.9239 0.3825
vn -0.0000 0.6614 -0.7500
vn -0.0000 -0.7999 -0.6001
vn -0.0000 0.9917 0.1288
vn -0.0000 -0.8654 0.5010
vn -0.0000 -0.6915 0.7224
vn -0.0000 0.4669 0.8843
vn -0.0000 -0.2339 0.9723
vn -0.0000 0.8200 -0.5724
vn -0.0000 -0.1757 0.9844
vn -0.0000 0.9464 -0.3230
vn -0.0000 -0.7144 0.6997
vn -0.0000 -0.9492 -0.3147
vn -0.0000 -0.9368 -0.3498
vn -0.0000 -0.2719 -0.9623
vn -0.0000 -0.3776 0.9260
vn -0.0000 -0.4344 -0.9007
vn -0.0000 0.6138 0.7895
vn -0.0000 -0.2770 -0.9609
vn -0.0000 0.2100 -0.9777
vn -0.0000 -0.9013 0.4332
vn -0.0000 0.3144 -0.9493
vn -0.0000 -0.9809 -0.1946
vn -0.0000 0.2607 0.9654
vn -0.0000 0.9787 0.2052
vn -0.0000 0.0623 -0.9981
vn -0.0000 0.3231 -0.9464
vn -0.0000 0.6941 -0.7199
vn -0.0000 -0.1202 -0.9928
vn -0.0000 -0.8317 0.5553
vn -0.0000 0.9971 -0.0762
vn -0.0000 0.9399 0.3414
vn -0.0000 0.9810 -0.1941
vn -0.0000 0.3142 0.9494
vn -0.0000 -0.4713 -0.8820
vn -0.0000 0.1161 -0.9932
vn -0.0000 -0.7223 -0.6916
vn -0.0000 0.9215 0.3884
vn -0.0000 0.7450 0.6671
vn -0.0000 -0.6188 -0.7856
vn -0.0000 -0.9326 0.3609
vn -0.0000 -0.3556 -0.9347
vn -0.0000 0.1017 0.9948
vn -0.0000 -0.4898 -0.8718
vn -0.0000 0.6423 0.7664
vn -0.0000 0.1779 -0.9840
vn -0.0000 -0.8980 0.4399
vn -0.0000 -0.2942 -0.9557
vn -0.0000 -0.1769 0.9842
vn -0.0000 -0.4415 -0.8973
vn -0.0000 0.0031 -1.0000
vn -0.4543 -0.8908 -0.0000
vn 0.9844 -0.1758 -0.0000
vn 0.0904 -0.9959 -0.0000
vn -1.0000 0.0018 -0.0000
vn -0.5724 0.8200 -0.0000
vn 0.9722 -0.2342 -0.0000
vn -1.0000 0.0052 -0.0000
vn 0.3029 -0.9530 -0.0000
vn -0.9663 -0.2573 -0.0000
vn 0.8842 0.4671 -0.0000
vn 0.7223 -0.6916 -0.0000
vn 0.5010 -0.8654 -0.0000
vn 0.1287 0.9917 -0.0000
vn -0.6002 -0.7998 -0.0000
vn -0.7494 0.6621 -0.0000
vn 0.3824 0.9240 -0.0000
vn -0.6927 -0.7212 -0.0000
vn -0.0033 -1.0000 -0.0000
vn 0.2176 -0.9760 -0.0000
vn 0.7153 0.6988 -0.0000
vn 0.0453 -0.9990 -0.0000
vn 0.0014 1.0000 -0.0000
vn -0.8132 -0.5820 -0.0000
vn 0.8828 -0.4698 -0.0000
vn -0.7555 -0.6552 -0.0000
vn -0.0020 1.0000 -0.0000
vn -0.2242 -0.9745 -0.0000
vn 0.0933 0.9956 -0.0000
vn 0.9851 0.1721 -0.0000
vn -0.3055 -0.9522 -0.0000
vn -1.0000 0.0043 -0.0000
vn 0.9973 -0.0737 -0.0000
vn 0.3033 0.9529 -0.0000
vn -0.9999 0.0137 -0.0000
vn 0.6977 0.7164 -0.0000
vn -1.0000 0.0007 -0.0000
vn 1.0000 -0.0000 -0.0000
vn 0.9729 0.2312 -0.0000
vn -0.9715 -0.2371 -0.0000
vn -0.9994 0.0339 -0.0000
vn -0.2269 0.9739 -0.0000
vn -1.0000 0.0054 -0.0000
vn -1.0000 -0.0012 -0.0000
vn -0.3120 0.9501 -0.0000
vn 0.9944 -0.1052 -0.0000
vn -0.8616 0.5076 -0.0000
vn -0.9931 0.1177 -0.0000
vn 0.7001 0.7141 -0.0000
vn -0.0002 1.0000 -0.0000
vn -0.7405 -0.6721 -0.0000
vn 0.7748 -0.6322 -0.0000
vn 0.9234 0.3838 -0.0000
vn 0.8461 -0.5331 -0.0000
vn -0.8957 0.4447 -0.0000
vn -0.7563 -0.6543 -0.0000
vn -0.9084 0.4181 -0.0000
vn -0.9992 -0.0402 -0.0000
vn 0.0022 1.0000 -0.0000
vn -0.8868 -0.4622 -0.0000
vn -0.1692 0.9856 -0.0000
vn -1.0000 -0.0022 -0.0000
vn 0.0671 0.9977 -0.0000
vn 0.9901 0.1406 -0.0000
vn -0.0017 1.0000 -0.0000
vn 0.9239 0.3827 -0.0000
vn 0.5912 0.8066 -0.0000
vn 0.0128 0.9999 -0.0000
vn -0.9960 0.0896 -0.0000
vn -0.8645 -0.5026 -0.0000
vn 0.4063 0.9137 -0.0000
vn 0.7353 0.6777 -0.0000
vn -1.0000 -0.0002 -0.0000
vn 0.1171 0.9931 -0.0000
vn -0.1724 0.9850 -0.0000
vn 0.9504 -0.3110 -0.0000
vn -0.5355 -0.8445 -0.0000
vn 0.5628 -0.8266 -0.0000
vn -0.0160 -0.9999 -0.0000
vn 0.1587 -0.9873 -0.0000
vn 0.8920 0.4519 -0.0000
vn -0.8586 0.5126 -0.0000
vn -0.9358 0.3525 -0.0000
vn 0.6668 -0.7452 -0.0000
vn 0.9475 -0.3197 -0.0000
vn 0.9994 -0.0358 -0.0000
vn -1.0000 -0.0028 -0.0000
vn 0.8206 -0.5715 -0.0000
vn -0.9179 -0.3968 -0.0000
vn 0.0564 -0.9984 -0.0000
vn 0.8085 -0.5885 -0.0000
vn -1.0000 -0.0004 -0.0000
vn -0.2473 0.9689 -0.0000
vn -0.0503 -0.9987 -0.0000
vn -0.4402 -0.8979 -0.0000
vn 0.3513 0.9363 -0.0000
vn 0.9183 0.3958 -0.0000
vn 0.2624 -0.9650 -0.0000
vn 0.1873 0.9823 -0.0000
vn -0.9481 -0.3179 -0.0000
vn -0.7856 -0.6187 -0.0000
vn -0.0347 0.9994 -0.0000
vn 0.6612 0.7502 -0.0000
vn 0.6668 0.7452 -0.0000
vn 0.5534 -0.8329 -0.0000
vn -1.0000 -0.0014 -0.0000
vn -0.6305 0.7762 -0.0000
vn -0.6430 -0.7659 -0.0000
vn 0.9989 0.0469 -0.0000
vn -0.6913 -0.7226 -0.0000
vn -0.9339 -0.3575 -0.0000
vn -0.9990 0.0447 -0.0000
vn -0.9295 -0.3688 -0.0000
vn 0.9498 0.3127 -0.0000
vn -0.5641 -0.8257 -0.0000
vn 0.9700 0.2430 -0.0000
vn 0.7722 0.6354 -0.0000
vn -0.1065 -0.9943 -0.0000
vn -0.8613 -0.5081 -0.0000
vn -0.8271 -0.5620 -0.0000
vn -0.9928 -0.1198 -0.0000
vn -0.9954 -0.0962 -0.0000
vn -1.0000 -0.0003 -0.0000
vn 0.9998 -0.0222 -0.0000
vn 0.2155 -0.9765 -0.0000
vn 0.5824 -0.8129 -0.0000
vn -1.0000 0.0090 -0.0000
vn -1.0000 -0.0001 -0.0000
vn 0.0052 -1.0000 -0.0000
vn 1.0000 -0.0025 -0.0000
vn -0.9980 0.0628 -0.0000
vn -1.0000 0.0053 -0.0000
vn -0.9548 -0.2972 -0.0000
vn -0.9745 -0.2245 -0.0000
vn -1.0000 0.0005 -0.0000
vn 0.3246 -0.9459 -0.0000
vn 0.1603 -0.9871 -0.0000
vn -0.9344 0.3561 -0.0000
vn -0.8399 -0.5427 -0.0000
vn -0.9890 0.1477 -0.0000
vn 0.8547 0.5191 -0.0000
vn -0.9491 0.3149 -0.0000
vn 0.0091 -1.0000 -0.0000
vn -0.6172 -0.7868 -0.0000
vn -0.0172 -0.9999 -0.0000
vn 0.5046 -0.8633 -0.0000
vn -0.0155 -0.9999 -0.0000
vn -0.9999 0.0122 -0.0000
vn -0.0285 0.9996 -0.0000
vn -0.7848 0.6198 -0.0000
vn 0.7986 -0.6018 -0.0000
vn -0.0014 1.0000 -0.0000
vn -0.9800 -0.1988 -0.0000
vn 0.4714 0.8819 -0.0000
vn -0.9747 0.2236 -0.0000
vn 0.9999 0.0144 -0.0000
vn -0.9698 0.2439 -0.0000
vn -0.3230 0.9464 -0.0000
vn 0.2911 -0.9567 -0.0000
vn 0.4078 0.9131 -0.0000
vn -0.0119 -0.9999 -0.0000
vn -1.0000 -0.0015 -0.0000
vn 0.0784 -0.9969 -0.0000
vn 0.1382 0.9904 -0.0000
vn 0.9349 -0.3549 -0.0000
vn -0.6213 -0.7836 -0.0000
vn -0.1220 0.9925 -0.0000
vn -0.9993 0.0369 -0.0000
vn -0.1006 0.9949 -0.0000
vn -1.0000 0.0037 -0.0000
vn -0.4820 0.8762 -0.0000
vn 0.8611 -0.5084 -0.0000
vn -0.0010 1.0000 -0.0000
vn -0.7959 0.6054 -0.0000
vn 0.0373 -0.9993 -0.0000
vn -0.0045 -1.0000 -0.0000
vn 0.3410 0.9401 -0.0000
vn -0.9604 0.2785 -0.0000
vn 0.7710 -0.6368 -0.0000
vn -1.0000 -0.0008 -0.0000
vn 0.9906 0.1368 -0.0000
vn -0.4544 0.8908 -0.0000
vn -0.7253 -0.6884 -0.0000
vn 0.0209 -0.9998 -0.0000
vn 0.9989 -0.0476 -0.0000
vn 0.2378 0.9713 -0.0000
vn -0.3998 0.9166 -0.0000
vn 0.0003 1.0000 -0.0000
vn 0.0029 1.0000 -0.0000
vn -0.0021 1.0000 -0.0000
vn -0.5291 0.8486 -0.0000
vn -0.9251 -0.3796 -0.0000
vn 0.8655 0.5009 -0.0000
vn -1.0000 -0.0009 -0.0000
vn -0.9907 0.1360 -0.0000
vn 0.2521 0.9677 -0.0000
vn 0.8096 0.5870 -0.0000
vn -0.0845 0.9964 -0.0000
vn 0.8960 -0.4441 -0.0000
vn -0.9488 -0.3159 -0.0000
vn 0.0365 0.9993 -0.0000
vn 0.7350 -0.6781 -0.0000
vn -0.6774 -0.7356 -0.0000
vn -0.4175 0.9087 -0.0000
vn -0.5922 -0.8058 -0.0000
vn 0.0663 -0.9978 -0.0000
vn 0.8128 0.5825 -0.0000
vn 0.9697 -0.2444 -0.0000
vn 0.1558 0.9878 -0.0000
vn 0.9898 -0.1424 -0.0000
vn -0.9848 -0.1735 -0.0000
vn -0.9735 0.2288 -0.0000
vn -0.9019 -0.4320 -0.0000
vn -0.8211 -0.5708 -0.0000
vn 0.6644 -0.7474 -0.0000
vn 0.9994 0.0337 -0.0000
vn -0.1673 -0.9859 -0.0000
vn -0.8618 -0.5072 -0.0000
vn 0.9170 -0.3988 -0.0000
vn 0.8474 0.5310 -0.0000
vn -0.0863 -0.9963 -0.0000
vn -1.0000 0.0029 -0.0000
vn -0.8973 -0.4415 -0.0000
vn 0.5832 -0.8123 -0.0000
vn 0.9843 -0.1768 -0.0000
vn -0.9557 -0.2943 -0.0000
vn 0.1126 -0.9936 -0.0000
vn 0.4398 -0.8981 -0.0000
vn -0.9930 -0.1179 -0.0000
vn -0.9840 0.1782 -0.0000
vn 0.7665 0.6422 -0.0000
vn 0.9485 0.3166 -0.0000
vn -0.8718 -0.4899 -0.0000
vn 0.0202 -0.9998 -0.0000
vn 0.0024 -1.0000 -0.0000
vn -0.5413 -0.8408 -0.0000
vn -1.0000 0.0048 -0.0000
vn 0.9949 0.1013 -0.0000
vn -0.9348 -0.3552 -0.0000
vn -0.6736 0.7391 -0.0000
vn 0.0069 -1.0000 -0.0000
vn 0.3608 -0.9326 -0.0000
vn -0.4833 -0.8755 -0.0000
vn 0.3885 0.9215 -0.0000
vn -1.0000 0.0021 -0.0000
vn -0.9932 0.1167 -0.0000
vn -1.0000 0.0028 -0.0000
vn 0.2907 0.9568 -0.0000
vn -0.8820 -0.4712 -0.0000
vn 0.2027 0.9792 -0.0000
vn -0.1942 0.9810 -0.0000
vn 0.3414 0.9399 -0.0000
vn -0.0762 0.9971 -0.0000
vn 0.5555 -0.8315 -0.0000
vn -1.0000 0.0063 -0.0000
vn 0.0668 0.9978 -0.0000
vn -0.7199 0.6941 -0.0000
vn -0.2992 0.9542 -0.0000
vn -0.0006 1.0000 -0.0000
vn -0.9463 0.3233 -0.0000
vn -0.6067 0.7950 -0.0000
vn 0.2053 0.9787 -0.0000
vn 0.9655 0.2606 -0.0000
vn 0.0008 1.0000 -0.0000
vn -0.1947 -0.9809 -0.0000
vn -0.0022 1.0000 -0.0000
vn -1.0000 -0.0005 -0.0000
vn 0.3699 -0.9291 -0.0000
vn -0.9984 -0.0569 -0.0000
vn 0.4334 -0.9012 -0.0000
vn -0.9777 0.2101 -0.0000
vn -0.9608 -0.2773 -0.0000
vn 0.7898 0.6133 -0.0000
vn -0.9005 -0.4348 -0.0000
vn -0.0107 -0.9999 -0.0000
vn 0.9255 -0.3787 -0.0000
vn -0.9623 -0.2721 -0.0000
vn -0.3499 -0.9368 -0.0000
vn -0.3147 -0.9492 -0.0000
vn 0.6997 -0.7145 -0.0000
vn -0.0000 0.3147 -0.9492
vn 0.9234 0.3839 -0.0000
vn 0.0672 0.9977 -0.0000
vn 0.5912 0.8065 -0.0000
vn 0.5629 -0.8266 -0.0000
vn 0.8921 0.4519 -0.0000
vn 0.6611 0.7503 -0.0000
vn 0.1602 -0.9871 -0.0000
vn -0.9344 0.3562 -0.0000
vn -0.6173 -0.7868 -0.0000
vn -0.0156 -0.9999 -0.0000
vn -0.9747 0.2235 -0.0000
vn 0.0372 -0.9993 -0.0000
vn -0.5290 0.8486 -0.0000
vn 0.1559 0.9878 -0.0000
vn -0.9018 -0.4321 -0.0000
vn 0.4397 -0.8981 -0.0000
vn -0.2991 0.9542 -0.0000
vn -0.7735 -0.6338 -0.0000
vn -0.6002 -0.7999 -0.0000
vn 0.3825 0.9240 -0.0000
vn 0.0452 -0.9990 -0.0000
vn -0.0000 -0.0000 -1.0000
vn -0.0000 0.0008 -1.0000
vn -0.0000 0.0001 -1.0000
vn -0.0000 -0.0029 -1.0000
vn -0.0000 0.0002 -1.0000
vn -0.0000 0.0075 -1.0000
vn -0.0000 0.0003 -1.0000
vn -0.0000 0.0005 -1.0000
vn -0.0000 -0.0035 -1.0000
vn -0.0000 -0.0006 -1.0000
vn -0.0000 0.0009 -1.0000
vn -0.0000 -0.0088 -1.0000
vn -0.0000 0.0019 -1.0000
vn -0.0000 0.0012 -1.0000
vn -0.0000 0.0037 -1.0000
vn -0.0000 -0.0020 -1.0000
vn -0.0000 -0.0040 -1.0000
vn -0.0000 -0.0050 -1.0000
vn -0.0000 0.0014 -1.0000
vn -0.0000 -0.0011 -1.0000
vn -0.0000 0.0016 -1.0000
vn -0.0000 0.0007 -1.0000
vn -0.0000 -0.0010 -1.0000
vn -0.0000 -0.0007 -1.0000
vn -0.0000 -0.0039 -1.0000
vn -0.0000 0.0013 -1.0000
vn -0.0000 0.0021 -1.0000
vn -0.0000 0.0050 -1.0000
vt 0.981424 0.000000
vt 0.993808 0.000000
vt 0.978328 0.000000
vt 0.792570 0.000000
vt 0.845201 0.000000
vt 0.848297 0.000000
vt 0.795666 0.000000
vt 0.798762 0.000000
vt 0.839009 0.000000
vt 0.931889 0.000000
vt 0.718266 0.000000
vt 0.721362 0.000000
vt 0.439628 0.000000
vt 0.414861 0.000000
vt 0.417957 0.000000
vt 0.724458 0.000000
vt 0.876161 0.000000
vt 0.879257 0.000000
vt 0.569659 0.000000
vt 0.572755 0.000000
vt 0.467492 0.000000
vt 0.380805 0.000000
vt 0.383901 0.000000
vt 0.294118 0.000000
vt 0.321981 0.000000
vt 0.374613 0.000000
vt 0.318885 0.000000
vt 0.399381 0.000000
vt 0.458204 0.000000
vt 0.461300 0.000000
vt 0.309598 0.000000
vt 0.377709 0.000000
vt 0.306502 0.000000
vt 0.752322 0.000000
vt 0.755418 0.000000
vt 0.860681 0.000000
vt 0.408669 0.000000
vt 0.445820 0.000000
vt 0.448916 0.000000
vt 0.393189 0.000000
vt 0.396285 0.000000
vt 0.287926 0.000000
vt 0.436532 0.000000
vt 0.424149 0.000000
vt 0.433437 0.000000
vt 0.421053 0.000000
vt 0.222910 0.000000
vt 0.226006 0.000000
vt 0.229102 0.000000
vt 0.402477 0.000000
vt 0.427245 0.000000
vt 0.430341 0.000000
vt 0.315789 0.000000
vt 0.365325 0.000000
vt 0.352941 0.000000
vt 0.362229 0.000000
vt 0.526316 0.000000
vt 0.529412 0.000000
vt 0.532508 0.000000
vt 0.133127 0.000000
vt 0.136223 0.000000
vt 0.139319 0.000000
vt 0.411765 0.000000
vt 0.349845 0.000000
vt 0.405573 0.000000
vt 0.368421 0.000000
vt 0.346749 0.000000
vt 0.452012 0.000000
vt 0.455108 0.000000
vt 0.371517 0.000000
vt 0.343653 0.000000
vt 0.340557 0.000000
vt 0.043344 0.000000
vt 0.046440 0.000000
vt 0.068111 0.000000
vt 0.337461 0.000000
vt 0.334365 0.000000
vt 0.244582 0.000000
vt 0.247678 0.000000
vt 0.331269 0.000000
vt 0.328173 0.000000
vt 0.325077 0.000000
vt 0.312694 0.000000
vt 0.356037 0.000000
vt 0.359133 0.000000
vt 0.303406 0.000000
vt 0.300310 0.000000
vt 0.934985 0.000000
vt 0.715170 0.000000
vt 0.297214 0.000000
vt 0.386997 0.000000
vt 0.291022 0.000000
vt 0.464396 0.000000
vt 0.575851 0.000000
vt 0.482972 0.000000
vt 0.507740 0.000000
vt 0.510836 0.000000
vt 0.470588 0.000000
vt 0.272446 0.000000
vt 0.275542 0.000000
vt 0.634675 0.000000
vt 0.074303 0.000000
vt 0.030960 0.000000
vt 0.034056 0.000000
vt 0.554180 0.000000
vt 0.557276 0.000000
vt 0.476780 0.000000
vt 0.083591 0.000000
vt 0.944272 0.000000
vt 0.947368 0.000000
vt 0.566563 0.000000
vt 0.495356 0.000000
vt 0.498452 0.000000
vt 0.027864 0.000000
vt 0.489164 0.000000
vt 0.492260 0.000000
vt 0.486068 0.000000
vt 0.281734 0.000000
vt 0.600619 0.000000
vt 0.603715 0.000000
vt 0.640867 0.000000
vt 0.643963 0.000000
vt 0.188854 0.000000
vt 0.551084 0.000000
vt 0.547988 0.000000
vt 0.842105 0.000000
vt 0.563468 0.000000
vt 0.885449 0.000000
vt 0.882353 0.000000
vt 0.594427 0.000000
vt 0.597523 0.000000
vt 0.777090 0.000000
vt 0.780186 0.000000
vt 0.854489 0.000000
vt 0.473684 0.000000
vt 0.560372 0.000000
vt 0.284830 0.000000
vt 0.501548 0.000000
vt 0.089783 0.000000
vt 0.671827 0.000000
vt 0.674923 0.000000
vt 0.749226 0.000000
vt 0.863777 0.000000
vt 0.544892 0.000000
vt 0.479876 0.000000
vt 0.541796 0.000000
vt 0.538700 0.000000
vt 0.535604 0.000000
vt 0.504644 0.000000
vt 0.523220 0.000000
vt 0.869969 0.000000
vt 0.736842 0.000000
vt 0.739938 0.000000
vt 0.758514 0.000000
vt 0.857585 0.000000
vt 0.616099 0.000000
vt 0.619195 0.000000
vt 0.606811 0.000000
vt 0.520124 0.000000
vt 0.517028 0.000000
vt 0.058824 0.000000
vt 0.061920 0.000000
vt 0.052632 0.000000
vt 0.588235 0.000000
vt 0.591331 0.000000
vt 0.513932 0.000000
vt 0.086687 0.000000
vt 0.702786 0.000000
vt 0.888545 0.000000
vt 0.250774 0.000000
vt 0.761610 0.000000
vt 0.764706 0.000000
vt 0.278638 0.000000
vt 0.622291 0.000000
vt 0.625387 0.000000
vt 0.628483 0.000000
vt 0.631579 0.000000
vt 0.637771 0.000000
vt 0.080495 0.000000
vt 0.953560 0.000000
vt 0.956656 0.000000
vt 0.269350 0.000000
vt 0.266254 0.000000
vt 0.585139 0.000000
vt 0.263158 0.000000
vt 0.216718 0.000000
vt 0.219814 0.000000
vt 0.260062 0.000000
vt 0.613003 0.000000
vt 0.773994 0.000000
vt 0.801858 0.000000
vt 0.832817 0.000000
vt 0.000000 0.000000
vt 0.003096 0.000000
vt 0.965944 0.000000
vt 0.873065 0.000000
vt 0.733746 0.000000
vt 0.253870 0.000000
vt 0.256966 0.000000
vt 0.238390 0.000000
vt 0.241486 0.000000
vt 0.235294 0.000000
vt 0.232198 0.000000
vt 0.851393 0.000000
vt 0.789474 0.000000
vt 0.213622 0.000000
vt 0.210526 0.000000
vt 0.207430 0.000000
vt 0.204334 0.000000
vt 0.201238 0.000000
vt 0.198142 0.000000
vt 0.195046 0.000000
vt 0.191950 0.000000
vt 0.185759 0.000000
vt 0.182663 0.000000
vt 0.179567 0.000000
vt 0.176471 0.000000
vt 0.173375 0.000000
vt 0.170279 0.000000
vt 0.167183 0.000000
vt 0.164087 0.000000
vt 0.160991 0.000000
vt 0.108359 0.000000
vt 0.835913 0.000000
vt 0.157895 0.000000
vt 0.111455 0.000000
vt 0.049536 0.000000
vt 0.065015 0.000000
vt 0.647059 0.000000
vt 0.142415 0.000000
vt 0.130031 0.000000
vt 0.145511 0.000000
vt 0.148607 0.000000
vt 0.123839 0.000000
vt 0.126935 0.000000
vt 0.120743 0.000000
vt 0.117647 0.000000
vt 0.114551 0.000000
vt 0.151703 0.000000
vt 0.154799 0.000000
vt 0.105263 0.000000
vt 0.102167 0.000000
vt 0.650155 0.000000
vt 0.099071 0.000000
vt 0.653251 0.000000
vt 0.095975 0.000000
vt 0.656347 0.000000
vt 0.092879 0.000000
vt 0.659443 0.000000
vt 0.662539 0.000000
vt 0.665635 0.000000
vt 0.668731 0.000000
vt 0.609907 0.000000
vt 0.037152 0.000000
vt 0.678019 0.000000
vt 0.681115 0.000000
vt 0.684211 0.000000
vt 0.687307 0.000000
vt 0.690402 0.000000
vt 0.693498 0.000000
vt 0.786378 0.000000
vt 0.767802 0.000000
vt 0.770898 0.000000
vt 0.996904 0.000000
vt 1.000000 0.000000
vt 0.975232 0.000000
vt 0.820433 0.000000
vt 0.823529 0.000000
vt 0.804954 0.000000
vt 0.696594 0.000000
vt 0.972136 0.000000
vt 0.984520 0.000000
vt 0.987616 0.000000
vt 0.990712 0.000000
vt 0.826625 0.000000
vt 0.699690 0.000000
vt 0.012384 0.000000
vt 0.015480 0.000000
vt 0.962848 0.000000
vt 0.817337 0.000000
vt 0.808050 0.000000
vt 0.783282 0.000000
vt 0.811145 0.000000
vt 0.727554 0.000000
vt 0.730650 0.000000
vt 0.442724 0.000000
vt 0.814241 0.000000
vt 0.006192 0.000000
vt 0.009288 0.000000
vt 0.705882 0.000000
vt 0.938080 0.000000
vt 0.708978 0.000000
vt 0.866873 0.000000
vt 0.746130 0.000000
vt 0.743034 0.000000
vt 0.578947 0.000000
vt 0.040248 0.000000
vt 0.829721 0.000000
vt 0.712074 0.000000
vt 0.891641 0.000000
vt 0.928793 0.000000
vt 0.894737 0.000000
vt 0.897833 0.000000
vt 0.900929 0.000000
vt 0.904025 0.000000
vt 0.907121 0.000000
vt 0.910217 0.000000
vt 0.916409 0.000000
vt 0.913313 0.000000
vt 0.919505 0.000000
vt 0.922601 0.000000
vt 0.925697 0.000000
vt 0.950464 0.000000
vt 0.077399 0.000000
vt 0.941176 0.000000
vt 0.959752 0.000000
vt 0.582043 0.000000
vt 0.018576 0.000000
vt 0.969040 0.000000
vt 0.021672 0.000000
vt 0.071207 0.000000
vt 0.055728 0.000000
vt 0.024768 0.000000
vt 0.390093 0.000000
s 0
g Linea_L_corner_SVGMat
usemtl SVGMat
f 318/1/1 322/2/1 317/3/1
f 257/4/2 274/5/2 275/6/2
f 258/7/1 259/8/1 272/9/1
f 302/10/3 233/11/3 234/12/3
f 143/13/4 135/14/4 136/15/4
f 235/16/1 284/17/1 285/18/1
f 185/19/1 186/20/1 152/21/1
f 124/22/1 125/23/1 96/24/1
f 105/25/1 122/26/1 104/27/1
f 130/28/1 149/29/1 150/30/1
f 101/31/1 123/32/1 100/33/1
f 244/34/1 245/35/1 279/36/1
f 133/37/1 145/38/1 146/39/1
f 128/40/1 129/41/1 94/42/1
f 142/43/1 143/13/1 136/15/1
f 138/44/1 141/45/1 137/46/1
f 73/47/5 74/48/5 75/49/5
f 130/28/1 131/50/1 149/29/1
f 139/51/1 140/52/1 138/44/1
f 104/27/6 122/26/6 103/53/6
f 138/44/1 140/52/1 141/45/1
f 119/54/7 115/55/7 118/56/7
f 171/57/8 172/58/8 173/59/8
f 44/60/9 45/61/9 46/62/9
f 133/37/1 134/63/1 145/38/1
f 115/55/1 119/54/1 114/64/1
f 132/65/1 133/37/1 146/39/1
f 114/64/1 120/66/1 113/67/1
f 131/50/1 147/68/1 148/69/1
f 113/67/1 121/70/1 112/71/1
f 132/65/1 146/39/1 147/68/1
f 112/71/10 121/70/10 111/72/10
f 15/73/1 16/74/1 23/75/1
f 111/72/1 121/70/1 110/76/1
f 131/50/1 132/65/1 147/68/1
f 110/76/1 121/70/1 109/77/1
f 73/47/11 80/78/11 81/79/11
f 108/80/6 122/26/6 107/81/6
f 107/81/1 122/26/1 106/82/1
f 106/82/1 122/26/1 105/25/1
f 103/53/7 123/32/7 102/83/7
f 102/83/1 123/32/1 101/31/1
f 116/84/1 117/85/1 118/56/1
f 100/33/7 123/32/7 99/86/7
f 99/86/1 123/32/1 98/87/1
f 303/88/1 232/89/1 233/11/1
f 98/87/1 123/32/1 97/90/1
f 125/23/1 126/91/1 96/24/1
f 97/90/1 124/22/1 96/24/1
f 129/41/1 130/28/1 150/30/1
f 131/50/1 148/69/1 149/29/1
f 96/24/1 126/91/1 95/92/1
f 129/41/1 151/93/1 187/94/1
f 129/41/1 150/30/1 151/93/1
f 95/92/1 128/40/1 94/42/1
f 157/95/4 165/96/4 166/97/4
f 152/21/1 186/20/1 151/93/1
f 153/98/1 185/19/1 152/21/1
f 89/99/1 90/100/1 206/101/1
f 25/102/1 11/103/1 12/104/1
f 180/105/1 181/106/1 155/107/1
f 28/108/1 306/109/1 307/110/1
f 185/19/1 153/98/1 184/111/1
f 141/45/1 142/43/1 137/46/1
f 157/95/1 161/112/1 162/113/1
f 25/102/1 10/114/1 11/103/1
f 159/115/12 160/116/12 158/117/12
f 92/118/1 195/119/1 196/120/1
f 208/121/1 209/122/1 62/123/1
f 179/124/1 155/107/1 178/125/1
f 258/7/3 273/126/3 274/5/3
f 184/111/1 153/98/1 183/127/1
f 287/128/1 302/10/1 286/129/1
f 92/118/1 193/130/1 194/131/1
f 252/132/1 253/133/1 277/134/1
f 183/127/1 154/135/1 182/136/1
f 302/10/1 234/12/1 285/18/1
f 158/117/1 160/116/1 161/112/1
f 180/105/1 155/107/1 179/124/1
f 92/118/1 93/137/1 193/130/1
f 157/95/1 158/117/1 161/112/1
f 157/95/3 162/113/3 163/138/3
f 30/139/1 218/140/1 219/141/1
f 243/142/1 244/34/1 280/143/1
f 177/144/1 178/125/1 156/145/1
f 177/144/4 156/145/4 176/146/4
f 176/146/1 156/145/1 175/147/1
f 92/118/1 194/131/1 195/119/1
f 175/147/1 156/145/1 174/148/1
f 157/95/3 163/138/3 164/149/3
f 156/145/1 170/150/1 174/148/1
f 170/150/2 173/59/2 174/148/2
f 282/151/1 239/152/1 240/153/1
f 157/95/1 164/149/1 165/96/1
f 246/154/1 278/155/1 279/36/1
f 171/57/1 173/59/1 170/150/1
f 92/118/1 200/156/1 201/157/1
f 92/118/1 196/120/1 197/158/1
f 170/150/1 156/145/1 169/159/1
f 169/159/1 156/145/1 168/160/1
f 20/161/1 21/162/1 18/163/1
f 93/137/1 191/164/1 192/165/1
f 168/160/1 156/145/1 167/166/1
f 167/166/1 157/95/1 166/97/1
f 28/108/1 29/167/1 228/168/1
f 288/169/1 302/10/1 287/128/1
f 93/137/1 192/165/1 193/130/1
f 73/47/1 81/79/1 82/170/1
f 247/171/4 248/172/4 278/155/4
f 91/173/1 92/118/1 202/174/1
f 203/175/1 91/173/1 202/174/1
f 204/176/1 91/173/1 203/175/1
f 205/177/1 91/173/1 204/176/1
f 206/101/1 91/173/1 205/177/1
f 206/101/1 90/100/1 91/173/1
f 207/178/1 89/99/1 206/101/1
f 27/179/1 309/180/1 310/181/1
f 207/178/1 88/182/1 89/99/1
f 208/121/1 87/183/1 207/178/1
f 93/137/1 190/184/1 191/164/1
f 208/121/1 86/185/1 87/183/1
f 71/186/1 72/187/1 85/188/1
f 92/118/1 199/189/1 200/156/1
f 277/134/1 251/190/1 252/132/1
f 86/185/1 71/186/1 85/188/1
f 72/187/1 73/47/1 85/188/1
f 142/43/4 136/15/4 137/46/4
f 259/8/1 260/191/1 270/192/1
f 1/193/2 2/194/2 313/195/2
f 283/196/4 238/197/4 239/152/4
f 73/47/10 83/198/10 84/199/10
f 73/47/1 78/200/1 79/201/1
f 73/47/13 77/202/13 78/200/13
f 73/47/8 76/203/8 77/202/8
f 73/47/14 75/49/14 76/203/14
f 79/201/1 80/78/1 73/47/1
f 275/6/1 276/204/1 256/205/1
f 71/186/1 86/185/1 70/206/1
f 70/206/1 86/185/1 69/207/1
f 69/207/1 208/121/1 68/208/1
f 68/208/1 208/121/1 67/209/1
f 67/209/1 208/121/1 66/210/1
f 66/210/1 208/121/1 65/211/1
f 65/211/1 208/121/1 64/212/1
f 64/212/1 208/121/1 63/213/1
f 63/213/1 208/121/1 62/123/1
f 209/122/1 61/214/1 62/123/1
f 209/122/1 60/215/1 61/214/1
f 209/122/1 59/216/1 60/215/1
f 209/122/1 58/217/1 59/216/1
f 209/122/1 57/218/1 58/217/1
f 209/122/1 56/219/1 57/218/1
f 209/122/1 55/220/1 56/219/1
f 209/122/1 54/221/1 55/220/1
f 209/122/1 53/222/1 54/221/1
f 209/122/1 36/223/1 53/222/1
f 73/47/4 84/199/4 85/188/4
f 259/8/1 271/224/1 272/9/1
f 36/223/3 52/225/3 53/222/3
f 36/223/1 37/226/1 52/225/1
f 17/227/1 21/162/1 22/228/1
f 115/55/13 116/84/13 118/56/13
f 108/80/15 109/77/15 122/26/15
f 209/122/1 210/229/1 36/223/1
f 46/62/1 47/230/1 43/231/1
f 48/232/1 49/233/1 41/234/1
f 73/47/13 82/170/13 83/198/13
f 42/235/1 48/232/1 41/234/1
f 41/234/1 49/233/1 40/236/1
f 40/236/1 49/233/1 39/237/1
f 39/237/1 49/233/1 38/238/1
f 38/238/16 49/233/16 37/226/16
f 50/239/17 51/240/17 37/226/17
f 210/229/1 35/241/1 36/223/1
f 210/229/1 34/242/1 35/241/1
f 211/243/1 34/242/1 210/229/1
f 211/243/1 33/244/1 34/242/1
f 212/245/1 33/244/1 211/243/1
f 212/245/1 32/246/1 33/244/1
f 213/247/1 32/246/1 212/245/1
f 213/247/1 31/248/1 32/246/1
f 214/249/1 31/248/1 213/247/1
f 215/250/1 31/248/1 214/249/1
f 215/250/1 30/139/1 31/248/1
f 216/251/1 30/139/1 215/250/1
f 217/252/1 30/139/1 216/251/1
f 217/252/1 218/140/1 30/139/1
f 92/118/1 197/158/1 198/253/1
f 25/102/1 12/104/1 13/254/1
f 29/167/1 30/139/1 220/255/1
f 221/256/1 29/167/1 220/255/1
f 222/257/1 29/167/1 221/256/1
f 223/258/1 29/167/1 222/257/1
f 224/259/1 29/167/1 223/258/1
f 225/260/3 29/167/3 224/259/3
f 256/205/1 253/133/1 255/261/1
f 121/70/1 122/26/1 109/77/1
f 249/262/4 250/263/4 278/155/4
f 120/66/1 121/70/1 113/67/1
f 323/264/18 324/265/18 316/266/18
f 43/231/1 47/230/1 42/235/1
f 266/267/1 267/268/1 261/269/1
f 257/4/19 258/7/19 274/5/19
f 226/270/1 29/167/1 225/260/1
f 324/265/1 1/193/1 315/271/1
f 49/233/1 50/239/1 37/226/1
f 319/272/1 320/273/1 321/274/1
f 276/204/1 253/133/1 256/205/1
f 260/191/1 261/269/1 268/275/1
f 227/276/4 29/167/4 226/270/4
f 5/277/1 6/278/1 312/279/1
f 265/280/8 266/267/8 262/281/8
f 253/133/3 254/282/3 255/261/3
f 263/283/1 265/280/1 262/281/1
f 284/17/1 236/284/1 237/285/1
f 228/168/1 29/167/1 227/276/1
f 135/14/2 143/13/2 144/286/2
f 264/287/20 265/280/20 263/283/20
f 3/288/19 4/289/19 313/195/19
f 229/290/1 304/291/1 228/168/1
f 153/98/1 154/135/1 183/127/1
f 2/194/1 3/288/1 313/195/1
f 230/292/1 303/88/1 229/290/1
f 282/151/1 283/196/1 239/152/1
f 155/107/1 156/145/1 178/125/1
f 280/143/4 281/293/4 242/294/4
f 281/293/3 241/295/3 242/294/3
f 119/54/1 120/66/1 114/64/1
f 245/35/1 246/154/1 279/36/1
f 30/139/1 219/141/1 220/255/1
f 134/63/21 135/14/21 144/286/21
f 256/205/1 257/4/1 275/6/1
f 94/42/1 129/41/1 188/296/1
f 25/102/1 13/254/1 14/297/1
f 266/267/4 261/269/4 262/281/4
f 260/191/19 269/298/19 270/192/19
f 284/17/4 235/16/4 236/284/4
f 134/63/2 144/286/2 145/38/2
f 230/292/3 231/299/3 303/88/3
f 282/151/4 240/153/4 241/295/4
f 242/294/1 243/142/1 280/143/1
f 122/26/4 123/32/4 103/53/4
f 261/269/2 267/268/2 268/275/2
f 258/7/3 272/9/3 273/126/3
f 260/191/4 268/275/4 269/298/4
f 244/34/1 279/36/1 280/143/1
f 283/196/1 284/17/1 237/285/1
f 303/88/1 304/291/1 229/290/1
f 250/263/1 277/134/1 278/155/1
f 248/172/3 249/262/3 278/155/3
f 281/293/1 282/151/1 241/295/1
f 86/185/1 208/121/1 69/207/1
f 259/8/1 270/192/1 271/224/1
f 234/12/1 235/16/1 285/18/1
f 286/129/4 302/10/4 285/18/4
f 93/137/1 94/42/1 190/184/1
f 87/183/1 88/182/1 207/178/1
f 92/118/1 198/253/1 199/189/1
f 289/300/1 301/301/1 288/169/1
f 290/302/1 301/301/1 289/300/1
f 291/303/1 301/301/1 290/302/1
f 292/304/1 301/301/1 291/303/1
f 293/305/1 301/301/1 292/304/1
f 294/306/1 301/301/1 293/305/1
f 295/307/1 301/301/1 294/306/1
f 301/301/1 302/10/1 288/169/1
f 297/308/1 301/301/1 296/309/1
f 298/310/1 301/301/1 297/308/1
f 299/311/1 301/301/1 298/310/1
f 300/312/22 301/301/22 299/311/22
f 21/162/4 17/227/4 18/163/4
f 231/299/1 232/89/1 303/88/1
f 302/10/1 303/88/1 233/11/1
f 295/307/16 296/309/16 301/301/16
f 27/179/1 308/313/1 309/180/1
f 312/279/1 25/102/1 26/314/1
f 182/136/1 154/135/1 181/106/1
f 27/179/1 28/108/1 307/110/1
f 307/110/1 308/313/1 27/179/1
f 28/108/1 304/291/1 305/315/1
f 186/20/1 187/94/1 151/93/1
f 26/314/1 27/179/1 310/181/1
f 311/316/1 26/314/1 310/181/1
f 311/316/1 312/279/1 26/314/1
f 94/42/4 188/296/4 189/317/4
f 313/195/1 5/277/1 312/279/1
f 44/60/23 46/62/23 43/231/23
f 6/278/1 7/318/1 312/279/1
f 314/319/1 1/193/1 313/195/1
f 315/271/1 1/193/1 314/319/1
f 318/1/1 319/272/1 321/274/1
f 316/266/1 324/265/1 315/271/1
f 25/102/4 7/318/4 8/320/4
f 317/3/1 323/264/1 316/266/1
f 24/321/4 15/73/4 23/75/4
f 283/196/1 237/285/1 238/197/1
f 4/289/1 5/277/1 313/195/1
f 37/226/24 51/240/24 52/225/24
f 123/32/1 124/22/1 97/90/1
f 16/74/1 17/227/1 22/228/1
f 322/2/21 318/1/21 321/274/21
f 16/74/1 22/228/1 23/75/1
f 92/118/1 201/157/1 202/174/1
f 47/230/1 48/232/1 42/235/1
f 322/2/1 323/264/1 317/3/1
f 19/322/1 20/161/1 18/163/1
f 25/102/3 9/323/3 10/114/3
f 127/324/1 128/40/1 95/92/1
f 94/42/3 189/317/3 190/184/3
f 126/91/1 127/324/1 95/92/1
f 129/41/3 187/94/3 188/296/3
f 277/134/3 250/263/3 251/190/3
f 7/318/1 25/102/1 312/279/1
f 15/73/2 24/321/2 14/297/2
f 246/154/1 247/171/1 278/155/1
f 25/102/1 8/320/1 9/323/1
f 154/135/1 155/107/1 181/106/1
f 156/145/1 157/95/1 167/166/1
f 24/321/1 25/102/1 14/297/1
f 304/291/1 28/108/1 228/168/1
f 253/133/4 276/204/4 277/134/4
f 28/108/1 305/315/1 306/109/1
f 495/57/25 819/57/25 820/58/25 496/58/25
f 593/298/26 917/298/26 918/192/26 594/192/26
f 333/323/27 657/323/27 658/114/27 334/114/27
f 411/183/28 735/183/28 736/182/28 412/182/28
f 616/304/29 940/304/29 941/305/29 617/305/29
f 438/64/30 762/64/30 763/55/30 439/55/30
f 520/120/31 844/120/31 845/158/31 521/158/31
f 331/318/32 655/318/32 656/320/32 332/320/32
f 430/82/28 754/82/28 755/81/28 431/81/28
f 403/201/33 727/201/33 728/78/33 404/78/33
f 422/87/28 746/87/28 747/86/28 423/86/28
f 524/156/34 848/156/34 849/157/34 525/157/34
f 487/138/35 811/138/35 812/149/35 488/149/35
f 512/296/36 836/296/36 837/317/36 513/317/36
f 395/186/37 719/186/37 720/187/37 396/187/37
f 582/7/38 906/7/38 907/8/38 583/8/38
f 414/100/28 738/100/28 739/173/28 415/173/28
f 516/165/39 840/165/39 841/130/39 517/130/39
f 325/193/40 649/193/40 650/194/40 326/194/40
f 644/273/41 968/273/41 969/274/41 645/274/41
f 406/170/42 730/170/42 731/198/42 407/198/42
f 508/111/43 832/111/43 833/19/43 509/19/43
f 479/107/44 803/107/44 804/145/44 480/145/44
f 585/269/45 909/269/45 910/281/45 586/281/45
f 387/213/46 711/213/46 712/212/46 388/212/46
f 471/68/47 795/68/47 796/69/47 472/69/47
f 504/105/48 828/105/48 829/106/48 505/106/48
f 636/279/49 960/279/49 961/195/49 637/195/49
f 379/220/50 703/220/50 704/219/50 380/219/50
f 398/48/51 722/48/51 723/49/51 399/49/51
f 496/58/52 820/58/52 821/59/52 497/59/52
f 577/133/53 901/133/53 902/282/53 578/282/53
f 643/272/54 967/272/54 968/273/54 644/273/54
f 463/51/55 787/51/55 788/52/55 464/52/55
f 569/35/56 893/35/56 894/154/56 570/154/56
f 628/291/57 952/291/57 953/315/57 629/315/57
f 330/278/58 654/278/58 655/318/58 331/318/58
f 492/160/59 816/160/59 817/159/59 493/159/59
f 371/230/60 695/230/60 696/232/60 372/232/60
f 648/265/61 972/265/61 649/193/61 325/193/61
f 455/50/62 779/50/62 780/65/62 456/65/62
f 620/309/63 944/309/63 945/308/63 621/308/63
f 390/210/64 714/210/64 715/209/64 391/209/64
f 484/116/65 808/116/65 809/112/65 485/112/65
f 447/32/66 771/32/66 772/22/66 448/22/66
f 488/149/67 812/149/67 813/96/67 489/96/67
f 561/285/68 885/285/68 886/197/68 562/197/68
f 363/237/69 687/237/69 688/236/69 364/236/69
f 645/274/70 969/274/70 970/2/70 646/2/70
f 476/21/71 800/21/71 801/98/71 477/98/71
f 346/228/72 670/228/72 671/75/72 347/75/72
f 574/263/73 898/263/73 899/190/73 575/190/73
f 612/169/74 936/169/74 937/300/74 613/300/74
f 439/55/75 763/55/75 764/84/75 440/84/75
f 480/145/76 804/145/76 805/95/76 481/95/76
f 355/248/28 679/248/28 680/246/28 356/246/28
f 382/217/77 706/217/77 707/216/77 383/216/77
f 431/81/28 755/81/28 756/80/28 432/80/28
f 637/195/78 961/195/78 962/319/78 638/319/78
f 468/286/79 792/286/79 793/38/79 469/38/79
f 423/86/28 747/86/28 748/33/28 424/33/28
f 553/290/80 877/290/80 878/292/80 554/292/80
f 415/173/28 739/173/28 740/118/28 416/118/28
f 472/69/81 796/69/81 797/29/81 473/29/81
f 604/143/82 928/143/82 929/293/82 605/293/82
f 460/15/83 784/15/83 785/46/83 461/46/83
f 407/198/84 731/198/84 732/199/84 408/199/84
f 464/52/85 788/52/85 789/45/85 465/45/85
f 596/9/86 920/9/86 921/126/86 597/126/86
f 374/239/87 698/239/87 699/240/87 375/240/87
f 452/40/88 776/40/88 777/41/88 453/41/88
f 629/315/89 953/315/89 954/109/89 630/109/89
f 399/49/90 723/49/90 724/203/90 400/203/90
f 366/235/91 690/235/91 691/231/91 367/231/91
f 391/209/92 715/209/92 716/208/92 392/208/92
f 588/287/93 912/287/93 913/280/93 589/280/93
f 621/308/94 945/308/94 946/310/94 622/310/94
f 358/242/28 682/242/28 683/241/28 359/241/28
f 545/256/95 869/256/95 870/257/95 546/257/95
f 613/300/96 937/300/96 938/302/96 614/302/96
f 456/65/97 780/65/97 781/37/97 457/37/97
f 350/314/28 674/314/28 675/179/28 351/179/28
f 640/266/98 964/266/98 965/3/98 641/3/98
f 580/205/99 904/205/99 905/4/99 581/4/99
f 605/293/100 929/293/100 930/151/100 606/151/100
f 444/66/101 768/66/101 769/70/101 445/70/101
f 383/216/102 707/216/102 708/215/102 384/215/102
f 448/22/103 772/22/103 773/23/103 449/23/103
f 436/71/104 760/71/104 761/67/104 437/67/104
f 440/84/105 764/84/105 765/85/105 441/85/105
f 578/282/106 902/282/106 903/261/106 579/261/106
f 597/126/107 921/126/107 922/5/107 598/5/107
f 428/27/28 752/27/28 753/25/28 429/25/28
f 632/313/108 956/313/108 957/180/108 633/180/108
f 432/80/28 756/80/28 757/77/28 433/77/28
f 570/154/109 894/154/109 895/171/109 571/171/109
f 420/24/28 744/24/28 745/90/28 421/90/28
f 375/240/110 699/240/110 700/225/110 376/225/110
f 424/33/28 748/33/28 749/31/28 425/31/28
f 537/247/111 861/247/111 862/249/111 538/249/111
f 562/197/112 886/197/112 887/152/112 563/152/112
f 412/182/28 736/182/28 737/99/28 413/99/28
f 554/292/113 878/292/113 879/299/113 555/299/113
f 404/78/114 728/78/114 729/79/114 405/79/114
f 624/312/115 948/312/115 949/301/115 625/301/115
f 342/163/116 666/163/116 667/322/116 343/322/116
f 334/114/117 658/114/117 659/103/117 335/103/117
f 507/127/118 831/127/118 832/111/118 508/111/118
f 367/231/119 691/231/119 692/60/119 368/60/119
f 416/118/28 740/118/28 741/137/28 417/137/28
f 546/257/120 870/257/120 871/258/120 547/258/120
f 589/280/121 913/280/121 914/267/121 590/267/121
f 396/187/122 720/187/122 721/47/122 397/47/122
f 351/179/28 675/179/28 676/108/28 352/108/28
f 388/212/123 712/212/123 713/211/123 389/211/123
f 408/199/124 732/199/124 733/188/124 409/188/124
f 529/177/125 853/177/125 854/101/125 530/101/125
f 400/203/126 724/203/126 725/202/126 401/202/126
f 521/158/127 845/158/127 846/253/127 522/253/127
f 326/194/128 650/194/128 651/288/128 327/288/128
f 392/208/129 716/208/129 717/207/129 393/207/129
f 538/249/130 862/249/130 863/250/130 539/250/130
f 581/4/131 905/4/131 906/7/131 582/7/131
f 647/264/132 971/264/132 972/265/132 648/265/132
f 513/317/133 837/317/133 838/184/133 514/184/133
f 573/262/134 897/262/134 898/263/134 574/263/134
f 380/219/135 704/219/135 705/218/135 381/218/135
f 505/106/136 829/106/136 830/136/136 506/136/136
f 565/295/137 889/295/137 890/294/137 566/294/137
f 635/316/138 959/316/138 960/279/138 636/279/138
f 557/11/139 881/11/139 882/12/139 558/12/139
f 372/232/140 696/232/140 697/233/140 373/233/140
f 359/241/28 683/241/28 684/223/28 360/223/28
f 497/59/141 821/59/141 822/148/141 498/148/141
f 530/101/142 854/101/142 855/178/142 531/178/142
f 549/260/143 873/260/143 874/270/143 550/270/143
f 627/88/144 951/88/144 952/291/144 628/291/144
f 384/215/145 708/215/145 709/214/145 385/214/145
f 522/253/146 846/253/146 847/189/146 523/189/146
f 541/252/147 865/252/147 866/140/147 542/140/147
f 639/271/148 963/271/148 964/266/148 640/266/148
f 514/184/149 838/184/149 839/164/149 515/164/149
f 364/236/150 688/236/150 689/234/150 365/234/150
f 376/225/151 700/225/151 701/222/151 377/222/151
f 489/96/152 813/96/152 814/97/152 490/97/152
f 619/307/153 943/307/153 944/309/153 620/309/153
f 631/110/154 955/110/154 956/313/154 632/313/154
f 481/95/155 805/95/155 806/117/155 482/117/155
f 533/122/156 857/122/156 858/229/156 534/229/156
f 347/75/157 671/75/157 672/321/157 348/321/157
f 506/136/158 830/136/158 831/127/158 507/127/158
f 356/246/28 680/246/28 681/244/28 357/244/28
f 498/148/159 822/148/159 823/147/159 499/147/159
f 611/128/160 935/128/160 936/169/160 612/169/160
f 608/17/161 932/17/161 933/18/161 609/18/161
f 490/97/162 814/97/162 815/166/162 491/166/162
f 348/321/163 672/321/163 673/102/163 349/102/163
f 473/29/81 797/29/81 798/30/81 474/30/81
f 482/117/164 806/117/164 807/115/164 483/115/164
f 525/157/165 849/157/165 850/174/165 526/174/165
f 603/36/166 927/36/166 928/143/166 604/143/166
f 340/74/167 664/74/167 665/227/167 341/227/167
f 465/45/168 789/45/168 790/43/168 466/43/168
f 517/130/169 841/130/169 842/131/169 518/131/169
f 595/224/170 919/224/170 920/9/170 596/9/170
f 368/60/171 692/60/171 693/61/171 369/61/171
f 474/30/47 798/30/47 799/93/47 475/93/47
f 509/19/172 833/19/172 834/20/172 510/20/172
f 623/311/173 947/311/173 948/312/173 624/312/173
f 501/144/174 825/144/174 826/125/174 502/125/174
f 332/320/175 656/320/175 657/323/175 333/323/175
f 600/204/176 924/204/176 925/134/176 601/134/176
f 457/37/177 781/37/177 782/63/177 458/63/177
f 587/283/178 911/283/178 912/287/178 588/287/178
f 343/322/179 667/322/179 668/161/179 344/161/179
f 360/223/28 684/223/28 685/226/28 361/226/28
f 449/23/180 773/23/180 774/91/180 450/91/180
f 615/303/181 939/303/181 940/304/181 616/304/181
f 441/85/182 765/85/182 766/56/182 442/56/182
f 466/43/183 790/43/183 791/13/183 467/13/183
f 433/77/184 757/77/184 758/76/184 434/76/184
f 592/275/185 916/275/185 917/298/185 593/298/185
f 352/108/28 676/108/28 677/167/28 353/167/28
f 425/31/28 749/31/28 750/83/28 426/83/28
f 493/159/186 817/159/186 818/150/186 494/150/186
f 571/171/187 895/171/187 896/172/187 572/172/187
f 335/103/188 659/103/188 660/104/188 336/104/188
f 607/196/189 931/196/189 932/17/189 608/17/189
f 417/137/28 741/137/28 742/42/28 418/42/28
f 563/152/190 887/152/190 888/153/190 564/153/190
f 344/161/191 668/161/191 669/162/191 345/162/191
f 485/112/192 809/112/192 810/113/192 486/113/192
f 555/299/193 879/299/193 880/89/193 556/89/193
f 599/6/194 923/6/194 924/204/194 600/204/194
f 409/188/28 733/188/28 734/185/28 410/185/28
f 458/63/195 782/63/195 783/14/195 459/14/195
f 477/98/196 801/98/196 802/135/196 478/135/196
f 584/191/197 908/191/197 909/269/197 585/269/197
f 401/202/198 725/202/198 726/200/198 402/200/198
f 450/91/199 774/91/199 775/324/199 451/324/199
f 469/38/200 793/38/200 794/39/200 470/39/200
f 547/258/201 871/258/201 872/259/201 548/259/201
f 327/288/202 651/288/202 652/289/202 328/289/202
f 336/104/203 660/104/203 661/254/203 337/254/203
f 442/56/204 766/56/204 767/54/204 443/54/204
f 591/268/205 915/268/205 916/275/205 592/275/205
f 393/207/206 717/207/206 718/206/206 394/206/206
f 539/250/207 863/250/207 864/251/207 540/251/207
f 434/76/208 758/76/208 759/72/208 435/72/208
f 461/46/209 785/46/209 786/44/209 462/44/209
f 642/1/210 966/1/210 967/272/210 643/272/210
f 426/83/28 750/83/28 751/53/28 427/53/28
f 328/289/211 652/289/211 653/277/211 329/277/211
f 385/214/212 709/214/212 710/123/212 386/123/212
f 566/294/213 890/294/213 891/142/213 567/142/213
f 583/8/214 907/8/214 908/191/214 584/191/214
f 418/42/28 742/42/28 743/92/28 419/92/28
f 453/41/215 777/41/215 778/28/215 454/28/215
f 558/12/216 882/12/216 883/16/216 559/16/216
f 445/70/217 769/70/217 770/26/217 446/26/217
f 550/270/218 874/270/218 875/276/218 551/276/218
f 634/181/219 958/181/219 959/316/219 635/316/219
f 437/67/220 761/67/220 762/64/220 438/64/220
f 531/178/221 855/178/221 856/121/221 532/121/221
f 542/140/222 866/140/222 867/141/222 543/141/222
f 575/190/223 899/190/223 900/132/223 576/132/223
f 377/222/224 701/222/224 702/221/224 378/221/224
f 410/185/28 734/185/28 735/183/28 411/183/28
f 429/25/28 753/25/28 754/82/28 430/82/28
f 534/229/111 858/229/111 859/243/111 535/243/111
f 579/261/225 903/261/225 904/205/225 580/205/225
f 402/200/226 726/200/226 727/201/226 403/201/226
f 523/189/227 847/189/227 848/156/227 524/156/227
f 559/16/228 883/16/228 884/284/228 560/284/228
f 394/206/229 718/206/229 719/186/229 395/186/229
f 421/90/28 745/90/28 746/87/28 422/87/28
f 515/164/230 839/164/230 840/165/230 516/165/230
f 551/276/231 875/276/231 876/168/231 552/168/231
f 626/10/232 950/10/232 951/88/232 627/88/232
f 413/99/28 737/99/28 738/100/28 414/100/28
f 339/73/233 663/73/233 664/74/233 340/74/233
f 369/61/234 693/61/234 694/62/234 370/62/234
f 405/79/235 729/79/235 730/170/235 406/170/235
f 564/153/236 888/153/236 889/295/236 565/295/236
f 386/123/237 710/123/237 711/213/237 387/213/237
f 526/174/238 850/174/238 851/175/238 527/175/238
f 543/141/239 867/141/239 868/255/239 544/255/239
f 618/306/240 942/306/240 943/307/240 619/307/240
f 641/3/241 965/3/241 966/1/241 642/1/241
f 397/47/242 721/47/242 722/48/242 398/48/242
f 535/243/161 859/243/161 860/245/161 536/245/161
f 361/226/243 685/226/243 686/238/243 362/238/243
f 646/2/244 970/2/244 971/264/244 647/264/244
f 518/131/245 842/131/245 843/119/245 519/119/245
f 610/129/47 934/129/47 935/128/47 611/128/47
f 389/211/246 713/211/246 714/210/246 390/210/246
f 353/167/28 677/167/28 678/139/28 354/139/28
f 378/221/247 702/221/247 703/220/247 379/220/247
f 510/20/248 834/20/248 835/94/248 511/94/248
f 602/155/249 926/155/249 927/36/249 603/36/249
f 633/180/250 957/180/250 958/181/250 634/181/250
f 499/147/251 823/147/251 824/146/251 500/146/251
f 345/162/252 669/162/252 670/228/252 346/228/252
f 638/319/253 962/319/253 963/271/253 639/271/253
f 491/166/254 815/166/254 816/160/254 492/160/254
f 502/125/255 826/125/255 827/124/255 503/124/255
f 527/175/256 851/175/256 852/176/256 528/176/256
f 594/192/257 918/192/257 919/224/257 595/224/257
f 370/62/258 694/62/258 695/230/258 371/230/258
f 381/218/259 705/218/259 706/217/259 382/217/259
f 483/115/260 807/115/260 808/116/260 484/116/260
f 338/297/261 662/297/261 663/73/261 339/73/261
f 337/254/262 661/254/262 662/297/262 338/297/262
f 625/301/263 949/301/263 950/10/263 626/10/263
f 475/93/264 799/93/264 800/21/264 476/21/264
f 362/238/265 686/238/265 687/237/265 363/237/265
f 617/305/266 941/305/266 942/306/266 618/306/266
f 586/281/267 910/281/267 911/283/267 587/283/267
f 329/277/268 653/277/268 654/278/268 330/278/268
f 494/150/269 818/150/269 819/57/269 495/57/269
f 630/109/270 954/109/270 955/110/270 631/110/270
f 354/139/28 678/139/28 679/248/28 355/248/28
f 373/233/271 697/233/271 698/239/271 374/239/271
f 486/113/272 810/113/272 811/138/272 487/138/272
f 572/172/273 896/172/273 897/262/273 573/262/273
f 609/18/274 933/18/274 934/129/274 610/129/274
f 622/310/275 946/310/275 947/311/275 623/311/275
f 467/13/276 791/13/276 792/286/276 468/286/276
f 478/135/277 802/135/277 803/107/277 479/107/277
f 567/142/278 891/142/278 892/34/278 568/34/278
f 519/119/279 843/119/279 844/120/279 520/120/279
f 576/132/280 900/132/280 901/133/280 577/133/280
f 365/234/281 689/234/281 690/235/281 366/235/281
f 459/14/282 783/14/282 784/15/282 460/15/282
f 470/39/264 794/39/264 795/68/264 471/68/264
f 568/34/283 892/34/283 893/35/283 569/35/283
f 556/89/284 880/89/284 881/11/284 557/11/284
f 500/146/285 824/146/285 825/144/285 501/144/285
f 601/134/286 925/134/286 926/155/286 602/155/286
f 614/302/287 938/302/287 939/303/287 615/303/287
f 560/284/288 884/284/288 885/285/288 561/285/288
f 357/244/28 681/244/28 682/242/28 358/242/28
f 548/259/289 872/259/289 873/260/289 549/260/289
f 552/168/290 876/168/290 877/290/290 553/290/290
f 606/151/291 930/151/291 931/196/291 607/196/291
f 451/324/292 775/324/292 776/40/292 452/40/292
f 540/251/293 864/251/293 865/252/293 541/252/293
f 544/255/294 868/255/294 869/256/294 545/256/294
f 349/102/28 673/102/28 674/314/28 350/314/28
f 462/44/295 786/44/295 787/51/295 463/51/295
f 536/245/111 860/245/111 861/247/111 537/247/111
f 598/5/296 922/5/296 923/6/296 599/6/296
f 443/54/297 767/54/297 768/66/297 444/66/297
f 341/227/298 665/227/298 666/163/298 342/163/298
f 435/72/299 759/72/299 760/71/299 436/71/299
f 454/28/300 778/28/300 779/50/300 455/50/300
f 511/94/301 835/94/301 836/296/301 512/296/301
f 427/53/28 751/53/28 752/27/28 428/27/28
f 446/26/302 770/26/302 771/32/302 447/32/302
f 532/121/303 856/121/303 857/122/303 533/122/303
f 503/124/304 827/124/304 828/105/304 504/105/304
f 528/176/305 852/176/305 853/177/305 529/177/305
f 54/221/306 378/221/306 379/220/306 55/220/306
f 29/167/28 353/167/28 354/139/28 30/139/28
f 65/211/307 389/211/307 390/210/307 66/210/307
f 286/129/47 610/129/47 611/128/47 287/128/47
f 194/131/308 518/131/308 519/119/308 195/119/308
f 322/2/244 646/2/244 647/264/244 323/264/244
f 37/226/309 361/226/309 362/238/309 38/238/309
f 211/243/111 535/243/111 536/245/111 212/245/111
f 73/47/310 397/47/310 398/48/310 74/48/310
f 317/3/311 641/3/311 642/1/311 318/1/311
f 294/306/312 618/306/312 619/307/312 295/307/312
f 219/141/313 543/141/313 544/255/313 220/255/313
f 202/174/314 526/174/314 527/175/314 203/175/314
f 62/123/315 386/123/315 387/213/315 63/213/315
f 240/153/236 564/153/236 565/295/236 241/295/236
f 81/79/316 405/79/316 406/170/316 82/170/316
f 45/61/317 369/61/317 370/62/317 46/62/317
f 15/73/318 339/73/318 340/74/318 16/74/318
f 89/99/28 413/99/28 414/100/28 90/100/28
f 302/10/319 626/10/319 627/88/319 303/88/319
f 227/276/231 551/276/231 552/168/231 228/168/231
f 191/164/230 515/164/230 516/165/230 192/165/230
f 97/90/28 421/90/28 422/87/28 98/87/28
f 70/206/320 394/206/320 395/186/320 71/186/320
f 235/16/321 559/16/321 560/284/321 236/284/321
f 199/189/322 523/189/322 524/156/322 200/156/322
f 78/200/323 402/200/323 403/201/323 79/201/323
f 255/261/225 579/261/225 580/205/225 256/205/225
f 210/229/111 534/229/111 535/243/111 211/243/111
f 105/25/28 429/25/28 430/82/28 106/82/28
f 86/185/28 410/185/28 411/183/28 87/183/28
f 53/222/324 377/222/324 378/221/324 54/221/324
f 251/190/223 575/190/223 576/132/223 252/132/223
f 218/140/325 542/140/325 543/141/325 219/141/325
f 207/178/221 531/178/221 532/121/221 208/121/221
f 113/67/326 437/67/326 438/64/326 114/64/326
f 310/181/219 634/181/219 635/316/219 311/316/219
f 226/270/327 550/270/327 551/276/327 227/276/327
f 121/70/217 445/70/217 446/26/217 122/26/217
f 234/12/216 558/12/216 559/16/216 235/16/216
f 129/41/215 453/41/215 454/28/215 130/28/215
f 94/42/28 418/42/28 419/92/28 95/92/28
f 259/8/214 583/8/214 584/191/214 260/191/214
f 242/294/213 566/294/213 567/142/213 243/142/213
f 61/214/328 385/214/328 386/123/328 62/123/328
f 4/289/211 328/289/211 329/277/211 5/277/211
f 102/83/28 426/83/28 427/53/28 103/53/28
f 318/1/329 642/1/329 643/272/329 319/272/329
f 137/46/209 461/46/209 462/44/209 138/44/209
f 110/76/330 434/76/330 435/72/330 111/72/330
f 215/250/207 539/250/207 540/251/207 216/251/207
f 69/207/331 393/207/331 394/206/331 70/206/331
f 267/268/332 591/268/332 592/275/332 268/275/332
f 118/56/333 442/56/333 443/54/333 119/54/333
f 12/104/203 336/104/203 337/254/203 13/254/203
f 3/288/202 327/288/202 328/289/202 4/289/202
f 223/258/201 547/258/201 548/259/201 224/259/201
f 145/38/71 469/38/71 470/39/71 146/39/71
f 126/91/199 450/91/199 451/324/199 127/324/199
f 77/202/334 401/202/334 402/200/334 78/200/334
f 260/191/335 584/191/335 585/269/335 261/269/335
f 153/98/196 477/98/196 478/135/196 154/135/196
f 134/63/195 458/63/195 459/14/195 135/14/195
f 85/188/28 409/188/28 410/185/28 86/185/28
f 275/6/336 599/6/336 600/204/336 276/204/336
f 231/299/193 555/299/193 556/89/193 232/89/193
f 161/112/337 485/112/337 486/113/337 162/113/337
f 20/161/338 344/161/338 345/162/338 21/162/338
f 239/152/339 563/152/339 564/153/339 240/153/339
f 93/137/28 417/137/28 418/42/28 94/42/28
f 283/196/340 607/196/340 608/17/340 284/17/340
f 11/103/188 335/103/188 336/104/188 12/104/188
f 247/171/187 571/171/187 572/172/187 248/172/187
f 169/159/341 493/159/341 494/150/341 170/150/341
f 101/31/28 425/31/28 426/83/28 102/83/28
f 28/108/28 352/108/28 353/167/28 29/167/28
f 268/275/342 592/275/342 593/298/342 269/298/342
f 109/77/343 433/77/343 434/76/343 110/76/343
f 142/43/344 466/43/344 467/13/344 143/13/344
f 117/85/345 441/85/345 442/56/345 118/56/345
f 291/303/181 615/303/181 616/304/181 292/304/181
f 125/23/180 449/23/180 450/91/180 126/91/180
f 36/223/28 360/223/28 361/226/28 37/226/28
f 19/322/346 343/322/346 344/161/346 20/161/346
f 263/283/347 587/283/347 588/287/347 264/287/347
f 133/37/177 457/37/177 458/63/177 134/63/177
f 276/204/348 600/204/348 601/134/348 277/134/348
f 8/320/175 332/320/175 333/323/175 9/323/175
f 177/144/349 501/144/349 502/125/349 178/125/349
f 299/311/350 623/311/350 624/312/350 300/312/350
f 185/19/172 509/19/172 510/20/172 186/20/172
f 150/30/47 474/30/47 475/93/47 151/93/47
f 44/60/351 368/60/351 369/61/351 45/61/351
f 271/224/352 595/224/352 596/9/352 272/9/352
f 193/130/353 517/130/353 518/131/353 194/131/353
f 141/45/354 465/45/354 466/43/354 142/43/354
f 16/74/167 340/74/167 341/227/167 17/227/167
f 279/36/166 603/36/166 604/143/166 280/143/166
f 201/157/355 525/157/355 526/174/355 202/174/355
f 158/117/356 482/117/356 483/115/356 159/115/356
f 149/29/81 473/29/81 474/30/81 150/30/81
f 24/321/357 348/321/357 349/102/357 25/102/357
f 166/97/162 490/97/162 491/166/162 167/166/162
f 284/17/161 608/17/161 609/18/161 285/18/161
f 287/128/358 611/128/358 612/169/358 288/169/358
f 174/148/359 498/148/359 499/147/359 175/147/359
f 32/246/28 356/246/28 357/244/28 33/244/28
f 182/136/158 506/136/158 507/127/158 183/127/158
f 23/75/157 347/75/157 348/321/157 24/321/157
f 209/122/156 533/122/156 534/229/156 210/229/156
f 157/95/360 481/95/360 482/117/360 158/117/360
f 307/110/154 631/110/154 632/313/154 308/313/154
f 295/307/361 619/307/361 620/309/361 296/309/361
f 165/96/362 489/96/362 490/97/362 166/97/362
f 52/225/363 376/225/363 377/222/363 53/222/363
f 40/236/364 364/236/364 365/234/364 41/234/364
f 190/184/365 514/184/365 515/164/365 191/164/365
f 315/271/366 639/271/366 640/266/366 316/266/366
f 217/252/147 541/252/147 542/140/147 218/140/147
f 198/253/367 522/253/367 523/189/367 199/189/367
f 60/215/368 384/215/368 385/214/368 61/214/368
f 303/88/144 627/88/144 628/291/144 304/291/144
f 225/260/143 549/260/143 550/270/143 226/270/143
f 206/101/189 530/101/189 531/178/189 207/178/189
f 173/59/369 497/59/369 498/148/369 174/148/369
f 35/241/28 359/241/28 360/223/28 36/223/28
f 48/232/370 372/232/370 373/233/370 49/233/370
f 233/11/139 557/11/139 558/12/139 234/12/139
f 311/316/371 635/316/371 636/279/371 312/279/371
f 241/295/137 565/295/137 566/294/137 242/294/137
f 181/106/372 505/106/372 506/136/372 182/136/372
f 56/219/135 380/219/135 381/218/135 57/218/135
f 249/262/373 573/262/373 574/263/373 250/263/373
f 189/317/374 513/317/374 514/184/374 190/184/374
f 323/264/132 647/264/132 648/265/132 324/265/132
f 257/4/131 581/4/131 582/7/131 258/7/131
f 214/249/130 538/249/130 539/250/130 215/250/130
f 68/208/375 392/208/375 393/207/375 69/207/375
f 2/194/128 326/194/128 327/288/128 3/288/128
f 197/158/376 521/158/376 522/253/376 198/253/376
f 76/203/377 400/203/377 401/202/377 77/202/377
f 205/177/125 529/177/125 530/101/125 206/101/125
f 84/199/378 408/199/378 409/188/378 85/188/378
f 64/212/379 388/212/379 389/211/379 65/211/379
f 27/179/28 351/179/28 352/108/28 28/108/28
f 72/187/380 396/187/380 397/47/380 73/47/380
f 265/280/121 589/280/121 590/267/121 266/267/121
f 222/257/381 546/257/381 547/258/381 223/258/381
f 92/118/28 416/118/28 417/137/28 93/137/28
f 43/231/382 367/231/382 368/60/382 44/60/382
f 183/127/118 507/127/118 508/111/118 184/111/118
f 10/114/117 334/114/117 335/103/117 11/103/117
f 18/163/383 342/163/383 343/322/383 19/322/383
f 300/312/384 624/312/384 625/301/384 301/301/384
f 80/78/385 404/78/385 405/79/385 81/79/385
f 230/292/113 554/292/113 555/299/113 231/299/113
f 88/182/28 412/182/28 413/99/28 89/99/28
f 238/197/112 562/197/112 563/152/112 239/152/112
f 213/247/111 537/247/111 538/249/111 214/249/111
f 100/33/28 424/33/28 425/31/28 101/31/28
f 51/240/386 375/240/386 376/225/386 52/225/386
f 96/24/28 420/24/28 421/90/28 97/90/28
f 246/154/387 570/154/387 571/171/387 247/171/387
f 108/80/28 432/80/28 433/77/28 109/77/28
f 308/313/108 632/313/108 633/180/108 309/180/108
f 104/27/28 428/27/28 429/25/28 105/25/28
f 273/126/388 597/126/388 598/5/388 274/5/388
f 254/282/106 578/282/106 579/261/106 255/261/106
f 116/84/389 440/84/389 441/85/389 117/85/389
f 112/71/390 436/71/390 437/67/390 113/67/390
f 124/22/103 448/22/103 449/23/103 125/23/103
f 59/216/391 383/216/391 384/215/391 60/215/391
f 120/66/101 444/66/101 445/70/101 121/70/101
f 281/293/100 605/293/100 606/151/100 282/151/100
f 256/205/99 580/205/99 581/4/99 257/4/99
f 316/266/392 640/266/392 641/3/392 317/3/392
f 26/314/28 350/314/28 351/179/28 27/179/28
f 132/65/97 456/65/97 457/37/97 133/37/97
f 289/300/393 613/300/393 614/302/393 290/302/393
f 221/256/394 545/256/394 546/257/394 222/257/394
f 34/242/28 358/242/28 359/241/28 35/241/28
f 297/308/395 621/308/395 622/310/395 298/310/395
f 264/287/396 588/287/396 589/280/396 265/280/396
f 67/209/397 391/209/397 392/208/397 68/208/397
f 42/235/398 366/235/398 367/231/398 43/231/398
f 75/49/399 399/49/399 400/203/399 76/203/399
f 305/315/89 629/315/89 630/109/89 306/109/89
f 128/40/88 452/40/88 453/41/88 129/41/88
f 50/239/400 374/239/400 375/240/400 51/240/400
f 272/9/401 596/9/401 597/126/401 273/126/401
f 140/52/402 464/52/402 465/45/402 141/45/402
f 83/198/403 407/198/403 408/199/403 84/199/403
f 136/15/404 460/15/404 461/46/404 137/46/404
f 280/143/82 604/143/82 605/293/82 281/293/82
f 148/69/81 472/69/81 473/29/81 149/29/81
f 91/173/28 415/173/28 416/118/28 92/118/28
f 229/290/405 553/290/405 554/292/405 230/292/405
f 99/86/28 423/86/28 424/33/28 100/33/28
f 144/286/406 468/286/406 469/38/406 145/38/406
f 313/195/407 637/195/407 638/319/407 314/319/407
f 107/81/28 431/81/28 432/80/28 108/80/28
f 58/217/77 382/217/77 383/216/77 59/216/77
f 31/248/28 355/248/28 356/246/28 32/246/28
f 156/145/76 480/145/76 481/95/76 157/95/76
f 115/55/408 439/55/408 440/84/408 116/84/408
f 288/169/74 612/169/74 613/300/74 289/300/74
f 250/263/409 574/263/409 575/190/409 251/190/409
f 22/228/410 346/228/410 347/75/410 23/75/410
f 152/21/71 476/21/71 477/98/71 153/98/71
f 321/274/70 645/274/70 646/2/70 322/2/70
f 39/237/411 363/237/411 364/236/411 40/236/411
f 237/285/68 561/285/68 562/197/68 238/197/68
f 164/149/67 488/149/67 489/96/67 165/96/67
f 123/32/66 447/32/66 448/22/66 124/22/66
f 160/116/412 484/116/412 485/112/412 161/112/412
f 66/210/413 390/210/413 391/209/413 67/209/413
f 296/309/414 620/309/414 621/308/414 297/308/414
f 131/50/62 455/50/62 456/65/62 132/65/62
f 324/265/61 648/265/61 325/193/61 1/193/61
f 47/230/415 371/230/415 372/232/415 48/232/415
f 168/160/59 492/160/59 493/159/59 169/159/59
f 6/278/58 330/278/58 331/318/58 7/318/58
f 304/291/57 628/291/57 629/315/57 305/315/57
f 245/35/416 569/35/416 570/154/416 246/154/416
f 139/51/417 463/51/417 464/52/417 140/52/417
f 319/272/418 643/272/418 644/273/418 320/273/418
f 253/133/419 577/133/419 578/282/419 254/282/419
f 172/58/420 496/58/420 497/59/420 173/59/420
f 74/48/421 398/48/421 399/49/421 75/49/421
f 55/220/422 379/220/422 380/219/422 56/219/422
f 312/279/49 636/279/49 637/195/49 313/195/49
f 180/105/48 504/105/48 505/106/48 181/106/48
f 147/68/47 471/68/47 472/69/47 148/69/47
f 63/213/423 387/213/423 388/212/423 64/212/423
f 261/269/424 585/269/424 586/281/424 262/281/424
f 155/107/44 479/107/44 480/145/44 156/145/44
f 184/111/43 508/111/43 509/19/43 185/19/43
f 82/170/425 406/170/425 407/198/425 83/198/425
f 320/273/41 644/273/41 645/274/41 321/274/41
f 1/193/40 325/193/40 326/194/40 2/194/40
f 192/165/39 516/165/39 517/130/39 193/130/39
f 90/100/28 414/100/28 415/173/28 91/173/28
f 258/7/426 582/7/426 583/8/426 259/8/426
f 71/186/427 395/186/427 396/187/427 72/187/427
f 188/296/428 512/296/428 513/317/428 189/317/428
f 163/138/429 487/138/429 488/149/429 164/149/429
f 200/156/430 524/156/430 525/157/430 201/157/430
f 98/87/28 422/87/28 423/86/28 99/86/28
f 79/201/431 403/201/431 404/78/431 80/78/431
f 106/82/28 430/82/28 431/81/28 107/81/28
f 7/318/32 331/318/32 332/320/32 8/320/32
f 196/120/432 520/120/432 521/158/432 197/158/432
f 114/64/433 438/64/433 439/55/433 115/55/433
f 292/304/434 616/304/434 617/305/434 293/305/434
f 87/183/28 411/183/28 412/182/28 88/182/28
f 9/323/27 333/323/27 334/114/27 10/114/27
f 269/298/435 593/298/435 594/192/435 270/192/435
f 171/57/436 495/57/436 496/58/436 172/58/436
f 95/92/28 419/92/28 420/24/28 96/24/28
f 266/267/437 590/267/437 591/268/437 267/268/437
f 204/176/305 528/176/305 529/177/305 205/177/305
f 179/124/304 503/124/304 504/105/304 180/105/304
f 208/121/303 532/121/303 533/122/303 209/122/303
f 122/26/302 446/26/302 447/32/302 123/32/302
f 103/53/28 427/53/28 428/27/28 104/27/28
f 187/94/438 511/94/438 512/296/438 188/296/438
f 130/28/300 454/28/300 455/50/300 131/50/300
f 111/72/439 435/72/439 436/71/439 112/71/439
f 17/227/298 341/227/298 342/163/298 18/163/298
f 119/54/440 443/54/440 444/66/440 120/66/440
f 274/5/441 598/5/441 599/6/441 275/6/441
f 212/245/111 536/245/111 537/247/111 213/247/111
f 138/44/295 462/44/295 463/51/295 139/51/295
f 25/102/28 349/102/28 350/314/28 26/314/28
f 220/255/442 544/255/442 545/256/442 221/256/442
f 216/251/293 540/251/293 541/252/293 217/252/293
f 127/324/292 451/324/292 452/40/292 128/40/292
f 282/151/293 606/151/293 607/196/293 283/196/293
f 228/168/290 552/168/290 553/290/290 229/290/290
f 224/259/443 548/259/443 549/260/443 225/260/443
f 33/244/28 357/244/28 358/242/28 34/242/28
f 236/284/288 560/284/288 561/285/288 237/285/288
f 290/302/444 614/302/444 615/303/444 291/303/444
f 277/134/286 601/134/286 602/155/286 278/155/286
f 176/146/445 500/146/445 501/144/445 177/144/445
f 232/89/446 556/89/446 557/11/446 233/11/446
f 244/34/447 568/34/447 569/35/447 245/35/447
f 146/39/264 470/39/264 471/68/264 147/68/264
f 135/14/448 459/14/448 460/15/448 136/15/448
f 41/234/449 365/234/449 366/235/449 42/235/449
f 252/132/280 576/132/280 577/133/280 253/133/280
f 195/119/450 519/119/450 520/120/450 196/120/450
f 243/142/278 567/142/278 568/34/278 244/34/278
f 154/135/277 478/135/277 479/107/277 155/107/277
f 143/13/451 467/13/451 468/286/451 144/286/451
f 298/310/452 622/310/452 623/311/452 299/311/452
f 285/18/274 609/18/274 610/129/274 286/129/274
f 248/172/453 572/172/453 573/262/453 249/262/453
f 162/113/272 486/113/272 487/138/272 163/138/272
f 49/233/454 373/233/454 374/239/454 50/239/454
f 30/139/28 354/139/28 355/248/28 31/248/28
f 306/109/455 630/109/455 631/110/455 307/110/455
f 170/150/456 494/150/456 495/57/456 171/57/456
f 5/277/268 329/277/268 330/278/268 6/278/268
f 262/281/267 586/281/267 587/283/267 263/283/267
f 293/305/457 617/305/457 618/306/457 294/306/457
f 38/238/458 362/238/458 363/237/458 39/237/458
f 151/93/264 475/93/264 476/21/264 152/21/264
f 301/301/263 625/301/263 626/10/263 302/10/263
f 13/254/262 337/254/262 338/297/262 14/297/262
f 14/297/261 338/297/261 339/73/261 15/73/261
f 159/115/459 483/115/459 484/116/459 160/116/459
f 57/218/259 381/218/259 382/217/259 58/217/259
f 46/62/460 370/62/460 371/230/460 47/230/460
f 270/192/461 594/192/461 595/224/461 271/224/461
f 203/175/256 527/175/256 528/176/256 204/176/256
f 178/125/462 502/125/462 503/124/462 179/124/462
f 167/166/254 491/166/254 492/160/254 168/160/254
f 314/319/463 638/319/463 639/271/463 315/271/463
f 21/162/464 345/162/464 346/228/464 22/228/464
f 175/147/251 499/147/251 500/146/251 176/146/251
f 309/180/465 633/180/465 634/181/465 310/181/465
f 278/155/466 602/155/466 603/36/466 279/36/466
f 186/20/248 510/20/248 511/94/248 187/94/248
f 968/273/467 1292/273/467 1293/274/467 969/274/467
f 730/170/468 1054/170/468 1055/198/468 731/198/468
f 832/111/469 1156/111/469 1157/19/469 833/19/469
f 803/107/470 1127/107/470 1128/145/470 804/145/470
f 909/269/471 1233/269/471 1234/281/471 910/281/471
f 711/213/472 1035/213/472 1036/212/472 712/212/472
f 795/68/473 1119/68/473 1120/69/473 796/69/473
f 828/105/474 1152/105/474 1153/106/474 829/106/474
f 960/279/475 1284/279/475 1285/195/475 961/195/475
f 703/220/476 1027/220/476 1028/219/476 704/219/476
f 722/48/477 1046/48/477 1047/49/477 723/49/477
f 820/58/478 1144/58/478 1145/59/478 821/59/478
f 901/133/479 1225/133/479 1226/282/479 902/282/479
f 967/272/480 1291/272/480 1292/273/480 968/273/480
f 787/51/481 1111/51/481 1112/52/481 788/52/481
f 893/35/482 1217/35/482 1218/154/482 894/154/482
f 952/291/483 1276/291/483 1277/315/483 953/315/483
f 654/278/484 978/278/484 979/318/484 655/318/484
f 816/160/485 1140/160/485 1141/159/485 817/159/485
f 695/230/486 1019/230/486 1020/232/486 696/232/486
f 972/265/487 1296/265/487 973/193/487 649/193/487
f 779/50/488 1103/50/488 1104/65/488 780/65/488
f 944/309/489 1268/309/489 1269/308/489 945/308/489
f 714/210/490 1038/210/490 1039/209/490 715/209/490
f 808/116/491 1132/116/491 1133/112/491 809/112/491
f 771/32/492 1095/32/492 1096/22/492 772/22/492
f 812/149/493 1136/149/493 1137/96/493 813/96/493
f 885/285/494 1209/285/494 1210/197/494 886/197/494
f 687/237/495 1011/237/495 1012/236/495 688/236/495
f 969/274/496 1293/274/496 1294/2/496 970/2/496
f 800/21/497 1124/21/497 1125/98/497 801/98/497
f 670/228/498 994/228/498 995/75/498 671/75/498
f 898/263/499 1222/263/499 1223/190/499 899/190/499
f 936/169/500 1260/169/500 1261/300/500 937/300/500
f 763/55/501 1087/55/501 1088/84/501 764/84/501
f 804/145/502 1128/145/502 1129/95/502 805/95/502
f 679/248/503 1003/248/503 1004/246/503 680/246/503
f 706/217/504 1030/217/504 1031/216/504 707/216/504
f 755/81/503 1079/81/503 1080/80/503 756/80/503
f 961/195/505 1285/195/505 1286/319/505 962/319/505
f 792/286/506 1116/286/506 1117/38/506 793/38/506
f 747/86/503 1071/86/503 1072/33/503 748/33/503
f 877/290/507 1201/290/507 1202/292/507 878/292/507
f 739/173/503 1063/173/503 1064/118/503 740/118/503
f 796/69/508 1120/69/508 1121/29/508 797/29/508
f 928/143/509 1252/143/509 1253/293/509 929/293/509
f 784/15/510 1108/15/510 1109/46/510 785/46/510
f 731/198/511 1055/198/511 1056/199/511 732/199/511
f 788/52/512 1112/52/512 1113/45/512 789/45/512
f 920/9/513 1244/9/513 1245/126/513 921/126/513
f 698/239/514 1022/239/514 1023/240/514 699/240/514
f 776/40/515 1100/40/515 1101/41/515 777/41/515
f 953/315/516 1277/315/516 1278/109/516 954/109/516
f 723/49/517 1047/49/517 1048/203/517 724/203/517
f 690/235/518 1014/235/518 1015/231/518 691/231/518
f 715/209/519 1039/209/519 1040/208/519 716/208/519
f 912/287/520 1236/287/520 1237/280/520 913/280/520
f 945/308/521 1269/308/521 1270/310/521 946/310/521
f 682/242/503 1006/242/503 1007/241/503 683/241/503
f 869/256/522 1193/256/522 1194/257/522 870/257/522
f 937/300/523 1261/300/523 1262/302/523 938/302/523
f 780/65/524 1104/65/524 1105/37/524 781/37/524
f 674/314/503 998/314/503 999/179/503 675/179/503
f 964/266/525 1288/266/525 1289/3/525 965/3/525
f 904/205/526 1228/205/526 1229/4/526 905/4/526
f 929/293/527 1253/293/527 1254/151/527 930/151/527
f 768/66/528 1092/66/528 1093/70/528 769/70/528
f 707/216/529 1031/216/529 1032/215/529 708/215/529
f 772/22/530 1096/22/530 1097/23/530 773/23/530
f 760/71/531 1084/71/531 1085/67/531 761/67/531
f 764/84/532 1088/84/532 1089/85/532 765/85/532
f 902/282/533 1226/282/533 1227/261/533 903/261/533
f 921/126/534 1245/126/534 1246/5/534 922/5/534
f 752/27/503 1076/27/503 1077/25/503 753/25/503
f 956/313/535 1280/313/535 1281/180/535 957/180/535
f 756/80/503 1080/80/503 1081/77/503 757/77/503
f 894/154/536 1218/154/536 1219/171/536 895/171/536
f 744/24/503 1068/24/503 1069/90/503 745/90/503
f 699/240/537 1023/240/537 1024/225/537 700/225/537
f 748/33/503 1072/33/503 1073/31/503 749/31/503
f 861/247/538 1185/247/538 1186/249/538 862/249/538
f 886/197/539 1210/197/539 1211/152/539 887/152/539
f 736/182/503 1060/182/503 1061/99/503 737/99/503
f 878/292/540 1202/292/540 1203/299/540 879/299/540
f 728/78/541 1052/78/541 1053/79/541 729/79/541
f 948/312/542 1272/312/542 1273/301/542 949/301/542
f 666/163/543 990/163/543 991/322/543 667/322/543
f 658/114/544 982/114/544 983/103/544 659/103/544
f 831/127/545 1155/127/545 1156/111/545 832/111/545
f 691/231/546 1015/231/546 1016/60/546 692/60/546
f 740/118/503 1064/118/503 1065/137/503 741/137/503
f 870/257/547 1194/257/547 1195/258/547 871/258/547
f 913/280/548 1237/280/548 1238/267/548 914/267/548
f 720/187/549 1044/187/549 1045/47/549 721/47/549
f 675/179/503 999/179/503 1000/108/503 676/108/503
f 712/212/550 1036/212/550 1037/211/550 713/211/550
f 732/199/551 1056/199/551 1057/188/551 733/188/551
f 853/177/552 1177/177/552 1178/101/552 854/101/552
f 724/203/553 1048/203/553 1049/202/553 725/202/553
f 845/158/554 1169/158/554 1170/253/554 846/253/554
f 650/194/555 974/194/555 975/288/555 651/288/555
f 716/208/556 1040/208/556 1041/207/556 717/207/556
f 862/249/557 1186/249/557 1187/250/557 863/250/557
f 905/4/558 1229/4/558 1230/7/558 906/7/558
f 971/264/559 1295/264/559 1296/265/559 972/265/559
f 837/317/560 1161/317/560 1162/184/560 838/184/560
f 897/262/561 1221/262/561 1222/263/561 898/263/561
f 704/219/562 1028/219/562 1029/218/562 705/218/562
f 829/106/563 1153/106/563 1154/136/563 830/136/563
f 889/295/564 1213/295/564 1214/294/564 890/294/564
f 959/316/565 1283/316/565 1284/279/565 960/279/565
f 954/109/566 1278/109/566 1279/110/566 955/110/566
f 881/11/567 1205/11/567 1206/12/567 882/12/567
f 696/232/568 1020/232/568 1021/233/568 697/233/568
f 683/241/503 1007/241/503 1008/223/503 684/223/503
f 697/233/569 1021/233/569 1022/239/569 698/239/569
f 821/59/570 1145/59/570 1146/148/570 822/148/570
f 854/101/571 1178/101/571 1179/178/571 855/178/571
f 873/260/572 1197/260/572 1198/270/572 874/270/572
f 951/88/573 1275/88/573 1276/291/573 952/291/573
f 708/215/574 1032/215/574 1033/214/574 709/214/574
f 946/310/575 1270/310/575 1271/311/575 947/311/575
f 846/253/576 1170/253/576 1171/189/576 847/189/576
f 865/252/577 1189/252/577 1190/140/577 866/140/577
f 963/271/578 1287/271/578 1288/266/578 964/266/578
f 689/234/579 1013/234/579 1014/235/579 690/235/579
f 838/184/580 1162/184/580 1163/164/580 839/164/580
f 688/236/581 1012/236/581 1013/234/581 689/234/581
f 700/225/582 1024/225/582 1025/222/582 701/222/582
f 813/96/583 1137/96/583 1138/97/583 814/97/583
f 943/307/584 1267/307/584 1268/309/584 944/309/584
f 955/110/585 1279/110/585 1280/313/585 956/313/585
f 938/302/586 1262/302/586 1263/303/586 939/303/586
f 805/95/587 1129/95/587 1130/117/587 806/117/587
f 857/122/588 1181/122/588 1182/229/588 858/229/588
f 671/75/589 995/75/589 996/321/589 672/321/589
f 681/244/503 1005/244/503 1006/242/503 682/242/503
f 830/136/590 1154/136/590 1155/127/590 831/127/590
f 680/246/503 1004/246/503 1005/244/503 681/244/503
f 930/151/527 1254/151/527 1255/196/527 931/196/527
f 822/148/591 1146/148/591 1147/147/591 823/147/591
f 935/128/592 1259/128/592 1260/169/592 936/169/592
f 932/17/593 1256/17/593 1257/18/593 933/18/593
f 673/102/503 997/102/503 998/314/503 674/314/503
f 814/97/594 1138/97/594 1139/166/594 815/166/594
f 672/321/595 996/321/595 997/102/595 673/102/595
f 922/5/596 1246/5/596 1247/6/596 923/6/596
f 797/29/597 1121/29/597 1122/30/597 798/30/597
f 806/117/598 1130/117/598 1131/115/598 807/115/598
f 849/157/599 1173/157/599 1174/174/599 850/174/599
f 927/36/600 1251/36/600 1252/143/600 928/143/600
f 665/227/601 989/227/601 990/163/601 666/163/601
f 664/74/602 988/74/602 989/227/602 665/227/602
f 789/45/603 1113/45/603 1114/43/603 790/43/603
f 841/130/604 1165/130/604 1166/131/604 842/131/604
f 919/224/605 1243/224/605 1244/9/605 920/9/605
f 692/60/606 1016/60/606 1017/61/606 693/61/606
f 914/267/607 1238/267/607 1239/268/607 915/268/607
f 798/30/473 1122/30/473 1123/93/473 799/93/473
f 833/19/608 1157/19/608 1158/20/608 834/20/608
f 947/311/609 1271/311/609 1272/312/609 948/312/609
f 657/323/610 981/323/610 982/114/610 658/114/610
f 825/144/611 1149/144/611 1150/125/611 826/125/611
f 656/320/612 980/320/612 981/323/612 657/323/612
f 924/204/613 1248/204/613 1249/134/613 925/134/613
f 781/37/614 1105/37/614 1106/63/614 782/63/614
f 911/283/615 1235/283/615 1236/287/615 912/287/615
f 667/322/616 991/322/616 992/161/616 668/161/616
f 684/223/503 1008/223/503 1009/226/503 685/226/503
f 773/23/617 1097/23/617 1098/91/617 774/91/617
f 939/303/618 1263/303/618 1264/304/618 940/304/618
f 765/85/619 1089/85/619 1090/56/619 766/56/619
f 790/43/620 1114/43/620 1115/13/620 791/13/620
f 757/77/621 1081/77/621 1082/76/621 758/76/621
f 916/275/622 1240/275/622 1241/298/622 917/298/622
f 676/108/503 1000/108/503 1001/167/503 677/167/503
f 749/31/503 1073/31/503 1074/83/503 750/83/503
f 906/7/623 1230/7/623 1231/8/623 907/8/623
f 817/159/624 1141/159/624 1142/150/624 818/150/624
f 895/171/625 1219/171/625 1220/172/625 896/172/625
f 659/103/626 983/103/626 984/104/626 660/104/626
f 931/196/627 1255/196/627 1256/17/627 932/17/627
f 741/137/503 1065/137/503 1066/42/503 742/42/503
f 649/193/628 973/193/628 974/194/628 650/194/628
f 887/152/629 1211/152/629 1212/153/629 888/153/629
f 668/161/630 992/161/630 993/162/630 669/162/630
f 809/112/631 1133/112/631 1134/113/631 810/113/631
f 879/299/632 1203/299/632 1204/89/632 880/89/632
f 923/6/633 1247/6/633 1248/204/633 924/204/633
f 733/188/503 1057/188/503 1058/185/503 734/185/503
f 782/63/634 1106/63/634 1107/14/634 783/14/634
f 801/98/635 1125/98/635 1126/135/635 802/135/635
f 908/191/636 1232/191/636 1233/269/636 909/269/636
f 725/202/637 1049/202/637 1050/200/637 726/200/637
f 774/91/638 1098/91/638 1099/324/638 775/324/638
f 793/38/497 1117/38/497 1118/39/497 794/39/497
f 871/258/639 1195/258/639 1196/259/639 872/259/639
f 651/288/640 975/288/640 976/289/640 652/289/640
f 660/104/641 984/104/641 985/254/641 661/254/641
f 766/56/642 1090/56/642 1091/54/642 767/54/642
f 915/268/643 1239/268/643 1240/275/643 916/275/643
f 717/207/644 1041/207/644 1042/206/644 718/206/644
f 863/250/645 1187/250/645 1188/251/645 864/251/645
f 758/76/646 1082/76/646 1083/72/646 759/72/646
f 785/46/647 1109/46/647 1110/44/647 786/44/647
f 966/1/648 1290/1/648 1291/272/648 967/272/648
f 750/83/503 1074/83/503 1075/53/503 751/53/503
f 652/289/649 976/289/649 977/277/649 653/277/649
f 709/214/650 1033/214/650 1034/123/650 710/123/650
f 890/294/651 1214/294/651 1215/142/651 891/142/651
f 907/8/652 1231/8/652 1232/191/652 908/191/652
f 742/42/503 1066/42/503 1067/92/503 743/92/503
f 777/41/653 1101/41/653 1102/28/653 778/28/653
f 882/12/654 1206/12/654 1207/16/654 883/16/654
f 769/70/655 1093/70/655 1094/26/655 770/26/655
f 874/270/656 1198/270/656 1199/276/656 875/276/656
f 958/181/657 1282/181/657 1283/316/657 959/316/657
f 761/67/658 1085/67/658 1086/64/658 762/64/658
f 855/178/659 1179/178/659 1180/121/659 856/121/659
f 866/140/660 1190/140/660 1191/141/660 867/141/660
f 899/190/661 1223/190/661 1224/132/661 900/132/661
f 701/222/662 1025/222/662 1026/221/662 702/221/662
f 734/185/503 1058/185/503 1059/183/503 735/183/503
f 753/25/503 1077/25/503 1078/82/503 754/82/503
f 858/229/538 1182/229/538 1183/243/538 859/243/538
f 903/261/663 1227/261/663 1228/205/663 904/205/663
f 726/200/664 1050/200/664 1051/201/664 727/201/664
f 847/189/665 1171/189/665 1172/156/665 848/156/665
f 883/16/666 1207/16/666 1208/284/666 884/284/666
f 718/206/667 1042/206/667 1043/186/667 719/186/667
f 745/90/503 1069/90/503 1070/87/503 746/87/503
f 839/164/668 1163/164/668 1164/165/668 840/165/668
f 875/276/669 1199/276/669 1200/168/669 876/168/669
f 950/10/670 1274/10/670 1275/88/670 951/88/670
f 737/99/503 1061/99/503 1062/100/503 738/100/503
f 663/73/671 987/73/671 988/74/671 664/74/671
f 693/61/672 1017/61/672 1018/62/672 694/62/672
f 729/79/673 1053/79/673 1054/170/673 730/170/673
f 888/153/674 1212/153/674 1213/295/674 889/295/674
f 710/123/675 1034/123/675 1035/213/675 711/213/675
f 850/174/676 1174/174/676 1175/175/676 851/175/676
f 867/141/677 1191/141/677 1192/255/677 868/255/677
f 942/306/678 1266/306/678 1267/307/678 943/307/678
f 965/3/679 1289/3/679 1290/1/679 966/1/679
f 721/47/680 1045/47/680 1046/48/680 722/48/680
f 859/243/538 1183/243/538 1184/245/538 860/245/538
f 685/226/681 1009/226/681 1010/238/681 686/238/681
f 970/2/682 1294/2/682 1295/264/682 971/264/682
f 842/131/683 1166/131/683 1167/119/683 843/119/683
f 934/129/597 1258/129/597 1259/128/597 935/128/597
f 713/211/684 1037/211/684 1038/210/684 714/210/684
f 677/167/503 1001/167/503 1002/139/503 678/139/503
f 702/221/685 1026/221/685 1027/220/685 703/220/685
f 834/20/686 1158/20/686 1159/94/686 835/94/686
f 926/155/687 1250/155/687 1251/36/687 927/36/687
f 957/180/688 1281/180/688 1282/181/688 958/181/688
f 823/147/689 1147/147/689 1148/146/689 824/146/689
f 669/162/690 993/162/690 994/228/690 670/228/690
f 962/319/691 1286/319/691 1287/271/691 963/271/691
f 815/166/692 1139/166/692 1140/160/692 816/160/692
f 826/125/693 1150/125/693 1151/124/693 827/124/693
f 851/175/694 1175/175/694 1176/176/694 852/176/694
f 918/192/695 1242/192/695 1243/224/695 919/224/695
f 694/62/696 1018/62/696 1019/230/696 695/230/696
f 705/218/697 1029/218/697 1030/217/697 706/217/697
f 807/115/698 1131/115/698 1132/116/698 808/116/698
f 662/297/699 986/297/699 987/73/699 663/73/699
f 661/254/700 985/254/700 986/297/700 662/297/700
f 949/301/701 1273/301/701 1274/10/701 950/10/701
f 799/93/702 1123/93/702 1124/21/702 800/21/702
f 686/238/703 1010/238/703 1011/237/703 687/237/703
f 941/305/704 1265/305/704 1266/306/704 942/306/704
f 910/281/705 1234/281/705 1235/283/705 911/283/705
f 653/277/706 977/277/706 978/278/706 654/278/706
f 818/150/707 1142/150/707 1143/57/707 819/57/707
f 678/139/503 1002/139/503 1003/248/503 679/248/503
f 810/113/708 1134/113/708 1135/138/708 811/138/708
f 896/172/709 1220/172/709 1221/262/709 897/262/709
f 933/18/710 1257/18/710 1258/129/710 934/129/710
f 791/13/711 1115/13/711 1116/286/711 792/286/711
f 802/135/712 1126/135/712 1127/107/712 803/107/712
f 891/142/713 1215/142/713 1216/34/713 892/34/713
f 843/119/714 1167/119/714 1168/120/714 844/120/714
f 900/132/715 1224/132/715 1225/133/715 901/133/715
f 783/14/716 1107/14/716 1108/15/716 784/15/716
f 794/39/702 1118/39/702 1119/68/702 795/68/702
f 892/34/717 1216/34/717 1217/35/717 893/35/717
f 880/89/718 1204/89/718 1205/11/718 881/11/718
f 824/146/719 1148/146/719 1149/144/719 825/144/719
f 925/134/720 1249/134/720 1250/155/720 926/155/720
f 884/284/721 1208/284/721 1209/285/721 885/285/721
f 872/259/722 1196/259/722 1197/260/722 873/260/722
f 876/168/723 1200/168/723 1201/290/723 877/290/723
f 775/324/724 1099/324/724 1100/40/724 776/40/724
f 864/251/527 1188/251/527 1189/252/527 865/252/527
f 868/255/725 1192/255/725 1193/256/725 869/256/725
f 786/44/726 1110/44/726 1111/51/726 787/51/726
f 860/245/538 1184/245/538 1185/247/538 861/247/538
f 767/54/727 1091/54/727 1092/66/727 768/66/727
f 759/72/728 1083/72/728 1084/71/728 760/71/728
f 778/28/729 1102/28/729 1103/50/729 779/50/729
f 835/94/730 1159/94/730 1160/296/730 836/296/730
f 751/53/503 1075/53/503 1076/27/503 752/27/503
f 770/26/731 1094/26/731 1095/32/731 771/32/731
f 856/121/732 1180/121/732 1181/122/732 857/122/732
f 827/124/733 1151/124/733 1152/105/733 828/105/733
f 852/176/734 1176/176/734 1177/177/734 853/177/734
f 743/92/503 1067/92/503 1068/24/503 744/24/503
f 819/57/735 1143/57/735 1144/58/735 820/58/735
f 917/298/736 1241/298/736 1242/192/736 918/192/736
f 735/183/503 1059/183/503 1060/182/503 736/182/503
f 940/304/737 1264/304/737 1265/305/737 941/305/737
f 762/64/738 1086/64/738 1087/55/738 763/55/738
f 844/120/739 1168/120/739 1169/158/739 845/158/739
f 655/318/740 979/318/740 980/320/740 656/320/740
f 754/82/503 1078/82/503 1079/81/503 755/81/503
f 727/201/741 1051/201/741 1052/78/741 728/78/741
f 746/87/503 1070/87/503 1071/86/503 747/86/503
f 848/156/742 1172/156/742 1173/157/742 849/157/742
f 811/138/743 1135/138/743 1136/149/743 812/149/743
f 836/296/744 1160/296/744 1161/317/744 837/317/744
f 719/186/745 1043/186/745 1044/187/745 720/187/745
f 419/92/28 743/92/28 744/24/28 420/24/28
f 590/267/746 914/267/746 915/268/746 591/268/746
f 1079/81/503 1403/81/503 1404/80/503 1080/80/503
f 1285/195/505 1609/195/505 1610/319/505 1286/319/505
f 1116/286/506 1440/286/506 1441/38/506 1117/38/506
f 1071/86/503 1395/86/503 1396/33/503 1072/33/503
f 1201/290/507 1525/290/507 1526/292/507 1202/292/507
f 1063/173/503 1387/173/503 1388/118/503 1064/118/503
f 1120/69/508 1444/69/508 1445/29/508 1121/29/508
f 1252/143/509 1576/143/509 1577/293/509 1253/293/509
f 1108/15/510 1432/15/510 1433/46/510 1109/46/510
f 1055/198/511 1379/198/511 1380/199/511 1056/199/511
f 1112/52/512 1436/52/512 1437/45/512 1113/45/512
f 1244/9/513 1568/9/513 1569/126/513 1245/126/513
f 1022/239/514 1346/239/514 1347/240/514 1023/240/514
f 1100/40/515 1424/40/515 1425/41/515 1101/41/515
f 1277/315/516 1601/315/516 1602/109/516 1278/109/516
f 1047/49/517 1371/49/517 1372/203/517 1048/203/517
f 1014/235/747 1338/235/747 1339/231/747 1015/231/747
f 1039/209/519 1363/209/519 1364/208/519 1040/208/519
f 1236/287/520 1560/287/520 1561/280/520 1237/280/520
f 1269/308/521 1593/308/521 1594/310/521 1270/310/521
f 1006/242/503 1330/242/503 1331/241/503 1007/241/503
f 1193/256/522 1517/256/522 1518/257/522 1194/257/522
f 1261/300/523 1585/300/523 1586/302/523 1262/302/523
f 1104/65/524 1428/65/524 1429/37/524 1105/37/524
f 998/314/503 1322/314/503 1323/179/503 999/179/503
f 1288/266/525 1612/266/525 1613/3/525 1289/3/525
f 1228/205/526 1552/205/526 1553/4/526 1229/4/526
f 1253/293/527 1577/293/527 1578/151/527 1254/151/527
f 1092/66/748 1416/66/748 1417/70/748 1093/70/748
f 1031/216/529 1355/216/529 1356/215/529 1032/215/529
f 1096/22/530 1420/22/530 1421/23/530 1097/23/530
f 1084/71/531 1408/71/531 1409/67/531 1085/67/531
f 1088/84/749 1412/84/749 1413/85/749 1089/85/749
f 1226/282/533 1550/282/533 1551/261/533 1227/261/533
f 1245/126/534 1569/126/534 1570/5/534 1246/5/534
f 1076/27/503 1400/27/503 1401/25/503 1077/25/503
f 1280/313/535 1604/313/535 1605/180/535 1281/180/535
f 1080/80/503 1404/80/503 1405/77/503 1081/77/503
f 1218/154/536 1542/154/536 1543/171/536 1219/171/536
f 1068/24/503 1392/24/503 1393/90/503 1069/90/503
f 1023/240/537 1347/240/537 1348/225/537 1024/225/537
f 1072/33/503 1396/33/503 1397/31/503 1073/31/503
f 1185/247/538 1509/247/538 1510/249/538 1186/249/538
f 1210/197/539 1534/197/539 1535/152/539 1211/152/539
f 1060/182/503 1384/182/503 1385/99/503 1061/99/503
f 1202/292/540 1526/292/540 1527/299/540 1203/299/540
f 1052/78/541 1376/78/541 1377/79/541 1053/79/541
f 1272/312/542 1596/312/542 1597/301/542 1273/301/542
f 990/163/750 1314/163/750 1315/322/750 991/322/750
f 982/114/544 1306/114/544 1307/103/544 983/103/544
f 1155/127/545 1479/127/545 1480/111/545 1156/111/545
f 1015/231/751 1339/231/751 1340/60/751 1016/60/751
f 1064/118/503 1388/118/503 1389/137/503 1065/137/503
f 1194/257/547 1518/257/547 1519/258/547 1195/258/547
f 1237/280/548 1561/280/548 1562/267/548 1238/267/548
f 1044/187/549 1368/187/549 1369/47/549 1045/47/549
f 999/179/503 1323/179/503 1324/108/503 1000/108/503
f 1036/212/550 1360/212/550 1361/211/550 1037/211/550
f 1056/199/551 1380/199/551 1381/188/551 1057/188/551
f 1177/177/552 1501/177/552 1502/101/552 1178/101/552
f 1048/203/553 1372/203/553 1373/202/553 1049/202/553
f 1169/158/554 1493/158/554 1494/253/554 1170/253/554
f 974/194/555 1298/194/555 1299/288/555 975/288/555
f 1040/208/556 1364/208/556 1365/207/556 1041/207/556
f 1186/249/557 1510/249/557 1511/250/557 1187/250/557
f 1229/4/558 1553/4/558 1554/7/558 1230/7/558
f 1295/264/559 1619/264/559 1620/265/559 1296/265/559
f 1161/317/560 1485/317/560 1486/184/560 1162/184/560
f 1221/262/561 1545/262/561 1546/263/561 1222/263/561
f 1028/219/562 1352/219/562 1353/218/562 1029/218/562
f 1153/106/563 1477/106/563 1478/136/563 1154/136/563
f 1213/295/564 1537/295/564 1538/294/564 1214/294/564
f 1283/316/565 1607/316/565 1608/279/565 1284/279/565
f 1205/11/567 1529/11/567 1530/12/567 1206/12/567
f 1020/232/752 1344/232/752 1345/233/752 1021/233/752
f 1007/241/503 1331/241/503 1332/223/503 1008/223/503
f 1145/59/570 1469/59/570 1470/148/570 1146/148/570
f 1178/101/571 1502/101/571 1503/178/571 1179/178/571
f 1197/260/572 1521/260/572 1522/270/572 1198/270/572
f 1275/88/573 1599/88/573 1600/291/573 1276/291/573
f 1032/215/574 1356/215/574 1357/214/574 1033/214/574
f 1170/253/576 1494/253/576 1495/189/576 1171/189/576
f 1189/252/577 1513/252/577 1514/140/577 1190/140/577
f 1287/271/578 1611/271/578 1612/266/578 1288/266/578
f 1162/184/580 1486/184/580 1487/164/580 1163/164/580
f 1012/236/581 1336/236/581 1337/234/581 1013/234/581
f 1024/225/582 1348/225/582 1349/222/582 1025/222/582
f 1137/96/583 1461/96/583 1462/97/583 1138/97/583
f 1267/307/584 1591/307/584 1592/309/584 1268/309/584
f 1279/110/585 1603/110/585 1604/313/585 1280/313/585
f 1129/95/587 1453/95/587 1454/117/587 1130/117/587
f 1181/122/588 1505/122/588 1506/229/588 1182/229/588
f 995/75/589 1319/75/589 1320/321/589 996/321/589
f 1154/136/590 1478/136/590 1479/127/590 1155/127/590
f 1004/246/503 1328/246/503 1329/244/503 1005/244/503
f 1146/148/591 1470/148/591 1471/147/591 1147/147/591
f 1259/128/592 1583/128/592 1584/169/592 1260/169/592
f 1256/17/593 1580/17/593 1581/18/593 1257/18/593
f 1138/97/594 1462/97/594 1463/166/594 1139/166/594
f 996/321/595 1320/321/595 1321/102/595 997/102/595
f 1121/29/597 1445/29/597 1446/30/597 1122/30/597
f 1130/117/598 1454/117/598 1455/115/598 1131/115/598
f 1173/157/599 1497/157/599 1498/174/599 1174/174/599
f 1251/36/600 1575/36/600 1576/143/600 1252/143/600
f 988/74/753 1312/74/753 1313/227/753 989/227/753
f 1113/45/754 1437/45/754 1438/43/754 1114/43/754
f 1165/130/604 1489/130/604 1490/131/604 1166/131/604
f 1243/224/605 1567/224/605 1568/9/605 1244/9/605
f 1016/60/606 1340/60/606 1341/61/606 1017/61/606
f 1122/30/473 1446/30/473 1447/93/473 1123/93/473
f 1157/19/608 1481/19/608 1482/20/608 1158/20/608
f 1271/311/755 1595/311/755 1596/312/755 1272/312/755
f 1149/144/611 1473/144/611 1474/125/611 1150/125/611
f 980/320/756 1304/320/756 1305/323/756 981/323/756
f 1248/204/613 1572/204/613 1573/134/613 1249/134/613
f 1105/37/614 1429/37/614 1430/63/614 1106/63/614
f 1235/283/615 1559/283/615 1560/287/615 1236/287/615
f 991/322/616 1315/322/616 1316/161/616 992/161/616
f 1008/223/503 1332/223/503 1333/226/503 1009/226/503
f 1097/23/617 1421/23/617 1422/91/617 1098/91/617
f 1263/303/618 1587/303/618 1588/304/618 1264/304/618
f 1089/85/619 1413/85/619 1414/56/619 1090/56/619
f 1114/43/757 1438/43/757 1439/13/757 1115/13/757
f 1081/77/621 1405/77/621 1406/76/621 1082/76/621
f 1240/275/622 1564/275/622 1565/298/622 1241/298/622
f 1000/108/503 1324/108/503 1325/167/503 1001/167/503
f 1073/31/503 1397/31/503 1398/83/503 1074/83/503
f 1141/159/624 1465/159/624 1466/150/624 1142/150/624
f 1219/171/625 1543/171/625 1544/172/625 1220/172/625
f 983/103/626 1307/103/626 1308/104/626 984/104/626
f 1255/196/627 1579/196/627 1580/17/627 1256/17/627
f 1065/137/503 1389/137/503 1390/42/503 1066/42/503
f 1211/152/629 1535/152/629 1536/153/629 1212/153/629
f 992/161/630 1316/161/630 1317/162/630 993/162/630
f 1133/112/631 1457/112/631 1458/113/631 1134/113/631
f 1203/299/632 1527/299/632 1528/89/632 1204/89/632
f 1247/6/633 1571/6/633 1572/204/633 1248/204/633
f 1057/188/503 1381/188/503 1382/185/503 1058/185/503
f 1106/63/634 1430/63/634 1431/14/634 1107/14/634
f 1125/98/635 1449/98/635 1450/135/635 1126/135/635
f 1232/191/636 1556/191/636 1557/269/636 1233/269/636
f 1049/202/637 1373/202/637 1374/200/637 1050/200/637
f 1098/91/638 1422/91/638 1423/324/638 1099/324/638
f 1117/38/497 1441/38/497 1442/39/497 1118/39/497
f 1195/258/639 1519/258/639 1520/259/639 1196/259/639
f 975/288/758 1299/288/758 1300/289/758 976/289/758
f 984/104/641 1308/104/641 1309/254/641 985/254/641
f 1090/56/642 1414/56/642 1415/54/642 1091/54/642
f 1239/268/643 1563/268/643 1564/275/643 1240/275/643
f 1041/207/644 1365/207/644 1366/206/644 1042/206/644
f 1187/250/645 1511/250/645 1512/251/645 1188/251/645
f 1082/76/646 1406/76/646 1407/72/646 1083/72/646
f 1109/46/647 1433/46/647 1434/44/647 1110/44/647
f 1290/1/648 1614/1/648 1615/272/648 1291/272/648
f 1074/83/503 1398/83/503 1399/53/503 1075/53/503
f 976/289/649 1300/289/649 1301/277/649 977/277/649
f 1033/214/650 1357/214/650 1358/123/650 1034/123/650
f 1214/294/651 1538/294/651 1539/142/651 1215/142/651
f 1231/8/652 1555/8/652 1556/191/652 1232/191/652
f 1066/42/503 1390/42/503 1391/92/503 1067/92/503
f 1101/41/653 1425/41/653 1426/28/653 1102/28/653
f 1206/12/654 1530/12/654 1531/16/654 1207/16/654
f 1093/70/731 1417/70/731 1418/26/731 1094/26/731
f 1198/270/759 1522/270/759 1523/276/759 1199/276/759
f 1282/181/657 1606/181/657 1607/316/657 1283/316/657
f 1085/67/658 1409/67/658 1410/64/658 1086/64/658
f 1179/178/659 1503/178/659 1504/121/659 1180/121/659
f 1190/140/660 1514/140/660 1515/141/660 1191/141/660
f 1223/190/661 1547/190/661 1548/132/661 1224/132/661
f 1025/222/662 1349/222/662 1350/221/662 1026/221/662
f 1058/185/503 1382/185/503 1383/183/503 1059/183/503
f 1077/25/503 1401/25/503 1402/82/503 1078/82/503
f 1182/229/538 1506/229/538 1507/243/538 1183/243/538
f 1227/261/663 1551/261/663 1552/205/663 1228/205/663
f 1050/200/664 1374/200/664 1375/201/664 1051/201/664
f 1171/189/665 1495/189/665 1496/156/665 1172/156/665
f 1207/16/666 1531/16/666 1532/284/666 1208/284/666
f 1042/206/667 1366/206/667 1367/186/667 1043/186/667
f 1069/90/503 1393/90/503 1394/87/503 1070/87/503
f 1163/164/668 1487/164/668 1488/165/668 1164/165/668
f 1199/276/669 1523/276/669 1524/168/669 1200/168/669
f 1274/10/670 1598/10/670 1599/88/670 1275/88/670
f 1061/99/503 1385/99/503 1386/100/503 1062/100/503
f 987/73/671 1311/73/671 1312/74/671 988/74/671
f 1017/61/672 1341/61/672 1342/62/672 1018/62/672
f 1053/79/673 1377/79/673 1378/170/673 1054/170/673
f 1212/153/760 1536/153/760 1537/295/760 1213/295/760
f 1034/123/675 1358/123/675 1359/213/675 1035/213/675
f 1174/174/676 1498/174/676 1499/175/676 1175/175/676
f 1191/141/677 1515/141/677 1516/255/677 1192/255/677
f 1266/306/761 1590/306/761 1591/307/761 1267/307/761
f 1289/3/679 1613/3/679 1614/1/679 1290/1/679
f 1045/47/680 1369/47/680 1370/48/680 1046/48/680
f 1183/243/538 1507/243/538 1508/245/538 1184/245/538
f 1009/226/681 1333/226/681 1334/238/681 1010/238/681
f 1294/2/682 1618/2/682 1619/264/682 1295/264/682
f 1166/131/683 1490/131/683 1491/119/683 1167/119/683
f 1258/129/597 1582/129/597 1583/128/597 1259/128/597
f 1037/211/684 1361/211/684 1362/210/684 1038/210/684
f 1001/167/503 1325/167/503 1326/139/503 1002/139/503
f 1026/221/685 1350/221/685 1351/220/685 1027/220/685
f 1158/20/686 1482/20/686 1483/94/686 1159/94/686
f 1250/155/687 1574/155/687 1575/36/687 1251/36/687
f 1281/180/688 1605/180/688 1606/181/688 1282/181/688
f 1147/147/689 1471/147/689 1472/146/689 1148/146/689
f 993/162/690 1317/162/690 1318/228/690 994/228/690
f 1286/319/691 1610/319/691 1611/271/691 1287/271/691
f 1139/166/692 1463/166/692 1464/160/692 1140/160/692
f 1150/125/762 1474/125/762 1475/124/762 1151/124/762
f 1175/175/694 1499/175/694 1500/176/694 1176/176/694
f 1242/192/695 1566/192/695 1567/224/695 1243/224/695
f 1018/62/696 1342/62/696 1343/230/696 1019/230/696
f 1029/218/697 1353/218/697 1354/217/697 1030/217/697
f 1131/115/698 1455/115/698 1456/116/698 1132/116/698
f 986/297/699 1310/297/699 1311/73/699 987/73/699
f 985/254/700 1309/254/700 1310/297/700 986/297/700
f 1273/301/701 1597/301/701 1598/10/701 1274/10/701
f 1123/93/702 1447/93/702 1448/21/702 1124/21/702
f 1010/238/703 1334/238/703 1335/237/703 1011/237/703
f 1265/305/704 1589/305/704 1590/306/704 1266/306/704
f 1234/281/705 1558/281/705 1559/283/705 1235/283/705
f 977/277/706 1301/277/706 1302/278/706 978/278/706
f 1142/150/707 1466/150/707 1467/57/707 1143/57/707
f 1278/109/566 1602/109/566 1603/110/566 1279/110/566
f 1002/139/503 1326/139/503 1327/248/503 1003/248/503
f 1021/233/569 1345/233/569 1346/239/569 1022/239/569
f 1134/113/708 1458/113/708 1459/138/708 1135/138/708
f 1220/172/709 1544/172/709 1545/262/709 1221/262/709
f 1257/18/710 1581/18/710 1582/129/710 1258/129/710
f 1270/310/575 1594/310/575 1595/311/575 1271/311/575
f 1115/13/711 1439/13/711 1440/286/711 1116/286/711
f 1126/135/712 1450/135/712 1451/107/712 1127/107/712
f 1215/142/713 1539/142/713 1540/34/713 1216/34/713
f 1167/119/714 1491/119/714 1492/120/714 1168/120/714
f 1224/132/715 1548/132/715 1549/133/715 1225/133/715
f 1013/234/579 1337/234/579 1338/235/579 1014/235/579
f 1107/14/716 1431/14/716 1432/15/716 1108/15/716
f 1118/39/702 1442/39/702 1443/68/702 1119/68/702
f 1216/34/717 1540/34/717 1541/35/717 1217/35/717
f 1204/89/718 1528/89/718 1529/11/718 1205/11/718
f 1148/146/719 1472/146/719 1473/144/719 1149/144/719
f 1249/134/720 1573/134/720 1574/155/720 1250/155/720
f 1262/302/586 1586/302/586 1587/303/586 1263/303/586
f 1208/284/721 1532/284/721 1533/285/721 1209/285/721
f 1005/244/503 1329/244/503 1330/242/503 1006/242/503
f 1196/259/722 1520/259/722 1521/260/722 1197/260/722
f 1200/168/763 1524/168/763 1525/290/763 1201/290/763
f 1254/151/527 1578/151/527 1579/196/527 1255/196/527
f 1099/324/724 1423/324/724 1424/40/724 1100/40/724
f 1188/251/527 1512/251/527 1513/252/527 1189/252/527
f 1192/255/725 1516/255/725 1517/256/725 1193/256/725
f 997/102/503 1321/102/503 1322/314/503 998/314/503
f 1110/44/726 1434/44/726 1435/51/726 1111/51/726
f 1184/245/538 1508/245/538 1509/247/538 1185/247/538
f 1246/5/596 1570/5/596 1571/6/596 1247/6/596
f 1091/54/727 1415/54/727 1416/66/727 1092/66/727
f 989/227/601 1313/227/601 1314/163/601 990/163/601
f 1083/72/728 1407/72/728 1408/71/728 1084/71/728
f 1102/28/729 1426/28/729 1427/50/729 1103/50/729
f 1159/94/730 1483/94/730 1484/296/730 1160/296/730
f 1075/53/503 1399/53/503 1400/27/503 1076/27/503
f 1094/26/731 1418/26/731 1419/32/731 1095/32/731
f 1180/121/732 1504/121/732 1505/122/732 1181/122/732
f 1151/124/733 1475/124/733 1476/105/733 1152/105/733
f 1176/176/734 1500/176/734 1501/177/734 1177/177/734
f 1238/267/607 1562/267/607 1563/268/607 1239/268/607
f 1067/92/503 1391/92/503 1392/24/503 1068/24/503
f 1143/57/735 1467/57/735 1468/58/735 1144/58/735
f 1241/298/736 1565/298/736 1566/192/736 1242/192/736
f 981/323/610 1305/323/610 1306/114/610 982/114/610
f 1059/183/503 1383/183/503 1384/182/503 1060/182/503
f 1264/304/737 1588/304/737 1589/305/737 1265/305/737
f 1086/64/738 1410/64/738 1411/55/738 1087/55/738
f 1168/120/739 1492/120/739 1493/158/739 1169/158/739
f 979/318/740 1303/318/740 1304/320/740 980/320/740
f 1078/82/503 1402/82/503 1403/81/503 1079/81/503
f 1051/201/741 1375/201/741 1376/78/741 1052/78/741
f 1070/87/503 1394/87/503 1395/86/503 1071/86/503
f 1172/156/742 1496/156/742 1497/157/742 1173/157/742
f 1135/138/743 1459/138/743 1460/149/743 1136/149/743
f 1160/296/744 1484/296/744 1485/317/744 1161/317/744
f 1043/186/745 1367/186/745 1368/187/745 1044/187/745
f 1230/7/623 1554/7/623 1555/8/623 1231/8/623
f 1062/100/503 1386/100/503 1387/173/503 1063/173/503
f 1164/165/764 1488/165/764 1489/130/764 1165/130/764
f 973/193/628 1297/193/628 1298/194/628 974/194/628
f 1292/273/467 1616/273/467 1617/274/467 1293/274/467
f 1054/170/468 1378/170/468 1379/198/468 1055/198/468
f 1156/111/469 1480/111/469 1481/19/469 1157/19/469
f 1127/107/470 1451/107/470 1452/145/470 1128/145/470
f 1233/269/471 1557/269/471 1558/281/471 1234/281/471
f 1035/213/472 1359/213/472 1360/212/472 1036/212/472
f 1119/68/473 1443/68/473 1444/69/473 1120/69/473
f 1152/105/474 1476/105/474 1477/106/474 1153/106/474
f 1284/279/475 1608/279/475 1609/195/475 1285/195/475
f 1027/220/476 1351/220/476 1352/219/476 1028/219/476
f 1046/48/477 1370/48/477 1371/49/477 1047/49/477
f 1144/58/478 1468/58/478 1469/59/478 1145/59/478
f 1225/133/479 1549/133/479 1550/282/479 1226/282/479
f 1291/272/765 1615/272/765 1616/273/765 1292/273/765
f 1111/51/481 1435/51/481 1436/52/481 1112/52/481
f 1217/35/766 1541/35/766 1542/154/766 1218/154/766
f 1276/291/483 1600/291/483 1601/315/483 1277/315/483
f 978/278/484 1302/278/484 1303/318/484 979/318/484
f 1140/160/485 1464/160/485 1465/159/485 1141/159/485
f 1019/230/486 1343/230/486 1344/232/486 1020/232/486
f 1296/265/767 1620/265/767 1297/193/767 973/193/767
f 1103/50/488 1427/50/488 1428/65/488 1104/65/488
f 1268/309/489 1592/309/489 1593/308/489 1269/308/489
f 1038/210/490 1362/210/490 1363/209/490 1039/209/490
f 1132/116/491 1456/116/491 1457/112/491 1133/112/491
f 1095/32/492 1419/32/492 1420/22/492 1096/22/492
f 1136/149/493 1460/149/493 1461/96/493 1137/96/493
f 1209/285/494 1533/285/494 1534/197/494 1210/197/494
f 1011/237/495 1335/237/495 1336/236/495 1012/236/495
f 1293/274/496 1617/274/496 1618/2/496 1294/2/496
f 1124/21/497 1448/21/497 1449/98/497 1125/98/497
f 994/228/498 1318/228/498 1319/75/498 995/75/498
f 1222/263/499 1546/263/499 1547/190/499 1223/190/499
f 1260/169/500 1584/169/500 1585/300/500 1261/300/500
f 1087/55/501 1411/55/501 1412/84/501 1088/84/501
f 1128/145/502 1452/145/502 1453/95/502 1129/95/502
f 840/165/764 1164/165/764 1165/130/764 841/130/764
f 738/100/503 1062/100/503 1063/173/503 739/173/503
f 1614/1/768 1613/3/768 1618/2/768
f 1553/4/303 1571/6/303 1570/5/303
f 1554/7/768 1568/9/768 1555/8/768
f 1598/10/768 1530/12/768 1529/11/768
f 1439/13/82 1432/15/82 1431/14/82
f 1531/16/768 1581/18/768 1580/17/768
f 1481/19/768 1448/21/768 1482/20/768
f 1420/22/768 1392/24/768 1421/23/768
f 1401/25/768 1400/27/768 1418/26/768
f 1426/28/768 1446/30/768 1445/29/768
f 1397/31/768 1396/33/768 1419/32/768
f 1540/34/769 1575/36/769 1541/35/769
f 1429/37/768 1442/39/768 1441/38/768
f 1424/40/768 1390/42/768 1425/41/768
f 1438/43/768 1432/15/768 1439/13/768
f 1434/44/768 1433/46/768 1437/45/768
f 1369/47/768 1371/49/768 1370/48/768
f 1426/28/770 1445/29/770 1427/50/770
f 1435/51/768 1434/44/768 1436/52/768
f 1400/27/768 1399/53/768 1418/26/768
f 1434/44/771 1437/45/771 1436/52/771
f 1415/54/768 1414/56/768 1411/55/768
f 1467/57/768 1469/59/768 1468/58/768
f 1340/60/768 1342/62/768 1341/61/768
f 1429/37/768 1441/38/768 1430/63/768
f 1411/55/768 1410/64/768 1415/54/768
f 1428/65/768 1442/39/768 1429/37/768
f 1410/64/768 1409/67/768 1416/66/768
f 1427/50/768 1444/69/768 1443/68/768
f 1409/67/768 1408/71/768 1417/70/768
f 1428/65/768 1443/68/768 1442/39/768
f 1408/71/768 1407/72/768 1417/70/768
f 1311/73/768 1319/75/768 1312/74/768
f 1407/72/768 1406/76/768 1417/70/768
f 1427/50/768 1443/68/768 1428/65/768
f 1406/76/768 1405/77/768 1417/70/768
f 1369/47/772 1377/79/772 1376/78/772
f 1404/80/768 1403/81/768 1418/26/768
f 1403/81/768 1402/82/768 1418/26/768
f 1402/82/768 1401/25/768 1418/26/768
f 1399/53/768 1398/83/768 1419/32/768
f 1398/83/768 1397/31/768 1419/32/768
f 1412/84/773 1414/56/773 1413/85/773
f 1396/33/768 1395/86/768 1419/32/768
f 1395/86/768 1394/87/768 1419/32/768
f 1599/88/768 1529/11/768 1528/89/768
f 1394/87/768 1393/90/768 1419/32/768
f 1421/23/768 1392/24/768 1422/91/768
f 1393/90/768 1392/24/768 1420/22/768
f 1425/41/161 1446/30/161 1426/28/161
f 1427/50/768 1445/29/768 1444/69/768
f 1392/24/768 1391/92/768 1422/91/768
f 1425/41/768 1483/94/768 1447/93/768
f 1425/41/768 1447/93/768 1446/30/768
f 1391/92/768 1390/42/768 1424/40/768
f 1453/95/774 1462/97/774 1461/96/774
f 1448/21/768 1447/93/768 1482/20/768
f 1449/98/768 1448/21/768 1481/19/768
f 1385/99/768 1502/101/768 1386/100/768
f 1321/102/768 1308/104/768 1307/103/768
f 1476/105/775 1451/107/775 1477/106/775
f 1324/108/768 1603/110/768 1602/109/768
f 1481/19/774 1480/111/774 1449/98/774
f 1437/45/776 1433/46/776 1438/43/776
f 1453/95/111 1458/113/111 1457/112/111
f 1321/102/772 1307/103/772 1306/114/772
f 1455/115/768 1454/117/768 1456/116/768
f 1388/118/166 1492/120/166 1491/119/166
f 1504/121/768 1358/123/768 1505/122/768
f 1475/124/76 1474/125/76 1451/107/76
f 1554/7/777 1570/5/777 1569/126/777
f 1480/111/156 1479/127/156 1449/98/156
f 1583/128/768 1582/129/768 1598/10/768
f 1388/118/111 1490/131/111 1489/130/111
f 1548/132/768 1573/134/768 1549/133/768
f 1479/127/768 1478/136/768 1450/135/768
f 1598/10/768 1581/18/768 1530/12/768
f 1454/117/774 1457/112/774 1456/116/774
f 1476/105/777 1475/124/777 1451/107/777
f 1388/118/768 1489/130/768 1389/137/768
f 1453/95/768 1457/112/768 1454/117/768
f 1453/95/161 1459/138/161 1458/113/161
f 1326/139/303 1515/141/303 1514/140/303
f 1539/142/768 1576/143/768 1540/34/768
f 1473/144/778 1452/145/778 1474/125/778
f 1473/144/768 1472/146/768 1452/145/768
f 1472/146/768 1471/147/768 1452/145/768
f 1388/118/156 1491/119/156 1490/131/156
f 1471/147/768 1470/148/768 1452/145/768
f 1453/95/770 1460/149/770 1459/138/770
f 1452/145/768 1470/148/768 1466/150/768
f 1466/150/768 1470/148/768 1469/59/768
f 1578/151/768 1536/153/768 1535/152/768
f 1453/95/161 1461/96/161 1460/149/161
f 1542/154/161 1575/36/161 1574/155/161
f 1467/57/779 1466/150/779 1469/59/779
f 1388/118/772 1497/157/772 1496/156/772
f 1388/118/161 1493/158/161 1492/120/161
f 1466/150/768 1465/159/768 1452/145/768
f 1465/159/768 1464/160/768 1452/145/768
f 1316/161/768 1314/163/768 1317/162/768
f 1389/137/770 1488/165/770 1487/164/770
f 1464/160/768 1463/166/768 1452/145/768
f 1463/166/768 1462/97/768 1453/95/768
f 1324/108/768 1524/168/768 1325/167/768
f 1584/169/111 1583/128/111 1598/10/111
f 1389/137/770 1489/130/770 1488/165/770
f 1369/47/780 1378/170/780 1377/79/780
f 1543/171/778 1574/155/778 1544/172/778
f 1387/173/768 1498/174/768 1388/118/768
f 1499/175/768 1498/174/768 1387/173/768
f 1500/176/207 1499/175/207 1387/173/207
f 1501/177/768 1500/176/768 1387/173/768
f 1502/101/768 1501/177/768 1387/173/768
f 1502/101/768 1387/173/768 1386/100/768
f 1503/178/768 1502/101/768 1385/99/768
f 1323/179/768 1606/181/768 1605/180/768
f 1503/178/768 1385/99/768 1384/182/768
f 1504/121/768 1503/178/768 1383/183/768
f 1389/137/772 1487/164/772 1486/184/772
f 1504/121/768 1383/183/768 1382/185/768
f 1367/186/340 1381/188/340 1368/187/340
f 1388/118/156 1496/156/156 1495/189/156
f 1573/134/161 1548/132/161 1547/190/161
f 1382/185/768 1381/188/768 1367/186/768
f 1368/187/768 1381/188/768 1369/47/768
f 1438/43/781 1433/46/781 1432/15/781
f 1555/8/769 1566/192/769 1556/191/769
f 1297/193/768 1609/195/768 1298/194/768
f 1579/196/768 1535/152/768 1534/197/768
f 1369/47/303 1380/199/303 1379/198/303
f 1369/47/778 1375/201/778 1374/200/778
f 1369/47/782 1374/200/782 1373/202/782
f 1369/47/783 1373/202/783 1372/203/783
f 1369/47/784 1372/203/784 1371/49/784
f 1375/201/785 1369/47/785 1376/78/785
f 1571/6/768 1552/205/768 1572/204/768
f 1367/186/166 1366/206/166 1382/185/166
f 1366/206/303 1365/207/303 1382/185/303
f 1365/207/768 1364/208/768 1504/121/768
f 1364/208/166 1363/209/166 1504/121/166
f 1363/209/768 1362/210/768 1504/121/768
f 1362/210/768 1361/211/768 1504/121/768
f 1361/211/768 1360/212/768 1504/121/768
f 1360/212/774 1359/213/774 1504/121/774
f 1359/213/768 1358/123/768 1504/121/768
f 1505/122/772 1358/123/772 1357/214/772
f 1505/122/111 1357/214/111 1356/215/111
f 1505/122/770 1356/215/770 1355/216/770
f 1505/122/772 1355/216/772 1354/217/772
f 1505/122/156 1354/217/156 1353/218/156
f 1505/122/770 1353/218/770 1352/219/770
f 1505/122/770 1352/219/770 1351/220/770
f 1505/122/772 1351/220/772 1350/221/772
f 1505/122/130 1350/221/130 1349/222/130
f 1505/122/768 1349/222/768 1332/223/768
f 1369/47/786 1381/188/786 1380/199/786
f 1555/8/770 1568/9/770 1567/224/770
f 1332/223/772 1349/222/772 1348/225/772
f 1332/223/768 1348/225/768 1333/226/768
f 1313/227/772 1318/228/772 1317/162/772
f 1411/55/768 1414/56/768 1412/84/768
f 1404/80/768 1418/26/768 1405/77/768
f 1505/122/768 1332/223/768 1506/229/768
f 1342/62/768 1339/231/768 1343/230/768
f 1344/232/768 1337/234/768 1345/233/768
f 1369/47/787 1379/198/787 1378/170/787
f 1338/235/768 1337/234/768 1344/232/768
f 1337/234/771 1336/236/771 1345/233/771
f 1336/236/768 1335/237/768 1345/233/768
f 1335/237/768 1334/238/768 1345/233/768
f 1334/238/340 1333/226/340 1345/233/340
f 1346/239/788 1333/226/788 1347/240/788
f 1506/229/768 1332/223/768 1331/241/768
f 1506/229/768 1331/241/768 1330/242/768
f 1507/243/768 1506/229/768 1330/242/768
f 1507/243/768 1330/242/768 1329/244/768
f 1508/245/768 1507/243/768 1329/244/768
f 1508/245/768 1329/244/768 1328/246/768
f 1509/247/768 1508/245/768 1328/246/768
f 1509/247/768 1328/246/768 1327/248/768
f 1510/249/768 1509/247/768 1327/248/768
f 1511/250/768 1510/249/768 1327/248/768
f 1511/250/768 1327/248/768 1326/139/768
f 1512/251/768 1511/250/768 1326/139/768
f 1513/252/768 1512/251/768 1326/139/768
f 1513/252/775 1326/139/775 1514/140/775
f 1388/118/161 1494/253/161 1493/158/161
f 1321/102/777 1309/254/777 1308/104/777
f 1325/167/768 1516/255/768 1326/139/768
f 1517/256/166 1516/255/166 1325/167/166
f 1518/257/768 1517/256/768 1325/167/768
f 1519/258/768 1518/257/768 1325/167/768
f 1520/259/130 1519/258/130 1325/167/130
f 1521/260/768 1520/259/768 1325/167/768
f 1552/205/768 1551/261/768 1549/133/768
f 1417/70/768 1405/77/768 1418/26/768
f 1545/262/130 1574/155/130 1546/263/130
f 1416/66/768 1409/67/768 1417/70/768
f 1619/264/781 1612/266/781 1620/265/781
f 1339/231/768 1338/235/768 1343/230/768
f 1562/267/768 1557/269/768 1563/268/768
f 1553/4/768 1570/5/768 1554/7/768
f 1522/270/768 1521/260/768 1325/167/768
f 1620/265/768 1611/271/768 1297/193/768
f 1345/233/768 1333/226/768 1346/239/768
f 1615/272/768 1617/274/768 1616/273/768
f 1572/204/772 1552/205/772 1549/133/772
f 1556/191/789 1564/275/789 1557/269/789
f 1523/276/768 1522/270/768 1325/167/768
f 1301/277/768 1608/279/768 1302/278/768
f 1561/280/768 1558/281/768 1562/267/768
f 1549/133/768 1551/261/768 1550/282/768
f 1559/283/768 1558/281/768 1561/280/768
f 1580/17/770 1533/285/770 1532/284/770
f 1524/168/76 1523/276/76 1325/167/76
f 1431/14/774 1440/286/774 1439/13/774
f 1560/287/768 1559/283/768 1561/280/768
f 1299/288/768 1609/195/768 1300/289/768
f 1525/290/768 1524/168/768 1600/291/768
f 1449/98/768 1479/127/768 1450/135/768
f 1298/194/790 1609/195/790 1299/288/790
f 1526/292/768 1525/290/768 1599/88/768
f 1578/151/768 1535/152/768 1579/196/768
f 1451/107/161 1474/125/161 1452/145/161
f 1576/143/768 1538/294/768 1577/293/768
f 1577/293/161 1538/294/161 1537/295/161
f 1415/54/768 1410/64/768 1416/66/768
f 1541/35/768 1575/36/768 1542/154/768
f 1326/139/768 1516/255/768 1515/141/768
f 1430/63/768 1440/286/768 1431/14/768
f 1552/205/768 1571/6/768 1553/4/768
f 1390/42/768 1484/296/768 1425/41/768
f 1321/102/770 1310/297/770 1309/254/770
f 1562/267/791 1558/281/791 1557/269/791
f 1556/191/340 1566/192/340 1565/298/340
f 1580/17/130 1532/284/130 1531/16/130
f 1430/63/774 1441/38/774 1440/286/774
f 1526/292/768 1599/88/768 1527/299/768
f 1578/151/774 1537/295/774 1536/153/774
f 1538/294/768 1576/143/768 1539/142/768
f 1418/26/768 1399/53/768 1419/32/768
f 1557/269/166 1564/275/166 1563/268/166
f 1554/7/770 1569/126/770 1568/9/770
f 1556/191/770 1565/298/770 1564/275/770
f 1540/34/161 1576/143/161 1575/36/161
f 1579/196/772 1533/285/772 1580/17/772
f 1599/88/768 1525/290/768 1600/291/768
f 1546/263/768 1574/155/768 1573/134/768
f 1544/172/768 1574/155/768 1545/262/768
f 1577/293/768 1537/295/768 1578/151/768
f 1382/185/768 1365/207/768 1504/121/768
f 1555/8/111 1567/224/111 1566/192/111
f 1530/12/768 1581/18/768 1531/16/768
f 1582/129/768 1581/18/768 1598/10/768
f 1389/137/768 1486/184/768 1390/42/768
f 1383/183/768 1503/178/768 1384/182/768
f 1388/118/770 1495/189/770 1494/253/770
f 1585/300/768 1584/169/768 1597/301/768
f 1586/302/768 1585/300/768 1597/301/768
f 1587/303/768 1586/302/768 1597/301/768
f 1588/304/781 1587/303/781 1597/301/781
f 1589/305/768 1588/304/768 1597/301/768
f 1590/306/768 1589/305/768 1597/301/768
f 1591/307/768 1590/306/768 1597/301/768
f 1597/301/768 1584/169/768 1598/10/768
f 1593/308/264 1592/309/264 1597/301/264
f 1594/310/792 1593/308/792 1597/301/792
f 1595/311/768 1594/310/768 1597/301/768
f 1596/312/768 1595/311/768 1597/301/768
f 1317/162/768 1314/163/768 1313/227/768
f 1527/299/768 1599/88/768 1528/89/768
f 1598/10/768 1529/11/768 1599/88/768
f 1591/307/768 1597/301/768 1592/309/768
f 1323/179/768 1605/180/768 1604/313/768
f 1608/279/768 1322/314/768 1321/102/768
f 1478/136/768 1477/106/768 1450/135/768
f 1323/179/768 1603/110/768 1324/108/768
f 1603/110/768 1323/179/768 1604/313/768
f 1324/108/768 1601/315/768 1600/291/768
f 1482/20/768 1447/93/768 1483/94/768
f 1322/314/768 1606/181/768 1323/179/768
f 1607/316/768 1606/181/768 1322/314/768
f 1607/316/161 1322/314/161 1608/279/161
f 1390/42/161 1485/317/161 1484/296/161
f 1609/195/768 1608/279/768 1301/277/768
f 1340/60/768 1339/231/768 1342/62/768
f 1302/278/768 1608/279/768 1303/318/768
f 1610/319/768 1609/195/768 1297/193/768
f 1611/271/793 1610/319/793 1297/193/793
f 1614/1/249 1617/274/249 1615/272/249
f 1612/266/768 1611/271/768 1620/265/768
f 1321/102/772 1304/320/772 1303/318/772
f 1613/3/768 1612/266/768 1619/264/768
f 1320/321/303 1319/75/303 1311/73/303
f 1579/196/130 1534/197/130 1533/285/130
f 1300/289/794 1609/195/794 1301/277/794
f 1333/226/142 1348/225/142 1347/240/142
f 1419/32/768 1393/90/768 1420/22/768
f 1312/74/768 1318/228/768 1313/227/768
f 1618/2/768 1617/274/768 1614/1/768
f 1312/74/161 1319/75/161 1318/228/161
f 1388/118/111 1498/174/111 1497/157/111
f 1343/230/768 1338/235/768 1344/232/768
f 1618/2/768 1613/3/768 1619/264/768
f 1315/322/795 1314/163/795 1316/161/795
f 1321/102/772 1306/114/772 1305/323/772
f 1423/324/768 1391/92/768 1424/40/768
f 1390/42/768 1486/184/768 1485/317/768
f 1422/91/768 1391/92/768 1423/324/768
f 1425/41/768 1484/296/768 1483/94/768
f 1573/134/772 1547/190/772 1546/263/772
f 1303/318/768 1608/279/768 1321/102/768
f 1311/73/768 1310/297/768 1320/321/768
f 1542/154/768 1574/155/768 1543/171/768
f 1321/102/768 1305/323/768 1304/320/768
f 1450/135/768 1477/106/768 1451/107/768
f 1452/145/768 1463/166/768 1453/95/768
f 1320/321/768 1310/297/768 1321/102/768
f 1600/291/768 1524/168/768 1324/108/768
f 1549/133/768 1573/134/768 1572/204/768
f 1324/108/768 1602/109/768 1601/315/768
f 1030/217/504 1354/217/504 1355/216/504 1031/216/504
f 1003/248/503 1327/248/503 1328/246/503 1004/246/503
