# Blender 4.0.2
# www.blender.org
mtllib Linea_M_corner.mtl
o Linea_M_corner
v 0.237269 -0.043070 -0.622290
v 0.237269 -0.043059 -0.622145
v 0.237269 -0.043050 -0.621999
v 0.237269 -0.043045 -0.621854
v 0.237269 -0.043042 -0.621708
v 0.237269 -0.043041 -0.621563
v 0.237269 -0.043041 -0.621417
v 0.237269 -0.043043 -0.621271
v 0.237269 -0.043045 -0.621126
v 0.237269 -0.043048 -0.620980
v 0.237269 -0.043050 -0.620835
v 0.237269 -0.043052 -0.620689
v 0.237269 -0.043052 -0.620544
v 0.237269 -0.043052 -0.620297
v 0.237269 -0.043048 -0.620090
v 0.237269 -0.043036 -0.619922
v 0.237269 -0.043015 -0.619787
v 0.237269 -0.042978 -0.619681
v 0.237269 -0.042925 -0.619602
v 0.237269 -0.042849 -0.619546
v 0.237269 -0.042749 -0.619508
v 0.237269 -0.042621 -0.619485
v 0.237269 -0.042460 -0.619473
v 0.237269 -0.042264 -0.619468
v 0.237269 -0.042030 -0.619468
v 0.237269 -0.038812 -0.619468
v 0.237269 -0.034633 -0.619468
v 0.237269 -0.029710 -0.619468
v 0.237269 -0.024264 -0.619468
v 0.237269 -0.018514 -0.619468
v 0.237269 -0.012680 -0.619468
v 0.237269 -0.006980 -0.619468
v 0.237269 -0.001635 -0.619468
v 0.237269 0.003136 -0.619468
v 0.237269 0.007115 -0.619468
v 0.237269 0.010081 -0.619468
v 0.237269 0.011815 -0.619468
v 0.237269 0.011880 -0.619470
v 0.237269 0.011944 -0.619477
v 0.237269 0.012006 -0.619487
v 0.237269 0.012066 -0.619502
v 0.237269 0.012125 -0.619522
v 0.237269 0.012181 -0.619545
v 0.237269 0.012235 -0.619572
v 0.237269 0.012287 -0.619604
v 0.237269 0.012336 -0.619639
v 0.237269 0.012382 -0.619678
v 0.237269 0.012426 -0.619721
v 0.237269 0.012468 -0.619768
v 0.237269 0.012554 -0.619865
v 0.237269 0.012656 -0.619968
v 0.237269 0.012772 -0.620076
v 0.237269 0.012904 -0.620184
v 0.237269 0.013051 -0.620290
v 0.237269 0.013213 -0.620392
v 0.237269 0.013390 -0.620485
v 0.237269 0.013583 -0.620569
v 0.237269 0.013792 -0.620638
v 0.237269 0.014016 -0.620692
v 0.237269 0.014257 -0.620726
v 0.237269 0.014513 -0.620738
v 0.237269 0.014766 -0.620726
v 0.237269 0.015003 -0.620692
v 0.237269 0.015225 -0.620638
v 0.237269 0.015431 -0.620569
v 0.237269 0.015622 -0.620485
v 0.237269 0.015799 -0.620392
v 0.237269 0.015960 -0.620290
v 0.237269 0.016106 -0.620184
v 0.237269 0.016237 -0.620076
v 0.237269 0.016353 -0.619968
v 0.237269 0.016455 -0.619865
v 0.237269 0.016542 -0.619768
v 0.237269 0.016583 -0.619721
v 0.237269 0.016628 -0.619678
v 0.237269 0.016676 -0.619639
v 0.237269 0.016726 -0.619604
v 0.237269 0.016780 -0.619572
v 0.237269 0.016835 -0.619545
v 0.237269 0.016892 -0.619522
v 0.237269 0.016950 -0.619502
v 0.237269 0.017010 -0.619487
v 0.237269 0.017071 -0.619477
v 0.237269 0.017132 -0.619470
v 0.237269 0.017194 -0.619468
v 0.237269 0.017971 -0.619468
v 0.237269 0.018978 -0.619468
v 0.237269 0.020187 -0.619468
v 0.237269 0.021573 -0.619468
v 0.237269 0.023108 -0.619468
v 0.237269 0.024765 -0.619468
v 0.237269 0.026516 -0.619468
v 0.237269 0.028335 -0.619468
v 0.237269 0.030195 -0.619468
v 0.237269 0.032068 -0.619468
v 0.237269 0.033928 -0.619468
v 0.237269 0.035748 -0.619468
v 0.237269 0.035787 -0.619468
v 0.237269 0.035827 -0.619468
v 0.237269 0.035867 -0.619468
v 0.237269 0.035906 -0.619468
v 0.237269 0.035946 -0.619468
v 0.237269 0.035986 -0.619468
v 0.237269 0.036026 -0.619468
v 0.237269 0.036065 -0.619468
v 0.237269 0.036105 -0.619468
v 0.237269 0.036145 -0.619468
v 0.237269 0.036184 -0.619468
v 0.237269 0.036224 -0.619468
v 0.237269 0.036319 -0.619469
v 0.237269 0.036410 -0.619482
v 0.237269 0.036495 -0.619505
v 0.237269 0.036575 -0.619538
v 0.237269 0.036648 -0.619580
v 0.237269 0.036713 -0.619631
v 0.237269 0.036771 -0.619690
v 0.237269 0.036820 -0.619757
v 0.237269 0.036859 -0.619830
v 0.237269 0.036888 -0.619910
v 0.237269 0.036906 -0.619995
v 0.237269 0.036912 -0.620085
v 0.237269 0.036911 -0.620224
v 0.237269 0.036911 -0.620625
v 0.237269 0.036909 -0.621265
v 0.237269 0.036908 -0.622118
v 0.237269 0.036906 -0.623163
v 0.237269 0.036905 -0.624374
v 0.237269 0.036904 -0.625728
v 0.237269 0.036904 -0.627201
v 0.237269 0.036904 -0.628770
v 0.237269 0.036906 -0.630410
v 0.237269 0.036908 -0.632098
v 0.237269 0.036912 -0.633809
v 0.237269 0.036909 -0.633914
v 0.237269 0.036899 -0.634007
v 0.237269 0.036883 -0.634089
v 0.237269 0.036860 -0.634161
v 0.237269 0.036828 -0.634223
v 0.237269 0.036788 -0.634275
v 0.237269 0.036740 -0.634318
v 0.237269 0.036682 -0.634352
v 0.237269 0.036614 -0.634377
v 0.237269 0.036536 -0.634395
v 0.237269 0.036447 -0.634406
v 0.237269 0.036347 -0.634409
v 0.237269 0.035250 -0.634414
v 0.237269 0.034152 -0.634419
v 0.237269 0.033054 -0.634425
v 0.237269 0.031956 -0.634431
v 0.237269 0.030858 -0.634437
v 0.237269 0.029760 -0.634442
v 0.237269 0.028662 -0.634448
v 0.237269 0.027564 -0.634452
v 0.237269 0.026467 -0.634456
v 0.237269 0.025369 -0.634459
v 0.237269 0.024271 -0.634461
v 0.237269 0.023173 -0.634462
v 0.237269 0.022863 -0.634432
v 0.237269 0.022587 -0.634346
v 0.237269 0.022344 -0.634210
v 0.237269 0.022136 -0.634029
v 0.237269 0.021961 -0.633809
v 0.237269 0.021821 -0.633556
v 0.237269 0.021717 -0.633275
v 0.237269 0.021647 -0.632972
v 0.237269 0.021613 -0.632654
v 0.237269 0.021615 -0.632324
v 0.237269 0.021652 -0.631990
v 0.237269 0.021727 -0.631657
v 0.237269 0.021791 -0.631448
v 0.237269 0.021858 -0.631273
v 0.237269 0.021929 -0.631126
v 0.237269 0.022002 -0.631000
v 0.237269 0.022076 -0.630888
v 0.237269 0.022152 -0.630782
v 0.237269 0.022228 -0.630676
v 0.237269 0.022304 -0.630562
v 0.237269 0.022379 -0.630434
v 0.237269 0.022452 -0.630285
v 0.237269 0.022523 -0.630107
v 0.237269 0.022591 -0.629893
v 0.237269 0.022664 -0.629623
v 0.237269 0.022724 -0.629353
v 0.237269 0.022767 -0.629084
v 0.237269 0.022791 -0.628817
v 0.237269 0.022794 -0.628555
v 0.237269 0.022772 -0.628299
v 0.237269 0.022722 -0.628051
v 0.237269 0.022643 -0.627812
v 0.237269 0.022531 -0.627584
v 0.237269 0.022384 -0.627368
v 0.237269 0.022199 -0.627168
v 0.237269 0.021974 -0.626983
v 0.237269 0.021820 -0.626883
v 0.237269 0.021660 -0.626789
v 0.237269 0.021495 -0.626701
v 0.237269 0.021324 -0.626619
v 0.237269 0.021150 -0.626543
v 0.237269 0.020973 -0.626475
v 0.237269 0.020793 -0.626416
v 0.237269 0.020612 -0.626364
v 0.237269 0.020431 -0.626323
v 0.237269 0.020250 -0.626291
v 0.237269 0.020070 -0.626270
v 0.237269 0.019893 -0.626259
v 0.237269 0.017474 -0.626252
v 0.237269 0.014527 -0.626246
v 0.237269 0.011176 -0.626241
v 0.237269 0.007549 -0.626238
v 0.237269 0.003770 -0.626236
v 0.237269 -0.000035 -0.626235
v 0.237269 -0.003739 -0.626234
v 0.237269 -0.007217 -0.626233
v 0.237269 -0.010343 -0.626232
v 0.237269 -0.012991 -0.626230
v 0.237269 -0.015036 -0.626228
v 0.237269 -0.016351 -0.626224
v 0.237269 -0.016660 -0.626238
v 0.237269 -0.016959 -0.626279
v 0.237269 -0.017247 -0.626347
v 0.237269 -0.017521 -0.626440
v 0.237269 -0.017779 -0.626559
v 0.237269 -0.018019 -0.626703
v 0.237269 -0.018239 -0.626870
v 0.237269 -0.018437 -0.627060
v 0.237269 -0.018610 -0.627273
v 0.237269 -0.018757 -0.627508
v 0.237269 -0.018874 -0.627764
v 0.237269 -0.018961 -0.628041
v 0.237269 -0.018996 -0.628193
v 0.237269 -0.019023 -0.628348
v 0.237269 -0.019043 -0.628505
v 0.237269 -0.019055 -0.628665
v 0.237269 -0.019061 -0.628826
v 0.237269 -0.019060 -0.628989
v 0.237269 -0.019054 -0.629153
v 0.237269 -0.019043 -0.629316
v 0.237269 -0.019028 -0.629480
v 0.237269 -0.019009 -0.629642
v 0.237269 -0.018986 -0.629804
v 0.237269 -0.018961 -0.629964
v 0.237269 -0.018914 -0.630208
v 0.237269 -0.018863 -0.630416
v 0.237269 -0.018809 -0.630595
v 0.237269 -0.018752 -0.630752
v 0.237269 -0.018693 -0.630895
v 0.237269 -0.018632 -0.631031
v 0.237269 -0.018572 -0.631167
v 0.237269 -0.018511 -0.631310
v 0.237269 -0.018452 -0.631467
v 0.237269 -0.018395 -0.631646
v 0.237269 -0.018341 -0.631854
v 0.237269 -0.018291 -0.632098
v 0.237269 -0.018267 -0.632284
v 0.237269 -0.018264 -0.632484
v 0.237269 -0.018282 -0.632694
v 0.237269 -0.018319 -0.632909
v 0.237269 -0.018374 -0.633124
v 0.237269 -0.018445 -0.633333
v 0.237269 -0.018532 -0.633532
v 0.237269 -0.018633 -0.633716
v 0.237269 -0.018747 -0.633879
v 0.237269 -0.018873 -0.634017
v 0.237269 -0.019009 -0.634125
v 0.237269 -0.019155 -0.634197
v 0.237269 -0.019244 -0.634231
v 0.237269 -0.019334 -0.634261
v 0.237269 -0.019425 -0.634287
v 0.237269 -0.019517 -0.634310
v 0.237269 -0.019610 -0.634330
v 0.237269 -0.019704 -0.634347
v 0.237269 -0.019798 -0.634361
v 0.237269 -0.019892 -0.634373
v 0.237269 -0.019986 -0.634381
v 0.237269 -0.020080 -0.634387
v 0.237269 -0.020173 -0.634390
v 0.237269 -0.020266 -0.634391
v 0.237269 -0.020808 -0.634395
v 0.237269 -0.021351 -0.634396
v 0.237269 -0.021893 -0.634397
v 0.237269 -0.022435 -0.634396
v 0.237269 -0.022978 -0.634395
v 0.237269 -0.023520 -0.634394
v 0.237269 -0.024062 -0.634393
v 0.237269 -0.024605 -0.634393
v 0.237269 -0.025147 -0.634394
v 0.237269 -0.025689 -0.634397
v 0.237269 -0.026232 -0.634402
v 0.237269 -0.026774 -0.634409
v 0.237269 -0.026892 -0.634404
v 0.237269 -0.027009 -0.634390
v 0.237269 -0.027124 -0.634367
v 0.237269 -0.027236 -0.634335
v 0.237269 -0.027345 -0.634293
v 0.237269 -0.027448 -0.634244
v 0.237269 -0.027547 -0.634186
v 0.237269 -0.027640 -0.634119
v 0.237269 -0.027726 -0.634044
v 0.237269 -0.027805 -0.633962
v 0.237269 -0.027876 -0.633872
v 0.237269 -0.027938 -0.633774
v 0.237269 -0.028810 -0.632420
v 0.237269 -0.029741 -0.631153
v 0.237269 -0.030732 -0.629973
v 0.237269 -0.031781 -0.628880
v 0.237269 -0.032890 -0.627874
v 0.237269 -0.034058 -0.626954
v 0.237269 -0.035284 -0.626121
v 0.237269 -0.036569 -0.625373
v 0.237269 -0.037913 -0.624712
v 0.237269 -0.039315 -0.624137
v 0.237269 -0.040775 -0.623647
v 0.237269 -0.042294 -0.623243
v 0.237269 -0.042429 -0.623210
v 0.237269 -0.042551 -0.623172
v 0.237269 -0.042661 -0.623129
v 0.237269 -0.042758 -0.623078
v 0.237269 -0.042842 -0.623020
v 0.237269 -0.042913 -0.622952
v 0.237269 -0.042972 -0.622874
v 0.237269 -0.043018 -0.622784
v 0.237269 -0.043050 -0.622682
v 0.237269 -0.043070 -0.622567
v 0.237269 -0.043077 -0.622436
v 0.251269 -0.043070 -0.622290
v 0.251269 -0.043059 -0.622145
v 0.251269 -0.043050 -0.621999
v 0.251269 -0.043045 -0.621854
v 0.251269 -0.043042 -0.621708
v 0.251269 -0.043041 -0.621563
v 0.251269 -0.043041 -0.621417
v 0.251269 -0.043043 -0.621271
v 0.251269 -0.043045 -0.621126
v 0.251269 -0.043048 -0.620980
v 0.251269 -0.043050 -0.620835
v 0.251269 -0.043052 -0.620689
v 0.251269 -0.043052 -0.620544
v 0.251269 -0.043052 -0.620297
v 0.251269 -0.043048 -0.620090
v 0.251269 -0.043036 -0.619922
v 0.251269 -0.043015 -0.619787
v 0.251269 -0.042978 -0.619681
v 0.251269 -0.042925 -0.619602
v 0.251269 -0.042849 -0.619546
v 0.251269 -0.042749 -0.619508
v 0.251269 -0.042621 -0.619485
v 0.251269 -0.042460 -0.619473
v 0.251269 -0.042264 -0.619468
v 0.251269 -0.042030 -0.619468
v 0.251269 -0.038812 -0.619468
v 0.251269 -0.034633 -0.619468
v 0.251269 -0.029710 -0.619468
v 0.251269 -0.024264 -0.619468
v 0.251269 -0.018514 -0.619468
v 0.251269 -0.012680 -0.619468
v 0.251269 -0.006980 -0.619468
v 0.251269 -0.001635 -0.619468
v 0.251269 0.003136 -0.619468
v 0.251269 0.007115 -0.619468
v 0.251269 0.010081 -0.619468
v 0.251269 0.011815 -0.619468
v 0.251269 0.011880 -0.619470
v 0.251269 0.011944 -0.619477
v 0.251269 0.012006 -0.619487
v 0.251269 0.012066 -0.619502
v 0.251269 0.012125 -0.619522
v 0.251269 0.012181 -0.619545
v 0.251269 0.012235 -0.619572
v 0.251269 0.012287 -0.619604
v 0.251269 0.012336 -0.619639
v 0.251269 0.012382 -0.619678
v 0.251269 0.012426 -0.619721
v 0.251269 0.012468 -0.619768
v 0.251269 0.012554 -0.619865
v 0.251269 0.012656 -0.619968
v 0.251269 0.012772 -0.620076
v 0.251269 0.012904 -0.620184
v 0.251269 0.013051 -0.620290
v 0.251269 0.013213 -0.620392
v 0.251269 0.013390 -0.620485
v 0.251269 0.013583 -0.620569
v 0.251269 0.013792 -0.620638
v 0.251269 0.014016 -0.620692
v 0.251269 0.014257 -0.620726
v 0.251269 0.014513 -0.620738
v 0.251269 0.014766 -0.620726
v 0.251269 0.015003 -0.620692
v 0.251269 0.015225 -0.620638
v 0.251269 0.015431 -0.620569
v 0.251269 0.015622 -0.620485
v 0.251269 0.015799 -0.620392
v 0.251269 0.015960 -0.620290
v 0.251269 0.016106 -0.620184
v 0.251269 0.016237 -0.620076
v 0.251269 0.016353 -0.619968
v 0.251269 0.016455 -0.619865
v 0.251269 0.016542 -0.619768
v 0.251269 0.016583 -0.619721
v 0.251269 0.016628 -0.619678
v 0.251269 0.016676 -0.619639
v 0.251269 0.016726 -0.619604
v 0.251269 0.016780 -0.619572
v 0.251269 0.016835 -0.619545
v 0.251269 0.016892 -0.619522
v 0.251269 0.016950 -0.619502
v 0.251269 0.017010 -0.619487
v 0.251269 0.017071 -0.619477
v 0.251269 0.017132 -0.619470
v 0.251269 0.017194 -0.619468
v 0.251269 0.017971 -0.619468
v 0.251269 0.018978 -0.619468
v 0.251269 0.020187 -0.619468
v 0.251269 0.021573 -0.619468
v 0.251269 0.023108 -0.619468
v 0.251269 0.024765 -0.619468
v 0.251269 0.026516 -0.619468
v 0.251269 0.028335 -0.619468
v 0.251269 0.030195 -0.619468
v 0.251269 0.032068 -0.619468
v 0.251269 0.033928 -0.619468
v 0.251269 0.035748 -0.619468
v 0.251269 0.035787 -0.619468
v 0.251269 0.035827 -0.619468
v 0.251269 0.035867 -0.619468
v 0.251269 0.035906 -0.619468
v 0.251269 0.035946 -0.619468
v 0.251269 0.035986 -0.619468
v 0.251269 0.036026 -0.619468
v 0.251269 0.036065 -0.619468
v 0.251269 0.036105 -0.619468
v 0.251269 0.036145 -0.619468
v 0.251269 0.036184 -0.619468
v 0.251269 0.036224 -0.619468
v 0.251269 0.036319 -0.619469
v 0.251269 0.036410 -0.619482
v 0.251269 0.036495 -0.619505
v 0.251269 0.036575 -0.619538
v 0.251269 0.036648 -0.619580
v 0.251269 0.036713 -0.619631
v 0.251269 0.036771 -0.619690
v 0.251269 0.036820 -0.619757
v 0.251269 0.036859 -0.619830
v 0.251269 0.036888 -0.619910
v 0.251269 0.036906 -0.619995
v 0.251269 0.036912 -0.620085
v 0.251269 0.036911 -0.620224
v 0.251269 0.036911 -0.620625
v 0.251269 0.036909 -0.621265
v 0.251269 0.036908 -0.622118
v 0.251269 0.036906 -0.623163
v 0.251269 0.036905 -0.624374
v 0.251269 0.036904 -0.625728
v 0.251269 0.036904 -0.627201
v 0.251269 0.036904 -0.628770
v 0.251269 0.036906 -0.630410
v 0.251269 0.036908 -0.632098
v 0.251269 0.036912 -0.633809
v 0.251269 0.036909 -0.633914
v 0.251269 0.036899 -0.634007
v 0.251269 0.036883 -0.634089
v 0.251269 0.036860 -0.634161
v 0.251269 0.036828 -0.634223
v 0.251269 0.036788 -0.634275
v 0.251269 0.036740 -0.634318
v 0.251269 0.036682 -0.634352
v 0.251269 0.036614 -0.634377
v 0.251269 0.036536 -0.634395
v 0.251269 0.036447 -0.634406
v 0.251269 0.036347 -0.634409
v 0.251269 0.035250 -0.634414
v 0.251269 0.034152 -0.634419
v 0.251269 0.033054 -0.634425
v 0.251269 0.031956 -0.634431
v 0.251269 0.030858 -0.634437
v 0.251269 0.029760 -0.634442
v 0.251269 0.028662 -0.634448
v 0.251269 0.027564 -0.634452
v 0.251269 0.026467 -0.634456
v 0.251269 0.025369 -0.634459
v 0.251269 0.024271 -0.634461
v 0.251269 0.023173 -0.634462
v 0.251269 0.022863 -0.634432
v 0.251269 0.022587 -0.634346
v 0.251269 0.022344 -0.634210
v 0.251269 0.022136 -0.634029
v 0.251269 0.021961 -0.633809
v 0.251269 0.021821 -0.633556
v 0.251269 0.021717 -0.633275
v 0.251269 0.021647 -0.632972
v 0.251269 0.021613 -0.632654
v 0.251269 0.021615 -0.632324
v 0.251269 0.021652 -0.631990
v 0.251269 0.021727 -0.631657
v 0.251269 0.021791 -0.631448
v 0.251269 0.021858 -0.631273
v 0.251269 0.021929 -0.631126
v 0.251269 0.022002 -0.631000
v 0.251269 0.022076 -0.630888
v 0.251269 0.022152 -0.630782
v 0.251269 0.022228 -0.630676
v 0.251269 0.022304 -0.630562
v 0.251269 0.022379 -0.630434
v 0.251269 0.022452 -0.630285
v 0.251269 0.022523 -0.630107
v 0.251269 0.022591 -0.629893
v 0.251269 0.022664 -0.629623
v 0.251269 0.022724 -0.629353
v 0.251269 0.022767 -0.629084
v 0.251269 0.022791 -0.628817
v 0.251269 0.022794 -0.628555
v 0.251269 0.022772 -0.628299
v 0.251269 0.022722 -0.628051
v 0.251269 0.022643 -0.627812
v 0.251269 0.022531 -0.627584
v 0.251269 0.022384 -0.627368
v 0.251269 0.022199 -0.627168
v 0.251269 0.021974 -0.626983
v 0.251269 0.021820 -0.626883
v 0.251269 0.021660 -0.626789
v 0.251269 0.021495 -0.626701
v 0.251269 0.021324 -0.626619
v 0.251269 0.021150 -0.626543
v 0.251269 0.020973 -0.626475
v 0.251269 0.020793 -0.626416
v 0.251269 0.020612 -0.626364
v 0.251269 0.020431 -0.626323
v 0.251269 0.020250 -0.626291
v 0.251269 0.020070 -0.626270
v 0.251269 0.019893 -0.626259
v 0.251269 0.017474 -0.626252
v 0.251269 0.014527 -0.626246
v 0.251269 0.011176 -0.626241
v 0.251269 0.007549 -0.626238
v 0.251269 0.003770 -0.626236
v 0.251269 -0.000035 -0.626235
v 0.251269 -0.003739 -0.626234
v 0.251269 -0.007217 -0.626233
v 0.251269 -0.010343 -0.626232
v 0.251269 -0.012991 -0.626230
v 0.251269 -0.015036 -0.626228
v 0.251269 -0.016351 -0.626224
v 0.251269 -0.016660 -0.626238
v 0.251269 -0.016959 -0.626279
v 0.251269 -0.017247 -0.626347
v 0.251269 -0.017521 -0.626440
v 0.251269 -0.017779 -0.626559
v 0.251269 -0.018019 -0.626703
v 0.251269 -0.018239 -0.626870
v 0.251269 -0.018437 -0.627060
v 0.251269 -0.018610 -0.627273
v 0.251269 -0.018757 -0.627508
v 0.251269 -0.018874 -0.627764
v 0.251269 -0.018961 -0.628041
v 0.251269 -0.018996 -0.628193
v 0.251269 -0.019023 -0.628348
v 0.251269 -0.019043 -0.628505
v 0.251269 -0.019055 -0.628665
v 0.251269 -0.019061 -0.628826
v 0.251269 -0.019060 -0.628989
v 0.251269 -0.019054 -0.629153
v 0.251269 -0.019043 -0.629316
v 0.251269 -0.019028 -0.629480
v 0.251269 -0.019009 -0.629642
v 0.251269 -0.018986 -0.629804
v 0.251269 -0.018961 -0.629964
v 0.251269 -0.018914 -0.630208
v 0.251269 -0.018863 -0.630416
v 0.251269 -0.018809 -0.630595
v 0.251269 -0.018752 -0.630752
v 0.251269 -0.018693 -0.630895
v 0.251269 -0.018632 -0.631031
v 0.251269 -0.018572 -0.631167
v 0.251269 -0.018511 -0.631310
v 0.251269 -0.018452 -0.631467
v 0.251269 -0.018395 -0.631646
v 0.251269 -0.018341 -0.631854
v 0.251269 -0.018291 -0.632098
v 0.251269 -0.018267 -0.632284
v 0.251269 -0.018264 -0.632484
v 0.251269 -0.018282 -0.632694
v 0.251269 -0.018319 -0.632909
v 0.251269 -0.018374 -0.633124
v 0.251269 -0.018445 -0.633333
v 0.251269 -0.018532 -0.633532
v 0.251269 -0.018633 -0.633716
v 0.251269 -0.018747 -0.633879
v 0.251269 -0.018873 -0.634017
v 0.251269 -0.019009 -0.634125
v 0.251269 -0.019155 -0.634197
v 0.251269 -0.019244 -0.634231
v 0.251269 -0.019334 -0.634261
v 0.251269 -0.019425 -0.634287
v 0.251269 -0.019517 -0.634310
v 0.251269 -0.019610 -0.634330
v 0.251269 -0.019704 -0.634347
v 0.251269 -0.019798 -0.634361
v 0.251269 -0.019892 -0.634373
v 0.251269 -0.019986 -0.634381
v 0.251269 -0.020080 -0.634387
v 0.251269 -0.020173 -0.634390
v 0.251269 -0.020266 -0.634391
v 0.251269 -0.020808 -0.634395
v 0.251269 -0.021351 -0.634396
v 0.251269 -0.021893 -0.634397
v 0.251269 -0.022435 -0.634396
v 0.251269 -0.022978 -0.634395
v 0.251269 -0.023520 -0.634394
v 0.251269 -0.024062 -0.634393
v 0.251269 -0.024605 -0.634393
v 0.251269 -0.025147 -0.634394
v 0.251269 -0.025689 -0.634397
v 0.251269 -0.026232 -0.634402
v 0.251269 -0.026774 -0.634409
v 0.251269 -0.026892 -0.634404
v 0.251269 -0.027009 -0.634390
v 0.251269 -0.027124 -0.634367
v 0.251269 -0.027236 -0.634335
v 0.251269 -0.027345 -0.634293
v 0.251269 -0.027448 -0.634244
v 0.251269 -0.027547 -0.634186
v 0.251269 -0.027640 -0.634119
v 0.251269 -0.027726 -0.634044
v 0.251269 -0.027805 -0.633962
v 0.251269 -0.027876 -0.633872
v 0.251269 -0.027938 -0.633774
v 0.251269 -0.028810 -0.632420
v 0.251269 -0.029741 -0.631153
v 0.251269 -0.030732 -0.629973
v 0.251269 -0.031781 -0.628880
v 0.251269 -0.032890 -0.627874
v 0.251269 -0.034058 -0.626954
v 0.251269 -0.035284 -0.626121
v 0.251269 -0.036569 -0.625373
v 0.251269 -0.037913 -0.624712
v 0.251269 -0.039315 -0.624137
v 0.251269 -0.040775 -0.623647
v 0.251269 -0.042294 -0.623243
v 0.251269 -0.042429 -0.623210
v 0.251269 -0.042551 -0.623172
v 0.251269 -0.042661 -0.623129
v 0.251269 -0.042758 -0.623078
v 0.251269 -0.042842 -0.623020
v 0.251269 -0.042913 -0.622952
v 0.251269 -0.042972 -0.622874
v 0.251269 -0.043018 -0.622784
v 0.251269 -0.043050 -0.622682
v 0.251269 -0.043070 -0.622567
v 0.251269 -0.043077 -0.622436
v 0.269337 -0.043070 -0.622290
v 0.269483 -0.043059 -0.622145
v 0.269628 -0.043050 -0.621999
v 0.269774 -0.043045 -0.621854
v 0.269919 -0.043042 -0.621708
v 0.270065 -0.043041 -0.621563
v 0.270211 -0.043041 -0.621417
v 0.270356 -0.043043 -0.621271
v 0.270502 -0.043045 -0.621126
v 0.270647 -0.043048 -0.620980
v 0.270793 -0.043050 -0.620835
v 0.270938 -0.043052 -0.620689
v 0.271084 -0.043052 -0.620544
v 0.271331 -0.043052 -0.620297
v 0.271537 -0.043048 -0.620090
v 0.271706 -0.043036 -0.619922
v 0.271841 -0.043015 -0.619787
v 0.271946 -0.042978 -0.619681
v 0.272025 -0.042925 -0.619602
v 0.272082 -0.042849 -0.619546
v 0.272120 -0.042749 -0.619508
v 0.272143 -0.042621 -0.619485
v 0.272155 -0.042460 -0.619473
v 0.272159 -0.042264 -0.619468
v 0.272160 -0.042030 -0.619468
v 0.272160 -0.038812 -0.619468
v 0.272160 -0.034633 -0.619468
v 0.272160 -0.029710 -0.619468
v 0.272160 -0.024264 -0.619468
v 0.272160 -0.018514 -0.619468
v 0.272160 -0.012680 -0.619468
v 0.272160 -0.006980 -0.619468
v 0.272160 -0.001635 -0.619468
v 0.272160 0.003136 -0.619468
v 0.272160 0.007115 -0.619468
v 0.272160 0.010081 -0.619468
v 0.272160 0.011815 -0.619468
v 0.272158 0.011880 -0.619470
v 0.272151 0.011944 -0.619476
v 0.272140 0.012006 -0.619487
v 0.272125 0.012066 -0.619502
v 0.272106 0.012125 -0.619522
v 0.272083 0.012181 -0.619545
v 0.272055 0.012235 -0.619572
v 0.272024 0.012287 -0.619604
v 0.271989 0.012336 -0.619639
v 0.271949 0.012382 -0.619678
v 0.271907 0.012426 -0.619721
v 0.271860 0.012468 -0.619768
v 0.271763 0.012554 -0.619865
v 0.271659 0.012656 -0.619968
v 0.271552 0.012772 -0.620076
v 0.271444 0.012904 -0.620184
v 0.271337 0.013051 -0.620290
v 0.271236 0.013213 -0.620392
v 0.271142 0.013390 -0.620485
v 0.271059 0.013583 -0.620569
v 0.270989 0.013792 -0.620638
v 0.270936 0.014016 -0.620692
v 0.270902 0.014257 -0.620726
v 0.270890 0.014513 -0.620738
v 0.270902 0.014766 -0.620726
v 0.270936 0.015003 -0.620692
v 0.270989 0.015225 -0.620638
v 0.271059 0.015431 -0.620569
v 0.271142 0.015622 -0.620485
v 0.271236 0.015799 -0.620392
v 0.271337 0.015960 -0.620290
v 0.271444 0.016106 -0.620184
v 0.271552 0.016237 -0.620076
v 0.271659 0.016353 -0.619968
v 0.271763 0.016455 -0.619865
v 0.271860 0.016542 -0.619768
v 0.271907 0.016583 -0.619721
v 0.271949 0.016628 -0.619678
v 0.271989 0.016676 -0.619639
v 0.272024 0.016726 -0.619604
v 0.272055 0.016780 -0.619572
v 0.272083 0.016835 -0.619545
v 0.272106 0.016892 -0.619522
v 0.272125 0.016950 -0.619502
v 0.272140 0.017010 -0.619487
v 0.272151 0.017071 -0.619476
v 0.272158 0.017132 -0.619470
v 0.272160 0.017194 -0.619468
v 0.272160 0.017971 -0.619468
v 0.272160 0.018978 -0.619468
v 0.272160 0.020187 -0.619468
v 0.272160 0.021573 -0.619468
v 0.272160 0.023108 -0.619468
v 0.272160 0.024765 -0.619468
v 0.272160 0.026516 -0.619468
v 0.272160 0.028335 -0.619468
v 0.272160 0.030195 -0.619468
v 0.272160 0.032068 -0.619468
v 0.272160 0.033928 -0.619468
v 0.272160 0.035748 -0.619468
v 0.272160 0.035787 -0.619468
v 0.272160 0.035827 -0.619468
v 0.272160 0.035867 -0.619468
v 0.272160 0.035906 -0.619468
v 0.272160 0.035946 -0.619468
v 0.272160 0.035986 -0.619468
v 0.272160 0.036026 -0.619468
v 0.272160 0.036065 -0.619468
v 0.272160 0.036105 -0.619468
v 0.272160 0.036145 -0.619468
v 0.272160 0.036184 -0.619468
v 0.272160 0.036224 -0.619468
v 0.272158 0.036319 -0.619469
v 0.272146 0.036410 -0.619482
v 0.272123 0.036495 -0.619505
v 0.272090 0.036575 -0.619538
v 0.272048 0.036648 -0.619580
v 0.271997 0.036713 -0.619631
v 0.271937 0.036771 -0.619690
v 0.271871 0.036820 -0.619757
v 0.271798 0.036859 -0.619830
v 0.271718 0.036888 -0.619910
v 0.271633 0.036906 -0.619995
v 0.271542 0.036912 -0.620085
v 0.271403 0.036911 -0.620224
v 0.271002 0.036911 -0.620625
v 0.270363 0.036909 -0.621265
v 0.269509 0.036908 -0.622118
v 0.268465 0.036906 -0.623163
v 0.267254 0.036905 -0.624374
v 0.265899 0.036904 -0.625728
v 0.264426 0.036904 -0.627201
v 0.262858 0.036904 -0.628770
v 0.261217 0.036906 -0.630410
v 0.259530 0.036908 -0.632098
v 0.257818 0.036912 -0.633809
v 0.257714 0.036909 -0.633914
v 0.257621 0.036899 -0.634007
v 0.257538 0.036883 -0.634089
v 0.257467 0.036860 -0.634161
v 0.257405 0.036828 -0.634223
v 0.257353 0.036788 -0.634275
v 0.257310 0.036740 -0.634318
v 0.257276 0.036682 -0.634352
v 0.257250 0.036614 -0.634377
v 0.257232 0.036536 -0.634395
v 0.257222 0.036447 -0.634406
v 0.257218 0.036347 -0.634409
v 0.257214 0.035250 -0.634414
v 0.257208 0.034152 -0.634419
v 0.257203 0.033054 -0.634425
v 0.257197 0.031956 -0.634431
v 0.257191 0.030858 -0.634436
v 0.257185 0.029760 -0.634442
v 0.257180 0.028662 -0.634447
v 0.257175 0.027564 -0.634452
v 0.257171 0.026467 -0.634456
v 0.257168 0.025369 -0.634459
v 0.257166 0.024271 -0.634461
v 0.257165 0.023173 -0.634462
v 0.257195 0.022863 -0.634432
v 0.257281 0.022587 -0.634346
v 0.257418 0.022344 -0.634210
v 0.257599 0.022136 -0.634029
v 0.257819 0.021961 -0.633809
v 0.258072 0.021821 -0.633556
v 0.258353 0.021717 -0.633275
v 0.258655 0.021647 -0.632972
v 0.258974 0.021613 -0.632654
v 0.259303 0.021615 -0.632324
v 0.259637 0.021652 -0.631990
v 0.259970 0.021727 -0.631657
v 0.260180 0.021791 -0.631448
v 0.260355 0.021858 -0.631273
v 0.260501 0.021929 -0.631126
v 0.260628 0.022002 -0.631000
v 0.260740 0.022076 -0.630888
v 0.260846 0.022152 -0.630782
v 0.260952 0.022228 -0.630676
v 0.261065 0.022304 -0.630562
v 0.261193 0.022379 -0.630434
v 0.261343 0.022452 -0.630285
v 0.261521 0.022523 -0.630107
v 0.261734 0.022591 -0.629893
v 0.262004 0.022664 -0.629623
v 0.262275 0.022724 -0.629353
v 0.262544 0.022767 -0.629084
v 0.262810 0.022791 -0.628817
v 0.263073 0.022794 -0.628555
v 0.263329 0.022772 -0.628299
v 0.263577 0.022722 -0.628051
v 0.263816 0.022643 -0.627812
v 0.264044 0.022531 -0.627584
v 0.264259 0.022384 -0.627368
v 0.264460 0.022199 -0.627167
v 0.264645 0.021974 -0.626983
v 0.264744 0.021820 -0.626883
v 0.264838 0.021660 -0.626789
v 0.264927 0.021495 -0.626701
v 0.265009 0.021324 -0.626619
v 0.265084 0.021150 -0.626543
v 0.265152 0.020973 -0.626475
v 0.265212 0.020793 -0.626416
v 0.265263 0.020612 -0.626364
v 0.265305 0.020431 -0.626323
v 0.265337 0.020250 -0.626291
v 0.265358 0.020070 -0.626269
v 0.265368 0.019893 -0.626259
v 0.265376 0.017474 -0.626252
v 0.265382 0.014527 -0.626246
v 0.265386 0.011176 -0.626241
v 0.265389 0.007549 -0.626238
v 0.265391 0.003770 -0.626236
v 0.265392 -0.000035 -0.626235
v 0.265393 -0.003739 -0.626234
v 0.265394 -0.007217 -0.626233
v 0.265396 -0.010343 -0.626232
v 0.265397 -0.012991 -0.626230
v 0.265400 -0.015036 -0.626228
v 0.265404 -0.016351 -0.626224
v 0.265390 -0.016660 -0.626238
v 0.265349 -0.016959 -0.626279
v 0.265281 -0.017247 -0.626347
v 0.265187 -0.017521 -0.626440
v 0.265068 -0.017779 -0.626559
v 0.264925 -0.018019 -0.626702
v 0.264758 -0.018239 -0.626870
v 0.264567 -0.018437 -0.627060
v 0.264354 -0.018610 -0.627273
v 0.264119 -0.018757 -0.627508
v 0.263863 -0.018874 -0.627764
v 0.263587 -0.018961 -0.628041
v 0.263435 -0.018996 -0.628193
v 0.263280 -0.019023 -0.628348
v 0.263122 -0.019043 -0.628505
v 0.262963 -0.019055 -0.628665
v 0.262801 -0.019061 -0.628826
v 0.262638 -0.019060 -0.628989
v 0.262475 -0.019054 -0.629153
v 0.262311 -0.019043 -0.629316
v 0.262148 -0.019028 -0.629480
v 0.261985 -0.019009 -0.629642
v 0.261824 -0.018986 -0.629804
v 0.261664 -0.018961 -0.629964
v 0.261420 -0.018914 -0.630208
v 0.261212 -0.018863 -0.630416
v 0.261033 -0.018809 -0.630595
v 0.260875 -0.018752 -0.630752
v 0.260732 -0.018693 -0.630895
v 0.260597 -0.018632 -0.631031
v 0.260461 -0.018572 -0.631167
v 0.260318 -0.018511 -0.631310
v 0.260161 -0.018452 -0.631467
v 0.259981 -0.018395 -0.631646
v 0.259773 -0.018341 -0.631854
v 0.259529 -0.018291 -0.632098
v 0.259344 -0.018267 -0.632284
v 0.259144 -0.018264 -0.632484
v 0.258933 -0.018282 -0.632694
v 0.258718 -0.018319 -0.632909
v 0.258504 -0.018374 -0.633124
v 0.258294 -0.018445 -0.633333
v 0.258095 -0.018532 -0.633532
v 0.257912 -0.018633 -0.633716
v 0.257748 -0.018747 -0.633879
v 0.257610 -0.018873 -0.634017
v 0.257502 -0.019009 -0.634125
v 0.257430 -0.019155 -0.634197
v 0.257397 -0.019244 -0.634231
v 0.257367 -0.019334 -0.634261
v 0.257340 -0.019425 -0.634287
v 0.257317 -0.019517 -0.634310
v 0.257297 -0.019610 -0.634330
v 0.257280 -0.019704 -0.634347
v 0.257266 -0.019798 -0.634361
v 0.257255 -0.019892 -0.634373
v 0.257247 -0.019986 -0.634381
v 0.257241 -0.020080 -0.634387
v 0.257237 -0.020173 -0.634390
v 0.257236 -0.020266 -0.634391
v 0.257233 -0.020808 -0.634395
v 0.257231 -0.021351 -0.634396
v 0.257231 -0.021893 -0.634397
v 0.257231 -0.022435 -0.634396
v 0.257233 -0.022978 -0.634395
v 0.257234 -0.023520 -0.634394
v 0.257235 -0.024062 -0.634393
v 0.257235 -0.024605 -0.634393
v 0.257234 -0.025147 -0.634394
v 0.257231 -0.025689 -0.634397
v 0.257226 -0.026232 -0.634402
v 0.257218 -0.026774 -0.634409
v 0.257223 -0.026892 -0.634404
v 0.257237 -0.027009 -0.634390
v 0.257261 -0.027124 -0.634367
v 0.257293 -0.027236 -0.634335
v 0.257334 -0.027345 -0.634293
v 0.257384 -0.027448 -0.634244
v 0.257442 -0.027547 -0.634186
v 0.257509 -0.027640 -0.634119
v 0.257583 -0.027726 -0.634044
v 0.257666 -0.027805 -0.633962
v 0.257756 -0.027876 -0.633872
v 0.257853 -0.027938 -0.633774
v 0.259208 -0.028810 -0.632420
v 0.260475 -0.029741 -0.631153
v 0.261655 -0.030732 -0.629973
v 0.262748 -0.031781 -0.628880
v 0.263754 -0.032890 -0.627874
v 0.264674 -0.034058 -0.626954
v 0.265507 -0.035284 -0.626121
v 0.266254 -0.036569 -0.625373
v 0.266915 -0.037913 -0.624712
v 0.267491 -0.039315 -0.624137
v 0.267980 -0.040775 -0.623647
v 0.268385 -0.042294 -0.623243
v 0.268418 -0.042429 -0.623210
v 0.268455 -0.042551 -0.623172
v 0.268499 -0.042661 -0.623129
v 0.268549 -0.042758 -0.623078
v 0.268608 -0.042842 -0.623020
v 0.268676 -0.042913 -0.622952
v 0.268754 -0.042972 -0.622874
v 0.268843 -0.043018 -0.622784
v 0.268945 -0.043050 -0.622682
v 0.269061 -0.043070 -0.622567
v 0.269191 -0.043077 -0.622436
v 0.269337 -0.043070 -0.640358
v 0.269483 -0.043059 -0.640358
v 0.269628 -0.043050 -0.640358
v 0.269774 -0.043045 -0.640358
v 0.269919 -0.043042 -0.640358
v 0.270065 -0.043041 -0.640358
v 0.270211 -0.043041 -0.640358
v 0.270356 -0.043043 -0.640358
v 0.270502 -0.043045 -0.640358
v 0.270647 -0.043048 -0.640358
v 0.270793 -0.043050 -0.640358
v 0.270938 -0.043052 -0.640358
v 0.271084 -0.043052 -0.640358
v 0.271331 -0.043052 -0.640358
v 0.271537 -0.043048 -0.640358
v 0.271706 -0.043036 -0.640358
v 0.271841 -0.043015 -0.640358
v 0.271946 -0.042978 -0.640358
v 0.272025 -0.042925 -0.640358
v 0.272082 -0.042849 -0.640358
v 0.272120 -0.042749 -0.640358
v 0.272143 -0.042621 -0.640358
v 0.272155 -0.042460 -0.640358
v 0.272159 -0.042264 -0.640358
v 0.272160 -0.042030 -0.640358
v 0.272160 -0.038812 -0.640358
v 0.272160 -0.034633 -0.640358
v 0.272160 -0.029710 -0.640358
v 0.272160 -0.024264 -0.640358
v 0.272160 -0.018514 -0.640358
v 0.272160 -0.012680 -0.640358
v 0.272160 -0.006980 -0.640358
v 0.272160 -0.001635 -0.640358
v 0.272160 0.003136 -0.640358
v 0.272160 0.007115 -0.640358
v 0.272160 0.010081 -0.640358
v 0.272160 0.011815 -0.640358
v 0.272158 0.011880 -0.640358
v 0.272151 0.011944 -0.640358
v 0.272140 0.012006 -0.640358
v 0.272125 0.012066 -0.640358
v 0.272106 0.012125 -0.640358
v 0.272083 0.012181 -0.640358
v 0.272055 0.012235 -0.640358
v 0.272024 0.012287 -0.640358
v 0.271989 0.012336 -0.640358
v 0.271949 0.012382 -0.640358
v 0.271907 0.012426 -0.640358
v 0.271860 0.012468 -0.640358
v 0.271763 0.012554 -0.640358
v 0.271659 0.012656 -0.640358
v 0.271552 0.012772 -0.640358
v 0.271444 0.012904 -0.640358
v 0.271337 0.013051 -0.640358
v 0.271236 0.013213 -0.640358
v 0.271142 0.013390 -0.640358
v 0.271059 0.013583 -0.640358
v 0.270989 0.013792 -0.640358
v 0.270936 0.014016 -0.640358
v 0.270902 0.014257 -0.640358
v 0.270890 0.014513 -0.640358
v 0.270902 0.014766 -0.640358
v 0.270936 0.015003 -0.640358
v 0.270989 0.015225 -0.640358
v 0.271059 0.015431 -0.640358
v 0.271142 0.015622 -0.640358
v 0.271236 0.015799 -0.640358
v 0.271337 0.015960 -0.640358
v 0.271444 0.016106 -0.640358
v 0.271552 0.016237 -0.640358
v 0.271659 0.016353 -0.640358
v 0.271763 0.016455 -0.640358
v 0.271860 0.016542 -0.640358
v 0.271907 0.016583 -0.640358
v 0.271949 0.016628 -0.640358
v 0.271989 0.016676 -0.640358
v 0.272024 0.016726 -0.640358
v 0.272055 0.016780 -0.640358
v 0.272083 0.016835 -0.640358
v 0.272106 0.016892 -0.640358
v 0.272125 0.016950 -0.640358
v 0.272140 0.017010 -0.640358
v 0.272151 0.017071 -0.640358
v 0.272158 0.017132 -0.640358
v 0.272160 0.017194 -0.640358
v 0.272160 0.017971 -0.640358
v 0.272160 0.018978 -0.640358
v 0.272160 0.020187 -0.640358
v 0.272160 0.021573 -0.640358
v 0.272160 0.023108 -0.640358
v 0.272160 0.024765 -0.640358
v 0.272160 0.026516 -0.640358
v 0.272160 0.028335 -0.640358
v 0.272160 0.030195 -0.640358
v 0.272160 0.032068 -0.640358
v 0.272160 0.033928 -0.640358
v 0.272160 0.035748 -0.640358
v 0.272160 0.035787 -0.640358
v 0.272160 0.035827 -0.640358
v 0.272160 0.035867 -0.640358
v 0.272160 0.035906 -0.640358
v 0.272160 0.035946 -0.640358
v 0.272160 0.035986 -0.640358
v 0.272160 0.036026 -0.640358
v 0.272160 0.036065 -0.640358
v 0.272160 0.036105 -0.640358
v 0.272160 0.036145 -0.640358
v 0.272160 0.036184 -0.640358
v 0.272160 0.036224 -0.640358
v 0.272158 0.036319 -0.640358
v 0.272146 0.036410 -0.640358
v 0.272123 0.036495 -0.640358
v 0.272090 0.036575 -0.640358
v 0.272048 0.036648 -0.640358
v 0.271997 0.036713 -0.640358
v 0.271937 0.036771 -0.640358
v 0.271871 0.036820 -0.640358
v 0.271798 0.036859 -0.640358
v 0.271718 0.036888 -0.640358
v 0.271633 0.036906 -0.640358
v 0.271542 0.036912 -0.640358
v 0.271403 0.036911 -0.640358
v 0.271002 0.036911 -0.640358
v 0.270363 0.036909 -0.640358
v 0.269509 0.036908 -0.640358
v 0.268465 0.036906 -0.640358
v 0.267254 0.036905 -0.640358
v 0.265899 0.036904 -0.640358
v 0.264426 0.036904 -0.640358
v 0.262858 0.036904 -0.640358
v 0.261217 0.036906 -0.640358
v 0.259530 0.036908 -0.640358
v 0.257818 0.036912 -0.640358
v 0.257714 0.036909 -0.640358
v 0.257621 0.036899 -0.640358
v 0.257538 0.036883 -0.640358
v 0.257467 0.036860 -0.640358
v 0.257405 0.036828 -0.640358
v 0.257353 0.036788 -0.640358
v 0.257310 0.036740 -0.640358
v 0.257276 0.036682 -0.640358
v 0.257250 0.036614 -0.640358
v 0.257232 0.036536 -0.640358
v 0.257222 0.036447 -0.640358
v 0.257218 0.036347 -0.640358
v 0.257214 0.035250 -0.640358
v 0.257208 0.034152 -0.640358
v 0.257203 0.033054 -0.640358
v 0.257197 0.031956 -0.640358
v 0.257191 0.030858 -0.640358
v 0.257185 0.029760 -0.640358
v 0.257180 0.028662 -0.640358
v 0.257175 0.027564 -0.640358
v 0.257171 0.026467 -0.640358
v 0.257168 0.025369 -0.640358
v 0.257166 0.024271 -0.640358
v 0.257165 0.023173 -0.640358
v 0.257195 0.022863 -0.640358
v 0.257281 0.022587 -0.640358
v 0.257418 0.022344 -0.640358
v 0.257599 0.022136 -0.640358
v 0.257819 0.021961 -0.640358
v 0.258072 0.021821 -0.640358
v 0.258353 0.021717 -0.640358
v 0.258655 0.021647 -0.640358
v 0.258974 0.021613 -0.640358
v 0.259303 0.021615 -0.640358
v 0.259637 0.021652 -0.640358
v 0.259970 0.021727 -0.640358
v 0.260180 0.021791 -0.640358
v 0.260355 0.021858 -0.640358
v 0.260501 0.021929 -0.640358
v 0.260628 0.022002 -0.640358
v 0.260740 0.022076 -0.640358
v 0.260846 0.022152 -0.640358
v 0.260952 0.022228 -0.640358
v 0.261065 0.022304 -0.640358
v 0.261193 0.022379 -0.640358
v 0.261343 0.022452 -0.640358
v 0.261521 0.022523 -0.640358
v 0.261734 0.022591 -0.640358
v 0.262004 0.022664 -0.640358
v 0.262275 0.022724 -0.640358
v 0.262544 0.022767 -0.640358
v 0.262810 0.022791 -0.640358
v 0.263073 0.022794 -0.640358
v 0.263329 0.022772 -0.640358
v 0.263577 0.022722 -0.640358
v 0.263816 0.022643 -0.640358
v 0.264044 0.022531 -0.640358
v 0.264259 0.022384 -0.640358
v 0.264460 0.022199 -0.640358
v 0.264645 0.021974 -0.640358
v 0.264744 0.021820 -0.640358
v 0.264838 0.021660 -0.640358
v 0.264927 0.021495 -0.640358
v 0.265009 0.021324 -0.640358
v 0.265084 0.021150 -0.640358
v 0.265152 0.020973 -0.640358
v 0.265212 0.020793 -0.640358
v 0.265263 0.020612 -0.640358
v 0.265305 0.020431 -0.640358
v 0.265337 0.020250 -0.640358
v 0.265358 0.020070 -0.640358
v 0.265368 0.019893 -0.640358
v 0.265376 0.017474 -0.640358
v 0.265382 0.014527 -0.640358
v 0.265386 0.011176 -0.640358
v 0.265389 0.007549 -0.640358
v 0.265391 0.003770 -0.640358
v 0.265392 -0.000035 -0.640358
v 0.265393 -0.003739 -0.640358
v 0.265394 -0.007217 -0.640358
v 0.265396 -0.010343 -0.640358
v 0.265397 -0.012991 -0.640358
v 0.265400 -0.015036 -0.640358
v 0.265404 -0.016351 -0.640358
v 0.265390 -0.016660 -0.640358
v 0.265349 -0.016959 -0.640358
v 0.265281 -0.017247 -0.640358
v 0.265187 -0.017521 -0.640358
v 0.265068 -0.017779 -0.640358
v 0.264925 -0.018019 -0.640358
v 0.264758 -0.018239 -0.640358
v 0.264567 -0.018437 -0.640358
v 0.264354 -0.018610 -0.640358
v 0.264119 -0.018757 -0.640358
v 0.263863 -0.018874 -0.640358
v 0.263587 -0.018961 -0.640358
v 0.263435 -0.018996 -0.640358
v 0.263280 -0.019023 -0.640358
v 0.263122 -0.019043 -0.640358
v 0.262963 -0.019055 -0.640358
v 0.262801 -0.019061 -0.640358
v 0.262638 -0.019060 -0.640358
v 0.262475 -0.019054 -0.640358
v 0.262311 -0.019043 -0.640358
v 0.262148 -0.019028 -0.640358
v 0.261985 -0.019009 -0.640358
v 0.261824 -0.018986 -0.640358
v 0.261664 -0.018961 -0.640358
v 0.261420 -0.018914 -0.640358
v 0.261212 -0.018863 -0.640358
v 0.261033 -0.018809 -0.640358
v 0.260875 -0.018752 -0.640358
v 0.260732 -0.018693 -0.640358
v 0.260597 -0.018632 -0.640358
v 0.260461 -0.018572 -0.640358
v 0.260318 -0.018511 -0.640358
v 0.260161 -0.018452 -0.640358
v 0.259981 -0.018395 -0.640358
v 0.259773 -0.018341 -0.640358
v 0.259529 -0.018291 -0.640358
v 0.259344 -0.018267 -0.640358
v 0.259144 -0.018264 -0.640358
v 0.258933 -0.018282 -0.640358
v 0.258718 -0.018319 -0.640358
v 0.258504 -0.018374 -0.640358
v 0.258294 -0.018445 -0.640358
v 0.258095 -0.018532 -0.640358
v 0.257912 -0.018633 -0.640358
v 0.257748 -0.018747 -0.640358
v 0.257610 -0.018873 -0.640358
v 0.257502 -0.019009 -0.640358
v 0.257430 -0.019155 -0.640358
v 0.257397 -0.019244 -0.640358
v 0.257367 -0.019334 -0.640358
v 0.257340 -0.019425 -0.640358
v 0.257317 -0.019517 -0.640358
v 0.257297 -0.019610 -0.640358
v 0.257280 -0.019704 -0.640358
v 0.257266 -0.019798 -0.640358
v 0.257255 -0.019892 -0.640358
v 0.257247 -0.019986 -0.640358
v 0.257241 -0.020080 -0.640358
v 0.257237 -0.020173 -0.640358
v 0.257236 -0.020266 -0.640358
v 0.257233 -0.020808 -0.640358
v 0.257231 -0.021351 -0.640358
v 0.257231 -0.021893 -0.640358
v 0.257231 -0.022435 -0.640358
v 0.257233 -0.022978 -0.640358
v 0.257234 -0.023520 -0.640358
v 0.257235 -0.024062 -0.640358
v 0.257235 -0.024605 -0.640358
v 0.257234 -0.025147 -0.640358
v 0.257231 -0.025689 -0.640358
v 0.257226 -0.026232 -0.640358
v 0.257218 -0.026774 -0.640358
v 0.257223 -0.026892 -0.640358
v 0.257237 -0.027009 -0.640358
v 0.257261 -0.027124 -0.640358
v 0.257293 -0.027236 -0.640358
v 0.257334 -0.027345 -0.640358
v 0.257384 -0.027448 -0.640358
v 0.257442 -0.027547 -0.640358
v 0.257509 -0.027640 -0.640358
v 0.257583 -0.027726 -0.640358
v 0.257666 -0.027805 -0.640358
v 0.257756 -0.027876 -0.640358
v 0.257853 -0.027938 -0.640358
v 0.259208 -0.028810 -0.640358
v 0.260475 -0.029741 -0.640358
v 0.261655 -0.030732 -0.640358
v 0.262748 -0.031781 -0.640358
v 0.263754 -0.032890 -0.640358
v 0.264674 -0.034058 -0.640358
v 0.265507 -0.035284 -0.640358
v 0.266254 -0.036569 -0.640358
v 0.266915 -0.037913 -0.640358
v 0.267491 -0.039315 -0.640358
v 0.267980 -0.040775 -0.640358
v 0.268385 -0.042294 -0.640358
v 0.268418 -0.042429 -0.640358
v 0.268455 -0.042551 -0.640358
v 0.268499 -0.042661 -0.640358
v 0.268549 -0.042758 -0.640358
v 0.268608 -0.042842 -0.640358
v 0.268676 -0.042913 -0.640358
v 0.268754 -0.042972 -0.640358
v 0.268843 -0.043018 -0.640358
v 0.268945 -0.043050 -0.640358
v 0.269061 -0.043070 -0.640358
v 0.269191 -0.043077 -0.640358
v 0.269337 -0.043070 -0.654358
v 0.269483 -0.043059 -0.654358
v 0.269628 -0.043050 -0.654358
v 0.269774 -0.043045 -0.654358
v 0.269919 -0.043042 -0.654358
v 0.270065 -0.043041 -0.654358
v 0.270211 -0.043041 -0.654358
v 0.270356 -0.043043 -0.654358
v 0.270502 -0.043045 -0.654358
v 0.270647 -0.043048 -0.654358
v 0.270793 -0.043050 -0.654358
v 0.270938 -0.043052 -0.654358
v 0.271084 -0.043052 -0.654358
v 0.271331 -0.043052 -0.654358
v 0.271537 -0.043048 -0.654358
v 0.271706 -0.043036 -0.654358
v 0.271841 -0.043015 -0.654358
v 0.271946 -0.042978 -0.654358
v 0.272025 -0.042925 -0.654358
v 0.272082 -0.042849 -0.654358
v 0.272120 -0.042749 -0.654358
v 0.272143 -0.042621 -0.654358
v 0.272155 -0.042460 -0.654358
v 0.272159 -0.042264 -0.654358
v 0.272160 -0.042030 -0.654358
v 0.272160 -0.038812 -0.654358
v 0.272160 -0.034633 -0.654358
v 0.272160 -0.029710 -0.654358
v 0.272160 -0.024264 -0.654358
v 0.272160 -0.018514 -0.654358
v 0.272160 -0.012680 -0.654358
v 0.272160 -0.006980 -0.654358
v 0.272160 -0.001635 -0.654358
v 0.272160 0.003136 -0.654358
v 0.272160 0.007115 -0.654358
v 0.272160 0.010081 -0.654358
v 0.272160 0.011815 -0.654358
v 0.272158 0.011880 -0.654358
v 0.272151 0.011944 -0.654358
v 0.272140 0.012006 -0.654358
v 0.272125 0.012066 -0.654358
v 0.272106 0.012125 -0.654358
v 0.272083 0.012181 -0.654358
v 0.272055 0.012235 -0.654358
v 0.272024 0.012287 -0.654358
v 0.271989 0.012336 -0.654358
v 0.271949 0.012382 -0.654358
v 0.271907 0.012426 -0.654358
v 0.271860 0.012468 -0.654358
v 0.271763 0.012554 -0.654358
v 0.271659 0.012656 -0.654358
v 0.271552 0.012772 -0.654358
v 0.271444 0.012904 -0.654358
v 0.271337 0.013051 -0.654358
v 0.271236 0.013213 -0.654358
v 0.271142 0.013390 -0.654358
v 0.271059 0.013583 -0.654358
v 0.270989 0.013792 -0.654358
v 0.270936 0.014016 -0.654358
v 0.270902 0.014257 -0.654358
v 0.270890 0.014513 -0.654358
v 0.270902 0.014766 -0.654358
v 0.270936 0.015003 -0.654358
v 0.270989 0.015225 -0.654358
v 0.271059 0.015431 -0.654358
v 0.271142 0.015622 -0.654358
v 0.271236 0.015799 -0.654358
v 0.271337 0.015960 -0.654358
v 0.271444 0.016106 -0.654358
v 0.271552 0.016237 -0.654358
v 0.271659 0.016353 -0.654358
v 0.271763 0.016455 -0.654358
v 0.271860 0.016542 -0.654358
v 0.271907 0.016583 -0.654358
v 0.271949 0.016628 -0.654358
v 0.271989 0.016676 -0.654358
v 0.272024 0.016726 -0.654358
v 0.272055 0.016780 -0.654358
v 0.272083 0.016835 -0.654358
v 0.272106 0.016892 -0.654358
v 0.272125 0.016950 -0.654358
v 0.272140 0.017010 -0.654358
v 0.272151 0.017071 -0.654358
v 0.272158 0.017132 -0.654358
v 0.272160 0.017194 -0.654358
v 0.272160 0.017971 -0.654358
v 0.272160 0.018978 -0.654358
v 0.272160 0.020187 -0.654358
v 0.272160 0.021573 -0.654358
v 0.272160 0.023108 -0.654358
v 0.272160 0.024765 -0.654358
v 0.272160 0.026516 -0.654358
v 0.272160 0.028335 -0.654358
v 0.272160 0.030195 -0.654358
v 0.272160 0.032068 -0.654358
v 0.272160 0.033928 -0.654358
v 0.272160 0.035748 -0.654358
v 0.272160 0.035787 -0.654358
v 0.272160 0.035827 -0.654358
v 0.272160 0.035867 -0.654358
v 0.272160 0.035906 -0.654358
v 0.272160 0.035946 -0.654358
v 0.272160 0.035986 -0.654358
v 0.272160 0.036026 -0.654358
v 0.272160 0.036065 -0.654358
v 0.272160 0.036105 -0.654358
v 0.272160 0.036145 -0.654358
v 0.272160 0.036184 -0.654358
v 0.272160 0.036224 -0.654358
v 0.272158 0.036319 -0.654358
v 0.272146 0.036410 -0.654358
v 0.272123 0.036495 -0.654358
v 0.272090 0.036575 -0.654358
v 0.272048 0.036648 -0.654358
v 0.271997 0.036713 -0.654358
v 0.271937 0.036771 -0.654358
v 0.271871 0.036820 -0.654358
v 0.271798 0.036859 -0.654358
v 0.271718 0.036888 -0.654358
v 0.271633 0.036906 -0.654358
v 0.271542 0.036912 -0.654358
v 0.271403 0.036911 -0.654358
v 0.271002 0.036911 -0.654358
v 0.270363 0.036909 -0.654358
v 0.269509 0.036908 -0.654358
v 0.268465 0.036906 -0.654358
v 0.267254 0.036905 -0.654358
v 0.265899 0.036904 -0.654358
v 0.264426 0.036904 -0.654358
v 0.262858 0.036904 -0.654358
v 0.261217 0.036906 -0.654358
v 0.259530 0.036908 -0.654358
v 0.257818 0.036912 -0.654358
v 0.257714 0.036909 -0.654358
v 0.257621 0.036899 -0.654358
v 0.257538 0.036883 -0.654358
v 0.257467 0.036860 -0.654358
v 0.257405 0.036828 -0.654358
v 0.257353 0.036788 -0.654358
v 0.257310 0.036740 -0.654358
v 0.257276 0.036682 -0.654358
v 0.257250 0.036614 -0.654358
v 0.257232 0.036536 -0.654358
v 0.257222 0.036447 -0.654358
v 0.257218 0.036347 -0.654358
v 0.257214 0.035250 -0.654358
v 0.257208 0.034152 -0.654358
v 0.257203 0.033054 -0.654358
v 0.257197 0.031956 -0.654358
v 0.257191 0.030858 -0.654358
v 0.257185 0.029760 -0.654358
v 0.257180 0.028662 -0.654358
v 0.257175 0.027564 -0.654358
v 0.257171 0.026467 -0.654358
v 0.257168 0.025369 -0.654358
v 0.257166 0.024271 -0.654358
v 0.257165 0.023173 -0.654358
v 0.257195 0.022863 -0.654358
v 0.257281 0.022587 -0.654358
v 0.257418 0.022344 -0.654358
v 0.257599 0.022136 -0.654358
v 0.257819 0.021961 -0.654358
v 0.258072 0.021821 -0.654358
v 0.258353 0.021717 -0.654358
v 0.258655 0.021647 -0.654358
v 0.258974 0.021613 -0.654358
v 0.259303 0.021615 -0.654358
v 0.259637 0.021652 -0.654358
v 0.259970 0.021727 -0.654358
v 0.260180 0.021791 -0.654358
v 0.260355 0.021858 -0.654358
v 0.260501 0.021929 -0.654358
v 0.260628 0.022002 -0.654358
v 0.260740 0.022076 -0.654358
v 0.260846 0.022152 -0.654358
v 0.260952 0.022228 -0.654358
v 0.261065 0.022304 -0.654358
v 0.261193 0.022379 -0.654358
v 0.261343 0.022452 -0.654358
v 0.261521 0.022523 -0.654358
v 0.261734 0.022591 -0.654358
v 0.262004 0.022664 -0.654358
v 0.262275 0.022724 -0.654358
v 0.262544 0.022767 -0.654358
v 0.262810 0.022791 -0.654358
v 0.263073 0.022794 -0.654358
v 0.263329 0.022772 -0.654358
v 0.263577 0.022722 -0.654358
v 0.263816 0.022643 -0.654358
v 0.264044 0.022531 -0.654358
v 0.264259 0.022384 -0.654358
v 0.264460 0.022199 -0.654358
v 0.264645 0.021974 -0.654358
v 0.264744 0.021820 -0.654358
v 0.264838 0.021660 -0.654358
v 0.264927 0.021495 -0.654358
v 0.265009 0.021324 -0.654358
v 0.265084 0.021150 -0.654358
v 0.265152 0.020973 -0.654358
v 0.265212 0.020793 -0.654358
v 0.265263 0.020612 -0.654358
v 0.265305 0.020431 -0.654358
v 0.265337 0.020250 -0.654358
v 0.265358 0.020070 -0.654358
v 0.265368 0.019893 -0.654358
v 0.265376 0.017474 -0.654358
v 0.265382 0.014527 -0.654358
v 0.265386 0.011176 -0.654358
v 0.265389 0.007549 -0.654358
v 0.265391 0.003770 -0.654358
v 0.265392 -0.000035 -0.654358
v 0.265393 -0.003739 -0.654358
v 0.265394 -0.007217 -0.654358
v 0.265396 -0.010343 -0.654358
v 0.265397 -0.012991 -0.654358
v 0.265400 -0.015036 -0.654358
v 0.265404 -0.016351 -0.654358
v 0.265390 -0.016660 -0.654358
v 0.265349 -0.016959 -0.654358
v 0.265281 -0.017247 -0.654358
v 0.265187 -0.017521 -0.654358
v 0.265068 -0.017779 -0.654358
v 0.264925 -0.018019 -0.654358
v 0.264758 -0.018239 -0.654358
v 0.264567 -0.018437 -0.654358
v 0.264354 -0.018610 -0.654358
v 0.264119 -0.018757 -0.654358
v 0.263863 -0.018874 -0.654358
v 0.263587 -0.018961 -0.654358
v 0.263435 -0.018996 -0.654358
v 0.263280 -0.019023 -0.654358
v 0.263122 -0.019043 -0.654358
v 0.262963 -0.019055 -0.654358
v 0.262801 -0.019061 -0.654358
v 0.262638 -0.019060 -0.654358
v 0.262475 -0.019054 -0.654358
v 0.262311 -0.019043 -0.654358
v 0.262148 -0.019028 -0.654358
v 0.261985 -0.019009 -0.654358
v 0.261824 -0.018986 -0.654358
v 0.261664 -0.018961 -0.654358
v 0.261420 -0.018914 -0.654358
v 0.261212 -0.018863 -0.654358
v 0.261033 -0.018809 -0.654358
v 0.260875 -0.018752 -0.654358
v 0.260732 -0.018693 -0.654358
v 0.260597 -0.018632 -0.654358
v 0.260461 -0.018572 -0.654358
v 0.260318 -0.018511 -0.654358
v 0.260161 -0.018452 -0.654358
v 0.259981 -0.018395 -0.654358
v 0.259773 -0.018341 -0.654358
v 0.259529 -0.018291 -0.654358
v 0.259344 -0.018267 -0.654358
v 0.259144 -0.018264 -0.654358
v 0.258933 -0.018282 -0.654358
v 0.258718 -0.018319 -0.654358
v 0.258504 -0.018374 -0.654358
v 0.258294 -0.018445 -0.654358
v 0.258095 -0.018532 -0.654358
v 0.257912 -0.018633 -0.654358
v 0.257748 -0.018747 -0.654358
v 0.257610 -0.018873 -0.654358
v 0.257502 -0.019009 -0.654358
v 0.257430 -0.019155 -0.654358
v 0.257397 -0.019244 -0.654358
v 0.257367 -0.019334 -0.654358
v 0.257340 -0.019425 -0.654358
v 0.257317 -0.019517 -0.654358
v 0.257297 -0.019610 -0.654358
v 0.257280 -0.019704 -0.654358
v 0.257266 -0.019798 -0.654358
v 0.257255 -0.019892 -0.654358
v 0.257247 -0.019986 -0.654358
v 0.257241 -0.020080 -0.654358
v 0.257237 -0.020173 -0.654358
v 0.257236 -0.020266 -0.654358
v 0.257233 -0.020808 -0.654358
v 0.257231 -0.021351 -0.654358
v 0.257231 -0.021893 -0.654358
v 0.257231 -0.022435 -0.654358
v 0.257233 -0.022978 -0.654358
v 0.257234 -0.023520 -0.654358
v 0.257235 -0.024062 -0.654358
v 0.257235 -0.024605 -0.654358
v 0.257234 -0.025147 -0.654358
v 0.257231 -0.025689 -0.654358
v 0.257226 -0.026232 -0.654358
v 0.257218 -0.026774 -0.654358
v 0.257223 -0.026892 -0.654358
v 0.257237 -0.027009 -0.654358
v 0.257261 -0.027124 -0.654358
v 0.257293 -0.027236 -0.654358
v 0.257334 -0.027345 -0.654358
v 0.257384 -0.027448 -0.654358
v 0.257442 -0.027547 -0.654358
v 0.257509 -0.027640 -0.654358
v 0.257583 -0.027726 -0.654358
v 0.257666 -0.027805 -0.654358
v 0.257756 -0.027876 -0.654358
v 0.257853 -0.027938 -0.654358
v 0.259208 -0.028810 -0.654358
v 0.260475 -0.029741 -0.654358
v 0.261655 -0.030732 -0.654358
v 0.262748 -0.031781 -0.654358
v 0.263754 -0.032890 -0.654358
v 0.264674 -0.034058 -0.654358
v 0.265507 -0.035284 -0.654358
v 0.266254 -0.036569 -0.654358
v 0.266915 -0.037913 -0.654358
v 0.267491 -0.039315 -0.654358
v 0.267980 -0.040775 -0.654358
v 0.268385 -0.042294 -0.654358
v 0.268418 -0.042429 -0.654358
v 0.268455 -0.042551 -0.654358
v 0.268499 -0.042661 -0.654358
v 0.268549 -0.042758 -0.654358
v 0.268608 -0.042842 -0.654358
v 0.268676 -0.042913 -0.654358
v 0.268754 -0.042972 -0.654358
v 0.268843 -0.043018 -0.654358
v 0.268945 -0.043050 -0.654358
v 0.269061 -0.043070 -0.654358
v 0.269191 -0.043077 -0.654358
vn -1.0000 -0.0000 -0.0000
vn -1.0000 -0.0000 0.0001
vn -1.0000 -0.0000 0.0013
vn -1.0000 -0.0000 0.0044
vn -1.0000 -0.0000 -0.0007
vn -1.0000 -0.0000 -0.0012
vn -1.0000 -0.0000 0.0003
vn -1.0000 -0.0000 0.0005
vn -1.0000 -0.0000 -0.0010
vn -1.0000 -0.0000 -0.0006
vn -1.0000 -0.0000 -0.0019
vn -1.0000 -0.0000 -0.0002
vn -1.0000 -0.0000 -0.0001
vn -1.0000 -0.0000 0.0002
vn -1.0000 -0.0000 -0.0008
vn -1.0000 -0.0000 -0.0004
vn -1.0000 -0.0000 0.0015
vn -1.0000 -0.0000 0.0020
vn -1.0000 -0.0000 -0.0040
vn -1.0000 -0.0000 -0.0005
vn -1.0000 -0.0000 0.0004
vn -1.0000 -0.0000 0.0025
vn -1.0000 -0.0000 0.0043
vn -1.0000 -0.0000 -0.0023
vn -1.0000 -0.0000 0.0019
vn -1.0000 -0.0000 0.0011
vn -1.0000 -0.0000 -0.0003
vn -1.0000 -0.0000 0.0006
vn -0.0000 -0.0000 1.0000
vn -0.0000 -0.3696 -0.9292
vn -0.0000 0.0090 -1.0000
vn -0.0000 0.6355 0.7721
vn -0.0000 -0.0025 1.0000
vn -0.0000 0.8761 -0.4822
vn -0.0000 -0.5619 -0.8272
vn -0.0000 -0.9943 -0.1066
vn -0.0000 0.0005 -1.0000
vn -0.0000 -0.9993 0.0372
vn -0.0000 -0.0962 -0.9954
vn -0.0000 -0.0006 -1.0000
vn -0.0000 -0.9567 0.2911
vn -0.0000 -0.0477 0.9989
vn -0.0000 -0.7835 -0.6214
vn -0.0000 -0.9871 0.1603
vn -0.0000 -0.0020 -1.0000
vn -0.0000 0.0037 -1.0000
vn -0.0000 0.1480 -0.9890
vn -0.0000 0.0044 -1.0000
vn -0.0000 0.9713 0.2377
vn -0.0000 0.0053 -1.0000
vn -0.0000 -0.3577 -0.9338
vn -0.0000 -0.9999 -0.0156
vn -0.0000 0.5196 0.8544
vn -0.0000 0.6199 -0.7847
vn -0.0000 1.0000 0.0029
vn -0.0000 -0.7864 -0.6177
vn -0.0000 0.3560 -0.9345
vn -0.0000 -0.8256 -0.5643
vn -0.0000 0.8911 -0.4537
vn -0.0000 0.8486 -0.5290
vn -0.0000 0.1361 -0.9907
vn -0.0000 0.9964 -0.0845
vn -0.0000 -0.0004 -1.0000
vn -0.0000 -0.1986 -0.9801
vn -0.0000 0.9996 -0.0291
vn -0.0000 -0.9765 0.2155
vn -0.0000 1.0000 0.0002
vn -0.0000 1.0000 -0.0014
vn -0.0000 -0.8128 0.5825
vn -0.0000 1.0000 -0.0021
vn -0.0000 0.9129 0.4082
vn -0.0000 -0.0015 -1.0000
vn -0.0000 0.8819 0.4714
vn -0.0000 -1.0000 0.0052
vn -0.0000 0.5006 0.8657
vn -0.0000 0.0145 0.9999
vn -0.0000 -0.2968 -0.9549
vn -0.0000 0.9904 0.1382
vn -0.0000 -0.1738 -0.9848
vn -0.0000 -0.3544 0.9351
vn -0.0000 0.0052 -1.0000
vn -0.0000 0.9925 -0.1224
vn -0.0000 -0.5069 -0.8620
vn -0.0000 0.0371 -0.9993
vn -0.0000 0.6054 -0.7959
vn -0.0000 -0.9963 -0.0860
vn -0.0000 -1.0000 -0.0049
vn -0.0000 -0.2445 0.9697
vn -0.0000 -0.0012 -1.0000
vn -0.0000 -0.8981 0.4397
vn -0.0000 0.2785 -0.9604
vn -0.0000 -0.9998 0.0202
vn -0.0000 -0.5084 0.8611
vn -0.0000 -0.6367 0.7711
vn -0.0000 0.2237 -0.9747
vn -0.0000 -0.7474 0.6644
vn -0.0000 -0.9998 0.0209
vn -0.0000 -0.9858 -0.1677
vn -0.0000 -0.0013 -1.0000
vn -0.0000 0.9166 -0.3998
vn -0.0000 -0.3985 0.9172
vn -0.0000 -0.9326 0.3608
vn -0.0000 -0.6883 -0.7254
vn -0.0000 0.9950 -0.1000
vn -0.0000 0.9677 0.2521
vn -0.0000 1.0000 -0.0010
vn -0.0000 -0.2942 -0.9557
vn -0.0000 -0.8755 -0.4833
vn -0.0000 0.9568 0.2907
vn -0.0000 0.9403 0.3404
vn -0.0000 0.3170 0.9484
vn -0.0000 -0.3159 -0.9488
vn -0.0000 0.9993 0.0364
vn -0.0000 -0.3797 -0.9251
vn -0.0000 0.1370 0.9906
vn -0.0000 -0.7356 -0.6774
vn -0.0000 0.9088 -0.4173
vn -0.0000 0.5867 0.8098
vn -0.0000 -0.9978 0.0663
vn -0.0000 -0.3550 -0.9349
vn -0.0000 0.0028 -1.0000
vn -0.0000 0.2289 -0.9734
vn -0.0000 -0.8058 -0.5922
vn -0.0000 0.0048 -1.0000
vn -0.0000 -0.0002 -1.0000
vn -0.0000 0.5822 0.8130
vn -0.0000 -0.6188 -0.7856
vn -0.0000 0.7454 0.6666
vn -0.0000 0.9215 0.3884
vn -0.0000 -0.4318 -0.9019
vn -0.0000 -0.7229 -0.6909
vn -0.0000 0.9877 0.1563
vn -0.0000 0.0341 0.9994
vn -0.0000 0.3130 0.9498
vn -0.0000 0.7945 -0.6072
vn -0.0000 -0.4429 0.8966
vn -0.0000 -0.1199 -0.9928
vn -0.0000 0.9971 -0.0762
vn -0.0000 -0.1177 -0.9931
vn -0.0000 -0.6783 0.7348
vn -0.0000 -0.8123 0.5832
vn -0.0000 1.0000 0.0008
vn -0.0000 0.6941 -0.7199
vn -0.0000 -0.4713 -0.8820
vn -0.0000 0.0030 -1.0000
vn -0.0000 -0.9936 0.1126
vn -0.0000 1.0000 -0.0022
vn -0.0000 -0.9809 -0.1947
vn -0.0000 -0.1768 0.9843
vn -0.0000 -0.0022 -1.0000
vn -0.0000 -0.4897 -0.8719
vn -0.0000 -0.0028 -1.0000
vn -0.0000 -0.9290 0.3700
vn -0.0000 0.1779 -0.9841
vn -0.0000 -0.1425 0.9898
vn -0.0000 0.6131 0.7900
vn -0.0000 -0.9014 0.4331
vn -0.0000 -1.0000 0.0024
vn -0.0000 -0.5711 -0.8209
vn -0.0000 0.0626 -0.9980
vn -0.0000 -0.9459 0.3245
vn -0.0000 -0.0008 -1.0000
vn -0.0000 0.7392 -0.6735
vn -0.0000 0.5310 0.8474
vn -0.0000 0.3147 -0.9492
vn -0.0000 -0.4415 -0.8973
vn -0.0000 -0.9999 -0.0172
vn -0.0000 0.1163 -0.9932
vn -0.0000 -0.1743 0.9847
vn -0.0000 -0.9368 -0.3499
vn -0.0000 0.6435 0.7654
vn -0.0000 -0.8408 -0.5413
vn -0.0000 0.9810 -0.1942
vn -0.0000 -0.6916 0.7223
vn -0.0000 0.0017 -1.0000
vn -0.0000 0.9792 0.2030
vn -0.0000 0.1022 0.9948
vn -0.0000 -0.2721 -0.9623
vn -0.0000 0.9398 0.3417
vn -0.0000 -1.0000 -0.0033
vn -0.0000 -0.8316 0.5554
vn -0.0000 -1.0000 0.0070
vn -0.0000 0.9464 -0.3230
vn -0.0000 0.0051 -1.0000
vn -0.0000 0.9978 0.0668
vn -0.0000 -0.9969 0.0788
vn -0.0000 1.0000 -0.0006
vn -0.0000 -0.9990 0.0453
vn -0.0000 0.9542 -0.2992
vn -0.0000 -0.4697 0.8828
vn -0.0000 0.3230 -0.9464
vn -0.0000 0.0022 -1.0000
vn -0.0000 -0.9523 -0.3052
vn -0.0000 0.6619 -0.7495
vn -0.0000 0.9787 0.2053
vn -0.0000 -0.6338 -0.7735
vn -0.0000 0.2602 0.9656
vn -0.0000 0.2312 0.9729
vn -0.0000 -0.9959 0.0904
vn -0.0000 1.0000 0.0014
vn -0.0000 -0.2366 -0.9716
vn -0.0000 1.0000 -0.0020
vn -0.0000 0.7164 0.6977
vn -0.0000 -0.0572 -0.9984
vn -0.0000 -0.4352 -0.9004
vn -0.0000 -0.9999 -0.0106
vn -0.0000 0.7141 0.7001
vn -0.0000 -0.9760 0.2176
vn -0.0000 0.0063 -1.0000
vn -0.0000 -0.3790 0.9254
vn -0.0000 -0.6721 -0.7405
vn -0.0000 -0.9492 -0.3147
vn -0.0000 0.3842 0.9233
vn -0.0000 -0.6555 -0.7552
vn -0.0000 -0.9531 0.3026
vn -0.0000 -0.7145 0.6996
vn -0.0000 -0.6540 -0.7565
vn -0.0000 0.0043 -1.0000
vn -0.0000 -0.1063 0.9943
vn -0.0000 -0.8905 -0.4550
vn -0.0000 -0.0399 -0.9992
vn -0.0000 -0.8653 0.5013
vn -0.0000 -0.2339 0.9723
vn -0.0000 -0.6330 0.7741
vn -0.0000 0.0336 -0.9994
vn -0.0000 -0.5333 0.8459
vn -0.0000 -0.2573 -0.9663
vn -0.0000 -0.8261 0.5635
vn -0.0000 0.2102 -0.9777
vn -0.0000 0.4671 0.8842
vn -0.0000 0.0899 -0.9959
vn -0.0000 -0.9745 -0.2242
vn -0.0000 0.9499 -0.3126
vn -0.0000 0.9530 0.3031
vn -0.0000 -0.7212 -0.6927
vn -0.0000 1.0000 -0.0002
vn -0.0000 -0.4616 -0.8871
vn -0.0000 0.0006 -1.0000
vn -0.0000 0.6983 0.7158
vn -0.0000 -0.9999 -0.0160
vn -0.0000 0.1405 0.9901
vn -0.0000 -0.5823 -0.8129
vn -0.0000 0.3527 -0.9357
vn -0.0000 0.1706 0.9853
vn -0.0000 0.6777 0.7353
vn -0.0000 0.0136 -0.9999
vn -0.0000 0.8202 -0.5721
vn -0.0000 0.5080 -0.8614
vn -0.0000 -0.9984 0.0560
vn -0.0000 -0.8445 -0.5355
vn -0.0000 0.9689 -0.2473
vn -0.0000 0.9977 0.0678
vn -0.0000 0.4507 0.8927
vn -0.0000 0.9917 0.1288
vn -0.0000 0.9364 0.3510
vn -0.0000 0.9241 0.3822
vn -0.0000 -0.0223 0.9998
vn -0.0000 0.9823 0.1871
vn -0.0000 0.3831 0.9237
vn -0.0000 0.1174 -0.9931
vn -0.0000 0.9994 -0.0347
vn -0.0000 0.9956 0.0933
vn -0.0000 0.7762 -0.6305
vn -0.0000 1.0000 0.0022
vn -0.0000 0.0445 -0.9990
vn -0.0000 0.4441 -0.8960
vn -0.0000 -0.3113 0.9503
vn -0.0000 -0.2774 -0.9607
vn -0.0000 1.0000 -0.0017
vn -0.0000 -0.0005 -1.0000
vn -0.0000 -0.9873 0.1587
vn -0.0000 0.8066 0.5911
vn -0.0000 0.9738 -0.2273
vn -0.0000 -0.7454 0.6666
vn -0.0000 0.9856 -0.1692
vn -0.0000 -0.2242 -0.9745
vn -0.0000 -0.3201 0.9474
vn -0.0000 -0.7999 -0.6001
vn -0.0000 0.9999 0.0125
vn -0.0000 -0.5026 -0.8645
vn -0.0000 0.4181 -0.9084
vn -0.0000 0.9139 0.4060
vn -0.0000 -0.5430 -0.8398
vn -0.0000 0.9931 0.1171
vn -0.0000 -0.0001 -1.0000
vn -0.0000 -0.0361 0.9993
vn -0.0000 0.9851 -0.1721
vn -0.0000 0.3955 0.9185
vn -0.0000 -0.5716 0.8205
vn -0.0000 -0.3179 -0.9481
vn -0.0000 -0.0738 0.9973
vn -0.0000 -0.5883 0.8087
vn -0.0000 0.0122 -0.9999
vn -0.0000 -0.9987 -0.0502
vn -0.0000 -0.0032 -1.0000
vn -0.0000 -0.6027 0.7979
vn -0.0000 -0.3966 -0.9180
vn -0.0000 0.5127 -0.8585
vn -0.0000 0.7503 0.6611
vn -0.0000 -0.8979 -0.4402
vn -0.0000 -0.7659 -0.6430
vn -0.0000 -0.9649 0.2626
vn -0.0000 -1.0000 0.0089
vn -0.0000 0.2431 0.9700
vn -0.0000 0.2439 -0.9698
vn -0.0000 -0.8329 0.5535
vn -0.0000 -0.8633 0.5047
vn -0.0000 -0.5080 -0.8614
vn -0.0000 0.1180 -0.9930
vn -0.0000 0.3834 0.9236
vn -0.0000 -0.0221 0.9998
vn -0.0000 0.9363 0.3512
vn -0.0000 0.4508 0.8926
vn -0.0000 0.9690 -0.2472
vn -0.0000 -0.8443 -0.5359
vn -0.0000 0.5079 -0.8614
vn -0.0000 0.8200 -0.5724
vn -0.0000 0.0137 -0.9999
vn -0.0000 0.0054 -1.0000
vn -0.0000 0.6776 0.7354
vn -0.0000 0.1720 0.9851
vn -0.0000 0.3530 -0.9356
vn -0.0000 -0.5826 -0.8128
vn -0.0000 -0.4618 -0.8870
vn -0.0000 -0.7213 -0.6927
vn -0.0000 0.9500 -0.3124
vn -0.0000 0.0895 -0.9960
vn -0.0000 0.2100 -0.9777
vn -0.0000 -0.8262 0.5633
vn -0.0000 0.0339 -0.9994
vn -0.0000 -0.0021 -1.0000
vn -0.0000 -0.6330 0.7742
vn -0.0000 -0.2342 0.9722
vn -0.0000 -0.0404 -0.9992
vn -0.0000 -0.8906 -0.4547
vn -0.0000 -0.1057 0.9944
vn -0.0000 0.0042 -1.0000
vn -0.0000 -0.7146 0.6995
vn -0.0000 -0.9531 0.3027
vn -0.0000 -0.6554 -0.7553
vn -0.0000 0.3836 0.9235
vn -0.0000 -0.6720 -0.7405
vn -0.0000 -0.3785 0.9256
vn -0.0000 0.0064 -1.0000
vn -0.0000 0.7142 0.6999
vn -0.0000 -0.4347 -0.9006
vn -0.0000 0.7165 0.6976
vn -0.0000 -0.2368 -0.9716
vn -0.0000 0.2315 0.9728
vn -0.0000 0.2593 0.9658
vn -0.0000 -0.6339 -0.7735
vn -0.0000 0.9787 0.2054
vn -0.0000 -0.0003 -1.0000
vn -0.0000 0.6620 -0.7495
vn -0.0000 0.3231 -0.9464
vn -0.0000 0.9464 -0.3231
vn -0.0000 -0.8315 0.5555
vn -0.0000 -0.2722 -0.9622
vn -0.0000 0.1017 0.9948
vn -0.0000 0.0018 -1.0000
vn -0.0000 -0.6915 0.7224
vn -0.0000 0.9810 -0.1941
vn -0.0000 0.6435 0.7655
vn -0.0000 -0.9368 -0.3498
vn -0.0000 -0.1757 0.9844
vn -0.0000 0.1168 -0.9932
vn -0.0000 0.3144 -0.9493
vn -0.0000 0.5311 0.8473
vn -0.0000 -0.9458 0.3246
vn -0.0000 0.0622 -0.9981
vn -0.0000 -0.5707 -0.8211
vn -0.0000 0.6133 0.7898
vn -0.0000 0.1778 -0.9841
vn -0.0000 -0.9291 0.3699
vn -0.0000 -0.4898 -0.8719
vn -0.0000 -0.1768 0.9842
vn -0.0000 0.0029 -1.0000
vn -0.0000 -0.4714 -0.8819
vn -0.0000 -0.6782 0.7349
vn -0.0000 -0.1180 -0.9930
vn -0.0000 -0.1196 -0.9928
vn -0.0000 -0.4430 0.8965
vn -0.0000 0.3132 0.9497
vn -0.0000 0.0336 0.9994
vn -0.0000 -0.7228 -0.6910
vn -0.0000 -0.4320 -0.9019
vn -0.0000 0.9215 0.3883
vn -0.0000 0.7450 0.6671
vn -0.0000 0.2290 -0.9734
vn -0.0000 -0.3556 -0.9347
vn -0.0000 0.5869 0.8097
vn -0.0000 0.1375 0.9905
vn -0.0000 0.9993 0.0365
vn -0.0000 -0.3160 -0.9487
vn -0.0000 0.3168 0.9485
vn -0.0000 -0.6885 -0.7252
vn -0.0000 -0.9326 0.3609
vn -0.0000 -0.3986 0.9171
vn -0.0000 -0.7476 0.6641
vn -0.0000 -0.6366 0.7712
vn -0.0000 -0.5085 0.8611
vn -0.0000 -0.8981 0.4398
vn -0.0000 -0.2437 0.9699
vn -0.0000 0.0370 -0.9993
vn -0.0000 -0.5071 -0.8619
vn -0.0000 -0.3545 0.9351
vn -0.0000 -0.1730 -0.9849
vn -0.0000 -0.2972 -0.9548
vn -0.0000 0.0140 0.9999
vn -0.0000 0.5008 0.8656
vn -0.0000 -0.0016 -1.0000
vn -0.0000 0.9128 0.4083
vn -0.0000 -0.1991 -0.9800
vn -0.0000 0.1360 -0.9907
vn -0.0000 0.8911 -0.4539
vn -0.0000 -0.8256 -0.5642
vn -0.0000 0.3562 -0.9344
vn -0.0000 -0.7866 -0.6175
vn -0.0000 0.5197 0.8543
vn -0.0000 -0.3574 -0.9340
vn -0.0000 0.9713 0.2378
vn -0.0000 -0.9871 0.1602
vn -0.0000 -0.7835 -0.6213
vn -0.0000 -0.0476 0.9989
vn -0.0000 -0.9567 0.2912
vn -0.0000 -0.0007 -1.0000
vn -0.0000 -0.0960 -0.9954
vn -0.0000 0.0004 -1.0000
vn -0.0000 -0.5620 -0.8271
vn -0.0000 0.8761 -0.4820
vn -0.0000 0.6354 0.7722
vn -0.0000 0.0091 -1.0000
vn -0.0000 -0.3697 -0.9291
vn -0.0000 0.0469 0.9989
vn -0.0000 -0.9999 -0.0115
vn -0.0000 -0.5075 -0.8616
vn -0.0000 -0.8634 0.5046
vn -0.0000 -0.8330 0.5533
vn -0.0000 0.2443 -0.9697
vn -0.0000 0.2423 0.9702
vn -0.0000 0.7505 0.6609
vn -0.0000 0.5126 -0.8586
vn -0.0000 -0.3969 -0.9178
vn -0.0000 -0.6025 0.7981
vn -0.0000 -0.5885 0.8085
vn -0.0000 -0.0736 0.9973
vn -0.0000 -0.5717 0.8205
vn -0.0000 0.3956 0.9184
vn -0.0000 -0.0356 0.9994
vn -0.0000 -0.5427 -0.8400
vn -0.0000 0.9138 0.4062
vn -0.0000 0.4183 -0.9083
vn -0.0000 -0.3198 0.9475
vn -0.0000 -0.2245 -0.9745
vn -0.0000 -0.7450 0.6671
vn -0.0000 0.8066 0.5912
vn -0.0000 -0.2770 -0.9609
vn -0.0000 -0.3115 0.9503
vn -0.0000 0.4443 -0.8959
vn -0.0000 0.0447 -0.9990
vn -0.0000 0.7761 -0.6306
vn 0.9183 0.3958 -0.0000
vn 1.0000 -0.0000 -0.0000
vn 0.8203 -0.5720 -0.0000
vn -0.9481 -0.3180 -0.0000
vn 0.9973 -0.0734 -0.0000
vn 0.8086 -0.5883 -0.0000
vn -0.9999 0.0122 -0.0000
vn -0.0503 -0.9987 -0.0000
vn -1.0000 -0.0032 -0.0000
vn 0.7984 -0.6021 -0.0000
vn -0.9179 -0.3968 -0.0000
vn -0.8586 0.5127 -0.0000
vn 0.6612 0.7502 -0.0000
vn -0.4402 -0.8979 -0.0000
vn -0.6430 -0.7659 -0.0000
vn 0.2626 -0.9649 -0.0000
vn 0.0089 -1.0000 -0.0000
vn 0.9700 0.2430 -0.0000
vn -0.9698 0.2440 -0.0000
vn 0.5534 -0.8329 -0.0000
vn 0.5046 -0.8633 -0.0000
vn -0.8615 -0.5078 -0.0000
vn -0.0115 -0.9999 -0.0000
vn 0.9989 0.0469 -0.0000
vn -0.9293 -0.3692 -0.0000
vn -1.0000 0.0090 -0.0000
vn 0.7720 0.6356 -0.0000
vn 1.0000 -0.0025 -0.0000
vn -0.4820 0.8762 -0.0000
vn -0.8271 -0.5620 -0.0000
vn -0.1065 -0.9943 -0.0000
vn -1.0000 0.0004 -0.0000
vn 0.0372 -0.9993 -0.0000
vn -0.9954 -0.0962 -0.0000
vn -1.0000 -0.0007 -0.0000
vn 0.2911 -0.9567 -0.0000
vn 0.9989 -0.0476 -0.0000
vn -0.6213 -0.7836 -0.0000
vn 0.1602 -0.9871 -0.0000
vn -1.0000 -0.0020 -0.0000
vn -1.0000 0.0037 -0.0000
vn -0.9890 0.1477 -0.0000
vn -1.0000 0.0043 -0.0000
vn 0.2377 0.9713 -0.0000
vn -1.0000 0.0053 -0.0000
vn -0.9339 -0.3575 -0.0000
vn -0.0156 -0.9999 -0.0000
vn 0.8547 0.5191 -0.0000
vn -0.7846 0.6199 -0.0000
vn 0.0029 1.0000 -0.0000
vn -0.6176 -0.7865 -0.0000
vn -0.9344 0.3562 -0.0000
vn -0.5643 -0.8256 -0.0000
vn -0.4537 0.8911 -0.0000
vn -0.5290 0.8487 -0.0000
vn -0.9907 0.1360 -0.0000
vn -0.0845 0.9964 -0.0000
vn -1.0000 -0.0003 -0.0000
vn -0.9800 -0.1988 -0.0000
vn -0.0291 0.9996 -0.0000
vn 0.2155 -0.9765 -0.0000
vn 0.0002 1.0000 -0.0000
vn -0.0014 1.0000 -0.0000
vn 0.5824 -0.8129 -0.0000
vn -0.0022 1.0000 -0.0000
vn 0.4083 0.9128 -0.0000
vn -1.0000 -0.0015 -0.0000
vn 0.4714 0.8819 -0.0000
vn 0.0052 -1.0000 -0.0000
vn 0.8655 0.5009 -0.0000
vn 0.9999 0.0144 -0.0000
vn -0.9549 -0.2970 -0.0000
vn 0.1381 0.9904 -0.0000
vn -0.9849 -0.1732 -0.0000
vn 0.9349 -0.3549 -0.0000
vn -1.0000 0.0052 -0.0000
vn -0.1224 0.9925 -0.0000
vn -0.8619 -0.5071 -0.0000
vn -0.9993 0.0369 -0.0000
vn -0.7960 0.6053 -0.0000
vn -0.0860 -0.9963 -0.0000
vn -0.0049 -1.0000 -0.0000
vn 0.9697 -0.2444 -0.0000
vn -1.0000 -0.0013 -0.0000
vn 0.4398 -0.8981 -0.0000
vn -0.9605 0.2784 -0.0000
vn 0.0202 -0.9998 -0.0000
vn 0.8614 -0.5079 -0.0000
vn 0.7710 -0.6368 -0.0000
vn -0.9747 0.2236 -0.0000
vn 0.6644 -0.7474 -0.0000
vn 0.0209 -0.9998 -0.0000
vn -0.1677 -0.9858 -0.0000
vn -0.3998 0.9166 -0.0000
vn 0.9170 -0.3988 -0.0000
vn 0.3608 -0.9326 -0.0000
vn -0.7253 -0.6884 -0.0000
vn -0.1000 0.9950 -0.0000
vn 0.2521 0.9677 -0.0000
vn -0.0010 1.0000 -0.0000
vn -0.9557 -0.2943 -0.0000
vn -0.4833 -0.8755 -0.0000
vn 0.2907 0.9568 -0.0000
vn 0.3404 0.9403 -0.0000
vn 0.9485 0.3166 -0.0000
vn -0.9488 -0.3159 -0.0000
vn 0.0364 0.9993 -0.0000
vn -0.9251 -0.3796 -0.0000
vn 0.9906 0.1369 -0.0000
vn -0.6774 -0.7356 -0.0000
vn -0.4174 0.9087 -0.0000
vn 0.8098 0.5868 -0.0000
vn 0.0663 -0.9978 -0.0000
vn -0.9348 -0.3552 -0.0000
vn -1.0000 0.0028 -0.0000
vn -0.9734 0.2289 -0.0000
vn -0.5922 -0.8058 -0.0000
vn -1.0000 0.0048 -0.0000
vn 0.8128 0.5825 -0.0000
vn 0.3883 0.9215 -0.0000
vn -0.9019 -0.4320 -0.0000
vn 0.1563 0.9877 -0.0000
vn 0.9994 0.0337 -0.0000
vn -0.6071 0.7946 -0.0000
vn 0.8960 -0.4441 -0.0000
vn -0.7856 -0.6188 -0.0000
vn -0.0762 0.9971 -0.0000
vn -0.9930 -0.1179 -0.0000
vn 0.7348 -0.6783 -0.0000
vn 0.5832 -0.8123 -0.0000
vn 0.0008 1.0000 -0.0000
vn 0.6668 0.7452 -0.0000
vn -0.7198 0.6942 -0.0000
vn -0.8820 -0.4713 -0.0000
vn -1.0000 0.0030 -0.0000
vn 0.1126 -0.9936 -0.0000
vn -0.6910 -0.7229 -0.0000
vn -0.1947 -0.9809 -0.0000
vn 0.9843 -0.1767 -0.0000
vn -0.8718 -0.4898 -0.0000
vn 0.9498 0.3127 -0.0000
vn -1.0000 -0.0028 -0.0000
vn 0.3699 -0.9291 -0.0000
vn -0.9840 0.1781 -0.0000
vn 0.9898 -0.1424 -0.0000
vn 0.7895 0.6138 -0.0000
vn -0.9928 -0.1198 -0.0000
vn 0.4331 -0.9013 -0.0000
vn 0.0024 -1.0000 -0.0000
vn -0.8209 -0.5711 -0.0000
vn -1.0000 -0.0008 -0.0000
vn -1.0000 -0.0022 -0.0000
vn -0.6735 0.7392 -0.0000
vn 0.8475 0.5308 -0.0000
vn -0.8973 -0.4415 -0.0000
vn -0.9932 0.1166 -0.0000
vn 0.9846 -0.1749 -0.0000
vn -0.9980 0.0627 -0.0000
vn -0.3499 -0.9368 -0.0000
vn 0.7661 0.6427 -0.0000
vn 0.3246 -0.9459 -0.0000
vn -0.5413 -0.8408 -0.0000
vn -0.1942 0.9810 -0.0000
vn 0.7223 -0.6916 -0.0000
vn -1.0000 0.0018 -0.0000
vn 0.2030 0.9792 -0.0000
vn 0.9948 0.1023 -0.0000
vn -0.9491 0.3149 -0.0000
vn -0.9623 -0.2721 -0.0000
vn 0.3416 0.9398 -0.0000
vn -0.0033 -1.0000 -0.0000
vn -0.0172 -0.9999 -0.0000
vn 0.5555 -0.8315 -0.0000
vn 0.0070 -1.0000 -0.0000
vn 0.0668 0.9978 -0.0000
vn -0.0006 1.0000 -0.0000
vn 0.0453 -0.9990 -0.0000
vn -0.2992 0.9542 -0.0000
vn 0.8828 -0.4698 -0.0000
vn -0.9464 0.3231 -0.0000
vn -1.0000 0.0022 -0.0000
vn -0.3050 -0.9523 -0.0000
vn -0.7494 0.6621 -0.0000
vn 0.2053 0.9787 -0.0000
vn -0.3230 0.9464 -0.0000
vn -0.7734 -0.6339 -0.0000
vn 0.9655 0.2606 -0.0000
vn 0.9728 0.2315 -0.0000
vn 0.0788 -0.9969 -0.0000
vn 0.0904 -0.9959 -0.0000
vn 0.0014 1.0000 -0.0000
vn -0.9716 -0.2367 -0.0000
vn -0.0020 1.0000 -0.0000
vn 0.6980 0.7161 -0.0000
vn -0.9984 -0.0573 -0.0000
vn -0.9005 -0.4348 -0.0000
vn -0.0106 -0.9999 -0.0000
vn 0.7001 0.7141 -0.0000
vn 0.2176 -0.9760 -0.0000
vn -1.0000 0.0063 -0.0000
vn 0.9255 -0.3787 -0.0000
vn -0.7405 -0.6720 -0.0000
vn -0.3147 -0.9492 -0.0000
vn 0.9234 0.3838 -0.0000
vn -0.7553 -0.6554 -0.0000
vn 0.3026 -0.9531 -0.0000
vn 0.6997 -0.7145 -0.0000
vn -0.7565 -0.6540 -0.0000
vn 0.9943 -0.1063 -0.0000
vn -0.4550 -0.8905 -0.0000
vn -0.9992 -0.0402 -0.0000
vn 0.5013 -0.8653 -0.0000
vn 0.9722 -0.2342 -0.0000
vn 0.7748 -0.6322 -0.0000
vn -0.9994 0.0339 -0.0000
vn 0.8461 -0.5331 -0.0000
vn -0.9663 -0.2573 -0.0000
vn 0.5633 -0.8262 -0.0000
vn -0.9777 0.2101 -0.0000
vn 0.8842 0.4672 -0.0000
vn -0.9960 0.0897 -0.0000
vn -0.2242 -0.9745 -0.0000
vn -0.3124 0.9499 -0.0000
vn 0.3032 0.9529 -0.0000
vn -0.6927 -0.7213 -0.0000
vn -0.0002 1.0000 -0.0000
vn -0.8868 -0.4622 -0.0000
vn -1.0000 0.0007 -0.0000
vn 0.7158 0.6983 -0.0000
vn -0.0160 -0.9999 -0.0000
vn 0.9901 0.1404 -0.0000
vn -0.8128 -0.5826 -0.0000
vn -0.9357 0.3527 -0.0000
vn 0.9852 0.1711 -0.0000
vn 0.7353 0.6777 -0.0000
vn -1.0000 0.0054 -0.0000
vn -0.9999 0.0137 -0.0000
vn -0.5724 0.8200 -0.0000
vn -0.8616 0.5076 -0.0000
vn 0.0560 -0.9984 -0.0000
vn -0.5358 -0.8444 -0.0000
vn -0.2473 0.9689 -0.0000
vn 0.0679 0.9977 -0.0000
vn 0.8921 0.4519 -0.0000
vn 0.1287 0.9917 -0.0000
vn -1.0000 -0.0012 -0.0000
vn 0.3511 0.9363 -0.0000
vn 0.3823 0.9241 -0.0000
vn 0.9997 -0.0225 -0.0000
vn 0.1871 0.9823 -0.0000
vn 0.9240 0.3824 -0.0000
vn -0.9931 0.1177 -0.0000
vn -0.0347 0.9994 -0.0000
vn 0.0933 0.9956 -0.0000
vn -0.6306 0.7761 -0.0000
vn 0.0022 1.0000 -0.0000
vn -0.9990 0.0447 -0.0000
vn -0.8959 0.4443 -0.0000
vn 0.9504 -0.3110 -0.0000
vn -0.9608 -0.2773 -0.0000
vn -0.0017 1.0000 -0.0000
vn -1.0000 -0.0005 -0.0000
vn 0.1586 -0.9873 -0.0000
vn 0.5912 0.8066 -0.0000
vn -0.2273 0.9738 -0.0000
vn 0.6668 -0.7452 -0.0000
vn -0.1692 0.9856 -0.0000
vn -0.9745 -0.2245 -0.0000
vn 0.9475 -0.3197 -0.0000
vn -0.6002 -0.7998 -0.0000
vn 0.0125 0.9999 -0.0000
vn -0.8645 -0.5026 -0.0000
vn -0.9084 0.4182 -0.0000
vn 0.4061 0.9138 -0.0000
vn -0.8399 -0.5427 -0.0000
vn -1.0000 -0.0004 -0.0000
vn 0.1171 0.9931 -0.0000
vn -1.0000 -0.0001 -0.0000
vn 0.9994 -0.0357 -0.0000
vn -0.1721 0.9851 -0.0000
vn -0.0502 -0.9987 -0.0000
vn 0.6611 0.7503 -0.0000
vn -0.8615 -0.5077 -0.0000
vn 0.2378 0.9713 -0.0000
vn -0.7846 0.6200 -0.0000
vn 0.4083 0.9129 -0.0000
vn 0.4397 -0.8981 -0.0000
vn -0.9747 0.2235 -0.0000
vn -0.9557 -0.2944 -0.0000
vn 0.3884 0.9215 -0.0000
vn 0.0452 -0.9990 -0.0000
vn 0.9234 0.3839 -0.0000
vn -0.9994 0.0340 -0.0000
vn 0.5633 -0.8263 -0.0000
vn -0.3125 0.9499 -0.0000
vn 0.7353 0.6778 -0.0000
vn 0.0678 0.9977 -0.0000
vn 0.9240 0.3825 -0.0000
vn 0.1587 -0.9873 -0.0000
vn 0.5912 0.8065 -0.0000
vn -0.0000 -0.0000 -1.0000
vn -0.0000 0.0001 -1.0000
vn -0.0000 -0.0059 -1.0000
vn -0.0000 -0.0080 -1.0000
vn -0.0000 0.0131 -0.9999
vn -0.0000 0.0012 -1.0000
vn -0.0000 0.0075 -1.0000
vn -0.0000 -0.0017 -1.0000
vn -0.0000 0.0002 -1.0000
vn -0.0000 -0.0045 -1.0000
vn -0.0000 0.0088 -1.0000
vn -0.0000 -0.0009 -1.0000
vn -0.0000 0.0003 -1.0000
vn -0.0000 0.0008 -1.0000
vn -0.0000 0.0023 -1.0000
vn -0.0000 0.0009 -1.0000
vn -0.0000 0.0034 -1.0000
vn -0.0000 -0.0040 -1.0000
vn -0.0000 -0.0051 -1.0000
vn -0.0000 0.0014 -1.0000
vn -0.0000 -0.0023 -1.0000
vn -0.0000 -0.0047 -1.0000
vn -0.0000 0.0021 -1.0000
vn -0.0000 0.0007 -1.0000
vn -0.0000 0.0020 -1.0000
vn -0.0000 -0.0075 -1.0000
vn -0.6002 -0.7999 -0.0000
vt 0.981424 0.000000
vt 0.993808 0.000000
vt 0.978328 0.000000
vt 0.792570 0.000000
vt 0.845201 0.000000
vt 0.848297 0.000000
vt 0.795666 0.000000
vt 0.798762 0.000000
vt 0.839009 0.000000
vt 0.631579 0.000000
vt 0.266254 0.000000
vt 0.269350 0.000000
vt 0.300310 0.000000
vt 0.377709 0.000000
vt 0.297214 0.000000
vt 0.724458 0.000000
vt 0.876161 0.000000
vt 0.879257 0.000000
vt 0.569659 0.000000
vt 0.572755 0.000000
vt 0.467492 0.000000
vt 0.380805 0.000000
vt 0.383901 0.000000
vt 0.294118 0.000000
vt 0.321981 0.000000
vt 0.374613 0.000000
vt 0.318885 0.000000
vt 0.399381 0.000000
vt 0.458204 0.000000
vt 0.461300 0.000000
vt 0.309598 0.000000
vt 0.306502 0.000000
vt 0.752322 0.000000
vt 0.755418 0.000000
vt 0.860681 0.000000
vt 0.408669 0.000000
vt 0.445820 0.000000
vt 0.448916 0.000000
vt 0.393189 0.000000
vt 0.396285 0.000000
vt 0.287926 0.000000
vt 0.436532 0.000000
vt 0.439628 0.000000
vt 0.417957 0.000000
vt 0.424149 0.000000
vt 0.433437 0.000000
vt 0.421053 0.000000
vt 0.222910 0.000000
vt 0.226006 0.000000
vt 0.229102 0.000000
vt 0.402477 0.000000
vt 0.427245 0.000000
vt 0.430341 0.000000
vt 0.315789 0.000000
vt 0.365325 0.000000
vt 0.352941 0.000000
vt 0.362229 0.000000
vt 0.526316 0.000000
vt 0.529412 0.000000
vt 0.532508 0.000000
vt 0.133127 0.000000
vt 0.136223 0.000000
vt 0.139319 0.000000
vt 0.411765 0.000000
vt 0.349845 0.000000
vt 0.405573 0.000000
vt 0.368421 0.000000
vt 0.346749 0.000000
vt 0.452012 0.000000
vt 0.455108 0.000000
vt 0.371517 0.000000
vt 0.343653 0.000000
vt 0.340557 0.000000
vt 0.043344 0.000000
vt 0.046440 0.000000
vt 0.068111 0.000000
vt 0.337461 0.000000
vt 0.334365 0.000000
vt 0.712074 0.000000
vt 0.715170 0.000000
vt 0.934985 0.000000
vt 0.331269 0.000000
vt 0.328173 0.000000
vt 0.325077 0.000000
vt 0.312694 0.000000
vt 0.356037 0.000000
vt 0.359133 0.000000
vt 0.303406 0.000000
vt 0.718266 0.000000
vt 0.386997 0.000000
vt 0.390093 0.000000
vt 0.291022 0.000000
vt 0.464396 0.000000
vt 0.575851 0.000000
vt 0.891641 0.000000
vt 0.928793 0.000000
vt 0.888545 0.000000
vt 0.470588 0.000000
vt 0.256966 0.000000
vt 0.260062 0.000000
vt 0.074303 0.000000
vt 0.030960 0.000000
vt 0.034056 0.000000
vt 0.578947 0.000000
vt 0.554180 0.000000
vt 0.557276 0.000000
vt 0.476780 0.000000
vt 0.566563 0.000000
vt 0.482972 0.000000
vt 0.498452 0.000000
vt 0.501548 0.000000
vt 0.637771 0.000000
vt 0.640867 0.000000
vt 0.176471 0.000000
vt 0.278638 0.000000
vt 0.281734 0.000000
vt 0.591331 0.000000
vt 0.275542 0.000000
vt 0.597523 0.000000
vt 0.027864 0.000000
vt 0.489164 0.000000
vt 0.492260 0.000000
vt 0.486068 0.000000
vt 0.551084 0.000000
vt 0.547988 0.000000
vt 0.086687 0.000000
vt 0.089783 0.000000
vt 0.690402 0.000000
vt 0.563468 0.000000
vt 0.272446 0.000000
vt 0.613003 0.000000
vt 0.616099 0.000000
vt 0.931889 0.000000
vt 0.885449 0.000000
vt 0.473684 0.000000
vt 0.560372 0.000000
vt 0.284830 0.000000
vt 0.495356 0.000000
vt 0.582043 0.000000
vt 0.777090 0.000000
vt 0.780186 0.000000
vt 0.854489 0.000000
vt 0.600619 0.000000
vt 0.603715 0.000000
vt 0.749226 0.000000
vt 0.863777 0.000000
vt 0.544892 0.000000
vt 0.479876 0.000000
vt 0.541796 0.000000
vt 0.538700 0.000000
vt 0.535604 0.000000
vt 0.504644 0.000000
vt 0.523220 0.000000
vt 0.594427 0.000000
vt 0.507740 0.000000
vt 0.758514 0.000000
vt 0.857585 0.000000
vt 0.247678 0.000000
vt 0.250774 0.000000
vt 0.520124 0.000000
vt 0.517028 0.000000
vt 0.058824 0.000000
vt 0.061920 0.000000
vt 0.052632 0.000000
vt 0.773994 0.000000
vt 0.513932 0.000000
vt 0.510836 0.000000
vt 0.585139 0.000000
vt 0.588235 0.000000
vt 0.606811 0.000000
vt 0.869969 0.000000
vt 0.736842 0.000000
vt 0.739938 0.000000
vt 0.770898 0.000000
vt 0.625387 0.000000
vt 0.628483 0.000000
vt 0.721362 0.000000
vt 0.634675 0.000000
vt 0.263158 0.000000
vt 0.851393 0.000000
vt 0.789474 0.000000
vt 0.195046 0.000000
vt 0.619195 0.000000
vt 0.216718 0.000000
vt 0.219814 0.000000
vt 0.801858 0.000000
vt 0.832817 0.000000
vt 0.000000 0.000000
vt 0.003096 0.000000
vt 0.965944 0.000000
vt 0.873065 0.000000
vt 0.733746 0.000000
vt 0.253870 0.000000
vt 0.238390 0.000000
vt 0.241486 0.000000
vt 0.235294 0.000000
vt 0.232198 0.000000
vt 0.244582 0.000000
vt 0.130031 0.000000
vt 0.213622 0.000000
vt 0.210526 0.000000
vt 0.207430 0.000000
vt 0.204334 0.000000
vt 0.201238 0.000000
vt 0.198142 0.000000
vt 0.191950 0.000000
vt 0.188854 0.000000
vt 0.185759 0.000000
vt 0.767802 0.000000
vt 0.182663 0.000000
vt 0.179567 0.000000
vt 0.173375 0.000000
vt 0.170279 0.000000
vt 0.167183 0.000000
vt 0.164087 0.000000
vt 0.160991 0.000000
vt 0.108359 0.000000
vt 0.037152 0.000000
vt 0.040248 0.000000
vt 0.154799 0.000000
vt 0.111455 0.000000
vt 0.157895 0.000000
vt 0.049536 0.000000
vt 0.065015 0.000000
vt 0.142415 0.000000
vt 0.145511 0.000000
vt 0.148607 0.000000
vt 0.123839 0.000000
vt 0.126935 0.000000
vt 0.120743 0.000000
vt 0.117647 0.000000
vt 0.114551 0.000000
vt 0.151703 0.000000
vt 0.643963 0.000000
vt 0.105263 0.000000
vt 0.647059 0.000000
vt 0.102167 0.000000
vt 0.650155 0.000000
vt 0.099071 0.000000
vt 0.653251 0.000000
vt 0.095975 0.000000
vt 0.656347 0.000000
vt 0.659443 0.000000
vt 0.962848 0.000000
vt 0.077399 0.000000
vt 0.662539 0.000000
vt 0.092879 0.000000
vt 0.665635 0.000000
vt 0.668731 0.000000
vt 0.671827 0.000000
vt 0.674923 0.000000
vt 0.678019 0.000000
vt 0.681115 0.000000
vt 0.684211 0.000000
vt 0.687307 0.000000
vt 0.693498 0.000000
vt 0.786378 0.000000
vt 0.996904 0.000000
vt 1.000000 0.000000
vt 0.975232 0.000000
vt 0.820433 0.000000
vt 0.823529 0.000000
vt 0.804954 0.000000
vt 0.696594 0.000000
vt 0.972136 0.000000
vt 0.984520 0.000000
vt 0.987616 0.000000
vt 0.990712 0.000000
vt 0.826625 0.000000
vt 0.699690 0.000000
vt 0.012384 0.000000
vt 0.015480 0.000000
vt 0.817337 0.000000
vt 0.808050 0.000000
vt 0.783282 0.000000
vt 0.811145 0.000000
vt 0.727554 0.000000
vt 0.730650 0.000000
vt 0.702786 0.000000
vt 0.414861 0.000000
vt 0.442724 0.000000
vt 0.814241 0.000000
vt 0.006192 0.000000
vt 0.009288 0.000000
vt 0.705882 0.000000
vt 0.708978 0.000000
vt 0.866873 0.000000
vt 0.743034 0.000000
vt 0.746130 0.000000
vt 0.938080 0.000000
vt 0.842105 0.000000
vt 0.829721 0.000000
vt 0.764706 0.000000
vt 0.609907 0.000000
vt 0.882353 0.000000
vt 0.941176 0.000000
vt 0.894737 0.000000
vt 0.897833 0.000000
vt 0.900929 0.000000
vt 0.904025 0.000000
vt 0.907121 0.000000
vt 0.910217 0.000000
vt 0.913313 0.000000
vt 0.919505 0.000000
vt 0.916409 0.000000
vt 0.922601 0.000000
vt 0.925697 0.000000
vt 0.083591 0.000000
vt 0.080495 0.000000
vt 0.953560 0.000000
vt 0.956656 0.000000
vt 0.947368 0.000000
vt 0.950464 0.000000
vt 0.944272 0.000000
vt 0.959752 0.000000
vt 0.018576 0.000000
vt 0.969040 0.000000
vt 0.021672 0.000000
vt 0.071207 0.000000
vt 0.835913 0.000000
vt 0.761610 0.000000
vt 0.055728 0.000000
vt 0.024768 0.000000
vt 0.622291 0.000000
s 0
g Linea_M_corner_SVGMat
usemtl SVGMat
f 318/1/1 322/2/1 317/3/1
f 257/4/2 274/5/2 275/6/2
f 258/7/1 259/8/1 272/9/1
f 205/10/1 87/11/1 88/12/1
f 98/13/3 123/14/3 97/15/3
f 235/16/1 284/17/1 285/18/1
f 185/19/1 186/20/1 152/21/1
f 124/22/1 125/23/1 96/24/1
f 105/25/1 122/26/1 104/27/1
f 130/28/1 149/29/1 150/30/1
f 101/31/1 123/14/1 100/32/1
f 244/33/1 245/34/1 279/35/1
f 133/36/1 145/37/1 146/38/1
f 128/39/1 129/40/1 94/41/1
f 142/42/1 143/43/1 136/44/1
f 138/45/1 141/46/1 137/47/1
f 73/48/1 74/49/1 75/50/1
f 130/28/1 131/51/1 149/29/1
f 139/52/4 140/53/4 138/45/4
f 104/27/1 122/26/1 103/54/1
f 138/45/5 140/53/5 141/46/5
f 119/55/6 115/56/6 118/57/6
f 171/58/1 172/59/1 173/60/1
f 44/61/1 45/62/1 46/63/1
f 133/36/1 134/64/1 145/37/1
f 115/56/1 119/55/1 114/65/1
f 132/66/1 133/36/1 146/38/1
f 114/65/1 120/67/1 113/68/1
f 131/51/1 147/69/1 148/70/1
f 113/68/1 121/71/1 112/72/1
f 132/66/1 146/38/1 147/69/1
f 112/72/1 121/71/1 111/73/1
f 15/74/7 16/75/7 23/76/7
f 111/73/1 121/71/1 110/77/1
f 131/51/1 132/66/1 147/69/1
f 110/77/8 121/71/8 109/78/8
f 231/79/1 232/80/1 303/81/1
f 108/82/1 122/26/1 107/83/1
f 107/83/9 122/26/9 106/84/9
f 106/84/1 122/26/1 105/25/1
f 103/54/10 123/14/10 102/85/10
f 102/85/1 123/14/1 101/31/1
f 116/86/11 117/87/11 118/57/11
f 100/32/1 123/14/1 99/88/1
f 99/88/1 123/14/1 98/13/1
f 303/81/1 232/80/1 233/89/1
f 126/90/1 127/91/1 95/92/1
f 125/23/1 126/90/1 96/24/1
f 97/15/1 124/22/1 96/24/1
f 129/40/1 150/30/1 151/93/1
f 131/51/1 148/70/1 149/29/1
f 96/24/1 126/90/1 95/92/1
f 129/40/1 130/28/1 150/30/1
f 95/92/1 128/39/1 94/41/1
f 129/40/1 151/93/1 187/94/1
f 289/95/1 301/96/1 288/97/1
f 186/20/1 187/94/1 151/93/1
f 152/21/1 186/20/1 151/93/1
f 153/98/1 185/19/1 152/21/1
f 73/48/12 84/99/12 85/100/12
f 25/101/1 11/102/1 12/103/1
f 187/94/13 188/104/13 129/40/13
f 180/105/1 181/106/1 155/107/1
f 185/19/1 153/98/1 184/108/1
f 157/109/1 162/110/1 163/111/1
f 141/46/1 142/42/1 137/47/1
f 207/112/1 208/113/1 58/114/1
f 91/115/1 92/116/1 192/117/1
f 90/118/1 91/115/1 194/119/1
f 25/101/13 10/120/13 11/102/13
f 159/121/1 160/122/1 158/123/1
f 179/124/1 155/107/1 178/125/1
f 29/126/1 30/127/1 224/128/1
f 184/108/14 153/98/14 183/129/14
f 89/130/1 199/131/1 200/132/1
f 288/97/1 302/133/1 287/134/1
f 183/129/2 154/135/2 182/136/2
f 93/137/1 94/41/1 188/104/1
f 158/123/7 160/122/7 161/138/7
f 180/105/1 155/107/1 179/124/1
f 93/137/1 188/104/1 189/139/1
f 157/109/1 158/123/1 161/138/1
f 252/140/1 253/141/1 277/142/1
f 90/118/1 195/143/1 196/144/1
f 90/118/1 194/119/1 195/143/1
f 243/145/1 244/33/1 280/146/1
f 177/147/2 156/148/2 176/149/2
f 176/149/1 156/148/1 175/150/1
f 89/130/1 90/118/1 199/131/1
f 175/150/1 156/148/1 174/151/1
f 157/109/13 163/111/13 164/152/13
f 156/148/1 170/153/1 174/151/1
f 170/153/15 173/60/15 174/151/15
f 91/115/1 192/117/1 193/154/1
f 157/109/2 164/152/2 165/155/2
f 246/156/1 278/157/1 279/35/1
f 171/58/1 173/60/1 170/153/1
f 73/48/16 81/158/16 82/159/16
f 108/82/1 109/78/1 122/26/1
f 170/153/12 156/148/12 169/160/12
f 169/160/2 156/148/2 168/161/2
f 20/162/15 21/163/15 18/164/15
f 277/142/13 251/165/13 252/140/13
f 168/161/1 156/148/1 167/166/1
f 167/166/1 157/109/1 166/167/1
f 123/14/1 124/22/1 97/15/1
f 92/116/1 93/137/1 190/168/1
f 182/136/13 154/135/13 181/106/13
f 92/116/1 190/168/1 191/169/1
f 90/118/1 196/144/1 197/170/1
f 282/171/1 239/172/1 240/173/1
f 277/142/2 250/174/2 251/165/2
f 88/12/1 89/130/1 203/175/1
f 204/176/1 88/12/1 203/175/1
f 204/176/1 205/10/1 88/12/1
f 302/133/2 233/89/2 234/177/2
f 206/178/1 87/11/1 205/10/1
f 206/178/1 86/179/1 87/11/1
f 275/6/1 276/180/1 256/181/1
f 206/178/1 207/112/1 64/182/1
f 89/130/1 200/132/1 201/183/1
f 86/179/1 71/184/1 85/100/1
f 72/185/1 73/48/1 85/100/1
f 142/42/13 136/44/13 137/47/13
f 259/8/1 260/186/1 270/187/1
f 1/188/1 2/189/1 313/190/1
f 283/191/1 238/192/1 239/172/1
f 73/48/17 83/193/17 84/99/17
f 73/48/3 78/194/3 79/195/3
f 73/48/6 77/196/6 78/194/6
f 73/48/18 76/197/18 77/196/18
f 73/48/19 75/50/19 76/197/19
f 79/195/1 80/198/1 73/48/1
f 44/61/1 46/63/1 43/199/1
f 71/184/20 86/179/20 70/200/20
f 70/200/8 86/179/8 69/201/8
f 69/201/1 206/178/1 68/202/1
f 68/202/1 206/178/1 67/203/1
f 67/203/1 206/178/1 66/204/1
f 66/204/1 206/178/1 65/205/1
f 65/205/1 206/178/1 64/182/1
f 207/112/1 63/206/1 64/182/1
f 207/112/1 62/207/1 63/206/1
f 207/112/1 61/208/1 62/207/1
f 249/209/1 250/174/1 278/157/1
f 156/148/1 157/109/1 167/166/1
f 60/210/1 207/112/1 59/211/1
f 59/211/1 207/112/1 58/114/1
f 208/113/1 57/212/1 58/114/1
f 208/113/2 56/213/2 57/212/2
f 208/113/1 55/214/1 56/213/1
f 208/113/1 54/215/1 55/214/1
f 208/113/1 53/216/1 54/215/1
f 208/113/1 36/217/1 53/216/1
f 25/101/2 13/218/2 14/219/2
f 51/220/13 36/217/13 37/221/13
f 36/217/1 52/222/1 53/216/1
f 36/217/2 51/220/2 52/222/2
f 17/223/21 21/163/21 22/224/21
f 115/56/22 116/86/22 118/57/22
f 119/55/1 120/67/1 114/65/1
f 46/63/23 47/225/23 43/199/23
f 48/226/1 49/227/1 41/228/1
f 73/48/10 82/159/10 83/193/10
f 42/229/1 48/226/1 41/228/1
f 41/228/1 49/227/1 40/230/1
f 40/230/24 49/227/24 39/231/24
f 39/231/25 49/227/25 38/232/25
f 38/232/1 49/227/1 37/221/1
f 50/233/1 51/220/1 37/221/1
f 209/234/1 36/217/1 208/113/1
f 209/234/1 35/235/1 36/217/1
f 210/236/1 35/235/1 209/234/1
f 210/236/1 34/237/1 35/235/1
f 211/238/1 34/237/1 210/236/1
f 211/238/1 33/239/1 34/237/1
f 212/240/1 33/239/1 211/238/1
f 212/240/1 32/241/1 33/239/1
f 213/242/1 32/241/1 212/240/1
f 213/242/1 214/243/1 32/241/1
f 312/244/1 25/101/1 26/245/1
f 215/246/1 31/247/1 214/243/1
f 215/246/1 216/248/1 31/247/1
f 214/243/1 31/247/1 32/241/1
f 217/249/1 30/127/1 216/248/1
f 218/250/1 30/127/1 217/249/1
f 219/251/1 30/127/1 218/250/1
f 220/252/1 30/127/1 219/251/1
f 221/253/1 30/127/1 220/252/1
f 222/254/1 30/127/1 221/253/1
f 223/255/1 30/127/1 222/254/1
f 224/128/1 30/127/1 223/255/1
f 225/256/1 29/126/1 224/128/1
f 256/181/1 253/141/1 255/257/1
f 121/71/1 122/26/1 109/78/1
f 92/116/1 191/169/1 192/117/1
f 120/67/1 121/71/1 113/68/1
f 323/258/1 324/259/1 316/260/1
f 43/199/1 47/225/1 42/229/1
f 266/261/1 267/262/1 261/263/1
f 257/4/1 258/7/1 274/5/1
f 226/264/1 29/126/1 225/256/1
f 324/259/1 1/188/1 315/265/1
f 49/227/1 50/233/1 37/221/1
f 319/266/26 320/267/26 321/268/26
f 157/109/1 161/138/1 162/110/1
f 276/180/1 253/141/1 256/181/1
f 260/186/1 261/263/1 268/269/1
f 227/270/1 29/126/1 226/264/1
f 5/271/1 6/272/1 312/244/1
f 265/273/9 266/261/9 262/274/9
f 253/141/1 254/275/1 255/257/1
f 263/276/1 265/273/1 262/274/1
f 284/17/13 236/277/13 237/278/13
f 228/279/1 29/126/1 227/270/1
f 135/280/2 143/43/2 144/281/2
f 264/282/1 265/273/1 263/276/1
f 3/283/1 4/284/1 313/190/1
f 229/285/1 29/126/1 228/279/1
f 153/98/1 154/135/1 183/129/1
f 2/189/1 3/283/1 313/190/1
f 230/286/1 303/81/1 229/285/1
f 282/171/1 283/191/1 239/172/1
f 155/107/1 156/148/1 178/125/1
f 93/137/2 189/139/2 190/168/2
f 281/287/2 241/288/2 242/289/2
f 304/290/1 29/126/1 229/285/1
f 245/34/1 246/156/1 279/35/1
f 25/101/13 12/103/13 13/218/13
f 134/64/1 135/280/1 144/281/1
f 256/181/1 257/4/1 275/6/1
f 302/133/1 234/177/1 285/18/1
f 258/7/14 273/291/14 274/5/14
f 266/261/2 261/263/2 262/274/2
f 260/186/2 269/292/2 270/187/2
f 284/17/2 235/16/2 236/277/2
f 134/64/13 144/281/13 145/37/13
f 230/286/1 231/79/1 303/81/1
f 282/171/13 240/173/13 241/288/13
f 242/289/1 243/145/1 280/146/1
f 122/26/1 123/14/1 103/54/1
f 261/263/15 267/262/15 268/269/15
f 258/7/27 272/9/27 273/291/27
f 260/186/2 268/269/2 269/292/2
f 244/33/1 279/35/1 280/146/1
f 283/191/2 284/17/2 237/278/2
f 303/81/1 304/290/1 229/285/1
f 250/174/1 277/142/1 278/157/1
f 281/287/1 282/171/1 241/288/1
f 248/293/1 249/209/1 278/157/1
f 90/118/1 198/294/1 199/131/1
f 234/177/1 235/16/1 285/18/1
f 60/210/1 61/208/1 207/112/1
f 286/295/1 302/133/1 285/18/1
f 280/146/1 281/287/1 242/289/1
f 287/134/1 302/133/1 286/295/1
f 177/147/1 178/125/1 156/148/1
f 157/109/13 165/155/13 166/167/13
f 29/126/1 304/290/1 305/296/1
f 290/297/1 301/96/1 289/95/1
f 291/298/1 301/96/1 290/297/1
f 292/299/1 301/96/1 291/298/1
f 293/300/1 301/96/1 292/299/1
f 294/301/1 301/96/1 293/300/1
f 295/302/1 301/96/1 294/301/1
f 296/303/15 301/96/15 295/302/15
f 73/48/5 80/198/5 81/158/5
f 298/304/1 301/96/1 297/305/1
f 299/306/1 301/96/1 298/304/1
f 300/307/1 301/96/1 299/306/1
f 301/96/1 302/133/1 288/97/1
f 21/163/12 17/223/12 18/164/12
f 296/303/1 297/305/1 301/96/1
f 302/133/1 303/81/1 233/89/1
f 28/308/1 29/126/1 305/296/1
f 216/248/1 30/127/1 31/247/1
f 27/309/1 309/310/1 310/311/1
f 27/309/1 28/308/1 307/312/1
f 308/313/1 27/309/1 307/312/1
f 308/313/1 309/310/1 27/309/1
f 28/308/1 305/296/1 306/314/1
f 26/245/1 27/309/1 310/311/1
f 311/315/1 26/245/1 310/311/1
f 311/315/1 312/244/1 26/245/1
f 28/308/1 306/314/1 307/312/1
f 313/190/1 5/271/1 312/244/1
f 71/184/1 72/185/1 85/100/1
f 6/272/1 7/316/1 312/244/1
f 314/317/1 1/188/1 313/190/1
f 315/265/7 1/188/7 314/317/7
f 318/1/5 319/266/5 321/268/5
f 316/260/1 324/259/1 315/265/1
f 25/101/1 7/316/1 8/318/1
f 317/3/1 323/258/1 316/260/1
f 24/319/1 15/74/1 23/76/1
f 283/191/1 237/278/1 238/192/1
f 4/284/1 5/271/1 313/190/1
f 259/8/2 271/320/2 272/9/2
f 90/118/1 197/170/1 198/294/1
f 16/75/27 17/223/27 22/224/27
f 322/2/1 318/1/1 321/268/1
f 16/75/13 22/224/13 23/76/13
f 247/321/12 248/293/12 278/157/12
f 47/225/1 48/226/1 42/229/1
f 322/2/1 323/258/1 317/3/1
f 19/322/1 20/162/1 18/164/1
f 25/101/1 9/323/1 10/120/1
f 127/91/1 128/39/1 95/92/1
f 86/179/1 206/178/1 69/201/1
f 143/43/2 135/280/2 136/44/2
f 89/130/1 201/183/1 202/324/1
f 89/130/1 202/324/1 203/175/1
f 7/316/1 25/101/1 312/244/1
f 15/74/1 24/319/1 14/219/1
f 246/156/1 247/321/1 278/157/1
f 25/101/2 8/318/2 9/323/2
f 154/135/1 155/107/1 181/106/1
f 91/115/1 193/154/1 194/119/1
f 24/319/13 25/101/13 14/219/13
f 188/104/1 94/41/1 129/40/1
f 253/141/1 276/180/1 277/142/1
f 259/8/28 270/187/28 271/320/28
f 356/241/29 680/241/29 681/239/29 357/239/29
f 639/265/30 963/265/30 964/260/30 640/260/30
f 611/134/31 935/134/31 936/97/31 612/97/31
f 376/222/32 700/222/32 701/216/32 377/216/32
f 348/319/33 672/319/33 673/101/33 349/101/33
f 584/186/34 908/186/34 909/263/34 585/263/34
f 631/312/35 955/312/35 956/313/35 632/313/35
f 489/155/36 813/155/36 814/167/36 490/167/36
f 603/35/37 927/35/37 928/146/37 604/146/37
f 327/283/38 651/283/38 652/284/38 328/284/38
f 481/109/39 805/109/39 806/123/39 482/123/39
f 538/243/40 862/243/40 863/246/40 539/246/40
f 493/160/41 817/160/41 818/153/41 494/153/41
f 385/208/42 709/208/42 710/207/42 386/207/42
f 485/138/43 809/138/43 810/110/43 486/110/43
f 340/75/44 664/75/44 665/223/44 341/223/44
f 530/178/45 854/178/45 855/112/45 531/112/45
f 477/98/46 801/98/46 802/135/46 478/135/46
f 595/320/47 919/320/47 920/9/47 596/9/47
f 469/37/48 793/37/48 794/38/48 470/38/48
f 566/289/49 890/289/49 891/145/49 567/145/49
f 473/29/50 797/29/50 798/30/50 474/30/50
f 522/294/51 846/294/51 847/131/51 523/131/51
f 332/318/52 656/318/52 657/323/52 333/323/52
f 368/61/53 692/61/53 693/62/53 369/62/53
f 587/276/54 911/276/54 912/282/54 588/282/54
f 558/177/55 882/177/55 883/16/55 559/16/55
f 623/306/56 947/306/56 948/307/56 624/307/56
f 465/46/57 789/46/57 790/42/57 466/42/57
f 514/168/58 838/168/58 839/169/58 515/169/58
f 461/47/59 785/47/59 786/45/59 462/45/59
f 550/264/60 874/264/60 875/270/60 551/270/60
f 542/250/61 866/250/61 867/251/61 543/251/61
f 360/217/29 684/217/29 685/221/29 361/221/29
f 579/257/62 903/257/62 904/181/62 580/181/62
f 534/236/63 858/236/63 859/238/63 535/238/63
f 615/298/64 939/298/64 940/299/64 616/299/64
f 457/36/65 781/36/65 782/64/65 458/64/65
f 506/136/66 830/136/66 831/129/66 507/129/66
f 453/40/67 777/40/67 778/28/67 454/28/67
f 352/308/29 676/308/29 677/126/29 353/126/29
f 449/23/68 773/23/68 774/90/68 450/90/68
f 498/151/69 822/151/69 823/150/69 499/150/69
f 445/71/70 769/71/70 770/26/70 446/26/70
f 571/321/71 895/321/71 896/293/71 572/293/71
f 607/191/72 931/191/72 932/17/72 608/17/72
f 441/87/73 765/87/73 766/57/73 442/57/73
f 490/167/74 814/167/74 815/166/74 491/166/74
f 437/68/75 761/68/75 762/65/75 438/65/75
f 433/78/76 757/78/76 758/77/76 434/77/76
f 482/123/77 806/123/77 807/121/77 483/121/77
f 429/25/29 753/25/29 754/84/29 430/84/29
f 563/172/78 887/172/78 888/173/78 564/173/78
f 526/324/79 850/324/79 851/175/79 527/175/79
f 344/162/80 668/162/80 669/163/80 345/163/80
f 474/30/81 798/30/81 799/93/81 475/93/81
f 421/15/29 745/15/29 746/13/29 422/13/29
f 555/79/82 879/79/82 880/80/82 556/80/82
f 518/119/83 842/119/83 843/143/83 519/143/83
f 599/6/84 923/6/84 924/180/84 600/180/84
f 425/31/29 749/31/29 750/85/29 426/85/29
f 547/255/85 871/255/85 872/128/85 548/128/85
f 510/20/86 834/20/86 835/94/86 511/94/86
f 417/137/29 741/137/29 742/41/29 418/41/29
f 413/130/29 737/130/29 738/118/29 414/118/29
f 336/103/87 660/103/87 661/218/87 337/218/87
f 405/158/88 729/158/88 730/159/88 406/159/88
f 539/246/89 863/246/89 864/248/89 540/248/89
f 502/125/90 826/125/90 827/124/90 503/124/90
f 591/262/91 915/262/91 916/269/91 592/269/91
f 409/100/29 733/100/29 734/179/29 410/179/29
f 338/219/92 662/219/92 663/74/92 339/74/92
f 401/196/93 725/196/93 726/194/93 402/194/93
f 393/201/94 717/201/94 718/200/94 394/200/94
f 466/42/95 790/42/95 791/43/95 467/43/95
f 397/48/96 721/48/96 722/49/96 398/49/96
f 328/284/97 652/284/97 653/271/97 329/271/97
f 646/2/98 970/2/98 971/258/98 647/258/98
f 531/112/99 855/112/99 856/113/99 532/113/99
f 583/8/100 907/8/100 908/186/100 584/186/100
f 389/205/101 713/205/101 714/204/101 390/204/101
f 494/153/102 818/153/102 819/58/102 495/58/102
f 642/1/103 966/1/103 967/266/103 643/266/103
f 458/64/104 782/64/104 783/280/104 459/280/104
f 575/165/105 899/165/105 900/140/105 576/140/105
f 450/90/106 774/90/106 775/91/106 451/91/106
f 638/317/107 962/317/107 963/265/107 639/265/107
f 486/110/108 810/110/108 811/111/108 487/111/108
f 567/145/109 891/145/109 892/33/109 568/33/109
f 442/57/110 766/57/110 767/55/110 443/55/110
f 381/212/111 705/212/111 706/114/111 382/114/111
f 523/131/112 847/131/112 848/132/112 524/132/112
f 559/16/113 883/16/113 884/277/113 560/277/113
f 634/311/114 958/311/114 959/315/114 635/315/114
f 434/77/115 758/77/115 759/73/115 435/73/115
f 515/169/116 839/169/116 840/117/116 516/117/116
f 551/270/117 875/270/117 876/279/117 552/279/117
f 377/216/118 701/216/118 702/215/118 378/215/118
f 426/85/29 750/85/29 751/54/29 427/54/29
f 339/74/119 663/74/119 664/75/119 340/75/119
f 617/300/120 941/300/120 942/301/120 618/301/120
f 478/135/121 802/135/121 803/107/121 479/107/121
f 543/251/122 867/251/122 868/252/122 544/252/122
f 626/133/123 950/133/123 951/81/123 627/81/123
f 470/38/124 794/38/124 795/69/124 471/69/124
f 535/238/125 859/238/125 860/240/125 536/240/125
f 369/62/126 693/62/126 694/63/126 370/63/126
f 418/41/29 742/41/29 743/92/29 419/92/29
f 630/314/127 954/314/127 955/312/127 631/312/127
f 373/227/128 697/227/128 698/233/128 374/233/128
f 572/293/129 896/293/129 897/209/129 573/209/129
f 618/301/130 942/301/130 943/302/130 619/302/130
f 410/179/29 734/179/29 735/11/29 411/11/29
f 622/304/131 946/304/131 947/306/131 623/306/131
f 564/173/132 888/173/132 889/288/132 565/288/132
f 361/221/133 685/221/133 686/232/133 362/232/133
f 365/228/134 689/228/134 690/229/134 366/229/134
f 462/45/135 786/45/135 787/52/135 463/52/135
f 610/295/81 934/295/81 935/134/81 611/134/81
f 402/194/136 726/194/136 727/195/136 403/195/136
f 614/297/137 938/297/137 939/298/137 615/298/137
f 556/80/138 880/80/138 881/89/138 557/89/138
f 527/175/139 851/175/139 852/176/139 528/176/139
f 353/126/29 677/126/29 678/127/29 354/127/29
f 394/200/140 718/200/140 719/184/140 395/184/140
f 357/239/29 681/239/29 682/237/29 358/237/29
f 499/150/141 823/150/141 824/149/141 500/149/141
f 454/28/142 778/28/142 779/51/142 455/51/142
f 548/128/143 872/128/143 873/256/143 549/256/143
f 519/143/144 843/143/144 844/144/144 520/144/144
f 602/157/145 926/157/145 927/35/145 603/35/145
f 491/166/146 815/166/146 816/161/146 492/161/146
f 446/26/147 770/26/147 771/14/147 447/14/147
f 511/94/148 835/94/148 836/104/148 512/104/148
f 345/163/149 669/163/149 670/224/149 346/224/149
f 606/171/150 930/171/150 931/191/150 607/191/150
f 483/121/151 807/121/151 808/122/151 484/122/151
f 540/248/152 864/248/152 865/249/152 541/249/152
f 503/124/153 827/124/153 828/105/153 504/105/153
f 594/187/154 918/187/154 919/320/154 595/320/154
f 386/207/155 710/207/155 711/206/155 387/206/155
f 349/101/29 673/101/29 674/245/29 350/245/29
f 475/93/124 799/93/124 800/21/124 476/21/124
f 438/65/156 762/65/156 763/56/156 439/56/156
f 495/58/157 819/58/157 820/59/157 496/59/157
f 337/218/158 661/218/158 662/219/158 338/219/158
f 641/3/159 965/3/159 966/1/159 642/1/159
f 598/5/160 922/5/160 923/6/160 599/6/160
f 430/84/29 754/84/29 755/83/29 431/83/29
f 341/223/161 665/223/161 666/164/161 342/164/161
f 422/13/29 746/13/29 747/88/29 423/88/29
f 532/113/162 856/113/162 857/234/162 533/234/162
f 586/274/163 910/274/163 911/276/163 587/276/163
f 378/215/164 702/215/164 703/214/164 379/214/164
f 590/261/165 914/261/165 915/262/165 591/262/165
f 414/118/29 738/118/29 739/115/29 415/115/29
f 633/310/166 957/310/166 958/311/166 634/311/166
f 333/323/167 657/323/167 658/120/167 334/120/167
f 467/43/168 791/43/168 792/281/168 468/281/168
f 406/159/169 730/159/169 731/193/169 407/193/169
f 487/111/170 811/111/170 812/152/170 488/152/170
f 370/63/171 694/63/171 695/225/171 371/225/171
f 625/96/172 949/96/172 950/133/172 626/133/172
f 459/280/173 783/280/173 784/44/173 460/44/173
f 398/49/174 722/49/174 723/50/174 399/50/174
f 479/107/175 803/107/175 804/148/175 480/148/175
f 576/140/176 900/140/176 901/141/176 577/141/176
f 362/232/177 686/232/177 687/231/177 363/231/177
f 524/132/178 848/132/178 849/183/178 525/183/178
f 568/33/179 892/33/179 893/34/179 569/34/179
f 330/272/180 654/272/180 655/316/180 331/316/180
f 500/149/181 824/149/181 825/147/181 501/147/181
f 329/271/182 653/271/182 654/272/182 330/272/182
f 582/7/183 906/7/183 907/8/183 583/8/183
f 471/69/184 795/69/184 796/70/184 472/70/184
f 560/277/185 884/277/185 885/278/185 561/278/185
f 325/188/186 649/188/186 650/189/186 326/189/186
f 451/91/187 775/91/187 776/39/187 452/39/187
f 648/259/188 972/259/188 649/188/188 325/188/188
f 552/279/189 876/279/189 877/285/189 553/285/189
f 354/127/29 678/127/29 679/247/29 355/247/29
f 390/204/190 714/204/190 715/203/190 391/203/190
f 544/252/191 868/252/191 869/253/191 545/253/191
f 609/18/192 933/18/192 934/295/192 610/295/192
f 645/268/193 969/268/193 970/2/193 646/2/193
f 463/52/194 787/52/194 788/53/194 464/53/194
f 536/240/125 860/240/125 861/242/125 537/242/125
f 443/55/195 767/55/195 768/67/195 444/67/195
f 516/117/196 840/117/196 841/154/196 517/154/196
f 435/73/197 759/73/197 760/72/197 436/72/197
f 382/114/198 706/114/198 707/211/198 383/211/198
f 508/108/199 832/108/199 833/19/199 509/19/199
f 455/51/200 779/51/200 780/66/200 456/66/200
f 427/54/29 751/54/29 752/27/29 428/27/29
f 637/190/201 961/190/201 962/317/201 638/317/201
f 447/14/202 771/14/202 772/22/202 448/22/202
f 419/92/29 743/92/29 744/24/29 420/24/29
f 439/56/203 763/56/203 764/86/203 440/86/203
f 528/176/204 852/176/204 853/10/204 529/10/204
f 411/11/29 735/11/29 736/12/29 412/12/29
f 520/144/205 844/144/205 845/170/205 521/170/205
f 431/83/29 755/83/29 756/82/29 432/82/29
f 331/316/206 655/316/206 656/318/206 332/318/206
f 374/233/207 698/233/207 699/220/207 375/220/207
f 492/161/208 816/161/208 817/160/208 493/160/208
f 423/88/29 747/88/29 748/32/29 424/32/29
f 601/142/209 925/142/209 926/157/209 602/157/209
f 403/195/210 727/195/210 728/198/210 404/198/210
f 629/296/211 953/296/211 954/314/211 630/314/211
f 415/115/29 739/115/29 740/116/29 416/116/29
f 512/104/212 836/104/212 837/139/212 513/139/212
f 366/229/213 690/229/213 691/199/213 367/199/213
f 484/122/214 808/122/214 809/138/214 485/138/214
f 504/105/215 828/105/215 829/106/215 505/106/215
f 395/184/216 719/184/216 720/185/216 396/185/216
f 621/305/217 945/305/217 946/304/217 622/304/217
f 476/21/218 800/21/218 801/98/218 477/98/218
f 358/237/29 682/237/29 683/235/29 359/235/29
f 407/193/219 731/193/219 732/99/219 408/99/219
f 644/267/220 968/267/220 969/268/220 645/268/220
f 613/95/221 937/95/221 938/297/221 614/297/221
f 496/59/222 820/59/222 821/60/222 497/60/222
f 387/206/223 711/206/223 712/182/223 388/182/223
f 350/245/29 674/245/29 675/309/29 351/309/29
f 399/50/224 723/50/224 724/197/224 400/197/224
f 605/287/150 929/287/150 930/171/150 606/171/150
f 468/281/225 792/281/225 793/37/225 469/37/225
f 391/203/226 715/203/226 716/202/226 392/202/226
f 636/244/227 960/244/227 961/190/227 637/190/227
f 342/164/228 666/164/228 667/322/228 343/322/228
f 593/292/229 917/292/229 918/187/229 594/187/229
f 379/214/230 703/214/230 704/213/230 380/213/230
f 597/291/231 921/291/231 922/5/231 598/5/231
f 488/152/232 812/152/232 813/155/232 489/155/232
f 460/44/233 784/44/233 785/47/233 461/47/233
f 574/174/234 898/174/234 899/165/234 575/165/234
f 628/290/235 952/290/235 953/296/235 629/296/235
f 452/39/236 776/39/236 777/40/236 453/40/236
f 640/260/237 964/260/237 965/3/237 641/3/237
f 480/148/238 804/148/238 805/109/238 481/109/238
f 371/225/239 695/225/239 696/226/239 372/226/239
f 334/120/240 658/120/240 659/102/240 335/102/240
f 383/211/241 707/211/241 708/210/241 384/210/241
f 620/303/242 944/303/242 945/305/242 621/305/242
f 589/273/243 913/273/243 914/261/243 590/261/243
f 363/231/244 687/231/244 688/230/244 364/230/244
f 375/220/245 699/220/245 700/222/245 376/222/245
f 472/70/50 796/70/50 797/29/50 473/29/50
f 612/97/246 936/97/246 937/95/246 613/95/246
f 585/263/247 909/263/247 910/274/247 586/274/247
f 355/247/29 679/247/29 680/241/29 356/241/29
f 464/53/248 788/53/248 789/46/248 465/46/248
f 326/189/249 650/189/249 651/283/249 327/283/249
f 624/307/250 948/307/250 949/96/250 625/96/250
f 581/4/251 905/4/251 906/7/251 582/7/251
f 444/67/252 768/67/252 769/71/252 445/71/252
f 367/199/253 691/199/253 692/61/253 368/61/253
f 577/141/254 901/141/254 902/275/254 578/275/254
f 604/146/89 928/146/89 929/287/89 605/287/89
f 573/209/255 897/209/255 898/174/255 574/174/255
f 569/34/256 893/34/256 894/156/256 570/156/256
f 347/76/257 671/76/257 672/319/257 348/319/257
f 565/288/258 889/288/258 890/289/258 566/289/258
f 436/72/259 760/72/259 761/68/259 437/68/259
f 596/9/260 920/9/260 921/291/260 597/291/260
f 557/89/261 881/89/261 882/177/261 558/177/261
f 428/27/29 752/27/29 753/25/29 429/25/29
f 561/278/262 885/278/262 886/192/262 562/192/262
f 549/256/263 873/256/263 874/264/263 550/264/263
f 456/66/264 780/66/264 781/36/264 457/36/264
f 541/249/265 865/249/265 866/250/265 542/250/265
f 420/24/29 744/24/29 745/15/29 421/15/29
f 412/12/29 736/12/29 737/130/29 413/130/29
f 588/282/266 912/282/266 913/273/266 589/273/266
f 404/198/267 728/198/267 729/158/267 405/158/267
f 616/299/268 940/299/268 941/300/268 617/300/268
f 448/22/269 772/22/269 773/23/269 449/23/269
f 533/234/270 857/234/270 858/236/270 534/236/270
f 507/129/271 831/129/271 832/108/271 508/108/271
f 359/235/29 683/235/29 684/217/29 360/217/29
f 440/86/272 764/86/272 765/87/272 441/87/272
f 553/285/273 877/285/273 878/286/273 554/286/273
f 396/185/274 720/185/274 721/48/274 397/48/274
f 432/82/29 756/82/29 757/78/29 433/78/29
f 580/181/275 904/181/275 905/4/275 581/4/275
f 525/183/276 849/183/276 850/324/276 526/324/276
f 388/182/277 712/182/277 713/205/277 389/205/277
f 424/32/29 748/32/29 749/31/29 425/31/29
f 643/266/278 967/266/278 968/267/278 644/267/278
f 578/275/279 902/275/279 903/257/279 579/257/279
f 632/313/280 956/313/280 957/310/280 633/310/280
f 416/116/29 740/116/29 741/137/29 417/137/29
f 545/253/281 869/253/281 870/254/281 546/254/281
f 570/156/282 894/156/282 895/321/282 571/321/282
f 517/154/283 841/154/283 842/119/283 518/119/283
f 537/242/63 861/242/63 862/243/63 538/243/63
f 562/192/284 886/192/284 887/172/284 563/172/284
f 608/17/285 932/17/285 933/18/285 609/18/285
f 408/99/286 732/99/286 733/100/286 409/100/286
f 554/286/287 878/286/287 879/79/287 555/79/287
f 380/213/288 704/213/288 705/212/288 381/212/288
f 351/309/29 675/309/29 676/308/29 352/308/29
f 400/197/289 724/197/289 725/196/289 401/196/289
f 635/315/290 959/315/290 960/244/290 636/244/290
f 346/224/291 670/224/291 671/76/291 347/76/291
f 392/202/292 716/202/292 717/201/292 393/201/292
f 600/180/293 924/180/293 925/142/293 601/142/293
f 647/258/294 971/258/294 972/259/294 648/259/294
f 529/10/295 853/10/295 854/178/295 530/178/295
f 343/322/296 667/322/296 668/162/296 344/162/296
f 521/170/297 845/170/297 846/294/297 522/294/297
f 546/254/298 870/254/298 871/255/298 547/255/298
f 372/226/299 696/226/299 697/227/299 373/227/299
f 513/139/300 837/139/300 838/168/300 514/168/300
f 627/81/301 951/81/301 952/290/301 628/290/301
f 505/106/302 829/106/302 830/136/302 506/136/302
f 509/19/303 833/19/303 834/20/303 510/20/303
f 364/230/304 688/230/304 689/228/304 365/228/304
f 592/269/305 916/269/305 917/292/305 593/292/305
f 497/60/306 821/60/306 822/151/306 498/151/306
f 501/147/307 825/147/307 826/125/307 502/125/307
f 619/302/308 943/302/308 944/303/308 620/303/308
f 104/27/29 428/27/29 429/25/29 105/25/29
f 233/89/261 557/89/261 558/177/261 234/177/261
f 272/9/309 596/9/309 597/291/309 273/291/309
f 112/72/310 436/72/310 437/68/310 113/68/310
f 241/288/258 565/288/258 566/289/258 242/289/258
f 23/76/311 347/76/311 348/319/311 24/319/311
f 245/34/256 569/34/256 570/156/256 246/156/256
f 249/209/312 573/209/312 574/174/312 250/174/312
f 280/146/89 604/146/89 605/287/89 281/287/89
f 253/141/254 577/141/254 578/275/254 254/275/254
f 43/199/313 367/199/313 368/61/313 44/61/313
f 120/67/252 444/67/252 445/71/252 121/71/252
f 257/4/314 581/4/314 582/7/314 258/7/314
f 300/307/315 624/307/315 625/96/315 301/96/315
f 2/189/249 326/189/249 327/283/249 3/283/249
f 140/53/316 464/53/316 465/46/316 141/46/316
f 31/247/29 355/247/29 356/241/29 32/241/29
f 261/263/317 585/263/317 586/274/317 262/274/317
f 288/97/318 612/97/318 613/95/318 289/95/318
f 148/70/319 472/70/319 473/29/319 149/29/319
f 51/220/320 375/220/320 376/222/320 52/222/320
f 39/231/321 363/231/321 364/230/321 40/230/321
f 265/273/322 589/273/322 590/261/322 266/261/322
f 296/303/323 620/303/323 621/305/323 297/305/323
f 59/211/241 383/211/241 384/210/241 60/210/241
f 10/120/240 334/120/240 335/102/240 11/102/240
f 47/225/239 371/225/239 372/226/239 48/226/239
f 156/148/238 480/148/238 481/109/238 157/109/238
f 316/260/324 640/260/324 641/3/324 317/3/324
f 128/39/236 452/39/236 453/40/236 129/40/236
f 304/290/325 628/290/325 629/296/325 305/296/325
f 250/174/234 574/174/234 575/165/234 251/165/234
f 136/44/326 460/44/326 461/47/326 137/47/326
f 164/152/232 488/152/232 489/155/232 165/155/232
f 273/291/327 597/291/327 598/5/327 274/5/327
f 55/214/230 379/214/230 380/213/230 56/213/230
f 269/292/328 593/292/328 594/187/328 270/187/328
f 18/164/329 342/164/329 343/322/329 19/322/329
f 312/244/227 636/244/227 637/190/227 313/190/227
f 67/203/226 391/203/226 392/202/226 68/202/226
f 144/281/330 468/281/330 469/37/330 145/37/330
f 281/287/331 605/287/331 606/171/331 282/171/331
f 75/50/332 399/50/332 400/197/332 76/197/332
f 26/245/29 350/245/29 351/309/29 27/309/29
f 63/206/333 387/206/333 388/182/333 64/182/333
f 172/59/222 496/59/222 497/60/222 173/60/222
f 289/95/334 613/95/334 614/297/334 290/297/334
f 320/267/335 644/267/335 645/268/335 321/268/335
f 83/193/336 407/193/336 408/99/336 84/99/336
f 34/237/29 358/237/29 359/235/29 35/235/29
f 152/21/337 476/21/337 477/98/337 153/98/337
f 297/305/217 621/305/217 622/304/217 298/304/217
f 71/184/338 395/184/338 396/185/338 72/185/338
f 180/105/339 504/105/339 505/106/339 181/106/339
f 160/122/340 484/122/340 485/138/340 161/138/340
f 42/229/341 366/229/341 367/199/341 43/199/341
f 188/104/212 512/104/212 513/139/212 189/139/212
f 91/115/29 415/115/29 416/116/29 92/116/29
f 305/296/342 629/296/342 630/314/342 306/314/342
f 79/195/343 403/195/343 404/198/343 80/198/343
f 277/142/344 601/142/344 602/157/344 278/157/344
f 99/88/29 423/88/29 424/32/29 100/32/29
f 168/161/208 492/161/208 493/160/208 169/160/208
f 50/233/345 374/233/345 375/220/345 51/220/345
f 7/316/206 331/316/206 332/318/206 8/318/206
f 107/83/29 431/83/29 432/82/29 108/82/29
f 196/144/346 520/144/346 521/170/346 197/170/346
f 87/11/29 411/11/29 412/12/29 88/12/29
f 204/176/204 528/176/204 529/10/204 205/10/204
f 115/56/347 439/56/347 440/86/347 116/86/347
f 95/92/29 419/92/29 420/24/29 96/24/29
f 123/14/202 447/14/202 448/22/202 124/22/202
f 313/190/348 637/190/348 638/317/348 314/317/348
f 103/54/29 427/54/29 428/27/29 104/27/29
f 131/51/200 455/51/200 456/66/200 132/66/200
f 184/108/199 508/108/199 509/19/199 185/19/199
f 58/114/349 382/114/349 383/211/349 59/211/349
f 111/73/350 435/73/350 436/72/350 112/72/350
f 192/117/351 516/117/351 517/154/351 193/154/351
f 119/55/352 443/55/352 444/67/352 120/67/352
f 212/240/353 536/240/353 537/242/353 213/242/353
f 139/52/354 463/52/354 464/53/354 140/53/354
f 321/268/193 645/268/193 646/2/193 322/2/193
f 285/18/192 609/18/192 610/295/192 286/295/192
f 220/252/355 544/252/355 545/253/355 221/253/355
f 66/204/190 390/204/190 391/203/190 67/203/190
f 30/127/29 354/127/29 355/247/29 31/247/29
f 228/279/189 552/279/189 553/285/189 229/285/189
f 324/259/188 648/259/188 325/188/188 1/188/188
f 127/91/187 451/91/187 452/39/187 128/39/187
f 1/188/186 325/188/186 326/189/186 2/189/186
f 236/277/185 560/277/185 561/278/185 237/278/185
f 147/69/81 471/69/81 472/70/81 148/70/81
f 258/7/356 582/7/356 583/8/356 259/8/356
f 5/271/182 329/271/182 330/272/182 6/272/182
f 176/149/357 500/149/357 501/147/357 177/147/357
f 6/272/180 330/272/180 331/316/180 7/316/180
f 244/33/179 568/33/179 569/34/179 245/34/179
f 200/132/358 524/132/358 525/183/358 201/183/358
f 38/232/359 362/232/359 363/231/359 39/231/359
f 252/140/176 576/140/176 577/141/176 253/141/176
f 155/107/360 479/107/360 480/148/360 156/148/360
f 74/49/361 398/49/361 399/50/361 75/50/361
f 135/280/362 459/280/362 460/44/362 136/44/362
f 301/96/172 625/96/172 626/133/172 302/133/172
f 46/63/363 370/63/363 371/225/363 47/225/363
f 163/111/364 487/111/364 488/152/364 164/152/364
f 82/159/365 406/159/365 407/193/365 83/193/365
f 143/43/366 467/43/366 468/281/366 144/281/366
f 9/323/167 333/323/167 334/120/167 10/120/167
f 309/310/166 633/310/166 634/311/166 310/311/166
f 90/118/29 414/118/29 415/115/29 91/115/29
f 266/261/367 590/261/367 591/262/367 267/262/367
f 54/215/368 378/215/368 379/214/368 55/214/368
f 262/274/163 586/274/163 587/276/163 263/276/163
f 208/113/162 532/113/162 533/234/162 209/234/162
f 98/13/29 422/13/29 423/88/29 99/88/29
f 17/223/369 341/223/369 342/164/369 18/164/369
f 106/84/29 430/84/29 431/83/29 107/83/29
f 274/5/370 598/5/370 599/6/370 275/6/370
f 317/3/371 641/3/371 642/1/371 318/1/371
f 13/218/158 337/218/158 338/219/158 14/219/158
f 171/58/157 495/58/157 496/59/157 172/59/157
f 114/65/372 438/65/372 439/56/372 115/56/372
f 151/93/124 475/93/124 476/21/124 152/21/124
f 25/101/29 349/101/29 350/245/29 26/245/29
f 62/207/155 386/207/155 387/206/155 63/206/155
f 270/187/373 594/187/373 595/320/373 271/320/373
f 179/124/374 503/124/374 504/105/374 180/105/374
f 216/248/152 540/248/152 541/249/152 217/249/152
f 159/121/375 483/121/375 484/122/375 160/122/375
f 282/171/150 606/171/150 607/191/150 283/191/150
f 21/163/376 345/163/376 346/224/376 22/224/376
f 187/94/148 511/94/148 512/104/148 188/104/148
f 122/26/147 446/26/147 447/14/147 123/14/147
f 167/166/146 491/166/146 492/161/146 168/161/146
f 278/157/377 602/157/377 603/35/377 279/35/377
f 195/143/378 519/143/378 520/144/378 196/144/378
f 224/128/143 548/128/143 549/256/143 225/256/143
f 130/28/142 454/28/142 455/51/142 131/51/142
f 175/150/141 499/150/141 500/149/141 176/149/141
f 33/239/29 357/239/29 358/237/29 34/237/29
f 70/200/379 394/200/379 395/184/379 71/184/379
f 29/126/29 353/126/29 354/127/29 30/127/29
f 203/175/380 527/175/380 528/176/380 204/176/380
f 232/80/138 556/80/138 557/89/138 233/89/138
f 290/297/381 614/297/381 615/298/381 291/298/381
f 78/194/382 402/194/382 403/195/382 79/195/382
f 286/295/81 610/295/81 611/134/81 287/134/81
f 138/45/135 462/45/135 463/52/135 139/52/135
f 41/228/383 365/228/383 366/229/383 42/229/383
f 37/221/384 361/221/384 362/232/384 38/232/384
f 240/173/132 564/173/132 565/288/132 241/288/132
f 298/304/385 622/304/385 623/306/385 299/306/385
f 86/179/29 410/179/29 411/11/29 87/11/29
f 294/301/386 618/301/386 619/302/386 295/302/386
f 248/293/387 572/293/387 573/209/387 249/209/387
f 49/227/388 373/227/388 374/233/388 50/233/388
f 306/314/127 630/314/127 631/312/127 307/312/127
f 94/41/29 418/41/29 419/92/29 95/92/29
f 45/62/126 369/62/126 370/63/126 46/63/126
f 211/238/353 535/238/353 536/240/353 212/240/353
f 146/38/124 470/38/124 471/69/124 147/69/124
f 302/133/123 626/133/123 627/81/123 303/81/123
f 219/251/389 543/251/389 544/252/389 220/252/389
f 154/135/121 478/135/121 479/107/121 155/107/121
f 293/300/390 617/300/390 618/301/390 294/301/390
f 15/74/119 339/74/119 340/75/119 16/75/119
f 102/85/29 426/85/29 427/54/29 103/54/29
f 53/216/391 377/216/391 378/215/391 54/215/391
f 227/270/117 551/270/117 552/279/117 228/279/117
f 191/169/116 515/169/116 516/117/116 192/117/116
f 110/77/392 434/77/392 435/73/392 111/73/392
f 310/311/114 634/311/114 635/315/114 311/315/114
f 235/16/393 559/16/393 560/277/393 236/277/393
f 199/131/394 523/131/394 524/132/394 200/132/394
f 57/212/395 381/212/395 382/114/395 58/114/395
f 118/57/110 442/57/110 443/55/110 119/55/110
f 243/145/109 567/145/109 568/33/109 244/33/109
f 162/110/108 486/110/108 487/111/108 163/111/108
f 314/317/107 638/317/107 639/265/107 315/265/107
f 126/90/106 450/90/106 451/91/106 127/91/106
f 251/165/105 575/165/105 576/140/105 252/140/105
f 134/64/104 458/64/104 459/280/104 135/280/104
f 318/1/396 642/1/396 643/266/396 319/266/396
f 170/153/397 494/153/397 495/58/397 171/58/397
f 65/205/398 389/205/398 390/204/398 66/204/398
f 259/8/100 583/8/100 584/186/100 260/186/100
f 207/112/99 531/112/99 532/113/99 208/113/99
f 322/2/98 646/2/98 647/258/98 323/258/98
f 4/284/97 328/284/97 329/271/97 5/271/97
f 73/48/399 397/48/399 398/49/399 74/49/399
f 142/42/95 466/42/95 467/43/95 143/43/95
f 69/201/400 393/201/400 394/200/400 70/200/400
f 77/196/401 401/196/401 402/194/401 78/194/401
f 14/219/92 338/219/92 339/74/92 15/74/92
f 85/100/29 409/100/29 410/179/29 86/179/29
f 267/262/91 591/262/91 592/269/91 268/269/91
f 178/125/402 502/125/402 503/124/402 179/124/402
f 215/246/89 539/246/89 540/248/89 216/248/89
f 81/158/403 405/158/403 406/159/403 82/159/403
f 12/103/87 336/103/87 337/218/87 13/218/87
f 89/130/29 413/130/29 414/118/29 90/118/29
f 93/137/29 417/137/29 418/41/29 94/41/29
f 186/20/86 510/20/86 511/94/86 187/94/86
f 223/255/85 547/255/85 548/128/85 224/128/85
f 101/31/29 425/31/29 426/85/29 102/85/29
f 275/6/404 599/6/404 600/180/404 276/180/404
f 194/119/405 518/119/405 519/143/405 195/143/405
f 231/79/82 555/79/82 556/80/82 232/80/82
f 97/15/29 421/15/29 422/13/29 98/13/29
f 150/30/81 474/30/81 475/93/81 151/93/81
f 20/162/406 344/162/406 345/163/406 21/163/406
f 202/324/407 526/324/407 527/175/407 203/175/407
f 239/172/78 563/172/78 564/173/78 240/173/78
f 105/25/29 429/25/29 430/84/29 106/84/29
f 158/123/408 482/123/408 483/121/408 159/121/408
f 109/78/409 433/78/409 434/77/409 110/77/409
f 113/68/410 437/68/410 438/65/410 114/65/410
f 166/167/74 490/167/74 491/166/74 167/166/74
f 117/87/73 441/87/73 442/57/73 118/57/73
f 283/191/411 607/191/411 608/17/411 284/17/411
f 247/321/412 571/321/412 572/293/412 248/293/412
f 121/71/70 445/71/70 446/26/70 122/26/70
f 174/151/69 498/151/69 499/150/69 175/150/69
f 125/23/68 449/23/68 450/90/68 126/90/68
f 28/308/29 352/308/29 353/126/29 29/126/29
f 129/40/67 453/40/67 454/28/67 130/28/67
f 182/136/66 506/136/66 507/129/66 183/129/66
f 133/36/65 457/36/65 458/64/65 134/64/65
f 291/298/413 615/298/413 616/299/413 292/299/413
f 210/236/353 534/236/353 535/238/353 211/238/353
f 255/257/62 579/257/62 580/181/62 256/181/62
f 36/217/29 360/217/29 361/221/29 37/221/29
f 218/250/414 542/250/414 543/251/414 219/251/414
f 226/264/60 550/264/60 551/270/60 227/270/60
f 137/47/415 461/47/415 462/45/415 138/45/415
f 190/168/416 514/168/416 515/169/416 191/169/416
f 141/46/417 465/46/417 466/42/417 142/42/417
f 299/306/418 623/306/418 624/307/418 300/307/418
f 234/177/55 558/177/55 559/16/55 235/16/55
f 263/276/54 587/276/54 588/282/54 264/282/54
f 44/61/419 368/61/419 369/62/419 45/62/419
f 8/318/52 332/318/52 333/323/52 9/323/52
f 198/294/420 522/294/420 523/131/420 199/131/420
f 149/29/50 473/29/50 474/30/50 150/30/50
f 242/289/421 566/289/421 567/145/421 243/145/421
f 145/37/218 469/37/218 470/38/218 146/38/218
f 271/320/47 595/320/47 596/9/47 272/9/47
f 153/98/46 477/98/46 478/135/46 154/135/46
f 206/178/45 530/178/45 531/112/45 207/112/45
f 16/75/422 340/75/422 341/223/422 17/223/422
f 161/138/423 485/138/423 486/110/423 162/110/423
f 61/208/424 385/208/424 386/207/424 62/207/424
f 169/160/425 493/160/425 494/153/425 170/153/425
f 214/243/426 538/243/426 539/246/426 215/246/426
f 157/109/427 481/109/427 482/123/427 158/123/427
f 3/283/38 327/283/38 328/284/38 4/284/38
f 279/35/428 603/35/428 604/146/428 280/146/428
f 165/155/36 489/155/36 490/167/36 166/167/36
f 307/312/429 631/312/429 632/313/429 308/313/429
f 260/186/430 584/186/430 585/263/430 261/263/430
f 24/319/33 348/319/33 349/101/33 25/101/33
f 52/222/431 376/222/431 377/216/431 53/216/431
f 287/134/432 611/134/432 612/97/432 288/97/432
f 315/265/433 639/265/433 640/260/433 316/260/433
f 32/241/29 356/241/29 357/239/29 33/239/29
f 60/210/434 384/210/434 385/208/434 61/208/434
f 11/102/435 335/102/435 336/103/435 12/103/435
f 295/302/436 619/302/436 620/303/436 296/303/436
f 177/147/437 501/147/437 502/125/437 178/125/437
f 173/60/438 497/60/438 498/151/438 174/151/438
f 268/269/439 592/269/439 593/292/439 269/292/439
f 40/230/440 364/230/440 365/228/440 41/228/440
f 185/19/303 509/19/303 510/20/303 186/20/303
f 181/106/302 505/106/302 506/136/302 182/136/302
f 303/81/301 627/81/301 628/290/301 304/290/301
f 189/139/300 513/139/300 514/168/300 190/168/300
f 48/226/441 372/226/441 373/227/441 49/227/441
f 222/254/442 546/254/442 547/255/442 223/255/442
f 197/170/443 521/170/443 522/294/443 198/294/443
f 19/322/444 343/322/444 344/162/444 20/162/444
f 205/10/295 529/10/295 530/178/295 206/178/295
f 323/258/294 647/258/294 648/259/294 324/259/294
f 276/180/293 600/180/293 601/142/293 277/142/293
f 68/202/445 392/202/445 393/201/445 69/201/445
f 22/224/446 346/224/446 347/76/446 23/76/446
f 311/315/290 635/315/290 636/244/290 312/244/290
f 76/197/447 400/197/447 401/196/447 77/196/447
f 27/309/29 351/309/29 352/308/29 28/308/29
f 56/213/448 380/213/448 381/212/448 57/212/448
f 230/286/287 554/286/287 555/79/287 231/79/287
f 84/99/449 408/99/449 409/100/449 85/100/449
f 284/17/285 608/17/285 609/18/285 285/18/285
f 238/192/284 562/192/284 563/172/284 239/172/284
f 213/242/63 537/242/63 538/243/63 214/243/63
f 193/154/450 517/154/450 518/119/450 194/119/450
f 246/156/451 570/156/451 571/321/451 247/321/451
f 221/253/452 545/253/452 546/254/452 222/254/452
f 92/116/29 416/116/29 417/137/29 93/137/29
f 308/313/280 632/313/280 633/310/280 309/310/280
f 254/275/279 578/275/279 579/257/279 255/257/279
f 319/266/278 643/266/278 644/267/278 320/267/278
f 100/32/29 424/32/29 425/31/29 101/31/29
f 64/182/453 388/182/453 389/205/453 65/205/453
f 201/183/454 525/183/454 526/324/454 202/324/454
f 256/181/275 580/181/275 581/4/275 257/4/275
f 108/82/29 432/82/29 433/78/29 109/78/29
f 72/185/455 396/185/455 397/48/455 73/48/455
f 229/285/273 553/285/273 554/286/273 230/286/273
f 116/86/456 440/86/456 441/87/456 117/87/456
f 35/235/29 359/235/29 360/217/29 36/217/29
f 183/129/271 507/129/271 508/108/271 184/108/271
f 209/234/270 533/234/270 534/236/270 210/236/270
f 124/22/269 448/22/269 449/23/269 125/23/269
f 292/299/457 616/299/457 617/300/457 293/300/457
f 80/198/458 404/198/458 405/158/458 81/158/458
f 264/282/459 588/282/459 589/273/459 265/273/459
f 88/12/29 412/12/29 413/130/29 89/130/29
f 96/24/29 420/24/29 421/15/29 97/15/29
f 217/249/460 541/249/460 542/250/460 218/250/460
f 132/66/264 456/66/264 457/36/264 133/36/264
f 225/256/461 549/256/461 550/264/461 226/264/461
f 237/278/262 561/278/262 562/192/262 238/192/262
f 704/213/462 1028/213/462 1029/212/462 705/212/462
f 675/309/463 999/309/463 1000/308/463 676/308/463
f 724/197/464 1048/197/464 1049/196/464 725/196/464
f 959/315/465 1283/315/465 1284/244/465 960/244/465
f 670/224/466 994/224/466 995/76/466 671/76/466
f 716/202/467 1040/202/467 1041/201/467 717/201/467
f 924/180/468 1248/180/468 1249/142/468 925/142/468
f 971/258/469 1295/258/469 1296/259/469 972/259/469
f 853/10/470 1177/10/470 1178/178/470 854/178/470
f 667/322/471 991/322/471 992/162/471 668/162/471
f 845/170/472 1169/170/472 1170/294/472 846/294/472
f 870/254/473 1194/254/473 1195/255/473 871/255/473
f 696/226/474 1020/226/474 1021/227/474 697/227/474
f 837/139/475 1161/139/475 1162/168/475 838/168/475
f 951/81/476 1275/81/476 1276/290/476 952/290/476
f 829/106/477 1153/106/477 1154/136/477 830/136/477
f 833/19/478 1157/19/478 1158/20/478 834/20/478
f 688/230/479 1012/230/479 1013/228/479 689/228/479
f 916/269/480 1240/269/480 1241/292/480 917/292/480
f 821/60/481 1145/60/481 1146/151/481 822/151/481
f 825/147/482 1149/147/482 1150/125/482 826/125/482
f 943/302/483 1267/302/483 1268/303/483 944/303/483
f 659/102/484 983/102/484 984/103/484 660/103/484
f 708/210/485 1032/210/485 1033/208/485 709/208/485
f 680/241/463 1004/241/463 1005/239/463 681/239/463
f 963/265/486 1287/265/486 1288/260/486 964/260/486
f 935/134/487 1259/134/487 1260/97/487 936/97/487
f 700/222/488 1024/222/488 1025/216/488 701/216/488
f 672/319/489 996/319/489 997/101/489 673/101/489
f 908/186/490 1232/186/490 1233/263/490 909/263/490
f 955/312/491 1279/312/491 1280/313/491 956/313/491
f 813/155/492 1137/155/492 1138/167/492 814/167/492
f 927/35/493 1251/35/493 1252/146/493 928/146/493
f 651/283/494 975/283/494 976/284/494 652/284/494
f 805/109/495 1129/109/495 1130/123/495 806/123/495
f 862/243/496 1186/243/496 1187/246/496 863/246/496
f 817/160/497 1141/160/497 1142/153/497 818/153/497
f 709/208/498 1033/208/498 1034/207/498 710/207/498
f 809/138/499 1133/138/499 1134/110/499 810/110/499
f 664/75/500 988/75/500 989/223/500 665/223/500
f 854/178/501 1178/178/501 1179/112/501 855/112/501
f 801/98/502 1125/98/502 1126/135/502 802/135/502
f 919/320/503 1243/320/503 1244/9/503 920/9/503
f 793/37/504 1117/37/504 1118/38/504 794/38/504
f 890/289/505 1214/289/505 1215/145/505 891/145/505
f 797/29/506 1121/29/506 1122/30/506 798/30/506
f 846/294/507 1170/294/507 1171/131/507 847/131/507
f 656/318/508 980/318/508 981/323/508 657/323/508
f 692/61/509 1016/61/509 1017/62/509 693/62/509
f 911/276/510 1235/276/510 1236/282/510 912/282/510
f 882/177/511 1206/177/511 1207/16/511 883/16/511
f 947/306/512 1271/306/512 1272/307/512 948/307/512
f 789/46/513 1113/46/513 1114/42/513 790/42/513
f 838/168/514 1162/168/514 1163/169/514 839/169/514
f 785/47/515 1109/47/515 1110/45/515 786/45/515
f 874/264/516 1198/264/516 1199/270/516 875/270/516
f 866/250/517 1190/250/517 1191/251/517 867/251/517
f 684/217/463 1008/217/463 1009/221/463 685/221/463
f 903/257/518 1227/257/518 1228/181/518 904/181/518
f 858/236/519 1182/236/519 1183/238/519 859/238/519
f 939/298/520 1263/298/520 1264/299/520 940/299/520
f 781/36/521 1105/36/521 1106/64/521 782/64/521
f 830/136/522 1154/136/522 1155/129/522 831/129/522
f 777/40/523 1101/40/523 1102/28/523 778/28/523
f 676/308/463 1000/308/463 1001/126/463 677/126/463
f 773/23/524 1097/23/524 1098/90/524 774/90/524
f 822/151/525 1146/151/525 1147/150/525 823/150/525
f 769/71/526 1093/71/526 1094/26/526 770/26/526
f 895/321/527 1219/321/527 1220/293/527 896/293/527
f 931/191/528 1255/191/528 1256/17/528 932/17/528
f 765/87/529 1089/87/529 1090/57/529 766/57/529
f 814/167/530 1138/167/530 1139/166/530 815/166/530
f 761/68/531 1085/68/531 1086/65/531 762/65/531
f 757/78/532 1081/78/532 1082/77/532 758/77/532
f 806/123/533 1130/123/533 1131/121/533 807/121/533
f 753/25/463 1077/25/463 1078/84/463 754/84/463
f 887/172/534 1211/172/534 1212/173/534 888/173/534
f 850/324/535 1174/324/535 1175/175/535 851/175/535
f 668/162/536 992/162/536 993/163/536 669/163/536
f 798/30/537 1122/30/537 1123/93/537 799/93/537
f 745/15/463 1069/15/463 1070/13/463 746/13/463
f 879/79/538 1203/79/538 1204/80/538 880/80/538
f 842/119/539 1166/119/539 1167/143/539 843/143/539
f 923/6/540 1247/6/540 1248/180/540 924/180/540
f 749/31/463 1073/31/463 1074/85/463 750/85/463
f 871/255/541 1195/255/541 1196/128/541 872/128/541
f 834/20/542 1158/20/542 1159/94/542 835/94/542
f 741/137/463 1065/137/463 1066/41/463 742/41/463
f 737/130/463 1061/130/463 1062/118/463 738/118/463
f 660/103/543 984/103/543 985/218/543 661/218/543
f 729/158/544 1053/158/544 1054/159/544 730/159/544
f 863/246/545 1187/246/545 1188/248/545 864/248/545
f 826/125/546 1150/125/546 1151/124/546 827/124/546
f 915/262/547 1239/262/547 1240/269/547 916/269/547
f 733/100/463 1057/100/463 1058/179/463 734/179/463
f 662/219/548 986/219/548 987/74/548 663/74/548
f 725/196/549 1049/196/549 1050/194/549 726/194/549
f 717/201/550 1041/201/550 1042/200/550 718/200/550
f 790/42/551 1114/42/551 1115/43/551 791/43/551
f 721/48/552 1045/48/552 1046/49/552 722/49/552
f 652/284/553 976/284/553 977/271/553 653/271/553
f 970/2/554 1294/2/554 1295/258/554 971/258/554
f 855/112/545 1179/112/545 1180/113/545 856/113/545
f 907/8/555 1231/8/555 1232/186/555 908/186/555
f 713/205/556 1037/205/556 1038/204/556 714/204/556
f 818/153/557 1142/153/557 1143/58/557 819/58/557
f 966/1/558 1290/1/558 1291/266/558 967/266/558
f 782/64/559 1106/64/559 1107/280/559 783/280/559
f 899/165/560 1223/165/560 1224/140/560 900/140/560
f 774/90/561 1098/90/561 1099/91/561 775/91/561
f 962/317/562 1286/317/562 1287/265/562 963/265/562
f 810/110/563 1134/110/563 1135/111/563 811/111/563
f 891/145/564 1215/145/564 1216/33/564 892/33/564
f 766/57/565 1090/57/565 1091/55/565 767/55/565
f 705/212/566 1029/212/566 1030/114/566 706/114/566
f 847/131/567 1171/131/567 1172/132/567 848/132/567
f 883/16/568 1207/16/568 1208/277/568 884/277/568
f 958/311/569 1282/311/569 1283/315/569 959/315/569
f 758/77/570 1082/77/570 1083/73/570 759/73/570
f 839/169/571 1163/169/571 1164/117/571 840/117/571
f 875/270/572 1199/270/572 1200/279/572 876/279/572
f 701/216/573 1025/216/573 1026/215/573 702/215/573
f 750/85/463 1074/85/463 1075/54/463 751/54/463
f 663/74/574 987/74/574 988/75/574 664/75/574
f 941/300/575 1265/300/575 1266/301/575 942/301/575
f 802/135/576 1126/135/576 1127/107/576 803/107/576
f 867/251/577 1191/251/577 1192/252/577 868/252/577
f 950/133/578 1274/133/578 1275/81/578 951/81/578
f 794/38/579 1118/38/579 1119/69/579 795/69/579
f 859/238/519 1183/238/519 1184/240/519 860/240/519
f 693/62/580 1017/62/580 1018/63/580 694/63/580
f 742/41/463 1066/41/463 1067/92/463 743/92/463
f 896/293/581 1220/293/581 1221/209/581 897/209/581
f 942/301/582 1266/301/582 1267/302/582 943/302/582
f 734/179/463 1058/179/463 1059/11/463 735/11/463
f 888/173/583 1212/173/583 1213/288/583 889/288/583
f 685/221/584 1009/221/584 1010/232/584 686/232/584
f 786/45/585 1110/45/585 1111/52/585 787/52/585
f 934/295/537 1258/295/537 1259/134/537 935/134/537
f 726/194/586 1050/194/586 1051/195/586 727/195/586
f 954/314/587 1278/314/587 1279/312/587 955/312/587
f 880/80/588 1204/80/588 1205/89/588 881/89/588
f 851/175/589 1175/175/589 1176/176/589 852/176/589
f 677/126/463 1001/126/463 1002/127/463 678/127/463
f 718/200/590 1042/200/590 1043/184/590 719/184/590
f 823/150/591 1147/150/591 1148/149/591 824/149/591
f 778/28/592 1102/28/592 1103/51/592 779/51/592
f 697/227/593 1021/227/593 1022/233/593 698/233/593
f 872/128/594 1196/128/594 1197/256/594 873/256/594
f 843/143/595 1167/143/595 1168/144/595 844/144/595
f 926/157/596 1250/157/596 1251/35/596 927/35/596
f 815/166/597 1139/166/597 1140/161/597 816/161/597
f 770/26/526 1094/26/526 1095/14/526 771/14/526
f 946/304/598 1270/304/598 1271/306/598 947/306/598
f 835/94/599 1159/94/599 1160/104/599 836/104/599
f 669/163/600 993/163/600 994/224/600 670/224/600
f 807/121/601 1131/121/601 1132/122/601 808/122/601
f 689/228/602 1013/228/602 1014/229/602 690/229/602
f 864/248/603 1188/248/603 1189/249/603 865/249/603
f 827/124/604 1151/124/604 1152/105/604 828/105/604
f 918/187/605 1242/187/605 1243/320/605 919/320/605
f 710/207/606 1034/207/606 1035/206/606 711/206/606
f 799/93/579 1123/93/579 1124/21/579 800/21/579
f 762/65/607 1086/65/607 1087/56/607 763/56/607
f 938/297/608 1262/297/608 1263/298/608 939/298/608
f 819/58/609 1143/58/609 1144/59/609 820/59/609
f 661/218/610 985/218/610 986/219/610 662/219/610
f 965/3/611 1289/3/611 1290/1/611 966/1/611
f 754/84/463 1078/84/463 1079/83/463 755/83/463
f 681/239/463 1005/239/463 1006/237/463 682/237/463
f 746/13/463 1070/13/463 1071/88/463 747/88/463
f 856/113/612 1180/113/612 1181/234/612 857/234/612
f 930/171/613 1254/171/613 1255/191/613 931/191/613
f 910/274/614 1234/274/614 1235/276/614 911/276/614
f 702/215/615 1026/215/615 1027/214/615 703/214/615
f 738/118/463 1062/118/463 1063/115/463 739/115/463
f 673/101/463 997/101/463 998/245/463 674/245/463
f 957/310/616 1281/310/616 1282/311/616 958/311/616
f 791/43/617 1115/43/617 1116/281/617 792/281/617
f 730/159/618 1054/159/618 1055/193/618 731/193/618
f 922/5/619 1246/5/619 1247/6/619 923/6/619
f 811/111/620 1135/111/620 1136/152/620 812/152/620
f 694/63/621 1018/63/621 1019/225/621 695/225/621
f 665/223/622 989/223/622 990/164/622 666/164/622
f 949/96/623 1273/96/623 1274/133/623 950/133/623
f 783/280/624 1107/280/624 1108/44/624 784/44/624
f 722/49/625 1046/49/625 1047/50/625 723/50/625
f 803/107/626 1127/107/626 1128/148/626 804/148/626
f 900/140/627 1224/140/627 1225/141/627 901/141/627
f 686/232/628 1010/232/628 1011/231/628 687/231/628
f 914/261/629 1238/261/629 1239/262/629 915/262/629
f 848/132/630 1172/132/630 1173/183/630 849/183/630
f 892/33/631 1216/33/631 1217/34/631 893/34/631
f 654/272/632 978/272/632 979/316/632 655/316/632
f 657/323/633 981/323/633 982/120/633 658/120/633
f 824/149/634 1148/149/634 1149/147/634 825/147/634
f 653/271/635 977/271/635 978/272/635 654/272/635
f 795/69/537 1119/69/537 1120/70/537 796/70/537
f 884/277/636 1208/277/636 1209/278/636 885/278/636
f 775/91/637 1099/91/637 1100/39/637 776/39/637
f 972/259/638 1296/259/638 973/188/638 649/188/638
f 876/279/639 1200/279/639 1201/285/639 877/285/639
f 678/127/463 1002/127/463 1003/247/463 679/247/463
f 714/204/640 1038/204/640 1039/203/640 715/203/640
f 868/252/641 1192/252/641 1193/253/641 869/253/641
f 933/18/642 1257/18/642 1258/295/642 934/295/642
f 969/268/643 1293/268/643 1294/2/643 970/2/643
f 787/52/644 1111/52/644 1112/53/644 788/53/644
f 860/240/519 1184/240/519 1185/242/519 861/242/519
f 767/55/645 1091/55/645 1092/67/645 768/67/645
f 906/7/646 1230/7/646 1231/8/646 907/8/646
f 840/117/647 1164/117/647 1165/154/647 841/154/647
f 759/73/648 1083/73/648 1084/72/648 760/72/648
f 706/114/649 1030/114/649 1031/211/649 707/211/649
f 649/188/650 973/188/650 974/189/650 650/189/650
f 832/108/651 1156/108/651 1157/19/651 833/19/651
f 779/51/652 1103/51/652 1104/66/652 780/66/652
f 751/54/463 1075/54/463 1076/27/463 752/27/463
f 961/190/653 1285/190/653 1286/317/653 962/317/653
f 771/14/654 1095/14/654 1096/22/654 772/22/654
f 743/92/463 1067/92/463 1068/24/463 744/24/463
f 763/56/655 1087/56/655 1088/86/655 764/86/655
f 852/176/656 1176/176/656 1177/10/656 853/10/656
f 735/11/463 1059/11/463 1060/12/463 736/12/463
f 844/144/657 1168/144/657 1169/170/657 845/170/657
f 755/83/463 1079/83/463 1080/82/463 756/82/463
f 655/316/658 979/316/658 980/318/658 656/318/658
f 698/233/659 1022/233/659 1023/220/659 699/220/659
f 816/161/660 1140/161/660 1141/160/660 817/160/660
f 747/88/463 1071/88/463 1072/32/463 748/32/463
f 925/142/661 1249/142/661 1250/157/661 926/157/661
f 727/195/662 1051/195/662 1052/198/662 728/198/662
f 953/296/663 1277/296/663 1278/314/663 954/314/663
f 739/115/463 1063/115/463 1064/116/463 740/116/463
f 836/104/664 1160/104/664 1161/139/664 837/139/664
f 690/229/665 1014/229/665 1015/199/665 691/199/665
f 808/122/666 1132/122/666 1133/138/666 809/138/666
f 828/105/667 1152/105/667 1153/106/667 829/106/667
f 719/184/668 1043/184/668 1044/185/668 720/185/668
f 945/305/669 1269/305/669 1270/304/669 946/304/669
f 800/21/504 1124/21/504 1125/98/504 801/98/504
f 682/237/463 1006/237/463 1007/235/463 683/235/463
f 731/193/670 1055/193/670 1056/99/670 732/99/670
f 968/267/671 1292/267/671 1293/268/671 969/268/671
f 937/95/672 1261/95/672 1262/297/672 938/297/672
f 820/59/673 1144/59/673 1145/60/673 821/60/673
f 711/206/674 1035/206/674 1036/182/674 712/182/674
f 674/245/463 998/245/463 999/309/463 675/309/463
f 723/50/675 1047/50/675 1048/197/675 724/197/675
f 929/287/613 1253/287/613 1254/171/613 930/171/613
f 792/281/676 1116/281/676 1117/37/676 793/37/676
f 715/203/677 1039/203/677 1040/202/677 716/202/677
f 960/244/678 1284/244/678 1285/190/678 961/190/678
f 666/164/679 990/164/679 991/322/679 667/322/679
f 917/292/680 1241/292/680 1242/187/680 918/187/680
f 703/214/681 1027/214/681 1028/213/681 704/213/681
f 921/291/682 1245/291/682 1246/5/682 922/5/682
f 812/152/683 1136/152/683 1137/155/683 813/155/683
f 784/44/684 1108/44/684 1109/47/684 785/47/684
f 898/174/685 1222/174/685 1223/165/685 899/165/685
f 952/290/686 1276/290/686 1277/296/686 953/296/686
f 776/39/687 1100/39/687 1101/40/687 777/40/687
f 964/260/688 1288/260/688 1289/3/688 965/3/688
f 804/148/689 1128/148/689 1129/109/689 805/109/689
f 695/225/690 1019/225/690 1020/226/690 696/226/690
f 658/120/691 982/120/691 983/102/691 659/102/691
f 707/211/692 1031/211/692 1032/210/692 708/210/692
f 944/303/693 1268/303/693 1269/305/693 945/305/693
f 913/273/694 1237/273/694 1238/261/694 914/261/694
f 687/231/695 1011/231/695 1012/230/695 688/230/695
f 699/220/696 1023/220/696 1024/222/696 700/222/696
f 796/70/697 1120/70/697 1121/29/697 797/29/697
f 936/97/698 1260/97/698 1261/95/698 937/95/698
f 909/263/699 1233/263/699 1234/274/699 910/274/699
f 679/247/463 1003/247/463 1004/241/463 680/241/463
f 788/53/700 1112/53/700 1113/46/700 789/46/700
f 650/189/701 974/189/701 975/283/701 651/283/701
f 948/307/702 1272/307/702 1273/96/702 949/96/702
f 905/4/703 1229/4/703 1230/7/703 906/7/703
f 768/67/704 1092/67/704 1093/71/704 769/71/704
f 691/199/705 1015/199/705 1016/61/705 692/61/705
f 901/141/706 1225/141/706 1226/275/706 902/275/706
f 928/146/707 1252/146/707 1253/287/707 929/287/707
f 897/209/708 1221/209/708 1222/174/708 898/174/708
f 893/34/709 1217/34/709 1218/156/709 894/156/709
f 671/76/710 995/76/710 996/319/710 672/319/710
f 889/288/711 1213/288/711 1214/289/711 890/289/711
f 760/72/712 1084/72/712 1085/68/712 761/68/712
f 920/9/713 1244/9/713 1245/291/713 921/291/713
f 881/89/714 1205/89/714 1206/177/714 882/177/714
f 752/27/463 1076/27/463 1077/25/463 753/25/463
f 885/278/715 1209/278/715 1210/192/715 886/192/715
f 873/256/716 1197/256/716 1198/264/716 874/264/716
f 780/66/717 1104/66/717 1105/36/717 781/36/717
f 865/249/718 1189/249/718 1190/250/718 866/250/718
f 744/24/463 1068/24/463 1069/15/463 745/15/463
f 736/12/463 1060/12/463 1061/130/463 737/130/463
f 912/282/719 1236/282/719 1237/273/719 913/273/719
f 728/198/720 1052/198/720 1053/158/720 729/158/720
f 940/299/721 1264/299/721 1265/300/721 941/300/721
f 772/22/722 1096/22/722 1097/23/722 773/23/722
f 857/234/723 1181/234/723 1182/236/723 858/236/723
f 831/129/724 1155/129/724 1156/108/724 832/108/724
f 683/235/463 1007/235/463 1008/217/463 684/217/463
f 764/86/725 1088/86/725 1089/87/725 765/87/725
f 877/285/726 1201/285/726 1202/286/726 878/286/726
f 720/185/727 1044/185/727 1045/48/727 721/48/727
f 756/82/463 1080/82/463 1081/78/463 757/78/463
f 904/181/728 1228/181/728 1229/4/728 905/4/728
f 849/183/729 1173/183/729 1174/324/729 850/324/729
f 712/182/730 1036/182/730 1037/205/730 713/205/730
f 748/32/463 1072/32/463 1073/31/463 749/31/463
f 967/266/731 1291/266/731 1292/267/731 968/267/731
f 902/275/732 1226/275/732 1227/257/732 903/257/732
f 956/313/733 1280/313/733 1281/310/733 957/310/733
f 740/116/463 1064/116/463 1065/137/463 741/137/463
f 869/253/734 1193/253/734 1194/254/734 870/254/734
f 894/156/735 1218/156/735 1219/321/735 895/321/735
f 841/154/736 1165/154/736 1166/119/736 842/119/736
f 861/242/737 1185/242/737 1186/243/737 862/243/737
f 886/192/738 1210/192/738 1211/172/738 887/172/738
f 932/17/739 1256/17/739 1257/18/739 933/18/739
f 384/210/434 708/210/434 709/208/434 385/208/434
f 335/102/435 659/102/435 660/103/435 336/103/435
f 1280/313/733 1604/313/733 1605/310/733 1281/310/733
f 1064/116/463 1388/116/463 1389/137/463 1065/137/463
f 1193/253/734 1517/253/734 1518/254/734 1194/254/734
f 1218/156/735 1542/156/735 1543/321/735 1219/321/735
f 1165/154/736 1489/154/736 1490/119/736 1166/119/736
f 1185/242/737 1509/242/737 1510/243/737 1186/243/737
f 1210/192/738 1534/192/738 1535/172/738 1211/172/738
f 1256/17/739 1580/17/739 1581/18/739 1257/18/739
f 1056/99/740 1380/99/740 1381/100/740 1057/100/740
f 1202/286/741 1526/286/741 1527/79/741 1203/79/741
f 1028/213/462 1352/213/462 1353/212/462 1029/212/462
f 999/309/463 1323/309/463 1324/308/463 1000/308/463
f 1048/197/464 1372/197/464 1373/196/464 1049/196/464
f 1283/315/465 1607/315/465 1608/244/465 1284/244/465
f 994/224/466 1318/224/466 1319/76/466 995/76/466
f 1040/202/467 1364/202/467 1365/201/467 1041/201/467
f 1248/180/468 1572/180/468 1573/142/468 1249/142/468
f 1295/258/742 1619/258/742 1620/259/742 1296/259/742
f 1177/10/470 1501/10/470 1502/178/470 1178/178/470
f 991/322/471 1315/322/471 1316/162/471 992/162/471
f 1169/170/472 1493/170/472 1494/294/472 1170/294/472
f 1194/254/473 1518/254/473 1519/255/473 1195/255/473
f 1020/226/743 1344/226/743 1345/227/743 1021/227/743
f 1161/139/475 1485/139/475 1486/168/475 1162/168/475
f 1275/81/476 1599/81/476 1600/290/476 1276/290/476
f 1153/106/477 1477/106/477 1478/136/477 1154/136/477
f 1157/19/478 1481/19/478 1482/20/478 1158/20/478
f 1012/230/479 1336/230/479 1337/228/479 1013/228/479
f 1240/269/480 1564/269/480 1565/292/480 1241/292/480
f 1145/60/481 1469/60/481 1470/151/481 1146/151/481
f 1149/147/482 1473/147/482 1474/125/482 1150/125/482
f 1267/302/744 1591/302/744 1592/303/744 1268/303/744
f 983/102/484 1307/102/484 1308/103/484 984/103/484
f 1032/210/485 1356/210/485 1357/208/485 1033/208/485
f 1004/241/463 1328/241/463 1329/239/463 1005/239/463
f 1287/265/486 1611/265/486 1612/260/486 1288/260/486
f 1259/134/487 1583/134/487 1584/97/487 1260/97/487
f 1024/222/488 1348/222/488 1349/216/488 1025/216/488
f 996/319/489 1320/319/489 1321/101/489 997/101/489
f 1232/186/490 1556/186/490 1557/263/490 1233/263/490
f 1279/312/491 1603/312/491 1604/313/491 1280/313/491
f 1137/155/492 1461/155/492 1462/167/492 1138/167/492
f 1251/35/493 1575/35/493 1576/146/493 1252/146/493
f 975/283/494 1299/283/494 1300/284/494 976/284/494
f 1129/109/495 1453/109/495 1454/123/495 1130/123/495
f 1186/243/496 1510/243/496 1511/246/496 1187/246/496
f 1141/160/497 1465/160/497 1466/153/497 1142/153/497
f 1033/208/498 1357/208/498 1358/207/498 1034/207/498
f 1133/138/499 1457/138/499 1458/110/499 1134/110/499
f 988/75/500 1312/75/500 1313/223/500 989/223/500
f 1178/178/501 1502/178/501 1503/112/501 1179/112/501
f 1125/98/502 1449/98/502 1450/135/502 1126/135/502
f 1243/320/503 1567/320/503 1568/9/503 1244/9/503
f 1117/37/504 1441/37/504 1442/38/504 1118/38/504
f 1214/289/745 1538/289/745 1539/145/745 1215/145/745
f 1121/29/506 1445/29/506 1446/30/506 1122/30/506
f 1170/294/507 1494/294/507 1495/131/507 1171/131/507
f 980/318/508 1304/318/508 1305/323/508 981/323/508
f 1016/61/509 1340/61/509 1341/62/509 1017/62/509
f 1235/276/746 1559/276/746 1560/282/746 1236/282/746
f 1206/177/511 1530/177/511 1531/16/511 1207/16/511
f 1271/306/512 1595/306/512 1596/307/512 1272/307/512
f 1113/46/513 1437/46/513 1438/42/513 1114/42/513
f 1162/168/514 1486/168/514 1487/169/514 1163/169/514
f 1109/47/515 1433/47/515 1434/45/515 1110/45/515
f 1198/264/516 1522/264/516 1523/270/516 1199/270/516
f 1190/250/517 1514/250/517 1515/251/517 1191/251/517
f 1008/217/463 1332/217/463 1333/221/463 1009/221/463
f 1227/257/518 1551/257/518 1552/181/518 1228/181/518
f 1182/236/519 1506/236/519 1507/238/519 1183/238/519
f 1263/298/520 1587/298/520 1588/299/520 1264/299/520
f 1105/36/521 1429/36/521 1430/64/521 1106/64/521
f 1154/136/522 1478/136/522 1479/129/522 1155/129/522
f 1101/40/523 1425/40/523 1426/28/523 1102/28/523
f 1000/308/463 1324/308/463 1325/126/463 1001/126/463
f 1097/23/524 1421/23/524 1422/90/524 1098/90/524
f 1146/151/525 1470/151/525 1471/150/525 1147/150/525
f 1093/71/526 1417/71/526 1418/26/526 1094/26/526
f 1219/321/747 1543/321/747 1544/293/747 1220/293/747
f 1255/191/528 1579/191/528 1580/17/528 1256/17/528
f 1089/87/529 1413/87/529 1414/57/529 1090/57/529
f 1138/167/530 1462/167/530 1463/166/530 1139/166/530
f 1085/68/531 1409/68/531 1410/65/531 1086/65/531
f 1081/78/532 1405/78/532 1406/77/532 1082/77/532
f 1130/123/533 1454/123/533 1455/121/533 1131/121/533
f 1077/25/463 1401/25/463 1402/84/463 1078/84/463
f 1211/172/534 1535/172/534 1536/173/534 1212/173/534
f 1174/324/535 1498/324/535 1499/175/535 1175/175/535
f 992/162/536 1316/162/536 1317/163/536 993/163/536
f 1122/30/537 1446/30/537 1447/93/537 1123/93/537
f 1069/15/463 1393/15/463 1394/13/463 1070/13/463
f 1203/79/538 1527/79/538 1528/80/538 1204/80/538
f 1166/119/539 1490/119/539 1491/143/539 1167/143/539
f 1247/6/540 1571/6/540 1572/180/540 1248/180/540
f 1073/31/463 1397/31/463 1398/85/463 1074/85/463
f 1195/255/541 1519/255/541 1520/128/541 1196/128/541
f 1158/20/542 1482/20/542 1483/94/542 1159/94/542
f 1065/137/463 1389/137/463 1390/41/463 1066/41/463
f 1061/130/463 1385/130/463 1386/118/463 1062/118/463
f 984/103/543 1308/103/543 1309/218/543 985/218/543
f 1053/158/544 1377/158/544 1378/159/544 1054/159/544
f 1187/246/545 1511/246/545 1512/248/545 1188/248/545
f 1150/125/748 1474/125/748 1475/124/748 1151/124/748
f 1239/262/547 1563/262/547 1564/269/547 1240/269/547
f 1057/100/463 1381/100/463 1382/179/463 1058/179/463
f 986/219/548 1310/219/548 1311/74/548 987/74/548
f 1049/196/549 1373/196/549 1374/194/549 1050/194/549
f 1041/201/550 1365/201/550 1366/200/550 1042/200/550
f 1114/42/749 1438/42/749 1439/43/749 1115/43/749
f 1045/48/552 1369/48/552 1370/49/552 1046/49/552
f 976/284/553 1300/284/553 1301/271/553 977/271/553
f 1294/2/554 1618/2/554 1619/258/554 1295/258/554
f 1179/112/545 1503/112/545 1504/113/545 1180/113/545
f 1231/8/555 1555/8/555 1556/186/555 1232/186/555
f 1037/205/556 1361/205/556 1362/204/556 1038/204/556
f 1142/153/557 1466/153/557 1467/58/557 1143/58/557
f 1290/1/558 1614/1/558 1615/266/558 1291/266/558
f 1106/64/559 1430/64/559 1431/280/559 1107/280/559
f 1223/165/560 1547/165/560 1548/140/560 1224/140/560
f 1098/90/561 1422/90/561 1423/91/561 1099/91/561
f 1286/317/750 1610/317/750 1611/265/750 1287/265/750
f 1134/110/563 1458/110/563 1459/111/563 1135/111/563
f 1215/145/564 1539/145/564 1540/33/564 1216/33/564
f 1090/57/565 1414/57/565 1415/55/565 1091/55/565
f 1029/212/566 1353/212/566 1354/114/566 1030/114/566
f 1171/131/567 1495/131/567 1496/132/567 1172/132/567
f 1207/16/568 1531/16/568 1532/277/568 1208/277/568
f 1282/311/569 1606/311/569 1607/315/569 1283/315/569
f 1082/77/570 1406/77/570 1407/73/570 1083/73/570
f 1163/169/571 1487/169/571 1488/117/571 1164/117/571
f 1199/270/572 1523/270/572 1524/279/572 1200/279/572
f 1025/216/573 1349/216/573 1350/215/573 1026/215/573
f 1074/85/463 1398/85/463 1399/54/463 1075/54/463
f 987/74/574 1311/74/574 1312/75/574 988/75/574
f 1265/300/575 1589/300/575 1590/301/575 1266/301/575
f 1126/135/576 1450/135/576 1451/107/576 1127/107/576
f 1191/251/577 1515/251/577 1516/252/577 1192/252/577
f 1274/133/578 1598/133/578 1599/81/578 1275/81/578
f 1118/38/579 1442/38/579 1443/69/579 1119/69/579
f 1183/238/519 1507/238/519 1508/240/519 1184/240/519
f 1017/62/580 1341/62/580 1342/63/580 1018/63/580
f 1066/41/463 1390/41/463 1391/92/463 1067/92/463
f 1278/314/587 1602/314/587 1603/312/587 1279/312/587
f 1021/227/593 1345/227/593 1346/233/593 1022/233/593
f 1220/293/751 1544/293/751 1545/209/751 1221/209/751
f 1266/301/582 1590/301/582 1591/302/582 1267/302/582
f 1058/179/463 1382/179/463 1383/11/463 1059/11/463
f 1270/304/598 1594/304/598 1595/306/598 1271/306/598
f 1212/173/583 1536/173/583 1537/288/583 1213/288/583
f 1009/221/584 1333/221/584 1334/232/584 1010/232/584
f 1013/228/602 1337/228/602 1338/229/602 1014/229/602
f 1110/45/585 1434/45/585 1435/52/585 1111/52/585
f 1258/295/537 1582/295/537 1583/134/537 1259/134/537
f 1050/194/586 1374/194/586 1375/195/586 1051/195/586
f 1262/297/608 1586/297/608 1587/298/608 1263/298/608
f 1204/80/588 1528/80/588 1529/89/588 1205/89/588
f 1175/175/589 1499/175/589 1500/176/589 1176/176/589
f 1001/126/463 1325/126/463 1326/127/463 1002/127/463
f 1042/200/590 1366/200/590 1367/184/590 1043/184/590
f 1005/239/463 1329/239/463 1330/237/463 1006/237/463
f 1147/150/591 1471/150/591 1472/149/591 1148/149/591
f 1102/28/592 1426/28/592 1427/51/592 1103/51/592
f 1196/128/594 1520/128/594 1521/256/594 1197/256/594
f 1167/143/595 1491/143/595 1492/144/595 1168/144/595
f 1250/157/596 1574/157/596 1575/35/596 1251/35/596
f 1139/166/597 1463/166/597 1464/161/597 1140/161/597
f 1094/26/526 1418/26/526 1419/14/526 1095/14/526
f 1159/94/599 1483/94/599 1484/104/599 1160/104/599
f 993/163/600 1317/163/600 1318/224/600 994/224/600
f 1254/171/613 1578/171/613 1579/191/613 1255/191/613
f 1131/121/601 1455/121/601 1456/122/601 1132/122/601
f 1188/248/603 1512/248/603 1513/249/603 1189/249/603
f 1151/124/604 1475/124/604 1476/105/604 1152/105/604
f 1242/187/605 1566/187/605 1567/320/605 1243/320/605
f 1034/207/606 1358/207/606 1359/206/606 1035/206/606
f 997/101/463 1321/101/463 1322/245/463 998/245/463
f 1123/93/579 1447/93/579 1448/21/579 1124/21/579
f 1086/65/607 1410/65/607 1411/56/607 1087/56/607
f 1143/58/609 1467/58/609 1468/59/609 1144/59/609
f 985/218/610 1309/218/610 1310/219/610 986/219/610
f 1289/3/611 1613/3/611 1614/1/611 1290/1/611
f 1246/5/619 1570/5/619 1571/6/619 1247/6/619
f 1078/84/463 1402/84/463 1403/83/463 1079/83/463
f 989/223/622 1313/223/622 1314/164/622 990/164/622
f 1070/13/463 1394/13/463 1395/88/463 1071/88/463
f 1180/113/612 1504/113/612 1505/234/612 1181/234/612
f 1234/274/614 1558/274/614 1559/276/614 1235/276/614
f 1026/215/615 1350/215/615 1351/214/615 1027/214/615
f 1238/261/629 1562/261/629 1563/262/629 1239/262/629
f 1062/118/463 1386/118/463 1387/115/463 1063/115/463
f 1281/310/616 1605/310/616 1606/311/616 1282/311/616
f 981/323/633 1305/323/633 1306/120/633 982/120/633
f 1115/43/617 1439/43/617 1440/281/617 1116/281/617
f 1054/159/618 1378/159/618 1379/193/618 1055/193/618
f 1135/111/620 1459/111/620 1460/152/620 1136/152/620
f 1018/63/621 1342/63/621 1343/225/621 1019/225/621
f 1273/96/623 1597/96/623 1598/133/623 1274/133/623
f 1107/280/624 1431/280/624 1432/44/624 1108/44/624
f 1046/49/625 1370/49/625 1371/50/625 1047/50/625
f 1127/107/626 1451/107/626 1452/148/626 1128/148/626
f 1224/140/627 1548/140/627 1549/141/627 1225/141/627
f 1010/232/628 1334/232/628 1335/231/628 1011/231/628
f 1172/132/630 1496/132/630 1497/183/630 1173/183/630
f 1216/33/631 1540/33/631 1541/34/631 1217/34/631
f 978/272/632 1302/272/632 1303/316/632 979/316/632
f 1148/149/634 1472/149/634 1473/147/634 1149/147/634
f 977/271/635 1301/271/635 1302/272/635 978/272/635
f 1230/7/646 1554/7/646 1555/8/646 1231/8/646
f 1119/69/537 1443/69/537 1444/70/537 1120/70/537
f 1208/277/636 1532/277/636 1533/278/636 1209/278/636
f 973/188/650 1297/188/650 1298/189/650 974/189/650
f 1099/91/637 1423/91/637 1424/39/637 1100/39/637
f 1296/259/752 1620/259/752 1297/188/752 973/188/752
f 1200/279/639 1524/279/639 1525/285/639 1201/285/639
f 1002/127/463 1326/127/463 1327/247/463 1003/247/463
f 1038/204/640 1362/204/640 1363/203/640 1039/203/640
f 1192/252/641 1516/252/641 1517/253/641 1193/253/641
f 1257/18/642 1581/18/642 1582/295/642 1258/295/642
f 1293/268/643 1617/268/643 1618/2/643 1294/2/643
f 1111/52/644 1435/52/644 1436/53/644 1112/53/644
f 1184/240/519 1508/240/519 1509/242/519 1185/242/519
f 1091/55/645 1415/55/645 1416/67/645 1092/67/645
f 1164/117/647 1488/117/647 1489/154/647 1165/154/647
f 1083/73/648 1407/73/648 1408/72/648 1084/72/648
f 1030/114/649 1354/114/649 1355/211/649 1031/211/649
f 1156/108/651 1480/108/651 1481/19/651 1157/19/651
f 1103/51/652 1427/51/652 1428/66/652 1104/66/652
f 1075/54/463 1399/54/463 1400/27/463 1076/27/463
f 1285/190/653 1609/190/653 1610/317/653 1286/317/653
f 1095/14/654 1419/14/654 1420/22/654 1096/22/654
f 1067/92/463 1391/92/463 1392/24/463 1068/24/463
f 1087/56/655 1411/56/655 1412/86/655 1088/86/655
f 1176/176/656 1500/176/656 1501/10/656 1177/10/656
f 1059/11/463 1383/11/463 1384/12/463 1060/12/463
f 1168/144/657 1492/144/657 1493/170/657 1169/170/657
f 1079/83/463 1403/83/463 1404/82/463 1080/82/463
f 979/316/658 1303/316/658 1304/318/658 980/318/658
f 1022/233/659 1346/233/659 1347/220/659 1023/220/659
f 1140/161/660 1464/161/660 1465/160/660 1141/160/660
f 1071/88/463 1395/88/463 1396/32/463 1072/32/463
f 1249/142/661 1573/142/661 1574/157/661 1250/157/661
f 1051/195/662 1375/195/662 1376/198/662 1052/198/662
f 1277/296/663 1601/296/663 1602/314/663 1278/314/663
f 1063/115/463 1387/115/463 1388/116/463 1064/116/463
f 1160/104/664 1484/104/664 1485/139/664 1161/139/664
f 1014/229/753 1338/229/753 1339/199/753 1015/199/753
f 1132/122/666 1456/122/666 1457/138/666 1133/138/666
f 1152/105/667 1476/105/667 1477/106/667 1153/106/667
f 1043/184/668 1367/184/668 1368/185/668 1044/185/668
f 1269/305/669 1593/305/669 1594/304/669 1270/304/669
f 1124/21/504 1448/21/504 1449/98/504 1125/98/504
f 1006/237/463 1330/237/463 1331/235/463 1007/235/463
f 1055/193/670 1379/193/670 1380/99/670 1056/99/670
f 1292/267/671 1616/267/671 1617/268/671 1293/268/671
f 1261/95/672 1585/95/672 1586/297/672 1262/297/672
f 1144/59/673 1468/59/673 1469/60/673 1145/60/673
f 1035/206/674 1359/206/674 1360/182/674 1036/182/674
f 998/245/463 1322/245/463 1323/309/463 999/309/463
f 1047/50/675 1371/50/675 1372/197/675 1048/197/675
f 1253/287/613 1577/287/613 1578/171/613 1254/171/613
f 1116/281/754 1440/281/754 1441/37/754 1117/37/754
f 1039/203/677 1363/203/677 1364/202/677 1040/202/677
f 1284/244/678 1608/244/678 1609/190/678 1285/190/678
f 990/164/755 1314/164/755 1315/322/755 991/322/755
f 1241/292/680 1565/292/680 1566/187/680 1242/187/680
f 1027/214/681 1351/214/681 1352/213/681 1028/213/681
f 1245/291/682 1569/291/682 1570/5/682 1246/5/682
f 1136/152/683 1460/152/683 1461/155/683 1137/155/683
f 1108/44/756 1432/44/756 1433/47/756 1109/47/756
f 1222/174/685 1546/174/685 1547/165/685 1223/165/685
f 1276/290/686 1600/290/686 1601/296/686 1277/296/686
f 1100/39/687 1424/39/687 1425/40/687 1101/40/687
f 1288/260/688 1612/260/688 1613/3/688 1289/3/688
f 1128/148/689 1452/148/689 1453/109/689 1129/109/689
f 1019/225/690 1343/225/690 1344/226/690 1020/226/690
f 982/120/691 1306/120/691 1307/102/691 983/102/691
f 1031/211/692 1355/211/692 1356/210/692 1032/210/692
f 1268/303/693 1592/303/693 1593/305/693 1269/305/693
f 1237/273/694 1561/273/694 1562/261/694 1238/261/694
f 1011/231/695 1335/231/695 1336/230/695 1012/230/695
f 1023/220/757 1347/220/757 1348/222/757 1024/222/757
f 1120/70/697 1444/70/697 1445/29/697 1121/29/697
f 1260/97/698 1584/97/698 1585/95/698 1261/95/698
f 1233/263/699 1557/263/699 1558/274/699 1234/274/699
f 1003/247/463 1327/247/463 1328/241/463 1004/241/463
f 1112/53/700 1436/53/700 1437/46/700 1113/46/700
f 974/189/701 1298/189/701 1299/283/701 975/283/701
f 1272/307/702 1596/307/702 1597/96/702 1273/96/702
f 1229/4/703 1553/4/703 1554/7/703 1230/7/703
f 1092/67/758 1416/67/758 1417/71/758 1093/71/758
f 1015/199/705 1339/199/705 1340/61/705 1016/61/705
f 1225/141/706 1549/141/706 1550/275/706 1226/275/706
f 1252/146/707 1576/146/707 1577/287/707 1253/287/707
f 1221/209/708 1545/209/708 1546/174/708 1222/174/708
f 1217/34/709 1541/34/709 1542/156/709 1218/156/709
f 995/76/710 1319/76/710 1320/319/710 996/319/710
f 1213/288/711 1537/288/711 1538/289/711 1214/289/711
f 1084/72/759 1408/72/759 1409/68/759 1085/68/759
f 1244/9/713 1568/9/713 1569/291/713 1245/291/713
f 1205/89/714 1529/89/714 1530/177/714 1206/177/714
f 1076/27/463 1400/27/463 1401/25/463 1077/25/463
f 1209/278/715 1533/278/715 1534/192/715 1210/192/715
f 1197/256/716 1521/256/716 1522/264/716 1198/264/716
f 1104/66/717 1428/66/717 1429/36/717 1105/36/717
f 1189/249/718 1513/249/718 1514/250/718 1190/250/718
f 1068/24/463 1392/24/463 1393/15/463 1069/15/463
f 1060/12/463 1384/12/463 1385/130/463 1061/130/463
f 1236/282/719 1560/282/719 1561/273/719 1237/273/719
f 1052/198/720 1376/198/720 1377/158/720 1053/158/720
f 1264/299/721 1588/299/721 1589/300/721 1265/300/721
f 1096/22/722 1420/22/722 1421/23/722 1097/23/722
f 1181/234/723 1505/234/723 1506/236/723 1182/236/723
f 1155/129/760 1479/129/760 1480/108/760 1156/108/760
f 1007/235/463 1331/235/463 1332/217/463 1008/217/463
f 1088/86/761 1412/86/761 1413/87/761 1089/87/761
f 1201/285/726 1525/285/726 1526/286/726 1202/286/726
f 1044/185/727 1368/185/727 1369/48/727 1045/48/727
f 1080/82/463 1404/82/463 1405/78/463 1081/78/463
f 1228/181/728 1552/181/728 1553/4/728 1229/4/728
f 1173/183/729 1497/183/729 1498/324/729 1174/324/729
f 1036/182/730 1360/182/730 1361/205/730 1037/205/730
f 1072/32/463 1396/32/463 1397/31/463 1073/31/463
f 878/286/741 1202/286/741 1203/79/741 879/79/741
f 732/99/740 1056/99/740 1057/100/740 733/100/740
f 1614/1/762 1613/3/762 1618/2/762
f 1553/4/125 1571/6/125 1570/5/125
f 1554/7/762 1568/9/762 1555/8/762
f 1501/10/762 1384/12/762 1383/11/762
f 1394/13/762 1393/15/762 1419/14/762
f 1531/16/285 1581/18/285 1580/17/285
f 1481/19/762 1448/21/762 1482/20/762
f 1420/22/285 1392/24/285 1421/23/285
f 1401/25/762 1400/27/762 1418/26/762
f 1426/28/762 1446/30/762 1445/29/762
f 1397/31/762 1396/32/762 1419/14/762
f 1540/33/762 1575/35/762 1541/34/762
f 1429/36/763 1442/38/763 1441/37/763
f 1424/39/762 1390/41/762 1425/40/762
f 1438/42/411 1432/44/411 1439/43/411
f 1434/45/764 1433/47/764 1437/46/764
f 1369/48/762 1371/50/762 1370/49/762
f 1426/28/762 1445/29/762 1427/51/762
f 1435/52/762 1434/45/762 1436/53/762
f 1400/27/762 1399/54/762 1418/26/762
f 1434/45/762 1437/46/762 1436/53/762
f 1415/55/762 1414/57/762 1411/56/762
f 1467/58/765 1469/60/765 1468/59/765
f 1340/61/766 1342/63/766 1341/62/766
f 1429/36/762 1441/37/762 1430/64/762
f 1411/56/762 1410/65/762 1415/55/762
f 1428/66/763 1442/38/763 1429/36/763
f 1410/65/762 1409/68/762 1416/67/762
f 1427/51/762 1444/70/762 1443/69/762
f 1409/68/762 1408/72/762 1417/71/762
f 1428/66/285 1443/69/285 1442/38/285
f 1408/72/72 1407/73/72 1417/71/72
f 1311/74/762 1319/76/762 1312/75/762
f 1407/73/767 1406/77/767 1417/71/767
f 1427/51/762 1443/69/762 1428/66/762
f 1406/77/762 1405/78/762 1417/71/762
f 1527/79/762 1599/81/762 1528/80/762
f 1404/82/762 1403/83/762 1418/26/762
f 1403/83/762 1402/84/762 1418/26/762
f 1402/84/762 1401/25/762 1418/26/762
f 1399/54/762 1398/85/762 1419/14/762
f 1398/85/762 1397/31/762 1419/14/762
f 1412/86/768 1414/57/768 1413/87/768
f 1396/32/762 1395/88/762 1419/14/762
f 1395/88/762 1394/13/762 1419/14/762
f 1599/81/763 1529/89/763 1528/80/763
f 1422/90/762 1391/92/762 1423/91/762
f 1421/23/762 1392/24/762 1422/90/762
f 1393/15/762 1392/24/762 1420/22/762
f 1425/40/762 1447/93/762 1446/30/762
f 1427/51/762 1445/29/762 1444/70/762
f 1392/24/762 1391/92/762 1422/90/762
f 1425/40/762 1446/30/762 1426/28/762
f 1391/92/762 1390/41/762 1424/39/762
f 1425/40/762 1483/94/762 1447/93/762
f 1585/95/762 1584/97/762 1597/96/762
f 1482/20/762 1447/93/762 1483/94/762
f 1448/21/762 1447/93/762 1482/20/762
f 1449/98/762 1448/21/762 1481/19/762
f 1369/48/37 1381/100/37 1380/99/37
f 1321/101/37 1308/103/37 1307/102/37
f 1483/94/762 1425/40/762 1484/104/762
f 1476/105/762 1451/107/762 1477/106/762
f 1481/19/353 1480/108/353 1449/98/353
f 1453/109/285 1459/111/285 1458/110/285
f 1437/46/762 1433/47/762 1438/42/762
f 1503/112/762 1354/114/762 1504/113/762
f 1387/115/762 1488/117/762 1388/116/762
f 1386/118/762 1490/119/762 1387/115/762
f 1321/101/37 1307/102/37 1306/120/37
f 1455/121/769 1454/123/769 1456/122/769
f 1475/124/40 1474/125/40 1451/107/40
f 1325/126/762 1520/128/762 1326/127/762
f 1480/108/762 1479/129/762 1449/98/762
f 1385/130/763 1496/132/763 1495/131/763
f 1584/97/125 1583/134/125 1598/133/125
f 1479/129/762 1478/136/762 1450/135/762
f 1389/137/762 1484/104/762 1390/41/762
f 1454/123/353 1457/138/353 1456/122/353
f 1476/105/762 1475/124/762 1451/107/762
f 1389/137/353 1485/139/353 1484/104/353
f 1453/109/762 1457/138/762 1454/123/762
f 1548/140/63 1573/142/63 1549/141/63
f 1386/118/37 1492/144/37 1491/143/37
f 1386/118/125 1491/143/125 1490/119/125
f 1539/145/762 1576/146/762 1540/33/762
f 1473/147/762 1472/149/762 1452/148/762
f 1472/149/762 1471/150/762 1452/148/762
f 1385/130/762 1495/131/762 1386/118/762
f 1471/150/762 1470/151/762 1452/148/762
f 1453/109/770 1460/152/770 1459/111/770
f 1452/148/763 1470/151/763 1466/153/763
f 1466/153/771 1470/151/771 1469/60/771
f 1387/115/285 1489/154/285 1488/117/285
f 1453/109/125 1461/155/125 1460/152/125
f 1542/156/762 1575/35/762 1574/157/762
f 1467/58/772 1466/153/772 1469/60/772
f 1369/48/773 1378/159/773 1377/158/773
f 1404/82/762 1418/26/762 1405/78/762
f 1466/153/762 1465/160/762 1452/148/762
f 1465/160/762 1464/161/762 1452/148/762
f 1316/162/762 1314/164/762 1317/163/762
f 1573/142/763 1548/140/763 1547/165/763
f 1464/161/762 1463/166/762 1452/148/762
f 1463/166/37 1462/167/37 1453/109/37
f 1419/14/774 1393/15/774 1420/22/774
f 1388/116/762 1486/168/762 1389/137/762
f 1478/136/762 1477/106/762 1450/135/762
f 1388/116/125 1487/169/125 1486/168/125
f 1386/118/285 1493/170/285 1492/144/285
f 1578/171/63 1536/173/63 1535/172/63
f 1573/142/770 1547/165/770 1546/174/770
f 1384/12/762 1499/175/762 1385/130/762
f 1500/176/762 1499/175/762 1384/12/762
f 1500/176/775 1384/12/775 1501/10/775
f 1598/133/763 1530/177/763 1529/89/763
f 1502/178/285 1501/10/285 1383/11/285
f 1502/178/762 1383/11/762 1382/179/762
f 1571/6/72 1552/181/72 1572/180/72
f 1502/178/762 1360/182/762 1503/112/762
f 1385/130/270 1497/183/270 1496/132/270
f 1382/179/762 1381/100/762 1367/184/762
f 1368/185/762 1381/100/762 1369/48/762
f 1438/42/776 1433/47/776 1432/44/776
f 1555/8/762 1566/187/762 1556/186/762
f 1297/188/777 1609/190/777 1298/189/777
f 1579/191/762 1535/172/762 1534/192/762
f 1369/48/40 1380/99/40 1379/193/40
f 1369/48/778 1375/195/778 1374/194/778
f 1369/48/89 1374/194/89 1373/196/89
f 1369/48/762 1373/196/762 1372/197/762
f 1369/48/779 1372/197/779 1371/50/779
f 1375/195/762 1369/48/762 1376/198/762
f 1340/61/762 1339/199/762 1342/63/762
f 1367/184/37 1366/200/37 1382/179/37
f 1366/200/762 1365/201/762 1382/179/762
f 1365/201/762 1364/202/762 1502/178/762
f 1364/202/762 1363/203/762 1502/178/762
f 1363/203/762 1362/204/762 1502/178/762
f 1362/204/762 1361/205/762 1502/178/762
f 1361/205/762 1360/182/762 1502/178/762
f 1503/112/762 1360/182/762 1359/206/762
f 1503/112/762 1359/206/762 1358/207/762
f 1503/112/763 1358/207/763 1357/208/763
f 1545/209/762 1574/157/762 1546/174/762
f 1452/148/762 1463/166/762 1453/109/762
f 1356/210/762 1355/211/762 1503/112/762
f 1355/211/762 1354/114/762 1503/112/762
f 1504/113/762 1354/114/762 1353/212/762
f 1504/113/762 1353/212/762 1352/213/762
f 1504/113/285 1352/213/285 1351/214/285
f 1504/113/774 1351/214/774 1350/215/774
f 1504/113/270 1350/215/270 1349/216/270
f 1504/113/762 1349/216/762 1332/217/762
f 1321/101/762 1310/219/762 1309/218/762
f 1347/220/762 1333/221/762 1332/217/762
f 1332/217/763 1349/216/763 1348/222/763
f 1332/217/125 1348/222/125 1347/220/125
f 1313/223/428 1318/224/428 1317/163/428
f 1411/56/780 1414/57/780 1412/86/780
f 1415/55/762 1410/65/762 1416/67/762
f 1342/63/762 1339/199/762 1343/225/762
f 1344/226/762 1337/228/762 1345/227/762
f 1369/48/781 1379/193/781 1378/159/781
f 1338/229/762 1337/228/762 1344/226/762
f 1337/228/762 1336/230/762 1345/227/762
f 1336/230/782 1335/231/782 1345/227/782
f 1335/231/762 1334/232/762 1345/227/762
f 1334/232/762 1333/221/762 1345/227/762
f 1346/233/762 1333/221/762 1347/220/762
f 1505/234/762 1504/113/762 1332/217/762
f 1505/234/762 1332/217/762 1331/235/762
f 1506/236/762 1505/234/762 1331/235/762
f 1506/236/762 1331/235/762 1330/237/762
f 1507/238/762 1506/236/762 1330/237/762
f 1507/238/762 1330/237/762 1329/239/762
f 1508/240/762 1507/238/762 1329/239/762
f 1508/240/762 1329/239/762 1328/241/762
f 1509/242/762 1508/240/762 1328/241/762
f 1509/242/762 1328/241/762 1510/243/762
f 1608/244/762 1322/245/762 1321/101/762
f 1511/246/762 1510/243/762 1327/247/762
f 1511/246/763 1327/247/763 1512/248/763
f 1510/243/762 1328/241/762 1327/247/762
f 1513/249/762 1512/248/762 1326/127/762
f 1514/250/762 1513/249/762 1326/127/762
f 1515/251/762 1514/250/762 1326/127/762
f 1516/252/762 1515/251/762 1326/127/762
f 1517/253/270 1516/252/270 1326/127/270
f 1518/254/37 1517/253/37 1326/127/37
f 1519/255/762 1518/254/762 1326/127/762
f 1520/128/762 1519/255/762 1326/127/762
f 1521/256/762 1520/128/762 1325/126/762
f 1552/181/783 1551/257/783 1549/141/783
f 1417/71/762 1405/78/762 1418/26/762
f 1388/116/285 1488/117/285 1487/169/285
f 1416/67/762 1409/68/762 1417/71/762
f 1619/258/762 1612/260/762 1620/259/762
f 1339/199/762 1338/229/762 1343/225/762
f 1562/261/784 1557/263/784 1563/262/784
f 1553/4/428 1570/5/428 1554/7/428
f 1522/264/63 1521/256/63 1325/126/63
f 1620/259/762 1611/265/762 1297/188/762
f 1345/227/762 1333/221/762 1346/233/762
f 1615/266/762 1617/268/762 1616/267/762
f 1453/109/770 1458/110/770 1457/138/770
f 1572/180/763 1552/181/763 1549/141/763
f 1556/186/762 1564/269/762 1557/263/762
f 1523/270/428 1522/264/428 1325/126/428
f 1301/271/785 1608/244/785 1302/272/785
f 1561/273/786 1558/274/786 1562/261/786
f 1549/141/762 1551/257/762 1550/275/762
f 1559/276/762 1558/274/762 1561/273/762
f 1580/17/763 1533/278/763 1532/277/763
f 1524/279/762 1523/270/762 1325/126/762
f 1431/280/285 1440/281/285 1439/43/285
f 1560/282/762 1559/276/762 1561/273/762
f 1299/283/762 1609/190/762 1300/284/762
f 1525/285/762 1524/279/762 1325/126/762
f 1449/98/762 1479/129/762 1450/135/762
f 1298/189/762 1609/190/762 1299/283/762
f 1526/286/762 1525/285/762 1599/81/762
f 1578/171/762 1535/172/762 1579/191/762
f 1451/107/762 1474/125/762 1452/148/762
f 1389/137/428 1486/168/428 1485/139/428
f 1577/287/770 1538/289/770 1537/288/770
f 1600/290/762 1525/285/762 1325/126/762
f 1541/34/762 1575/35/762 1542/156/762
f 1321/101/353 1309/218/353 1308/103/353
f 1430/64/762 1440/281/762 1431/280/762
f 1552/181/428 1571/6/428 1553/4/428
f 1598/133/762 1581/18/762 1530/177/762
f 1554/7/763 1570/5/763 1569/291/763
f 1562/261/426 1558/274/426 1557/263/426
f 1556/186/125 1566/187/125 1565/292/125
f 1580/17/285 1532/277/285 1531/16/285
f 1430/64/125 1441/37/125 1440/281/125
f 1526/286/762 1599/81/762 1527/79/762
f 1578/171/285 1537/288/285 1536/173/285
f 1538/289/762 1576/146/762 1539/145/762
f 1418/26/762 1399/54/762 1419/14/762
f 1557/263/411 1564/269/411 1563/262/411
f 1554/7/773 1569/291/773 1568/9/773
f 1556/186/767 1565/292/767 1564/269/767
f 1540/33/762 1576/146/762 1575/35/762
f 1579/191/762 1533/278/762 1580/17/762
f 1599/81/762 1525/285/762 1600/290/762
f 1546/174/762 1574/157/762 1573/142/762
f 1577/287/762 1537/288/762 1578/171/762
f 1544/293/762 1574/157/762 1545/209/762
f 1386/118/763 1495/131/763 1494/294/763
f 1530/177/762 1581/18/762 1531/16/762
f 1356/210/762 1503/112/762 1357/208/762
f 1582/295/125 1581/18/125 1598/133/125
f 1576/146/762 1538/289/762 1577/287/762
f 1583/134/770 1582/295/770 1598/133/770
f 1473/147/762 1452/148/762 1474/125/762
f 1453/109/285 1462/167/285 1461/155/285
f 1325/126/762 1601/296/762 1600/290/762
f 1586/297/762 1585/95/762 1597/96/762
f 1587/298/762 1586/297/762 1597/96/762
f 1588/299/762 1587/298/762 1597/96/762
f 1589/300/762 1588/299/762 1597/96/762
f 1590/301/762 1589/300/762 1597/96/762
f 1591/302/762 1590/301/762 1597/96/762
f 1592/303/762 1591/302/762 1597/96/762
f 1369/48/770 1377/158/770 1376/198/770
f 1594/304/762 1593/305/762 1597/96/762
f 1595/306/787 1594/304/787 1597/96/787
f 1596/307/762 1595/306/762 1597/96/762
f 1597/96/762 1584/97/762 1598/133/762
f 1317/163/762 1314/164/762 1313/223/762
f 1592/303/762 1597/96/762 1593/305/762
f 1598/133/762 1529/89/762 1599/81/762
f 1324/308/762 1601/296/762 1325/126/762
f 1512/248/762 1327/247/762 1326/127/762
f 1323/309/762 1606/311/762 1605/310/762
f 1323/309/762 1603/312/762 1324/308/762
f 1604/313/762 1603/312/762 1323/309/762
f 1604/313/762 1323/309/762 1605/310/762
f 1324/308/762 1602/314/762 1601/296/762
f 1322/245/762 1606/311/762 1323/309/762
f 1607/315/285 1606/311/285 1322/245/285
f 1607/315/763 1322/245/763 1608/244/763
f 1324/308/762 1603/312/762 1602/314/762
f 1609/190/285 1608/244/285 1301/271/285
f 1367/184/762 1381/100/762 1368/185/762
f 1302/272/762 1608/244/762 1303/316/762
f 1610/317/762 1609/190/762 1297/188/762
f 1611/265/762 1610/317/762 1297/188/762
f 1614/1/762 1617/268/762 1615/266/762
f 1612/260/762 1611/265/762 1620/259/762
f 1321/101/353 1304/318/353 1303/316/353
f 1613/3/762 1612/260/762 1619/258/762
f 1320/319/270 1319/76/270 1311/74/270
f 1579/191/285 1534/192/285 1533/278/285
f 1300/284/762 1609/190/762 1301/271/762
f 1555/8/774 1568/9/774 1567/320/774
f 1386/118/762 1494/294/762 1493/170/762
f 1312/75/40 1318/224/40 1313/223/40
f 1618/2/762 1617/268/762 1614/1/762
f 1312/75/285 1319/76/285 1318/224/285
f 1543/321/762 1574/157/762 1544/293/762
f 1343/225/762 1338/229/762 1344/226/762
f 1618/2/762 1613/3/762 1619/258/762
f 1315/322/762 1314/164/762 1316/162/762
f 1321/101/353 1306/120/353 1305/323/353
f 1423/91/762 1391/92/762 1424/39/762
f 1382/179/762 1365/201/762 1502/178/762
f 1439/43/762 1432/44/762 1431/280/762
f 1385/130/770 1498/324/770 1497/183/770
f 1385/130/125 1499/175/125 1498/324/125
f 1303/316/285 1608/244/285 1321/101/285
f 1311/74/785 1310/219/785 1320/319/785
f 1542/156/762 1574/157/762 1543/321/762
f 1321/101/353 1305/323/353 1304/318/353
f 1450/135/762 1477/106/762 1451/107/762
f 1387/115/770 1490/119/770 1489/154/770
f 1320/319/762 1310/219/762 1321/101/762
f 1484/104/762 1425/40/762 1390/41/762
f 1549/141/428 1573/142/428 1572/180/428
f 1555/8/770 1567/320/770 1566/187/770
f 1226/275/732 1550/275/732 1551/257/732 1227/257/732
f 1291/266/788 1615/266/788 1616/267/788 1292/267/788
