# Blender 4.0.2
# www.blender.org
mtllib Quadro_M_corner.mtl
o Quadro_M_corner
v 0.024527 -0.036460 -0.612487
v 0.024527 -0.036599 -0.612490
v 0.024527 -0.036724 -0.612498
v 0.024527 -0.036835 -0.612513
v 0.024527 -0.036933 -0.612536
v 0.024527 -0.037018 -0.612569
v 0.024527 -0.037091 -0.612613
v 0.024527 -0.037151 -0.612669
v 0.024527 -0.037198 -0.612738
v 0.024527 -0.037234 -0.612822
v 0.024527 -0.037258 -0.612922
v 0.024527 -0.037270 -0.613039
v 0.024527 -0.037271 -0.613175
v 0.024527 -0.037257 -0.613554
v 0.024527 -0.037239 -0.613934
v 0.024527 -0.037220 -0.614313
v 0.024527 -0.037202 -0.614691
v 0.024527 -0.037184 -0.615070
v 0.024527 -0.037168 -0.615448
v 0.024527 -0.037155 -0.615826
v 0.024527 -0.037147 -0.616204
v 0.024527 -0.037145 -0.616581
v 0.024527 -0.037149 -0.616958
v 0.024527 -0.037162 -0.617333
v 0.024527 -0.037183 -0.617709
v 0.024527 -0.037192 -0.618011
v 0.024527 -0.037174 -0.618300
v 0.024527 -0.037133 -0.618577
v 0.024527 -0.037071 -0.618845
v 0.024527 -0.036989 -0.619103
v 0.024527 -0.036890 -0.619354
v 0.024527 -0.036776 -0.619597
v 0.024527 -0.036649 -0.619836
v 0.024527 -0.036511 -0.620070
v 0.024527 -0.036365 -0.620302
v 0.024527 -0.036212 -0.620531
v 0.024527 -0.036055 -0.620760
v 0.024527 -0.035822 -0.621081
v 0.024527 -0.035584 -0.621400
v 0.024527 -0.035342 -0.621717
v 0.024527 -0.035098 -0.622034
v 0.024527 -0.034855 -0.622351
v 0.024527 -0.034613 -0.622670
v 0.024527 -0.034375 -0.622991
v 0.024527 -0.034142 -0.623315
v 0.024527 -0.033917 -0.623643
v 0.024527 -0.033701 -0.623976
v 0.024527 -0.033495 -0.624314
v 0.024527 -0.033303 -0.624659
v 0.024527 -0.033206 -0.624868
v 0.024527 -0.033115 -0.625116
v 0.024527 -0.033025 -0.625393
v 0.024527 -0.032935 -0.625688
v 0.024527 -0.032839 -0.625989
v 0.024527 -0.032734 -0.626286
v 0.024527 -0.032617 -0.626568
v 0.024527 -0.032484 -0.626823
v 0.024527 -0.032331 -0.627040
v 0.024527 -0.032154 -0.627209
v 0.024527 -0.031951 -0.627319
v 0.024527 -0.031716 -0.627358
v 0.024527 -0.031473 -0.627353
v 0.024527 -0.031244 -0.627341
v 0.024527 -0.031027 -0.627322
v 0.024527 -0.030819 -0.627298
v 0.024527 -0.030618 -0.627272
v 0.024527 -0.030422 -0.627243
v 0.024527 -0.030227 -0.627215
v 0.024527 -0.030032 -0.627188
v 0.024527 -0.029833 -0.627164
v 0.024527 -0.029629 -0.627146
v 0.024527 -0.029417 -0.627133
v 0.024527 -0.029194 -0.627129
v 0.024527 -0.029056 -0.627134
v 0.024527 -0.028922 -0.627149
v 0.024527 -0.028792 -0.627173
v 0.024527 -0.028664 -0.627202
v 0.024527 -0.028536 -0.627235
v 0.024527 -0.028409 -0.627270
v 0.024527 -0.028280 -0.627305
v 0.024527 -0.028149 -0.627338
v 0.024527 -0.028013 -0.627367
v 0.024527 -0.027873 -0.627390
v 0.024527 -0.027726 -0.627405
v 0.024527 -0.027571 -0.627411
v 0.024527 -0.027418 -0.627404
v 0.024527 -0.027281 -0.627386
v 0.024527 -0.027158 -0.627358
v 0.024527 -0.027044 -0.627324
v 0.024527 -0.026936 -0.627285
v 0.024527 -0.026831 -0.627243
v 0.024527 -0.026723 -0.627202
v 0.024527 -0.026611 -0.627163
v 0.024527 -0.026490 -0.627128
v 0.024527 -0.026356 -0.627100
v 0.024527 -0.026207 -0.627082
v 0.024527 -0.026037 -0.627076
v 0.024527 -0.025958 -0.627082
v 0.024527 -0.025888 -0.627100
v 0.024527 -0.025822 -0.627128
v 0.024527 -0.025759 -0.627163
v 0.024527 -0.025695 -0.627202
v 0.024527 -0.025627 -0.627243
v 0.024527 -0.025553 -0.627285
v 0.024527 -0.025469 -0.627324
v 0.024527 -0.025372 -0.627358
v 0.024527 -0.025261 -0.627386
v 0.024527 -0.025130 -0.627404
v 0.024527 -0.024979 -0.627411
v 0.024527 -0.024808 -0.627409
v 0.024527 -0.024623 -0.627406
v 0.024527 -0.024428 -0.627400
v 0.024527 -0.024228 -0.627392
v 0.024527 -0.024027 -0.627384
v 0.024527 -0.023828 -0.627375
v 0.024527 -0.023636 -0.627367
v 0.024527 -0.023454 -0.627358
v 0.024527 -0.023287 -0.627351
v 0.024527 -0.023139 -0.627345
v 0.024527 -0.023014 -0.627342
v 0.024527 -0.022915 -0.627340
v 0.024527 -0.022763 -0.627297
v 0.024527 -0.022625 -0.627176
v 0.024527 -0.022498 -0.626991
v 0.024527 -0.022382 -0.626755
v 0.024527 -0.022277 -0.626482
v 0.024527 -0.022181 -0.626185
v 0.024527 -0.022094 -0.625878
v 0.024527 -0.022014 -0.625574
v 0.024527 -0.021941 -0.625286
v 0.024527 -0.021873 -0.625029
v 0.024527 -0.021810 -0.624815
v 0.024527 -0.021751 -0.624659
v 0.024527 -0.021644 -0.624433
v 0.024527 -0.021540 -0.624206
v 0.024527 -0.021440 -0.623979
v 0.024527 -0.021343 -0.623750
v 0.024527 -0.021248 -0.623521
v 0.024527 -0.021154 -0.623292
v 0.024527 -0.021060 -0.623062
v 0.024527 -0.020966 -0.622833
v 0.024527 -0.020871 -0.622605
v 0.024527 -0.020774 -0.622377
v 0.024527 -0.020673 -0.622150
v 0.024527 -0.020570 -0.621925
v 0.024527 -0.020418 -0.621643
v 0.024527 -0.020248 -0.621390
v 0.024527 -0.020058 -0.621164
v 0.024527 -0.019851 -0.620964
v 0.024527 -0.019627 -0.620790
v 0.024527 -0.019388 -0.620641
v 0.024527 -0.019134 -0.620517
v 0.024527 -0.018866 -0.620415
v 0.024527 -0.018586 -0.620337
v 0.024527 -0.018293 -0.620281
v 0.024527 -0.017990 -0.620246
v 0.024527 -0.017677 -0.620231
v 0.024527 -0.016714 -0.620228
v 0.024527 -0.015625 -0.620226
v 0.024527 -0.014448 -0.620227
v 0.024527 -0.013226 -0.620228
v 0.024527 -0.011997 -0.620230
v 0.024527 -0.010801 -0.620233
v 0.024527 -0.009680 -0.620237
v 0.024527 -0.008672 -0.620240
v 0.024527 -0.007819 -0.620244
v 0.024527 -0.007159 -0.620246
v 0.024527 -0.006734 -0.620248
v 0.024527 -0.006584 -0.620249
v 0.024527 -0.006586 -0.620390
v 0.024527 -0.006592 -0.620779
v 0.024527 -0.006600 -0.621368
v 0.024527 -0.006611 -0.622106
v 0.024527 -0.006624 -0.622943
v 0.024527 -0.006637 -0.623830
v 0.024527 -0.006650 -0.624717
v 0.024527 -0.006662 -0.625554
v 0.024527 -0.006673 -0.626292
v 0.024527 -0.006682 -0.626880
v 0.024527 -0.006688 -0.627270
v 0.024527 -0.006690 -0.627411
v 0.024527 -0.006552 -0.627412
v 0.024527 -0.006166 -0.627414
v 0.024527 -0.005570 -0.627418
v 0.024527 -0.004804 -0.627423
v 0.024527 -0.003908 -0.627427
v 0.024527 -0.002920 -0.627431
v 0.024527 -0.001880 -0.627433
v 0.024527 -0.000826 -0.627434
v 0.024527 0.000200 -0.627433
v 0.024527 0.001161 -0.627429
v 0.024527 0.002017 -0.627422
v 0.024527 0.002728 -0.627411
v 0.024527 0.002724 -0.627267
v 0.024527 0.002714 -0.626868
v 0.024527 0.002699 -0.626267
v 0.024527 0.002682 -0.625512
v 0.024527 0.002665 -0.624656
v 0.024527 0.002651 -0.623748
v 0.024527 0.002642 -0.622840
v 0.024527 0.002639 -0.621983
v 0.024527 0.002646 -0.621226
v 0.024527 0.002665 -0.620622
v 0.024527 0.002697 -0.620221
v 0.024527 0.002746 -0.620072
v 0.024527 0.003119 -0.620065
v 0.024527 0.003616 -0.620061
v 0.024527 0.004212 -0.620059
v 0.024527 0.004884 -0.620057
v 0.024527 0.005610 -0.620056
v 0.024527 0.006366 -0.620055
v 0.024527 0.007128 -0.620052
v 0.024527 0.007874 -0.620046
v 0.024527 0.008579 -0.620038
v 0.024527 0.009222 -0.620025
v 0.024527 0.009778 -0.620008
v 0.024527 0.010224 -0.619984
v 0.024527 0.010251 -0.620062
v 0.024527 0.010294 -0.620291
v 0.024527 0.010359 -0.620642
v 0.024527 0.010452 -0.621086
v 0.024527 0.010580 -0.621591
v 0.024527 0.010749 -0.622128
v 0.024527 0.010965 -0.622666
v 0.024527 0.011236 -0.623175
v 0.024527 0.011568 -0.623626
v 0.024527 0.011967 -0.623988
v 0.024527 0.012440 -0.624230
v 0.024527 0.012993 -0.624324
v 0.024527 0.013361 -0.624328
v 0.024527 0.013844 -0.624331
v 0.024527 0.014419 -0.624333
v 0.024527 0.015067 -0.624334
v 0.024527 0.015765 -0.624334
v 0.024527 0.016494 -0.624333
v 0.024527 0.017231 -0.624330
v 0.024527 0.017956 -0.624325
v 0.024527 0.018647 -0.624319
v 0.024527 0.019285 -0.624311
v 0.024527 0.019847 -0.624301
v 0.024527 0.020312 -0.624288
v 0.024527 0.020456 -0.624285
v 0.024527 0.020761 -0.624282
v 0.024527 0.021196 -0.624281
v 0.024527 0.021727 -0.624281
v 0.024527 0.022323 -0.624281
v 0.024527 0.022951 -0.624282
v 0.024527 0.023579 -0.624283
v 0.024527 0.024176 -0.624285
v 0.024527 0.024709 -0.624286
v 0.024527 0.025146 -0.624287
v 0.024527 0.025455 -0.624288
v 0.024527 0.025603 -0.624288
v 0.024527 0.025833 -0.624343
v 0.024527 0.026057 -0.624509
v 0.024527 0.026275 -0.624764
v 0.024527 0.026486 -0.625087
v 0.024527 0.026691 -0.625455
v 0.024527 0.026890 -0.625845
v 0.024527 0.027084 -0.626237
v 0.024527 0.027271 -0.626607
v 0.024527 0.027453 -0.626933
v 0.024527 0.027629 -0.627193
v 0.024527 0.027800 -0.627366
v 0.024527 0.027966 -0.627428
v 0.024527 0.028114 -0.627423
v 0.024527 0.028243 -0.627409
v 0.024527 0.028356 -0.627387
v 0.024527 0.028458 -0.627360
v 0.024527 0.028552 -0.627329
v 0.024527 0.028641 -0.627296
v 0.024527 0.028729 -0.627263
v 0.024527 0.028821 -0.627232
v 0.024527 0.028919 -0.627205
v 0.024527 0.029027 -0.627183
v 0.024527 0.029149 -0.627169
v 0.024527 0.029289 -0.627164
v 0.024527 0.029429 -0.627170
v 0.024527 0.029554 -0.627186
v 0.024527 0.029666 -0.627211
v 0.024527 0.029768 -0.627242
v 0.024527 0.029866 -0.627277
v 0.024527 0.029961 -0.627314
v 0.024527 0.030059 -0.627351
v 0.024527 0.030162 -0.627386
v 0.024527 0.030274 -0.627417
v 0.024527 0.030398 -0.627441
v 0.024527 0.030539 -0.627458
v 0.024527 0.030700 -0.627464
v 0.024527 0.030890 -0.627464
v 0.024527 0.031118 -0.627465
v 0.024527 0.031378 -0.627466
v 0.024527 0.031661 -0.627468
v 0.024527 0.031960 -0.627470
v 0.024527 0.032265 -0.627473
v 0.024527 0.032570 -0.627475
v 0.024527 0.032866 -0.627477
v 0.024527 0.033145 -0.627479
v 0.024527 0.033400 -0.627480
v 0.024527 0.033622 -0.627481
v 0.024527 0.033804 -0.627481
v 0.024527 0.033968 -0.627471
v 0.024527 0.034132 -0.627441
v 0.024527 0.034296 -0.627398
v 0.024527 0.034459 -0.627344
v 0.024527 0.034620 -0.627285
v 0.024527 0.034778 -0.627223
v 0.024527 0.034933 -0.627165
v 0.024527 0.035083 -0.627113
v 0.024527 0.035227 -0.627072
v 0.024527 0.035366 -0.627046
v 0.024527 0.035497 -0.627040
v 0.024527 0.035620 -0.627058
v 0.024527 0.035754 -0.627092
v 0.024527 0.035882 -0.627132
v 0.024527 0.036005 -0.627176
v 0.024527 0.036127 -0.627223
v 0.024527 0.036249 -0.627270
v 0.024527 0.036372 -0.627316
v 0.024527 0.036499 -0.627360
v 0.024527 0.036630 -0.627399
v 0.024527 0.036769 -0.627433
v 0.024527 0.036916 -0.627459
v 0.024527 0.037073 -0.627475
v 0.024527 0.037243 -0.627481
v 0.024527 0.037415 -0.627475
v 0.024527 0.037580 -0.627457
v 0.024527 0.037739 -0.627429
v 0.024527 0.037894 -0.627394
v 0.024527 0.038047 -0.627355
v 0.024527 0.038198 -0.627314
v 0.024527 0.038349 -0.627272
v 0.024527 0.038502 -0.627233
v 0.024527 0.038659 -0.627199
v 0.024527 0.038821 -0.627171
v 0.024527 0.038989 -0.627153
v 0.024527 0.039165 -0.627146
v 0.024527 0.039352 -0.627153
v 0.024527 0.039548 -0.627171
v 0.024527 0.039752 -0.627199
v 0.024527 0.039963 -0.627233
v 0.024527 0.040178 -0.627272
v 0.024527 0.040396 -0.627314
v 0.024527 0.040614 -0.627355
v 0.024527 0.040831 -0.627394
v 0.024527 0.041045 -0.627429
v 0.024527 0.041255 -0.627457
v 0.024527 0.041458 -0.627475
v 0.024527 0.041652 -0.627481
v 0.024527 0.041836 -0.627469
v 0.024527 0.042001 -0.627432
v 0.024527 0.042147 -0.627373
v 0.024527 0.042275 -0.627294
v 0.024527 0.042386 -0.627199
v 0.024527 0.042479 -0.627089
v 0.024527 0.042556 -0.626966
v 0.024527 0.042616 -0.626833
v 0.024527 0.042662 -0.626692
v 0.024527 0.042692 -0.626546
v 0.024527 0.042708 -0.626397
v 0.024527 0.042710 -0.626247
v 0.024527 0.042707 -0.625925
v 0.024527 0.042704 -0.625604
v 0.024527 0.042703 -0.625283
v 0.024527 0.042703 -0.624963
v 0.024527 0.042703 -0.624644
v 0.024527 0.042704 -0.624324
v 0.024527 0.042705 -0.624004
v 0.024527 0.042706 -0.623684
v 0.024527 0.042708 -0.623364
v 0.024527 0.042709 -0.623043
v 0.024527 0.042710 -0.622723
v 0.024527 0.042710 -0.622401
v 0.024527 0.042702 -0.622268
v 0.024527 0.042677 -0.622143
v 0.024527 0.042636 -0.622027
v 0.024527 0.042581 -0.621919
v 0.024527 0.042513 -0.621822
v 0.024527 0.042433 -0.621735
v 0.024527 0.042341 -0.621659
v 0.024527 0.042240 -0.621595
v 0.024527 0.042130 -0.621543
v 0.024527 0.042012 -0.621503
v 0.024527 0.041888 -0.621478
v 0.024527 0.041758 -0.621466
v 0.024527 0.041634 -0.621461
v 0.024527 0.041510 -0.621454
v 0.024527 0.041385 -0.621446
v 0.024527 0.041260 -0.621435
v 0.024527 0.041135 -0.621423
v 0.024527 0.041011 -0.621409
v 0.024527 0.040886 -0.621392
v 0.024527 0.040762 -0.621373
v 0.024527 0.040639 -0.621352
v 0.024527 0.040517 -0.621328
v 0.024527 0.040396 -0.621301
v 0.024527 0.040277 -0.621272
v 0.024527 0.039868 -0.621181
v 0.024527 0.039462 -0.621082
v 0.024527 0.039060 -0.620974
v 0.024527 0.038662 -0.620856
v 0.024527 0.038270 -0.620726
v 0.024527 0.037885 -0.620582
v 0.024527 0.037506 -0.620423
v 0.024527 0.037135 -0.620248
v 0.024527 0.036772 -0.620054
v 0.024527 0.036419 -0.619841
v 0.024527 0.036076 -0.619606
v 0.024527 0.035744 -0.619349
v 0.024527 0.035612 -0.619242
v 0.024527 0.035481 -0.619133
v 0.024527 0.035351 -0.619022
v 0.024527 0.035222 -0.618909
v 0.024527 0.035094 -0.618795
v 0.024527 0.034968 -0.618679
v 0.024527 0.034843 -0.618561
v 0.024527 0.034720 -0.618442
v 0.024527 0.034598 -0.618322
v 0.024527 0.034478 -0.618201
v 0.024527 0.034361 -0.618079
v 0.024527 0.034245 -0.617956
v 0.024527 0.033965 -0.617662
v 0.024527 0.033690 -0.617365
v 0.024527 0.033416 -0.617068
v 0.024527 0.033140 -0.616773
v 0.024527 0.032860 -0.616483
v 0.024527 0.032574 -0.616200
v 0.024527 0.032278 -0.615928
v 0.024527 0.031969 -0.615669
v 0.024527 0.031646 -0.615425
v 0.024527 0.031305 -0.615200
v 0.024527 0.030943 -0.614996
v 0.024527 0.030559 -0.614816
v 0.024527 0.030104 -0.614660
v 0.024527 0.029616 -0.614562
v 0.024527 0.029106 -0.614519
v 0.024527 0.028581 -0.614530
v 0.024527 0.028050 -0.614593
v 0.024527 0.027521 -0.614705
v 0.024527 0.027003 -0.614866
v 0.024527 0.026505 -0.615072
v 0.024527 0.026035 -0.615322
v 0.024527 0.025602 -0.615614
v 0.024527 0.025214 -0.615945
v 0.024527 0.024880 -0.616315
v 0.024527 0.024742 -0.616480
v 0.024527 0.024575 -0.616664
v 0.024527 0.024380 -0.616859
v 0.024527 0.024158 -0.617060
v 0.024527 0.023909 -0.617261
v 0.024527 0.023634 -0.617455
v 0.024527 0.023334 -0.617636
v 0.024527 0.023009 -0.617798
v 0.024527 0.022660 -0.617935
v 0.024527 0.022288 -0.618040
v 0.024527 0.021893 -0.618108
v 0.024527 0.021476 -0.618132
v 0.024527 0.021082 -0.618109
v 0.024527 0.020726 -0.618043
v 0.024527 0.020404 -0.617934
v 0.024527 0.020111 -0.617787
v 0.024527 0.019843 -0.617603
v 0.024527 0.019595 -0.617384
v 0.024527 0.019363 -0.617134
v 0.024527 0.019143 -0.616854
v 0.024527 0.018929 -0.616547
v 0.024527 0.018717 -0.616215
v 0.024527 0.018504 -0.615860
v 0.024527 0.018284 -0.615486
v 0.024527 0.017922 -0.614905
v 0.024527 0.017569 -0.614403
v 0.024527 0.017226 -0.613974
v 0.024527 0.016893 -0.613612
v 0.024527 0.016572 -0.613313
v 0.024527 0.016262 -0.613071
v 0.024527 0.015966 -0.612881
v 0.024527 0.015683 -0.612738
v 0.024527 0.015414 -0.612636
v 0.024527 0.015161 -0.612569
v 0.024527 0.014924 -0.612533
v 0.024527 0.014704 -0.612522
v 0.024527 0.012904 -0.612522
v 0.024527 0.009625 -0.612520
v 0.024527 0.005176 -0.612517
v 0.024527 -0.000133 -0.612513
v 0.024527 -0.005993 -0.612509
v 0.024527 -0.012095 -0.612505
v 0.024527 -0.018130 -0.612500
v 0.024527 -0.023787 -0.612496
v 0.024527 -0.028759 -0.612493
v 0.024527 -0.032734 -0.612490
v 0.024527 -0.035404 -0.612488
v 0.038527 -0.036460 -0.612487
v 0.038527 -0.036599 -0.612490
v 0.038527 -0.036724 -0.612498
v 0.038527 -0.036835 -0.612513
v 0.038527 -0.036933 -0.612536
v 0.038527 -0.037018 -0.612569
v 0.038527 -0.037091 -0.612613
v 0.038527 -0.037151 -0.612669
v 0.038527 -0.037198 -0.612738
v 0.038527 -0.037234 -0.612822
v 0.038527 -0.037258 -0.612922
v 0.038527 -0.037270 -0.613039
v 0.038527 -0.037271 -0.613175
v 0.038527 -0.037257 -0.613554
v 0.038527 -0.037239 -0.613934
v 0.038527 -0.037220 -0.614313
v 0.038527 -0.037202 -0.614691
v 0.038527 -0.037184 -0.615070
v 0.038527 -0.037168 -0.615448
v 0.038527 -0.037155 -0.615826
v 0.038527 -0.037147 -0.616204
v 0.038527 -0.037145 -0.616581
v 0.038527 -0.037149 -0.616958
v 0.038527 -0.037162 -0.617333
v 0.038527 -0.037183 -0.617709
v 0.038527 -0.037192 -0.618011
v 0.038527 -0.037174 -0.618300
v 0.038527 -0.037133 -0.618577
v 0.038527 -0.037071 -0.618845
v 0.038527 -0.036989 -0.619103
v 0.038527 -0.036890 -0.619354
v 0.038527 -0.036776 -0.619597
v 0.038527 -0.036649 -0.619836
v 0.038527 -0.036511 -0.620070
v 0.038527 -0.036365 -0.620302
v 0.038527 -0.036212 -0.620531
v 0.038527 -0.036055 -0.620760
v 0.038527 -0.035822 -0.621081
v 0.038527 -0.035584 -0.621400
v 0.038527 -0.035342 -0.621717
v 0.038527 -0.035098 -0.622034
v 0.038527 -0.034855 -0.622351
v 0.038527 -0.034613 -0.622670
v 0.038527 -0.034375 -0.622991
v 0.038527 -0.034142 -0.623315
v 0.038527 -0.033917 -0.623643
v 0.038527 -0.033701 -0.623976
v 0.038527 -0.033495 -0.624314
v 0.038527 -0.033303 -0.624659
v 0.038527 -0.033206 -0.624868
v 0.038527 -0.033115 -0.625116
v 0.038527 -0.033025 -0.625393
v 0.038527 -0.032935 -0.625688
v 0.038527 -0.032839 -0.625989
v 0.038527 -0.032734 -0.626286
v 0.038527 -0.032617 -0.626568
v 0.038527 -0.032484 -0.626823
v 0.038527 -0.032331 -0.627040
v 0.038527 -0.032154 -0.627209
v 0.038527 -0.031951 -0.627319
v 0.038527 -0.031716 -0.627358
v 0.038527 -0.031473 -0.627353
v 0.038527 -0.031244 -0.627341
v 0.038527 -0.031027 -0.627322
v 0.038527 -0.030819 -0.627298
v 0.038527 -0.030618 -0.627272
v 0.038527 -0.030422 -0.627243
v 0.038527 -0.030227 -0.627215
v 0.038527 -0.030032 -0.627188
v 0.038527 -0.029833 -0.627164
v 0.038527 -0.029629 -0.627146
v 0.038527 -0.029417 -0.627133
v 0.038527 -0.029194 -0.627129
v 0.038527 -0.029056 -0.627134
v 0.038527 -0.028922 -0.627149
v 0.038527 -0.028792 -0.627173
v 0.038527 -0.028664 -0.627202
v 0.038527 -0.028536 -0.627235
v 0.038527 -0.028409 -0.627270
v 0.038527 -0.028280 -0.627305
v 0.038527 -0.028149 -0.627338
v 0.038527 -0.028013 -0.627367
v 0.038527 -0.027873 -0.627390
v 0.038527 -0.027726 -0.627405
v 0.038527 -0.027571 -0.627411
v 0.038527 -0.027418 -0.627404
v 0.038527 -0.027281 -0.627386
v 0.038527 -0.027158 -0.627358
v 0.038527 -0.027044 -0.627324
v 0.038527 -0.026936 -0.627285
v 0.038527 -0.026831 -0.627243
v 0.038527 -0.026723 -0.627202
v 0.038527 -0.026611 -0.627163
v 0.038527 -0.026490 -0.627128
v 0.038527 -0.026356 -0.627100
v 0.038527 -0.026207 -0.627082
v 0.038527 -0.026037 -0.627076
v 0.038527 -0.025958 -0.627082
v 0.038527 -0.025888 -0.627100
v 0.038527 -0.025822 -0.627128
v 0.038527 -0.025759 -0.627163
v 0.038527 -0.025695 -0.627202
v 0.038527 -0.025627 -0.627243
v 0.038527 -0.025553 -0.627285
v 0.038527 -0.025469 -0.627324
v 0.038527 -0.025372 -0.627358
v 0.038527 -0.025261 -0.627386
v 0.038527 -0.025130 -0.627404
v 0.038527 -0.024979 -0.627411
v 0.038527 -0.024808 -0.627409
v 0.038527 -0.024623 -0.627406
v 0.038527 -0.024428 -0.627400
v 0.038527 -0.024228 -0.627392
v 0.038527 -0.024027 -0.627384
v 0.038527 -0.023828 -0.627375
v 0.038527 -0.023636 -0.627367
v 0.038527 -0.023454 -0.627358
v 0.038527 -0.023287 -0.627351
v 0.038527 -0.023139 -0.627345
v 0.038527 -0.023014 -0.627342
v 0.038527 -0.022915 -0.627340
v 0.038527 -0.022763 -0.627297
v 0.038527 -0.022625 -0.627176
v 0.038527 -0.022498 -0.626991
v 0.038527 -0.022382 -0.626755
v 0.038527 -0.022277 -0.626482
v 0.038527 -0.022181 -0.626185
v 0.038527 -0.022094 -0.625878
v 0.038527 -0.022014 -0.625574
v 0.038527 -0.021941 -0.625286
v 0.038527 -0.021873 -0.625029
v 0.038527 -0.021810 -0.624815
v 0.038527 -0.021751 -0.624659
v 0.038527 -0.021644 -0.624433
v 0.038527 -0.021540 -0.624206
v 0.038527 -0.021440 -0.623979
v 0.038527 -0.021343 -0.623750
v 0.038527 -0.021248 -0.623521
v 0.038527 -0.021154 -0.623292
v 0.038527 -0.021060 -0.623062
v 0.038527 -0.020966 -0.622833
v 0.038527 -0.020871 -0.622605
v 0.038527 -0.020774 -0.622377
v 0.038527 -0.020673 -0.622150
v 0.038527 -0.020570 -0.621925
v 0.038527 -0.020418 -0.621643
v 0.038527 -0.020248 -0.621390
v 0.038527 -0.020058 -0.621164
v 0.038527 -0.019851 -0.620964
v 0.038527 -0.019627 -0.620790
v 0.038527 -0.019388 -0.620641
v 0.038527 -0.019134 -0.620517
v 0.038527 -0.018866 -0.620415
v 0.038527 -0.018586 -0.620337
v 0.038527 -0.018293 -0.620281
v 0.038527 -0.017990 -0.620246
v 0.038527 -0.017677 -0.620231
v 0.038527 -0.016714 -0.620228
v 0.038527 -0.015625 -0.620226
v 0.038527 -0.014448 -0.620227
v 0.038527 -0.013226 -0.620228
v 0.038527 -0.011997 -0.620230
v 0.038527 -0.010801 -0.620233
v 0.038527 -0.009680 -0.620237
v 0.038527 -0.008672 -0.620240
v 0.038527 -0.007819 -0.620244
v 0.038527 -0.007159 -0.620246
v 0.038527 -0.006734 -0.620248
v 0.038527 -0.006584 -0.620249
v 0.038527 -0.006586 -0.620390
v 0.038527 -0.006592 -0.620779
v 0.038527 -0.006600 -0.621368
v 0.038527 -0.006611 -0.622106
v 0.038527 -0.006624 -0.622943
v 0.038527 -0.006637 -0.623830
v 0.038527 -0.006650 -0.624717
v 0.038527 -0.006662 -0.625554
v 0.038527 -0.006673 -0.626292
v 0.038527 -0.006682 -0.626880
v 0.038527 -0.006688 -0.627270
v 0.038527 -0.006690 -0.627411
v 0.038527 -0.006552 -0.627412
v 0.038527 -0.006166 -0.627414
v 0.038527 -0.005570 -0.627418
v 0.038527 -0.004804 -0.627423
v 0.038527 -0.003908 -0.627427
v 0.038527 -0.002920 -0.627431
v 0.038527 -0.001880 -0.627433
v 0.038527 -0.000826 -0.627434
v 0.038527 0.000200 -0.627433
v 0.038527 0.001161 -0.627429
v 0.038527 0.002017 -0.627422
v 0.038527 0.002728 -0.627411
v 0.038527 0.002724 -0.627267
v 0.038527 0.002714 -0.626868
v 0.038527 0.002699 -0.626267
v 0.038527 0.002682 -0.625512
v 0.038527 0.002665 -0.624656
v 0.038527 0.002651 -0.623748
v 0.038527 0.002642 -0.622840
v 0.038527 0.002639 -0.621983
v 0.038527 0.002646 -0.621226
v 0.038527 0.002665 -0.620622
v 0.038527 0.002697 -0.620221
v 0.038527 0.002746 -0.620072
v 0.038527 0.003119 -0.620065
v 0.038527 0.003616 -0.620061
v 0.038527 0.004212 -0.620059
v 0.038527 0.004884 -0.620057
v 0.038527 0.005610 -0.620056
v 0.038527 0.006366 -0.620055
v 0.038527 0.007128 -0.620052
v 0.038527 0.007874 -0.620046
v 0.038527 0.008579 -0.620038
v 0.038527 0.009222 -0.620025
v 0.038527 0.009778 -0.620008
v 0.038527 0.010224 -0.619984
v 0.038527 0.010251 -0.620062
v 0.038527 0.010294 -0.620291
v 0.038527 0.010359 -0.620642
v 0.038527 0.010452 -0.621086
v 0.038527 0.010580 -0.621591
v 0.038527 0.010749 -0.622128
v 0.038527 0.010965 -0.622666
v 0.038527 0.011236 -0.623175
v 0.038527 0.011568 -0.623626
v 0.038527 0.011967 -0.623988
v 0.038527 0.012440 -0.624230
v 0.038527 0.012993 -0.624324
v 0.038527 0.013361 -0.624328
v 0.038527 0.013844 -0.624331
v 0.038527 0.014419 -0.624333
v 0.038527 0.015067 -0.624334
v 0.038527 0.015765 -0.624334
v 0.038527 0.016494 -0.624333
v 0.038527 0.017231 -0.624330
v 0.038527 0.017956 -0.624325
v 0.038527 0.018647 -0.624319
v 0.038527 0.019285 -0.624311
v 0.038527 0.019847 -0.624301
v 0.038527 0.020312 -0.624288
v 0.038527 0.020456 -0.624285
v 0.038527 0.020761 -0.624282
v 0.038527 0.021196 -0.624281
v 0.038527 0.021727 -0.624281
v 0.038527 0.022323 -0.624281
v 0.038527 0.022951 -0.624282
v 0.038527 0.023579 -0.624283
v 0.038527 0.024176 -0.624285
v 0.038527 0.024709 -0.624286
v 0.038527 0.025146 -0.624287
v 0.038527 0.025455 -0.624288
v 0.038527 0.025603 -0.624288
v 0.038527 0.025833 -0.624343
v 0.038527 0.026057 -0.624509
v 0.038527 0.026275 -0.624764
v 0.038527 0.026486 -0.625087
v 0.038527 0.026691 -0.625455
v 0.038527 0.026890 -0.625845
v 0.038527 0.027084 -0.626237
v 0.038527 0.027271 -0.626607
v 0.038527 0.027453 -0.626933
v 0.038527 0.027629 -0.627193
v 0.038527 0.027800 -0.627366
v 0.038527 0.027966 -0.627428
v 0.038527 0.028114 -0.627423
v 0.038527 0.028243 -0.627409
v 0.038527 0.028356 -0.627387
v 0.038527 0.028458 -0.627360
v 0.038527 0.028552 -0.627329
v 0.038527 0.028641 -0.627296
v 0.038527 0.028729 -0.627263
v 0.038527 0.028821 -0.627232
v 0.038527 0.028919 -0.627205
v 0.038527 0.029027 -0.627183
v 0.038527 0.029149 -0.627169
v 0.038527 0.029289 -0.627164
v 0.038527 0.029429 -0.627170
v 0.038527 0.029554 -0.627186
v 0.038527 0.029666 -0.627211
v 0.038527 0.029768 -0.627242
v 0.038527 0.029866 -0.627277
v 0.038527 0.029961 -0.627314
v 0.038527 0.030059 -0.627351
v 0.038527 0.030162 -0.627386
v 0.038527 0.030274 -0.627417
v 0.038527 0.030398 -0.627441
v 0.038527 0.030539 -0.627458
v 0.038527 0.030700 -0.627464
v 0.038527 0.030890 -0.627464
v 0.038527 0.031118 -0.627465
v 0.038527 0.031378 -0.627466
v 0.038527 0.031661 -0.627468
v 0.038527 0.031960 -0.627470
v 0.038527 0.032265 -0.627473
v 0.038527 0.032570 -0.627475
v 0.038527 0.032866 -0.627477
v 0.038527 0.033145 -0.627479
v 0.038527 0.033400 -0.627480
v 0.038527 0.033622 -0.627481
v 0.038527 0.033804 -0.627481
v 0.038527 0.033968 -0.627471
v 0.038527 0.034132 -0.627441
v 0.038527 0.034296 -0.627398
v 0.038527 0.034459 -0.627344
v 0.038527 0.034620 -0.627285
v 0.038527 0.034778 -0.627223
v 0.038527 0.034933 -0.627165
v 0.038527 0.035083 -0.627113
v 0.038527 0.035227 -0.627072
v 0.038527 0.035366 -0.627046
v 0.038527 0.035497 -0.627040
v 0.038527 0.035620 -0.627058
v 0.038527 0.035754 -0.627092
v 0.038527 0.035882 -0.627132
v 0.038527 0.036005 -0.627176
v 0.038527 0.036127 -0.627223
v 0.038527 0.036249 -0.627270
v 0.038527 0.036372 -0.627316
v 0.038527 0.036499 -0.627360
v 0.038527 0.036630 -0.627399
v 0.038527 0.036769 -0.627433
v 0.038527 0.036916 -0.627459
v 0.038527 0.037073 -0.627475
v 0.038527 0.037243 -0.627481
v 0.038527 0.037415 -0.627475
v 0.038527 0.037580 -0.627457
v 0.038527 0.037739 -0.627429
v 0.038527 0.037894 -0.627394
v 0.038527 0.038047 -0.627355
v 0.038527 0.038198 -0.627314
v 0.038527 0.038349 -0.627272
v 0.038527 0.038502 -0.627233
v 0.038527 0.038659 -0.627199
v 0.038527 0.038821 -0.627171
v 0.038527 0.038989 -0.627153
v 0.038527 0.039165 -0.627146
v 0.038527 0.039352 -0.627153
v 0.038527 0.039548 -0.627171
v 0.038527 0.039752 -0.627199
v 0.038527 0.039963 -0.627233
v 0.038527 0.040178 -0.627272
v 0.038527 0.040396 -0.627314
v 0.038527 0.040614 -0.627355
v 0.038527 0.040831 -0.627394
v 0.038527 0.041045 -0.627429
v 0.038527 0.041255 -0.627457
v 0.038527 0.041458 -0.627475
v 0.038527 0.041652 -0.627481
v 0.038527 0.041836 -0.627469
v 0.038527 0.042001 -0.627432
v 0.038527 0.042147 -0.627373
v 0.038527 0.042275 -0.627294
v 0.038527 0.042386 -0.627199
v 0.038527 0.042479 -0.627089
v 0.038527 0.042556 -0.626966
v 0.038527 0.042616 -0.626833
v 0.038527 0.042662 -0.626692
v 0.038527 0.042692 -0.626546
v 0.038527 0.042708 -0.626397
v 0.038527 0.042710 -0.626247
v 0.038527 0.042707 -0.625925
v 0.038527 0.042704 -0.625604
v 0.038527 0.042703 -0.625283
v 0.038527 0.042703 -0.624963
v 0.038527 0.042703 -0.624644
v 0.038527 0.042704 -0.624324
v 0.038527 0.042705 -0.624004
v 0.038527 0.042706 -0.623684
v 0.038527 0.042708 -0.623364
v 0.038527 0.042709 -0.623043
v 0.038527 0.042710 -0.622723
v 0.038527 0.042710 -0.622401
v 0.038527 0.042702 -0.622268
v 0.038527 0.042677 -0.622143
v 0.038527 0.042636 -0.622027
v 0.038527 0.042581 -0.621919
v 0.038527 0.042513 -0.621822
v 0.038527 0.042433 -0.621735
v 0.038527 0.042341 -0.621659
v 0.038527 0.042240 -0.621595
v 0.038527 0.042130 -0.621543
v 0.038527 0.042012 -0.621503
v 0.038527 0.041888 -0.621478
v 0.038527 0.041758 -0.621466
v 0.038527 0.041634 -0.621461
v 0.038527 0.041510 -0.621454
v 0.038527 0.041385 -0.621446
v 0.038527 0.041260 -0.621435
v 0.038527 0.041135 -0.621423
v 0.038527 0.041011 -0.621409
v 0.038527 0.040886 -0.621392
v 0.038527 0.040762 -0.621373
v 0.038527 0.040639 -0.621352
v 0.038527 0.040517 -0.621328
v 0.038527 0.040396 -0.621301
v 0.038527 0.040277 -0.621272
v 0.038527 0.039868 -0.621181
v 0.038527 0.039462 -0.621082
v 0.038527 0.039060 -0.620974
v 0.038527 0.038662 -0.620856
v 0.038527 0.038270 -0.620726
v 0.038527 0.037885 -0.620582
v 0.038527 0.037506 -0.620423
v 0.038527 0.037135 -0.620248
v 0.038527 0.036772 -0.620054
v 0.038527 0.036419 -0.619841
v 0.038527 0.036076 -0.619606
v 0.038527 0.035744 -0.619349
v 0.038527 0.035612 -0.619242
v 0.038527 0.035481 -0.619133
v 0.038527 0.035351 -0.619022
v 0.038527 0.035222 -0.618909
v 0.038527 0.035094 -0.618795
v 0.038527 0.034968 -0.618679
v 0.038527 0.034843 -0.618561
v 0.038527 0.034720 -0.618442
v 0.038527 0.034598 -0.618322
v 0.038527 0.034478 -0.618201
v 0.038527 0.034361 -0.618079
v 0.038527 0.034245 -0.617956
v 0.038527 0.033965 -0.617662
v 0.038527 0.033690 -0.617365
v 0.038527 0.033416 -0.617068
v 0.038527 0.033140 -0.616773
v 0.038527 0.032860 -0.616483
v 0.038527 0.032574 -0.616200
v 0.038527 0.032278 -0.615928
v 0.038527 0.031969 -0.615669
v 0.038527 0.031646 -0.615425
v 0.038527 0.031305 -0.615200
v 0.038527 0.030943 -0.614996
v 0.038527 0.030559 -0.614816
v 0.038527 0.030104 -0.614660
v 0.038527 0.029616 -0.614562
v 0.038527 0.029106 -0.614519
v 0.038527 0.028581 -0.614530
v 0.038527 0.028050 -0.614593
v 0.038527 0.027521 -0.614705
v 0.038527 0.027003 -0.614866
v 0.038527 0.026505 -0.615072
v 0.038527 0.026035 -0.615322
v 0.038527 0.025602 -0.615614
v 0.038527 0.025214 -0.615945
v 0.038527 0.024880 -0.616315
v 0.038527 0.024742 -0.616480
v 0.038527 0.024575 -0.616664
v 0.038527 0.024380 -0.616859
v 0.038527 0.024158 -0.617060
v 0.038527 0.023909 -0.617261
v 0.038527 0.023634 -0.617455
v 0.038527 0.023334 -0.617636
v 0.038527 0.023009 -0.617798
v 0.038527 0.022660 -0.617935
v 0.038527 0.022288 -0.618040
v 0.038527 0.021893 -0.618108
v 0.038527 0.021476 -0.618132
v 0.038527 0.021082 -0.618109
v 0.038527 0.020726 -0.618043
v 0.038527 0.020404 -0.617934
v 0.038527 0.020111 -0.617787
v 0.038527 0.019843 -0.617603
v 0.038527 0.019595 -0.617384
v 0.038527 0.019363 -0.617134
v 0.038527 0.019143 -0.616854
v 0.038527 0.018929 -0.616547
v 0.038527 0.018717 -0.616215
v 0.038527 0.018504 -0.615860
v 0.038527 0.018284 -0.615486
v 0.038527 0.017922 -0.614905
v 0.038527 0.017569 -0.614403
v 0.038527 0.017226 -0.613974
v 0.038527 0.016893 -0.613612
v 0.038527 0.016572 -0.613313
v 0.038527 0.016262 -0.613071
v 0.038527 0.015966 -0.612881
v 0.038527 0.015683 -0.612738
v 0.038527 0.015414 -0.612636
v 0.038527 0.015161 -0.612569
v 0.038527 0.014924 -0.612533
v 0.038527 0.014704 -0.612522
v 0.038527 0.012904 -0.612522
v 0.038527 0.009625 -0.612520
v 0.038527 0.005176 -0.612517
v 0.038527 -0.000133 -0.612513
v 0.038527 -0.005993 -0.612509
v 0.038527 -0.012095 -0.612505
v 0.038527 -0.018130 -0.612500
v 0.038527 -0.023787 -0.612496
v 0.038527 -0.028759 -0.612493
v 0.038527 -0.032734 -0.612490
v 0.038527 -0.035404 -0.612488
v 0.062758 -0.036460 -0.612487
v 0.062755 -0.036599 -0.612490
v 0.062747 -0.036724 -0.612498
v 0.062732 -0.036835 -0.612513
v 0.062709 -0.036933 -0.612536
v 0.062676 -0.037018 -0.612569
v 0.062632 -0.037091 -0.612613
v 0.062576 -0.037151 -0.612669
v 0.062507 -0.037198 -0.612738
v 0.062423 -0.037234 -0.612822
v 0.062323 -0.037258 -0.612922
v 0.062206 -0.037270 -0.613039
v 0.062070 -0.037271 -0.613175
v 0.061691 -0.037257 -0.613554
v 0.061311 -0.037239 -0.613934
v 0.060932 -0.037220 -0.614313
v 0.060553 -0.037202 -0.614691
v 0.060175 -0.037184 -0.615070
v 0.059796 -0.037168 -0.615448
v 0.059419 -0.037155 -0.615826
v 0.059041 -0.037147 -0.616204
v 0.058664 -0.037145 -0.616581
v 0.058287 -0.037149 -0.616958
v 0.057912 -0.037162 -0.617333
v 0.057536 -0.037183 -0.617709
v 0.057234 -0.037192 -0.618011
v 0.056945 -0.037174 -0.618300
v 0.056668 -0.037133 -0.618577
v 0.056400 -0.037071 -0.618845
v 0.056142 -0.036989 -0.619103
v 0.055891 -0.036890 -0.619354
v 0.055648 -0.036776 -0.619597
v 0.055409 -0.036649 -0.619836
v 0.055175 -0.036511 -0.620070
v 0.054943 -0.036365 -0.620302
v 0.054714 -0.036212 -0.620531
v 0.054485 -0.036055 -0.620760
v 0.054164 -0.035822 -0.621081
v 0.053845 -0.035584 -0.621400
v 0.053528 -0.035342 -0.621717
v 0.053211 -0.035098 -0.622034
v 0.052894 -0.034855 -0.622351
v 0.052575 -0.034613 -0.622670
v 0.052254 -0.034375 -0.622991
v 0.051930 -0.034142 -0.623315
v 0.051602 -0.033917 -0.623643
v 0.051269 -0.033701 -0.623976
v 0.050931 -0.033495 -0.624314
v 0.050586 -0.033303 -0.624659
v 0.050377 -0.033206 -0.624868
v 0.050129 -0.033115 -0.625116
v 0.049852 -0.033025 -0.625393
v 0.049557 -0.032935 -0.625688
v 0.049256 -0.032839 -0.625989
v 0.048959 -0.032734 -0.626286
v 0.048677 -0.032617 -0.626568
v 0.048422 -0.032484 -0.626823
v 0.048205 -0.032331 -0.627040
v 0.048036 -0.032154 -0.627209
v 0.047926 -0.031951 -0.627319
v 0.047887 -0.031716 -0.627358
v 0.047892 -0.031473 -0.627353
v 0.047904 -0.031244 -0.627341
v 0.047923 -0.031027 -0.627322
v 0.047947 -0.030819 -0.627298
v 0.047973 -0.030618 -0.627272
v 0.048002 -0.030422 -0.627243
v 0.048030 -0.030227 -0.627215
v 0.048057 -0.030032 -0.627188
v 0.048081 -0.029833 -0.627164
v 0.048099 -0.029629 -0.627146
v 0.048112 -0.029417 -0.627133
v 0.048116 -0.029194 -0.627129
v 0.048111 -0.029056 -0.627134
v 0.048095 -0.028922 -0.627149
v 0.048072 -0.028792 -0.627173
v 0.048043 -0.028664 -0.627202
v 0.048010 -0.028536 -0.627235
v 0.047975 -0.028409 -0.627270
v 0.047940 -0.028280 -0.627305
v 0.047907 -0.028149 -0.627338
v 0.047878 -0.028013 -0.627367
v 0.047855 -0.027873 -0.627390
v 0.047840 -0.027726 -0.627405
v 0.047834 -0.027571 -0.627411
v 0.047841 -0.027418 -0.627404
v 0.047859 -0.027281 -0.627386
v 0.047887 -0.027158 -0.627358
v 0.047921 -0.027044 -0.627324
v 0.047960 -0.026936 -0.627285
v 0.048002 -0.026831 -0.627243
v 0.048043 -0.026723 -0.627202
v 0.048082 -0.026611 -0.627163
v 0.048117 -0.026490 -0.627128
v 0.048144 -0.026356 -0.627100
v 0.048163 -0.026207 -0.627082
v 0.048169 -0.026037 -0.627076
v 0.048163 -0.025958 -0.627082
v 0.048144 -0.025888 -0.627100
v 0.048117 -0.025822 -0.627128
v 0.048082 -0.025759 -0.627163
v 0.048043 -0.025695 -0.627202
v 0.048002 -0.025627 -0.627243
v 0.047960 -0.025553 -0.627285
v 0.047921 -0.025469 -0.627324
v 0.047887 -0.025372 -0.627358
v 0.047859 -0.025261 -0.627386
v 0.047841 -0.025130 -0.627404
v 0.047834 -0.024979 -0.627411
v 0.047836 -0.024808 -0.627409
v 0.047839 -0.024623 -0.627406
v 0.047845 -0.024428 -0.627400
v 0.047852 -0.024228 -0.627392
v 0.047861 -0.024027 -0.627384
v 0.047869 -0.023828 -0.627375
v 0.047878 -0.023636 -0.627367
v 0.047886 -0.023454 -0.627358
v 0.047894 -0.023287 -0.627351
v 0.047900 -0.023139 -0.627345
v 0.047903 -0.023014 -0.627342
v 0.047905 -0.022915 -0.627340
v 0.047948 -0.022763 -0.627297
v 0.048069 -0.022625 -0.627176
v 0.048254 -0.022498 -0.626991
v 0.048490 -0.022382 -0.626755
v 0.048763 -0.022277 -0.626482
v 0.049060 -0.022181 -0.626185
v 0.049367 -0.022094 -0.625878
v 0.049671 -0.022014 -0.625574
v 0.049959 -0.021941 -0.625286
v 0.050216 -0.021873 -0.625029
v 0.050430 -0.021810 -0.624815
v 0.050586 -0.021751 -0.624659
v 0.050812 -0.021644 -0.624433
v 0.051038 -0.021540 -0.624206
v 0.051266 -0.021440 -0.623979
v 0.051495 -0.021343 -0.623750
v 0.051724 -0.021248 -0.623521
v 0.051953 -0.021154 -0.623292
v 0.052182 -0.021060 -0.623062
v 0.052411 -0.020966 -0.622833
v 0.052640 -0.020871 -0.622605
v 0.052868 -0.020774 -0.622377
v 0.053095 -0.020673 -0.622150
v 0.053320 -0.020570 -0.621925
v 0.053602 -0.020418 -0.621643
v 0.053855 -0.020248 -0.621390
v 0.054081 -0.020058 -0.621164
v 0.054281 -0.019851 -0.620964
v 0.054455 -0.019627 -0.620790
v 0.054604 -0.019388 -0.620641
v 0.054728 -0.019134 -0.620517
v 0.054830 -0.018866 -0.620415
v 0.054908 -0.018586 -0.620337
v 0.054964 -0.018293 -0.620281
v 0.054999 -0.017990 -0.620246
v 0.055014 -0.017677 -0.620231
v 0.055017 -0.016714 -0.620228
v 0.055019 -0.015625 -0.620226
v 0.055018 -0.014448 -0.620227
v 0.055017 -0.013226 -0.620228
v 0.055015 -0.011997 -0.620230
v 0.055012 -0.010801 -0.620233
v 0.055008 -0.009680 -0.620237
v 0.055005 -0.008672 -0.620240
v 0.055001 -0.007819 -0.620244
v 0.054999 -0.007159 -0.620246
v 0.054997 -0.006734 -0.620248
v 0.054996 -0.006584 -0.620249
v 0.054855 -0.006586 -0.620390
v 0.054466 -0.006592 -0.620779
v 0.053877 -0.006600 -0.621368
v 0.053139 -0.006611 -0.622106
v 0.052302 -0.006624 -0.622943
v 0.051415 -0.006637 -0.623830
v 0.050528 -0.006650 -0.624717
v 0.049691 -0.006662 -0.625554
v 0.048953 -0.006673 -0.626292
v 0.048365 -0.006682 -0.626880
v 0.047975 -0.006688 -0.627270
v 0.047834 -0.006690 -0.627411
v 0.047833 -0.006552 -0.627412
v 0.047830 -0.006166 -0.627414
v 0.047827 -0.005570 -0.627418
v 0.047822 -0.004804 -0.627423
v 0.047818 -0.003908 -0.627427
v 0.047814 -0.002920 -0.627431
v 0.047812 -0.001880 -0.627433
v 0.047811 -0.000826 -0.627434
v 0.047812 0.000200 -0.627433
v 0.047816 0.001161 -0.627429
v 0.047823 0.002017 -0.627422
v 0.047834 0.002728 -0.627411
v 0.047978 0.002724 -0.627267
v 0.048377 0.002714 -0.626868
v 0.048978 0.002699 -0.626267
v 0.049733 0.002682 -0.625512
v 0.050589 0.002665 -0.624656
v 0.051497 0.002651 -0.623748
v 0.052405 0.002642 -0.622840
v 0.053262 0.002639 -0.621983
v 0.054018 0.002646 -0.621226
v 0.054623 0.002665 -0.620622
v 0.055024 0.002697 -0.620221
v 0.055173 0.002746 -0.620072
v 0.055180 0.003119 -0.620065
v 0.055184 0.003616 -0.620061
v 0.055186 0.004212 -0.620059
v 0.055188 0.004884 -0.620057
v 0.055189 0.005610 -0.620056
v 0.055190 0.006366 -0.620055
v 0.055193 0.007128 -0.620052
v 0.055199 0.007874 -0.620046
v 0.055207 0.008579 -0.620038
v 0.055220 0.009222 -0.620025
v 0.055237 0.009778 -0.620008
v 0.055261 0.010224 -0.619984
v 0.055183 0.010251 -0.620062
v 0.054954 0.010294 -0.620291
v 0.054603 0.010359 -0.620642
v 0.054159 0.010452 -0.621086
v 0.053654 0.010580 -0.621591
v 0.053117 0.010749 -0.622128
v 0.052579 0.010965 -0.622666
v 0.052070 0.011236 -0.623175
v 0.051619 0.011568 -0.623626
v 0.051257 0.011967 -0.623988
v 0.051015 0.012440 -0.624230
v 0.050921 0.012993 -0.624324
v 0.050917 0.013361 -0.624328
v 0.050914 0.013844 -0.624331
v 0.050912 0.014419 -0.624333
v 0.050911 0.015067 -0.624334
v 0.050911 0.015765 -0.624334
v 0.050912 0.016494 -0.624333
v 0.050915 0.017231 -0.624330
v 0.050920 0.017956 -0.624325
v 0.050926 0.018647 -0.624319
v 0.050934 0.019285 -0.624311
v 0.050944 0.019847 -0.624301
v 0.050957 0.020312 -0.624288
v 0.050960 0.020456 -0.624285
v 0.050963 0.020761 -0.624282
v 0.050964 0.021196 -0.624281
v 0.050964 0.021727 -0.624281
v 0.050964 0.022323 -0.624281
v 0.050963 0.022951 -0.624282
v 0.050962 0.023579 -0.624283
v 0.050960 0.024176 -0.624285
v 0.050959 0.024709 -0.624286
v 0.050958 0.025146 -0.624287
v 0.050957 0.025455 -0.624288
v 0.050957 0.025603 -0.624288
v 0.050902 0.025833 -0.624343
v 0.050736 0.026057 -0.624509
v 0.050481 0.026275 -0.624764
v 0.050158 0.026486 -0.625087
v 0.049790 0.026691 -0.625455
v 0.049400 0.026890 -0.625845
v 0.049008 0.027084 -0.626237
v 0.048638 0.027271 -0.626607
v 0.048312 0.027453 -0.626933
v 0.048052 0.027629 -0.627193
v 0.047879 0.027800 -0.627366
v 0.047817 0.027966 -0.627428
v 0.047822 0.028114 -0.627423
v 0.047836 0.028243 -0.627409
v 0.047858 0.028356 -0.627387
v 0.047885 0.028458 -0.627360
v 0.047916 0.028552 -0.627329
v 0.047949 0.028641 -0.627296
v 0.047982 0.028729 -0.627263
v 0.048013 0.028821 -0.627232
v 0.048040 0.028919 -0.627205
v 0.048062 0.029027 -0.627183
v 0.048076 0.029149 -0.627169
v 0.048081 0.029289 -0.627164
v 0.048075 0.029429 -0.627170
v 0.048059 0.029554 -0.627186
v 0.048034 0.029666 -0.627211
v 0.048003 0.029768 -0.627242
v 0.047968 0.029866 -0.627277
v 0.047931 0.029961 -0.627314
v 0.047894 0.030059 -0.627351
v 0.047859 0.030162 -0.627386
v 0.047828 0.030274 -0.627417
v 0.047803 0.030398 -0.627441
v 0.047787 0.030539 -0.627458
v 0.047781 0.030700 -0.627464
v 0.047781 0.030890 -0.627464
v 0.047780 0.031118 -0.627465
v 0.047778 0.031378 -0.627466
v 0.047777 0.031661 -0.627468
v 0.047775 0.031960 -0.627470
v 0.047772 0.032265 -0.627473
v 0.047770 0.032570 -0.627475
v 0.047768 0.032866 -0.627477
v 0.047766 0.033145 -0.627479
v 0.047765 0.033400 -0.627480
v 0.047764 0.033622 -0.627481
v 0.047764 0.033804 -0.627481
v 0.047774 0.033968 -0.627471
v 0.047804 0.034132 -0.627441
v 0.047847 0.034296 -0.627398
v 0.047901 0.034459 -0.627344
v 0.047960 0.034620 -0.627285
v 0.048022 0.034778 -0.627223
v 0.048080 0.034933 -0.627165
v 0.048132 0.035083 -0.627113
v 0.048173 0.035227 -0.627072
v 0.048198 0.035366 -0.627046
v 0.048205 0.035497 -0.627040
v 0.048187 0.035620 -0.627058
v 0.048153 0.035754 -0.627092
v 0.048113 0.035882 -0.627132
v 0.048069 0.036005 -0.627176
v 0.048022 0.036127 -0.627223
v 0.047975 0.036249 -0.627270
v 0.047929 0.036372 -0.627316
v 0.047885 0.036499 -0.627360
v 0.047846 0.036630 -0.627399
v 0.047812 0.036769 -0.627433
v 0.047786 0.036916 -0.627459
v 0.047770 0.037073 -0.627475
v 0.047764 0.037243 -0.627481
v 0.047770 0.037415 -0.627475
v 0.047788 0.037580 -0.627457
v 0.047816 0.037739 -0.627429
v 0.047851 0.037894 -0.627394
v 0.047890 0.038047 -0.627355
v 0.047931 0.038198 -0.627314
v 0.047973 0.038349 -0.627272
v 0.048012 0.038502 -0.627233
v 0.048046 0.038659 -0.627199
v 0.048074 0.038821 -0.627171
v 0.048092 0.038989 -0.627153
v 0.048099 0.039165 -0.627146
v 0.048092 0.039352 -0.627153
v 0.048074 0.039548 -0.627171
v 0.048046 0.039752 -0.627199
v 0.048012 0.039963 -0.627233
v 0.047973 0.040178 -0.627272
v 0.047931 0.040396 -0.627314
v 0.047890 0.040614 -0.627355
v 0.047851 0.040831 -0.627394
v 0.047816 0.041045 -0.627429
v 0.047788 0.041255 -0.627457
v 0.047770 0.041458 -0.627475
v 0.047764 0.041652 -0.627481
v 0.047776 0.041836 -0.627469
v 0.047813 0.042001 -0.627432
v 0.047872 0.042147 -0.627373
v 0.047950 0.042275 -0.627294
v 0.048046 0.042386 -0.627199
v 0.048156 0.042479 -0.627089
v 0.048279 0.042556 -0.626966
v 0.048412 0.042616 -0.626833
v 0.048552 0.042662 -0.626692
v 0.048699 0.042692 -0.626546
v 0.048848 0.042708 -0.626397
v 0.048998 0.042710 -0.626247
v 0.049320 0.042707 -0.625925
v 0.049641 0.042704 -0.625604
v 0.049961 0.042703 -0.625283
v 0.050282 0.042703 -0.624963
v 0.050601 0.042703 -0.624644
v 0.050921 0.042704 -0.624324
v 0.051241 0.042705 -0.624004
v 0.051561 0.042706 -0.623684
v 0.051881 0.042708 -0.623364
v 0.052201 0.042709 -0.623043
v 0.052522 0.042710 -0.622723
v 0.052844 0.042710 -0.622401
v 0.052977 0.042702 -0.622268
v 0.053102 0.042677 -0.622143
v 0.053218 0.042636 -0.622027
v 0.053325 0.042581 -0.621919
v 0.053423 0.042513 -0.621822
v 0.053510 0.042433 -0.621735
v 0.053586 0.042341 -0.621659
v 0.053650 0.042240 -0.621595
v 0.053702 0.042130 -0.621543
v 0.053742 0.042012 -0.621503
v 0.053767 0.041888 -0.621478
v 0.053779 0.041758 -0.621466
v 0.053784 0.041634 -0.621461
v 0.053791 0.041510 -0.621454
v 0.053799 0.041385 -0.621446
v 0.053810 0.041260 -0.621435
v 0.053822 0.041135 -0.621423
v 0.053836 0.041011 -0.621409
v 0.053853 0.040886 -0.621392
v 0.053872 0.040762 -0.621373
v 0.053893 0.040639 -0.621352
v 0.053917 0.040517 -0.621328
v 0.053944 0.040396 -0.621301
v 0.053973 0.040277 -0.621272
v 0.054064 0.039868 -0.621181
v 0.054163 0.039462 -0.621082
v 0.054271 0.039060 -0.620974
v 0.054389 0.038662 -0.620856
v 0.054519 0.038270 -0.620726
v 0.054663 0.037885 -0.620582
v 0.054822 0.037506 -0.620423
v 0.054997 0.037135 -0.620248
v 0.055191 0.036772 -0.620054
v 0.055404 0.036419 -0.619841
v 0.055639 0.036076 -0.619606
v 0.055896 0.035744 -0.619349
v 0.056003 0.035612 -0.619242
v 0.056112 0.035481 -0.619133
v 0.056223 0.035351 -0.619022
v 0.056335 0.035222 -0.618909
v 0.056450 0.035094 -0.618795
v 0.056566 0.034968 -0.618679
v 0.056684 0.034843 -0.618561
v 0.056803 0.034720 -0.618442
v 0.056923 0.034598 -0.618322
v 0.057044 0.034478 -0.618201
v 0.057166 0.034361 -0.618079
v 0.057289 0.034245 -0.617956
v 0.057583 0.033965 -0.617662
v 0.057880 0.033690 -0.617365
v 0.058177 0.033416 -0.617068
v 0.058472 0.033140 -0.616773
v 0.058762 0.032860 -0.616483
v 0.059045 0.032574 -0.616200
v 0.059317 0.032278 -0.615928
v 0.059576 0.031969 -0.615669
v 0.059820 0.031646 -0.615425
v 0.060045 0.031305 -0.615200
v 0.060249 0.030943 -0.614996
v 0.060429 0.030559 -0.614816
v 0.060585 0.030104 -0.614660
v 0.060683 0.029616 -0.614562
v 0.060726 0.029106 -0.614519
v 0.060715 0.028581 -0.614530
v 0.060652 0.028050 -0.614593
v 0.060540 0.027521 -0.614705
v 0.060379 0.027003 -0.614866
v 0.060173 0.026505 -0.615072
v 0.059923 0.026035 -0.615322
v 0.059631 0.025602 -0.615614
v 0.059300 0.025214 -0.615945
v 0.058930 0.024880 -0.616315
v 0.058764 0.024742 -0.616480
v 0.058581 0.024575 -0.616664
v 0.058386 0.024380 -0.616859
v 0.058184 0.024158 -0.617060
v 0.057984 0.023909 -0.617261
v 0.057790 0.023634 -0.617455
v 0.057609 0.023334 -0.617636
v 0.057447 0.023009 -0.617798
v 0.057310 0.022660 -0.617935
v 0.057205 0.022288 -0.618040
v 0.057137 0.021893 -0.618108
v 0.057113 0.021476 -0.618132
v 0.057136 0.021082 -0.618109
v 0.057202 0.020726 -0.618043
v 0.057311 0.020404 -0.617934
v 0.057458 0.020111 -0.617787
v 0.057642 0.019843 -0.617603
v 0.057860 0.019595 -0.617384
v 0.058111 0.019363 -0.617134
v 0.058391 0.019143 -0.616854
v 0.058698 0.018929 -0.616547
v 0.059030 0.018717 -0.616215
v 0.059385 0.018504 -0.615860
v 0.059759 0.018284 -0.615486
v 0.060340 0.017922 -0.614905
v 0.060842 0.017569 -0.614403
v 0.061271 0.017226 -0.613974
v 0.061633 0.016893 -0.613612
v 0.061932 0.016572 -0.613313
v 0.062174 0.016262 -0.613071
v 0.062363 0.015966 -0.612881
v 0.062507 0.015683 -0.612738
v 0.062609 0.015414 -0.612636
v 0.062676 0.015161 -0.612569
v 0.062712 0.014924 -0.612533
v 0.062723 0.014704 -0.612522
v 0.062723 0.012904 -0.612522
v 0.062725 0.009625 -0.612520
v 0.062728 0.005176 -0.612517
v 0.062732 -0.000133 -0.612513
v 0.062736 -0.005993 -0.612509
v 0.062740 -0.012095 -0.612505
v 0.062745 -0.018130 -0.612500
v 0.062749 -0.023787 -0.612496
v 0.062752 -0.028759 -0.612493
v 0.062755 -0.032734 -0.612490
v 0.062757 -0.035404 -0.612488
v 0.062758 -0.036460 -0.636718
v 0.062755 -0.036599 -0.636718
v 0.062747 -0.036724 -0.636718
v 0.062732 -0.036835 -0.636718
v 0.062709 -0.036933 -0.636718
v 0.062676 -0.037018 -0.636718
v 0.062632 -0.037091 -0.636718
v 0.062576 -0.037151 -0.636718
v 0.062507 -0.037198 -0.636718
v 0.062423 -0.037234 -0.636718
v 0.062323 -0.037258 -0.636718
v 0.062206 -0.037270 -0.636718
v 0.062070 -0.037271 -0.636718
v 0.061691 -0.037257 -0.636718
v 0.061311 -0.037239 -0.636718
v 0.060932 -0.037220 -0.636718
v 0.060553 -0.037202 -0.636718
v 0.060175 -0.037184 -0.636718
v 0.059796 -0.037168 -0.636718
v 0.059419 -0.037155 -0.636718
v 0.059041 -0.037147 -0.636718
v 0.058664 -0.037145 -0.636718
v 0.058287 -0.037149 -0.636718
v 0.057912 -0.037162 -0.636718
v 0.057536 -0.037183 -0.636718
v 0.057234 -0.037192 -0.636718
v 0.056945 -0.037174 -0.636718
v 0.056668 -0.037133 -0.636718
v 0.056400 -0.037071 -0.636718
v 0.056142 -0.036989 -0.636718
v 0.055891 -0.036890 -0.636718
v 0.055648 -0.036776 -0.636718
v 0.055409 -0.036649 -0.636718
v 0.055175 -0.036511 -0.636718
v 0.054943 -0.036365 -0.636718
v 0.054714 -0.036212 -0.636718
v 0.054485 -0.036055 -0.636718
v 0.054164 -0.035822 -0.636718
v 0.053845 -0.035584 -0.636718
v 0.053528 -0.035342 -0.636718
v 0.053211 -0.035098 -0.636718
v 0.052894 -0.034855 -0.636718
v 0.052575 -0.034613 -0.636718
v 0.052254 -0.034375 -0.636718
v 0.051930 -0.034142 -0.636718
v 0.051602 -0.033917 -0.636718
v 0.051269 -0.033701 -0.636718
v 0.050931 -0.033495 -0.636718
v 0.050586 -0.033303 -0.636718
v 0.050377 -0.033206 -0.636718
v 0.050129 -0.033115 -0.636718
v 0.049852 -0.033025 -0.636718
v 0.049557 -0.032935 -0.636718
v 0.049256 -0.032839 -0.636718
v 0.048959 -0.032734 -0.636718
v 0.048677 -0.032617 -0.636718
v 0.048422 -0.032484 -0.636718
v 0.048205 -0.032331 -0.636718
v 0.048036 -0.032154 -0.636718
v 0.047926 -0.031951 -0.636718
v 0.047887 -0.031716 -0.636718
v 0.047892 -0.031473 -0.636718
v 0.047904 -0.031244 -0.636718
v 0.047923 -0.031027 -0.636718
v 0.047947 -0.030819 -0.636718
v 0.047973 -0.030618 -0.636718
v 0.048002 -0.030422 -0.636718
v 0.048030 -0.030227 -0.636718
v 0.048057 -0.030032 -0.636718
v 0.048081 -0.029833 -0.636718
v 0.048099 -0.029629 -0.636718
v 0.048112 -0.029417 -0.636718
v 0.048116 -0.029194 -0.636718
v 0.048111 -0.029056 -0.636718
v 0.048095 -0.028922 -0.636718
v 0.048072 -0.028792 -0.636718
v 0.048043 -0.028664 -0.636718
v 0.048010 -0.028536 -0.636718
v 0.047975 -0.028409 -0.636718
v 0.047940 -0.028280 -0.636718
v 0.047907 -0.028149 -0.636718
v 0.047878 -0.028013 -0.636718
v 0.047855 -0.027873 -0.636718
v 0.047840 -0.027726 -0.636718
v 0.047834 -0.027571 -0.636718
v 0.047841 -0.027418 -0.636718
v 0.047859 -0.027281 -0.636718
v 0.047887 -0.027158 -0.636718
v 0.047921 -0.027044 -0.636718
v 0.047960 -0.026936 -0.636718
v 0.048002 -0.026831 -0.636718
v 0.048043 -0.026723 -0.636718
v 0.048082 -0.026611 -0.636718
v 0.048117 -0.026490 -0.636718
v 0.048144 -0.026356 -0.636718
v 0.048163 -0.026207 -0.636718
v 0.048169 -0.026037 -0.636718
v 0.048163 -0.025958 -0.636718
v 0.048144 -0.025888 -0.636718
v 0.048117 -0.025822 -0.636718
v 0.048082 -0.025759 -0.636718
v 0.048043 -0.025695 -0.636718
v 0.048002 -0.025627 -0.636718
v 0.047960 -0.025553 -0.636718
v 0.047921 -0.025469 -0.636718
v 0.047887 -0.025372 -0.636718
v 0.047859 -0.025261 -0.636718
v 0.047841 -0.025130 -0.636718
v 0.047834 -0.024979 -0.636718
v 0.047836 -0.024808 -0.636718
v 0.047839 -0.024623 -0.636718
v 0.047845 -0.024428 -0.636718
v 0.047852 -0.024228 -0.636718
v 0.047861 -0.024027 -0.636718
v 0.047869 -0.023828 -0.636718
v 0.047878 -0.023636 -0.636718
v 0.047886 -0.023454 -0.636718
v 0.047894 -0.023287 -0.636718
v 0.047900 -0.023139 -0.636718
v 0.047903 -0.023014 -0.636718
v 0.047905 -0.022915 -0.636718
v 0.047948 -0.022763 -0.636718
v 0.048069 -0.022625 -0.636718
v 0.048254 -0.022498 -0.636718
v 0.048490 -0.022382 -0.636718
v 0.048763 -0.022277 -0.636718
v 0.049060 -0.022181 -0.636718
v 0.049367 -0.022094 -0.636718
v 0.049671 -0.022014 -0.636718
v 0.049959 -0.021941 -0.636718
v 0.050216 -0.021873 -0.636718
v 0.050430 -0.021810 -0.636718
v 0.050586 -0.021751 -0.636718
v 0.050812 -0.021644 -0.636718
v 0.051038 -0.021540 -0.636718
v 0.051266 -0.021440 -0.636718
v 0.051495 -0.021343 -0.636718
v 0.051724 -0.021248 -0.636718
v 0.051953 -0.021154 -0.636718
v 0.052182 -0.021060 -0.636718
v 0.052411 -0.020966 -0.636718
v 0.052640 -0.020871 -0.636718
v 0.052868 -0.020774 -0.636718
v 0.053095 -0.020673 -0.636718
v 0.053320 -0.020570 -0.636718
v 0.053602 -0.020418 -0.636718
v 0.053855 -0.020248 -0.636718
v 0.054081 -0.020058 -0.636718
v 0.054281 -0.019851 -0.636718
v 0.054455 -0.019627 -0.636718
v 0.054604 -0.019388 -0.636718
v 0.054728 -0.019134 -0.636718
v 0.054830 -0.018866 -0.636718
v 0.054908 -0.018586 -0.636718
v 0.054964 -0.018293 -0.636718
v 0.054999 -0.017990 -0.636718
v 0.055014 -0.017677 -0.636718
v 0.055017 -0.016714 -0.636718
v 0.055019 -0.015625 -0.636718
v 0.055018 -0.014448 -0.636718
v 0.055017 -0.013226 -0.636718
v 0.055015 -0.011997 -0.636718
v 0.055012 -0.010801 -0.636718
v 0.055008 -0.009680 -0.636718
v 0.055005 -0.008672 -0.636718
v 0.055001 -0.007819 -0.636718
v 0.054999 -0.007159 -0.636718
v 0.054997 -0.006734 -0.636718
v 0.054996 -0.006584 -0.636718
v 0.054855 -0.006586 -0.636718
v 0.054466 -0.006592 -0.636718
v 0.053877 -0.006600 -0.636718
v 0.053139 -0.006611 -0.636718
v 0.052302 -0.006624 -0.636718
v 0.051415 -0.006637 -0.636718
v 0.050528 -0.006650 -0.636718
v 0.049691 -0.006662 -0.636718
v 0.048953 -0.006673 -0.636718
v 0.048365 -0.006682 -0.636718
v 0.047975 -0.006688 -0.636718
v 0.047834 -0.006690 -0.636718
v 0.047833 -0.006552 -0.636718
v 0.047830 -0.006166 -0.636718
v 0.047827 -0.005570 -0.636718
v 0.047822 -0.004804 -0.636718
v 0.047818 -0.003908 -0.636718
v 0.047814 -0.002920 -0.636718
v 0.047812 -0.001880 -0.636718
v 0.047811 -0.000826 -0.636718
v 0.047812 0.000200 -0.636718
v 0.047816 0.001161 -0.636718
v 0.047823 0.002017 -0.636718
v 0.047834 0.002728 -0.636718
v 0.047978 0.002724 -0.636718
v 0.048377 0.002714 -0.636718
v 0.048978 0.002699 -0.636718
v 0.049733 0.002682 -0.636718
v 0.050589 0.002665 -0.636718
v 0.051497 0.002651 -0.636718
v 0.052405 0.002642 -0.636718
v 0.053262 0.002639 -0.636718
v 0.054018 0.002646 -0.636718
v 0.054623 0.002665 -0.636718
v 0.055024 0.002697 -0.636718
v 0.055173 0.002746 -0.636718
v 0.055180 0.003119 -0.636718
v 0.055184 0.003616 -0.636718
v 0.055186 0.004212 -0.636718
v 0.055188 0.004884 -0.636718
v 0.055189 0.005610 -0.636718
v 0.055190 0.006366 -0.636718
v 0.055193 0.007128 -0.636718
v 0.055199 0.007874 -0.636718
v 0.055207 0.008579 -0.636718
v 0.055220 0.009222 -0.636718
v 0.055237 0.009778 -0.636718
v 0.055261 0.010224 -0.636718
v 0.055183 0.010251 -0.636718
v 0.054954 0.010294 -0.636718
v 0.054603 0.010359 -0.636718
v 0.054159 0.010452 -0.636718
v 0.053654 0.010580 -0.636718
v 0.053117 0.010749 -0.636718
v 0.052579 0.010965 -0.636718
v 0.052070 0.011236 -0.636718
v 0.051619 0.011568 -0.636718
v 0.051257 0.011967 -0.636718
v 0.051015 0.012440 -0.636718
v 0.050921 0.012993 -0.636718
v 0.050917 0.013361 -0.636718
v 0.050914 0.013844 -0.636718
v 0.050912 0.014419 -0.636718
v 0.050911 0.015067 -0.636718
v 0.050911 0.015765 -0.636718
v 0.050912 0.016494 -0.636718
v 0.050915 0.017231 -0.636718
v 0.050920 0.017956 -0.636718
v 0.050926 0.018647 -0.636718
v 0.050934 0.019285 -0.636718
v 0.050944 0.019847 -0.636718
v 0.050957 0.020312 -0.636718
v 0.050960 0.020456 -0.636718
v 0.050963 0.020761 -0.636718
v 0.050964 0.021196 -0.636718
v 0.050964 0.021727 -0.636718
v 0.050964 0.022323 -0.636718
v 0.050963 0.022951 -0.636718
v 0.050962 0.023579 -0.636718
v 0.050960 0.024176 -0.636718
v 0.050959 0.024709 -0.636718
v 0.050958 0.025146 -0.636718
v 0.050957 0.025455 -0.636718
v 0.050957 0.025603 -0.636718
v 0.050902 0.025833 -0.636718
v 0.050736 0.026057 -0.636718
v 0.050481 0.026275 -0.636718
v 0.050158 0.026486 -0.636718
v 0.049790 0.026691 -0.636718
v 0.049400 0.026890 -0.636718
v 0.049008 0.027084 -0.636718
v 0.048638 0.027271 -0.636718
v 0.048312 0.027453 -0.636718
v 0.048052 0.027629 -0.636718
v 0.047879 0.027800 -0.636718
v 0.047817 0.027966 -0.636718
v 0.047822 0.028114 -0.636718
v 0.047836 0.028243 -0.636718
v 0.047858 0.028356 -0.636718
v 0.047885 0.028458 -0.636718
v 0.047916 0.028552 -0.636718
v 0.047949 0.028641 -0.636718
v 0.047982 0.028729 -0.636718
v 0.048013 0.028821 -0.636718
v 0.048040 0.028919 -0.636718
v 0.048062 0.029027 -0.636718
v 0.048076 0.029149 -0.636718
v 0.048081 0.029289 -0.636718
v 0.048075 0.029429 -0.636718
v 0.048059 0.029554 -0.636718
v 0.048034 0.029666 -0.636718
v 0.048003 0.029768 -0.636718
v 0.047968 0.029866 -0.636718
v 0.047931 0.029961 -0.636718
v 0.047894 0.030059 -0.636718
v 0.047859 0.030162 -0.636718
v 0.047828 0.030274 -0.636718
v 0.047803 0.030398 -0.636718
v 0.047787 0.030539 -0.636718
v 0.047781 0.030700 -0.636718
v 0.047781 0.030890 -0.636718
v 0.047780 0.031118 -0.636718
v 0.047778 0.031378 -0.636718
v 0.047777 0.031661 -0.636718
v 0.047775 0.031960 -0.636718
v 0.047772 0.032265 -0.636718
v 0.047770 0.032570 -0.636718
v 0.047768 0.032866 -0.636718
v 0.047766 0.033145 -0.636718
v 0.047765 0.033400 -0.636718
v 0.047764 0.033622 -0.636718
v 0.047764 0.033804 -0.636718
v 0.047774 0.033968 -0.636718
v 0.047804 0.034132 -0.636718
v 0.047847 0.034296 -0.636718
v 0.047901 0.034459 -0.636718
v 0.047960 0.034620 -0.636718
v 0.048022 0.034778 -0.636718
v 0.048080 0.034933 -0.636718
v 0.048132 0.035083 -0.636718
v 0.048173 0.035227 -0.636718
v 0.048198 0.035366 -0.636718
v 0.048205 0.035497 -0.636718
v 0.048187 0.035620 -0.636718
v 0.048153 0.035754 -0.636718
v 0.048113 0.035882 -0.636718
v 0.048069 0.036005 -0.636718
v 0.048022 0.036127 -0.636718
v 0.047975 0.036249 -0.636718
v 0.047929 0.036372 -0.636718
v 0.047885 0.036499 -0.636718
v 0.047846 0.036630 -0.636718
v 0.047812 0.036769 -0.636718
v 0.047786 0.036916 -0.636718
v 0.047770 0.037073 -0.636718
v 0.047764 0.037243 -0.636718
v 0.047770 0.037415 -0.636718
v 0.047788 0.037580 -0.636718
v 0.047816 0.037739 -0.636718
v 0.047851 0.037894 -0.636718
v 0.047890 0.038047 -0.636718
v 0.047931 0.038198 -0.636718
v 0.047973 0.038349 -0.636718
v 0.048012 0.038502 -0.636718
v 0.048046 0.038659 -0.636718
v 0.048074 0.038821 -0.636718
v 0.048092 0.038989 -0.636718
v 0.048099 0.039165 -0.636718
v 0.048092 0.039352 -0.636718
v 0.048074 0.039548 -0.636718
v 0.048046 0.039752 -0.636718
v 0.048012 0.039963 -0.636718
v 0.047973 0.040178 -0.636718
v 0.047931 0.040396 -0.636718
v 0.047890 0.040614 -0.636718
v 0.047851 0.040831 -0.636718
v 0.047816 0.041045 -0.636718
v 0.047788 0.041255 -0.636718
v 0.047770 0.041458 -0.636718
v 0.047764 0.041652 -0.636718
v 0.047776 0.041836 -0.636718
v 0.047813 0.042001 -0.636718
v 0.047872 0.042147 -0.636718
v 0.047950 0.042275 -0.636718
v 0.048046 0.042386 -0.636718
v 0.048156 0.042479 -0.636718
v 0.048279 0.042556 -0.636718
v 0.048412 0.042616 -0.636718
v 0.048552 0.042662 -0.636718
v 0.048699 0.042692 -0.636718
v 0.048848 0.042708 -0.636718
v 0.048998 0.042710 -0.636718
v 0.049320 0.042707 -0.636718
v 0.049641 0.042704 -0.636718
v 0.049961 0.042703 -0.636718
v 0.050282 0.042703 -0.636718
v 0.050601 0.042703 -0.636718
v 0.050921 0.042704 -0.636718
v 0.051241 0.042705 -0.636718
v 0.051561 0.042706 -0.636718
v 0.051881 0.042708 -0.636718
v 0.052201 0.042709 -0.636718
v 0.052522 0.042710 -0.636718
v 0.052844 0.042710 -0.636718
v 0.052977 0.042702 -0.636718
v 0.053102 0.042677 -0.636718
v 0.053218 0.042636 -0.636718
v 0.053325 0.042581 -0.636718
v 0.053423 0.042513 -0.636718
v 0.053510 0.042433 -0.636718
v 0.053586 0.042341 -0.636718
v 0.053650 0.042240 -0.636718
v 0.053702 0.042130 -0.636718
v 0.053742 0.042012 -0.636718
v 0.053767 0.041888 -0.636718
v 0.053779 0.041758 -0.636718
v 0.053784 0.041634 -0.636718
v 0.053791 0.041510 -0.636718
v 0.053799 0.041385 -0.636718
v 0.053810 0.041260 -0.636718
v 0.053822 0.041135 -0.636718
v 0.053836 0.041011 -0.636718
v 0.053853 0.040886 -0.636718
v 0.053872 0.040762 -0.636718
v 0.053893 0.040639 -0.636718
v 0.053917 0.040517 -0.636718
v 0.053944 0.040396 -0.636718
v 0.053973 0.040277 -0.636718
v 0.054064 0.039868 -0.636718
v 0.054163 0.039462 -0.636718
v 0.054271 0.039060 -0.636718
v 0.054389 0.038662 -0.636718
v 0.054519 0.038270 -0.636718
v 0.054663 0.037885 -0.636718
v 0.054822 0.037506 -0.636718
v 0.054997 0.037135 -0.636718
v 0.055191 0.036772 -0.636718
v 0.055404 0.036419 -0.636718
v 0.055639 0.036076 -0.636718
v 0.055896 0.035744 -0.636718
v 0.056003 0.035612 -0.636718
v 0.056112 0.035481 -0.636718
v 0.056223 0.035351 -0.636718
v 0.056335 0.035222 -0.636718
v 0.056450 0.035094 -0.636718
v 0.056566 0.034968 -0.636718
v 0.056684 0.034843 -0.636718
v 0.056803 0.034720 -0.636718
v 0.056923 0.034598 -0.636718
v 0.057044 0.034478 -0.636718
v 0.057166 0.034361 -0.636718
v 0.057289 0.034245 -0.636718
v 0.057583 0.033965 -0.636718
v 0.057880 0.033690 -0.636718
v 0.058177 0.033416 -0.636718
v 0.058472 0.033140 -0.636718
v 0.058762 0.032860 -0.636718
v 0.059045 0.032574 -0.636718
v 0.059317 0.032278 -0.636718
v 0.059576 0.031969 -0.636718
v 0.059820 0.031646 -0.636718
v 0.060045 0.031305 -0.636718
v 0.060249 0.030943 -0.636718
v 0.060429 0.030559 -0.636718
v 0.060585 0.030104 -0.636718
v 0.060683 0.029616 -0.636718
v 0.060726 0.029106 -0.636718
v 0.060715 0.028581 -0.636718
v 0.060652 0.028050 -0.636718
v 0.060540 0.027521 -0.636718
v 0.060379 0.027003 -0.636718
v 0.060173 0.026505 -0.636718
v 0.059923 0.026035 -0.636718
v 0.059631 0.025602 -0.636718
v 0.059300 0.025214 -0.636718
v 0.058930 0.024880 -0.636718
v 0.058764 0.024742 -0.636718
v 0.058581 0.024575 -0.636718
v 0.058386 0.024380 -0.636718
v 0.058184 0.024158 -0.636718
v 0.057984 0.023909 -0.636718
v 0.057790 0.023634 -0.636718
v 0.057609 0.023334 -0.636718
v 0.057447 0.023009 -0.636718
v 0.057310 0.022660 -0.636718
v 0.057205 0.022288 -0.636718
v 0.057137 0.021893 -0.636718
v 0.057113 0.021476 -0.636718
v 0.057136 0.021082 -0.636718
v 0.057202 0.020726 -0.636718
v 0.057311 0.020404 -0.636718
v 0.057458 0.020111 -0.636718
v 0.057642 0.019843 -0.636718
v 0.057860 0.019595 -0.636718
v 0.058111 0.019363 -0.636718
v 0.058391 0.019143 -0.636718
v 0.058698 0.018929 -0.636718
v 0.059030 0.018717 -0.636718
v 0.059385 0.018504 -0.636718
v 0.059759 0.018284 -0.636718
v 0.060340 0.017922 -0.636718
v 0.060842 0.017569 -0.636718
v 0.061271 0.017226 -0.636718
v 0.061633 0.016893 -0.636718
v 0.061932 0.016572 -0.636718
v 0.062174 0.016262 -0.636718
v 0.062363 0.015966 -0.636718
v 0.062507 0.015683 -0.636718
v 0.062609 0.015414 -0.636718
v 0.062676 0.015161 -0.636718
v 0.062712 0.014924 -0.636718
v 0.062723 0.014704 -0.636718
v 0.062723 0.012904 -0.636718
v 0.062725 0.009625 -0.636718
v 0.062728 0.005176 -0.636718
v 0.062732 -0.000133 -0.636718
v 0.062736 -0.005993 -0.636718
v 0.062740 -0.012095 -0.636718
v 0.062745 -0.018130 -0.636718
v 0.062749 -0.023787 -0.636718
v 0.062752 -0.028759 -0.636718
v 0.062755 -0.032734 -0.636718
v 0.062757 -0.035404 -0.636718
v 0.062758 -0.036460 -0.650718
v 0.062755 -0.036599 -0.650718
v 0.062747 -0.036724 -0.650718
v 0.062732 -0.036835 -0.650718
v 0.062709 -0.036933 -0.650718
v 0.062676 -0.037018 -0.650718
v 0.062632 -0.037091 -0.650718
v 0.062576 -0.037151 -0.650718
v 0.062507 -0.037198 -0.650718
v 0.062423 -0.037234 -0.650718
v 0.062323 -0.037258 -0.650718
v 0.062206 -0.037270 -0.650718
v 0.062070 -0.037271 -0.650718
v 0.061691 -0.037257 -0.650718
v 0.061311 -0.037239 -0.650718
v 0.060932 -0.037220 -0.650718
v 0.060553 -0.037202 -0.650718
v 0.060175 -0.037184 -0.650718
v 0.059796 -0.037168 -0.650718
v 0.059419 -0.037155 -0.650718
v 0.059041 -0.037147 -0.650718
v 0.058664 -0.037145 -0.650718
v 0.058287 -0.037149 -0.650718
v 0.057912 -0.037162 -0.650718
v 0.057536 -0.037183 -0.650718
v 0.057234 -0.037192 -0.650718
v 0.056945 -0.037174 -0.650718
v 0.056668 -0.037133 -0.650718
v 0.056400 -0.037071 -0.650718
v 0.056142 -0.036989 -0.650718
v 0.055891 -0.036890 -0.650718
v 0.055648 -0.036776 -0.650718
v 0.055409 -0.036649 -0.650718
v 0.055175 -0.036511 -0.650718
v 0.054943 -0.036365 -0.650718
v 0.054714 -0.036212 -0.650718
v 0.054485 -0.036055 -0.650718
v 0.054164 -0.035822 -0.650718
v 0.053845 -0.035584 -0.650718
v 0.053528 -0.035342 -0.650718
v 0.053211 -0.035098 -0.650718
v 0.052894 -0.034855 -0.650718
v 0.052575 -0.034613 -0.650718
v 0.052254 -0.034375 -0.650718
v 0.051930 -0.034142 -0.650718
v 0.051602 -0.033917 -0.650718
v 0.051269 -0.033701 -0.650718
v 0.050931 -0.033495 -0.650718
v 0.050586 -0.033303 -0.650718
v 0.050377 -0.033206 -0.650718
v 0.050129 -0.033115 -0.650718
v 0.049852 -0.033025 -0.650718
v 0.049557 -0.032935 -0.650718
v 0.049256 -0.032839 -0.650718
v 0.048959 -0.032734 -0.650718
v 0.048677 -0.032617 -0.650718
v 0.048422 -0.032484 -0.650718
v 0.048205 -0.032331 -0.650718
v 0.048036 -0.032154 -0.650718
v 0.047926 -0.031951 -0.650718
v 0.047887 -0.031716 -0.650718
v 0.047892 -0.031473 -0.650718
v 0.047904 -0.031244 -0.650718
v 0.047923 -0.031027 -0.650718
v 0.047947 -0.030819 -0.650718
v 0.047973 -0.030618 -0.650718
v 0.048002 -0.030422 -0.650718
v 0.048030 -0.030227 -0.650718
v 0.048057 -0.030032 -0.650718
v 0.048081 -0.029833 -0.650718
v 0.048099 -0.029629 -0.650718
v 0.048112 -0.029417 -0.650718
v 0.048116 -0.029194 -0.650718
v 0.048111 -0.029056 -0.650718
v 0.048095 -0.028922 -0.650718
v 0.048072 -0.028792 -0.650718
v 0.048043 -0.028664 -0.650718
v 0.048010 -0.028536 -0.650718
v 0.047975 -0.028409 -0.650718
v 0.047940 -0.028280 -0.650718
v 0.047907 -0.028149 -0.650718
v 0.047878 -0.028013 -0.650718
v 0.047855 -0.027873 -0.650718
v 0.047840 -0.027726 -0.650718
v 0.047834 -0.027571 -0.650718
v 0.047841 -0.027418 -0.650718
v 0.047859 -0.027281 -0.650718
v 0.047887 -0.027158 -0.650718
v 0.047921 -0.027044 -0.650718
v 0.047960 -0.026936 -0.650718
v 0.048002 -0.026831 -0.650718
v 0.048043 -0.026723 -0.650718
v 0.048082 -0.026611 -0.650718
v 0.048117 -0.026490 -0.650718
v 0.048144 -0.026356 -0.650718
v 0.048163 -0.026207 -0.650718
v 0.048169 -0.026037 -0.650718
v 0.048163 -0.025958 -0.650718
v 0.048144 -0.025888 -0.650718
v 0.048117 -0.025822 -0.650718
v 0.048082 -0.025759 -0.650718
v 0.048043 -0.025695 -0.650718
v 0.048002 -0.025627 -0.650718
v 0.047960 -0.025553 -0.650718
v 0.047921 -0.025469 -0.650718
v 0.047887 -0.025372 -0.650718
v 0.047859 -0.025261 -0.650718
v 0.047841 -0.025130 -0.650718
v 0.047834 -0.024979 -0.650718
v 0.047836 -0.024808 -0.650718
v 0.047839 -0.024623 -0.650718
v 0.047845 -0.024428 -0.650718
v 0.047852 -0.024228 -0.650718
v 0.047861 -0.024027 -0.650718
v 0.047869 -0.023828 -0.650718
v 0.047878 -0.023636 -0.650718
v 0.047886 -0.023454 -0.650718
v 0.047894 -0.023287 -0.650718
v 0.047900 -0.023139 -0.650718
v 0.047903 -0.023014 -0.650718
v 0.047905 -0.022915 -0.650718
v 0.047948 -0.022763 -0.650718
v 0.048069 -0.022625 -0.650718
v 0.048254 -0.022498 -0.650718
v 0.048490 -0.022382 -0.650718
v 0.048763 -0.022277 -0.650718
v 0.049060 -0.022181 -0.650718
v 0.049367 -0.022094 -0.650718
v 0.049671 -0.022014 -0.650718
v 0.049959 -0.021941 -0.650718
v 0.050216 -0.021873 -0.650718
v 0.050430 -0.021810 -0.650718
v 0.050586 -0.021751 -0.650718
v 0.050812 -0.021644 -0.650718
v 0.051038 -0.021540 -0.650718
v 0.051266 -0.021440 -0.650718
v 0.051495 -0.021343 -0.650718
v 0.051724 -0.021248 -0.650718
v 0.051953 -0.021154 -0.650718
v 0.052182 -0.021060 -0.650718
v 0.052411 -0.020966 -0.650718
v 0.052640 -0.020871 -0.650718
v 0.052868 -0.020774 -0.650718
v 0.053095 -0.020673 -0.650718
v 0.053320 -0.020570 -0.650718
v 0.053602 -0.020418 -0.650718
v 0.053855 -0.020248 -0.650718
v 0.054081 -0.020058 -0.650718
v 0.054281 -0.019851 -0.650718
v 0.054455 -0.019627 -0.650718
v 0.054604 -0.019388 -0.650718
v 0.054728 -0.019134 -0.650718
v 0.054830 -0.018866 -0.650718
v 0.054908 -0.018586 -0.650718
v 0.054964 -0.018293 -0.650718
v 0.054999 -0.017990 -0.650718
v 0.055014 -0.017677 -0.650718
v 0.055017 -0.016714 -0.650718
v 0.055019 -0.015625 -0.650718
v 0.055018 -0.014448 -0.650718
v 0.055017 -0.013226 -0.650718
v 0.055015 -0.011997 -0.650718
v 0.055012 -0.010801 -0.650718
v 0.055008 -0.009680 -0.650718
v 0.055005 -0.008672 -0.650718
v 0.055001 -0.007819 -0.650718
v 0.054999 -0.007159 -0.650718
v 0.054997 -0.006734 -0.650718
v 0.054996 -0.006584 -0.650718
v 0.054855 -0.006586 -0.650718
v 0.054466 -0.006592 -0.650718
v 0.053877 -0.006600 -0.650718
v 0.053139 -0.006611 -0.650718
v 0.052302 -0.006624 -0.650718
v 0.051415 -0.006637 -0.650718
v 0.050528 -0.006650 -0.650718
v 0.049691 -0.006662 -0.650718
v 0.048953 -0.006673 -0.650718
v 0.048365 -0.006682 -0.650718
v 0.047975 -0.006688 -0.650718
v 0.047834 -0.006690 -0.650718
v 0.047833 -0.006552 -0.650718
v 0.047830 -0.006166 -0.650718
v 0.047827 -0.005570 -0.650718
v 0.047822 -0.004804 -0.650718
v 0.047818 -0.003908 -0.650718
v 0.047814 -0.002920 -0.650718
v 0.047812 -0.001880 -0.650718
v 0.047811 -0.000826 -0.650718
v 0.047812 0.000200 -0.650718
v 0.047816 0.001161 -0.650718
v 0.047823 0.002017 -0.650718
v 0.047834 0.002728 -0.650718
v 0.047978 0.002724 -0.650718
v 0.048377 0.002714 -0.650718
v 0.048978 0.002699 -0.650718
v 0.049733 0.002682 -0.650718
v 0.050589 0.002665 -0.650718
v 0.051497 0.002651 -0.650718
v 0.052405 0.002642 -0.650718
v 0.053262 0.002639 -0.650718
v 0.054018 0.002646 -0.650718
v 0.054623 0.002665 -0.650718
v 0.055024 0.002697 -0.650718
v 0.055173 0.002746 -0.650718
v 0.055180 0.003119 -0.650718
v 0.055184 0.003616 -0.650718
v 0.055186 0.004212 -0.650718
v 0.055188 0.004884 -0.650718
v 0.055189 0.005610 -0.650718
v 0.055190 0.006366 -0.650718
v 0.055193 0.007128 -0.650718
v 0.055199 0.007874 -0.650718
v 0.055207 0.008579 -0.650718
v 0.055220 0.009222 -0.650718
v 0.055237 0.009778 -0.650718
v 0.055261 0.010224 -0.650718
v 0.055183 0.010251 -0.650718
v 0.054954 0.010294 -0.650718
v 0.054603 0.010359 -0.650718
v 0.054159 0.010452 -0.650718
v 0.053654 0.010580 -0.650718
v 0.053117 0.010749 -0.650718
v 0.052579 0.010965 -0.650718
v 0.052070 0.011236 -0.650718
v 0.051619 0.011568 -0.650718
v 0.051257 0.011967 -0.650718
v 0.051015 0.012440 -0.650718
v 0.050921 0.012993 -0.650718
v 0.050917 0.013361 -0.650718
v 0.050914 0.013844 -0.650718
v 0.050912 0.014419 -0.650718
v 0.050911 0.015067 -0.650718
v 0.050911 0.015765 -0.650718
v 0.050912 0.016494 -0.650718
v 0.050915 0.017231 -0.650718
v 0.050920 0.017956 -0.650718
v 0.050926 0.018647 -0.650718
v 0.050934 0.019285 -0.650718
v 0.050944 0.019847 -0.650718
v 0.050957 0.020312 -0.650718
v 0.050960 0.020456 -0.650718
v 0.050963 0.020761 -0.650718
v 0.050964 0.021196 -0.650718
v 0.050964 0.021727 -0.650718
v 0.050964 0.022323 -0.650718
v 0.050963 0.022951 -0.650718
v 0.050962 0.023579 -0.650718
v 0.050960 0.024176 -0.650718
v 0.050959 0.024709 -0.650718
v 0.050958 0.025146 -0.650718
v 0.050957 0.025455 -0.650718
v 0.050956 0.025603 -0.650718
v 0.050902 0.025833 -0.650718
v 0.050736 0.026057 -0.650718
v 0.050481 0.026275 -0.650718
v 0.050158 0.026486 -0.650718
v 0.049790 0.026691 -0.650718
v 0.049400 0.026890 -0.650718
v 0.049008 0.027084 -0.650718
v 0.048638 0.027271 -0.650718
v 0.048312 0.027453 -0.650718
v 0.048052 0.027629 -0.650718
v 0.047879 0.027800 -0.650718
v 0.047816 0.027966 -0.650718
v 0.047822 0.028114 -0.650718
v 0.047836 0.028243 -0.650718
v 0.047858 0.028356 -0.650718
v 0.047885 0.028458 -0.650718
v 0.047916 0.028552 -0.650718
v 0.047949 0.028641 -0.650718
v 0.047982 0.028729 -0.650718
v 0.048013 0.028821 -0.650718
v 0.048040 0.028919 -0.650718
v 0.048062 0.029027 -0.650718
v 0.048076 0.029149 -0.650718
v 0.048081 0.029289 -0.650718
v 0.048075 0.029429 -0.650718
v 0.048059 0.029554 -0.650718
v 0.048034 0.029666 -0.650718
v 0.048003 0.029768 -0.650718
v 0.047968 0.029866 -0.650718
v 0.047931 0.029961 -0.650718
v 0.047894 0.030059 -0.650718
v 0.047859 0.030162 -0.650718
v 0.047828 0.030274 -0.650718
v 0.047803 0.030398 -0.650718
v 0.047787 0.030539 -0.650718
v 0.047781 0.030700 -0.650718
v 0.047781 0.030890 -0.650718
v 0.047780 0.031118 -0.650718
v 0.047778 0.031378 -0.650718
v 0.047777 0.031661 -0.650718
v 0.047775 0.031960 -0.650718
v 0.047772 0.032265 -0.650718
v 0.047770 0.032570 -0.650718
v 0.047768 0.032866 -0.650718
v 0.047766 0.033145 -0.650718
v 0.047765 0.033400 -0.650718
v 0.047764 0.033622 -0.650718
v 0.047764 0.033804 -0.650718
v 0.047774 0.033968 -0.650718
v 0.047804 0.034132 -0.650718
v 0.047847 0.034296 -0.650718
v 0.047901 0.034459 -0.650718
v 0.047960 0.034620 -0.650718
v 0.048022 0.034778 -0.650718
v 0.048080 0.034933 -0.650718
v 0.048132 0.035083 -0.650718
v 0.048173 0.035227 -0.650718
v 0.048198 0.035366 -0.650718
v 0.048205 0.035497 -0.650718
v 0.048187 0.035620 -0.650718
v 0.048153 0.035754 -0.650718
v 0.048113 0.035882 -0.650718
v 0.048069 0.036005 -0.650718
v 0.048022 0.036127 -0.650718
v 0.047975 0.036249 -0.650718
v 0.047929 0.036372 -0.650718
v 0.047885 0.036499 -0.650718
v 0.047846 0.036630 -0.650718
v 0.047812 0.036769 -0.650718
v 0.047786 0.036916 -0.650718
v 0.047770 0.037073 -0.650718
v 0.047764 0.037243 -0.650718
v 0.047770 0.037415 -0.650718
v 0.047788 0.037580 -0.650718
v 0.047816 0.037739 -0.650718
v 0.047850 0.037894 -0.650718
v 0.047890 0.038047 -0.650718
v 0.047931 0.038198 -0.650718
v 0.047973 0.038349 -0.650718
v 0.048012 0.038502 -0.650718
v 0.048046 0.038659 -0.650718
v 0.048074 0.038821 -0.650718
v 0.048092 0.038989 -0.650718
v 0.048099 0.039165 -0.650718
v 0.048092 0.039352 -0.650718
v 0.048074 0.039548 -0.650718
v 0.048046 0.039752 -0.650718
v 0.048012 0.039963 -0.650718
v 0.047973 0.040178 -0.650718
v 0.047931 0.040396 -0.650718
v 0.047890 0.040614 -0.650718
v 0.047850 0.040831 -0.650718
v 0.047816 0.041045 -0.650718
v 0.047788 0.041255 -0.650718
v 0.047770 0.041458 -0.650718
v 0.047764 0.041652 -0.650718
v 0.047776 0.041836 -0.650718
v 0.047813 0.042001 -0.650718
v 0.047872 0.042147 -0.650718
v 0.047950 0.042275 -0.650718
v 0.048046 0.042386 -0.650718
v 0.048156 0.042479 -0.650718
v 0.048279 0.042556 -0.650718
v 0.048412 0.042616 -0.650718
v 0.048552 0.042662 -0.650718
v 0.048699 0.042692 -0.650718
v 0.048848 0.042708 -0.650718
v 0.048998 0.042710 -0.650718
v 0.049320 0.042707 -0.650718
v 0.049641 0.042704 -0.650718
v 0.049961 0.042703 -0.650718
v 0.050282 0.042703 -0.650718
v 0.050601 0.042703 -0.650718
v 0.050921 0.042704 -0.650718
v 0.051241 0.042705 -0.650718
v 0.051561 0.042706 -0.650718
v 0.051881 0.042708 -0.650718
v 0.052201 0.042709 -0.650718
v 0.052522 0.042710 -0.650718
v 0.052844 0.042710 -0.650718
v 0.052977 0.042702 -0.650718
v 0.053102 0.042677 -0.650718
v 0.053218 0.042636 -0.650718
v 0.053325 0.042581 -0.650718
v 0.053423 0.042513 -0.650718
v 0.053510 0.042433 -0.650718
v 0.053586 0.042341 -0.650718
v 0.053650 0.042240 -0.650718
v 0.053702 0.042130 -0.650718
v 0.053742 0.042012 -0.650718
v 0.053767 0.041888 -0.650718
v 0.053779 0.041758 -0.650718
v 0.053784 0.041634 -0.650718
v 0.053791 0.041510 -0.650718
v 0.053799 0.041385 -0.650718
v 0.053810 0.041260 -0.650718
v 0.053822 0.041135 -0.650718
v 0.053836 0.041011 -0.650718
v 0.053853 0.040886 -0.650718
v 0.053872 0.040762 -0.650718
v 0.053893 0.040639 -0.650718
v 0.053917 0.040517 -0.650718
v 0.053944 0.040396 -0.650718
v 0.053973 0.040277 -0.650718
v 0.054064 0.039868 -0.650718
v 0.054163 0.039462 -0.650718
v 0.054271 0.039060 -0.650718
v 0.054389 0.038662 -0.650718
v 0.054519 0.038270 -0.650718
v 0.054663 0.037885 -0.650718
v 0.054822 0.037506 -0.650718
v 0.054997 0.037135 -0.650718
v 0.055191 0.036772 -0.650718
v 0.055404 0.036419 -0.650718
v 0.055639 0.036076 -0.650718
v 0.055896 0.035744 -0.650718
v 0.056003 0.035612 -0.650718
v 0.056112 0.035481 -0.650718
v 0.056223 0.035351 -0.650718
v 0.056335 0.035222 -0.650718
v 0.056450 0.035094 -0.650718
v 0.056566 0.034968 -0.650718
v 0.056684 0.034843 -0.650718
v 0.056803 0.034720 -0.650718
v 0.056923 0.034598 -0.650718
v 0.057044 0.034478 -0.650718
v 0.057166 0.034361 -0.650718
v 0.057289 0.034245 -0.650718
v 0.057583 0.033965 -0.650718
v 0.057880 0.033690 -0.650718
v 0.058177 0.033416 -0.650718
v 0.058472 0.033140 -0.650718
v 0.058762 0.032860 -0.650718
v 0.059045 0.032574 -0.650718
v 0.059317 0.032278 -0.650718
v 0.059576 0.031969 -0.650718
v 0.059820 0.031646 -0.650718
v 0.060045 0.031305 -0.650718
v 0.060249 0.030943 -0.650718
v 0.060429 0.030559 -0.650718
v 0.060585 0.030104 -0.650718
v 0.060683 0.029616 -0.650718
v 0.060726 0.029106 -0.650718
v 0.060715 0.028581 -0.650718
v 0.060652 0.028050 -0.650718
v 0.060540 0.027521 -0.650718
v 0.060379 0.027003 -0.650718
v 0.060173 0.026505 -0.650718
v 0.059923 0.026035 -0.650718
v 0.059631 0.025602 -0.650718
v 0.059300 0.025214 -0.650718
v 0.058930 0.024880 -0.650718
v 0.058764 0.024742 -0.650718
v 0.058581 0.024575 -0.650718
v 0.058386 0.024380 -0.650718
v 0.058184 0.024158 -0.650718
v 0.057984 0.023909 -0.650718
v 0.057790 0.023634 -0.650718
v 0.057609 0.023334 -0.650718
v 0.057447 0.023009 -0.650718
v 0.057310 0.022660 -0.650718
v 0.057205 0.022288 -0.650718
v 0.057137 0.021893 -0.650718
v 0.057113 0.021476 -0.650718
v 0.057136 0.021082 -0.650718
v 0.057202 0.020726 -0.650718
v 0.057311 0.020404 -0.650718
v 0.057458 0.020111 -0.650718
v 0.057642 0.019843 -0.650718
v 0.057860 0.019595 -0.650718
v 0.058111 0.019363 -0.650718
v 0.058391 0.019143 -0.650718
v 0.058698 0.018929 -0.650718
v 0.059030 0.018717 -0.650718
v 0.059385 0.018504 -0.650718
v 0.059759 0.018284 -0.650718
v 0.060340 0.017922 -0.650718
v 0.060842 0.017569 -0.650718
v 0.061271 0.017226 -0.650718
v 0.061633 0.016893 -0.650718
v 0.061932 0.016572 -0.650718
v 0.062174 0.016262 -0.650718
v 0.062363 0.015966 -0.650718
v 0.062507 0.015683 -0.650718
v 0.062609 0.015414 -0.650718
v 0.062676 0.015161 -0.650718
v 0.062712 0.014924 -0.650718
v 0.062723 0.014704 -0.650718
v 0.062723 0.012904 -0.650718
v 0.062725 0.009625 -0.650718
v 0.062728 0.005176 -0.650718
v 0.062732 -0.000133 -0.650718
v 0.062736 -0.005993 -0.650718
v 0.062740 -0.012095 -0.650718
v 0.062745 -0.018130 -0.650718
v 0.062749 -0.023787 -0.650718
v 0.062752 -0.028759 -0.650718
v 0.062755 -0.032734 -0.650718
v 0.062757 -0.035404 -0.650718
vn -1.0000 -0.0000 -0.0000
vn -1.0000 -0.0000 -0.0001
vn -1.0000 -0.0000 -0.0003
vn -1.0000 -0.0000 0.0001
vn -1.0000 -0.0000 0.0002
vn -1.0000 -0.0000 -0.0002
vn -1.0000 -0.0000 -0.0006
vn -0.0000 0.0546 -0.9985
vn -0.0000 -0.9830 -0.1836
vn -0.0000 -0.2723 0.9622
vn -0.0000 -0.3614 -0.9324
vn -0.0000 0.6811 0.7322
vn -0.0000 -0.8366 -0.5479
vn -0.0000 -0.0026 -1.0000
vn -0.0000 -0.9999 0.0147
vn -0.0000 -0.5956 -0.8033
vn -0.0000 0.4919 0.8706
vn -0.0000 0.0021 -1.0000
vn -0.0000 -0.0014 -1.0000
vn -0.0000 0.9250 -0.3801
vn -0.0000 -0.9432 -0.3322
vn -0.0000 0.8207 0.5714
vn -0.0000 0.2146 0.9767
vn -0.0000 0.0127 -0.9999
vn -0.0000 0.2716 -0.9624
vn -0.0000 -0.0043 -1.0000
vn -0.0000 -0.0042 -1.0000
vn -0.0000 0.7350 0.6780
vn -0.0000 0.9995 -0.0307
vn -0.0000 -0.0074 -1.0000
vn -0.0000 -0.3619 -0.9322
vn -0.0000 0.0577 0.9983
vn -0.0000 -0.9996 0.0280
vn -0.0000 0.9996 0.0266
vn -0.0000 0.0676 0.9977
vn -0.0000 0.0650 -0.9979
vn -0.0000 -0.0012 -1.0000
vn -0.0000 -0.6276 0.7785
vn -0.0000 -0.0065 -1.0000
vn -0.0000 1.0000 0.0027
vn -0.0000 0.6855 0.7281
vn -0.0000 0.8981 -0.4398
vn -0.0000 -0.8008 -0.5989
vn -0.0000 0.1964 -0.9805
vn -0.0000 0.6396 0.7687
vn -0.0000 -0.0068 -1.0000
vn -0.0000 0.3534 -0.9355
vn -0.0000 -0.0038 -1.0000
vn -0.0000 -0.9299 -0.3677
vn -0.0000 -0.2661 -0.9639
vn -0.0000 0.1114 -0.9938
vn -0.0000 0.0454 -0.9990
vn -0.0000 -0.9204 0.3910
vn -0.0000 1.0000 -0.0026
vn -0.0000 -0.8909 -0.4542
vn -0.0000 -0.9538 -0.3003
vn -0.0000 -0.9999 0.0117
vn -0.0000 -0.0175 0.9998
vn -0.0000 0.3560 0.9345
vn -0.0000 -0.0432 -0.9991
vn -0.0000 -0.0417 -0.9991
vn -0.0000 1.0000 0.0043
vn -0.0000 -0.9990 -0.0457
vn -0.0000 0.2589 0.9659
vn -0.0000 0.3139 -0.9495
vn -0.0000 0.3236 0.9462
vn -0.0000 0.0197 -0.9998
vn -0.0000 0.8480 -0.5300
vn -0.0000 -0.5170 0.8560
vn -0.0000 -0.8735 -0.4868
vn -0.0000 0.9203 -0.3912
vn -0.0000 0.3291 -0.9443
vn -0.0000 -0.7928 -0.6095
vn -0.0000 0.1323 0.9912
vn -0.0000 -0.9999 0.0148
vn -0.0000 0.0087 -1.0000
vn -0.0000 -0.0893 -0.9960
vn -0.0000 -0.2296 -0.9733
vn -0.0000 0.5660 0.8244
vn -0.0000 -0.0358 -0.9994
vn -0.0000 0.9672 -0.2541
vn -0.0000 -0.1339 -0.9910
vn -0.0000 -0.0005 -1.0000
vn -0.0000 0.0007 1.0000
vn -0.0000 -0.8387 -0.5446
vn -0.0000 -0.2212 -0.9752
vn -0.0000 -0.3649 0.9310
vn -0.0000 0.2642 -0.9645
vn -0.0000 0.2019 -0.9794
vn -0.0000 0.0091 -1.0000
vn -0.0000 0.7028 0.7114
vn -0.0000 0.0042 -1.0000
vn -0.0000 0.1362 -0.9907
vn -0.0000 0.0146 -0.9999
vn -0.0000 -0.7680 0.6404
vn -0.0000 -0.1061 -0.9944
vn -0.0000 0.9442 0.3293
vn -0.0000 -0.9533 -0.3019
vn -0.0000 -0.1635 -0.9865
vn -0.0000 -0.0070 -1.0000
vn -0.0000 -0.3346 -0.9424
vn -0.0000 0.0362 -0.9993
vn -0.0000 -0.1173 0.9931
vn -0.0000 -0.4873 -0.8733
vn -0.0000 1.0000 -0.0039
vn -0.0000 0.3153 0.9490
vn -0.0000 -0.0110 -0.9999
vn -0.0000 -0.9559 -0.2938
vn -0.0000 -0.8450 -0.5348
vn -0.0000 0.3547 -0.9350
vn -0.0000 0.9253 -0.3793
vn -0.0000 0.1713 0.9852
vn -0.0000 0.6017 0.7987
vn -0.0000 -0.8123 -0.5832
vn -0.0000 0.2541 0.9672
vn -0.0000 0.9943 -0.1071
vn -0.0000 -0.9695 -0.2453
vn -0.0000 0.0389 -0.9992
vn -0.0000 0.9230 -0.3847
vn -0.0000 0.3729 -0.9279
vn -0.0000 0.9672 -0.2540
vn -0.0000 0.7244 0.6894
vn -0.0000 0.0415 0.9991
vn -0.0000 -0.8246 -0.5658
vn -0.0000 0.8183 0.5748
vn -0.0000 0.2910 -0.9567
vn -0.0000 -0.0054 -1.0000
vn -0.0000 0.0121 -0.9999
vn -0.0000 -0.1869 -0.9824
vn -0.0000 0.6571 -0.7538
vn -0.0000 0.7198 0.6942
vn -0.0000 -0.2432 -0.9700
vn -0.0000 0.8196 0.5730
vn -0.0000 0.1073 -0.9942
vn -0.0000 0.0204 -0.9998
vn -0.0000 0.2027 0.9792
vn -0.0000 -0.9738 -0.2275
vn -0.0000 0.1892 -0.9819
vn -0.0000 0.1708 -0.9853
vn -0.0000 0.5282 -0.8491
vn -0.0000 -0.3569 -0.9341
vn -0.0000 0.6612 0.7502
vn -0.0000 0.1148 -0.9934
vn -0.0000 0.4711 0.8821
vn -0.0000 0.0192 -0.9998
vn -0.0000 -0.3262 -0.9453
vn -0.0000 1.0000 -0.0045
vn -0.0000 -0.9998 -0.0213
vn -0.0000 0.6297 0.7769
vn -0.0000 -0.8863 -0.4631
vn -0.0000 -0.0041 -1.0000
vn -0.0000 0.1171 -0.9931
vn -0.0000 0.0464 -0.9989
vn -0.0000 -0.2390 -0.9710
vn -0.0000 0.9999 0.0156
vn -0.0000 -0.8735 -0.4869
vn -0.0000 0.9999 0.0115
vn -0.0000 -1.0000 0.0083
vn -0.0000 0.2567 -0.9665
vn -0.0000 0.9196 -0.3930
vn -0.0000 0.1879 -0.9822
vn -0.0000 -0.2316 0.9728
vn -0.0000 -0.2504 -0.9682
vn -0.0000 0.2182 0.9759
vn -0.0000 -0.7401 0.6725
vn -0.0000 0.6544 -0.7561
vn -0.0000 0.7336 0.6796
vn -0.0000 -0.8966 -0.4428
vn -0.0000 0.0011 -1.0000
vn -0.0000 0.3656 -0.9308
vn -0.0000 -0.0030 -1.0000
vn -0.0000 -0.0072 -1.0000
vn -0.0000 -0.1591 -0.9873
vn -0.0000 0.9098 -0.4151
vn -0.0000 -0.8826 -0.4701
vn -0.0000 0.0492 0.9988
vn -0.0000 0.0977 0.9952
vn -0.0000 -0.1153 -0.9933
vn -0.0000 -0.9276 -0.3737
vn -0.0000 0.0030 -1.0000
vn -0.0000 -0.2082 0.9781
vn -0.0000 -0.0356 -0.9994
vn -0.0000 0.0041 -1.0000
vn -0.0000 -0.1141 -0.9935
vn -0.0000 0.9517 -0.3072
vn -0.0000 0.2491 -0.9685
vn -0.0000 0.4282 0.9037
vn -0.0000 -0.9984 0.0573
vn -0.0000 -0.2151 -0.9766
vn -0.0000 0.1430 -0.9897
vn -0.0000 -0.2355 -0.9719
vn -0.0000 -0.6915 -0.7224
vn -0.0000 0.9358 -0.3524
vn -0.0000 0.5510 0.8345
vn -0.0000 -0.2490 -0.9685
vn -0.0000 -0.9988 -0.0498
vn -0.0000 -0.4567 -0.8896
vn -0.0000 0.3473 -0.9378
vn -0.0000 -0.9385 -0.3452
vn -0.0000 -0.8236 0.5671
vn -0.0000 0.3467 -0.9380
vn -0.0000 0.7330 0.6803
vn -0.0000 -0.7102 -0.7040
vn -0.0000 -0.7967 -0.6044
vn -0.0000 0.6765 0.7364
vn -0.0000 -0.7613 -0.6484
vn -0.0000 0.4524 0.8918
vn -0.0000 0.0036 -1.0000
vn -0.0000 0.0390 -0.9992
vn -0.0000 -0.9835 -0.1808
vn -0.0000 -0.1632 -0.9866
vn -0.0000 -0.0020 -1.0000
vn -0.0000 -0.0018 -1.0000
vn -0.0000 0.5168 0.8561
vn -0.0000 0.8621 0.5068
vn -0.0000 0.6138 -0.7895
vn -0.0000 0.0179 -0.9998
vn -0.0000 -0.9982 -0.0599
vn -0.0000 -0.3388 -0.9408
vn -0.0000 -0.5230 -0.8523
vn -0.0000 0.4494 0.8933
vn -0.0000 0.9968 -0.0805
vn -0.0000 -0.9991 -0.0417
vn -0.0000 0.2366 0.9716
vn -0.0000 0.2683 -0.9633
vn -0.0000 0.0440 -0.9990
vn -0.0000 -0.4463 0.8949
vn -0.0000 0.9997 0.0247
vn -0.0000 -0.9726 0.2325
vn -0.0000 -0.7420 0.6704
vn -0.0000 0.1138 0.9935
vn -0.0000 0.0352 -0.9994
vn -0.0000 0.9023 -0.4310
vn -0.0000 0.0013 -1.0000
vn -0.0000 0.0383 -0.9993
vn -0.0000 -0.0649 0.9979
vn -0.0000 -0.8733 -0.4873
vn -0.0000 0.6678 0.7444
vn -0.0000 -0.0210 0.9998
vn -0.0000 -0.0028 -1.0000
vn -0.0000 0.3158 0.9488
vn -0.0000 0.7356 0.6774
vn -0.0000 0.0255 -0.9997
vn -0.0000 0.9331 -0.3597
vn -0.0000 0.0315 -0.9995
vn -0.0000 0.7853 0.6191
vn -0.0000 0.5643 0.8256
vn -0.0000 0.9804 0.1973
vn -0.0000 0.0039 -1.0000
vn -0.0000 0.0003 -1.0000
vn -0.0000 0.6433 0.7656
vn -0.0000 1.0000 -0.0028
vn -0.0000 0.0079 -1.0000
vn -0.0000 -0.0574 0.9983
vn -0.0000 0.9999 0.0103
vn -0.0000 0.7287 0.6848
vn -0.0000 0.8291 -0.5591
vn -0.0000 0.0006 1.0000
vn -0.0000 -0.0031 -1.0000
vn -0.0000 0.9791 -0.2036
vn -0.0000 -0.8053 -0.5929
vn -0.0000 -0.5216 -0.8532
vn -0.0000 -0.6710 0.7415
vn -0.0000 0.2190 -0.9757
vn -0.0000 0.6583 0.7528
vn -0.0000 0.2739 -0.9618
vn -0.0000 0.6156 0.7880
vn -0.0000 -0.1873 -0.9823
vn -0.0000 -0.9420 -0.3355
vn -0.0000 0.0426 -0.9991
vn -0.0000 -0.3822 0.9241
vn -0.0000 0.1683 -0.9857
vn -0.0000 -0.0063 -1.0000
vn -0.0000 -0.9989 -0.0473
vn -0.0000 -0.2513 -0.9679
vn -0.0000 0.8435 0.5372
vn -0.0000 0.4273 0.9041
vn -0.0000 0.0014 -1.0000
vn -0.0000 0.7667 -0.6421
vn -0.0000 0.1097 -0.9940
vn -0.0000 0.1181 -0.9930
vn -0.0000 0.4248 0.9053
vn -0.0000 0.1841 0.9829
vn -0.0000 -0.3513 -0.9363
vn -0.0000 1.0000 -0.0093
vn -0.0000 0.2387 0.9711
vn -0.0000 0.0184 -0.9998
vn -0.0000 0.9258 -0.3780
vn -0.0000 -0.5765 0.8171
vn -0.0000 0.1816 -0.9834
vn -0.0000 0.9996 0.0281
vn -0.0000 0.0825 0.9966
vn -0.0000 -0.9530 -0.3029
vn -0.0000 0.1751 -0.9845
vn -0.0000 0.7307 0.6827
vn -0.0000 -0.8243 -0.5662
vn -0.0000 0.0084 -1.0000
vn -0.0000 -0.5587 0.8294
vn -0.0000 -0.8094 -0.5873
vn -0.0000 -0.0048 -1.0000
vn -0.0000 0.5363 0.8440
vn -0.0000 -0.1936 -0.9811
vn -0.0000 0.8253 -0.5647
vn -0.0000 0.6942 0.7198
vn -0.0000 -0.1305 -0.9915
vn -0.0000 -0.0001 -1.0000
vn -0.0000 -1.0000 -0.0063
vn -0.0000 -0.4781 -0.8783
vn -0.0000 0.1977 0.9803
vn -0.0000 0.3449 -0.9386
vn -0.0000 1.0000 -0.0011
vn -0.0000 -0.9992 -0.0391
vn -0.0000 0.6123 0.7906
vn -0.0000 0.4407 -0.8977
vn -0.0000 -0.8281 -0.5606
vn -0.0000 1.0000 0.0011
vn -0.0000 -0.3611 0.9325
vn -0.0000 0.7019 0.7123
vn -0.0000 -0.1389 -0.9903
vn -0.0000 0.0019 -1.0000
vn -0.0000 -0.9999 0.0144
vn -0.0000 -0.0019 -1.0000
vn -0.0000 0.9095 -0.4157
vn -0.0000 0.9594 -0.2821
vn -0.0000 -0.3876 -0.9218
vn -0.0000 0.0007 -1.0000
vn -0.0000 0.7116 0.7026
vn -0.0000 -0.0339 -0.9994
vn -0.0000 0.0062 -1.0000
vn -0.0000 0.3615 -0.9324
vn -0.0000 0.1506 0.9886
vn -0.0000 -0.1617 -0.9868
vn -0.0000 0.9159 -0.4013
vn -0.0000 0.6397 0.7686
vn -0.0000 -0.1038 -0.9946
vn -0.0000 0.2693 -0.9631
vn -0.0000 0.9085 -0.4178
vn -0.0000 0.0895 0.9960
vn -0.0000 0.2473 -0.9689
vn -0.0000 0.9618 -0.2738
vn -0.0000 -0.1755 -0.9845
vn -0.0000 0.3492 0.9371
vn -0.0000 -0.0349 -0.9994
vn -0.0000 -0.1667 -0.9860
vn -0.0000 0.8898 0.4563
vn -0.0000 0.8808 -0.4736
vn -0.0000 0.1445 -0.9895
vn -0.0000 0.0302 -0.9995
vn -0.0000 -0.3556 -0.9347
vn -0.0000 -0.4735 -0.8808
vn -0.0000 -0.9787 -0.2051
vn -0.0000 0.5393 0.8421
vn -0.0000 0.0301 -0.9995
vn -0.0000 0.1917 0.9815
vn -0.0000 0.3268 -0.9451
vn -0.0000 0.9234 -0.3839
vn -0.0000 -0.9519 -0.3063
vn -0.0000 -0.0024 -1.0000
vn -0.0000 0.8488 0.5287
vn -0.0000 -0.4696 0.8829
vn -0.0000 0.0261 -0.9997
vn -0.0000 -0.8030 -0.5959
vn -0.0000 0.0546 0.9985
vn -0.0000 -0.0067 -1.0000
vn -0.0000 0.0073 -1.0000
vn -0.0000 0.9999 -0.0151
vn -0.0000 0.9690 -0.2472
vn -0.0000 -0.8322 -0.5544
vn -0.0000 0.8566 0.5160
vn -0.0000 -0.0010 -1.0000
vn -0.0000 0.5217 -0.8531
vn -0.0000 0.9503 -0.3113
vn -0.0000 0.1211 -0.9926
vn -0.0000 -0.0017 -1.0000
vn -0.0000 0.7348 0.6783
vn -0.0000 0.3186 0.9479
vn -0.0000 0.2740 -0.9617
vn -0.0000 -0.3223 -0.9466
vn -0.0000 1.0000 -0.0041
vn -0.0000 -0.9893 -0.1461
vn -0.0000 -0.1774 -0.9841
vn -0.0000 0.0407 -0.9992
vn -0.0000 0.0370 -0.9993
vn -0.0000 0.9998 0.0224
vn -0.0000 0.2177 -0.9760
vn -0.0000 -0.9995 -0.0329
vn -0.0000 -0.5164 0.8564
vn -0.0000 1.0000 0.0074
vn -0.0000 0.0377 -0.9993
vn -0.0000 -0.3378 -0.9412
vn -0.0000 -0.6499 0.7600
vn -0.0000 -0.2619 -0.9651
vn -0.0000 -0.8829 -0.4695
vn -0.0000 0.7635 -0.6458
vn -0.0000 0.2175 -0.9761
vn -0.0000 0.1499 0.9887
vn -0.0000 -0.0835 -0.9965
vn -0.0000 0.2593 -0.9658
vn -0.0000 0.0586 -0.9983
vn -0.0000 0.0522 -0.9986
vn -0.0000 -0.1305 -0.9914
vn -0.0000 -0.9945 0.1051
vn -0.0000 -0.2869 -0.9580
vn -0.0000 0.7810 0.6245
vn -0.0000 0.3408 -0.9401
vn -0.0000 -0.8919 -0.4522
vn -0.0000 0.0865 -0.9963
vn -0.0000 -0.0921 -0.9957
vn -0.0000 -0.1342 0.9910
vn -0.0000 0.0831 0.9965
vn -0.0000 0.1130 -0.9936
vn -0.0000 -0.2096 -0.9778
vn -0.0000 -0.1413 -0.9900
vn -0.0000 -0.9233 -0.3840
vn -0.0000 0.9979 0.0649
vn -0.0000 0.9998 0.0195
vn -0.0000 -0.8620 -0.5069
vn -0.0000 0.0080 -1.0000
vn -0.0000 0.3131 -0.9497
vn -0.0000 0.2651 -0.9642
vn -0.0000 0.0437 -0.9990
vn -0.0000 -0.8552 -0.5184
vn -0.0000 0.0207 -0.9998
vn -0.0000 -0.1690 0.9856
vn -0.0000 -0.0401 -0.9992
vn -0.0000 0.6767 0.7363
vn -0.0000 1.0000 -0.0009
vn -0.0000 -0.4228 -0.9062
vn -0.0000 0.0020 -1.0000
vn -0.0000 -0.1740 -0.9847
vn -0.0000 0.9519 -0.3064
vn -0.0000 0.1325 -0.9912
vn -0.0000 -0.7954 -0.6060
vn -0.0000 -0.0035 -1.0000
vn -0.0000 -0.0366 -0.9993
vn -0.0000 0.7199 0.6941
vn -0.0000 0.0694 -0.9976
vn -0.0000 -0.2986 -0.9544
vn -0.0000 -0.9058 -0.4238
vn -0.0000 -0.8179 -0.5754
vn -0.0000 0.1326 -0.9912
vn -0.0000 0.0157 -0.9999
vn -0.0000 -0.1791 -0.9838
vn -0.0000 -0.7082 0.7060
vn -0.0000 0.0461 -0.9989
vn -0.0000 -0.2649 -0.9643
vn -0.0000 0.3609 -0.9326
vn -0.0000 -0.6717 -0.7409
vn -0.0000 -0.2876 -0.9578
vn -0.0000 0.6490 0.7608
vn -0.0000 0.2149 -0.9766
vn -0.0000 -0.0057 -1.0000
vn -0.0000 -0.9064 -0.4224
vn -0.0000 0.0004 1.0000
vn -0.0000 -0.9995 0.0330
vn -0.0000 0.0917 -0.9958
vn -0.0000 -0.2957 0.9553
vn -0.0000 0.3208 -0.9472
vn -0.0000 0.2850 0.9585
vn -0.0000 -0.9988 -0.0495
vn -0.0000 -0.0055 -1.0000
vn -0.0000 -0.3529 -0.9357
vn -0.0000 0.6941 -0.7198
vn -0.0000 0.9148 -0.4038
vn -0.0000 -0.7932 -0.6090
vn -0.0000 -0.8245 -0.5659
vn -0.0000 0.0413 0.9991
vn -0.0000 0.9672 -0.2539
vn -0.0000 -0.9694 -0.2453
vn -0.0000 0.6944 0.7196
vn -0.0000 0.1710 0.9853
vn -0.0000 0.9252 -0.3794
vn -0.0000 0.3549 -0.9349
vn -0.0000 0.0085 -1.0000
vn -0.0000 -0.0044 -1.0000
vn -0.0000 -0.4873 -0.8732
vn -0.0000 -0.3344 -0.9424
vn -0.0000 -0.1636 -0.9865
vn -0.0000 -0.1062 -0.9943
vn -0.0000 0.1363 -0.9907
vn -0.0000 0.7026 0.7115
vn -0.0000 0.4247 0.9053
vn -0.0000 0.0090 -1.0000
vn -0.0000 0.2647 -0.9643
vn -0.0000 -0.2213 -0.9752
vn -0.0000 -0.0006 -1.0000
vn -0.0000 -0.0361 -0.9993
vn -0.0000 -0.0064 -1.0000
vn -0.0000 -0.0892 -0.9960
vn -0.0000 0.3289 -0.9443
vn -0.0000 0.3237 0.9462
vn -0.0000 -0.0421 -0.9991
vn -0.0000 -0.0434 -0.9991
vn -0.0000 -0.0178 0.9998
vn -0.0000 -0.9205 0.3908
vn -0.0000 0.1113 -0.9938
vn -0.0000 -0.0575 0.9983
vn -0.0000 -0.2658 -0.9640
vn -0.0000 -0.0069 -1.0000
vn -0.0000 0.6399 0.7685
vn -0.0000 0.1970 -0.9804
vn -0.0000 0.8981 -0.4397
vn -0.0000 -0.6277 0.7785
vn -0.0000 0.0649 -0.9979
vn -0.0000 0.0578 0.9983
vn -0.0000 -0.3625 -0.9320
vn -0.0000 -0.0073 -1.0000
vn -0.0000 0.2714 -0.9625
vn -0.0000 0.2148 0.9767
vn -0.0000 0.8207 0.5713
vn -0.0000 0.9250 -0.3800
vn -0.0000 0.6810 0.7323
vn -0.0000 -0.3615 -0.9324
vn -0.0000 0.0545 -0.9985
vn -0.0000 0.3867 0.9222
vn -0.0000 0.9149 -0.4037
vn -0.0000 0.6941 -0.7199
vn -0.0000 0.2851 0.9585
vn -0.0000 0.0922 -0.9957
vn -0.0000 -0.5233 -0.8522
vn -0.0000 0.2150 -0.9766
vn -0.0000 0.6493 0.7606
vn -0.0000 -0.6716 -0.7409
vn -0.0000 0.3608 -0.9326
vn -0.0000 0.0180 -0.9998
vn -0.0000 -0.1790 -0.9838
vn -0.0000 0.1323 -0.9912
vn -0.0000 -0.8178 -0.5755
vn -0.0000 -0.2992 -0.9542
vn -0.0000 0.0692 -0.9976
vn -0.0000 0.7198 0.6941
vn -0.0000 0.1327 -0.9912
vn -0.0000 0.9519 -0.3065
vn -0.0000 -0.1738 -0.9848
vn -0.0000 -0.7612 -0.6485
vn -0.0000 -0.4227 -0.9063
vn -0.0000 0.6767 0.7362
vn -0.0000 -0.0399 -0.9992
vn -0.0000 -0.7103 -0.7039
vn -0.0000 0.0205 -0.9998
vn -0.0000 0.0434 -0.9991
vn -0.0000 0.2645 -0.9644
vn -0.0000 0.0081 -1.0000
vn -0.0000 0.3479 -0.9376
vn -0.0000 -0.0029 -1.0000
vn -0.0000 -0.2099 -0.9777
vn -0.0000 -0.1338 0.9910
vn -0.0000 0.3407 -0.9402
vn -0.0000 -0.1306 -0.9914
vn -0.0000 0.4279 0.9038
vn -0.0000 0.2591 -0.9659
vn -0.0000 -0.0842 -0.9965
vn -0.0000 0.7636 -0.6457
vn -0.0000 -0.6500 0.7600
vn -0.0000 -0.1154 -0.9933
vn -0.0000 0.0981 0.9952
vn -0.0000 -0.5163 0.8564
vn -0.0000 -0.8826 -0.4702
vn -0.0000 0.0371 -0.9993
vn -0.0000 0.0409 -0.9992
vn -0.0000 -0.3226 -0.9466
vn -0.0000 0.2741 -0.9617
vn -0.0000 -0.2314 0.9729
vn -0.0000 0.3187 0.9478
vn -0.0000 0.7347 0.6784
vn -0.0000 0.2566 -0.9665
vn -0.0000 0.9503 -0.3114
vn -0.0000 -0.8323 -0.5543
vn -0.0000 0.0072 -1.0000
vn -0.0000 -0.0066 -1.0000
vn -0.0000 0.0545 0.9985
vn -0.0000 -0.8031 -0.5959
vn -0.0000 0.4710 0.8821
vn -0.0000 -0.9519 -0.3064
vn -0.0000 0.9234 -0.3838
vn -0.0000 0.1709 -0.9853
vn -0.0000 0.3269 -0.9451
vn -0.0000 0.1918 0.9814
vn -0.0000 0.0203 -0.9998
vn -0.0000 -0.2433 -0.9700
vn -0.0000 -0.3554 -0.9347
vn -0.0000 0.1444 -0.9895
vn -0.0000 0.8808 -0.4735
vn -0.0000 -0.1865 -0.9825
vn -0.0000 0.3491 0.9371
vn -0.0000 0.7243 0.6895
vn -0.0000 -0.1749 -0.9846
vn -0.0000 0.2472 -0.9690
vn -0.0000 0.0392 -0.9992
vn -0.0000 0.9085 -0.4179
vn -0.0000 0.2692 -0.9631
vn -0.0000 0.9942 -0.1071
vn -0.0000 0.6017 0.7988
vn -0.0000 -0.1036 -0.9946
vn -0.0000 0.6395 0.7688
vn -0.0000 0.3617 -0.9323
vn -0.0000 0.7118 0.7024
vn -0.0000 0.0008 -1.0000
vn -0.0000 0.9594 -0.2822
vn -0.0000 -0.1174 0.9931
vn -0.0000 0.9095 -0.4156
vn -0.0000 -0.0022 -1.0000
vn -0.0000 -0.1386 -0.9903
vn -0.0000 -0.3614 0.9324
vn -0.0000 0.9442 0.3292
vn -0.0000 -0.7680 0.6405
vn -0.0000 -0.8281 -0.5605
vn -0.0000 0.0142 -0.9999
vn -0.0000 0.0453 -0.9990
vn -0.0000 0.2018 -0.9794
vn -0.0000 0.3446 -0.9388
vn -0.0000 -0.4785 -0.8781
vn -0.0000 -0.1304 -0.9915
vn -0.0000 0.5659 0.8245
vn -0.0000 0.8252 -0.5648
vn -0.0000 0.0086 -1.0000
vn -0.0000 -0.1937 -0.9811
vn -0.0000 0.5360 0.8442
vn -0.0000 0.1321 0.9912
vn -0.0000 -0.8242 -0.5662
vn -0.0000 0.1754 -0.9845
vn -0.0000 0.0823 0.9966
vn -0.0000 0.1820 -0.9833
vn -0.0000 0.3559 0.9345
vn -0.0000 0.9258 -0.3781
vn -0.0000 0.0183 -0.9998
vn -0.0000 0.2385 0.9712
vn -0.0000 -0.3513 -0.9362
vn -0.0000 0.1840 0.9829
vn -0.0000 0.1178 -0.9930
vn -0.0000 0.1095 -0.9940
vn -0.0000 0.7666 -0.6421
vn -0.0000 0.4274 0.9041
vn -0.0000 0.8434 0.5372
vn -0.0000 0.6852 0.7283
vn -0.0000 -0.0011 -1.0000
vn -0.0000 0.0429 -0.9991
vn -0.0000 -0.9420 -0.3356
vn -0.0000 -0.1877 -0.9822
vn -0.0000 0.6157 0.7880
vn -0.0000 0.6582 0.7529
vn -0.0000 0.2192 -0.9757
vn -0.0000 -0.0049 -1.0000
vn -0.0000 -0.5214 -0.8533
vn -0.0000 -0.8053 -0.5928
vn -0.0000 0.9791 -0.2035
vn -0.0000 0.7288 0.6847
vn -0.0000 -0.6821 0.7312
vn -0.0000 0.0082 -1.0000
vn -0.0000 -0.3526 -0.9358
vn -0.0000 0.3207 -0.9472
vn -0.0000 -0.2958 0.9553
vn -0.0000 0.9803 0.1973
vn -0.0000 -0.0056 -1.0000
vn -0.0000 -0.2877 -0.9577
vn -0.0000 0.0258 -0.9997
vn -0.0000 0.3161 0.9487
vn -0.0000 0.0156 -0.9999
vn -0.0000 0.6678 0.7443
vn -0.0000 -0.9058 -0.4237
vn -0.0000 -0.8733 -0.4872
vn -0.0000 -0.0364 -0.9993
vn -0.0000 0.0382 -0.9993
vn -0.0000 0.9023 -0.4311
vn -0.0000 0.0351 -0.9994
vn -0.0000 0.1139 0.9935
vn -0.0000 -0.9726 0.2326
vn -0.0000 -0.8551 -0.5184
vn -0.0000 0.3129 -0.9498
vn -0.0000 0.0441 -0.9990
vn -0.0000 0.2681 -0.9634
vn -0.0000 -0.9234 -0.3839
vn -0.0000 0.2365 0.9716
vn -0.0000 -0.1410 -0.9900
vn -0.0000 0.1127 -0.9936
vn -0.0000 0.0867 -0.9962
vn -0.0000 -0.3389 -0.9408
vn -0.0000 -0.2867 -0.9580
vn -0.0000 0.0521 -0.9986
vn -0.0000 0.0585 -0.9983
vn -0.0000 0.6139 -0.7894
vn -0.0000 0.1500 0.9887
vn -0.0000 -0.0021 -1.0000
vn -0.0000 -0.2618 -0.9651
vn -0.0000 -0.1630 -0.9866
vn -0.0000 0.2179 -0.9760
vn -0.0000 0.0035 -1.0000
vn -0.0000 0.4525 0.8918
vn -0.0000 -0.1775 -0.9841
vn -0.0000 0.6766 0.7364
vn -0.0000 0.7330 0.6802
vn -0.0000 0.1208 -0.9927
vn -0.0000 0.5216 -0.8532
vn -0.0000 -0.2489 -0.9685
vn -0.0000 -0.6914 -0.7224
vn -0.0000 -0.2358 -0.9718
vn -0.0000 0.1428 -0.9898
vn -0.0000 0.0260 -0.9997
vn -0.0000 -0.0023 -1.0000
vn -0.0000 0.2493 -0.9684
vn -0.0000 -0.1147 -0.9934
vn -0.0000 -0.0357 -0.9994
vn -0.0000 -0.2081 0.9781
vn -0.0000 0.0029 -1.0000
vn -0.0000 0.0308 -0.9995
vn -0.0000 0.0012 -1.0000
vn -0.0000 0.6545 -0.7560
vn -0.0000 -0.2497 -0.9683
vn -0.0000 0.0898 0.9960
vn -0.0000 -0.2392 -0.9710
vn -0.0000 0.1173 -0.9931
vn -0.0000 -0.0040 -1.0000
vn -0.0000 0.1509 0.9886
vn -0.0000 0.6299 0.7767
vn -0.0000 0.1147 -0.9934
vn -0.0000 0.6613 0.7502
vn -0.0000 -0.3561 -0.9344
vn -0.0000 0.1893 -0.9819
vn -0.0000 0.8196 0.5729
vn -0.0000 0.0123 -0.9999
vn 0.9977 0.0682 -0.0000
vn -0.9979 0.0650 -0.0000
vn 0.7786 -0.6275 -0.0000
vn -1.0000 -0.0026 -0.0000
vn 0.0027 1.0000 -0.0000
vn -0.4398 0.8981 -0.0000
vn -0.5988 -0.8009 -0.0000
vn -0.9804 0.1970 -0.0000
vn 0.7686 0.6397 -0.0000
vn -1.0000 -0.0070 -0.0000
vn -0.4696 -0.8829 -0.0000
vn 0.9887 0.1501 -0.0000
vn -1.0000 -0.0038 -0.0000
vn -0.3678 -0.9299 -0.0000
vn -0.9986 0.0522 -0.0000
vn -0.9640 -0.2659 -0.0000
vn -0.9938 0.1108 -0.0000
vn 0.6245 0.7810 -0.0000
vn -0.9990 0.0453 -0.0000
vn 0.3912 -0.9203 -0.0000
vn -0.0026 1.0000 -0.0000
vn -0.4542 -0.8909 -0.0000
vn 0.0117 -0.9999 -0.0000
vn 0.9998 -0.0176 -0.0000
vn -0.9991 -0.0432 -0.0000
vn -0.9991 -0.0419 -0.0000
vn 0.0043 1.0000 -0.0000
vn -0.0457 -0.9990 -0.0000
vn -0.9495 0.3139 -0.0000
vn 0.9461 0.3238 -0.0000
vn -0.5300 0.8480 -0.0000
vn 0.9856 -0.1691 -0.0000
vn 0.8561 -0.5168 -0.0000
vn -0.4868 -0.8735 -0.0000
vn -0.9442 0.3293 -0.0000
vn -0.6095 -0.7928 -0.0000
vn 0.9241 -0.3823 -0.0000
vn 0.0148 -0.9999 -0.0000
vn -0.9960 -0.0895 -0.0000
vn -0.9732 -0.2298 -0.0000
vn -1.0000 -0.0063 -0.0000
vn -0.9994 -0.0359 -0.0000
vn -0.9910 -0.1336 -0.0000
vn -1.0000 -0.0006 -0.0000
vn 1.0000 0.0007 -0.0000
vn -0.5446 -0.8387 -0.0000
vn -0.9999 0.0157 -0.0000
vn -0.9752 -0.2214 -0.0000
vn 0.7061 -0.7081 -0.0000
vn -0.9644 0.2645 -0.0000
vn -1.0000 0.0090 -0.0000
vn 0.9054 0.4246 -0.0000
vn -1.0000 -0.0057 -0.0000
vn 0.7113 0.7029 -0.0000
vn -0.9907 0.1358 -0.0000
vn 0.9553 -0.2957 -0.0000
vn -0.9944 -0.1061 -0.0000
vn -0.3018 -0.9534 -0.0000
vn -0.9865 -0.1638 -0.0000
vn -0.9424 -0.3345 -0.0000
vn -0.8734 -0.4871 -0.0000
vn 0.6828 0.7306 -0.0000
vn 0.9490 0.3153 -0.0000
vn -0.9999 -0.0110 -0.0000
vn -1.0000 -0.0043 -0.0000
vn 0.0147 -0.9999 -0.0000
vn -0.2938 -0.9559 -0.0000
vn -1.0000 0.0085 -0.0000
vn 0.8706 0.4919 -0.0000
vn -0.5348 -0.8450 -0.0000
vn -0.9349 0.3548 -0.0000
vn -0.3793 0.9253 -0.0000
vn 0.9853 0.1709 -0.0000
vn 0.7199 0.6941 -0.0000
vn -1.0000 -0.0048 -0.0000
vn -0.5832 -0.8123 -0.0000
vn 0.9672 0.2539 -0.0000
vn -1.0000 -0.0001 -0.0000
vn 0.6780 0.7350 -0.0000
vn -0.2453 -0.9695 -0.0000
vn -0.3846 0.9231 -0.0000
vn -0.2540 0.9672 -0.0000
vn -1.0000 -0.0012 -0.0000
vn 0.9991 0.0419 -0.0000
vn -0.5658 -0.8245 -0.0000
vn 0.5749 0.8183 -0.0000
vn 0.7906 0.6123 -0.0000
vn 0.7280 0.6856 -0.0000
vn -0.9999 0.0122 -0.0000
vn -0.8976 0.4407 -0.0000
vn -0.7538 0.6571 -0.0000
vn -0.9355 0.3533 -0.0000
vn 0.5730 0.8196 -0.0000
vn 0.9792 0.2027 -0.0000
vn -0.2275 -0.9738 -0.0000
vn -0.9819 0.1892 -0.0000
vn -0.9344 -0.3563 -0.0000
vn 0.7502 0.6612 -0.0000
vn -0.9934 0.1149 -0.0000
vn -0.9998 0.0190 -0.0000
vn -0.0045 1.0000 -0.0000
vn -0.0213 -0.9998 -0.0000
vn 0.7768 0.6297 -0.0000
vn 0.9886 0.1509 -0.0000
vn 0.9659 0.2589 -0.0000
vn -1.0000 -0.0041 -0.0000
vn -0.9931 0.1172 -0.0000
vn -0.4014 0.9159 -0.0000
vn -0.9710 -0.2391 -0.0000
vn 0.0156 0.9999 -0.0000
vn 0.0115 0.9999 -0.0000
vn 0.0083 -1.0000 -0.0000
vn 0.9960 0.0891 -0.0000
vn -0.9821 0.1885 -0.0000
vn -0.2738 0.9618 -0.0000
vn -0.3912 0.9203 -0.0000
vn -0.9683 -0.2498 -0.0000
vn 0.6724 -0.7402 -0.0000
vn 0.9912 0.1321 -0.0000
vn -0.7564 0.6541 -0.0000
vn -0.4428 -0.8966 -0.0000
vn -1.0000 0.0012 -0.0000
vn -0.9308 0.3654 -0.0000
vn -1.0000 -0.0029 -0.0000
vn 0.4563 0.8898 -0.0000
vn -0.2541 0.9672 -0.0000
vn -0.9872 -0.1593 -0.0000
vn -0.9995 0.0304 -0.0000
vn 0.9988 0.0492 -0.0000
vn -0.3736 -0.9276 -0.0000
vn -1.0000 0.0030 -0.0000
vn 0.9781 -0.2081 -0.0000
vn -0.9994 -0.0355 -0.0000
vn -1.0000 0.0040 -0.0000
vn -0.9995 0.0300 -0.0000
vn -0.9934 -0.1143 -0.0000
vn -0.9685 0.2491 -0.0000
vn -0.9999 0.0139 -0.0000
vn 0.8829 -0.4696 -0.0000
vn 0.3292 0.9442 -0.0000
vn -0.9897 0.1429 -0.0000
vn -0.9719 -0.2355 -0.0000
vn -0.0151 0.9999 -0.0000
vn -0.7223 -0.6916 -0.0000
vn 0.8344 0.5511 -0.0000
vn -1.0000 -0.0010 -0.0000
vn -0.9993 0.0361 -0.0000
vn -0.9685 -0.2489 -0.0000
vn -0.8531 0.5217 -0.0000
vn -0.0039 1.0000 -0.0000
vn -0.8896 -0.4567 -0.0000
vn -0.9927 0.1209 -0.0000
vn -0.3452 -0.9385 -0.0000
vn -0.9379 0.3468 -0.0000
vn 0.6802 0.7330 -0.0000
vn -0.6044 -0.7967 -0.0000
vn 0.7365 0.6764 -0.0000
vn -0.9841 -0.1774 -0.0000
vn -1.0000 -0.0064 -0.0000
vn 0.8919 0.4522 -0.0000
vn -1.0000 0.0035 -0.0000
vn -0.9760 0.2178 -0.0000
vn -0.1071 0.9943 -0.0000
vn -0.1808 -0.9835 -0.0000
vn -0.9992 0.0390 -0.0000
vn -0.9867 -0.1628 -0.0000
vn -0.9993 0.0375 -0.0000
vn -0.9278 0.3731 -0.0000
vn -0.9651 -0.2618 -0.0000
vn -1.0000 -0.0019 -0.0000
vn 0.8561 0.5168 -0.0000
vn -0.9760 0.2177 -0.0000
vn -0.9569 0.2904 -0.0000
vn 0.5068 0.8621 -0.0000
vn -0.7895 0.6138 -0.0000
vn -0.9983 0.0586 -0.0000
vn -0.9824 -0.1867 -0.0000
vn -0.0599 -0.9982 -0.0000
vn -1.0000 0.0041 -0.0000
vn -0.9580 -0.2868 -0.0000
vn -0.9409 -0.3388 -0.0000
vn -0.9962 0.0868 -0.0000
vn -0.9699 -0.2435 -0.0000
vn 0.8933 0.4494 -0.0000
vn -0.9936 0.1129 -0.0000
vn -0.9942 0.1078 -0.0000
vn -0.0805 0.9968 -0.0000
vn -0.9900 -0.1412 -0.0000
vn -0.9998 0.0203 -0.0000
vn -0.0417 -0.9991 -0.0000
vn 0.9716 0.2366 -0.0000
vn -0.3840 -0.9233 -0.0000
vn -0.9854 0.1705 -0.0000
vn -0.9635 0.2678 -0.0000
vn 0.0195 0.9998 -0.0000
vn -0.9990 0.0440 -0.0000
vn -0.9498 0.3130 -0.0000
vn -0.9453 -0.3261 -0.0000
vn 0.8950 -0.4462 -0.0000
vn -0.5183 -0.8552 -0.0000
vn 0.0247 0.9997 -0.0000
vn -0.4631 -0.8863 -0.0000
vn 0.2324 -0.9726 -0.0000
vn 0.6704 -0.7420 -0.0000
vn 0.9934 0.1144 -0.0000
vn -0.9989 0.0463 -0.0000
vn -0.9994 0.0350 -0.0000
vn -0.4310 0.9023 -0.0000
vn -0.4869 -0.8734 -0.0000
vn -1.0000 0.0013 -0.0000
vn -0.9993 0.0380 -0.0000
vn -0.6061 -0.7954 -0.0000
vn -0.9665 0.2565 -0.0000
vn 0.9979 -0.0648 -0.0000
vn -0.9993 -0.0367 -0.0000
vn 0.9728 -0.2315 -0.0000
vn -0.4872 -0.8733 -0.0000
vn -0.4238 -0.9058 -0.0000
vn 0.7445 0.6677 -0.0000
vn 0.9998 -0.0210 -0.0000
vn -1.0000 -0.0027 -0.0000
vn 0.9488 0.3159 -0.0000
vn -1.0000 -0.0072 -0.0000
vn -0.9997 0.0256 -0.0000
vn -0.3596 0.9331 -0.0000
vn -0.4701 -0.8826 -0.0000
vn -0.9576 -0.2883 -0.0000
vn -0.9934 -0.1147 -0.0000
vn 0.8256 0.5643 -0.0000
vn 0.1973 0.9803 -0.0000
vn 0.0330 -0.9995 -0.0000
vn -0.9472 0.3207 -0.0000
vn -1.0000 0.0003 -0.0000
vn -0.0495 -0.9988 -0.0000
vn 0.7655 0.6434 -0.0000
vn -0.0028 1.0000 -0.0000
vn -0.9359 -0.3523 -0.0000
vn 0.0572 -0.9984 -0.0000
vn -1.0000 0.0080 -0.0000
vn 0.7311 -0.6823 -0.0000
vn -0.9766 -0.2151 -0.0000
vn 0.9622 -0.2722 -0.0000
vn -0.5479 -0.8366 -0.0000
vn 0.6849 0.7286 -0.0000
vn -0.5590 0.8292 -0.0000
vn -0.8034 -0.5955 -0.0000
vn 1.0000 0.0006 -0.0000
vn -1.0000 -0.0030 -0.0000
vn -0.2035 0.9791 -0.0000
vn -1.0000 -0.0013 -0.0000
vn -0.0498 -0.9988 -0.0000
vn -0.5928 -0.8054 -0.0000
vn -0.8531 -0.5218 -0.0000
vn -0.9999 0.0127 -0.0000
vn -0.9376 0.3477 -0.0000
vn 0.5667 -0.8239 -0.0000
vn -0.9757 0.2190 -0.0000
vn -0.7038 -0.7104 -0.0000
vn 0.7527 0.6584 -0.0000
vn -0.9617 0.2740 -0.0000
vn 0.7880 0.6156 -0.0000
vn -0.9823 -0.1876 -0.0000
vn -0.6484 -0.7613 -0.0000
vn -0.3355 -0.9420 -0.0000
vn -0.9991 0.0427 -0.0000
vn -0.9992 0.0394 -0.0000
vn -0.9858 0.1679 -0.0000
vn -1.0000 -0.0065 -0.0000
vn -0.0473 -0.9989 -0.0000
vn -0.9680 -0.2511 -0.0000
vn -1.0000 -0.0020 -0.0000
vn 0.5372 0.8434 -0.0000
vn 0.9041 0.4274 -0.0000
vn -1.0000 0.0014 -0.0000
vn -0.6421 0.7666 -0.0000
vn -0.9939 0.1099 -0.0000
vn -0.9998 0.0179 -0.0000
vn -0.9930 0.1184 -0.0000
vn -0.8524 -0.5230 -0.0000
vn 0.9829 0.1841 -0.0000
vn -0.9362 -0.3515 -0.0000
vn -0.0093 1.0000 -0.0000
vn 0.9711 0.2388 -0.0000
vn -0.9998 0.0186 -0.0000
vn -0.3003 -0.9538 -0.0000
vn -0.3781 0.9258 -0.0000
vn 0.9344 0.3562 -0.0000
vn 0.8172 -0.5764 -0.0000
vn -0.9834 0.1817 -0.0000
vn 0.0281 0.9996 -0.0000
vn 0.9966 0.0823 -0.0000
vn -0.3030 -0.9530 -0.0000
vn -0.9845 0.1753 -0.0000
vn -0.9998 0.0198 -0.0000
vn -0.5663 -0.8242 -0.0000
vn 0.8294 -0.5586 -0.0000
vn -0.5873 -0.8094 -0.0000
vn 0.8440 0.5363 -0.0000
vn -0.9810 -0.1942 -0.0000
vn -1.0000 0.0088 -0.0000
vn -0.5647 0.8253 -0.0000
vn 0.8244 0.5660 -0.0000
vn -0.9915 -0.1302 -0.0000
vn -0.0063 -1.0000 -0.0000
vn -0.8782 -0.4783 -0.0000
vn 0.6774 0.7356 -0.0000
vn 0.9803 0.1977 -0.0000
vn -0.9386 0.3451 -0.0000
vn 0.9310 -0.3650 -0.0000
vn -0.9995 0.0315 -0.0000
vn -0.0011 1.0000 -0.0000
vn -0.0391 -0.9992 -0.0000
vn -0.9794 0.2018 -0.0000
vn 0.6190 0.7854 -0.0000
vn -0.9990 0.0452 -0.0000
vn -1.0000 0.0039 -0.0000
vn -0.5606 -0.8281 -0.0000
vn 0.6406 -0.7679 -0.0000
vn 0.0011 1.0000 -0.0000
vn 0.9327 -0.3606 -0.0000
vn 0.7123 0.7019 -0.0000
vn -0.9903 -0.1387 -0.0000
vn -1.0000 0.0019 -0.0000
vn 0.0144 -0.9999 -0.0000
vn -1.0000 -0.0069 -0.0000
vn 0.9984 -0.0574 -0.0000
vn -0.4158 0.9095 -0.0000
vn 0.9931 -0.1175 -0.0000
vn 0.0103 0.9999 -0.0000
vn -0.2821 0.9594 -0.0000
vn -0.9219 -0.3875 -0.0000
vn -1.0000 0.0008 -0.0000
vn 0.7025 0.7116 -0.0000
vn -0.9994 -0.0337 -0.0000
vn -1.0000 0.0063 -0.0000
vn -0.9324 0.3614 -0.0000
vn -0.9868 -0.1617 -0.0000
vn 0.7413 -0.6711 -0.0000
vn 0.7687 0.6396 -0.0000
vn -0.9946 -0.1037 -0.0000
vn 0.7988 0.6016 -0.0000
vn -0.9631 0.2693 -0.0000
vn -0.4178 0.9085 -0.0000
vn -0.9689 0.2475 -0.0000
vn -0.9845 -0.1752 -0.0000
vn 0.6894 0.7244 -0.0000
vn 0.9371 0.3491 -0.0000
vn -0.9994 -0.0351 -0.0000
vn -0.9860 -0.1667 -0.0000
vn -0.4736 0.8807 -0.0000
vn -0.9895 0.1446 -0.0000
vn -0.9346 -0.3558 -0.0000
vn 0.6941 0.7199 -0.0000
vn -0.8809 -0.4733 -0.0000
vn -0.2051 -0.9787 -0.0000
vn 0.8420 0.5394 -0.0000
vn 0.9814 0.1920 -0.0000
vn -0.9451 0.3267 -0.0000
vn -0.3838 0.9234 -0.0000
vn -0.3063 -0.9519 -0.0000
vn -0.8491 0.5282 -0.0000
vn 0.5287 0.8488 -0.0000
vn 0.8821 0.4711 -0.0000
vn -0.5958 -0.8031 -0.0000
vn 0.9985 0.0541 -0.0000
vn -1.0000 0.0072 -0.0000
vn -0.2472 0.9690 -0.0000
vn -0.5543 -0.8323 -0.0000
vn 0.5160 0.8566 -0.0000
vn -0.3113 0.9503 -0.0000
vn 0.6784 0.7347 -0.0000
vn 0.9479 0.3186 -0.0000
vn -0.3929 0.9196 -0.0000
vn -0.9617 0.2743 -0.0000
vn 0.9759 0.2181 -0.0000
vn -0.9466 -0.3225 -0.0000
vn 0.6797 0.7335 -0.0000
vn -0.0041 1.0000 -0.0000
vn -0.1461 -0.9893 -0.0000
vn -0.9992 0.0411 -0.0000
vn -0.9993 0.0370 -0.0000
vn 0.0224 0.9998 -0.0000
vn -0.4151 0.9098 -0.0000
vn -0.0329 -0.9995 -0.0000
vn 0.8563 -0.5165 -0.0000
vn 0.9952 0.0974 -0.0000
vn 0.0074 1.0000 -0.0000
vn -0.9415 -0.3371 -0.0000
vn 0.7600 -0.6500 -0.0000
vn -0.6456 0.7637 -0.0000
vn -0.3072 0.9516 -0.0000
vn -0.9965 -0.0837 -0.0000
vn -0.9659 0.2588 -0.0000
vn 0.9038 0.4279 -0.0000
vn -0.9915 -0.1303 -0.0000
vn 0.1052 -0.9945 -0.0000
vn -0.9399 0.3415 -0.0000
vn -0.4523 -0.8919 -0.0000
vn -0.9957 -0.0925 -0.0000
vn 0.9909 -0.1347 -0.0000
vn 0.9965 0.0831 -0.0000
vn -0.9777 -0.2100 -0.0000
vn -0.3525 0.9358 -0.0000
vn 0.0649 0.9979 -0.0000
vn -0.5070 -0.8620 -0.0000
vn -1.0000 0.0078 -0.0000
vn -0.9643 0.2648 -0.0000
vn -0.9991 0.0435 -0.0000
vn -0.9998 0.0206 -0.0000
vn -0.9992 -0.0400 -0.0000
vn 0.7363 0.6766 -0.0000
vn -0.0009 1.0000 -0.0000
vn -0.9058 -0.4236 -0.0000
vn -1.0000 0.0020 -0.0000
vn -0.9847 -0.1740 -0.0000
vn -0.3064 0.9519 -0.0000
vn -0.9912 0.1324 -0.0000
vn -1.0000 -0.0035 -0.0000
vn 0.6942 0.7198 -0.0000
vn -0.9976 0.0694 -0.0000
vn -0.9543 -0.2988 -0.0000
vn -0.5754 -0.8179 -0.0000
vn -0.9838 -0.1792 -0.0000
vn -0.9989 0.0461 -0.0000
vn -0.9643 -0.2649 -0.0000
vn -0.9326 0.3609 -0.0000
vn -0.7409 -0.6716 -0.0000
vn 0.7609 0.6489 -0.0000
vn -0.9766 0.2149 -0.0000
vn -0.4223 -0.9065 -0.0000
vn 1.0000 0.0004 -0.0000
vn -0.9958 0.0919 -0.0000
vn 0.9585 0.2851 -0.0000
vn -1.0000 -0.0056 -0.0000
vn -0.7198 0.6941 -0.0000
vn -0.4039 0.9148 -0.0000
vn -0.6089 -0.7932 -0.0000
vn -1.0000 -0.0025 -0.0000
vn 0.9222 0.3867 -0.0000
vn -0.9985 0.0543 -0.0000
vn -0.9997 0.0261 -0.0000
vn -0.1836 -0.9830 -0.0000
vn -0.9326 -0.3610 -0.0000
vn 0.7322 0.6810 -0.0000
vn -1.0000 0.0021 -0.0000
vn -0.3801 0.9249 -0.0000
vn -0.3323 -0.9432 -0.0000
vn 0.5713 0.8207 -0.0000
vn 0.9767 0.2146 -0.0000
vn -0.9624 0.2717 -0.0000
vn -1.0000 -0.0017 -0.0000
vn -1.0000 -0.0042 -0.0000
vn -0.0307 0.9995 -0.0000
vn -1.0000 -0.0074 -0.0000
vn -0.9322 -0.3621 -0.0000
vn 0.9983 0.0577 -0.0000
vn -0.0000 -0.6822 0.7311
vn 0.6774 0.7357 -0.0000
vn 0.0280 -0.9996 -0.0000
vn 0.0266 0.9996 -0.0000
vn 0.9977 0.0679 -0.0000
vn -0.9995 0.0316 -0.0000
vn -0.9804 0.1971 -0.0000
vn 0.3913 -0.9203 -0.0000
vn 0.9998 -0.0174 -0.0000
vn -0.9991 -0.0434 -0.0000
vn -0.9442 0.3295 -0.0000
vn 0.9240 -0.3823 -0.0000
vn -0.9733 -0.2297 -0.0000
vn -0.9994 -0.0360 -0.0000
vn 0.9053 0.4247 -0.0000
vn -1.0000 -0.0044 -0.0000
vn 0.5748 0.8183 -0.0000
vn -0.8977 0.4406 -0.0000
vn 0.5731 0.8195 -0.0000
vn -0.9819 0.1893 -0.0000
vn -0.9931 0.1169 -0.0000
vn 0.0084 -1.0000 -0.0000
vn 0.6725 -0.7401 -0.0000
vn 0.4562 0.8899 -0.0000
vn -0.9873 -0.1591 -0.0000
vn 0.9988 0.0490 -0.0000
vn -0.9996 0.0299 -0.0000
vn -0.9684 0.2493 -0.0000
vn -1.0000 -0.0024 -0.0000
vn -0.0150 0.9999 -0.0000
vn -0.9685 -0.2490 -0.0000
vn -0.9379 0.3469 -0.0000
vn -0.9841 -0.1776 -0.0000
vn -0.9761 0.2175 -0.0000
vn -0.9986 0.0521 -0.0000
vn -0.9990 0.0439 -0.0000
vn -0.9498 0.3128 -0.0000
vn -0.9994 0.0352 -0.0000
vn -0.4310 0.9024 -0.0000
vn 0.9998 -0.0211 -0.0000
vn -0.9999 0.0156 -0.0000
vn -0.9358 -0.3525 -0.0000
vn -1.0000 0.0082 -0.0000
vn 0.9622 -0.2723 -0.0000
vn 0.8707 0.4919 -0.0000
vn -1.0000 -0.0031 -0.0000
vn -1.0000 -0.0014 -0.0000
vn -0.8529 -0.5221 -0.0000
vn -0.9758 0.2188 -0.0000
vn 0.6780 0.7351 -0.0000
vn 0.7880 0.6157 -0.0000
vn -0.3357 -0.9420 -0.0000
vn -0.9991 0.0429 -0.0000
vn -0.6422 0.7666 -0.0000
vn -0.9355 0.3534 -0.0000
vn -0.9998 0.0197 -0.0000
vn 0.9803 0.1976 -0.0000
vn -0.9990 0.0454 -0.0000
vn 0.6405 -0.7679 -0.0000
vn 0.3293 0.9442 -0.0000
vn -1.0000 -0.0022 -0.0000
vn -0.9993 0.0362 -0.0000
vn 0.9931 -0.1174 -0.0000
vn 0.7026 0.7116 -0.0000
vn -0.9325 0.3612 -0.0000
vn -0.1071 0.9942 -0.0000
vn -0.9631 0.2692 -0.0000
vn -0.9277 0.3732 -0.0000
vn -0.4736 0.8808 -0.0000
vn -1.0000 -0.0018 -0.0000
vn -0.5959 -0.8031 -0.0000
vn -0.4869 -0.8735 -0.0000
vn -0.9665 0.2566 -0.0000
vn 0.6782 0.7349 -0.0000
vn 0.9479 0.3185 -0.0000
vn -0.9993 0.0373 -0.0000
vn -0.0330 -0.9995 -0.0000
vn 0.9952 0.0976 -0.0000
vn 0.7599 -0.6500 -0.0000
vn 0.0573 -0.9984 -0.0000
vn 0.9965 0.0832 -0.0000
vn -0.8525 -0.5227 -0.0000
vn -0.4224 -0.9064 -0.0000
vn -0.7198 0.6942 -0.0000
vn -0.0000 0.0001 -1.0000
vn -0.0000 -0.0000 -1.0000
vn -0.0000 0.0002 -1.0000
vn -0.0000 0.0004 -1.0000
vn -0.0000 -0.0008 -1.0000
vn -0.0000 -0.0002 -1.0000
vn -0.0000 0.0015 -1.0000
vn -0.0000 -0.0003 -1.0000
vn -0.0000 0.0005 -1.0000
vn -0.0000 0.0006 -1.0000
vn -0.0000 0.0009 -1.0000
vn -0.0000 0.0010 -1.0000
vn -0.0000 -0.0004 -1.0000
vn -0.0000 -0.0007 -1.0000
vn -0.0000 -0.0059 -1.0000
vn -0.0000 -0.0009 -1.0000
vn -0.0000 -0.0016 -1.0000
vn -0.0000 0.0018 -1.0000
vn 0.7323 0.6810 -0.0000
vt 0.562118 0.000000
vt 0.525458 0.000000
vt 0.523422 0.000000
vt 0.189409 0.000000
vt 0.152749 0.000000
vt 0.150713 0.000000
vt 0.234216 0.000000
vt 0.232179 0.000000
vt 0.256619 0.000000
vt 0.439919 0.000000
vt 0.957230 0.000000
vt 0.955193 0.000000
vt 0.688391 0.000000
vt 0.745418 0.000000
vt 0.743381 0.000000
vt 0.128310 0.000000
vt 0.126273 0.000000
vt 0.109980 0.000000
vt 0.735234 0.000000
vt 0.733198 0.000000
vt 0.704684 0.000000
vt 0.588595 0.000000
vt 0.572301 0.000000
vt 0.570265 0.000000
vt 0.633401 0.000000
vt 0.822811 0.000000
vt 0.820774 0.000000
vt 0.794297 0.000000
vt 0.751527 0.000000
vt 0.796334 0.000000
vt 0.692464 0.000000
vt 0.690428 0.000000
vt 0.177189 0.000000
vt 0.175153 0.000000
vt 0.173116 0.000000
vt 0.091650 0.000000
vt 0.995927 0.000000
vt 0.287169 0.000000
vt 0.240326 0.000000
vt 0.252546 0.000000
vt 0.250509 0.000000
vt 0.574338 0.000000
vt 0.586558 0.000000
vt 0.217923 0.000000
vt 0.215886 0.000000
vt 0.207739 0.000000
vt 0.773931 0.000000
vt 0.759674 0.000000
vt 0.757638 0.000000
vt 0.712831 0.000000
vt 0.710794 0.000000
vt 0.723014 0.000000
vt 0.761711 0.000000
vt 0.771894 0.000000
vt 0.767821 0.000000
vt 0.765784 0.000000
vt 0.763747 0.000000
vt 0.050916 0.000000
vt 0.048880 0.000000
vt 0.057026 0.000000
vt 0.714868 0.000000
vt 0.718941 0.000000
vt 0.769857 0.000000
vt 0.716904 0.000000
vt 0.195519 0.000000
vt 0.274949 0.000000
vt 0.272912 0.000000
vt 0.549898 0.000000
vt 0.547862 0.000000
vt 0.531568 0.000000
vt 0.778004 0.000000
vt 0.780041 0.000000
vt 0.596741 0.000000
vt 0.839104 0.000000
vt 0.837067 0.000000
vt 0.782077 0.000000
vt 0.739308 0.000000
vt 0.737271 0.000000
vt 0.696538 0.000000
vt 0.812627 0.000000
vt 0.680244 0.000000
vt 0.678208 0.000000
vt 0.926680 0.000000
vt 0.924644 0.000000
vt 0.498982 0.000000
vt 0.708758 0.000000
vt 0.706721 0.000000
vt 0.729124 0.000000
vt 0.568228 0.000000
vt 0.849287 0.000000
vt 0.847251 0.000000
vt 0.731161 0.000000
vt 0.784114 0.000000
vt 0.598778 0.000000
vt 0.835031 0.000000
vt 0.865580 0.000000
vt 0.863544 0.000000
vt 0.517312 0.000000
vt 0.411405 0.000000
vt 0.409369 0.000000
vt 0.346232 0.000000
vt 0.700611 0.000000
vt 0.800407 0.000000
vt 0.747454 0.000000
vt 0.802444 0.000000
vt 0.694501 0.000000
vt 0.668024 0.000000
vt 0.647658 0.000000
vt 0.645621 0.000000
vt 0.590631 0.000000
vt 0.592668 0.000000
vt 0.238289 0.000000
vt 0.095723 0.000000
vt 0.148676 0.000000
vt 0.097760 0.000000
vt 0.861507 0.000000
vt 0.749491 0.000000
vt 0.798371 0.000000
vt 0.804481 0.000000
vt 0.741344 0.000000
vt 0.511202 0.000000
vt 0.509165 0.000000
vt 0.918534 0.000000
vt 0.627291 0.000000
vt 0.828921 0.000000
vt 0.826884 0.000000
vt 0.635438 0.000000
vt 0.441955 0.000000
vt 0.949084 0.000000
vt 0.947047 0.000000
vt 0.584521 0.000000
vt 0.578411 0.000000
vt 0.576375 0.000000
vt 0.262729 0.000000
vt 0.260692 0.000000
vt 0.226069 0.000000
vt 0.631365 0.000000
vt 0.824847 0.000000
vt 0.024440 0.000000
vt 0.002037 0.000000
vt 0.000000 0.000000
vt 0.016293 0.000000
vt 0.014257 0.000000
vt 0.012220 0.000000
vt 0.810591 0.000000
vt 0.527495 0.000000
vt 0.558045 0.000000
vt 0.556008 0.000000
vt 0.814664 0.000000
vt 0.676171 0.000000
vt 0.806517 0.000000
vt 0.686354 0.000000
vt 0.816701 0.000000
vt 0.674134 0.000000
vt 0.672098 0.000000
vt 0.521385 0.000000
vt 0.566191 0.000000
vt 0.564155 0.000000
vt 0.670061 0.000000
vt 0.602851 0.000000
vt 0.832994 0.000000
vt 0.830957 0.000000
vt 0.653768 0.000000
vt 0.651731 0.000000
vt 0.659878 0.000000
vt 0.755601 0.000000
vt 0.649695 0.000000
vt 0.663951 0.000000
vt 0.146640 0.000000
vt 0.657841 0.000000
vt 0.643585 0.000000
vt 0.093686 0.000000
vt 0.507128 0.000000
vt 0.472505 0.000000
vt 0.470468 0.000000
vt 0.446029 0.000000
vt 0.698574 0.000000
vt 0.539715 0.000000
vt 0.537678 0.000000
vt 0.535642 0.000000
vt 0.144603 0.000000
vt 0.142566 0.000000
vt 0.099796 0.000000
vt 0.855397 0.000000
vt 0.853360 0.000000
vt 0.519348 0.000000
vt 0.818737 0.000000
vt 0.242363 0.000000
vt 0.248473 0.000000
vt 0.786151 0.000000
vt 0.788187 0.000000
vt 0.753564 0.000000
vt 0.790224 0.000000
vt 0.981670 0.000000
vt 0.431772 0.000000
vt 0.429735 0.000000
vt 0.022403 0.000000
vt 0.006110 0.000000
vt 0.004073 0.000000
vt 0.625255 0.000000
vt 0.107943 0.000000
vt 0.105906 0.000000
vt 0.132383 0.000000
vt 0.372709 0.000000
vt 0.370672 0.000000
vt 0.362525 0.000000
vt 0.845214 0.000000
vt 0.490835 0.000000
vt 0.932790 0.000000
vt 0.930754 0.000000
vt 0.639511 0.000000
vt 0.637475 0.000000
vt 0.725051 0.000000
vt 0.993890 0.000000
vt 0.295316 0.000000
vt 0.604888 0.000000
vt 0.466395 0.000000
vt 0.464358 0.000000
vt 0.458248 0.000000
vt 0.623218 0.000000
vt 0.179226 0.000000
vt 0.171079 0.000000
vt 0.608961 0.000000
vt 0.606925 0.000000
vt 0.621181 0.000000
vt 0.890020 0.000000
vt 0.887984 0.000000
vt 0.875764 0.000000
vt 0.619145 0.000000
vt 0.904277 0.000000
vt 0.896130 0.000000
vt 0.894094 0.000000
vt 0.617108 0.000000
vt 0.629328 0.000000
vt 0.615071 0.000000
vt 0.610998 0.000000
vt 0.529532 0.000000
vt 0.551935 0.000000
vt 0.613035 0.000000
vt 0.454175 0.000000
vt 0.452138 0.000000
vt 0.468432 0.000000
vt 0.808554 0.000000
vt 0.682281 0.000000
vt 0.953157 0.000000
vt 0.702648 0.000000
vt 0.792261 0.000000
vt 0.873727 0.000000
vt 0.892057 0.000000
vt 0.474542 0.000000
vt 0.945010 0.000000
vt 0.036660 0.000000
vt 1.000000 0.000000
vt 0.997963 0.000000
vt 0.655804 0.000000
vt 0.600815 0.000000
vt 0.959267 0.000000
vt 0.505092 0.000000
vt 0.920570 0.000000
vt 0.580448 0.000000
vt 0.582485 0.000000
vt 0.130346 0.000000
vt 0.883910 0.000000
vt 0.879837 0.000000
vt 0.877800 0.000000
vt 0.881874 0.000000
vt 0.270876 0.000000
vt 0.258656 0.000000
vt 0.230143 0.000000
vt 0.869654 0.000000
vt 0.515275 0.000000
vt 0.906314 0.000000
vt 0.851324 0.000000
vt 0.276986 0.000000
vt 0.503055 0.000000
vt 0.922607 0.000000
vt 0.665988 0.000000
vt 0.199593 0.000000
vt 0.264766 0.000000
vt 0.553971 0.000000
vt 0.069246 0.000000
vt 0.046843 0.000000
vt 0.545825 0.000000
vt 0.543788 0.000000
vt 0.541752 0.000000
vt 0.533605 0.000000
vt 0.134420 0.000000
vt 0.382892 0.000000
vt 0.403259 0.000000
vt 0.401222 0.000000
vt 0.684318 0.000000
vt 0.977597 0.000000
vt 0.975560 0.000000
vt 0.973523 0.000000
vt 0.103870 0.000000
vt 0.136456 0.000000
vt 0.885947 0.000000
vt 0.089613 0.000000
vt 0.087576 0.000000
vt 0.902240 0.000000
vt 0.900204 0.000000
vt 0.841141 0.000000
vt 0.989817 0.000000
vt 0.323829 0.000000
vt 0.321792 0.000000
vt 0.898167 0.000000
vt 0.871690 0.000000
vt 0.138493 0.000000
vt 0.344196 0.000000
vt 0.342159 0.000000
vt 0.044807 0.000000
vt 0.042770 0.000000
vt 0.193483 0.000000
vt 0.279022 0.000000
vt 0.934827 0.000000
vt 0.486762 0.000000
vt 0.484725 0.000000
vt 0.908350 0.000000
vt 0.380855 0.000000
vt 0.352342 0.000000
vt 0.405295 0.000000
vt 0.407332 0.000000
vt 0.350305 0.000000
vt 0.910387 0.000000
vt 0.912424 0.000000
vt 0.101833 0.000000
vt 0.914460 0.000000
vt 0.513238 0.000000
vt 0.916497 0.000000
vt 0.020367 0.000000
vt 0.501018 0.000000
vt 0.054990 0.000000
vt 0.496945 0.000000
vt 0.967413 0.000000
vt 0.969450 0.000000
vt 0.928717 0.000000
vt 0.494908 0.000000
vt 0.492872 0.000000
vt 0.857434 0.000000
vt 0.488798 0.000000
vt 0.775967 0.000000
vt 0.254582 0.000000
vt 0.478615 0.000000
vt 0.476578 0.000000
vt 0.940937 0.000000
vt 0.991853 0.000000
vt 0.309572 0.000000
vt 0.307536 0.000000
vt 0.938900 0.000000
vt 0.936864 0.000000
vt 0.480652 0.000000
vt 0.010183 0.000000
vt 0.268839 0.000000
vt 0.979633 0.000000
vt 0.951120 0.000000
vt 0.073320 0.000000
vt 0.071283 0.000000
vt 0.443992 0.000000
vt 0.140530 0.000000
vt 0.081466 0.000000
vt 0.079430 0.000000
vt 0.181263 0.000000
vt 0.169043 0.000000
vt 0.983707 0.000000
vt 0.417515 0.000000
vt 0.415479 0.000000
vt 0.560081 0.000000
vt 0.965377 0.000000
vt 0.963340 0.000000
vt 0.961303 0.000000
vt 0.867617 0.000000
vt 0.971487 0.000000
vt 0.450102 0.000000
vt 0.448065 0.000000
vt 0.462322 0.000000
vt 0.460285 0.000000
vt 0.456212 0.000000
vt 0.433809 0.000000
vt 0.386965 0.000000
vt 0.399185 0.000000
vt 0.397149 0.000000
vt 0.437882 0.000000
vt 0.435845 0.000000
vt 0.421589 0.000000
vt 0.419552 0.000000
vt 0.185336 0.000000
vt 0.183299 0.000000
vt 0.160896 0.000000
vt 0.427699 0.000000
vt 0.425662 0.000000
vt 0.423625 0.000000
vt 0.942973 0.000000
vt 0.985743 0.000000
vt 0.413442 0.000000
vt 0.389002 0.000000
vt 0.393075 0.000000
vt 0.391039 0.000000
vt 0.395112 0.000000
vt 0.384929 0.000000
vt 0.348269 0.000000
vt 0.661914 0.000000
vt 0.987780 0.000000
vt 0.376782 0.000000
vt 0.374745 0.000000
vt 0.356415 0.000000
vt 0.378819 0.000000
vt 0.354379 0.000000
vt 0.124236 0.000000
vt 0.122200 0.000000
vt 0.116090 0.000000
vt 0.859470 0.000000
vt 0.340122 0.000000
vt 0.358452 0.000000
vt 0.366599 0.000000
vt 0.364562 0.000000
vt 0.368635 0.000000
vt 0.360489 0.000000
vt 0.338086 0.000000
vt 0.164969 0.000000
vt 0.336049 0.000000
vt 0.334012 0.000000
vt 0.331976 0.000000
vt 0.329939 0.000000
vt 0.327902 0.000000
vt 0.325866 0.000000
vt 0.319756 0.000000
vt 0.317719 0.000000
vt 0.315682 0.000000
vt 0.313646 0.000000
vt 0.311609 0.000000
vt 0.305499 0.000000
vt 0.303462 0.000000
vt 0.301426 0.000000
vt 0.299389 0.000000
vt 0.297352 0.000000
vt 0.293279 0.000000
vt 0.291242 0.000000
vt 0.289206 0.000000
vt 0.285132 0.000000
vt 0.191446 0.000000
vt 0.283096 0.000000
vt 0.281059 0.000000
vt 0.201629 0.000000
vt 0.221996 0.000000
vt 0.203666 0.000000
vt 0.224033 0.000000
vt 0.843177 0.000000
vt 0.482688 0.000000
vt 0.641548 0.000000
vt 0.244399 0.000000
vt 0.246436 0.000000
vt 0.236253 0.000000
vt 0.228106 0.000000
vt 0.219959 0.000000
vt 0.211813 0.000000
vt 0.209776 0.000000
vt 0.213849 0.000000
vt 0.205703 0.000000
vt 0.197556 0.000000
vt 0.266802 0.000000
vt 0.114053 0.000000
vt 0.065173 0.000000
vt 0.052953 0.000000
vt 0.187373 0.000000
vt 0.154786 0.000000
vt 0.156823 0.000000
vt 0.720978 0.000000
vt 0.167006 0.000000
vt 0.158859 0.000000
vt 0.162933 0.000000
vt 0.008147 0.000000
vt 0.018330 0.000000
vt 0.594705 0.000000
vt 0.120163 0.000000
vt 0.118126 0.000000
vt 0.112016 0.000000
vt 0.727088 0.000000
vt 0.085540 0.000000
vt 0.083503 0.000000
vt 0.077393 0.000000
vt 0.075356 0.000000
vt 0.067210 0.000000
vt 0.040733 0.000000
vt 0.038697 0.000000
vt 0.063136 0.000000
vt 0.034623 0.000000
vt 0.032587 0.000000
vt 0.061100 0.000000
vt 0.059063 0.000000
vt 0.030550 0.000000
vt 0.028513 0.000000
vt 0.026477 0.000000
s 0
g Quadro_M_corner_SVGMat
usemtl SVGMat
f 277/1/1 259/2/1 258/3/1
f 94/4/1 76/5/1 75/6/1
f 116/7/1 115/8/1 127/9/1
f 217/10/1 471/11/1 470/12/1
f 339/13/1 367/14/1 366/15/1
f 64/16/1 63/17/1 55/18/1
f 362/19/1 361/20/1 347/21/1
f 290/22/2 282/23/2 281/24/2
f 312/25/1 405/26/1 404/27/1
f 391/28/1 370/29/1 392/30/1
f 341/31/1 340/32/1 366/15/1
f 88/33/3 87/34/3 86/35/3
f 46/36/1 490/37/1 142/38/1
f 119/39/1 125/40/1 124/41/1
f 283/42/1 290/22/1 289/43/1
f 108/44/1 107/45/1 103/46/1
f 381/47/1 374/48/1 373/49/1
f 351/50/1 350/51/1 356/52/1
f 375/53/2 374/48/2 380/54/2
f 378/55/1 377/56/1 376/57/1
f 26/58/1 25/59/1 29/60/1
f 352/61/1 351/50/1 354/62/1
f 378/55/1 376/57/1 379/63/1
f 353/64/1 352/61/1 354/62/1
f 379/63/4 375/53/4 380/54/4
f 97/65/1 136/66/1 135/67/1
f 380/54/1 374/48/1 381/47/1
f 271/68/1 270/69/1 262/70/1
f 383/71/1 373/49/1 384/72/1
f 294/73/1 413/74/1 412/75/1
f 384/72/1 373/49/1 385/76/1
f 364/77/1 363/78/1 343/79/1
f 400/80/1 335/81/1 334/82/1
f 456/83/1 455/84/1 246/85/1
f 349/86/1 348/87/1 359/88/1
f 280/89/1 418/90/1 417/91/1
f 361/20/1 360/92/1 348/87/1
f 385/76/1 373/49/1 386/93/1
f 340/32/1 339/13/1 366/15/1
f 295/94/1 412/75/1 411/95/1
f 426/96/1 425/97/1 255/98/1
f 203/99/1 202/100/1 171/101/1
f 363/78/1 362/19/1 345/102/1
f 394/103/1 368/104/1 395/105/1
f 343/79/1 342/106/1 364/77/1
f 329/107/1 319/108/1 318/109/1
f 291/110/1 281/24/1 292/111/1
f 119/39/1 118/112/1 125/40/1
f 48/113/1 74/114/1 49/115/1
f 425/97/1 424/116/1 255/98/1
f 392/30/1 369/117/1 393/118/1
f 395/105/1 368/104/1 396/119/1
f 342/106/1 341/31/1 365/120/1
f 291/110/2 290/22/2 281/24/2
f 252/121/1 251/122/1 452/123/1
f 309/124/1 408/125/1 407/126/1
f 313/127/1 312/25/1 404/27/1
f 218/128/1 467/129/1 466/130/1
f 288/131/1 285/132/1 284/133/1
f 130/134/1 129/135/1 112/136/1
f 311/137/1 406/138/1 405/26/1
f 13/139/1 2/140/1 1/141/1
f 9/142/5 8/143/5 7/144/5
f 400/80/1 399/145/1 335/81/1
f 260/146/1 275/147/1 274/148/1
f 401/149/1 400/80/1 334/82/1
f 334/82/1 333/150/1 401/149/1
f 397/151/1 396/119/1 338/152/1
f 402/153/1 401/149/1 332/154/1
f 331/155/1 402/153/1 332/154/1
f 257/156/1 279/157/1 278/158/1
f 330/159/1 329/107/1 318/109/1
f 297/160/1 410/161/1 409/162/1
f 322/163/1 321/164/1 325/165/1
f 373/49/1 372/166/1 386/93/1
f 321/164/2 320/167/2 327/168/2
f 74/114/1 73/169/1 49/115/1
f 324/170/1 322/163/1 325/165/1
f 75/6/1 74/114/1 48/113/1
f 331/155/1 330/159/1 317/171/1
f 47/172/1 46/36/1 142/38/1
f 251/122/1 250/173/1 452/123/1
f 233/174/1 232/175/1 220/176/1
f 363/78/1 345/102/1 344/177/1
f 266/178/1 265/179/1 264/180/1
f 312/25/1 311/137/1 405/26/1
f 260/146/1 259/2/1 275/147/1
f 72/181/1 71/182/1 50/183/1
f 421/184/1 420/185/1 256/186/1
f 404/27/1 403/187/1 313/127/1
f 120/188/1 124/41/1 123/189/1
f 387/190/1 372/166/1 388/191/1
f 388/191/1 371/192/1 389/193/1
f 483/194/1 213/195/1 212/196/1
f 418/90/1 257/156/1 256/186/1
f 12/197/1 4/198/1 3/199/1
f 309/124/1 308/200/1 408/125/1
f 54/201/1 53/202/1 66/203/1
f 184/204/1 183/205/1 179/206/1
f 292/111/1 281/24/1 416/207/1
f 242/208/1 459/209/1 458/210/1
f 403/187/1 315/211/1 314/212/1
f 280/89/1 417/91/1 416/207/1
f 357/213/1 350/51/1 349/86/1
f 490/37/1 489/214/1 146/215/1
f 298/216/1 297/160/1 409/162/1
f 230/217/1 229/218/1 226/219/1
f 307/220/1 298/216/1 308/200/1
f 89/221/6 88/33/6 85/222/6
f 300/223/2 299/224/2 306/225/2
f 438/226/1 437/227/1 431/228/1
f 305/229/1 300/223/1 306/225/1
f 299/224/2 298/216/2 307/220/2
f 445/230/1 441/231/1 440/232/1
f 304/233/1 300/223/1 305/229/1
f 310/234/1 309/124/1 407/126/1
f 303/235/1 301/236/1 304/233/1
f 262/70/1 261/237/1 272/238/1
f 302/239/1 301/236/1 303/235/1
f 224/240/1 223/241/1 231/242/1
f 311/137/1 310/234/1 407/126/1
f 342/106/1 365/120/1 364/77/1
f 399/145/1 398/243/1 336/244/1
f 330/159/1 318/109/1 317/171/1
f 217/10/1 470/12/1 469/245/1
f 362/19/1 347/21/1 346/246/1
f 389/193/1 371/192/1 390/247/1
f 438/226/1 430/248/1 439/249/1
f 234/250/1 233/174/1 465/251/1
f 19/252/1 492/253/1 491/254/1
f 399/145/1 336/244/1 335/81/1
f 323/255/7 322/163/7 324/170/7
f 361/20/1 348/87/1 347/21/1
f 386/93/1 372/166/1 387/190/1
f 390/247/1 370/29/1 391/28/1
f 296/256/1 295/94/1 411/95/1
f 401/149/1 333/150/1 332/154/1
f 217/10/1 472/257/1 471/11/1
f 250/173/1 249/258/1 453/259/1
f 369/117/1 368/104/1 394/103/1
f 403/187/1 402/153/1 315/211/1
f 284/133/1 283/42/1 289/43/1
f 288/131/1 284/133/1 289/43/1
f 430/248/1 438/226/1 431/228/1
f 286/260/1 285/132/1 287/261/1
f 55/18/1 54/201/1 65/262/1
f 435/263/1 433/264/1 432/265/1
f 431/228/1 437/227/1 432/265/1
f 434/266/2 433/264/2 435/263/2
f 218/128/1 217/10/1 467/129/1
f 97/65/1 135/67/1 134/267/1
f 128/268/1 115/8/1 114/269/1
f 428/270/1 254/271/1 446/272/1
f 419/273/1 418/90/1 256/186/1
f 97/65/1 137/274/1 136/66/1
f 258/3/1 257/156/1 278/158/1
f 249/258/1 248/275/1 454/276/1
f 341/31/1 366/15/1 365/120/1
f 320/167/1 328/277/1 327/168/1
f 99/278/1 131/279/1 130/134/1
f 261/237/1 260/146/1 274/148/1
f 273/280/1 261/237/1 274/148/1
f 272/238/1 261/237/1 273/280/1
f 271/68/1 262/70/1 272/238/1
f 376/57/1 375/53/1 379/63/1
f 35/281/1 24/282/1 491/254/1
f 269/283/1 262/70/1 270/69/1
f 268/284/1 262/70/1 269/283/1
f 267/285/1 263/286/1 268/284/1
f 266/178/1 263/286/1 267/285/1
f 66/203/1 53/202/1 67/287/1
f 189/288/1 199/289/1 198/290/1
f 263/286/1 266/178/1 264/180/1
f 398/243/1 337/291/1 336/244/1
f 296/256/1 411/95/1 410/161/1
f 481/292/5 480/293/5 479/294/5
f 120/188/2 119/39/2 124/41/2
f 53/202/1 52/295/1 68/296/1
f 436/297/1 435/263/1 432/265/1
f 278/158/1 277/1/1 258/3/1
f 490/37/1 45/298/1 44/299/1
f 445/230/1 444/300/1 443/301/1
f 294/73/1 414/302/1 413/74/1
f 487/303/1 160/304/1 159/305/1
f 362/19/1 346/246/1 345/102/1
f 445/230/1 442/306/1 441/231/1
f 429/307/1 428/270/1 446/272/1
f 68/296/1 52/295/1 69/308/1
f 170/309/1 169/310/1 203/99/1
f 398/243/1 397/151/1 338/152/1
f 455/84/1 454/276/1 248/275/1
f 23/311/1 22/312/1 491/254/1
f 96/313/1 138/314/1 137/274/1
f 460/315/1 240/316/1 239/317/1
f 446/272/1 254/271/1 447/318/1
f 188/319/1 174/320/1 200/321/1
f 201/322/1 200/321/1 173/323/1
f 448/324/1 254/271/1 449/325/1
f 52/295/1 51/326/1 69/308/1
f 393/118/1 369/117/1 394/103/1
f 450/327/1 253/328/1 451/329/1
f 451/329/1 252/121/1 452/123/1
f 4/198/1 12/197/1 11/330/1
f 418/90/1 280/89/1 257/156/1
f 453/259/1 249/258/1 454/276/1
f 246/85/1 455/84/1 247/331/1
f 28/332/1 26/58/1 29/60/1
f 245/333/1 456/83/1 246/85/1
f 476/334/1 481/292/1 477/335/1
f 245/333/1 457/336/1 456/83/1
f 244/337/1 457/336/1 245/333/1
f 244/337/1 458/210/1 457/336/1
f 243/338/1 458/210/1 244/337/1
f 243/338/1 242/208/1 458/210/1
f 422/339/1 256/186/1 255/98/1
f 242/208/1 241/340/1 459/209/1
f 459/209/1 241/340/1 240/316/1
f 460/315/1 459/209/1 240/316/1
f 382/341/1 381/47/1 373/49/1
f 398/243/1 338/152/1 337/291/1
f 118/112/1 126/342/1 125/40/1
f 24/282/1 23/311/1 491/254/1
f 447/318/1 254/271/1 448/324/1
f 236/343/1 235/344/1 463/345/1
f 488/346/1 153/347/1 152/348/1
f 462/349/1 461/350/1 237/351/1
f 370/29/1 369/117/1 392/30/1
f 6/352/2 9/142/2 7/144/2
f 97/65/1 134/267/1 133/353/1
f 482/354/1 472/257/1 217/10/1
f 217/10/1 468/355/1 467/129/1
f 37/356/1 36/357/1 491/254/1
f 382/341/1 373/49/1 383/71/1
f 466/130/1 465/251/1 219/358/1
f 253/328/1 252/121/1 451/329/1
f 420/185/1 419/273/1 256/186/1
f 348/87/1 360/92/1 359/88/1
f 51/326/1 50/183/1 70/359/1
f 490/37/1 41/360/1 40/361/1
f 90/362/1 89/221/1 84/363/1
f 484/364/1 206/365/1 205/366/1
f 259/2/1 276/367/1 275/147/1
f 481/292/1 476/334/1 475/368/1
f 481/292/1 474/369/1 473/370/1
f 481/292/1 475/368/1 474/369/1
f 254/271/1 428/270/1 427/371/1
f 478/372/1 481/292/1 479/294/1
f 222/373/1 221/374/1 232/175/1
f 231/242/1 222/373/1 232/175/1
f 230/217/1 224/240/1 231/242/1
f 299/224/4 307/220/4 306/225/4
f 228/375/1 227/376/1 229/218/1
f 229/218/1 227/376/1 226/219/1
f 224/240/1 230/217/1 225/377/1
f 231/242/1 223/241/1 222/373/1
f 483/194/1 214/378/1 213/195/1
f 221/374/1 220/176/1 232/175/1
f 219/358/1 233/174/1 220/176/1
f 477/335/1 481/292/1 478/372/1
f 247/331/1 455/84/1 248/275/1
f 481/292/1 472/257/1 482/354/1
f 191/379/1 197/380/1 196/381/1
f 254/271/1 427/371/1 426/96/1
f 483/194/1 482/354/1 217/10/1
f 216/382/1 483/194/1 217/10/1
f 215/383/1 483/194/1 216/382/1
f 215/383/1 214/378/1 483/194/1
f 484/364/1 208/384/1 207/385/1
f 92/386/1 91/387/1 80/388/1
f 484/364/1 483/194/1 212/196/1
f 211/389/1 484/364/1 212/196/1
f 210/390/1 484/364/1 211/389/1
f 209/391/1 484/364/1 210/390/1
f 209/391/1 208/384/1 484/364/1
f 235/344/1 234/250/1 464/392/1
f 47/172/1 75/6/1 48/113/1
f 368/104/1 367/14/1 396/119/1
f 485/393/1 484/364/1 205/366/1
f 204/394/1 169/310/1 205/366/1
f 192/395/1 194/396/1 193/397/1
f 192/395/1 195/398/1 194/396/1
f 192/395/1 196/381/1 195/398/1
f 192/395/1 191/379/1 196/381/1
f 203/99/1 169/310/1 204/394/1
f 484/364/1 207/385/1 206/365/1
f 440/232/1 429/307/1 446/272/1
f 217/10/1 469/245/1 468/355/1
f 191/379/1 190/399/1 197/380/1
f 202/100/1 201/322/1 172/400/1
f 327/168/4 326/401/4 321/164/4
f 311/137/1 407/126/1 406/138/1
f 225/377/1 230/217/1 226/219/1
f 169/310/1 486/402/1 485/393/1
f 490/37/1 46/36/1 45/298/1
f 219/358/1 218/128/1 466/130/1
f 84/363/1 89/221/1 85/222/1
f 170/309/1 203/99/1 171/101/1
f 171/101/1 202/100/1 172/400/1
f 186/403/1 185/404/1 176/405/1
f 187/406/1 186/403/1 175/407/1
f 62/408/1 61/409/1 58/410/1
f 424/116/1 423/411/1 255/98/1
f 169/310/1 168/412/1 486/402/1
f 185/404/1 184/204/1 177/413/1
f 181/414/1 180/415/1 182/416/1
f 178/417/1 184/204/1 179/206/1
f 188/319/1 187/406/1 174/320/1
f 371/192/1 370/29/1 390/247/1
f 486/402/1 168/412/1 167/418/1
f 172/400/1 201/322/1 173/323/1
f 174/320/1 173/323/1 200/321/1
f 449/325/1 253/328/1 450/327/1
f 174/320/1 187/406/1 175/407/1
f 463/345/1 462/349/1 236/343/1
f 179/206/1 183/205/1 180/415/1
f 176/405/1 185/404/1 177/413/1
f 91/387/4 90/362/4 82/419/4
f 486/402/1 166/420/1 165/421/1
f 445/230/1 443/301/1 442/306/1
f 487/303/1 486/402/1 165/421/1
f 164/422/1 487/303/1 165/421/1
f 163/423/1 487/303/1 164/422/1
f 162/424/1 487/303/1 163/423/1
f 161/425/1 487/303/1 162/424/1
f 161/425/1 160/304/1 487/303/1
f 190/399/1 189/288/1 198/290/1
f 488/346/1 487/303/1 159/305/1
f 158/426/1 488/346/1 159/305/1
f 157/427/1 488/346/1 158/426/1
f 156/428/1 488/346/1 157/427/1
f 155/429/1 488/346/1 156/428/1
f 155/429/1 154/430/1 488/346/1
f 49/115/1 72/181/1 50/183/1
f 423/411/1 422/339/1 255/98/1
f 489/214/1 488/346/1 152/348/1
f 151/431/1 489/214/1 152/348/1
f 150/432/1 489/214/1 151/431/1
f 149/433/1 489/214/1 150/432/1
f 148/434/1 489/214/1 149/433/1
f 147/435/1 489/214/1 148/434/1
f 146/215/1 489/214/1 147/435/1
f 145/436/1 490/37/1 146/215/1
f 144/437/1 490/37/1 145/436/1
f 143/438/1 490/37/1 144/437/1
f 142/38/1 490/37/1 143/438/1
f 141/439/1 47/172/1 142/38/1
f 96/313/1 95/440/1 140/441/1
f 139/442/1 96/313/1 140/441/1
f 100/443/1 99/278/1 130/134/1
f 169/310/1 485/393/1 205/366/1
f 95/440/2 94/4/2 75/6/2
f 409/162/1 408/125/1 298/216/1
f 465/251/1 233/174/1 219/358/1
f 430/248/1 429/307/1 439/249/1
f 363/78/1 344/177/1 343/79/1
f 281/24/1 280/89/1 416/207/1
f 321/164/1 326/401/1 325/165/1
f 110/444/1 101/445/1 111/446/1
f 422/339/1 421/184/1 256/186/1
f 292/111/1 416/207/1 415/447/1
f 461/350/1 238/448/1 237/351/1
f 402/153/1 316/449/1 315/211/1
f 234/250/1 465/251/1 464/392/1
f 121/450/1 120/188/1 123/189/1
f 122/451/1 121/450/1 123/189/1
f 118/112/1 117/452/1 126/342/1
f 329/107/4 328/277/4 319/108/4
f 255/98/1 254/271/1 426/96/1
f 437/227/1 436/297/1 432/265/1
f 285/132/1 288/131/1 287/261/1
f 129/135/1 114/269/1 113/453/1
f 129/135/1 128/268/1 114/269/1
f 263/286/1 262/70/1 268/284/1
f 129/135/1 113/453/1 112/136/1
f 111/446/1 130/134/1 112/136/1
f 101/445/1 100/443/1 111/446/1
f 109/454/4 101/445/4 110/444/4
f 100/443/1 130/134/1 111/446/1
f 105/455/1 104/456/1 106/457/1
f 403/187/1 314/212/1 313/127/1
f 109/454/1 108/44/1 103/46/1
f 109/454/4 103/46/4 102/458/4
f 109/454/6 102/458/6 101/445/6
f 126/342/1 117/452/1 116/7/1
f 462/349/1 237/351/1 236/343/1
f 99/278/1 98/459/1 132/460/1
f 57/461/1 62/408/1 58/410/1
f 488/346/1 154/430/1 153/347/1
f 25/59/1 24/282/1 33/462/1
f 473/370/1 472/257/1 481/292/1
f 259/2/1 277/1/1 276/367/1
f 177/413/1 184/204/1 178/417/1
f 95/440/1 47/172/1 141/439/1
f 28/332/1 27/463/1 26/58/1
f 93/464/1 77/465/1 94/4/1
f 92/386/4 78/466/4 93/464/4
f 98/459/1 133/353/1 132/460/1
f 280/89/4 279/157/4 257/156/4
f 295/94/1 294/73/1 412/75/1
f 351/50/1 356/52/1 355/467/1
f 396/119/1 339/13/1 338/152/1
f 85/222/1 88/33/1 86/35/1
f 82/419/1 90/362/1 83/468/1
f 83/468/1 90/362/1 84/363/1
f 79/469/1 92/386/1 80/388/1
f 81/470/1 91/387/1 82/419/1
f 91/387/1 81/470/1 80/388/1
f 339/13/1 396/119/1 367/14/1
f 92/386/2 79/469/2 78/466/2
f 93/464/1 78/466/1 77/465/1
f 94/4/1 77/465/1 76/5/1
f 75/6/1 47/172/1 95/440/1
f 104/456/1 107/45/1 106/457/1
f 98/459/1 97/65/1 133/353/1
f 408/125/1 308/200/1 298/216/1
f 6/352/4 5/471/4 10/472/4
f 72/181/1 49/115/1 73/169/1
f 64/16/1 55/18/1 65/262/1
f 70/359/1 50/183/1 71/182/1
f 69/308/1 51/326/1 70/359/1
f 293/473/1 415/447/1 414/302/1
f 67/287/1 53/202/1 68/296/1
f 97/65/1 96/313/1 137/274/1
f 65/262/1 54/201/1 66/203/1
f 445/230/1 440/232/1 446/272/1
f 294/73/1 293/473/1 414/302/1
f 183/205/1 182/416/1 180/415/1
f 254/271/1 253/328/1 449/325/1
f 60/474/1 59/475/1 61/409/1
f 61/409/1 59/475/1 58/410/1
f 55/18/1 63/17/1 56/476/1
f 62/408/1 57/461/1 56/476/1
f 358/477/1 357/213/1 349/86/1
f 351/50/1 355/467/1 354/62/1
f 328/277/1 320/167/1 319/108/1
f 115/8/1 128/268/1 127/9/1
f 460/315/1 239/317/1 238/448/1
f 190/399/1 198/290/1 197/380/1
f 189/288/1 188/319/1 199/289/1
f 132/460/1 131/279/1 99/278/1
f 139/442/1 138/314/1 96/313/1
f 452/123/1 250/173/1 453/259/1
f 490/37/1 44/299/1 43/478/1
f 490/37/1 43/478/1 42/479/1
f 490/37/1 42/479/1 41/360/1
f 293/473/1 292/111/1 415/447/1
f 301/236/1 300/223/1 304/233/1
f 491/254/1 490/37/1 40/361/1
f 491/254/1 40/361/1 39/480/1
f 486/402/1 167/418/1 166/420/1
f 39/480/1 38/481/1 491/254/1
f 95/440/1 141/439/1 140/441/1
f 38/481/1 37/356/1 491/254/1
f 36/357/1 35/281/1 491/254/1
f 34/482/1 24/282/1 35/281/1
f 402/153/1 317/171/1 316/449/1
f 461/350/1 460/315/1 238/448/1
f 22/312/1 21/483/1 491/254/1
f 33/462/1 24/282/1 34/482/1
f 21/483/1 20/484/1 491/254/1
f 32/485/1 25/59/1 33/462/1
f 18/486/1 17/487/1 492/253/1
f 31/488/1 25/59/1 32/485/1
f 20/484/1 19/252/1 491/254/1
f 30/489/1 25/59/1 31/488/1
f 17/487/1 16/490/1 492/253/1
f 29/60/1 25/59/1 30/489/1
f 13/139/1 3/199/1 2/140/1
f 127/9/1 126/342/1 116/7/1
f 350/51/1 357/213/1 356/52/1
f 188/319/1 200/321/1 199/289/1
f 359/88/1 358/477/1 349/86/1
f 19/252/1 18/486/1 492/253/1
f 235/344/1 464/392/1 463/345/1
f 15/491/1 1/141/1 492/253/1
f 317/171/1 402/153/1 331/155/1
f 297/160/1 296/256/1 410/161/1
f 15/491/1 14/492/1 1/141/1
f 63/17/1 62/408/1 56/476/1
f 14/492/1 13/139/1 1/141/1
f 107/45/5 104/456/5 103/46/5
f 283/42/1 282/23/1 290/22/1
f 9/142/1 6/352/1 10/472/1
f 372/166/1 371/192/1 388/191/1
f 13/139/1 12/197/1 3/199/1
f 10/472/1 5/471/1 11/330/1
f 16/490/1 15/491/1 492/253/1
f 439/249/1 429/307/1 440/232/1
f 5/471/1 4/198/1 11/330/1
f 175/407/1 186/403/1 176/405/1
f 554/408/8 555/17/8 1047/17/8 1046/408/8
f 710/128/9 711/358/9 1203/358/9 1202/128/9
f 946/276/10 947/84/10 1439/84/10 1438/276/10
f 809/171/11 810/109/11 1302/109/11 1301/171/11
f 965/370/12 966/369/12 1458/369/12 1457/370/12
f 748/186/13 749/156/13 1241/156/13 1240/186/13
f 654/424/14 655/423/14 1147/423/14 1146/424/14
f 668/405/15 669/413/15 1161/413/15 1160/405/15
f 746/271/16 747/98/16 1239/98/16 1238/271/16
f 923/228/17 924/265/17 1416/265/17 1415/228/17
f 702/390/18 703/389/18 1195/389/18 1194/390/18
f 738/85/19 739/331/19 1231/331/19 1230/85/19
f 632/441/20 633/439/20 1125/439/20 1124/441/20
f 546/201/21 547/18/21 1039/18/21 1038/201/21
f 957/251/22 958/130/22 1450/130/22 1449/251/22
f 887/105/23 888/119/23 1380/119/23 1379/105/23
f 730/448/24 731/317/24 1223/317/24 1222/448/24
f 801/124/25 802/234/25 1294/234/25 1293/124/25
f 660/412/26 661/310/26 1153/310/26 1152/412/26
f 782/22/27 783/110/27 1275/110/27 1274/22/27
f 915/411/28 916/116/28 1408/116/28 1407/411/28
f 694/100/29 695/99/29 1187/99/29 1186/100/29
f 673/414/30 674/416/30 1166/416/30 1165/414/30
f 774/23/31 775/42/31 1267/42/31 1266/23/31
f 949/336/32 950/210/32 1442/210/32 1441/336/32
f 517/59/33 518/58/33 1010/58/33 1009/59/33
f 686/396/34 687/398/34 1179/398/34 1178/396/34
f 879/190/35 880/191/35 1372/191/35 1371/190/35
f 793/236/36 794/239/36 1286/239/36 1285/236/36
f 652/304/37 653/425/37 1145/425/37 1144/304/37
f 941/325/38 942/327/38 1434/327/38 1433/325/38
f 722/217/39 723/242/39 1215/242/39 1214/217/39
f 679/406/14 680/319/14 1172/319/14 1171/406/14
f 692/321/40 693/322/40 1185/322/40 1184/321/40
f 907/447/41 908/207/41 1400/207/41 1399/447/41
f 616/41/42 617/40/42 1109/40/42 1108/41/42
f 530/481/43 531/480/43 1023/480/43 1022/481/43
f 766/148/44 767/147/44 1259/147/44 1258/148/44
f 871/63/45 872/54/45 1364/54/45 1363/63/45
f 785/473/46 786/73/46 1278/73/46 1277/473/46
f 644/348/47 645/347/47 1137/347/47 1136/348/47
f 678/403/48 679/406/48 1171/406/48 1170/403/48
f 522/489/49 523/488/49 1015/488/49 1014/489/49
f 777/132/50 778/260/50 1270/260/50 1269/132/50
f 758/178/51 759/285/51 1251/285/51 1250/178/51
f 608/7/52 609/452/52 1101/452/52 1100/7/52
f 501/142/53 502/472/53 994/472/53 993/142/53
f 863/192/54 864/166/54 1356/166/54 1355/192/54
f 750/3/55 751/2/55 1243/2/55 1242/3/55
f 714/373/56 715/241/56 1207/241/56 1206/373/56
f 514/312/57 515/311/57 1007/311/57 1006/312/57
f 493/141/58 494/140/58 986/140/58 985/141/58
f 969/335/59 970/372/59 1462/372/59 1461/335/59
f 600/44/60 601/454/60 1093/454/60 1092/44/60
f 769/1/61 770/158/61 1262/158/61 1261/1/61
f 855/78/62 856/77/62 1348/77/62 1347/78/62
f 506/492/63 507/491/63 999/491/63 998/492/63
f 891/145/64 892/80/64 1384/80/64 1383/145/64
f 761/283/65 762/69/65 1254/69/65 1253/283/65
f 925/264/66 926/266/66 1418/266/66 1417/264/66
f 706/378/67 707/383/67 1199/383/67 1198/378/67
f 847/467/68 848/52/68 1340/52/68 1339/467/68
f 498/352/69 499/144/69 991/144/69 990/352/69
f 753/237/70 754/70/70 1246/70/70 1245/237/70
f 628/66/71 629/274/71 1121/274/71 1120/66/71
f 584/386/72 585/464/72 1077/464/72 1076/386/72
f 532/361/73 533/360/73 1025/360/73 1024/361/73
f 883/28/74 884/30/74 1376/30/74 1375/28/74
f 662/309/75 663/101/75 1155/101/75 1154/309/75
f 698/365/76 699/385/76 1191/385/76 1190/365/76
f 839/21/77 840/87/77 1332/87/77 1331/21/77
f 745/328/78 746/271/78 1238/271/78 1237/328/78
f 953/350/79 954/349/79 1446/349/79 1445/350/79
f 576/363/80 577/222/80 1069/222/80 1068/363/80
f 620/268/81 621/135/81 1113/135/81 1112/268/81
f 831/13/82 832/32/82 1324/32/82 1323/13/82
f 737/333/83 738/85/83 1230/85/83 1229/333/83
f 984/253/84 493/141/84 985/141/84 1476/253/84
f 538/36/85 539/172/85 1031/172/85 1030/36/85
f 568/5/86 569/465/86 1061/465/86 1060/5/86
f 945/259/87 946/276/87 1438/276/87 1437/259/87
f 823/155/88 824/154/88 1316/154/88 1315/155/88
f 586/4/89 587/440/89 1079/440/89 1078/4/89
f 729/351/90 730/448/90 1222/448/90 1221/351/90
f 909/91/91 910/90/91 1402/90/91 1401/91/91
f 682/399/92 683/379/92 1175/379/92 1174/399/92
f 560/296/93 561/308/93 1053/308/93 1052/296/93
f 612/188/94 613/450/94 1105/450/94 1104/188/94
f 937/230/95 938/272/95 1430/272/95 1429/230/95
f 815/255/96 816/170/96 1308/170/96 1307/255/96
f 867/53/97 868/57/97 1360/57/97 1359/53/97
f 521/60/98 522/489/98 1014/489/98 1013/60/98
f 552/474/99 553/409/99 1045/409/99 1044/474/99
f 674/416/100 675/205/100 1167/205/100 1166/416/100
f 807/211/101 808/449/101 1300/449/101 1299/211/101
f 604/136/102 605/453/102 1097/453/102 1096/136/102
f 929/227/103 930/226/103 1422/226/103 1421/227/103
f 595/46/104 596/456/104 1088/456/104 1087/46/104
f 978/402/84 979/303/84 1471/303/84 1470/402/84
f 859/14/105 860/104/105 1352/104/105 1351/14/105
f 893/149/106 894/153/106 1386/153/106 1385/149/106
f 721/218/107 722/217/107 1214/217/107 1213/218/107
f 544/295/108 545/202/108 1037/202/108 1036/295/108
f 526/482/109 527/281/109 1019/281/109 1018/482/109
f 799/220/110 800/200/110 1292/200/110 1291/220/110
f 630/314/111 631/442/111 1123/442/111 1122/314/111
f 885/118/112 886/103/112 1378/103/112 1377/118/112
f 666/320/75 667/407/75 1159/407/75 1158/320/75
f 921/307/113 922/248/113 1414/248/113 1413/307/113
f 536/299/114 537/298/114 1029/298/114 1028/299/114
f 970/372/115 971/294/115 1463/294/115 1462/372/115
f 851/88/116 852/92/116 1344/92/116 1343/88/116
f 791/224/26 792/223/26 1284/223/26 1283/224/26
f 713/374/117 714/373/117 1206/373/117 1205/374/117
f 588/313/118 589/65/118 1081/65/118 1080/313/118
f 633/439/119 634/38/119 1126/38/119 1125/439/119
f 843/50/120 844/61/120 1336/61/120 1335/50/120
f 622/134/121 623/279/121 1115/279/121 1114/134/121
f 913/184/122 914/339/122 1406/339/122 1405/184/122
f 877/76/123 878/93/123 1370/93/123 1369/76/123
f 528/357/124 529/356/124 1021/356/124 1020/357/124
f 962/12/125 963/11/125 1455/11/125 1454/12/125
f 580/33/126 581/221/126 1073/221/126 1072/33/126
f 783/110/127 784/111/127 1276/111/127 1275/110/127
f 705/195/128 706/378/128 1198/378/128 1197/195/128
f 835/79/129 836/177/129 1328/177/129 1327/79/129
f 614/451/130 615/189/130 1107/189/130 1106/451/130
f 917/97/131 918/96/131 1410/96/131 1409/97/131
f 572/388/132 573/470/132 1065/470/132 1064/388/132
f 869/56/133 870/55/133 1362/55/133 1361/56/133
f 827/81/134 828/244/134 1320/244/134 1319/81/134
f 564/181/135 565/169/135 1057/169/135 1056/181/135
f 875/71/136 876/72/136 1368/72/136 1367/71/136
f 520/332/137 521/60/137 1013/60/137 1012/332/137
f 646/430/138 647/429/138 1139/429/138 1138/430/138
f 819/168/139 820/277/139 1312/277/139 1311/168/139
f 642/432/140 643/431/140 1135/431/140 1134/432/140
f 775/42/141 776/133/141 1268/133/141 1267/42/141
f 954/349/142 955/345/142 1447/345/142 1446/349/142
f 647/429/143 648/428/143 1140/428/143 1139/429/143
f 897/26/144 898/138/144 1390/138/144 1389/26/144
f 697/366/145 698/365/145 1190/365/145 1189/366/145
f 811/108/146 812/167/146 1304/167/146 1303/108/146
f 671/206/75 672/415/75 1164/415/75 1163/206/75
f 861/117/147 862/29/147 1354/29/147 1353/117/147
f 512/484/148 513/483/148 1005/483/148 1004/484/148
f 901/162/149 902/161/149 1394/161/149 1393/162/149
f 548/476/150 549/461/150 1041/461/150 1040/476/150
f 658/420/151 659/418/151 1151/418/151 1150/420/151
f 767/147/152 768/367/152 1260/367/152 1259/147/152
f 665/323/15 666/320/15 1158/320/15 1157/323/15
f 803/137/153 804/25/153 1296/25/153 1295/137/153
f 598/457/154 599/45/154 1091/45/154 1090/457/154
f 690/290/155 691/289/155 1183/289/155 1182/290/155
f 540/113/156 541/115/156 1033/115/156 1032/113/156
f 853/20/157 854/19/157 1346/19/157 1345/20/157
f 504/197/158 505/139/158 997/139/158 996/197/158
f 795/235/159 796/233/159 1288/233/159 1287/235/159
f 634/38/160 635/438/160 1127/438/160 1126/38/160
f 759/285/161 760/284/161 1252/284/161 1251/285/161
f 496/198/162 497/471/162 989/471/162 988/198/162
f 590/459/163 591/278/163 1083/278/163 1082/459/163
f 889/151/164 890/243/164 1382/243/164 1381/151/164
f 938/272/165 939/318/165 1431/318/165 1430/272/165
f 845/64/166 846/62/166 1338/62/166 1337/64/166
f 955/345/167 956/392/167 1448/392/167 1447/345/167
f 751/2/168 752/146/168 1244/146/168 1243/2/168
f 681/288/169 682/399/169 1174/399/169 1173/288/169
f 582/362/170 583/387/170 1075/387/170 1074/362/170
f 743/122/171 744/121/171 1236/121/171 1235/122/171
f 787/94/172 788/256/172 1280/256/172 1279/94/172
f 837/102/173 838/246/173 1330/246/173 1329/102/173
f 626/267/174 627/67/174 1119/67/174 1118/267/174
f 524/485/175 525/462/175 1017/462/175 1016/485/175
f 972/293/176 973/292/176 1465/292/176 1464/293/176
f 881/193/177 882/247/177 1374/247/177 1373/193/177
f 779/261/178 780/131/178 1272/131/178 1271/261/178
f 715/241/179 716/240/179 1208/240/179 1207/241/179
f 735/338/180 736/337/180 1228/337/180 1227/338/180
f 930/226/181 931/249/181 1423/249/181 1422/226/181
f 829/291/182 830/152/182 1322/152/182 1321/291/182
f 727/344/183 728/343/183 1220/343/183 1219/344/183
f 566/114/184 567/6/184 1059/6/184 1058/114/184
f 618/342/185 619/9/185 1111/9/185 1110/342/185
f 821/107/186 822/159/186 1314/159/186 1313/107/186
f 873/47/187 874/341/187 1366/341/187 1365/47/187
f 516/282/188 517/59/188 1009/59/188 1008/282/188
f 771/157/189 772/89/189 1264/89/189 1263/157/189
f 558/203/190 559/287/190 1051/287/190 1050/203/190
f 813/164/191 814/163/191 1306/163/191 1305/164/191
f 550/410/192 551/475/192 1043/475/192 1042/410/192
f 624/460/193 625/353/193 1117/353/193 1116/460/193
f 922/248/194 923/228/194 1415/228/194 1414/248/194
f 805/127/195 806/212/195 1298/212/195 1297/127/195
f 976/364/84 977/393/84 1469/393/84 1468/364/84
f 508/490/196 509/487/196 1001/487/196 1000/490/196
f 719/376/197 720/375/197 1212/375/197 1211/376/197
f 763/68/198 764/238/198 1256/238/198 1255/68/198
f 542/183/199 543/326/199 1035/326/199 1034/183/199
f 977/393/84 978/402/84 1470/402/84 1469/393/84
f 500/143/200 501/142/200 993/142/200 992/143/200
f 797/229/201 798/225/201 1290/225/201 1289/229/201
f 914/339/202 915/411/202 1407/411/202 1406/339/202
f 755/286/203 756/180/203 1248/180/203 1247/286/203
f 534/479/204 535/478/204 1027/478/204 1026/479/204
f 906/302/205 907/447/205 1399/447/205 1398/302/205
f 747/98/206 748/186/206 1240/186/206 1239/98/206
f 789/160/46 790/216/46 1282/216/46 1281/160/46
f 968/334/207 969/335/207 1461/335/207 1460/334/207
f 649/427/208 650/426/208 1142/426/208 1141/427/208
f 610/112/209 611/39/209 1103/39/209 1102/112/209
f 711/358/210 712/176/210 1204/176/210 1203/358/210
f 574/419/211 575/468/211 1067/468/211 1066/419/211
f 739/331/212 740/275/212 1232/275/212 1231/331/212
f 781/43/213 782/22/213 1274/22/213 1273/43/213
f 898/138/214 899/126/214 1391/126/214 1390/138/214
f 960/355/215 961/245/215 1453/245/215 1452/355/215
f 641/433/216 642/432/216 1134/432/216 1133/433/216
f 731/317/217 732/316/217 1224/316/217 1223/317/217
f 518/58/218 519/463/218 1011/463/218 1010/58/218
f 703/389/183 704/196/183 1196/196/183 1195/389/183
f 773/24/219 774/23/219 1266/23/219 1265/24/219
f 594/458/220 595/46/220 1087/46/220 1086/458/220
f 952/315/221 953/350/221 1445/350/221 1444/315/221
f 695/99/222 696/394/222 1188/394/222 1187/99/222
f 510/486/223 511/252/223 1003/252/223 1002/486/223
f 890/243/224 891/145/224 1383/145/224 1382/243/224
f 765/280/225 766/148/225 1258/148/225 1257/280/225
f 980/346/84 981/214/84 1473/214/84 1472/346/84
f 606/269/226 607/8/226 1099/8/226 1098/269/226
f 723/242/48 724/175/48 1216/175/48 1215/242/48
f 944/123/227 945/259/227 1437/259/227 1436/123/227
f 687/398/228 688/381/228 1180/381/228 1179/398/228
f 502/472/229 503/330/229 995/330/229 994/472/229
f 936/300/230 937/230/230 1429/230/230 1428/300/230
f 882/247/231 883/28/231 1375/28/231 1374/247/231
f 757/179/232 758/178/232 1250/178/232 1249/179/232
f 625/353/233 626/267/233 1118/267/233 1117/353/233
f 650/426/234 651/305/234 1143/305/234 1142/426/234
f 817/165/235 818/401/235 1310/401/235 1309/165/235
f 494/140/236 495/199/236 987/199/236 986/140/236
f 749/156/237 750/3/237 1242/3/237 1241/156/237
f 905/74/238 906/302/238 1398/302/238 1397/74/238
f 928/297/239 929/227/239 1421/227/239 1420/297/239
f 741/258/240 742/173/240 1234/173/240 1233/258/240
f 874/341/241 875/71/241 1367/71/241 1366/341/241
f 964/257/242 965/370/242 1457/370/242 1456/257/242
f 733/340/243 734/208/243 1226/208/243 1225/340/243
f 617/40/244 618/342/244 1110/342/244 1109/40/244
f 707/383/245 708/382/245 1200/382/245 1199/383/245
f 956/392/246 957/251/246 1449/251/246 1448/392/246
f 899/126/247 900/125/247 1392/125/247 1391/126/247
f 866/48/248 867/53/248 1359/53/248 1358/48/248
f 699/385/249 700/384/249 1192/384/249 1191/385/249
f 982/37/84 983/254/84 1475/254/84 1474/37/84
f 725/174/250 726/250/250 1218/250/250 1217/174/250
f 920/270/251 921/307/251 1413/307/251 1412/270/251
f 858/15/252 859/14/252 1351/14/252 1350/15/252
f 663/101/75 664/400/75 1156/400/75 1155/101/75
f 601/454/253 602/444/253 1094/444/253 1093/454/253
f 948/83/254 949/336/254 1441/336/254 1440/83/254
f 691/289/255 692/321/255 1184/321/255 1183/289/255
f 912/185/256 913/184/256 1405/184/256 1404/185/256
f 638/215/257 639/435/257 1131/435/257 1130/215/257
f 974/354/258 975/194/258 1467/194/258 1466/354/258
f 655/423/259 656/422/259 1148/422/259 1147/423/259
f 850/477/260 851/88/260 1343/88/260 1342/477/260
f 717/377/261 718/219/261 1210/219/261 1209/377/261
f 593/445/262 594/458/262 1086/458/262 1085/445/262
f 657/421/48 658/420/48 1150/420/48 1149/421/48
f 940/324/263 941/325/263 1433/325/263 1432/324/263
f 842/51/264 843/50/264 1335/50/264 1334/51/264
f 904/75/265 905/74/265 1397/74/265 1396/75/265
f 585/464/266 586/4/266 1078/4/266 1077/464/266
f 966/369/267 967/368/267 1459/368/267 1458/369/267
f 834/106/268 835/79/268 1327/79/268 1326/106/268
f 709/10/269 710/128/269 1202/128/269 1201/10/269
f 577/222/270 578/35/270 1070/35/270 1069/222/270
f 932/232/271 933/231/271 1425/231/271 1424/232/271
f 672/415/75 673/414/75 1165/414/75 1164/415/75
f 826/82/272 827/81/272 1319/81/272 1318/82/272
f 675/205/273 676/204/273 1168/204/273 1167/205/273
f 509/487/274 510/486/274 1002/486/274 1001/487/274
f 569/465/275 570/466/275 1062/466/275 1061/465/275
f 958/130/276 959/129/276 1451/129/276 1450/130/276
f 896/27/277 897/26/277 1389/26/277 1388/27/277
f 701/391/278 702/390/278 1194/390/278 1193/391/278
f 639/435/279 640/434/279 1132/434/279 1131/435/279
f 818/401/280 819/168/280 1311/168/280 1310/401/280
f 561/308/281 562/359/281 1054/359/281 1053/308/281
f 924/265/282 925/264/282 1417/264/282 1416/265/282
f 950/210/283 951/209/283 1443/209/283 1442/210/283
f 810/109/284 811/108/284 1303/108/284 1302/109/284
f 667/407/75 668/405/75 1160/405/75 1159/407/75
f 693/322/285 694/100/285 1186/100/285 1185/322/285
f 888/119/286 889/151/286 1381/151/286 1380/119/286
f 553/409/287 554/408/287 1046/408/287 1045/409/287
f 631/442/288 632/441/288 1124/441/288 1123/442/288
f 942/327/289 943/329/289 1435/329/289 1434/327/289
f 802/234/290 803/137/290 1295/137/290 1294/234/290
f 685/397/291 686/396/291 1178/396/291 1177/397/291
f 880/191/292 881/193/292 1373/193/292 1372/191/292
f 545/202/293 546/201/293 1038/201/293 1037/202/293
f 794/239/294 795/235/294 1287/235/294 1286/239/294
f 916/116/295 917/97/295 1409/97/295 1408/116/295
f 537/298/296 538/36/296 1030/36/296 1029/298/296
f 659/418/26 660/412/26 1152/412/26 1151/418/26
f 786/73/172 787/94/172 1279/94/172 1278/73/172
f 683/379/297 684/395/297 1176/395/297 1175/379/297
f 934/306/298 935/301/298 1427/301/298 1426/306/298
f 529/356/299 530/481/299 1022/481/299 1021/356/299
f 677/404/300 678/403/300 1170/403/300 1169/404/300
f 872/54/301 873/47/301 1365/47/301 1364/54/301
f 778/260/302 779/261/302 1271/261/302 1270/260/302
f 615/189/303 616/41/303 1108/41/303 1107/189/303
f 908/207/304 909/91/304 1401/91/304 1400/207/304
f 770/158/305 771/157/305 1263/157/305 1262/158/305
f 651/305/306 652/304/306 1144/304/306 1143/305/306
f 513/483/307 514/312/307 1006/312/307 1005/483/307
f 592/443/308 593/445/308 1085/445/308 1084/443/308
f 926/266/309 927/263/309 1419/263/309 1418/266/309
f 762/69/310 763/68/310 1255/68/310 1254/69/310
f 669/413/75 670/417/75 1162/417/75 1161/413/75
f 864/166/311 865/49/311 1357/49/311 1356/166/311
f 505/139/312 506/492/312 998/492/312 997/139/312
f 900/125/313 901/162/313 1393/162/313 1392/125/313
f 607/8/52 608/7/52 1100/7/52 1099/8/52
f 643/431/314 644/348/314 1136/348/314 1135/431/314
f 754/70/315 755/286/315 1247/286/315 1246/70/315
f 856/77/316 857/120/316 1349/120/316 1348/77/316
f 497/471/317 498/352/317 990/352/317 989/471/317
f 918/96/318 919/371/318 1411/371/318 1410/96/318
f 599/45/319 600/44/319 1092/44/319 1091/45/319
f 700/384/320 701/391/320 1193/391/320 1192/384/320
f 661/310/321 662/309/321 1154/309/321 1153/310/321
f 744/121/322 745/328/322 1237/328/322 1236/121/322
f 848/52/323 849/213/323 1341/213/323 1340/52/323
f 623/279/324 624/460/324 1116/460/324 1115/279/324
f 591/278/325 592/443/325 1084/443/325 1083/278/325
f 736/337/326 737/333/326 1229/333/326 1228/337/326
f 910/90/327 911/273/327 1403/273/327 1402/90/327
f 840/87/328 841/86/328 1333/86/328 1332/87/328
f 728/343/329 729/351/329 1221/351/329 1220/343/329
f 583/387/330 584/386/330 1076/386/330 1075/387/330
f 983/254/84 984/253/84 1476/253/84 1475/254/84
f 884/30/331 885/118/331 1377/118/331 1376/30/331
f 832/32/332 833/31/332 1325/31/332 1324/32/332
f 627/67/333 628/66/333 1120/66/333 1119/67/333
f 902/161/334 903/95/334 1395/95/334 1394/161/334
f 575/468/335 576/363/335 1068/363/335 1067/468/335
f 645/347/336 646/430/336 1138/430/336 1137/347/336
f 636/437/337 637/436/337 1129/436/337 1128/437/337
f 876/72/338 877/76/338 1369/76/338 1368/72/338
f 824/154/339 825/150/339 1317/150/339 1316/154/339
f 619/9/340 620/268/340 1112/268/340 1111/9/340
f 567/6/341 568/5/341 1060/5/341 1059/6/341
f 894/153/342 895/187/342 1387/187/342 1386/153/342
f 816/170/343 817/165/343 1309/165/343 1308/170/343
f 720/375/344 721/218/344 1213/218/344 1212/375/344
f 868/57/345 869/56/345 1361/56/345 1360/57/345
f 637/436/346 638/215/346 1130/215/346 1129/436/346
f 559/287/347 560/296/347 1052/296/347 1051/287/347
f 975/194/258 976/364/258 1468/364/258 1467/194/258
f 611/39/348 612/188/348 1104/188/348 1103/39/348
f 808/449/349 809/171/349 1301/171/349 1300/449/349
f 551/475/350 552/474/350 1044/474/350 1043/475/350
f 712/176/351 713/374/351 1205/374/351 1204/176/351
f 860/104/147 861/117/147 1353/117/147 1352/104/147
f 967/368/352 968/334/352 1460/334/352 1459/368/352
f 603/446/353 604/136/353 1096/136/353 1095/446/353
f 886/103/354 887/105/354 1379/105/354 1378/103/354
f 800/200/355 801/124/355 1293/124/355 1292/200/355
f 629/274/356 630/314/356 1122/314/356 1121/274/356
f 543/326/357 544/295/357 1036/295/357 1035/326/357
f 740/275/358 741/258/358 1233/258/358 1232/275/358
f 792/223/322 793/236/322 1285/236/322 1284/223/322
f 961/245/359 962/12/359 1454/12/359 1453/245/359
f 933/231/360 934/306/360 1426/306/360 1425/231/360
f 732/316/361 733/340/361 1225/340/361 1224/316/361
f 535/478/362 536/299/362 1028/299/362 1027/478/362
f 878/93/363 879/190/363 1371/190/363 1370/93/363
f 784/111/364 785/473/364 1277/473/364 1276/111/364
f 704/196/365 705/195/365 1197/195/365 1196/196/365
f 852/92/366 853/20/366 1345/20/366 1344/92/366
f 621/135/367 622/134/367 1114/134/367 1113/135/367
f 527/281/368 528/357/368 1020/357/368 1019/281/368
f 959/129/369 960/355/369 1452/355/369 1451/129/369
f 680/319/370 681/288/370 1173/288/370 1172/319/370
f 844/61/371 845/64/371 1337/64/371 1336/61/371
f 696/394/372 697/366/372 1189/366/372 1188/394/372
f 587/440/373 588/313/373 1080/313/373 1079/440/373
f 724/175/374 725/174/374 1217/174/374 1216/175/374
f 870/55/375 871/63/375 1363/63/375 1362/55/375
f 951/209/376 952/315/376 1444/315/376 1443/209/376
f 979/303/84 980/346/84 1472/346/84 1471/303/84
f 613/450/377 614/451/377 1106/451/377 1105/450/377
f 776/133/378 777/132/378 1269/132/378 1268/133/378
f 862/29/379 863/192/379 1355/192/379 1354/29/379
f 519/463/380 520/332/380 1012/332/380 1011/463/380
f 836/177/381 837/102/381 1329/102/381 1328/177/381
f 605/453/382 606/269/382 1098/269/382 1097/453/382
f 768/367/383 769/1/383 1261/1/383 1260/367/383
f 688/381/384 689/380/384 1181/380/384 1180/381/384
f 579/34/385 580/33/385 1072/33/385 1071/34/385
f 511/252/386 512/484/386 1004/484/386 1003/252/386
f 943/329/387 944/123/387 1436/123/387 1435/329/387
f 670/417/75 671/206/75 1163/206/75 1162/417/75
f 854/19/388 855/78/388 1347/78/388 1346/19/388
f 828/244/389 829/291/389 1321/291/389 1320/244/389
f 597/455/390 598/457/390 1090/457/390 1089/455/390
f 935/301/391 936/300/391 1428/300/391 1427/301/391
f 571/469/392 572/388/392 1064/388/392 1063/469/392
f 716/240/393 717/377/393 1209/377/393 1208/240/393
f 846/62/394 847/467/394 1339/467/394 1338/62/394
f 820/277/395 821/107/395 1313/107/395 1312/277/395
f 971/294/396 972/293/396 1464/293/396 1463/294/396
f 589/65/397 590/459/397 1082/459/397 1081/65/397
f 760/284/398 761/283/398 1253/283/398 1252/284/398
f 563/182/399 564/181/399 1056/181/399 1055/182/399
f 708/382/400 709/10/400 1201/10/400 1200/382/400
f 838/246/401 839/21/401 1331/21/401 1330/246/401
f 503/330/402 504/197/402 996/197/402 995/330/402
f 812/167/403 813/164/403 1305/164/403 1304/167/403
f 963/11/404 964/257/404 1456/257/404 1455/11/404
f 581/221/405 582/362/405 1074/362/405 1073/221/405
f 752/146/406 753/237/406 1245/237/406 1244/146/406
f 555/17/407 556/16/407 1048/16/407 1047/17/407
f 830/152/408 831/13/408 1323/13/408 1322/152/408
f 495/199/409 496/198/409 988/198/409 987/199/409
f 927/263/410 928/297/410 1420/297/410 1419/263/410
f 556/16/411 557/262/411 1049/262/411 1048/16/411
f 573/470/412 574/419/412 1066/419/412 1065/470/412
f 804/25/413 805/127/413 1297/127/413 1296/25/413
f 742/173/240 743/122/240 1235/122/240 1234/173/240
f 547/18/414 548/476/414 1040/476/414 1039/18/414
f 865/49/415 866/48/415 1358/48/415 1357/49/415
f 689/380/416 690/290/416 1182/290/416 1181/380/416
f 525/462/417 526/482/417 1018/482/417 1017/462/417
f 734/208/418 735/338/418 1227/338/418 1226/208/418
f 796/233/419 797/229/419 1289/229/419 1288/233/419
f 822/159/420 823/155/420 1315/155/420 1314/159/420
f 609/452/421 610/112/421 1102/112/421 1101/452/421
f 539/172/422 540/113/422 1032/113/422 1031/172/422
f 664/400/75 665/323/75 1157/323/75 1156/400/75
f 602/444/423 603/446/423 1095/446/423 1094/444/423
f 947/84/424 948/83/424 1440/83/424 1439/84/424
f 565/169/425 566/114/425 1058/114/425 1057/169/425
f 919/371/426 920/270/426 1412/270/426 1411/371/426
f 857/120/427 858/15/427 1350/15/427 1349/120/427
f 596/456/428 597/455/428 1089/455/428 1088/456/428
f 726/250/429 727/344/429 1219/344/429 1218/250/429
f 814/163/430 815/255/430 1307/255/430 1306/163/430
f 981/214/84 982/37/84 1474/37/84 1473/214/84
f 788/256/46 789/160/46 1281/160/46 1280/256/46
f 849/213/431 850/477/431 1342/477/431 1341/213/431
f 557/262/432 558/203/432 1050/203/432 1049/262/432
f 531/480/433 532/361/433 1024/361/433 1023/480/433
f 656/422/434 657/421/434 1149/421/434 1148/422/434
f 780/131/435 781/43/435 1273/43/435 1272/131/435
f 911/273/436 912/185/436 1404/185/436 1403/273/436
f 841/86/437 842/51/437 1334/51/437 1333/86/437
f 806/212/438 807/211/438 1299/211/438 1298/212/438
f 523/488/439 524/485/439 1016/485/439 1015/488/439
f 549/461/440 550/410/440 1042/410/440 1041/461/440
f 578/35/441 579/34/441 1071/34/441 1070/35/441
f 684/395/442 685/397/442 1177/397/442 1176/395/442
f 833/31/443 834/106/443 1326/106/443 1325/31/443
f 939/318/444 940/324/444 1432/324/444 1431/318/444
f 648/428/445 649/427/445 1141/427/445 1140/428/445
f 570/466/446 571/469/446 1063/469/446 1062/466/446
f 798/225/447 799/220/447 1291/220/447 1290/225/447
f 718/219/448 719/376/448 1211/376/448 1210/219/448
f 772/89/449 773/24/449 1265/24/449 1264/89/449
f 903/95/450 904/75/450 1396/75/450 1395/95/450
f 825/150/451 826/82/451 1318/82/451 1317/150/451
f 676/204/452 677/404/452 1169/404/452 1168/204/452
f 541/115/453 542/183/453 1034/183/453 1033/115/453
f 973/292/454 974/354/454 1466/354/454 1465/292/454
f 515/311/455 516/282/455 1008/282/455 1007/311/455
f 562/359/456 563/182/456 1055/182/456 1054/359/456
f 931/249/457 932/232/457 1424/232/457 1423/249/457
f 764/238/458 765/280/458 1257/280/458 1256/238/458
f 892/80/459 893/149/459 1385/149/459 1384/80/459
f 653/425/322 654/424/322 1146/424/322 1145/425/322
f 507/491/460 508/490/460 1000/490/460 999/491/460
f 790/216/461 791/224/461 1283/224/461 1282/216/461
f 756/180/462 757/179/462 1249/179/462 1248/180/462
f 640/434/463 641/433/463 1133/433/463 1132/434/463
f 635/438/464 636/437/464 1128/437/464 1127/438/464
f 533/360/465 534/479/465 1026/479/465 1025/360/465
f 408/125/313 409/162/313 901/162/313 900/125/313
f 470/12/125 471/11/125 963/11/125 962/12/125
f 36/357/466 37/356/466 529/356/466 528/357/466
f 385/76/467 386/93/467 878/93/467 877/76/467
f 130/134/468 131/279/468 623/279/468 622/134/468
f 141/439/119 142/38/119 634/38/119 633/439/119
f 221/374/469 222/373/469 714/373/469 713/374/469
f 299/224/27 300/223/27 792/223/27 791/224/27
f 159/305/306 160/304/306 652/304/306 651/305/306
f 478/372/115 479/294/115 971/294/115 970/372/115
f 44/299/114 45/298/114 537/298/114 536/299/114
f 416/207/470 417/91/470 909/91/470 908/207/470
f 393/118/471 394/103/471 886/103/471 885/118/471
f 138/314/472 139/442/472 631/442/472 630/314/472
f 307/220/473 308/200/473 800/200/473 799/220/473
f 34/482/109 35/281/109 527/281/109 526/482/109
f 191/379/474 192/395/474 684/395/474 683/379/474
f 52/295/108 53/202/108 545/202/108 544/295/108
f 167/418/475 168/412/475 660/412/475 659/418/475
f 229/218/107 230/217/107 722/217/107 721/218/107
f 401/149/106 402/153/106 894/153/106 893/149/106
f 424/116/295 425/97/295 917/97/295 916/116/295
f 486/402/84 487/303/84 979/303/84 978/402/84
f 103/46/476 104/456/476 596/456/476 595/46/476
f 315/211/477 316/449/477 808/449/477 807/211/477
f 60/474/478 61/409/478 553/409/478 552/474/478
f 29/60/98 30/489/98 522/489/98 521/60/98
f 323/255/479 324/170/479 816/170/479 815/255/479
f 175/407/75 176/405/75 668/405/75 667/407/75
f 68/296/480 69/308/480 561/308/480 560/296/480
f 417/91/481 418/90/481 910/90/481 909/91/481
f 432/265/482 433/264/482 925/264/482 924/265/482
f 237/351/483 238/448/483 730/448/483 729/351/483
f 331/155/484 332/154/484 824/154/484 823/155/484
f 76/5/485 77/465/485 569/465/485 568/5/485
f 46/36/85 47/172/85 539/172/85 538/36/85
f 492/253/84 1/141/84 493/141/84 984/253/84
f 245/333/486 246/85/486 738/85/486 737/333/486
f 339/13/82 340/32/82 832/32/82 831/13/82
f 84/363/487 85/222/487 577/222/487 576/363/487
f 183/205/488 184/204/488 676/204/488 675/205/488
f 253/328/78 254/271/78 746/271/78 745/328/78
f 347/21/489 348/87/489 840/87/489 839/21/489
f 170/309/75 171/101/75 663/101/75 662/309/75
f 440/232/271 441/231/271 933/231/271 932/232/271
f 40/361/73 41/360/73 533/360/73 532/361/73
f 92/386/490 93/464/490 585/464/490 584/386/490
f 261/237/70 262/70/70 754/70/70 753/237/70
f 6/352/69 7/144/69 499/144/69 498/352/69
f 355/467/68 356/52/68 848/52/68 847/467/68
f 433/264/491 434/266/491 926/266/491 925/264/491
f 448/324/263 449/325/263 941/325/263 940/324/263
f 269/283/65 270/69/65 762/69/65 761/283/65
f 14/492/63 15/491/63 507/491/63 506/492/63
f 363/78/62 364/77/62 856/77/62 855/78/62
f 277/1/492 278/158/492 770/158/492 769/1/492
f 108/44/493 109/454/493 601/454/493 600/44/493
f 1/141/494 2/140/494 494/140/494 493/141/494
f 22/312/57 23/311/57 515/311/57 514/312/57
f 258/3/55 259/2/55 751/2/55 750/3/55
f 371/192/54 372/166/54 864/166/54 863/192/54
f 9/142/495 10/472/495 502/472/495 501/142/495
f 199/289/255 200/321/255 692/321/255 691/289/255
f 116/7/52 117/452/52 609/452/52 608/7/52
f 266/178/496 267/285/496 759/285/496 758/178/496
f 456/83/497 457/336/497 949/336/497 948/83/497
f 285/132/498 286/260/498 778/260/498 777/132/498
f 30/489/49 31/488/49 523/488/49 522/489/49
f 186/403/48 187/406/48 679/406/48 678/403/48
f 293/473/499 294/73/499 786/73/499 785/473/499
f 379/63/500 380/54/500 872/54/500 871/63/500
f 274/148/501 275/147/501 767/147/501 766/148/501
f 207/385/249 208/384/249 700/384/249 699/385/249
f 38/481/43 39/480/43 531/480/43 530/481/43
f 124/41/502 125/40/502 617/40/502 616/41/502
f 464/392/246 465/251/246 957/251/246 956/392/246
f 200/321/40 201/322/40 693/322/40 692/321/40
f 187/406/14 188/319/14 680/319/14 679/406/14
f 449/325/503 450/327/503 942/327/503 941/325/503
f 215/383/245 216/382/245 708/382/245 707/383/245
f 301/236/504 302/239/504 794/239/504 793/236/504
f 387/190/35 388/191/35 880/191/35 879/190/35
f 194/396/34 195/398/34 687/398/34 686/396/34
f 25/59/33 26/58/33 518/58/33 517/59/33
f 472/257/242 473/370/242 965/370/242 964/257/242
f 457/336/505 458/210/505 950/210/505 949/336/505
f 282/23/506 283/42/506 775/42/506 774/23/506
f 181/414/507 182/416/507 674/416/507 673/414/507
f 202/100/29 203/99/29 695/99/29 694/100/29
f 290/22/151 291/110/151 783/110/151 782/22/151
f 309/124/508 310/234/508 802/234/508 801/124/508
f 395/105/509 396/119/509 888/119/509 887/105/509
f 465/251/510 466/130/510 958/130/510 957/251/510
f 54/201/21 55/18/21 547/18/21 546/201/21
f 140/441/511 141/439/511 633/439/511 632/441/511
f 210/390/18 211/389/18 703/389/18 702/390/18
f 162/424/14 163/423/14 655/423/14 654/424/14
f 473/370/512 474/369/512 966/369/512 965/370/512
f 317/171/513 318/109/513 810/109/513 809/171/513
f 218/128/9 219/358/9 711/358/9 710/128/9
f 231/242/48 232/175/48 724/175/48 723/242/48
f 62/408/514 63/17/514 555/17/514 554/408/514
f 403/187/515 404/27/515 896/27/515 895/187/515
f 41/360/465 42/479/465 534/479/465 533/360/465
f 488/346/84 489/214/84 981/214/84 980/346/84
f 143/438/516 144/437/516 636/437/516 635/438/516
f 148/434/517 149/433/517 641/433/517 640/434/517
f 298/216/452 299/224/452 791/224/452 790/216/452
f 161/425/322 162/424/322 654/424/322 653/425/322
f 400/80/518 401/149/518 893/149/518 892/80/518
f 70/359/519 71/182/519 563/182/519 562/359/519
f 481/292/454 482/354/454 974/354/454 973/292/454
f 49/115/453 50/183/453 542/183/453 541/115/453
f 102/458/520 103/46/520 595/46/520 594/458/520
f 333/150/521 334/82/521 826/82/521 825/150/521
f 411/95/522 412/75/522 904/75/522 903/95/522
f 226/219/523 227/376/523 719/376/523 718/219/523
f 306/225/524 307/220/524 799/220/524 798/225/524
f 78/466/446 79/469/446 571/469/446 570/466/446
f 156/428/445 157/427/445 649/427/445 648/428/445
f 239/317/525 240/316/525 732/316/525 731/317/525
f 341/31/526 342/106/526 834/106/526 833/31/526
f 86/35/527 87/34/527 579/34/527 578/35/527
f 57/461/528 58/410/528 550/410/528 549/461/528
f 314/212/529 315/211/529 807/211/529 806/212/529
f 247/331/212 248/275/212 740/275/212 739/331/212
f 349/86/530 350/51/530 842/51/530 841/86/530
f 419/273/531 420/185/531 912/185/531 911/273/531
f 164/422/434 165/421/434 657/421/434 656/422/434
f 65/262/532 66/203/532 558/203/532 557/262/532
f 118/112/209 119/39/209 611/39/209 610/112/209
f 357/213/533 358/477/533 850/477/533 849/213/533
f 489/214/84 490/37/84 982/37/84 981/214/84
f 322/163/534 323/255/534 815/255/534 814/163/534
f 255/98/535 256/186/535 748/186/535 747/98/535
f 234/250/429 235/344/429 727/344/429 726/250/429
f 104/456/536 105/455/536 597/455/536 596/456/536
f 365/120/427 366/15/427 858/15/427 857/120/427
f 427/371/537 428/270/537 920/270/537 919/371/537
f 73/169/538 74/114/538 566/114/538 565/169/538
f 263/286/539 264/180/539 756/180/539 755/286/539
f 110/444/540 111/446/540 603/446/540 602/444/540
f 172/400/75 173/323/75 665/323/75 664/400/75
f 117/452/541 118/112/541 610/112/541 609/452/541
f 330/159/542 331/155/542 823/155/542 822/159/542
f 8/143/200 9/142/200 501/142/200 500/143/200
f 242/208/543 243/338/543 735/338/543 734/208/543
f 33/462/417 34/482/417 526/482/417 525/462/417
f 271/68/544 272/238/544 764/238/544 763/68/544
f 16/490/196 17/487/196 509/487/196 508/490/196
f 373/49/415 374/48/415 866/48/415 865/49/415
f 250/173/545 251/122/545 743/122/545 742/173/545
f 132/460/193 133/353/193 625/353/193 624/460/193
f 81/470/546 82/419/546 574/419/546 573/470/546
f 435/263/410 436/297/410 928/297/410 927/263/410
f 3/199/547 4/198/547 496/198/547 495/199/547
f 338/152/408 339/13/408 831/13/408 830/152/408
f 260/146/406 261/237/406 753/237/406 752/146/406
f 89/221/548 90/362/548 582/362/548 581/221/548
f 279/157/189 280/89/189 772/89/189 771/157/189
f 11/330/402 12/197/402 504/197/402 503/330/402
f 346/246/549 347/21/549 839/21/549 838/246/549
f 24/282/188 25/59/188 517/59/188 516/282/188
f 381/47/550 382/341/550 874/341/550 873/47/550
f 268/284/551 269/283/551 761/283/551 760/284/551
f 97/65/552 98/459/552 590/459/552 589/65/552
f 126/342/185 127/9/185 619/9/185 618/342/185
f 354/62/553 355/467/553 847/467/553 846/62/553
f 443/301/554 444/300/554 936/300/554 935/301/554
f 105/455/390 106/457/390 598/457/390 597/455/390
f 362/19/388 363/78/388 855/78/388 854/19/388
f 287/261/555 288/131/555 780/131/555 779/261/555
f 389/193/556 390/247/556 882/247/556 881/193/556
f 451/329/557 452/123/557 944/123/557 943/329/557
f 19/252/386 20/484/386 512/484/386 511/252/386
f 32/485/558 33/462/558 525/462/558 524/485/558
f 134/267/174 135/67/174 627/67/174 626/267/174
f 196/381/384 197/380/384 689/380/384 688/381/384
f 276/367/559 277/1/559 769/1/559 768/367/559
f 113/453/560 114/269/560 606/269/560 605/453/560
f 295/94/172 296/256/172 788/256/172 787/94/172
f 27/463/380 28/332/380 520/332/380 519/463/380
f 370/29/379 371/192/379 863/192/379 862/29/379
f 463/345/167 464/392/167 956/392/167 955/345/167
f 284/133/561 285/132/561 777/132/561 776/133/561
f 397/151/164 398/243/164 890/243/164 889/151/164
f 121/450/562 122/451/562 614/451/562 613/450/562
f 4/198/563 5/471/563 497/471/563 496/198/563
f 142/38/160 143/438/160 635/438/160 634/38/160
f 459/209/564 460/315/564 952/315/564 951/209/564
f 378/55/565 379/63/565 871/63/565 870/55/565
f 303/235/566 304/233/566 796/233/566 795/235/566
f 204/394/567 205/366/567 697/366/567 696/394/567
f 48/113/156 49/115/156 541/115/156 540/113/156
f 311/137/445 312/25/445 804/25/445 803/137/445
f 467/129/369 468/355/369 960/355/369 959/129/369
f 35/281/568 36/357/568 528/357/568 527/281/568
f 129/135/367 130/134/367 622/134/367 621/135/367
f 56/476/150 57/461/150 549/461/150 548/476/150
f 212/196/569 213/195/569 705/195/569 704/196/569
f 292/111/570 293/473/570 785/473/570 784/111/570
f 386/93/571 387/190/571 879/190/571 878/93/571
f 43/478/572 44/299/572 536/299/572 535/478/572
f 319/108/146 320/167/146 812/167/146 811/108/146
f 405/26/573 406/138/573 898/138/573 897/26/573
f 469/245/359 470/12/359 962/12/359 961/245/359
f 300/223/213 301/236/213 793/236/213 792/223/213
f 150/432/140 151/431/140 643/431/140 642/432/140
f 51/326/574 52/295/574 544/295/574 543/326/574
f 137/274/575 138/314/575 630/314/575 629/274/575
f 327/168/576 328/277/576 820/277/576 819/168/576
f 308/200/577 309/124/577 801/124/577 800/200/577
f 394/103/578 395/105/578 887/105/578 886/103/578
f 72/181/579 73/169/579 565/169/579 564/181/579
f 475/368/352 476/334/352 968/334/352 967/368/352
f 335/81/134 336/244/134 828/244/134 827/81/134
f 220/176/351 221/374/351 713/374/351 712/176/351
f 59/475/350 60/474/350 552/474/350 551/475/350
f 80/388/580 81/470/580 573/470/580 572/388/580
f 425/97/131 426/96/131 918/96/131 917/97/131
f 316/449/581 317/171/581 809/171/581 808/449/581
f 483/194/258 484/364/258 976/364/258 975/194/258
f 67/287/582 68/296/582 560/296/582 559/287/582
f 145/436/583 146/215/583 638/215/583 637/436/583
f 343/79/584 344/177/584 836/177/584 835/79/584
f 228/375/344 229/218/344 721/218/344 720/375/344
f 324/170/343 325/165/343 817/165/343 816/170/343
f 402/153/585 403/187/585 895/187/585 894/153/585
f 88/33/126 89/221/126 581/221/126 580/33/126
f 421/184/586 422/339/586 914/339/586 913/184/586
f 75/6/587 76/5/587 568/5/587 567/6/587
f 351/50/120 352/61/120 844/61/120 843/50/120
f 332/154/588 333/150/588 825/150/588 824/154/588
f 96/313/589 97/65/589 589/65/589 588/313/589
f 144/437/590 145/436/590 637/436/590 636/437/590
f 153/347/591 154/430/591 646/430/591 645/347/591
f 359/88/592 360/92/592 852/92/592 851/88/592
f 429/307/593 430/248/593 922/248/593 921/307/593
f 83/468/594 84/363/594 576/363/594 575/468/594
f 410/161/595 411/95/595 903/95/595 902/161/595
f 174/320/75 175/407/75 667/407/75 666/320/75
f 340/32/332 341/31/332 833/31/332 832/32/332
f 491/254/84 492/253/84 984/253/84 983/254/84
f 91/387/596 92/386/596 584/386/596 583/387/596
f 236/343/329 237/351/329 729/351/329 728/343/329
f 348/87/328 349/86/328 841/86/328 840/87/328
f 418/90/597 419/273/597 911/273/597 910/90/597
f 244/337/598 245/333/598 737/333/598 736/337/598
f 99/278/325 100/443/325 592/443/325 591/278/325
f 131/279/599 132/460/599 624/460/599 623/279/599
f 367/14/105 368/104/105 860/104/105 859/14/105
f 437/227/600 438/226/600 930/226/600 929/227/600
f 356/52/601 357/213/601 849/213/601 848/52/601
f 112/136/102 113/453/102 605/453/102 604/136/102
f 182/416/499 183/205/499 675/205/499 674/416/499
f 252/121/602 253/328/602 745/328/602 744/121/602
f 169/310/321 170/309/321 662/309/321 661/310/321
f 208/384/320 209/391/320 701/391/320 700/384/320
f 107/45/603 108/44/603 600/44/603 599/45/603
f 426/96/318 427/371/318 919/371/318 918/96/318
f 5/471/604 6/352/604 498/352/604 497/471/604
f 364/77/316 365/120/316 857/120/316 856/77/316
f 375/53/605 376/57/605 868/57/605 867/53/605
f 445/230/606 446/272/606 938/272/606 937/230/606
f 262/70/607 263/286/607 755/286/607 754/70/607
f 120/188/608 121/450/608 613/450/608 612/188/608
f 190/399/92 191/379/92 683/379/92 682/399/92
f 115/8/609 116/7/609 608/7/609 607/8/609
f 94/4/610 95/440/610 587/440/610 586/4/610
f 13/139/312 14/492/312 506/492/312 505/139/312
f 372/166/311 373/49/311 865/49/311 864/166/311
f 177/413/75 178/417/75 670/417/75 669/413/75
f 453/259/87 454/276/87 946/276/87 945/259/87
f 270/69/611 271/68/611 763/68/611 762/69/611
f 434/266/309 435/263/309 927/263/309 926/266/309
f 100/443/612 101/445/612 593/445/612 592/443/612
f 21/483/307 22/312/307 514/312/307 513/483/307
f 278/158/613 279/157/613 771/157/613 770/158/613
f 128/268/121 129/135/121 621/135/121 620/268/121
f 461/350/614 462/349/614 954/349/614 953/350/614
f 123/189/615 124/41/615 616/41/615 615/189/615
f 206/365/616 207/385/616 699/385/616 698/365/616
f 286/260/617 287/261/617 779/261/617 778/260/617
f 380/54/618 381/47/618 873/47/618 872/54/618
f 185/404/300 186/403/300 678/403/300 677/404/300
f 391/28/619 392/30/619 884/30/619 883/28/619
f 37/356/299 38/481/299 530/481/299 529/356/299
f 442/306/298 443/301/298 935/301/298 934/306/298
f 136/66/71 137/274/71 629/274/71 628/66/71
f 294/73/172 295/94/172 787/94/172 786/73/172
f 45/298/620 46/36/620 538/36/620 537/298/620
f 214/378/67 215/383/67 707/383/67 706/378/67
f 302/239/621 303/235/621 795/235/621 794/239/621
f 53/202/293 54/201/293 546/201/293 545/202/293
f 388/191/622 389/193/622 881/193/622 880/191/622
f 193/397/291 194/396/291 686/396/291 685/397/291
f 399/145/64 400/80/64 892/80/64 891/145/64
f 310/234/623 311/137/623 803/137/623 802/234/623
f 450/327/289 451/329/289 943/329/289 942/327/289
f 477/335/624 478/372/624 970/372/624 969/335/624
f 139/442/625 140/441/625 632/441/625 631/442/625
f 222/373/56 223/241/56 715/241/56 714/373/56
f 61/409/626 62/408/626 554/408/626 553/409/626
f 396/119/627 397/151/627 889/151/627 888/119/627
f 201/322/285 202/100/285 694/100/285 693/322/285
f 318/109/628 319/108/628 811/108/628 810/109/628
f 458/210/629 459/209/629 951/209/629 950/210/629
f 69/308/630 70/359/630 562/359/630 561/308/630
f 326/401/631 327/168/631 819/168/631 818/401/631
f 152/348/47 153/347/47 645/347/47 644/348/47
f 147/435/632 148/434/632 640/434/632 639/435/632
f 209/391/278 210/390/278 702/390/278 701/391/278
f 404/27/633 405/26/633 897/26/633 896/27/633
f 466/130/634 467/129/634 959/129/634 958/130/634
f 77/465/275 78/466/275 570/466/275 569/465/275
f 17/487/274 18/486/274 510/486/274 509/487/274
f 415/447/635 416/207/635 908/207/635 907/447/635
f 230/217/39 231/242/39 723/242/39 722/217/39
f 334/82/272 335/81/272 827/81/272 826/82/272
f 180/415/75 181/414/75 673/414/75 672/415/75
f 160/304/636 161/425/636 653/425/636 652/304/636
f 85/222/637 86/35/637 578/35/637 577/222/637
f 217/10/638 218/128/638 710/128/638 709/10/638
f 342/106/639 343/79/639 835/79/639 834/106/639
f 474/369/640 475/368/640 967/368/640 966/369/640
f 93/464/562 94/4/562 586/4/562 585/464/562
f 412/75/641 413/74/641 905/74/641 904/75/641
f 423/411/28 424/116/28 916/116/28 915/411/28
f 350/51/642 351/50/642 843/50/642 842/51/642
f 168/412/643 169/310/643 661/310/643 660/412/643
f 165/421/48 166/420/48 658/420/48 657/421/48
f 238/448/24 239/317/24 731/317/24 730/448/24
f 101/445/644 102/458/644 594/458/644 593/445/644
f 225/377/645 226/219/645 718/219/645 717/377/645
f 246/85/19 247/331/19 739/331/19 738/85/19
f 358/477/646 359/88/646 851/88/646 850/477/646
f 163/423/171 164/422/171 656/422/171 655/423/171
f 482/354/258 483/194/258 975/194/258 974/354/258
f 431/228/17 432/265/17 924/265/17 923/228/17
f 254/271/16 255/98/16 747/98/16 746/271/16
f 146/215/257 147/435/257 639/435/257 638/215/257
f 420/185/647 421/184/647 913/184/647 912/185/647
f 176/405/15 177/413/15 669/413/15 668/405/15
f 256/186/13 257/156/13 749/156/13 748/186/13
f 454/276/10 455/84/10 947/84/10 946/276/10
f 7/144/648 8/143/648 500/143/648 499/144/648
f 109/454/649 110/444/649 602/444/649 601/454/649
f 171/101/75 172/400/75 664/400/75 663/101/75
f 264/180/650 265/179/650 757/179/650 756/180/650
f 366/15/252 367/14/252 859/14/252 858/15/252
f 428/270/251 429/307/251 921/307/251 920/270/251
f 15/491/460 16/490/460 508/490/460 507/491/460
f 233/174/250 234/250/250 726/250/250 725/174/250
f 272/238/651 273/280/651 765/280/651 764/238/651
f 490/37/84 491/254/84 983/254/84 982/37/84
f 439/249/652 440/232/652 932/232/652 931/249/652
f 23/311/455 24/282/455 516/282/455 515/311/455
f 374/48/653 375/53/653 867/53/653 866/48/653
f 407/126/247 408/125/247 900/125/247 899/126/247
f 184/204/654 185/404/654 677/404/654 676/204/654
f 280/89/655 281/24/655 773/24/655 772/89/655
f 125/40/244 126/342/244 618/342/244 617/40/244
f 241/340/656 242/208/656 734/208/656 733/340/656
f 447/318/444 448/324/444 940/324/444 939/318/444
f 382/341/657 383/71/657 875/71/657 874/341/657
f 249/258/545 250/173/545 742/173/545 741/258/545
f 192/395/658 193/397/658 685/397/658 684/395/658
f 436/297/239 437/227/239 929/227/239 928/297/239
f 413/74/659 414/302/659 906/302/659 905/74/659
f 31/488/660 32/485/660 524/485/660 523/488/660
f 257/156/661 258/3/661 750/3/661 749/156/661
f 288/131/662 289/43/662 781/43/662 780/131/662
f 2/140/236 3/199/236 495/199/236 494/140/236
f 39/480/433 40/361/433 532/361/433 531/480/433
f 325/165/663 326/401/663 818/401/663 817/165/663
f 158/426/234 159/305/234 651/305/234 650/426/234
f 296/256/364 297/160/364 789/160/364 788/256/364
f 133/353/664 134/267/664 626/267/664 625/353/664
f 265/179/665 266/178/665 758/178/665 757/179/665
f 390/247/666 391/28/666 883/28/666 882/247/666
f 444/300/230 445/230/230 937/230/230 936/300/230
f 10/472/667 11/330/667 503/330/667 502/472/667
f 195/398/228 196/381/228 688/381/228 687/398/228
f 455/84/424 456/83/424 948/83/424 947/84/424
f 47/172/668 48/113/668 540/113/668 539/172/668
f 452/123/227 453/259/227 945/259/227 944/123/227
f 304/233/669 305/229/669 797/229/669 796/233/669
f 114/269/670 115/8/670 607/8/670 606/269/670
f 197/380/416 198/290/416 690/290/416 689/380/416
f 273/280/671 274/148/671 766/148/671 765/280/671
f 55/18/672 56/476/672 548/476/672 547/18/672
f 398/243/673 399/145/673 891/145/673 890/243/673
f 18/486/223 19/252/223 511/252/223 510/486/223
f 312/25/674 313/127/674 805/127/674 804/25/674
f 203/99/222 204/394/222 696/394/222 695/99/222
f 64/16/675 65/262/675 557/262/675 556/16/675
f 460/315/221 461/350/221 953/350/221 952/315/221
f 63/17/676 64/16/676 556/16/676 555/17/676
f 281/24/677 282/23/677 774/23/677 773/24/677
f 471/11/404 472/257/404 964/257/404 963/11/404
f 320/167/678 321/164/678 813/164/678 812/167/678
f 211/389/183 212/196/183 704/196/183 703/389/183
f 26/58/218 27/463/218 519/463/218 518/58/218
f 216/382/679 217/10/679 709/10/679 708/382/679
f 71/182/680 72/181/680 564/181/680 563/182/680
f 149/433/681 150/432/681 642/432/681 641/433/681
f 468/355/215 469/245/215 961/245/215 960/355/215
f 479/294/682 480/293/682 972/293/682 971/294/682
f 328/277/395 329/107/395 821/107/395 820/277/395
f 406/138/214 407/126/214 899/126/214 898/138/214
f 289/43/683 290/22/683 782/22/683 781/43/683
f 224/240/393 225/377/393 717/377/393 716/240/393
f 79/469/684 80/388/684 572/388/684 571/469/684
f 336/244/389 337/291/389 829/291/389 828/244/389
f 82/419/685 83/468/685 575/468/685 574/419/685
f 178/417/75 179/206/75 671/206/75 670/417/75
f 219/358/210 220/176/210 712/176/210 711/358/210
f 87/34/686 88/33/686 580/33/686 579/34/686
f 157/427/687 158/426/687 650/426/687 649/427/687
f 476/334/688 477/335/688 969/335/688 968/334/688
f 297/160/364 298/216/364 790/216/364 789/160/364
f 344/177/689 345/102/689 837/102/689 836/177/689
f 414/302/690 415/447/690 907/447/690 906/302/690
f 42/479/204 43/478/204 535/478/204 534/479/204
f 422/339/691 423/411/691 915/411/691 914/339/691
f 305/229/201 306/225/201 798/225/201 797/229/201
f 487/303/84 488/346/84 980/346/84 979/303/84
f 485/393/84 486/402/84 978/402/84 977/393/84
f 50/183/199 51/326/199 543/326/199 542/183/199
f 232/175/374 233/174/374 725/174/374 724/175/374
f 95/440/692 96/313/692 588/313/692 587/440/692
f 227/376/197 228/375/197 720/375/197 719/376/197
f 352/61/693 353/64/693 845/64/693 844/61/693
f 484/364/84 485/393/84 977/393/84 976/364/84
f 313/127/694 314/212/694 806/212/694 805/127/694
f 188/319/370 189/288/370 681/288/370 680/319/370
f 430/248/194 431/228/194 923/228/194 922/248/194
f 58/410/695 59/475/695 551/475/695 550/410/695
f 360/92/366 361/20/366 853/20/366 852/92/366
f 321/164/696 322/163/696 814/163/696 813/164/696
f 66/203/697 67/287/697 559/287/697 558/203/697
f 240/316/698 241/340/698 733/340/698 732/316/698
f 441/231/360 442/306/360 934/306/360 933/231/360
f 248/275/699 249/258/699 741/258/699 740/275/699
f 329/107/700 330/159/700 822/159/700 821/107/700
f 74/114/701 75/6/701 567/6/701 566/114/701
f 111/446/353 112/136/353 604/136/353 603/446/353
f 235/344/183 236/343/183 728/343/183 727/344/183
f 337/291/702 338/152/702 830/152/702 829/291/702
f 368/104/147 369/117/147 861/117/147 860/104/147
f 438/226/703 439/249/703 931/249/703 930/226/703
f 243/338/704 244/337/704 736/337/704 735/338/704
f 223/241/179 224/240/179 716/240/179 715/241/179
f 480/293/176 481/292/176 973/292/176 972/293/176
f 119/39/705 120/188/705 612/188/705 611/39/705
f 345/102/173 346/246/173 838/246/173 837/102/173
f 376/57/345 377/56/345 869/56/345 868/57/345
f 251/122/240 252/121/240 744/121/240 743/122/240
f 90/362/170 91/387/170 583/387/170 582/362/170
f 189/288/706 190/399/706 682/399/706 681/288/706
f 259/2/168 260/146/168 752/146/168 751/2/168
f 353/64/707 354/62/707 846/62/707 845/64/707
f 446/272/165 447/318/165 939/318/165 938/272/165
f 98/459/708 99/278/708 591/278/708 590/459/708
f 127/9/340 128/268/340 620/268/340 619/9/340
f 267/285/161 268/284/161 760/284/161 759/285/161
f 384/72/709 385/76/709 877/76/709 876/72/709
f 12/197/158 13/139/158 505/139/158 504/197/158
f 361/20/157 362/19/157 854/19/157 853/20/157
f 198/290/155 199/289/155 691/289/155 690/290/155
f 106/457/710 107/45/710 599/45/710 598/457/710
f 135/67/333 136/66/333 628/66/333 627/67/333
f 173/323/15 174/320/15 666/320/15 665/323/15
f 275/147/711 276/367/711 768/367/711 767/147/711
f 166/420/712 167/418/712 659/418/712 658/420/712
f 392/30/713 393/118/713 885/118/713 884/30/713
f 409/162/714 410/161/714 902/161/714 901/162/714
f 20/484/148 21/483/148 513/483/148 512/484/148
f 369/117/147 370/29/147 862/29/147 861/117/147
f 179/206/75 180/415/75 672/415/75 671/206/75
f 205/366/145 206/365/145 698/365/145 697/366/145
f 155/429/715 156/428/715 648/428/715 647/429/715
f 462/349/716 463/345/716 955/345/716 954/349/716
f 283/42/717 284/133/717 776/133/717 775/42/717
f 154/430/718 155/429/718 647/429/718 646/430/718
f 28/332/137 29/60/137 521/60/137 520/332/137
f 383/71/136 384/72/136 876/72/136 875/71/136
f 377/56/719 378/55/719 870/55/719 869/56/719
f 122/451/130 123/189/130 615/189/130 614/451/130
f 151/431/314 152/348/314 644/348/314 643/431/314
f 213/195/720 214/378/720 706/378/720 705/195/720
f 291/110/127 292/111/127 784/111/127 783/110/127
f 1371/190/721 1372/191/721 1864/191/721 1863/190/721
f 1285/236/722 1286/239/722 1778/239/722 1777/236/722
f 1433/325/723 1434/327/723 1926/327/723 1925/325/723
f 1171/406/724 1172/319/724 1664/319/724 1663/406/724
f 1184/321/725 1185/322/725 1677/322/725 1676/321/725
f 1108/41/726 1109/40/726 1601/40/726 1600/41/726
f 1022/481/727 1023/480/727 1515/480/727 1514/481/727
f 1258/148/728 1259/147/728 1751/147/728 1750/148/728
f 1363/63/729 1364/54/729 1856/54/729 1855/63/729
f 1277/473/730 1278/73/730 1770/73/730 1769/473/730
f 1208/240/731 1209/377/731 1701/377/731 1700/240/731
f 1463/294/732 1464/293/732 1956/293/732 1955/294/732
f 1170/403/733 1171/406/733 1663/406/733 1662/403/733
f 1014/489/734 1015/488/734 1507/488/734 1506/489/734
f 1200/382/735 1201/10/735 1693/10/735 1692/382/735
f 1269/132/736 1270/260/736 1762/260/736 1761/132/736
f 1250/178/737 1251/285/737 1743/285/737 1742/178/737
f 1455/11/738 1456/257/738 1948/257/738 1947/11/738
f 1100/7/739 1101/452/739 1593/452/739 1592/7/739
f 993/142/740 994/472/740 1486/472/740 1485/142/740
f 1355/192/741 1356/166/741 1848/166/741 1847/192/741
f 1242/3/742 1243/2/742 1735/2/742 1734/3/742
f 1006/312/743 1007/311/743 1499/311/743 1498/312/743
f 985/141/744 986/140/744 1478/140/744 1477/141/744
f 1092/44/745 1093/454/745 1585/454/745 1584/44/745
f 1261/1/746 1262/158/746 1754/158/746 1753/1/746
f 1347/78/747 1348/77/747 1840/77/747 1839/78/747
f 998/492/748 999/491/748 1491/491/748 1490/492/748
f 1253/283/749 1254/69/749 1746/69/749 1745/283/749
f 1417/264/750 1418/266/750 1910/266/750 1909/264/750
f 1339/467/751 1340/52/751 1832/52/751 1831/467/751
f 1439/84/752 1440/83/752 1932/83/752 1931/84/752
f 990/352/753 991/144/753 1483/144/753 1482/352/753
f 1245/237/754 1246/70/754 1738/70/754 1737/237/754
f 1076/386/755 1077/464/755 1569/464/755 1568/386/755
f 1024/361/756 1025/360/756 1517/360/756 1516/361/756
f 1424/232/757 1425/231/757 1917/231/757 1916/232/757
f 1154/309/758 1155/101/758 1647/101/758 1646/309/758
f 1331/21/759 1332/87/759 1824/87/759 1823/21/759
f 1237/328/760 1238/271/760 1730/271/760 1729/328/760
f 1167/205/761 1168/204/761 1660/204/761 1659/205/761
f 1068/363/762 1069/222/762 1561/222/762 1560/363/762
f 1323/13/763 1324/32/763 1816/32/763 1815/13/763
f 1229/333/764 1230/85/764 1722/85/764 1721/333/764
f 1476/253/765 985/141/765 1477/141/765 1968/253/765
f 1030/36/766 1031/172/766 1523/172/766 1522/36/766
f 1176/395/767 1177/397/767 1669/397/767 1668/395/767
f 1060/5/768 1061/465/768 1553/465/768 1552/5/768
f 1431/318/769 1432/324/769 1924/324/769 1923/318/769
f 1315/155/770 1316/154/770 1808/154/770 1807/155/770
f 1221/351/771 1222/448/771 1714/448/771 1713/351/771
f 1416/265/772 1417/264/772 1909/264/772 1908/265/772
f 1168/204/773 1169/404/773 1661/404/773 1660/204/773
f 1401/91/774 1402/90/774 1894/90/774 1893/91/774
f 1052/296/775 1053/308/775 1545/308/775 1544/296/775
f 1159/407/758 1160/405/758 1652/405/758 1651/407/758
f 1423/249/776 1424/232/776 1916/232/776 1915/249/776
f 1307/255/777 1308/170/777 1800/170/777 1799/255/777
f 1013/60/778 1014/489/778 1506/489/778 1505/60/778
f 1044/474/779 1045/409/779 1537/409/779 1536/474/779
f 1299/211/780 1300/449/780 1792/449/780 1791/211/780
f 1087/46/781 1088/456/781 1580/456/781 1579/46/781
f 1470/402/765 1471/303/765 1963/303/765 1962/402/765
f 1408/116/782 1409/97/782 1901/97/782 1900/116/782
f 1385/149/783 1386/153/783 1878/153/783 1877/149/783
f 1213/218/784 1214/217/784 1706/217/784 1705/218/784
f 1151/418/785 1152/412/785 1644/412/785 1643/418/785
f 1160/405/786 1161/413/786 1653/413/786 1652/405/786
f 1036/295/787 1037/202/787 1529/202/787 1528/295/787
f 1175/379/788 1176/395/788 1668/395/788 1667/379/788
f 1415/228/789 1416/265/789 1908/265/789 1907/228/789
f 1018/482/790 1019/281/790 1511/281/790 1510/482/790
f 1291/220/791 1292/200/791 1784/200/791 1783/220/791
f 1122/314/792 1123/442/792 1615/442/792 1614/314/792
f 1377/118/793 1378/103/793 1870/103/793 1869/118/793
f 1400/207/794 1401/91/794 1893/91/794 1892/207/794
f 1152/412/795 1153/310/795 1645/310/795 1644/412/795
f 1028/299/796 1029/298/796 1521/298/796 1520/299/796
f 1462/372/797 1463/294/797 1955/294/797 1954/372/797
f 1143/305/798 1144/304/798 1636/304/798 1635/305/798
f 1407/411/799 1408/116/799 1900/116/799 1899/411/799
f 1283/224/785 1284/223/785 1776/223/785 1775/224/785
f 1205/374/800 1206/373/800 1698/373/800 1697/374/800
f 1125/439/801 1126/38/801 1618/38/801 1617/439/801
f 1114/134/802 1115/279/802 1607/279/802 1606/134/802
f 1144/304/803 1145/425/803 1637/425/803 1636/304/803
f 1369/76/804 1370/93/804 1862/93/804 1861/76/804
f 1020/357/805 1021/356/805 1513/356/805 1512/357/805
f 1454/12/806 1455/11/806 1947/11/806 1946/12/806
f 1392/125/807 1393/162/807 1885/162/807 1884/125/807
f 1399/447/808 1400/207/808 1892/207/808 1891/447/808
f 1275/110/773 1276/111/773 1768/111/773 1767/110/773
f 1197/195/809 1198/378/809 1690/378/809 1689/195/809
f 1135/431/810 1136/348/810 1628/348/810 1627/431/810
f 1106/451/811 1107/189/811 1599/189/811 1598/451/811
f 1136/348/812 1137/347/812 1629/347/812 1628/348/812
f 1361/56/813 1362/55/813 1854/55/813 1853/56/813
f 1367/71/814 1368/72/814 1860/72/814 1859/71/814
f 1012/332/815 1013/60/815 1505/60/815 1504/332/815
f 1138/430/816 1139/429/816 1631/429/816 1630/430/816
f 1267/42/817 1268/133/817 1760/133/817 1759/42/817
f 1446/349/818 1447/345/818 1939/345/818 1938/349/818
f 1139/429/819 1140/428/819 1632/428/819 1631/429/819
f 1189/366/820 1190/365/820 1682/365/820 1681/366/820
f 1163/206/758 1164/415/758 1656/415/758 1655/206/758
f 1353/117/821 1354/29/821 1846/29/821 1845/117/821
f 1004/484/822 1005/483/822 1497/483/822 1496/484/822
f 1393/162/823 1394/161/823 1886/161/823 1885/162/823
f 1376/30/824 1377/118/824 1869/118/824 1868/30/824
f 1383/145/825 1384/80/825 1876/80/825 1875/145/825
f 1150/420/826 1151/418/826 1643/418/826 1642/420/826
f 1259/147/827 1260/367/827 1752/367/827 1751/147/827
f 1157/323/786 1158/320/786 1650/320/786 1649/323/786
f 1119/67/828 1120/66/828 1612/66/828 1611/67/828
f 1090/457/829 1091/45/829 1583/45/829 1582/457/829
f 1182/290/830 1183/289/830 1675/289/830 1674/290/830
f 1345/20/831 1346/19/831 1838/19/831 1837/20/831
f 996/197/832 997/139/832 1489/139/832 1488/197/832
f 1368/72/833 1369/76/833 1861/76/833 1860/72/833
f 1251/285/834 1252/284/834 1744/284/834 1743/285/834
f 1111/9/835 1112/268/835 1604/268/835 1603/9/835
f 1120/66/836 1121/274/836 1613/274/836 1612/66/836
f 1082/459/837 1083/278/837 1575/278/837 1574/459/837
f 1430/272/838 1431/318/838 1923/318/838 1922/272/838
f 1375/28/839 1376/30/839 1868/30/839 1867/28/839
f 1337/64/840 1338/62/840 1830/62/840 1829/64/840
f 1243/2/841 1244/146/841 1736/146/841 1735/2/841
f 1173/288/842 1174/399/842 1666/399/842 1665/288/842
f 1074/362/843 1075/387/843 1567/387/843 1566/362/843
f 1235/122/844 1236/121/844 1728/121/844 1727/122/844
f 1360/57/845 1361/56/845 1853/56/845 1852/57/845
f 1112/268/846 1113/135/846 1605/135/846 1604/268/846
f 1329/102/847 1330/246/847 1822/246/847 1821/102/847
f 1103/39/848 1104/188/848 1596/188/848 1595/39/848
f 1464/293/849 1465/292/849 1957/292/849 1956/293/849
f 1207/241/850 1208/240/850 1700/240/850 1699/241/850
f 1227/338/851 1228/337/851 1720/337/851 1719/338/851
f 1422/226/852 1423/249/852 1915/249/852 1914/226/852
f 1352/104/821 1353/117/821 1845/117/821 1844/104/821
f 1321/291/853 1322/152/853 1814/152/853 1813/291/853
f 1219/344/854 1220/343/854 1712/343/854 1711/344/854
f 1095/446/855 1096/136/855 1588/136/855 1587/446/855
f 1058/114/856 1059/6/856 1551/6/856 1550/114/856
f 1313/107/857 1314/159/857 1806/159/857 1805/107/857
f 1104/188/858 1105/450/858 1597/450/858 1596/188/858
f 1425/231/859 1426/306/859 1918/306/859 1917/231/859
f 1359/53/860 1360/57/860 1852/57/860 1851/53/860
f 1050/203/861 1051/287/861 1543/287/861 1542/203/861
f 1305/164/862 1306/163/862 1798/163/862 1797/164/862
f 1344/92/863 1345/20/863 1837/20/863 1836/92/863
f 1042/410/864 1043/475/864 1535/475/864 1534/410/864
f 1414/248/865 1415/228/865 1907/228/865 1906/248/865
f 1172/319/866 1173/288/866 1665/288/866 1664/319/866
f 1096/136/867 1097/453/867 1589/453/867 1588/136/867
f 1297/127/868 1298/212/868 1790/212/868 1789/127/868
f 1468/364/765 1469/393/765 1961/393/765 1960/364/765
f 1336/61/869 1337/64/869 1829/64/869 1828/61/869
f 1351/14/870 1352/104/870 1844/104/870 1843/14/870
f 1211/376/871 1212/375/871 1704/375/871 1703/376/871
f 1079/440/872 1080/313/872 1572/313/872 1571/440/872
f 1034/183/873 1035/326/873 1527/326/873 1526/183/873
f 1469/393/765 1470/402/765 1962/402/765 1961/393/765
f 1289/229/874 1290/225/874 1782/225/874 1781/229/874
f 1406/339/875 1407/411/875 1899/411/875 1898/339/875
f 1026/479/876 1027/478/876 1519/478/876 1518/479/876
f 1398/302/877 1399/447/877 1891/447/877 1890/302/877
f 1328/177/878 1329/102/878 1821/102/878 1820/177/878
f 1281/160/879 1282/216/879 1774/216/879 1773/160/879
f 1460/334/880 1461/335/880 1953/335/880 1952/334/880
f 1141/427/881 1142/426/881 1634/426/881 1633/427/881
f 1071/34/882 1072/33/882 1564/33/882 1563/34/882
f 1343/88/883 1344/92/883 1836/92/883 1835/88/883
f 1203/358/884 1204/176/884 1696/176/884 1695/358/884
f 1162/417/758 1163/206/758 1655/206/758 1654/417/758
f 1080/313/885 1081/65/885 1573/65/885 1572/313/885
f 1066/419/886 1067/468/886 1559/468/886 1558/419/886
f 1320/244/887 1321/291/887 1813/291/887 1812/244/887
f 1335/50/888 1336/61/888 1828/61/888 1827/50/888
f 1063/469/889 1064/388/889 1556/388/889 1555/469/889
f 1273/43/890 1274/22/890 1766/22/890 1765/43/890
f 1390/138/891 1391/126/891 1883/126/891 1882/138/891
f 1312/277/892 1313/107/892 1805/107/892 1804/277/892
f 1072/33/893 1073/221/893 1565/221/893 1564/33/893
f 1452/355/894 1453/245/894 1945/245/894 1944/355/894
f 1133/433/895 1134/432/895 1626/432/895 1625/433/895
f 1055/182/896 1056/181/896 1548/181/896 1547/182/896
f 1327/79/897 1328/177/897 1820/177/897 1819/79/897
f 1010/58/898 1011/463/898 1503/463/898 1502/58/898
f 1195/389/899 1196/196/899 1688/196/899 1687/389/899
f 1304/167/900 1305/164/900 1797/164/900 1796/167/900
f 1265/24/901 1266/23/901 1758/23/901 1757/24/901
f 1047/17/902 1048/16/902 1540/16/902 1539/17/902
f 1064/388/903 1065/470/903 1557/470/903 1556/388/903
f 1444/315/904 1445/350/904 1937/350/904 1936/315/904
f 1048/16/905 1049/262/905 1541/262/905 1540/16/905
f 1319/81/906 1320/244/906 1812/244/906 1811/81/906
f 1187/99/907 1188/394/907 1680/394/907 1679/99/907
f 1296/25/908 1297/127/908 1789/127/908 1788/25/908
f 1056/181/909 1057/169/909 1549/169/909 1548/181/909
f 1002/486/910 1003/252/910 1495/252/910 1494/486/910
f 1382/243/911 1383/145/911 1875/145/911 1874/243/911
f 1039/18/912 1040/476/912 1532/476/912 1531/18/912
f 1311/168/913 1312/277/913 1804/277/913 1803/168/913
f 1257/280/914 1258/148/914 1750/148/914 1749/280/914
f 1181/380/915 1182/290/915 1674/290/915 1673/380/915
f 1098/269/916 1099/8/916 1591/8/916 1590/269/916
f 1288/233/917 1289/229/917 1781/229/917 1780/233/917
f 1303/108/918 1304/167/918 1796/167/918 1795/108/918
f 1436/123/919 1437/259/919 1929/259/919 1928/123/919
f 1031/172/920 1032/113/920 1524/113/920 1523/172/920
f 1179/398/921 1180/381/921 1672/381/921 1671/398/921
f 1040/476/922 1041/461/922 1533/461/922 1532/476/922
f 994/472/923 995/330/923 1487/330/923 1486/472/923
f 1428/300/924 1429/230/924 1921/230/924 1920/300/924
f 1374/247/925 1375/28/925 1867/28/925 1866/247/925
f 1295/137/926 1296/25/926 1788/25/926 1787/137/926
f 1249/179/927 1250/178/927 1742/178/927 1741/179/927
f 1117/353/928 1118/267/928 1610/267/928 1609/353/928
f 1280/256/730 1281/160/730 1773/160/730 1772/256/730
f 1032/113/929 1033/115/929 1525/115/929 1524/113/929
f 1142/426/930 1143/305/930 1635/305/930 1634/426/930
f 1309/165/931 1310/401/931 1802/401/931 1801/165/931
f 1023/480/932 1024/361/932 1516/361/932 1515/480/932
f 1287/235/933 1288/233/933 1780/233/933 1779/235/933
f 986/140/934 987/199/934 1479/199/934 1478/140/934
f 1272/131/935 1273/43/935 1765/43/935 1764/131/935
f 988/198/936 989/471/936 1481/471/936 1480/198/936
f 1241/156/937 1242/3/937 1734/3/937 1733/156/937
f 1015/488/938 1016/485/938 1508/485/938 1507/488/938
f 1397/74/939 1398/302/939 1890/302/939 1889/74/939
f 1420/297/940 1421/227/940 1913/227/940 1912/297/940
f 1233/258/941 1234/173/941 1726/173/941 1725/258/941
f 1366/341/942 1367/71/942 1859/71/942 1858/341/942
f 1279/94/943 1280/256/943 1772/256/943 1771/94/943
f 1225/340/944 1226/208/944 1718/208/944 1717/340/944
f 1109/40/945 1110/342/945 1602/342/945 1601/40/945
f 1016/485/946 1017/462/946 1509/462/946 1508/485/946
f 1264/89/947 1265/24/947 1757/24/947 1756/89/947
f 1271/261/948 1272/131/948 1764/131/948 1763/261/948
f 1391/126/949 1392/125/949 1884/125/949 1883/126/949
f 1358/48/950 1359/53/950 1851/53/950 1850/48/950
f 1007/311/951 1008/282/951 1500/282/951 1499/311/951
f 1474/37/765 1475/254/765 1967/254/765 1966/37/765
f 1256/238/952 1257/280/952 1749/280/952 1748/238/952
f 1217/174/953 1218/250/953 1710/250/953 1709/174/953
f 999/491/954 1000/490/954 1492/490/954 1491/491/954
f 1412/270/955 1413/307/955 1905/307/955 1904/270/955
f 1350/15/956 1351/14/956 1843/14/956 1842/15/956
f 1248/180/957 1249/179/957 1741/179/957 1740/180/957
f 1008/282/958 1009/59/958 1501/59/958 1500/282/958
f 1155/101/758 1156/400/758 1648/400/758 1647/101/758
f 1093/454/959 1094/444/959 1586/444/959 1585/454/959
f 991/144/960 992/143/960 1484/143/960 1483/144/960
f 1263/157/961 1264/89/961 1756/89/961 1755/157/961
f 1438/276/962 1439/84/962 1931/84/962 1930/276/962
f 1240/186/963 1241/156/963 1733/156/963 1732/186/963
f 1404/185/964 1405/184/964 1897/184/964 1896/185/964
f 1130/215/965 1131/435/965 1623/435/965 1622/215/965
f 1238/271/966 1239/98/966 1731/98/966 1730/271/966
f 1466/354/967 1467/194/967 1959/194/967 1958/354/967
f 1147/423/968 1148/422/968 1640/422/968 1639/423/968
f 1342/477/969 1343/88/969 1835/88/969 1834/477/969
f 1230/85/970 1231/331/970 1723/331/970 1722/85/970
f 1000/490/971 1001/487/971 1493/487/971 1492/490/971
f 1209/377/972 1210/219/972 1702/219/972 1701/377/972
f 1085/445/973 1086/458/973 1578/458/973 1577/445/973
f 1222/448/974 1223/317/974 1715/317/974 1714/448/974
f 1255/68/975 1256/238/975 1748/238/975 1747/68/975
f 1149/421/733 1150/420/733 1642/420/733 1641/421/733
f 992/143/976 993/142/976 1485/142/976 1484/143/976
f 1334/51/977 1335/50/977 1827/50/977 1826/51/977
f 1247/286/978 1248/180/978 1740/180/978 1739/286/978
f 1396/75/979 1397/74/979 1889/74/979 1888/75/979
f 1077/464/980 1078/4/980 1570/4/980 1569/464/980
f 1458/369/981 1459/368/981 1951/368/981 1950/369/981
f 1326/106/982 1327/79/982 1819/79/982 1818/106/982
f 1239/98/983 1240/186/983 1732/186/983 1731/98/983
f 1201/10/984 1202/128/984 1694/128/984 1693/10/984
f 1069/222/985 1070/35/985 1562/35/985 1561/222/985
f 1102/112/986 1103/39/986 1595/39/986 1594/112/986
f 1164/415/758 1165/414/758 1657/414/758 1656/415/758
f 1318/82/987 1319/81/987 1811/81/987 1810/82/987
f 1214/217/988 1215/242/988 1707/242/988 1706/217/988
f 1001/487/989 1002/486/989 1494/486/989 1493/487/989
f 1061/465/990 1062/466/990 1554/466/990 1553/465/990
f 1231/331/991 1232/275/991 1724/275/991 1723/331/991
f 1450/130/992 1451/129/992 1943/129/992 1942/130/992
f 1388/27/993 1389/26/993 1881/26/993 1880/27/993
f 1193/391/994 1194/390/994 1686/390/994 1685/391/994
f 1131/435/995 1132/434/995 1624/434/995 1623/435/995
f 1310/401/996 1311/168/996 1803/168/996 1802/401/996
f 1223/317/997 1224/316/997 1716/316/997 1715/317/997
f 1053/308/998 1054/359/998 1546/359/998 1545/308/998
f 1086/458/999 1087/46/999 1579/46/999 1578/458/999
f 1442/210/1000 1443/209/1000 1935/209/1000 1934/210/1000
f 1302/109/1001 1303/108/1001 1795/108/1001 1794/109/1001
f 1185/322/1002 1186/100/1002 1678/100/1002 1677/322/1002
f 1380/119/1003 1381/151/1003 1873/151/1003 1872/119/1003
f 1045/409/1004 1046/408/1004 1538/408/1004 1537/409/1004
f 1206/373/1005 1207/241/1005 1699/241/1005 1698/373/1005
f 1123/442/1006 1124/441/1006 1616/441/1006 1615/442/1006
f 1461/335/1007 1462/372/1007 1954/372/1007 1953/335/1007
f 1434/327/1008 1435/329/1008 1927/329/1008 1926/327/1008
f 1294/234/1009 1295/137/1009 1787/137/1009 1786/234/1009
f 1472/346/765 1473/214/765 1965/214/765 1964/346/765
f 1177/397/1010 1178/396/1010 1670/396/1010 1669/397/1010
f 1372/191/1011 1373/193/1011 1865/193/1011 1864/191/1011
f 1037/202/1012 1038/201/1012 1530/201/1012 1529/202/1012
f 1215/242/733 1216/175/733 1708/175/733 1707/242/733
f 1286/239/1013 1287/235/1013 1779/235/1013 1778/239/1013
f 1198/378/1014 1199/383/1014 1691/383/1014 1690/378/1014
f 1029/298/1015 1030/36/1015 1522/36/1015 1521/298/1015
f 1278/73/730 1279/94/730 1771/94/730 1770/73/730
f 1426/306/1016 1427/301/1016 1919/301/1016 1918/306/1016
f 1021/356/1017 1022/481/1017 1514/481/1017 1513/356/1017
f 1169/404/795 1170/403/795 1662/403/795 1661/404/795
f 1364/54/1018 1365/47/1018 1857/47/1018 1856/54/1018
f 1270/260/1019 1271/261/1019 1763/261/1019 1762/260/1019
f 1190/365/1020 1191/385/1020 1683/385/1020 1682/365/1020
f 1107/189/1021 1108/41/1021 1600/41/1021 1599/189/1021
f 1445/350/1022 1446/349/1022 1938/349/1022 1937/350/1022
f 1262/158/1023 1263/157/1023 1755/157/1023 1754/158/1023
f 1005/483/1024 1006/312/1024 1498/312/1024 1497/483/1024
f 1084/443/1025 1085/445/1025 1577/445/1025 1576/443/1025
f 1456/257/1026 1457/370/1026 1949/370/1026 1948/257/1026
f 1418/266/1027 1419/263/1027 1911/263/1027 1910/266/1027
f 1254/69/1028 1255/68/1028 1747/68/1028 1746/69/1028
f 1437/259/1029 1438/276/1029 1930/276/1029 1929/259/1029
f 1199/383/1030 1200/382/1030 1692/382/1030 1691/383/1030
f 1161/413/758 1162/417/758 1654/417/758 1653/413/758
f 1356/166/1031 1357/49/1031 1849/49/1031 1848/166/1031
f 997/139/1032 998/492/1032 1490/492/1032 1489/139/1032
f 1078/4/1033 1079/440/1033 1571/440/1033 1570/4/1033
f 1448/392/1034 1449/251/1034 1941/251/1034 1940/392/1034
f 1099/8/1035 1100/7/1035 1592/7/1035 1591/8/1035
f 1174/399/899 1175/379/899 1667/379/899 1666/399/899
f 1191/385/1036 1192/384/1036 1684/384/1036 1683/385/1036
f 1246/70/1037 1247/286/1037 1739/286/1037 1738/70/1037
f 1429/230/1038 1430/272/1038 1922/272/1038 1921/230/1038
f 1348/77/1039 1349/120/1039 1841/120/1039 1840/77/1039
f 989/471/1040 990/352/1040 1482/352/1040 1481/471/1040
f 1410/96/1041 1411/371/1041 1903/371/1041 1902/96/1041
f 1091/45/1042 1092/44/1042 1584/44/1042 1583/45/1042
f 1192/384/1043 1193/391/1043 1685/391/1043 1684/384/1043
f 1153/310/1044 1154/309/1044 1646/309/1044 1645/310/1044
f 1236/121/991 1237/328/991 1729/328/991 1728/121/991
f 1166/416/1045 1167/205/1045 1659/205/1045 1658/416/1045
f 1440/83/1046 1441/336/1046 1933/336/1046 1932/83/1046
f 1340/52/1047 1341/213/1047 1833/213/1047 1832/52/1047
f 1421/227/1048 1422/226/1048 1914/226/1048 1913/227/1048
f 1183/289/1049 1184/321/1049 1676/321/1049 1675/289/1049
f 1115/279/1050 1116/460/1050 1608/460/1050 1607/279/1050
f 1083/278/1051 1084/443/1051 1576/443/1051 1575/278/1051
f 1228/337/1052 1229/333/1052 1721/333/1052 1720/337/1052
f 1402/90/1053 1403/273/1053 1895/273/1053 1894/90/1053
f 1332/87/1054 1333/86/1054 1825/86/1054 1824/87/1054
f 1220/343/1055 1221/351/1055 1713/351/1055 1712/343/1055
f 1075/387/1056 1076/386/1056 1568/386/1056 1567/387/1056
f 1475/254/765 1476/253/765 1968/253/765 1967/254/765
f 1324/32/1057 1325/31/1057 1817/31/1057 1816/32/1057
f 1158/320/758 1159/407/758 1651/407/758 1650/320/758
f 1432/324/1058 1433/325/1058 1925/325/1058 1924/324/1058
f 1394/161/1059 1395/95/1059 1887/95/1059 1886/161/1059
f 1067/468/1060 1068/363/1060 1560/363/1060 1559/468/1060
f 1413/307/1061 1414/248/1061 1906/248/1061 1905/307/1061
f 1137/347/1062 1138/430/1062 1630/430/1062 1629/347/1062
f 1128/437/1063 1129/436/1063 1621/436/1063 1620/437/1063
f 1316/154/1064 1317/150/1064 1809/150/1064 1808/154/1064
f 1059/6/1065 1060/5/1065 1552/5/1065 1551/6/1065
f 1405/184/1066 1406/339/1066 1898/339/1066 1897/184/1066
f 1386/153/1067 1387/187/1067 1879/187/1067 1878/153/1067
f 1308/170/1068 1309/165/1068 1801/165/1068 1800/170/1068
f 1212/375/1069 1213/218/1069 1705/218/1069 1704/375/1069
f 1129/436/1070 1130/215/1070 1622/215/1070 1621/436/1070
f 1051/287/1071 1052/296/1071 1544/296/1071 1543/287/1071
f 1467/194/765 1468/364/765 1960/364/765 1959/194/765
f 1300/449/1072 1301/171/1072 1793/171/1072 1792/449/1072
f 1409/97/1073 1410/96/1073 1902/96/1073 1901/97/1073
f 1043/475/1074 1044/474/1074 1536/474/1074 1535/475/1074
f 1204/176/1075 1205/374/1075 1697/374/1075 1696/176/1075
f 1459/368/1076 1460/334/1076 1952/334/1076 1951/368/1076
f 1378/103/1077 1379/105/1077 1871/105/1077 1870/103/1077
f 1292/200/1078 1293/124/1078 1785/124/1078 1784/200/1078
f 1121/274/1079 1122/314/1079 1614/314/1079 1613/274/1079
f 1035/326/1080 1036/295/1080 1528/295/1080 1527/326/1080
f 1134/432/1081 1135/431/1081 1627/431/1081 1626/432/1081
f 1284/223/991 1285/236/991 1777/236/991 1776/223/991
f 1453/245/1082 1454/12/1082 1946/12/1082 1945/245/1082
f 1389/26/1083 1390/138/1083 1882/138/1083 1881/26/1083
f 1027/478/1084 1028/299/1084 1520/299/1084 1519/478/1084
f 1370/93/1085 1371/190/1085 1863/190/1085 1862/93/1085
f 1276/111/761 1277/473/761 1769/473/761 1768/111/761
f 1196/196/1086 1197/195/1086 1689/195/1086 1688/196/1086
f 1113/135/1087 1114/134/1087 1606/134/1087 1605/135/1087
f 1019/281/1088 1020/357/1088 1512/357/1088 1511/281/1088
f 1451/129/1089 1452/355/1089 1944/355/1089 1943/129/1089
f 1188/394/1090 1189/366/1090 1681/366/1090 1680/394/1090
f 1362/55/1091 1363/63/1091 1855/63/1091 1854/55/1091
f 1443/209/1092 1444/315/1092 1936/315/1092 1935/209/1092
f 1126/38/1093 1127/438/1093 1619/438/1093 1618/38/1093
f 1105/450/1094 1106/451/1094 1598/451/1094 1597/450/1094
f 1381/151/1095 1382/243/1095 1874/243/1095 1873/151/1095
f 1268/133/1096 1269/132/1096 1761/132/1096 1760/133/1096
f 1447/345/1097 1448/392/1097 1940/392/1097 1939/345/1097
f 1354/29/1098 1355/192/1098 1847/192/1098 1846/29/1098
f 1011/463/1099 1012/332/1099 1504/332/1099 1503/463/1099
f 1097/453/1100 1098/269/1100 1590/269/1100 1589/453/1100
f 1260/367/1101 1261/1/1101 1753/1/1101 1752/367/1101
f 1180/381/1102 1181/380/1102 1673/380/1102 1672/381/1102
f 1118/267/1103 1119/67/1103 1611/67/1103 1610/267/1103
f 1003/252/1104 1004/484/1104 1496/484/1104 1495/252/1104
f 1435/329/1105 1436/123/1105 1928/123/1105 1927/329/1105
f 1373/193/1106 1374/247/1106 1866/247/1106 1865/193/1106
f 1346/19/1107 1347/78/1107 1839/78/1107 1838/19/1107
f 1089/455/1108 1090/457/1108 1582/457/1108 1581/455/1108
f 1427/301/1109 1428/300/1109 1920/300/1109 1919/301/1109
f 1338/62/1110 1339/467/1110 1831/467/1110 1830/62/1110
f 1110/342/1111 1111/9/1111 1603/9/1111 1602/342/1111
f 1081/65/1112 1082/459/1112 1574/459/1112 1573/65/1112
f 1252/284/1113 1253/283/1113 1745/283/1113 1744/284/1113
f 1365/47/1114 1366/341/1114 1858/341/1114 1857/47/1114
f 1330/246/1115 1331/21/1115 1823/21/1115 1822/246/1115
f 995/330/1116 996/197/1116 1488/197/1116 1487/330/1116
f 1073/221/1117 1074/362/1117 1566/362/1117 1565/221/1117
f 1244/146/1118 1245/237/1118 1737/237/1118 1736/146/1118
f 1322/152/1119 1323/13/1119 1815/13/1119 1814/152/1119
f 987/199/1120 988/198/1120 1480/198/1120 1479/199/1120
f 1419/263/1121 1420/297/1121 1912/297/1121 1911/263/1121
f 1065/470/1122 1066/419/1122 1558/419/1122 1557/470/1122
f 1116/460/1123 1117/353/1123 1609/353/1123 1608/460/1123
f 1234/173/844 1235/122/844 1727/122/844 1726/173/844
f 1357/49/1124 1358/48/1124 1850/48/1124 1849/49/1124
f 1017/462/1125 1018/482/1125 1510/482/1125 1509/462/1125
f 1226/208/1126 1227/338/1126 1719/338/1126 1718/208/1126
f 1314/159/1127 1315/155/1127 1807/155/1127 1806/159/1127
f 1101/452/1128 1102/112/1128 1594/112/1128 1593/452/1128
f 1156/400/758 1157/323/758 1649/323/758 1648/400/758
f 1094/444/1129 1095/446/1129 1587/446/1129 1586/444/1129
f 1057/169/1130 1058/114/1130 1550/114/1130 1549/169/1130
f 1411/371/1131 1412/270/1131 1904/270/1131 1903/371/1131
f 1349/120/1132 1350/15/1132 1842/15/1132 1841/120/1132
f 1088/456/1133 1089/455/1133 1581/455/1133 1580/456/1133
f 1218/250/1134 1219/344/1134 1711/344/1134 1710/250/1134
f 1306/163/1135 1307/255/1135 1799/255/1135 1798/163/1135
f 1473/214/765 1474/37/765 1966/37/765 1965/214/765
f 1341/213/1136 1342/477/1136 1834/477/1136 1833/213/1136
f 1049/262/1137 1050/203/1137 1542/203/1137 1541/262/1137
f 1148/422/1138 1149/421/1138 1641/421/1138 1640/422/1138
f 1403/273/1139 1404/185/1139 1896/185/1139 1895/273/1139
f 1333/86/1140 1334/51/1140 1826/51/1140 1825/86/1140
f 1298/212/1141 1299/211/1141 1791/211/1141 1790/212/1141
f 1041/461/1142 1042/410/1142 1534/410/1142 1533/461/1142
f 1070/35/1137 1071/34/1137 1563/34/1137 1562/35/1137
f 1325/31/1143 1326/106/1143 1818/106/1143 1817/31/1143
f 1140/428/1144 1141/427/1144 1633/427/1144 1632/428/1144
f 1062/466/1145 1063/469/1145 1555/469/1145 1554/466/1145
f 1290/225/1146 1291/220/1146 1783/220/1146 1782/225/1146
f 1210/219/1147 1211/376/1147 1703/376/1147 1702/219/1147
f 1395/95/1148 1396/75/1148 1888/75/1148 1887/95/1148
f 1317/150/1149 1318/82/1149 1810/82/1149 1809/150/1149
f 1033/115/1150 1034/183/1150 1526/183/1150 1525/115/1150
f 1465/292/1151 1466/354/1151 1958/354/1151 1957/292/1151
f 1054/359/1152 1055/182/1152 1547/182/1152 1546/359/1152
f 1384/80/1153 1385/149/1153 1877/149/1153 1876/80/1153
f 1145/425/890 1146/424/890 1638/424/890 1637/425/890
f 1282/216/1154 1283/224/1154 1775/224/1154 1774/216/1154
f 1132/434/1155 1133/433/1155 1625/433/1155 1624/434/1155
f 1127/438/1156 1128/437/1156 1620/437/1156 1619/438/1156
f 1025/360/1157 1026/479/1157 1518/479/1157 1517/360/1157
f 1232/275/1158 1233/258/1158 1725/258/1158 1724/275/1158
f 1387/187/1159 1388/27/1159 1880/27/1159 1879/187/1159
f 1046/408/1160 1047/17/1160 1539/17/1160 1538/408/1160
f 1224/316/1161 1225/340/1161 1717/340/1161 1716/316/1161
f 1202/128/1162 1203/358/1162 1695/358/1162 1694/128/1162
f 1301/171/1163 1302/109/1163 1794/109/1163 1793/171/1163
f 1457/370/1164 1458/369/1164 1950/369/1164 1949/370/1164
f 1146/424/724 1147/423/724 1639/423/724 1638/424/724
f 1194/390/1165 1195/389/1165 1687/389/1165 1686/390/1165
f 1124/441/1166 1125/439/1166 1617/439/1166 1616/441/1166
f 1038/201/1167 1039/18/1167 1531/18/1167 1530/201/1167
f 1449/251/1168 1450/130/1168 1942/130/1168 1941/251/1168
f 1379/105/1169 1380/119/1169 1872/119/1169 1871/105/1169
f 1293/124/1170 1294/234/1170 1786/234/1170 1785/124/1170
f 1216/175/1171 1217/174/1171 1709/174/1171 1708/175/1171
f 1274/22/1172 1275/110/1172 1767/110/1172 1766/22/1172
f 1471/303/765 1472/346/765 1964/346/765 1963/303/765
f 1186/100/1173 1187/99/1173 1679/99/1173 1678/100/1173
f 1165/414/1174 1166/416/1174 1658/416/1174 1657/414/1174
f 1266/23/1175 1267/42/1175 1759/42/1175 1758/23/1175
f 1441/336/1176 1442/210/1176 1934/210/1176 1933/336/1176
f 895/187/515 896/27/515 1388/27/515 1387/187/515
f 499/144/1177 500/143/1177 992/143/1177 991/144/1177
f 1686/390/1165 1687/389/1165 2179/389/1165 2178/390/1165
f 1616/441/1166 1617/439/1166 2109/439/1166 2108/441/1166
f 1530/201/1167 1531/18/1167 2023/18/1167 2022/201/1167
f 1941/251/1168 1942/130/1168 2434/130/1168 2433/251/1168
f 1871/105/1169 1872/119/1169 2364/119/1169 2363/105/1169
f 1785/124/1170 1786/234/1170 2278/234/1170 2277/124/1170
f 1766/22/1172 1767/110/1172 2259/110/1172 2258/22/1172
f 1678/100/1173 1679/99/1173 2171/99/1173 2170/100/1173
f 1657/414/1174 1658/416/1174 2150/416/1174 2149/414/1174
f 1758/23/1175 1759/42/1175 2251/42/1175 2250/23/1175
f 1933/336/1176 1934/210/1176 2426/210/1176 2425/336/1176
f 1948/257/1178 1949/370/1178 2441/370/1178 2440/257/1178
f 1501/59/1179 1502/58/1179 1994/58/1179 1993/59/1179
f 1670/396/1180 1671/398/1180 2163/398/1180 2162/396/1180
f 1863/190/1181 1864/191/1181 2356/191/1181 2355/190/1181
f 1777/236/722 1778/239/722 2270/239/722 2269/236/722
f 1691/383/1182 1692/382/1182 2184/382/1182 2183/383/1182
f 1925/325/723 1926/327/723 2418/327/723 2417/325/723
f 1663/406/1158 1664/319/1158 2156/319/1158 2155/406/1158
f 1676/321/725 1677/322/725 2169/322/725 2168/321/725
f 1940/392/1034 1941/251/1034 2433/251/1034 2432/392/1034
f 1600/41/726 1601/40/726 2093/40/726 2092/41/726
f 1514/481/727 1515/480/727 2007/480/727 2006/481/727
f 1683/385/1036 1684/384/1036 2176/384/1036 2175/385/1036
f 1750/148/1183 1751/147/1183 2243/147/1183 2242/148/1183
f 1855/63/729 1856/54/729 2348/54/729 2347/63/729
f 1769/473/730 1770/73/730 2262/73/730 2261/473/730
f 1662/403/733 1663/406/733 2155/406/733 2154/403/733
f 1506/489/734 1507/488/734 1999/488/734 1998/489/734
f 1761/132/736 1762/260/736 2254/260/736 2253/132/736
f 1932/83/1046 1933/336/1046 2425/336/1046 2424/83/1046
f 1742/178/737 1743/285/737 2235/285/737 2234/178/737
f 1592/7/739 1593/452/739 2085/452/739 2084/7/739
f 1675/289/1049 1676/321/1049 2168/321/1049 2167/289/1049
f 1485/142/1184 1486/472/1184 1978/472/1184 1977/142/1184
f 1847/192/741 1848/166/741 2340/166/741 2339/192/741
f 1734/3/742 1735/2/742 2227/2/742 2226/3/742
f 1498/312/743 1499/311/743 1991/311/743 1990/312/743
f 1477/141/1185 1478/140/1185 1970/140/1185 1969/141/1185
f 1584/44/1186 1585/454/1186 2077/454/1186 2076/44/1186
f 1753/1/746 1754/158/746 2246/158/746 2245/1/746
f 1839/78/747 1840/77/747 2332/77/747 2331/78/747
f 1490/492/748 1491/491/748 1983/491/748 1982/492/748
f 1745/283/749 1746/69/749 2238/69/749 2237/283/749
f 1924/324/1058 1925/325/1058 2417/325/1058 2416/324/1058
f 1909/264/750 1910/266/750 2402/266/750 2401/264/750
f 1831/467/751 1832/52/751 2324/52/751 2323/467/751
f 1482/352/753 1483/144/753 1975/144/753 1974/352/753
f 1737/237/754 1738/70/754 2230/70/754 2229/237/754
f 1568/386/1187 1569/464/1187 2061/464/1187 2060/386/1187
f 1516/361/756 1517/360/756 2009/360/756 2008/361/756
f 1916/232/1188 1917/231/1188 2409/231/1188 2408/232/1188
f 1646/309/758 1647/101/758 2139/101/758 2138/309/758
f 1823/21/759 1824/87/759 2316/87/759 2315/21/759
f 1729/328/1189 1730/271/1189 2222/271/1189 2221/328/1189
f 1659/205/761 1660/204/761 2152/204/761 2151/205/761
f 1560/363/1190 1561/222/1190 2053/222/1190 2052/363/1190
f 1815/13/763 1816/32/763 2308/32/763 2307/13/763
f 1721/333/764 1722/85/764 2214/85/764 2213/333/764
f 1968/253/967 1477/141/967 1969/141/967 2460/253/967
f 1522/36/766 1523/172/766 2015/172/766 2014/36/766
f 1552/5/768 1553/465/768 2045/465/768 2044/5/768
f 1807/155/770 1808/154/770 2300/154/770 2299/155/770
f 1713/351/771 1714/448/771 2206/448/771 2205/351/771
f 1908/265/1191 1909/264/1191 2401/264/1191 2400/265/1191
f 1893/91/774 1894/90/774 2386/90/774 2385/91/774
f 1544/296/775 1545/308/775 2037/308/775 2036/296/775
f 1651/407/758 1652/405/758 2144/405/758 2143/407/758
f 1799/255/777 1800/170/777 2292/170/777 2291/255/777
f 1505/60/778 1506/489/778 1998/489/778 1997/60/778
f 1536/474/779 1537/409/779 2029/409/779 2028/474/779
f 1791/211/780 1792/449/780 2284/449/780 2283/211/780
f 1579/46/781 1580/456/781 2072/456/781 2071/46/781
f 1962/402/765 1963/303/765 2455/303/765 2454/402/765
f 1900/116/782 1901/97/782 2393/97/782 2392/116/782
f 1877/149/783 1878/153/783 2370/153/783 2369/149/783
f 1705/218/784 1706/217/784 2198/217/784 2197/218/784
f 1643/418/785 1644/412/785 2136/412/785 2135/418/785
f 1528/295/787 1529/202/787 2021/202/787 2020/295/787
f 1667/379/788 1668/395/788 2160/395/788 2159/379/788
f 1510/482/790 1511/281/790 2003/281/790 2002/482/790
f 1783/220/791 1784/200/791 2276/200/791 2275/220/791
f 1614/314/792 1615/442/792 2107/442/792 2106/314/792
f 1869/118/793 1870/103/793 2362/103/793 2361/118/793
f 1892/207/794 1893/91/794 2385/91/794 2384/207/794
f 1520/299/796 1521/298/796 2013/298/796 2012/299/796
f 1954/372/797 1955/294/797 2447/294/797 2446/372/797
f 1635/305/798 1636/304/798 2128/304/798 2127/305/798
f 1775/224/1192 1776/223/1192 2268/223/1192 2267/224/1192
f 1697/374/800 1698/373/800 2190/373/800 2189/374/800
f 1617/439/801 1618/38/801 2110/38/801 2109/439/801
f 1606/134/802 1607/279/802 2099/279/802 2098/134/802
f 1861/76/804 1862/93/804 2354/93/804 2353/76/804
f 1512/357/805 1513/356/805 2005/356/805 2004/357/805
f 1946/12/1193 1947/11/1193 2439/11/1193 2438/12/1193
f 1884/125/807 1885/162/807 2377/162/807 2376/125/807
f 1767/110/773 1768/111/773 2260/111/773 2259/110/773
f 1689/195/809 1690/378/809 2182/378/809 2181/195/809
f 1627/431/1194 1628/348/1194 2120/348/1194 2119/431/1194
f 1598/451/811 1599/189/811 2091/189/811 2090/451/811
f 1853/56/1195 1854/55/1195 2346/55/1195 2345/56/1195
f 1859/71/814 1860/72/814 2352/72/814 2351/71/814
f 1504/332/815 1505/60/815 1997/60/815 1996/332/815
f 1630/430/1196 1631/429/1196 2123/429/1196 2122/430/1196
f 1759/42/817 1760/133/817 2252/133/817 2251/42/817
f 1938/349/818 1939/345/818 2431/345/818 2430/349/818
f 1631/429/819 1632/428/819 2124/428/819 2123/429/819
f 1681/366/820 1682/365/820 2174/365/820 2173/366/820
f 1655/206/758 1656/415/758 2148/415/758 2147/206/758
f 1845/117/821 1846/29/821 2338/29/821 2337/117/821
f 1496/484/822 1497/483/822 1989/483/822 1988/484/822
f 1885/162/823 1886/161/823 2378/161/823 2377/162/823
f 1868/30/824 1869/118/824 2361/118/824 2360/30/824
f 1642/420/826 1643/418/826 2135/418/826 2134/420/826
f 1751/147/1197 1752/367/1197 2244/367/1197 2243/147/1197
f 1649/323/786 1650/320/786 2142/320/786 2141/323/786
f 1611/67/828 1612/66/828 2104/66/828 2103/67/828
f 1582/457/829 1583/45/829 2075/45/829 2074/457/829
f 1674/290/830 1675/289/830 2167/289/830 2166/290/830
f 1837/20/831 1838/19/831 2330/19/831 2329/20/831
f 1488/197/1198 1489/139/1198 1981/139/1198 1980/197/1198
f 1860/72/833 1861/76/833 2353/76/833 2352/72/833
f 1743/285/834 1744/284/834 2236/284/834 2235/285/834
f 1603/9/835 1604/268/835 2096/268/835 2095/9/835
f 1574/459/837 1575/278/837 2067/278/837 2066/459/837
f 1922/272/1199 1923/318/1199 2415/318/1199 2414/272/1199
f 1829/64/840 1830/62/840 2322/62/840 2321/64/840
f 1735/2/841 1736/146/841 2228/146/841 2227/2/841
f 1665/288/842 1666/399/842 2158/399/842 2157/288/842
f 1566/362/843 1567/387/843 2059/387/843 2058/362/843
f 1727/122/844 1728/121/844 2220/121/844 2219/122/844
f 1852/57/1200 1853/56/1200 2345/56/1200 2344/57/1200
f 1821/102/1201 1822/246/1201 2314/246/1201 2313/102/1201
f 1595/39/848 1596/188/848 2088/188/848 2087/39/848
f 1956/293/1202 1957/292/1202 2449/292/1202 2448/293/1202
f 1699/241/850 1700/240/850 2192/240/850 2191/241/850
f 1719/338/851 1720/337/851 2212/337/851 2211/338/851
f 1914/226/852 1915/249/852 2407/249/852 2406/226/852
f 1844/104/821 1845/117/821 2337/117/821 2336/104/821
f 1813/291/853 1814/152/853 2306/152/853 2305/291/853
f 1711/344/854 1712/343/854 2204/343/854 2203/344/854
f 1587/446/1203 1588/136/1203 2080/136/1203 2079/446/1203
f 1550/114/856 1551/6/856 2043/6/856 2042/114/856
f 1805/107/1204 1806/159/1204 2298/159/1204 2297/107/1204
f 1724/275/1205 1725/258/1205 2217/258/1205 2216/275/1205
f 1917/231/859 1918/306/859 2410/306/859 2409/231/859
f 1716/316/1161 1717/340/1161 2209/340/1161 2208/316/1161
f 1542/203/861 1543/287/861 2035/287/861 2034/203/861
f 1797/164/862 1798/163/862 2290/163/862 2289/164/862
f 1836/92/1206 1837/20/1206 2329/20/1206 2328/92/1206
f 1534/410/864 1535/475/864 2027/475/864 2026/410/864
f 1906/248/865 1907/228/865 2399/228/865 2398/248/865
f 1664/319/866 1665/288/866 2157/288/866 2156/319/866
f 1789/127/1207 1790/212/1207 2282/212/1207 2281/127/1207
f 1960/364/765 1961/393/765 2453/393/765 2452/364/765
f 1828/61/869 1829/64/869 2321/64/869 2320/61/869
f 1703/376/871 1704/375/871 2196/375/871 2195/376/871
f 1571/440/872 1572/313/872 2064/313/872 2063/440/872
f 1708/175/1171 1709/174/1171 2201/174/1171 2200/175/1171
f 1526/183/873 1527/326/873 2019/326/873 2018/183/873
f 1961/393/765 1962/402/765 2454/402/765 2453/393/765
f 1963/303/765 1964/346/765 2456/346/765 2455/303/765
f 1781/229/1208 1782/225/1208 2274/225/1208 2273/229/1208
f 1898/339/875 1899/411/875 2391/411/875 2390/339/875
f 1518/479/876 1519/478/876 2011/478/876 2010/479/876
f 1890/302/877 1891/447/877 2383/447/877 2382/302/877
f 1820/177/1209 1821/102/1209 2313/102/1209 2312/177/1209
f 1773/160/879 1774/216/879 2266/216/879 2265/160/879
f 1952/334/880 1953/335/880 2445/335/880 2444/334/880
f 1633/427/881 1634/426/881 2126/426/881 2125/427/881
f 1563/34/882 1564/33/882 2056/33/882 2055/34/882
f 1695/358/884 1696/176/884 2188/176/884 2187/358/884
f 1654/417/758 1655/206/758 2147/206/758 2146/417/758
f 1558/419/886 1559/468/886 2051/468/886 2050/419/886
f 1812/244/887 1813/291/887 2305/291/887 2304/244/887
f 1555/469/889 1556/388/889 2048/388/889 2047/469/889
f 1700/240/731 1701/377/731 2193/377/731 2192/240/731
f 1765/43/890 1766/22/890 2258/22/890 2257/43/890
f 1882/138/891 1883/126/891 2375/126/891 2374/138/891
f 1804/277/1210 1805/107/1210 2297/107/1210 2296/277/1210
f 1955/294/732 1956/293/732 2448/293/732 2447/294/732
f 1944/355/894 1945/245/894 2437/245/894 2436/355/894
f 1625/433/895 1626/432/895 2118/432/895 2117/433/895
f 1547/182/896 1548/181/896 2040/181/896 2039/182/896
f 1692/382/1211 1693/10/1211 2185/10/1211 2184/382/1211
f 1502/58/898 1503/463/898 1995/463/898 1994/58/898
f 1687/389/854 1688/196/854 2180/196/854 2179/389/854
f 1796/167/900 1797/164/900 2289/164/900 2288/167/900
f 1947/11/738 1948/257/738 2440/257/738 2439/11/738
f 1757/24/901 1758/23/901 2250/23/901 2249/24/901
f 1539/17/902 1540/16/902 2032/16/902 2031/17/902
f 1936/315/904 1937/350/904 2429/350/904 2428/315/904
f 1540/16/905 1541/262/905 2033/262/905 2032/16/905
f 1679/99/907 1680/394/907 2172/394/907 2171/99/907
f 1788/25/908 1789/127/908 2281/127/908 2280/25/908
f 1494/486/910 1495/252/910 1987/252/910 1986/486/910
f 1874/243/911 1875/145/911 2367/145/911 2366/243/911
f 1531/18/912 1532/476/912 2024/476/912 2023/18/912
f 1749/280/914 1750/148/914 2242/148/914 2241/280/914
f 1673/380/915 1674/290/915 2166/290/915 2165/380/915
f 1590/269/1212 1591/8/1212 2083/8/1212 2082/269/1212
f 1780/233/1213 1781/229/1213 2273/229/1213 2272/233/1213
f 1928/123/919 1929/259/919 2421/259/919 2420/123/919
f 1523/172/920 1524/113/920 2016/113/920 2015/172/920
f 1931/84/752 1932/83/752 2424/83/752 2423/84/752
f 1671/398/921 1672/381/921 2164/381/921 2163/398/921
f 1486/472/923 1487/330/923 1979/330/923 1978/472/923
f 1920/300/924 1921/230/924 2413/230/924 2412/300/924
f 1866/247/925 1867/28/925 2359/28/925 2358/247/925
f 1741/179/1214 1742/178/1214 2234/178/1214 2233/179/1214
f 1609/353/1215 1610/267/1215 2102/267/1215 2101/353/1215
f 1772/256/730 1773/160/730 2265/160/730 2264/256/730
f 1634/426/930 1635/305/930 2127/305/930 2126/426/930
f 1801/165/931 1802/401/931 2294/401/931 2293/165/931
f 1515/480/932 1516/361/932 2008/361/932 2007/480/932
f 1478/140/934 1479/199/934 1971/199/934 1970/140/934
f 1764/131/935 1765/43/935 2257/43/935 2256/131/935
f 1733/156/937 1734/3/937 2226/3/937 2225/156/937
f 1507/488/938 1508/485/938 2000/485/938 1999/488/938
f 1889/74/939 1890/302/939 2382/302/939 2381/74/939
f 1912/297/1216 1913/227/1216 2405/227/1216 2404/297/1216
f 1668/395/1217 1669/397/1217 2161/397/1217 2160/395/1217
f 1725/258/941 1726/173/941 2218/173/941 2217/258/941
f 1858/341/942 1859/71/942 2351/71/942 2350/341/942
f 1923/318/769 1924/324/769 2416/324/769 2415/318/769
f 1717/340/944 1718/208/944 2210/208/944 2209/340/944
f 1601/40/945 1602/342/945 2094/342/945 2093/40/945
f 1756/89/947 1757/24/947 2249/24/947 2248/89/947
f 1660/204/773 1661/404/773 2153/404/773 2152/204/773
f 1883/126/949 1884/125/949 2376/125/949 2375/126/949
f 1850/48/950 1851/53/950 2343/53/950 2342/48/950
f 1499/311/951 1500/282/951 1992/282/951 1991/311/951
f 1915/249/776 1916/232/776 2408/232/776 2407/249/776
f 1966/37/765 1967/254/765 2459/254/765 2458/37/765
f 1748/238/952 1749/280/952 2241/280/952 2240/238/952
f 1709/174/953 1710/250/953 2202/250/953 2201/174/953
f 1491/491/954 1492/490/954 1984/490/954 1983/491/954
f 1904/270/955 1905/307/955 2397/307/955 2396/270/955
f 1842/15/956 1843/14/956 2335/14/956 2334/15/956
f 1740/180/1218 1741/179/1218 2233/179/1218 2232/180/1218
f 1647/101/758 1648/400/758 2140/400/758 2139/101/758
f 1585/454/1219 1586/444/1219 2078/444/1219 2077/454/1219
f 1483/144/960 1484/143/960 1976/143/960 1975/144/960
f 1930/276/1220 1931/84/1220 2423/84/1220 2422/276/1220
f 1732/186/963 1733/156/963 2225/156/963 2224/186/963
f 1652/405/786 1653/413/786 2145/413/786 2144/405/786
f 1896/185/964 1897/184/964 2389/184/964 2388/185/964
f 1622/215/965 1623/435/965 2115/435/965 2114/215/965
f 1730/271/966 1731/98/966 2223/98/966 2222/271/966
f 1907/228/1221 1908/265/1221 2400/265/1221 2399/228/1221
f 1958/354/967 1959/194/967 2451/194/967 2450/354/967
f 1639/423/1222 1640/422/1222 2132/422/1222 2131/423/1222
f 1834/477/969 1835/88/969 2327/88/969 2326/477/969
f 1722/85/1223 1723/331/1223 2215/331/1223 2214/85/1223
f 1701/377/972 1702/219/972 2194/219/972 2193/377/972
f 1577/445/1224 1578/458/1224 2070/458/1224 2069/445/1224
f 1714/448/974 1715/317/974 2207/317/974 2206/448/974
f 1641/421/733 1642/420/733 2134/420/733 2133/421/733
f 1644/412/795 1645/310/795 2137/310/795 2136/412/795
f 1826/51/1225 1827/50/1225 2319/50/1225 2318/51/1225
f 1899/411/1226 1900/116/1226 2392/116/1226 2391/411/1226
f 1888/75/979 1889/74/979 2381/74/979 2380/75/979
f 1569/464/980 1570/4/980 2062/4/980 2061/464/980
f 1950/369/1227 1951/368/1227 2443/368/1227 2442/369/1227
f 1818/106/982 1819/79/982 2311/79/982 2310/106/982
f 1693/10/1228 1694/128/1228 2186/128/1228 2185/10/1228
f 1561/222/1229 1562/35/1229 2054/35/1229 2053/222/1229
f 1636/304/803 1637/425/803 2129/425/803 2128/304/803
f 1656/415/758 1657/414/758 2149/414/758 2148/415/758
f 1810/82/987 1811/81/987 2303/81/987 2302/82/987
f 1706/217/988 1707/242/988 2199/242/988 2198/217/988
f 1891/447/808 1892/207/808 2384/207/808 2383/447/808
f 1493/487/989 1494/486/989 1986/486/989 1985/487/989
f 1553/465/990 1554/466/990 2046/466/990 2045/465/990
f 1942/130/992 1943/129/992 2435/129/992 2434/130/992
f 1880/27/993 1881/26/993 2373/26/993 2372/27/993
f 1685/391/994 1686/390/994 2178/390/994 2177/391/994
f 1623/435/1230 1624/434/1230 2116/434/1230 2115/435/1230
f 1628/348/1231 1629/347/1231 2121/347/1231 2120/348/1231
f 1802/401/996 1803/168/996 2295/168/996 2294/401/996
f 1545/308/998 1546/359/998 2038/359/998 2037/308/998
f 1934/210/1000 1935/209/1000 2427/209/1000 2426/210/1000
f 1794/109/1001 1795/108/1001 2287/108/1001 2286/109/1001
f 1677/322/1002 1678/100/1002 2170/100/1002 2169/322/1002
f 1872/119/1003 1873/151/1003 2365/151/1003 2364/119/1003
f 1537/409/1004 1538/408/1004 2030/408/1004 2029/409/1004
f 1698/373/1005 1699/241/1005 2191/241/1005 2190/373/1005
f 1615/442/1006 1616/441/1006 2108/441/1006 2107/442/1006
f 1953/335/1007 1954/372/1007 2446/372/1007 2445/335/1007
f 1926/327/1008 1927/329/1008 2419/329/1008 2418/327/1008
f 1786/234/1009 1787/137/1009 2279/137/1009 2278/234/1009
f 1875/145/825 1876/80/825 2368/80/825 2367/145/825
f 1669/397/1010 1670/396/1010 2162/396/1010 2161/397/1010
f 1864/191/1011 1865/193/1011 2357/193/1011 2356/191/1011
f 1529/202/1012 1530/201/1012 2022/201/1012 2021/202/1012
f 1778/239/1013 1779/235/1013 2271/235/1013 2270/239/1013
f 1690/378/1232 1691/383/1232 2183/383/1232 2182/378/1232
f 1521/298/1015 1522/36/1015 2014/36/1015 2013/298/1015
f 1770/73/730 1771/94/730 2263/94/730 2262/73/730
f 1612/66/836 1613/274/836 2105/274/836 2104/66/836
f 1918/306/1016 1919/301/1016 2411/301/1016 2410/306/1016
f 1513/356/1017 1514/481/1017 2006/481/1017 2005/356/1017
f 1867/28/839 1868/30/839 2360/30/839 2359/28/839
f 1661/404/795 1662/403/795 2154/403/795 2153/404/795
f 1856/54/1018 1857/47/1018 2349/47/1018 2348/54/1018
f 1762/260/1019 1763/261/1019 2255/261/1019 2254/260/1019
f 1682/365/1020 1683/385/1020 2175/385/1020 2174/365/1020
f 1599/189/1021 1600/41/1021 2092/41/1021 2091/189/1021
f 1937/350/1022 1938/349/1022 2430/349/1022 2429/350/1022
f 1604/268/846 1605/135/846 2097/135/846 2096/268/846
f 1754/158/1023 1755/157/1023 2247/157/1023 2246/158/1023
f 1497/483/1024 1498/312/1024 1990/312/1024 1989/483/1024
f 1576/443/1025 1577/445/1025 2069/445/1025 2068/443/1025
f 1910/266/1233 1911/263/1233 2403/263/1233 2402/266/1233
f 1746/69/1028 1747/68/1028 2239/68/1028 2238/69/1028
f 1929/259/1029 1930/276/1029 2422/276/1029 2421/259/1029
f 1653/413/758 1654/417/758 2146/417/758 2145/413/758
f 1848/166/1031 1849/49/1031 2341/49/1031 2340/166/1031
f 1489/139/1032 1490/492/1032 1982/492/1032 1981/139/1032
f 1570/4/1033 1571/440/1033 2063/440/1033 2062/4/1033
f 1591/8/1234 1592/7/1234 2084/7/1234 2083/8/1234
f 1666/399/899 1667/379/899 2159/379/899 2158/399/899
f 1596/188/858 1597/450/858 2089/450/858 2088/188/858
f 1738/70/1037 1739/286/1037 2231/286/1037 2230/70/1037
f 1921/230/1235 1922/272/1235 2414/272/1235 2413/230/1235
f 1851/53/1236 1852/57/1236 2344/57/1236 2343/53/1236
f 1840/77/1039 1841/120/1039 2333/120/1039 2332/77/1039
f 1481/471/1040 1482/352/1040 1974/352/1040 1973/471/1040
f 1902/96/1041 1903/371/1041 2395/371/1041 2394/96/1041
f 1583/45/1042 1584/44/1042 2076/44/1042 2075/45/1042
f 1684/384/1043 1685/391/1043 2177/391/1043 2176/384/1043
f 1645/310/1044 1646/309/1044 2138/309/1044 2137/310/1044
f 1728/121/1237 1729/328/1237 2221/328/1237 2220/121/1237
f 1658/416/1045 1659/205/1045 2151/205/1045 2150/416/1045
f 1588/136/1238 1589/453/1238 2081/453/1238 2080/136/1238
f 1832/52/1047 1833/213/1047 2325/213/1047 2324/52/1047
f 1913/227/1239 1914/226/1239 2406/226/1239 2405/227/1239
f 1843/14/870 1844/104/870 2336/104/870 2335/14/870
f 1607/279/1050 1608/460/1050 2100/460/1050 2099/279/1050
f 1575/278/1051 1576/443/1051 2068/443/1051 2067/278/1051
f 1720/337/1052 1721/333/1052 2213/333/1052 2212/337/1052
f 1894/90/1240 1895/273/1240 2387/273/1240 2386/90/1240
f 1824/87/1054 1825/86/1054 2317/86/1054 2316/87/1054
f 1712/343/1055 1713/351/1055 2205/351/1055 2204/343/1055
f 1567/387/1241 1568/386/1241 2060/386/1241 2059/387/1241
f 1967/254/765 1968/253/765 2460/253/765 2459/254/765
f 1816/32/1057 1817/31/1057 2309/31/1057 2308/32/1057
f 1650/320/758 1651/407/758 2143/407/758 2142/320/758
f 1886/161/1059 1887/95/1059 2379/95/1059 2378/161/1059
f 1559/468/1060 1560/363/1060 2052/363/1060 2051/468/1060
f 1905/307/1061 1906/248/1061 2398/248/1061 2397/307/1061
f 1835/88/1242 1836/92/1242 2328/92/1242 2327/88/1242
f 1629/347/1243 1630/430/1243 2122/430/1243 2121/347/1243
f 1620/437/1063 1621/436/1063 2113/436/1063 2112/437/1063
f 1572/313/885 1573/65/885 2065/65/885 2064/313/885
f 1808/154/1064 1809/150/1064 2301/150/1064 2300/154/1064
f 1827/50/1244 1828/61/1244 2320/61/1244 2319/50/1244
f 1551/6/1065 1552/5/1065 2044/5/1065 2043/6/1065
f 1897/184/1066 1898/339/1066 2390/339/1066 2389/184/1066
f 1564/33/893 1565/221/893 2057/221/893 2056/33/893
f 1878/153/1067 1879/187/1067 2371/187/1067 2370/153/1067
f 1800/170/1068 1801/165/1068 2293/165/1068 2292/170/1068
f 1704/375/1069 1705/218/1069 2197/218/1069 2196/375/1069
f 1819/79/897 1820/177/897 2312/177/897 2311/79/897
f 1621/436/1245 1622/215/1245 2114/215/1245 2113/436/1245
f 1543/287/1071 1544/296/1071 2036/296/1071 2035/287/1071
f 1959/194/765 1960/364/765 2452/364/765 2451/194/765
f 1792/449/1072 1793/171/1072 2285/171/1072 2284/449/1072
f 1901/97/1073 1902/96/1073 2394/96/1073 2393/97/1073
f 1556/388/903 1557/470/903 2049/470/903 2048/388/903
f 1535/475/1074 1536/474/1074 2028/474/1074 2027/475/1074
f 1696/176/1075 1697/374/1075 2189/374/1075 2188/176/1075
f 1811/81/906 1812/244/906 2304/244/906 2303/81/906
f 1951/368/1076 1952/334/1076 2444/334/1076 2443/368/1076
f 1548/181/909 1549/169/909 2041/169/909 2040/181/909
f 1870/103/1077 1871/105/1077 2363/105/1077 2362/103/1077
f 1784/200/1078 1785/124/1078 2277/124/1078 2276/200/1078
f 1803/168/913 1804/277/913 2296/277/913 2295/168/913
f 1613/274/1079 1614/314/1079 2106/314/1079 2105/274/1079
f 1527/326/1080 1528/295/1080 2020/295/1080 2019/326/1080
f 1626/432/1081 1627/431/1081 2119/431/1081 2118/432/1081
f 1776/223/1246 1777/236/1246 2269/236/1246 2268/223/1246
f 1945/245/1082 1946/12/1082 2438/12/1082 2437/245/1082
f 1881/26/1083 1882/138/1083 2374/138/1083 2373/26/1083
f 1795/108/918 1796/167/918 2288/167/918 2287/108/918
f 1519/478/1247 1520/299/1247 2012/299/1247 2011/478/1247
f 1862/93/1085 1863/190/1085 2355/190/1085 2354/93/1085
f 1768/111/761 1769/473/761 2261/473/761 2260/111/761
f 1688/196/1086 1689/195/1086 2181/195/1086 2180/196/1086
f 1532/476/922 1533/461/922 2025/461/922 2024/476/922
f 1605/135/1087 1606/134/1087 2098/134/1087 2097/135/1087
f 1511/281/1088 1512/357/1088 2004/357/1088 2003/281/1088
f 1943/129/1089 1944/355/1089 2436/355/1089 2435/129/1089
f 1787/137/926 1788/25/926 2280/25/926 2279/137/926
f 1524/113/1248 1525/115/1248 2017/115/1248 2016/113/1248
f 1680/394/1090 1681/366/1090 2173/366/1090 2172/394/1090
f 1779/235/1249 1780/233/1249 2272/233/1249 2271/235/1249
f 1854/55/1250 1855/63/1250 2347/63/1250 2346/55/1250
f 1935/209/1251 1936/315/1251 2428/315/1251 2427/209/1251
f 1618/38/1093 1619/438/1093 2111/438/1093 2110/38/1093
f 1480/198/936 1481/471/936 1973/471/936 1972/198/936
f 1597/450/1094 1598/451/1094 2090/451/1094 2089/450/1094
f 1873/151/1095 1874/243/1095 2366/243/1095 2365/151/1095
f 1760/133/1096 1761/132/1096 2253/132/1096 2252/133/1096
f 1939/345/1097 1940/392/1097 2432/392/1097 2431/345/1097
f 1846/29/1098 1847/192/1098 2339/192/1098 2338/29/1098
f 1503/463/1099 1504/332/1099 1996/332/1099 1995/463/1099
f 1771/94/943 1772/256/943 2264/256/943 2263/94/943
f 1589/453/1100 1590/269/1100 2082/269/1100 2081/453/1100
f 1752/367/1252 1753/1/1252 2245/1/1252 2244/367/1252
f 1672/381/1102 1673/380/1102 2165/380/1102 2164/381/1102
f 1610/267/1103 1611/67/1103 2103/67/1103 2102/267/1103
f 1508/485/946 1509/462/946 2001/462/946 2000/485/946
f 1495/252/1253 1496/484/1253 1988/484/1253 1987/252/1253
f 1927/329/1105 1928/123/1105 2420/123/1105 2419/329/1105
f 1865/193/1254 1866/247/1254 2358/247/1254 2357/193/1254
f 1763/261/948 1764/131/948 2256/131/948 2255/261/948
f 1838/19/1107 1839/78/1107 2331/78/1107 2330/19/1107
f 1581/455/1108 1582/457/1108 2074/457/1108 2073/455/1108
f 1919/301/1255 1920/300/1255 2412/300/1255 2411/301/1255
f 1830/62/1110 1831/467/1110 2323/467/1110 2322/62/1110
f 1602/342/1111 1603/9/1111 2095/9/1111 2094/342/1111
f 1573/65/1112 1574/459/1112 2066/459/1112 2065/65/1112
f 1744/284/1113 1745/283/1113 2237/283/1113 2236/284/1113
f 1857/47/1114 1858/341/1114 2350/341/1114 2349/47/1114
f 1500/282/1256 1501/59/1256 1993/59/1256 1992/282/1256
f 1822/246/1115 1823/21/1115 2315/21/1115 2314/246/1115
f 1487/330/1116 1488/197/1116 1980/197/1116 1979/330/1116
f 1755/157/961 1756/89/961 2248/89/961 2247/157/961
f 1565/221/1117 1566/362/1117 2058/362/1117 2057/221/1117
f 1736/146/1118 1737/237/1118 2229/237/1118 2228/146/1118
f 1814/152/1119 1815/13/1119 2307/13/1119 2306/152/1119
f 1479/199/1120 1480/198/1120 1972/198/1120 1971/199/1120
f 1911/263/1257 1912/297/1257 2404/297/1257 2403/263/1257
f 1557/470/1122 1558/419/1122 2050/419/1122 2049/470/1122
f 1608/460/1123 1609/353/1123 2101/353/1123 2100/460/1123
f 1726/173/844 1727/122/844 2219/122/844 2218/173/844
f 1849/49/1124 1850/48/1124 2342/48/1124 2341/49/1124
f 1492/490/971 1493/487/971 1985/487/971 1984/490/971
f 1747/68/975 1748/238/975 2240/238/975 2239/68/975
f 1509/462/1125 1510/482/1125 2002/482/1125 2001/462/1125
f 1718/208/1126 1719/338/1126 2211/338/1126 2210/208/1126
f 1484/143/976 1485/142/976 1977/142/976 1976/143/976
f 1806/159/1127 1807/155/1127 2299/155/1127 2298/159/1127
f 1593/452/1128 1594/112/1128 2086/112/1128 2085/452/1128
f 1648/400/758 1649/323/758 2141/323/758 2140/400/758
f 1586/444/1129 1587/446/1129 2079/446/1129 2078/444/1129
f 1739/286/978 1740/180/978 2232/180/978 2231/286/978
f 1549/169/1130 1550/114/1130 2042/114/1130 2041/169/1130
f 1903/371/1131 1904/270/1131 2396/270/1131 2395/371/1131
f 1841/120/1132 1842/15/1132 2334/15/1132 2333/120/1132
f 1580/456/1133 1581/455/1133 2073/455/1133 2072/456/1133
f 1710/250/1134 1711/344/1134 2203/344/1134 2202/250/1134
f 1731/98/983 1732/186/983 2224/186/983 2223/98/983
f 1798/163/1135 1799/255/1135 2291/255/1135 2290/163/1135
f 1965/214/765 1966/37/765 2458/37/765 2457/214/765
f 1833/213/1136 1834/477/1136 2326/477/1136 2325/213/1136
f 1594/112/986 1595/39/986 2087/39/986 2086/112/986
f 1541/262/1137 1542/203/1137 2034/203/1137 2033/262/1137
f 1640/422/1138 1641/421/1138 2133/421/1138 2132/422/1138
f 1895/273/1073 1896/185/1073 2388/185/1073 2387/273/1073
f 1825/86/1140 1826/51/1140 2318/51/1140 2317/86/1140
f 1723/331/991 1724/275/991 2216/275/991 2215/331/991
f 1790/212/1141 1791/211/1141 2283/211/1141 2282/212/1141
f 1533/461/1142 1534/410/1142 2026/410/1142 2025/461/1142
f 1562/35/1137 1563/34/1137 2055/34/1137 2054/35/1137
f 1817/31/1143 1818/106/1143 2310/106/1143 2309/31/1143
f 1715/317/997 1716/316/997 2208/316/997 2207/317/997
f 1632/428/1144 1633/427/1144 2125/427/1144 2124/428/1144
f 1554/466/1145 1555/469/1145 2047/469/1145 2046/466/1145
f 1782/225/1146 1783/220/1146 2275/220/1146 2274/225/1146
f 1702/219/1147 1703/376/1147 2195/376/1147 2194/219/1147
f 1887/95/1148 1888/75/1148 2380/75/1148 2379/95/1148
f 1809/150/1149 1810/82/1149 2302/82/1149 2301/150/1149
f 1578/458/1258 1579/46/1258 2071/46/1258 2070/458/1258
f 1525/115/1259 1526/183/1259 2018/183/1259 2017/115/1259
f 1957/292/1151 1958/354/1151 2450/354/1151 2449/292/1151
f 1546/359/1152 1547/182/1152 2039/182/1152 2038/359/1152
f 1876/80/1153 1877/149/1153 2369/149/1153 2368/80/1153
f 1637/425/890 1638/424/890 2130/424/890 2129/425/890
f 1774/216/1154 1775/224/1154 2267/224/1154 2266/216/1154
f 1624/434/1260 1625/433/1260 2117/433/1260 2116/434/1260
f 1619/438/1156 1620/437/1156 2112/437/1156 2111/438/1156
f 1964/346/765 1965/214/765 2457/214/765 2456/346/765
f 1517/360/1157 1518/479/1157 2010/479/1157 2009/360/1157
f 1879/187/1159 1880/27/1159 2372/27/1159 2371/187/1159
f 1538/408/1160 1539/17/1160 2031/17/1160 2030/408/1160
f 1707/242/733 1708/175/733 2200/175/733 2199/242/733
f 1694/128/1162 1695/358/1162 2187/358/1162 2186/128/1162
f 1793/171/1163 1794/109/1163 2286/109/1163 2285/171/1163
f 1178/396/1180 1179/398/1180 1671/398/1180 1670/396/1180
f 1009/59/1179 1010/58/1179 1502/58/1179 1501/59/1179
f 2245/1/1261 2226/3/1261 2227/2/1261
f 2062/4/1262 2043/6/1262 2044/5/1262
f 2084/7/1262 2095/9/1262 2083/8/1262
f 2185/10/1262 2438/12/1262 2439/11/1262
f 2307/13/1262 2334/15/1262 2335/14/1262
f 2032/16/1262 2023/18/1262 2031/17/1262
f 2330/19/1263 2315/21/1263 2329/20/1263
f 2258/22/1264 2249/24/1264 2250/23/1264
f 2280/25/1262 2372/27/1262 2373/26/1262
f 2359/28/1262 2360/30/1262 2338/29/1262
f 2309/31/1262 2334/15/1262 2308/32/1262
f 2056/33/37 2054/35/37 2055/34/37
f 2014/36/1262 2110/38/1262 2458/37/1262
f 2087/39/1262 2092/41/1262 2093/40/1262
f 2251/42/1262 2257/43/1262 2258/22/1262
f 2076/44/37 2071/46/37 2075/45/37
f 2349/47/1265 2341/49/1265 2342/48/1265
f 2319/50/1262 2324/52/1262 2318/51/1262
f 2343/53/1262 2348/54/1262 2342/48/1262
f 2346/55/1262 2344/57/1262 2345/56/1262
f 1994/58/1262 1997/60/1262 1993/59/1262
f 2320/61/1262 2322/62/1262 2319/50/1262
f 2346/55/1262 2347/63/1262 2344/57/1262
f 2321/64/1262 2322/62/1262 2320/61/1262
f 2347/63/1262 2348/54/1262 2343/53/1262
f 2065/65/1266 2103/67/1266 2104/66/1266
f 2348/54/1267 2349/47/1267 2342/48/1267
f 2239/68/1262 2230/70/1262 2238/69/1262
f 2351/71/37 2352/72/37 2341/49/37
f 2262/73/250 2380/75/250 2381/74/250
f 2352/72/169 2353/76/169 2341/49/169
f 2332/77/1262 2311/79/1262 2331/78/1262
f 2368/80/1261 2302/82/1261 2303/81/1261
f 2424/83/1264 2214/85/1264 2423/84/1264
f 2317/86/1262 2327/88/1262 2316/87/1262
f 2248/89/1268 2385/91/1268 2386/90/1268
f 2329/20/1262 2316/87/1262 2328/92/1262
f 2353/76/1262 2354/93/1262 2341/49/1262
f 2308/32/1262 2334/15/1262 2307/13/1262
f 2263/94/306 2379/95/306 2380/75/306
f 2394/96/1262 2223/98/1262 2393/97/1262
f 2171/99/1262 2139/101/1262 2170/100/1262
f 2331/78/1262 2313/102/1262 2330/19/1262
f 2362/103/1262 2363/105/1262 2336/104/1262
f 2311/79/1262 2332/77/1262 2310/106/1262
f 2297/107/306 2286/109/306 2287/108/306
f 2259/110/1262 2260/111/1262 2249/24/1262
f 2087/39/1262 2093/40/1262 2086/112/1262
f 2016/113/1263 2017/115/1263 2042/114/1263
f 2393/97/1262 2223/98/1262 2392/116/1262
f 2360/30/1262 2361/118/1262 2337/117/1262
f 2363/105/1262 2364/119/1262 2336/104/1262
f 2310/106/1262 2333/120/1262 2309/31/1262
f 2259/110/1262 2249/24/1262 2258/22/1262
f 2220/121/83 2420/123/83 2219/122/83
f 2277/124/1262 2375/126/1262 2376/125/1262
f 2281/127/1262 2372/27/1262 2280/25/1262
f 2186/128/306 2434/130/306 2435/129/306
f 2256/131/706 2252/133/706 2253/132/706
f 2098/134/1262 2080/136/1262 2097/135/1262
f 2279/137/1262 2373/26/1262 2374/138/1262
f 1981/139/1269 1969/141/1269 1970/140/1269
f 1977/142/1262 1975/144/1262 1976/143/1262
f 2368/80/1262 2303/81/1262 2367/145/1262
f 2228/146/1268 2242/148/1268 2243/147/1268
f 2369/149/1262 2302/82/1262 2368/80/1262
f 2302/82/1262 2369/149/1262 2301/150/1262
f 2365/151/1270 2306/152/1270 2364/119/1270
f 2370/153/1262 2300/154/1262 2369/149/1262
f 2299/155/1271 2300/154/1271 2370/153/1271
f 2225/156/306 2246/158/306 2247/157/306
f 2298/159/1262 2286/109/1262 2297/107/1262
f 2265/160/1263 2377/162/1263 2378/161/1263
f 2290/163/1262 2293/165/1262 2289/164/1262
f 2341/49/1262 2354/93/1262 2340/166/1262
f 2289/164/1262 2295/168/1262 2288/167/1262
f 2042/114/1262 2017/115/1262 2041/169/1262
f 2292/170/1262 2293/165/1262 2290/163/1262
f 2043/6/1262 2016/113/1262 2042/114/1262
f 2299/155/1262 2285/171/1262 2298/159/1262
f 2015/172/1262 2110/38/1262 2014/36/1262
f 2219/122/1262 2420/123/1262 2218/173/1262
f 2201/174/1262 2188/176/1262 2200/175/1262
f 2331/78/1261 2312/177/1261 2313/102/1261
f 2234/178/1262 2232/180/1262 2233/179/1262
f 2280/25/636 2373/26/636 2279/137/636
f 2228/146/1262 2243/147/1262 2227/2/1262
f 2040/181/1262 2018/183/1262 2039/182/1262
f 2389/184/1262 2224/186/1262 2388/185/1262
f 2372/27/1262 2281/127/1262 2371/187/1262
f 2088/188/1262 2091/189/1262 2092/41/1262
f 2355/190/1262 2356/191/1262 2340/166/1262
f 2356/191/1262 2357/193/1262 2339/192/1262
f 2451/194/1261 2180/196/1261 2181/195/1261
f 2386/90/1262 2224/186/1262 2225/156/1262
f 1980/197/250 1971/199/250 1972/198/250
f 2277/124/1262 2376/125/1262 2276/200/1262
f 2022/201/1262 2034/203/1262 2021/202/1262
f 2152/204/1262 2147/206/1262 2151/205/1262
f 2260/111/1262 2384/207/1262 2249/24/1262
f 2210/208/250 2426/210/250 2427/209/250
f 2371/187/1271 2282/212/1271 2283/211/1271
f 2248/89/1264 2384/207/1264 2385/91/1264
f 2325/213/306 2317/86/306 2318/51/306
f 2458/37/1262 2114/215/1262 2457/214/1262
f 2266/216/1262 2377/162/1262 2265/160/1262
f 2198/217/1263 2194/219/1263 2197/218/1263
f 2275/220/1262 2276/200/1262 2266/216/1262
f 2057/221/1262 2053/222/1262 2056/33/1262
f 2268/223/1262 2274/225/1262 2267/224/1262
f 2406/226/1262 2399/228/1262 2405/227/1262
f 2273/229/1272 2274/225/1272 2268/223/1272
f 2267/224/1273 2275/220/1273 2266/216/1273
f 2413/230/1262 2408/232/1262 2409/231/1262
f 2272/233/1262 2273/229/1262 2268/223/1262
f 2278/234/1262 2375/126/1262 2277/124/1262
f 2271/235/1271 2272/233/1271 2269/236/1271
f 2230/70/1266 2240/238/1266 2229/237/1266
f 2270/239/37 2271/235/37 2269/236/37
f 2192/240/1262 2199/242/1262 2191/241/1262
f 2279/137/1262 2375/126/1262 2278/234/1262
f 2310/106/1262 2332/77/1262 2333/120/1262
f 2367/145/1262 2304/244/1262 2366/243/1262
f 2298/159/306 2285/171/306 2286/109/306
f 2185/10/1262 2437/245/1262 2438/12/1262
f 2330/19/250 2314/246/250 2315/21/250
f 2357/193/1262 2358/247/1262 2339/192/1262
f 2406/226/306 2407/249/306 2398/248/306
f 2202/250/1266 2433/251/1266 2201/174/1266
f 1987/252/1262 2459/254/1262 2460/253/1262
f 2367/145/1268 2303/81/1268 2304/244/1268
f 2291/255/1262 2292/170/1262 2290/163/1262
f 2329/20/1266 2315/21/1266 2316/87/1266
f 2354/93/1262 2355/190/1262 2340/166/1262
f 2358/247/1262 2359/28/1262 2338/29/1262
f 2264/256/1262 2379/95/1262 2263/94/1262
f 2369/149/1274 2300/154/1274 2301/150/1274
f 2185/10/1262 2439/11/1262 2440/257/1262
f 2218/173/1262 2421/259/1262 2217/258/1262
f 2337/117/1262 2362/103/1262 2336/104/1262
f 2371/187/1262 2283/211/1262 2370/153/1262
f 2252/133/1262 2257/43/1262 2251/42/1262
f 2256/131/370 2257/43/370 2252/133/370
f 2398/248/1261 2399/228/1261 2406/226/1261
f 2254/260/1262 2255/261/1262 2253/132/1262
f 2023/18/1262 2033/262/1262 2022/201/1262
f 2403/263/1266 2400/265/1266 2401/264/1266
f 2399/228/1262 2400/265/1262 2405/227/1262
f 2402/266/1262 2403/263/1262 2401/264/1262
f 2186/128/1270 2435/129/1270 2185/10/1270
f 2065/65/1266 2102/267/1266 2103/67/1266
f 2096/268/1262 2082/269/1262 2083/8/1262
f 2396/270/1262 2414/272/1262 2222/271/1262
f 2387/273/83 2224/186/83 2386/90/83
f 2065/65/1261 2104/66/1261 2105/274/1261
f 2226/3/1262 2246/158/1262 2225/156/1262
f 2217/258/1262 2422/276/1262 2216/275/1262
f 2309/31/306 2333/120/306 2334/15/306
f 2288/167/1261 2295/168/1261 2296/277/1261
f 2067/278/1262 2098/134/1262 2099/279/1262
f 2229/237/1262 2242/148/1262 2228/146/1262
f 2241/280/1270 2242/148/1270 2229/237/1270
f 2240/238/1262 2241/280/1262 2229/237/1262
f 2239/68/1264 2240/238/1264 2230/70/1264
f 2344/57/1262 2347/63/1262 2343/53/1262
f 2003/281/1262 2459/254/1262 1992/282/1262
f 2237/283/1262 2238/69/1262 2230/70/1262
f 2236/284/1262 2237/283/1262 2230/70/1262
f 2235/285/1262 2236/284/1262 2231/286/1262
f 2234/178/1262 2235/285/1262 2231/286/1262
f 2034/203/1262 2035/287/1262 2021/202/1262
f 2157/288/306 2166/290/306 2167/289/306
f 2231/286/250 2232/180/250 2234/178/250
f 2366/243/1261 2304/244/1261 2305/291/1261
f 2264/256/1261 2378/161/1261 2379/95/1261
f 2449/292/1262 2447/294/1262 2448/293/1262
f 2088/188/1262 2092/41/1262 2087/39/1262
f 2021/202/1264 2036/296/1264 2020/295/1264
f 2404/297/1264 2400/265/1264 2403/263/1264
f 2246/158/1262 2226/3/1262 2245/1/1262
f 2458/37/306 2012/299/306 2013/298/306
f 2413/230/1271 2411/301/1271 2412/300/1271
f 2262/73/1263 2381/74/1263 2382/302/1263
f 2455/303/1261 2127/305/1261 2128/304/1261
f 2330/19/1268 2313/102/1268 2314/246/1268
f 2413/230/1263 2409/231/1263 2410/306/1263
f 2397/307/1262 2414/272/1262 2396/270/1262
f 2036/296/1262 2037/308/1262 2020/295/1262
f 2138/309/1262 2171/99/1262 2137/310/1262
f 2366/243/1262 2306/152/1262 2365/151/1262
f 2423/84/1262 2216/275/1262 2422/276/1262
f 1991/311/250 2459/254/250 1990/312/250
f 2064/313/1261 2105/274/1261 2106/314/1261
f 2428/315/1263 2207/317/1263 2208/316/1263
f 2414/272/1262 2415/318/1262 2222/271/1262
f 2156/319/1262 2168/321/1262 2142/320/1262
f 2169/322/1262 2141/323/1262 2168/321/1262
f 2416/324/1269 2417/325/1269 2222/271/1269
f 2020/295/1262 2037/308/1262 2019/326/1262
f 2361/118/1262 2362/103/1262 2337/117/1262
f 2418/327/1262 2419/329/1262 2221/328/1262
f 2419/329/1262 2420/123/1262 2220/121/1262
f 1972/198/1274 1979/330/1274 1980/197/1274
f 2386/90/1262 2225/156/1262 2248/89/1262
f 2421/259/1262 2422/276/1262 2217/258/1262
f 2214/85/1266 2215/331/1266 2423/84/1266
f 1996/332/1275 1997/60/1275 1994/58/1275
f 2213/333/1262 2214/85/1262 2424/83/1262
f 2444/334/1262 2445/335/1262 2449/292/1262
f 2213/333/1261 2424/83/1261 2425/336/1261
f 2212/337/1262 2213/333/1262 2425/336/1262
f 2212/337/1266 2425/336/1266 2426/210/1266
f 2211/338/250 2212/337/250 2426/210/250
f 2211/338/83 2426/210/83 2210/208/83
f 2390/339/306 2223/98/306 2224/186/306
f 2210/208/1262 2427/209/1262 2209/340/1262
f 2427/209/1266 2208/316/1266 2209/340/1266
f 2428/315/1262 2208/316/1262 2427/209/1262
f 2350/341/1262 2341/49/1262 2349/47/1262
f 2366/243/306 2305/291/306 2306/152/306
f 2086/112/83 2093/40/83 2094/342/83
f 1992/282/1268 2459/254/1268 1991/311/1268
f 2415/318/1262 2416/324/1262 2222/271/1262
f 2204/343/1263 2431/345/1263 2203/344/1263
f 2456/346/1263 2120/348/1263 2121/347/1263
f 2430/349/1262 2205/351/1262 2429/350/1262
f 2338/29/1262 2360/30/1262 2337/117/1262
f 1974/352/1262 1975/144/1262 1977/142/1262
f 2065/65/1263 2101/353/1263 2102/267/1263
f 2450/354/1262 2185/10/1262 2440/257/1262
f 2185/10/306 2435/129/306 2436/355/306
f 2005/356/1262 2459/254/1262 2004/357/1262
f 2350/341/1262 2351/71/1262 2341/49/1262
f 2434/130/1262 2187/358/1262 2433/251/1262
f 2221/328/1271 2419/329/1271 2220/121/1271
f 2388/185/1262 2224/186/1262 2387/273/1262
f 2316/87/1266 2327/88/1266 2328/92/1266
f 2019/326/1273 2038/359/1273 2018/183/1273
f 2458/37/1262 2008/361/1262 2009/360/1262
f 2058/362/1262 2052/363/1262 2057/221/1262
f 2452/364/1261 2173/366/1261 2174/365/1261
f 2227/2/83 2243/147/83 2244/367/83
f 2449/292/1262 2443/368/1262 2444/334/1262
f 2449/292/1268 2441/370/1268 2442/369/1268
f 2449/292/1261 2442/369/1261 2443/368/1261
f 2222/271/1262 2395/371/1262 2396/270/1262
f 2446/372/1266 2447/294/1266 2449/292/1266
f 2190/373/1262 2200/175/1262 2189/374/1262
f 2199/242/306 2200/175/306 2190/373/306
f 2198/217/1262 2199/242/1262 2192/240/1262
f 2267/224/1263 2274/225/1263 2275/220/1263
f 2196/375/1268 2197/218/1268 2195/376/1268
f 2197/218/1262 2194/219/1262 2195/376/1262
f 2192/240/1266 2193/377/1266 2198/217/1266
f 2199/242/1261 2190/373/1261 2191/241/1261
f 2451/194/1262 2181/195/1262 2182/378/1262
f 2189/374/1262 2200/175/1262 2188/176/1262
f 2187/358/1262 2188/176/1262 2201/174/1262
f 2445/335/1262 2446/372/1262 2449/292/1262
f 2215/331/1262 2216/275/1262 2423/84/1262
f 2449/292/1262 2450/354/1262 2440/257/1262
f 2159/379/306 2164/381/306 2165/380/306
f 2222/271/1261 2394/96/1261 2395/371/1261
f 2451/194/1262 2185/10/1262 2450/354/1262
f 2184/382/1268 2185/10/1268 2451/194/1268
f 2183/383/1263 2184/382/1263 2451/194/1263
f 2183/383/1266 2451/194/1266 2182/378/1266
f 2452/364/1261 2175/385/1261 2176/384/1261
f 2060/386/1261 2048/388/1261 2059/387/1261
f 2452/364/1262 2180/196/1262 2451/194/1262
f 2179/389/1262 2180/196/1262 2452/364/1262
f 2178/390/1262 2179/389/1262 2452/364/1262
f 2177/391/1262 2178/390/1262 2452/364/1262
f 2177/391/1262 2452/364/1262 2176/384/1262
f 2203/344/1262 2432/392/1262 2202/250/1262
f 2015/172/1266 2016/113/1266 2043/6/1266
f 2336/104/1262 2364/119/1262 2335/14/1262
f 2453/393/1262 2173/366/1262 2452/364/1262
f 2172/394/1262 2173/366/1262 2137/310/1262
f 2160/395/1262 2161/397/1262 2162/396/1262
f 2160/395/1266 2162/396/1266 2163/398/1266
f 2160/395/1261 2163/398/1261 2164/381/1261
f 2160/395/1262 2164/381/1262 2159/379/1262
f 2171/99/1262 2172/394/1262 2137/310/1262
f 2452/364/306 2174/365/306 2175/385/306
f 2408/232/1262 2414/272/1262 2397/307/1262
f 2185/10/1261 2436/355/1261 2437/245/1261
f 2159/379/1261 2165/380/1261 2158/399/1261
f 2170/100/1262 2140/400/1262 2169/322/1262
f 2295/168/1268 2289/164/1268 2294/401/1268
f 2279/137/250 2374/138/250 2375/126/250
f 2193/377/1262 2194/219/1262 2198/217/1262
f 2137/310/1262 2453/393/1262 2454/402/1262
f 2458/37/1262 2013/298/1262 2014/36/1262
f 2187/358/1263 2434/130/1263 2186/128/1263
f 2052/363/1262 2053/222/1262 2057/221/1262
f 2138/309/1262 2139/101/1262 2171/99/1262
f 2139/101/1262 2140/400/1262 2170/100/1262
f 2154/403/1262 2144/405/1262 2153/404/1262
f 2155/406/306 2143/407/306 2154/403/306
f 2030/408/1262 2026/410/1262 2029/409/1262
f 2392/116/1266 2223/98/1266 2391/411/1266
f 2137/310/1262 2454/402/1262 2136/412/1262
f 2153/404/1262 2145/413/1262 2152/204/1262
f 2149/414/1262 2150/416/1262 2148/415/1262
f 2146/417/306 2147/206/306 2152/204/306
f 2156/319/1262 2142/320/1262 2155/406/1262
f 2339/192/1262 2358/247/1262 2338/29/1262
f 2454/402/1262 2135/418/1262 2136/412/1262
f 2140/400/1262 2141/323/1262 2169/322/1262
f 2142/320/1262 2168/321/1262 2141/323/1262
f 2417/325/1262 2418/327/1262 2221/328/1262
f 2142/320/1262 2143/407/1262 2155/406/1262
f 2431/345/1273 2204/343/1273 2430/349/1273
f 2147/206/1262 2148/415/1262 2151/205/1262
f 2144/405/1262 2145/413/1262 2153/404/1262
f 2059/387/1266 2050/419/1266 2058/362/1266
f 2454/402/1262 2133/421/1262 2134/420/1262
f 2413/230/1276 2410/306/1276 2411/301/1276
f 2455/303/1262 2133/421/1262 2454/402/1262
f 2132/422/1262 2133/421/1262 2455/303/1262
f 2131/423/1262 2132/422/1262 2455/303/1262
f 2130/424/1262 2131/423/1262 2455/303/1262
f 2129/425/1262 2130/424/1262 2455/303/1262
f 2129/425/1262 2455/303/1262 2128/304/1262
f 2158/399/1261 2166/290/1261 2157/288/1261
f 2456/346/1262 2127/305/1262 2455/303/1262
f 2126/426/1262 2127/305/1262 2456/346/1262
f 2125/427/1262 2126/426/1262 2456/346/1262
f 2124/428/1262 2125/427/1262 2456/346/1262
f 2123/429/1273 2124/428/1273 2456/346/1273
f 2123/429/1264 2456/346/1264 2122/430/1264
f 2017/115/1262 2018/183/1262 2040/181/1262
f 2391/411/1263 2223/98/1263 2390/339/1263
f 2457/214/1262 2120/348/1262 2456/346/1262
f 2119/431/1262 2120/348/1262 2457/214/1262
f 2118/432/1262 2119/431/1262 2457/214/1262
f 2117/433/1262 2118/432/1262 2457/214/1262
f 2116/434/1262 2117/433/1262 2457/214/1262
f 2115/435/1262 2116/434/1262 2457/214/1262
f 2114/215/1262 2115/435/1262 2457/214/1262
f 2113/436/1262 2114/215/1262 2458/37/1262
f 2112/437/1262 2113/436/1262 2458/37/1262
f 2111/438/1262 2112/437/1262 2458/37/1262
f 2110/38/1268 2111/438/1268 2458/37/1268
f 2109/439/1262 2110/38/1262 2015/172/1262
f 2064/313/1276 2108/441/1276 2063/440/1276
f 2107/442/1262 2108/441/1262 2064/313/1262
f 2068/443/1262 2098/134/1262 2067/278/1262
f 2137/310/1262 2173/366/1262 2453/393/1262
f 2063/440/1262 2043/6/1262 2062/4/1262
f 2377/162/1262 2266/216/1262 2376/125/1262
f 2433/251/1262 2187/358/1262 2201/174/1262
f 2398/248/1262 2407/249/1262 2397/307/1262
f 2331/78/1266 2311/79/1266 2312/177/1266
f 2249/24/1276 2384/207/1276 2248/89/1276
f 2289/164/1262 2293/165/1262 2294/401/1262
f 2078/444/1262 2079/446/1262 2069/445/1262
f 2390/339/1266 2224/186/1266 2389/184/1266
f 2260/111/1261 2383/447/1261 2384/207/1261
f 2429/350/306 2205/351/306 2206/448/306
f 2370/153/486 2283/211/486 2284/449/486
f 2202/250/1263 2432/392/1263 2433/251/1263
f 2089/450/1262 2091/189/1262 2088/188/1262
f 2090/451/1262 2091/189/1262 2089/450/1262
f 2086/112/1262 2094/342/1262 2085/452/1262
f 2297/107/1266 2287/108/1266 2296/277/1266
f 2223/98/1262 2394/96/1262 2222/271/1262
f 2405/227/1262 2400/265/1262 2404/297/1262
f 2253/132/1262 2255/261/1262 2256/131/1262
f 2097/135/1266 2081/453/1266 2082/269/1266
f 2097/135/1262 2082/269/1262 2096/268/1262
f 2231/286/1262 2236/284/1262 2230/70/1262
f 2097/135/1268 2080/136/1268 2081/453/1268
f 2079/446/1262 2080/136/1262 2098/134/1262
f 2069/445/1262 2079/446/1262 2068/443/1262
f 2077/454/1262 2078/444/1262 2069/445/1262
f 2068/443/1262 2079/446/1262 2098/134/1262
f 2073/455/649 2074/457/649 2072/456/649
f 2371/187/1266 2281/127/1266 2282/212/1266
f 2077/454/326 2071/46/326 2076/44/326
f 2077/454/1276 2070/458/1276 2071/46/1276
f 2077/454/1263 2069/445/1263 2070/458/1263
f 2094/342/1270 2084/7/1270 2085/452/1270
f 2430/349/1261 2204/343/1261 2205/351/1261
f 2067/278/1262 2100/460/1262 2066/459/1262
f 2025/461/1262 2026/410/1262 2030/408/1262
f 2456/346/1273 2121/347/1273 2122/430/1273
f 1993/59/1262 2001/462/1262 1992/282/1262
f 2441/370/250 2449/292/250 2440/257/250
f 2227/2/250 2244/367/250 2245/1/250
f 2145/413/1262 2146/417/1262 2152/204/1262
f 2063/440/1262 2109/439/1262 2015/172/1262
f 1996/332/183 1994/58/183 1995/463/183
f 2061/464/306 2062/4/306 2045/465/306
f 2060/386/1262 2061/464/1262 2046/466/1262
f 2066/459/1261 2100/460/1261 2101/353/1261
f 2248/89/1262 2225/156/1262 2247/157/1262
f 2263/94/1262 2380/75/1262 2262/73/1262
f 2319/50/1262 2323/467/1262 2324/52/1262
f 2364/119/306 2306/152/306 2307/13/306
f 2053/222/1262 2054/35/1262 2056/33/1262
f 2050/419/1262 2051/468/1262 2058/362/1262
f 2051/468/1262 2052/363/1262 2058/362/1262
f 2047/469/1262 2048/388/1262 2060/386/1262
f 2049/470/250 2050/419/250 2059/387/250
f 2059/387/306 2048/388/306 2049/470/306
f 2307/13/1262 2335/14/1262 2364/119/1262
f 2060/386/1262 2046/466/1262 2047/469/1262
f 2061/464/1262 2045/465/1262 2046/466/1262
f 2062/4/1261 2044/5/1261 2045/465/1261
f 2043/6/1262 2063/440/1262 2015/172/1262
f 2072/456/169 2074/457/169 2075/45/169
f 2066/459/1262 2101/353/1262 2065/65/1262
f 2376/125/1262 2266/216/1262 2276/200/1262
f 1974/352/1262 1978/472/1262 1973/471/1262
f 2040/181/1262 2041/169/1262 2017/115/1262
f 2032/16/1262 2033/262/1262 2023/18/1262
f 2038/359/1262 2039/182/1262 2018/183/1262
f 2037/308/1262 2038/359/1262 2019/326/1262
f 2261/473/1273 2382/302/1273 2383/447/1273
f 2035/287/486 2036/296/486 2021/202/486
f 2065/65/1262 2105/274/1262 2064/313/1262
f 2033/262/1262 2034/203/1262 2022/201/1262
f 2413/230/1262 2414/272/1262 2408/232/1262
f 2262/73/1262 2382/302/1262 2261/473/1262
f 2151/205/250 2148/415/250 2150/416/250
f 2222/271/486 2417/325/486 2221/328/486
f 2028/474/1265 2029/409/1265 2027/475/1265
f 2029/409/1268 2026/410/1268 2027/475/1268
f 2023/18/1262 2024/476/1262 2031/17/1262
f 2030/408/1268 2024/476/1268 2025/461/1268
f 2326/477/1262 2317/86/1262 2325/213/1262
f 2319/50/1262 2322/62/1262 2323/467/1262
f 2296/277/1263 2287/108/1263 2288/167/1263
f 2083/8/1263 2095/9/1263 2096/268/1263
f 2428/315/1266 2206/448/1266 2207/317/1266
f 2158/399/306 2165/380/306 2166/290/306
f 2157/288/1261 2167/289/1261 2156/319/1261
f 2100/460/1268 2067/278/1268 2099/279/1268
f 2107/442/1262 2064/313/1262 2106/314/1262
f 2420/123/1262 2421/259/1262 2218/173/1262
f 2458/37/1262 2011/478/1262 2012/299/1262
f 2458/37/1262 2010/479/1262 2011/478/1262
f 2458/37/306 2009/360/306 2010/479/306
f 2261/473/1262 2383/447/1262 2260/111/1262
f 2269/236/1262 2272/233/1262 2268/223/1262
f 2459/254/1262 2008/361/1262 2458/37/1262
f 2459/254/1262 2007/480/1262 2008/361/1262
f 2454/402/1262 2134/420/1262 2135/418/1262
f 2007/480/1262 2459/254/1262 2006/481/1262
f 2063/440/1261 2108/441/1261 2109/439/1261
f 2006/481/1262 2459/254/1262 2005/356/1262
f 2004/357/1262 2459/254/1262 2003/281/1262
f 2002/482/1276 2003/281/1276 1992/282/1276
f 2370/153/1264 2284/449/1264 2285/171/1264
f 2429/350/1262 2206/448/1262 2428/315/1262
f 1990/312/1268 2459/254/1268 1989/483/1268
f 2001/462/1272 2002/482/1272 1992/282/1272
f 1989/483/1262 2459/254/1262 1988/484/1262
f 2000/485/1277 2001/462/1277 1993/59/1277
f 1986/486/1268 2460/253/1268 1985/487/1268
f 1999/488/429 2000/485/429 1993/59/429
f 1988/484/1262 2459/254/1262 1987/252/1262
f 1998/489/1262 1999/488/1262 1993/59/1262
f 1985/487/1262 2460/253/1262 1984/490/1262
f 1997/60/1278 1998/489/1278 1993/59/1278
f 1981/139/486 1970/140/486 1971/199/486
f 2095/9/1262 2084/7/1262 2094/342/1262
f 2318/51/1262 2324/52/1262 2325/213/1262
f 2156/319/1262 2167/289/1262 2168/321/1262
f 2327/88/1271 2317/86/1271 2326/477/1271
f 1987/252/1268 2460/253/1268 1986/486/1268
f 2203/344/306 2431/345/306 2432/392/306
f 1983/491/1262 2460/253/1262 1969/141/1262
f 2285/171/306 2299/155/306 2370/153/306
f 2265/160/1262 2378/161/1262 2264/256/1262
f 1983/491/1262 1969/141/1262 1982/492/1262
f 2031/17/1270 2024/476/1270 2030/408/1270
f 1982/492/1266 1969/141/1266 1981/139/1266
f 2075/45/1262 2071/46/1262 2072/456/1262
f 2251/42/1274 2258/22/1274 2250/23/1274
f 1977/142/1262 1978/472/1262 1974/352/1262
f 2340/166/1262 2356/191/1262 2339/192/1262
f 1981/139/598 1971/199/598 1980/197/598
f 1978/472/1262 1979/330/1262 1973/471/1262
f 1984/490/1262 2460/253/1262 1983/491/1262
f 2407/249/306 2408/232/306 2397/307/306
f 1973/471/1262 1979/330/1262 1972/198/1262
f 2143/407/1261 2144/405/1261 2154/403/1261
f 1638/424/724 1639/423/724 2131/423/724 2130/424/724
f 1949/370/1279 1950/369/1279 2442/369/1279 2441/370/1279
