# Blender 4.0.2
# www.blender.org
mtllib Quadro_L_corner.mtl
o Quadro_L_corner
v 0.094827 -0.009804 -0.599325
v 0.094827 -0.010181 -0.599325
v 0.094827 -0.011268 -0.599325
v 0.094827 -0.013001 -0.599325
v 0.094827 -0.015316 -0.599325
v 0.094827 -0.018147 -0.599325
v 0.094827 -0.021431 -0.599325
v 0.094827 -0.025101 -0.599325
v 0.094827 -0.029094 -0.599325
v 0.094827 -0.033345 -0.599325
v 0.094827 -0.037789 -0.599325
v 0.094827 -0.042362 -0.599325
v 0.094827 -0.046999 -0.599325
v 0.094827 -0.047043 -0.599325
v 0.094827 -0.047087 -0.599325
v 0.094827 -0.047131 -0.599324
v 0.094827 -0.047175 -0.599324
v 0.094827 -0.047218 -0.599322
v 0.094827 -0.047262 -0.599321
v 0.094827 -0.047304 -0.599318
v 0.094827 -0.047347 -0.599315
v 0.094827 -0.047389 -0.599310
v 0.094827 -0.047430 -0.599305
v 0.094827 -0.047471 -0.599298
v 0.094827 -0.047511 -0.599290
v 0.094827 -0.047653 -0.599270
v 0.094827 -0.047780 -0.599264
v 0.094827 -0.047893 -0.599271
v 0.094827 -0.047991 -0.599292
v 0.094827 -0.048076 -0.599328
v 0.094827 -0.048148 -0.599378
v 0.094827 -0.048206 -0.599443
v 0.094827 -0.048253 -0.599522
v 0.094827 -0.048287 -0.599617
v 0.094827 -0.048310 -0.599727
v 0.094827 -0.048321 -0.599853
v 0.094827 -0.048322 -0.599995
v 0.094827 -0.048307 -0.600379
v 0.094827 -0.048290 -0.600763
v 0.094827 -0.048271 -0.601146
v 0.094827 -0.048252 -0.601530
v 0.094827 -0.048234 -0.601914
v 0.094827 -0.048218 -0.602297
v 0.094827 -0.048206 -0.602681
v 0.094827 -0.048198 -0.603065
v 0.094827 -0.048195 -0.603448
v 0.094827 -0.048200 -0.603832
v 0.094827 -0.048212 -0.604216
v 0.094827 -0.048234 -0.604599
v 0.094827 -0.048242 -0.604906
v 0.094827 -0.048225 -0.605199
v 0.094827 -0.048184 -0.605481
v 0.094827 -0.048121 -0.605753
v 0.094827 -0.048040 -0.606015
v 0.094827 -0.047941 -0.606269
v 0.094827 -0.047826 -0.606516
v 0.094827 -0.047699 -0.606757
v 0.094827 -0.047562 -0.606993
v 0.094827 -0.047415 -0.607226
v 0.094827 -0.047262 -0.607457
v 0.094827 -0.047105 -0.607686
v 0.094827 -0.046872 -0.608016
v 0.094827 -0.046634 -0.608342
v 0.094827 -0.046392 -0.608666
v 0.094827 -0.046149 -0.608990
v 0.094827 -0.045905 -0.609313
v 0.094827 -0.045663 -0.609638
v 0.094827 -0.045425 -0.609964
v 0.094827 -0.045192 -0.610293
v 0.094827 -0.044967 -0.610626
v 0.094827 -0.044751 -0.610963
v 0.094827 -0.044546 -0.611306
v 0.094827 -0.044354 -0.611656
v 0.094827 -0.044252 -0.611834
v 0.094827 -0.044149 -0.611999
v 0.094827 -0.044044 -0.612150
v 0.094827 -0.043934 -0.612287
v 0.094827 -0.043820 -0.612410
v 0.094827 -0.043699 -0.612518
v 0.094827 -0.043570 -0.612610
v 0.094827 -0.043433 -0.612688
v 0.094827 -0.043285 -0.612750
v 0.094827 -0.043125 -0.612795
v 0.094827 -0.042953 -0.612825
v 0.094827 -0.042766 -0.612837
v 0.094827 -0.042590 -0.612835
v 0.094827 -0.042414 -0.612827
v 0.094827 -0.042238 -0.612814
v 0.094827 -0.042062 -0.612798
v 0.094827 -0.041886 -0.612779
v 0.094827 -0.041710 -0.612758
v 0.094827 -0.041535 -0.612735
v 0.094827 -0.041361 -0.612712
v 0.094827 -0.041187 -0.612689
v 0.094827 -0.041013 -0.612666
v 0.094827 -0.040840 -0.612645
v 0.094827 -0.040668 -0.612626
v 0.094827 -0.040632 -0.612621
v 0.094827 -0.040595 -0.612615
v 0.094827 -0.040557 -0.612608
v 0.094827 -0.040519 -0.612601
v 0.094827 -0.040481 -0.612594
v 0.094827 -0.040443 -0.612588
v 0.094827 -0.040406 -0.612583
v 0.094827 -0.040370 -0.612580
v 0.094827 -0.040335 -0.612579
v 0.094827 -0.040303 -0.612580
v 0.094827 -0.040272 -0.612583
v 0.094827 -0.040244 -0.612590
v 0.094827 -0.040020 -0.612673
v 0.094827 -0.039796 -0.612743
v 0.094827 -0.039573 -0.612801
v 0.094827 -0.039349 -0.612844
v 0.094827 -0.039127 -0.612872
v 0.094827 -0.038904 -0.612884
v 0.094827 -0.038681 -0.612878
v 0.094827 -0.038459 -0.612854
v 0.094827 -0.038235 -0.612811
v 0.094827 -0.038012 -0.612748
v 0.094827 -0.037788 -0.612663
v 0.094827 -0.037564 -0.612555
v 0.094827 -0.037545 -0.612543
v 0.094827 -0.037523 -0.612533
v 0.094827 -0.037499 -0.612525
v 0.094827 -0.037474 -0.612520
v 0.094827 -0.037448 -0.612517
v 0.094827 -0.037420 -0.612516
v 0.094827 -0.037393 -0.612517
v 0.094827 -0.037365 -0.612520
v 0.094827 -0.037338 -0.612525
v 0.094827 -0.037312 -0.612533
v 0.094827 -0.037287 -0.612543
v 0.094827 -0.037264 -0.612555
v 0.094827 -0.036997 -0.612682
v 0.094827 -0.036728 -0.612773
v 0.094827 -0.036456 -0.612835
v 0.094827 -0.036181 -0.612871
v 0.094827 -0.035905 -0.612886
v 0.094827 -0.035628 -0.612886
v 0.094827 -0.035350 -0.612875
v 0.094827 -0.035072 -0.612857
v 0.094827 -0.034794 -0.612838
v 0.094827 -0.034516 -0.612822
v 0.094827 -0.034240 -0.612815
v 0.094827 -0.033966 -0.612820
v 0.094827 -0.033784 -0.612818
v 0.094827 -0.033626 -0.612787
v 0.094827 -0.033489 -0.612732
v 0.094827 -0.033370 -0.612655
v 0.094827 -0.033267 -0.612560
v 0.094827 -0.033179 -0.612449
v 0.094827 -0.033101 -0.612327
v 0.094827 -0.033033 -0.612197
v 0.094827 -0.032971 -0.612061
v 0.094827 -0.032914 -0.611923
v 0.094827 -0.032858 -0.611787
v 0.094827 -0.032802 -0.611656
v 0.094827 -0.032694 -0.611429
v 0.094827 -0.032591 -0.611200
v 0.094827 -0.032491 -0.610970
v 0.094827 -0.032394 -0.610738
v 0.094827 -0.032298 -0.610504
v 0.094827 -0.032204 -0.610271
v 0.094827 -0.032111 -0.610037
v 0.094827 -0.032017 -0.609804
v 0.094827 -0.031921 -0.609572
v 0.094827 -0.031824 -0.609341
v 0.094827 -0.031724 -0.609112
v 0.094827 -0.031620 -0.608886
v 0.094827 -0.031469 -0.608597
v 0.094827 -0.031298 -0.608337
v 0.094827 -0.031109 -0.608105
v 0.094827 -0.030902 -0.607901
v 0.094827 -0.030678 -0.607723
v 0.094827 -0.030438 -0.607572
v 0.094827 -0.030184 -0.607445
v 0.094827 -0.029917 -0.607343
v 0.094827 -0.029636 -0.607264
v 0.094827 -0.029344 -0.607207
v 0.094827 -0.029041 -0.607172
v 0.094827 -0.028728 -0.607157
v 0.094827 -0.027842 -0.607154
v 0.094827 -0.026955 -0.607151
v 0.094827 -0.026069 -0.607150
v 0.094827 -0.025183 -0.607149
v 0.094827 -0.024298 -0.607150
v 0.094827 -0.023413 -0.607151
v 0.094827 -0.022528 -0.607152
v 0.094827 -0.021643 -0.607153
v 0.094827 -0.020759 -0.607155
v 0.094827 -0.019876 -0.607156
v 0.094827 -0.018993 -0.607157
v 0.094827 -0.018111 -0.607157
v 0.094827 -0.015272 -0.607157
v 0.094827 -0.013050 -0.607156
v 0.094827 -0.011322 -0.607155
v 0.094827 -0.009964 -0.607154
v 0.094827 -0.008853 -0.607153
v 0.094827 -0.007866 -0.607153
v 0.094827 -0.006879 -0.607153
v 0.094827 -0.005769 -0.607155
v 0.094827 -0.004413 -0.607157
v 0.094827 -0.002687 -0.607161
v 0.094827 -0.000469 -0.607167
v 0.094827 0.002366 -0.607175
v 0.094827 0.002363 -0.607314
v 0.094827 0.002358 -0.607700
v 0.094827 0.002349 -0.608283
v 0.094827 0.002338 -0.609013
v 0.094827 0.002326 -0.609842
v 0.094827 0.002313 -0.610721
v 0.094827 0.002300 -0.611599
v 0.094827 0.002287 -0.612428
v 0.094827 0.002276 -0.613158
v 0.094827 0.002268 -0.613741
v 0.094827 0.002262 -0.614127
v 0.094827 0.002260 -0.614266
v 0.094827 0.002398 -0.614266
v 0.094827 0.002786 -0.614263
v 0.094827 0.003384 -0.614260
v 0.094827 0.004153 -0.614255
v 0.094827 0.005053 -0.614249
v 0.094827 0.006045 -0.614242
v 0.094827 0.007088 -0.614234
v 0.094827 0.008144 -0.614224
v 0.094827 0.009172 -0.614214
v 0.094827 0.010133 -0.614203
v 0.094827 0.010987 -0.614191
v 0.094827 0.011695 -0.614178
v 0.094827 0.011691 -0.614037
v 0.094827 0.011679 -0.613648
v 0.094827 0.011663 -0.613059
v 0.094827 0.011644 -0.612321
v 0.094827 0.011626 -0.611483
v 0.094827 0.011609 -0.610595
v 0.094827 0.011598 -0.609707
v 0.094827 0.011593 -0.608868
v 0.094827 0.011599 -0.608128
v 0.094827 0.011616 -0.607536
v 0.094827 0.011647 -0.607143
v 0.094827 0.011695 -0.606999
v 0.094827 0.012069 -0.606991
v 0.094827 0.012565 -0.606987
v 0.094827 0.013161 -0.606985
v 0.094827 0.013834 -0.606983
v 0.094827 0.014560 -0.606982
v 0.094827 0.015315 -0.606981
v 0.094827 0.016077 -0.606978
v 0.094827 0.016823 -0.606972
v 0.094827 0.017529 -0.606964
v 0.094827 0.018171 -0.606951
v 0.094827 0.018727 -0.606934
v 0.094827 0.019173 -0.606910
v 0.094827 0.019201 -0.606985
v 0.094827 0.019244 -0.607215
v 0.094827 0.019308 -0.607570
v 0.094827 0.019401 -0.608018
v 0.094827 0.019529 -0.608531
v 0.094827 0.019698 -0.609076
v 0.094827 0.019915 -0.609623
v 0.094827 0.020186 -0.610142
v 0.094827 0.020517 -0.610602
v 0.094827 0.020916 -0.610972
v 0.094827 0.021389 -0.611221
v 0.094827 0.021942 -0.611320
v 0.094827 0.022310 -0.611324
v 0.094827 0.022793 -0.611327
v 0.094827 0.023368 -0.611329
v 0.094827 0.024016 -0.611330
v 0.094827 0.024715 -0.611329
v 0.094827 0.025443 -0.611327
v 0.094827 0.026180 -0.611323
v 0.094827 0.026905 -0.611316
v 0.094827 0.027597 -0.611308
v 0.094827 0.028234 -0.611297
v 0.094827 0.028796 -0.611284
v 0.094827 0.029261 -0.611267
v 0.094827 0.029406 -0.611268
v 0.094827 0.029711 -0.611269
v 0.094827 0.030145 -0.611270
v 0.094827 0.030676 -0.611271
v 0.094827 0.031272 -0.611273
v 0.094827 0.031900 -0.611274
v 0.094827 0.032529 -0.611275
v 0.094827 0.033126 -0.611275
v 0.094827 0.033659 -0.611275
v 0.094827 0.034095 -0.611274
v 0.094827 0.034404 -0.611271
v 0.094827 0.034552 -0.611267
v 0.094827 0.034786 -0.611318
v 0.094827 0.035018 -0.611465
v 0.094827 0.035250 -0.611689
v 0.094827 0.035482 -0.611970
v 0.094827 0.035713 -0.612290
v 0.094827 0.035943 -0.612628
v 0.094827 0.036174 -0.612965
v 0.094827 0.036403 -0.613281
v 0.094827 0.036633 -0.613557
v 0.094827 0.036863 -0.613773
v 0.094827 0.037092 -0.613910
v 0.094827 0.037321 -0.613949
v 0.094827 0.037344 -0.613948
v 0.094827 0.037367 -0.613946
v 0.094827 0.037390 -0.613944
v 0.094827 0.037415 -0.613940
v 0.094827 0.037439 -0.613937
v 0.094827 0.037465 -0.613933
v 0.094827 0.037490 -0.613930
v 0.094827 0.037516 -0.613928
v 0.094827 0.037542 -0.613926
v 0.094827 0.037568 -0.613926
v 0.094827 0.037595 -0.613928
v 0.094827 0.037621 -0.613931
v 0.094827 0.037825 -0.613953
v 0.094827 0.038030 -0.613981
v 0.094827 0.038237 -0.614013
v 0.094827 0.038444 -0.614047
v 0.094827 0.038651 -0.614081
v 0.094827 0.038858 -0.614112
v 0.094827 0.039063 -0.614138
v 0.094827 0.039267 -0.614156
v 0.094827 0.039469 -0.614164
v 0.094827 0.039668 -0.614161
v 0.094827 0.039863 -0.614142
v 0.094827 0.040055 -0.614108
v 0.094827 0.040327 -0.614056
v 0.094827 0.040596 -0.614031
v 0.094827 0.040863 -0.614026
v 0.094827 0.041129 -0.614038
v 0.094827 0.041393 -0.614062
v 0.094827 0.041655 -0.614092
v 0.094827 0.041917 -0.614124
v 0.094827 0.042179 -0.614153
v 0.094827 0.042441 -0.614174
v 0.094827 0.042703 -0.614183
v 0.094827 0.042966 -0.614174
v 0.094827 0.043230 -0.614143
v 0.094827 0.043367 -0.614112
v 0.094827 0.043505 -0.614074
v 0.094827 0.043644 -0.614031
v 0.094827 0.043783 -0.613985
v 0.094827 0.043922 -0.613940
v 0.094827 0.044061 -0.613896
v 0.094827 0.044198 -0.613857
v 0.094827 0.044333 -0.613824
v 0.094827 0.044467 -0.613800
v 0.094827 0.044598 -0.613788
v 0.094827 0.044727 -0.613790
v 0.094827 0.044852 -0.613808
v 0.094827 0.044984 -0.613845
v 0.094827 0.045114 -0.613886
v 0.094827 0.045244 -0.613929
v 0.094827 0.045374 -0.613973
v 0.094827 0.045504 -0.614015
v 0.094827 0.045635 -0.614055
v 0.094827 0.045766 -0.614090
v 0.094827 0.045900 -0.614119
v 0.094827 0.046035 -0.614140
v 0.094827 0.046173 -0.614152
v 0.094827 0.046313 -0.614154
v 0.094827 0.046457 -0.614143
v 0.094827 0.046585 -0.614125
v 0.094827 0.046714 -0.614108
v 0.094827 0.046843 -0.614090
v 0.094827 0.046973 -0.614072
v 0.094827 0.047103 -0.614055
v 0.094827 0.047233 -0.614037
v 0.094827 0.047363 -0.614019
v 0.094827 0.047493 -0.614002
v 0.094827 0.047623 -0.613984
v 0.094827 0.047752 -0.613966
v 0.094827 0.047881 -0.613949
v 0.094827 0.048009 -0.613931
v 0.094827 0.048040 -0.613927
v 0.094827 0.048071 -0.613922
v 0.094827 0.048102 -0.613918
v 0.094827 0.048132 -0.613915
v 0.094827 0.048163 -0.613912
v 0.094827 0.048194 -0.613909
v 0.094827 0.048225 -0.613907
v 0.094827 0.048256 -0.613906
v 0.094827 0.048287 -0.613906
v 0.094827 0.048318 -0.613907
v 0.094827 0.048348 -0.613910
v 0.094827 0.048379 -0.613913
v 0.094827 0.048582 -0.613932
v 0.094827 0.048785 -0.613951
v 0.094827 0.048988 -0.613972
v 0.094827 0.049191 -0.613993
v 0.094827 0.049393 -0.614014
v 0.094827 0.049596 -0.614035
v 0.094827 0.049799 -0.614055
v 0.094827 0.050002 -0.614076
v 0.094827 0.050205 -0.614095
v 0.094827 0.050408 -0.614112
v 0.094827 0.050610 -0.614129
v 0.094827 0.050813 -0.614143
v 0.094827 0.050949 -0.614141
v 0.094827 0.051073 -0.614127
v 0.094827 0.051186 -0.614100
v 0.094827 0.051287 -0.614060
v 0.094827 0.051377 -0.614007
v 0.094827 0.051455 -0.613942
v 0.094827 0.051520 -0.613864
v 0.094827 0.051574 -0.613773
v 0.094827 0.051614 -0.613669
v 0.094827 0.051642 -0.613552
v 0.094827 0.051658 -0.613422
v 0.094827 0.051660 -0.613278
v 0.094827 0.051656 -0.612952
v 0.094827 0.051654 -0.612626
v 0.094827 0.051652 -0.612299
v 0.094827 0.051652 -0.611973
v 0.094827 0.051652 -0.611647
v 0.094827 0.051653 -0.611320
v 0.094827 0.051654 -0.610994
v 0.094827 0.051656 -0.610668
v 0.094827 0.051657 -0.610341
v 0.094827 0.051659 -0.610015
v 0.094827 0.051659 -0.609689
v 0.094827 0.051660 -0.609362
v 0.094827 0.051651 -0.609225
v 0.094827 0.051626 -0.609097
v 0.094827 0.051585 -0.608978
v 0.094827 0.051530 -0.608868
v 0.094827 0.051462 -0.608769
v 0.094827 0.051382 -0.608681
v 0.094827 0.051291 -0.608604
v 0.094827 0.051189 -0.608539
v 0.094827 0.051079 -0.608487
v 0.094827 0.050962 -0.608447
v 0.094827 0.050837 -0.608421
v 0.094827 0.050707 -0.608410
v 0.094827 0.050584 -0.608405
v 0.094827 0.050459 -0.608398
v 0.094827 0.050335 -0.608389
v 0.094827 0.050210 -0.608379
v 0.094827 0.050085 -0.608367
v 0.094827 0.049960 -0.608352
v 0.094827 0.049836 -0.608336
v 0.094827 0.049712 -0.608317
v 0.094827 0.049589 -0.608296
v 0.094827 0.049467 -0.608272
v 0.094827 0.049346 -0.608245
v 0.094827 0.049226 -0.608216
v 0.094827 0.048817 -0.608120
v 0.094827 0.048411 -0.608018
v 0.094827 0.048009 -0.607907
v 0.094827 0.047612 -0.607786
v 0.094827 0.047220 -0.607654
v 0.094827 0.046834 -0.607508
v 0.094827 0.046455 -0.607347
v 0.094827 0.046084 -0.607169
v 0.094827 0.045721 -0.606973
v 0.094827 0.045368 -0.606757
v 0.094827 0.045025 -0.606519
v 0.094827 0.044693 -0.606258
v 0.094827 0.044561 -0.606147
v 0.094827 0.044430 -0.606034
v 0.094827 0.044300 -0.605920
v 0.094827 0.044171 -0.605806
v 0.094827 0.044044 -0.605689
v 0.094827 0.043917 -0.605572
v 0.094827 0.043792 -0.605453
v 0.094827 0.043669 -0.605334
v 0.094827 0.043548 -0.605213
v 0.094827 0.043428 -0.605092
v 0.094827 0.043310 -0.604970
v 0.094827 0.043194 -0.604846
v 0.094827 0.042915 -0.604548
v 0.094827 0.042639 -0.604247
v 0.094827 0.042365 -0.603946
v 0.094827 0.042090 -0.603646
v 0.094827 0.041810 -0.603352
v 0.094827 0.041523 -0.603065
v 0.094827 0.041227 -0.602788
v 0.094827 0.040918 -0.602524
v 0.094827 0.040595 -0.602276
v 0.094827 0.040254 -0.602047
v 0.094827 0.039893 -0.601838
v 0.094827 0.039508 -0.601653
v 0.094827 0.039053 -0.601498
v 0.094827 0.038566 -0.601400
v 0.094827 0.038055 -0.601357
v 0.094827 0.037530 -0.601369
v 0.094827 0.036999 -0.601433
v 0.094827 0.036470 -0.601548
v 0.094827 0.035953 -0.601710
v 0.094827 0.035454 -0.601920
v 0.094827 0.034984 -0.602174
v 0.094827 0.034551 -0.602472
v 0.094827 0.034163 -0.602810
v 0.094827 0.033829 -0.603188
v 0.094827 0.033691 -0.603354
v 0.094827 0.033524 -0.603538
v 0.094827 0.033330 -0.603735
v 0.094827 0.033107 -0.603938
v 0.094827 0.032859 -0.604141
v 0.094827 0.032584 -0.604337
v 0.094827 0.032283 -0.604520
v 0.094827 0.031958 -0.604684
v 0.094827 0.031609 -0.604823
v 0.094827 0.031237 -0.604930
v 0.094827 0.030842 -0.604998
v 0.094827 0.030425 -0.605023
v 0.094827 0.030031 -0.605000
v 0.094827 0.029676 -0.604932
v 0.094827 0.029354 -0.604822
v 0.094827 0.029061 -0.604673
v 0.094827 0.028793 -0.604486
v 0.094827 0.028545 -0.604264
v 0.094827 0.028313 -0.604010
v 0.094827 0.028092 -0.603727
v 0.094827 0.027878 -0.603415
v 0.094827 0.027667 -0.603079
v 0.094827 0.027453 -0.602720
v 0.094827 0.027233 -0.602341
v 0.094827 0.026871 -0.601748
v 0.094827 0.026518 -0.601236
v 0.094827 0.026175 -0.600798
v 0.094827 0.025842 -0.600430
v 0.094827 0.025521 -0.600126
v 0.094827 0.025212 -0.599881
v 0.094827 0.024915 -0.599688
v 0.094827 0.024632 -0.599543
v 0.094827 0.024364 -0.599439
v 0.094827 0.024110 -0.599372
v 0.094827 0.023873 -0.599336
v 0.094827 0.023653 -0.599325
v 0.094827 0.022771 -0.599325
v 0.094827 0.022023 -0.599325
v 0.094827 0.021381 -0.599325
v 0.094827 0.020819 -0.599325
v 0.094827 0.020310 -0.599325
v 0.094827 0.019828 -0.599325
v 0.094827 0.019346 -0.599325
v 0.094827 0.018839 -0.599325
v 0.094827 0.018278 -0.599325
v 0.094827 0.017639 -0.599325
v 0.094827 0.016894 -0.599325
v 0.094827 0.016016 -0.599325
v 0.094827 0.015508 -0.599325
v 0.094827 0.014104 -0.599325
v 0.094827 0.011982 -0.599325
v 0.094827 0.009322 -0.599325
v 0.094827 0.006304 -0.599325
v 0.094827 0.003106 -0.599325
v 0.094827 -0.000091 -0.599325
v 0.094827 -0.003110 -0.599325
v 0.094827 -0.005769 -0.599325
v 0.094827 -0.007891 -0.599325
v 0.094827 -0.009296 -0.599325
v 0.108827 -0.009804 -0.599325
v 0.108827 -0.010181 -0.599325
v 0.108827 -0.011268 -0.599325
v 0.108827 -0.013001 -0.599325
v 0.108827 -0.015316 -0.599325
v 0.108827 -0.018147 -0.599325
v 0.108827 -0.021431 -0.599325
v 0.108827 -0.025101 -0.599325
v 0.108827 -0.029094 -0.599325
v 0.108827 -0.033345 -0.599325
v 0.108827 -0.037789 -0.599325
v 0.108827 -0.042362 -0.599325
v 0.108827 -0.046999 -0.599325
v 0.108827 -0.047043 -0.599325
v 0.108827 -0.047087 -0.599325
v 0.108827 -0.047131 -0.599324
v 0.108827 -0.047175 -0.599324
v 0.108827 -0.047218 -0.599322
v 0.108827 -0.047262 -0.599321
v 0.108827 -0.047304 -0.599318
v 0.108827 -0.047347 -0.599315
v 0.108827 -0.047389 -0.599310
v 0.108827 -0.047430 -0.599305
v 0.108827 -0.047471 -0.599298
v 0.108827 -0.047511 -0.599290
v 0.108827 -0.047653 -0.599270
v 0.108827 -0.047780 -0.599264
v 0.108827 -0.047893 -0.599271
v 0.108827 -0.047991 -0.599292
v 0.108827 -0.048076 -0.599328
v 0.108827 -0.048148 -0.599378
v 0.108827 -0.048206 -0.599443
v 0.108827 -0.048253 -0.599522
v 0.108827 -0.048287 -0.599617
v 0.108827 -0.048310 -0.599727
v 0.108827 -0.048321 -0.599853
v 0.108827 -0.048322 -0.599995
v 0.108827 -0.048307 -0.600379
v 0.108827 -0.048290 -0.600763
v 0.108827 -0.048271 -0.601146
v 0.108827 -0.048252 -0.601530
v 0.108827 -0.048234 -0.601914
v 0.108827 -0.048218 -0.602297
v 0.108827 -0.048206 -0.602681
v 0.108827 -0.048198 -0.603065
v 0.108827 -0.048195 -0.603448
v 0.108827 -0.048200 -0.603832
v 0.108827 -0.048212 -0.604216
v 0.108827 -0.048234 -0.604599
v 0.108827 -0.048242 -0.604906
v 0.108827 -0.048225 -0.605199
v 0.108827 -0.048184 -0.605481
v 0.108827 -0.048121 -0.605753
v 0.108827 -0.048040 -0.606015
v 0.108827 -0.047941 -0.606269
v 0.108827 -0.047826 -0.606516
v 0.108827 -0.047699 -0.606757
v 0.108827 -0.047562 -0.606993
v 0.108827 -0.047415 -0.607226
v 0.108827 -0.047262 -0.607457
v 0.108827 -0.047105 -0.607686
v 0.108827 -0.046872 -0.608016
v 0.108827 -0.046634 -0.608342
v 0.108827 -0.046392 -0.608666
v 0.108827 -0.046149 -0.608990
v 0.108827 -0.045905 -0.609313
v 0.108827 -0.045663 -0.609638
v 0.108827 -0.045425 -0.609964
v 0.108827 -0.045192 -0.610293
v 0.108827 -0.044967 -0.610626
v 0.108827 -0.044751 -0.610963
v 0.108827 -0.044546 -0.611306
v 0.108827 -0.044354 -0.611656
v 0.108827 -0.044252 -0.611834
v 0.108827 -0.044149 -0.611999
v 0.108827 -0.044044 -0.612150
v 0.108827 -0.043934 -0.612287
v 0.108827 -0.043820 -0.612410
v 0.108827 -0.043699 -0.612518
v 0.108827 -0.043570 -0.612610
v 0.108827 -0.043433 -0.612688
v 0.108827 -0.043285 -0.612750
v 0.108827 -0.043125 -0.612795
v 0.108827 -0.042953 -0.612825
v 0.108827 -0.042766 -0.612837
v 0.108827 -0.042590 -0.612835
v 0.108827 -0.042414 -0.612827
v 0.108827 -0.042238 -0.612814
v 0.108827 -0.042062 -0.612798
v 0.108827 -0.041886 -0.612779
v 0.108827 -0.041710 -0.612758
v 0.108827 -0.041535 -0.612735
v 0.108827 -0.041361 -0.612712
v 0.108827 -0.041187 -0.612689
v 0.108827 -0.041013 -0.612666
v 0.108827 -0.040840 -0.612645
v 0.108827 -0.040668 -0.612626
v 0.108827 -0.040632 -0.612621
v 0.108827 -0.040595 -0.612615
v 0.108827 -0.040557 -0.612608
v 0.108827 -0.040519 -0.612601
v 0.108827 -0.040481 -0.612594
v 0.108827 -0.040443 -0.612588
v 0.108827 -0.040406 -0.612583
v 0.108827 -0.040370 -0.612580
v 0.108827 -0.040335 -0.612579
v 0.108827 -0.040303 -0.612580
v 0.108827 -0.040272 -0.612583
v 0.108827 -0.040244 -0.612590
v 0.108827 -0.040020 -0.612673
v 0.108827 -0.039796 -0.612743
v 0.108827 -0.039573 -0.612801
v 0.108827 -0.039349 -0.612844
v 0.108827 -0.039127 -0.612872
v 0.108827 -0.038904 -0.612884
v 0.108827 -0.038681 -0.612878
v 0.108827 -0.038459 -0.612854
v 0.108827 -0.038235 -0.612811
v 0.108827 -0.038012 -0.612748
v 0.108827 -0.037788 -0.612663
v 0.108827 -0.037564 -0.612555
v 0.108827 -0.037545 -0.612543
v 0.108827 -0.037523 -0.612533
v 0.108827 -0.037499 -0.612525
v 0.108827 -0.037474 -0.612520
v 0.108827 -0.037448 -0.612517
v 0.108827 -0.037420 -0.612516
v 0.108827 -0.037393 -0.612517
v 0.108827 -0.037365 -0.612520
v 0.108827 -0.037338 -0.612525
v 0.108827 -0.037312 -0.612533
v 0.108827 -0.037287 -0.612543
v 0.108827 -0.037264 -0.612555
v 0.108827 -0.036997 -0.612682
v 0.108827 -0.036728 -0.612773
v 0.108827 -0.036456 -0.612835
v 0.108827 -0.036181 -0.612871
v 0.108827 -0.035905 -0.612886
v 0.108827 -0.035628 -0.612886
v 0.108827 -0.035350 -0.612875
v 0.108827 -0.035072 -0.612857
v 0.108827 -0.034794 -0.612838
v 0.108827 -0.034516 -0.612822
v 0.108827 -0.034240 -0.612815
v 0.108827 -0.033966 -0.612820
v 0.108827 -0.033784 -0.612818
v 0.108827 -0.033626 -0.612787
v 0.108827 -0.033489 -0.612732
v 0.108827 -0.033370 -0.612655
v 0.108827 -0.033267 -0.612560
v 0.108827 -0.033179 -0.612449
v 0.108827 -0.033101 -0.612327
v 0.108827 -0.033033 -0.612197
v 0.108827 -0.032971 -0.612061
v 0.108827 -0.032914 -0.611923
v 0.108827 -0.032858 -0.611787
v 0.108827 -0.032802 -0.611656
v 0.108827 -0.032694 -0.611429
v 0.108827 -0.032591 -0.611200
v 0.108827 -0.032491 -0.610970
v 0.108827 -0.032394 -0.610738
v 0.108827 -0.032298 -0.610504
v 0.108827 -0.032204 -0.610271
v 0.108827 -0.032111 -0.610037
v 0.108827 -0.032017 -0.609804
v 0.108827 -0.031921 -0.609572
v 0.108827 -0.031824 -0.609341
v 0.108827 -0.031724 -0.609112
v 0.108827 -0.031620 -0.608886
v 0.108827 -0.031469 -0.608597
v 0.108827 -0.031298 -0.608337
v 0.108827 -0.031109 -0.608105
v 0.108827 -0.030902 -0.607901
v 0.108827 -0.030678 -0.607723
v 0.108827 -0.030438 -0.607572
v 0.108827 -0.030184 -0.607445
v 0.108827 -0.029917 -0.607343
v 0.108827 -0.029636 -0.607264
v 0.108827 -0.029344 -0.607207
v 0.108827 -0.029041 -0.607172
v 0.108827 -0.028728 -0.607157
v 0.108827 -0.027842 -0.607154
v 0.108827 -0.026955 -0.607151
v 0.108827 -0.026069 -0.607150
v 0.108827 -0.025183 -0.607149
v 0.108827 -0.024298 -0.607150
v 0.108827 -0.023413 -0.607151
v 0.108827 -0.022528 -0.607152
v 0.108827 -0.021643 -0.607153
v 0.108827 -0.020759 -0.607155
v 0.108827 -0.019876 -0.607156
v 0.108827 -0.018993 -0.607157
v 0.108827 -0.018111 -0.607157
v 0.108827 -0.015272 -0.607157
v 0.108827 -0.013050 -0.607156
v 0.108827 -0.011322 -0.607155
v 0.108827 -0.009964 -0.607154
v 0.108827 -0.008853 -0.607153
v 0.108827 -0.007866 -0.607153
v 0.108827 -0.006879 -0.607153
v 0.108827 -0.005769 -0.607155
v 0.108827 -0.004413 -0.607157
v 0.108827 -0.002687 -0.607161
v 0.108827 -0.000469 -0.607167
v 0.108827 0.002366 -0.607175
v 0.108827 0.002363 -0.607314
v 0.108827 0.002358 -0.607700
v 0.108827 0.002349 -0.608283
v 0.108827 0.002338 -0.609013
v 0.108827 0.002326 -0.609842
v 0.108827 0.002313 -0.610721
v 0.108827 0.002300 -0.611599
v 0.108827 0.002287 -0.612428
v 0.108827 0.002276 -0.613158
v 0.108827 0.002268 -0.613741
v 0.108827 0.002262 -0.614127
v 0.108827 0.002260 -0.614266
v 0.108827 0.002398 -0.614266
v 0.108827 0.002786 -0.614263
v 0.108827 0.003384 -0.614260
v 0.108827 0.004153 -0.614255
v 0.108827 0.005053 -0.614249
v 0.108827 0.006045 -0.614242
v 0.108827 0.007088 -0.614234
v 0.108827 0.008144 -0.614224
v 0.108827 0.009172 -0.614214
v 0.108827 0.010133 -0.614203
v 0.108827 0.010987 -0.614191
v 0.108827 0.011695 -0.614178
v 0.108827 0.011691 -0.614037
v 0.108827 0.011679 -0.613648
v 0.108827 0.011663 -0.613059
v 0.108827 0.011644 -0.612321
v 0.108827 0.011626 -0.611483
v 0.108827 0.011609 -0.610595
v 0.108827 0.011598 -0.609707
v 0.108827 0.011593 -0.608868
v 0.108827 0.011599 -0.608128
v 0.108827 0.011616 -0.607536
v 0.108827 0.011647 -0.607143
v 0.108827 0.011695 -0.606999
v 0.108827 0.012069 -0.606991
v 0.108827 0.012565 -0.606987
v 0.108827 0.013161 -0.606985
v 0.108827 0.013834 -0.606983
v 0.108827 0.014560 -0.606982
v 0.108827 0.015315 -0.606981
v 0.108827 0.016077 -0.606978
v 0.108827 0.016823 -0.606972
v 0.108827 0.017529 -0.606964
v 0.108827 0.018171 -0.606951
v 0.108827 0.018727 -0.606934
v 0.108827 0.019173 -0.606910
v 0.108827 0.019201 -0.606985
v 0.108827 0.019244 -0.607215
v 0.108827 0.019308 -0.607570
v 0.108827 0.019401 -0.608018
v 0.108827 0.019529 -0.608531
v 0.108827 0.019698 -0.609076
v 0.108827 0.019915 -0.609623
v 0.108827 0.020186 -0.610142
v 0.108827 0.020517 -0.610602
v 0.108827 0.020916 -0.610972
v 0.108827 0.021389 -0.611221
v 0.108827 0.021942 -0.611320
v 0.108827 0.022310 -0.611324
v 0.108827 0.022793 -0.611327
v 0.108827 0.023368 -0.611329
v 0.108827 0.024016 -0.611330
v 0.108827 0.024715 -0.611329
v 0.108827 0.025443 -0.611327
v 0.108827 0.026180 -0.611323
v 0.108827 0.026905 -0.611316
v 0.108827 0.027597 -0.611308
v 0.108827 0.028234 -0.611297
v 0.108827 0.028796 -0.611284
v 0.108827 0.029261 -0.611267
v 0.108827 0.029406 -0.611268
v 0.108827 0.029711 -0.611269
v 0.108827 0.030145 -0.611270
v 0.108827 0.030676 -0.611271
v 0.108827 0.031272 -0.611273
v 0.108827 0.031900 -0.611274
v 0.108827 0.032529 -0.611275
v 0.108827 0.033126 -0.611275
v 0.108827 0.033659 -0.611275
v 0.108827 0.034095 -0.611274
v 0.108827 0.034404 -0.611271
v 0.108827 0.034552 -0.611267
v 0.108827 0.034786 -0.611318
v 0.108827 0.035018 -0.611465
v 0.108827 0.035250 -0.611689
v 0.108827 0.035482 -0.611970
v 0.108827 0.035713 -0.612290
v 0.108827 0.035943 -0.612628
v 0.108827 0.036174 -0.612965
v 0.108827 0.036403 -0.613281
v 0.108827 0.036633 -0.613557
v 0.108827 0.036863 -0.613773
v 0.108827 0.037092 -0.613910
v 0.108827 0.037321 -0.613949
v 0.108827 0.037344 -0.613948
v 0.108827 0.037367 -0.613946
v 0.108827 0.037390 -0.613944
v 0.108827 0.037415 -0.613940
v 0.108827 0.037439 -0.613937
v 0.108827 0.037465 -0.613933
v 0.108827 0.037490 -0.613930
v 0.108827 0.037516 -0.613928
v 0.108827 0.037542 -0.613926
v 0.108827 0.037568 -0.613926
v 0.108827 0.037595 -0.613928
v 0.108827 0.037621 -0.613931
v 0.108827 0.037825 -0.613953
v 0.108827 0.038030 -0.613981
v 0.108827 0.038237 -0.614013
v 0.108827 0.038444 -0.614047
v 0.108827 0.038651 -0.614081
v 0.108827 0.038858 -0.614112
v 0.108827 0.039063 -0.614138
v 0.108827 0.039267 -0.614156
v 0.108827 0.039469 -0.614164
v 0.108827 0.039668 -0.614161
v 0.108827 0.039863 -0.614142
v 0.108827 0.040055 -0.614108
v 0.108827 0.040327 -0.614056
v 0.108827 0.040596 -0.614031
v 0.108827 0.040863 -0.614026
v 0.108827 0.041129 -0.614038
v 0.108827 0.041393 -0.614062
v 0.108827 0.041655 -0.614092
v 0.108827 0.041917 -0.614124
v 0.108827 0.042179 -0.614153
v 0.108827 0.042441 -0.614174
v 0.108827 0.042703 -0.614183
v 0.108827 0.042966 -0.614174
v 0.108827 0.043230 -0.614143
v 0.108827 0.043367 -0.614112
v 0.108827 0.043505 -0.614074
v 0.108827 0.043644 -0.614031
v 0.108827 0.043783 -0.613985
v 0.108827 0.043922 -0.613940
v 0.108827 0.044061 -0.613896
v 0.108827 0.044198 -0.613857
v 0.108827 0.044333 -0.613824
v 0.108827 0.044467 -0.613800
v 0.108827 0.044598 -0.613788
v 0.108827 0.044727 -0.613790
v 0.108827 0.044852 -0.613808
v 0.108827 0.044984 -0.613845
v 0.108827 0.045114 -0.613886
v 0.108827 0.045244 -0.613929
v 0.108827 0.045374 -0.613973
v 0.108827 0.045504 -0.614015
v 0.108827 0.045635 -0.614055
v 0.108827 0.045766 -0.614090
v 0.108827 0.045900 -0.614119
v 0.108827 0.046035 -0.614140
v 0.108827 0.046173 -0.614152
v 0.108827 0.046313 -0.614154
v 0.108827 0.046457 -0.614143
v 0.108827 0.046585 -0.614125
v 0.108827 0.046714 -0.614108
v 0.108827 0.046843 -0.614090
v 0.108827 0.046973 -0.614072
v 0.108827 0.047103 -0.614055
v 0.108827 0.047233 -0.614037
v 0.108827 0.047363 -0.614019
v 0.108827 0.047493 -0.614002
v 0.108827 0.047623 -0.613984
v 0.108827 0.047752 -0.613966
v 0.108827 0.047881 -0.613949
v 0.108827 0.048009 -0.613931
v 0.108827 0.048040 -0.613927
v 0.108827 0.048071 -0.613922
v 0.108827 0.048102 -0.613918
v 0.108827 0.048132 -0.613915
v 0.108827 0.048163 -0.613912
v 0.108827 0.048194 -0.613909
v 0.108827 0.048225 -0.613907
v 0.108827 0.048256 -0.613906
v 0.108827 0.048287 -0.613906
v 0.108827 0.048318 -0.613907
v 0.108827 0.048348 -0.613910
v 0.108827 0.048379 -0.613913
v 0.108827 0.048582 -0.613932
v 0.108827 0.048785 -0.613951
v 0.108827 0.048988 -0.613972
v 0.108827 0.049191 -0.613993
v 0.108827 0.049393 -0.614014
v 0.108827 0.049596 -0.614035
v 0.108827 0.049799 -0.614055
v 0.108827 0.050002 -0.614076
v 0.108827 0.050205 -0.614095
v 0.108827 0.050408 -0.614112
v 0.108827 0.050610 -0.614129
v 0.108827 0.050813 -0.614143
v 0.108827 0.050949 -0.614141
v 0.108827 0.051073 -0.614127
v 0.108827 0.051186 -0.614100
v 0.108827 0.051287 -0.614060
v 0.108827 0.051377 -0.614007
v 0.108827 0.051455 -0.613942
v 0.108827 0.051520 -0.613864
v 0.108827 0.051574 -0.613773
v 0.108827 0.051614 -0.613669
v 0.108827 0.051642 -0.613552
v 0.108827 0.051658 -0.613422
v 0.108827 0.051660 -0.613278
v 0.108827 0.051656 -0.612952
v 0.108827 0.051654 -0.612626
v 0.108827 0.051652 -0.612299
v 0.108827 0.051652 -0.611973
v 0.108827 0.051652 -0.611647
v 0.108827 0.051653 -0.611320
v 0.108827 0.051654 -0.610994
v 0.108827 0.051656 -0.610668
v 0.108827 0.051657 -0.610341
v 0.108827 0.051659 -0.610015
v 0.108827 0.051659 -0.609689
v 0.108827 0.051660 -0.609362
v 0.108827 0.051651 -0.609225
v 0.108827 0.051626 -0.609097
v 0.108827 0.051585 -0.608978
v 0.108827 0.051530 -0.608868
v 0.108827 0.051462 -0.608769
v 0.108827 0.051382 -0.608681
v 0.108827 0.051291 -0.608604
v 0.108827 0.051189 -0.608539
v 0.108827 0.051079 -0.608487
v 0.108827 0.050962 -0.608447
v 0.108827 0.050837 -0.608421
v 0.108827 0.050707 -0.608410
v 0.108827 0.050584 -0.608405
v 0.108827 0.050459 -0.608398
v 0.108827 0.050335 -0.608389
v 0.108827 0.050210 -0.608379
v 0.108827 0.050085 -0.608367
v 0.108827 0.049960 -0.608352
v 0.108827 0.049836 -0.608336
v 0.108827 0.049712 -0.608317
v 0.108827 0.049589 -0.608296
v 0.108827 0.049467 -0.608272
v 0.108827 0.049346 -0.608245
v 0.108827 0.049226 -0.608216
v 0.108827 0.048817 -0.608120
v 0.108827 0.048411 -0.608018
v 0.108827 0.048009 -0.607907
v 0.108827 0.047612 -0.607786
v 0.108827 0.047220 -0.607654
v 0.108827 0.046834 -0.607508
v 0.108827 0.046455 -0.607347
v 0.108827 0.046084 -0.607169
v 0.108827 0.045721 -0.606973
v 0.108827 0.045368 -0.606757
v 0.108827 0.045025 -0.606519
v 0.108827 0.044693 -0.606258
v 0.108827 0.044561 -0.606147
v 0.108827 0.044430 -0.606034
v 0.108827 0.044300 -0.605920
v 0.108827 0.044171 -0.605806
v 0.108827 0.044044 -0.605689
v 0.108827 0.043917 -0.605572
v 0.108827 0.043792 -0.605453
v 0.108827 0.043669 -0.605334
v 0.108827 0.043548 -0.605213
v 0.108827 0.043428 -0.605092
v 0.108827 0.043310 -0.604970
v 0.108827 0.043194 -0.604846
v 0.108827 0.042915 -0.604548
v 0.108827 0.042639 -0.604247
v 0.108827 0.042365 -0.603946
v 0.108827 0.042090 -0.603646
v 0.108827 0.041810 -0.603352
v 0.108827 0.041523 -0.603065
v 0.108827 0.041227 -0.602788
v 0.108827 0.040918 -0.602524
v 0.108827 0.040595 -0.602276
v 0.108827 0.040254 -0.602047
v 0.108827 0.039893 -0.601838
v 0.108827 0.039508 -0.601653
v 0.108827 0.039053 -0.601498
v 0.108827 0.038566 -0.601400
v 0.108827 0.038055 -0.601357
v 0.108827 0.037530 -0.601369
v 0.108827 0.036999 -0.601433
v 0.108827 0.036470 -0.601548
v 0.108827 0.035953 -0.601710
v 0.108827 0.035454 -0.601920
v 0.108827 0.034984 -0.602174
v 0.108827 0.034551 -0.602472
v 0.108827 0.034163 -0.602810
v 0.108827 0.033829 -0.603188
v 0.108827 0.033691 -0.603354
v 0.108827 0.033524 -0.603538
v 0.108827 0.033330 -0.603735
v 0.108827 0.033107 -0.603938
v 0.108827 0.032859 -0.604141
v 0.108827 0.032584 -0.604337
v 0.108827 0.032283 -0.604520
v 0.108827 0.031958 -0.604684
v 0.108827 0.031609 -0.604823
v 0.108827 0.031237 -0.604930
v 0.108827 0.030842 -0.604998
v 0.108827 0.030425 -0.605023
v 0.108827 0.030031 -0.605000
v 0.108827 0.029676 -0.604932
v 0.108827 0.029354 -0.604822
v 0.108827 0.029061 -0.604673
v 0.108827 0.028793 -0.604486
v 0.108827 0.028545 -0.604264
v 0.108827 0.028313 -0.604010
v 0.108827 0.028092 -0.603727
v 0.108827 0.027878 -0.603415
v 0.108827 0.027667 -0.603079
v 0.108827 0.027453 -0.602720
v 0.108827 0.027233 -0.602341
v 0.108827 0.026871 -0.601748
v 0.108827 0.026518 -0.601236
v 0.108827 0.026175 -0.600798
v 0.108827 0.025842 -0.600430
v 0.108827 0.025521 -0.600126
v 0.108827 0.025212 -0.599881
v 0.108827 0.024915 -0.599688
v 0.108827 0.024632 -0.599542
v 0.108827 0.024364 -0.599439
v 0.108827 0.024110 -0.599372
v 0.108827 0.023873 -0.599336
v 0.108827 0.023653 -0.599325
v 0.108827 0.022771 -0.599325
v 0.108827 0.022023 -0.599325
v 0.108827 0.021381 -0.599325
v 0.108827 0.020819 -0.599325
v 0.108827 0.020310 -0.599325
v 0.108827 0.019828 -0.599325
v 0.108827 0.019346 -0.599325
v 0.108827 0.018839 -0.599325
v 0.108827 0.018278 -0.599325
v 0.108827 0.017639 -0.599325
v 0.108827 0.016894 -0.599325
v 0.108827 0.016016 -0.599325
v 0.108827 0.015508 -0.599325
v 0.108827 0.014104 -0.599325
v 0.108827 0.011982 -0.599325
v 0.108827 0.009322 -0.599325
v 0.108827 0.006304 -0.599325
v 0.108827 0.003106 -0.599325
v 0.108827 -0.000091 -0.599325
v 0.108827 -0.003110 -0.599325
v 0.108827 -0.005769 -0.599325
v 0.108827 -0.007891 -0.599325
v 0.108827 -0.009296 -0.599325
v 0.132266 -0.009804 -0.599325
v 0.132266 -0.010181 -0.599325
v 0.132266 -0.011268 -0.599325
v 0.132266 -0.013001 -0.599325
v 0.132266 -0.015316 -0.599325
v 0.132266 -0.018147 -0.599325
v 0.132266 -0.021431 -0.599325
v 0.132266 -0.025101 -0.599325
v 0.132266 -0.029094 -0.599325
v 0.132266 -0.033345 -0.599325
v 0.132266 -0.037789 -0.599325
v 0.132266 -0.042362 -0.599325
v 0.132266 -0.046999 -0.599325
v 0.132266 -0.047043 -0.599325
v 0.132266 -0.047087 -0.599325
v 0.132266 -0.047131 -0.599324
v 0.132267 -0.047175 -0.599324
v 0.132268 -0.047218 -0.599322
v 0.132270 -0.047262 -0.599321
v 0.132273 -0.047304 -0.599318
v 0.132276 -0.047347 -0.599315
v 0.132280 -0.047389 -0.599310
v 0.132286 -0.047430 -0.599305
v 0.132293 -0.047471 -0.599298
v 0.132301 -0.047511 -0.599290
v 0.132321 -0.047653 -0.599270
v 0.132327 -0.047780 -0.599264
v 0.132320 -0.047893 -0.599271
v 0.132298 -0.047991 -0.599292
v 0.132263 -0.048076 -0.599328
v 0.132213 -0.048148 -0.599378
v 0.132148 -0.048206 -0.599443
v 0.132068 -0.048253 -0.599522
v 0.131973 -0.048287 -0.599617
v 0.131863 -0.048310 -0.599727
v 0.131737 -0.048321 -0.599853
v 0.131595 -0.048322 -0.599995
v 0.131212 -0.048307 -0.600379
v 0.130828 -0.048290 -0.600763
v 0.130444 -0.048271 -0.601146
v 0.130061 -0.048252 -0.601530
v 0.129677 -0.048234 -0.601914
v 0.129293 -0.048218 -0.602297
v 0.128910 -0.048206 -0.602681
v 0.128526 -0.048198 -0.603065
v 0.128142 -0.048195 -0.603448
v 0.127759 -0.048200 -0.603832
v 0.127375 -0.048212 -0.604216
v 0.126991 -0.048234 -0.604599
v 0.126685 -0.048242 -0.604906
v 0.126391 -0.048225 -0.605199
v 0.126109 -0.048184 -0.605481
v 0.125838 -0.048121 -0.605753
v 0.125576 -0.048040 -0.606015
v 0.125322 -0.047941 -0.606269
v 0.125075 -0.047826 -0.606516
v 0.124834 -0.047699 -0.606757
v 0.124597 -0.047562 -0.606993
v 0.124364 -0.047415 -0.607226
v 0.124134 -0.047262 -0.607457
v 0.123904 -0.047105 -0.607686
v 0.123575 -0.046872 -0.608016
v 0.123249 -0.046634 -0.608342
v 0.122924 -0.046392 -0.608666
v 0.122601 -0.046149 -0.608990
v 0.122277 -0.045905 -0.609313
v 0.121953 -0.045663 -0.609638
v 0.121626 -0.045425 -0.609964
v 0.121297 -0.045192 -0.610293
v 0.120964 -0.044967 -0.610626
v 0.120627 -0.044751 -0.610963
v 0.120284 -0.044546 -0.611306
v 0.119935 -0.044354 -0.611656
v 0.119756 -0.044252 -0.611834
v 0.119591 -0.044149 -0.611999
v 0.119440 -0.044044 -0.612150
v 0.119303 -0.043934 -0.612287
v 0.119181 -0.043820 -0.612410
v 0.119073 -0.043699 -0.612518
v 0.118980 -0.043570 -0.612610
v 0.118903 -0.043433 -0.612688
v 0.118841 -0.043285 -0.612750
v 0.118795 -0.043125 -0.612795
v 0.118766 -0.042953 -0.612825
v 0.118753 -0.042766 -0.612837
v 0.118756 -0.042590 -0.612835
v 0.118764 -0.042414 -0.612827
v 0.118776 -0.042238 -0.612814
v 0.118792 -0.042062 -0.612798
v 0.118811 -0.041886 -0.612779
v 0.118833 -0.041710 -0.612758
v 0.118855 -0.041535 -0.612735
v 0.118879 -0.041361 -0.612712
v 0.118902 -0.041187 -0.612689
v 0.118925 -0.041013 -0.612666
v 0.118946 -0.040840 -0.612645
v 0.118965 -0.040668 -0.612626
v 0.118970 -0.040632 -0.612621
v 0.118976 -0.040595 -0.612615
v 0.118983 -0.040557 -0.612608
v 0.118990 -0.040519 -0.612601
v 0.118996 -0.040481 -0.612594
v 0.119002 -0.040443 -0.612588
v 0.119007 -0.040406 -0.612583
v 0.119011 -0.040370 -0.612580
v 0.119012 -0.040335 -0.612579
v 0.119011 -0.040303 -0.612580
v 0.119007 -0.040272 -0.612583
v 0.119000 -0.040244 -0.612590
v 0.118918 -0.040020 -0.612673
v 0.118847 -0.039796 -0.612743
v 0.118790 -0.039573 -0.612801
v 0.118747 -0.039349 -0.612844
v 0.118719 -0.039127 -0.612872
v 0.118707 -0.038904 -0.612884
v 0.118712 -0.038681 -0.612878
v 0.118736 -0.038459 -0.612854
v 0.118779 -0.038235 -0.612811
v 0.118843 -0.038012 -0.612748
v 0.118928 -0.037788 -0.612663
v 0.119035 -0.037564 -0.612555
v 0.119047 -0.037545 -0.612543
v 0.119057 -0.037523 -0.612533
v 0.119065 -0.037499 -0.612525
v 0.119071 -0.037474 -0.612520
v 0.119074 -0.037448 -0.612517
v 0.119075 -0.037420 -0.612516
v 0.119074 -0.037393 -0.612517
v 0.119071 -0.037365 -0.612520
v 0.119065 -0.037338 -0.612525
v 0.119057 -0.037312 -0.612533
v 0.119047 -0.037287 -0.612543
v 0.119035 -0.037264 -0.612555
v 0.118909 -0.036997 -0.612682
v 0.118817 -0.036728 -0.612773
v 0.118756 -0.036456 -0.612835
v 0.118720 -0.036181 -0.612871
v 0.118704 -0.035905 -0.612886
v 0.118705 -0.035628 -0.612886
v 0.118716 -0.035350 -0.612875
v 0.118734 -0.035072 -0.612857
v 0.118753 -0.034794 -0.612838
v 0.118768 -0.034516 -0.612822
v 0.118776 -0.034240 -0.612815
v 0.118771 -0.033966 -0.612820
v 0.118773 -0.033784 -0.612818
v 0.118803 -0.033626 -0.612787
v 0.118858 -0.033489 -0.612732
v 0.118935 -0.033370 -0.612655
v 0.119031 -0.033267 -0.612560
v 0.119141 -0.033179 -0.612449
v 0.119263 -0.033101 -0.612327
v 0.119394 -0.033033 -0.612197
v 0.119530 -0.032971 -0.612061
v 0.119668 -0.032914 -0.611923
v 0.119804 -0.032858 -0.611787
v 0.119935 -0.032802 -0.611656
v 0.120161 -0.032694 -0.611429
v 0.120390 -0.032591 -0.611200
v 0.120621 -0.032491 -0.610970
v 0.120853 -0.032394 -0.610738
v 0.121086 -0.032298 -0.610504
v 0.121320 -0.032204 -0.610271
v 0.121553 -0.032111 -0.610037
v 0.121787 -0.032017 -0.609804
v 0.122019 -0.031921 -0.609572
v 0.122250 -0.031824 -0.609341
v 0.122478 -0.031724 -0.609112
v 0.122705 -0.031620 -0.608886
v 0.122994 -0.031469 -0.608597
v 0.123254 -0.031298 -0.608337
v 0.123486 -0.031109 -0.608105
v 0.123690 -0.030902 -0.607901
v 0.123867 -0.030678 -0.607723
v 0.124019 -0.030438 -0.607572
v 0.124145 -0.030184 -0.607445
v 0.124248 -0.029917 -0.607343
v 0.124327 -0.029636 -0.607264
v 0.124384 -0.029344 -0.607207
v 0.124419 -0.029041 -0.607172
v 0.124433 -0.028728 -0.607157
v 0.124437 -0.027842 -0.607154
v 0.124439 -0.026955 -0.607151
v 0.124441 -0.026069 -0.607150
v 0.124441 -0.025183 -0.607149
v 0.124441 -0.024298 -0.607150
v 0.124440 -0.023413 -0.607151
v 0.124439 -0.022528 -0.607152
v 0.124437 -0.021643 -0.607153
v 0.124436 -0.020759 -0.607155
v 0.124435 -0.019876 -0.607156
v 0.124434 -0.018993 -0.607157
v 0.124433 -0.018111 -0.607157
v 0.124434 -0.015272 -0.607157
v 0.124434 -0.013050 -0.607156
v 0.124436 -0.011322 -0.607155
v 0.124437 -0.009964 -0.607154
v 0.124437 -0.008853 -0.607153
v 0.124438 -0.007866 -0.607153
v 0.124437 -0.006879 -0.607153
v 0.124436 -0.005769 -0.607155
v 0.124433 -0.004413 -0.607157
v 0.124429 -0.002687 -0.607161
v 0.124423 -0.000469 -0.607167
v 0.124416 0.002366 -0.607175
v 0.124276 0.002363 -0.607314
v 0.123890 0.002358 -0.607700
v 0.123308 0.002349 -0.608283
v 0.122577 0.002338 -0.609013
v 0.121748 0.002326 -0.609842
v 0.120870 0.002313 -0.610721
v 0.119992 0.002300 -0.611599
v 0.119163 0.002287 -0.612428
v 0.118432 0.002276 -0.613158
v 0.117850 0.002268 -0.613741
v 0.117464 0.002262 -0.614127
v 0.117324 0.002260 -0.614266
v 0.117325 0.002398 -0.614266
v 0.117327 0.002786 -0.614263
v 0.117331 0.003384 -0.614260
v 0.117335 0.004153 -0.614255
v 0.117341 0.005053 -0.614249
v 0.117349 0.006045 -0.614242
v 0.117357 0.007088 -0.614234
v 0.117366 0.008144 -0.614224
v 0.117376 0.009172 -0.614214
v 0.117388 0.010133 -0.614203
v 0.117400 0.010987 -0.614191
v 0.117412 0.011695 -0.614178
v 0.117553 0.011691 -0.614037
v 0.117943 0.011679 -0.613647
v 0.118532 0.011663 -0.613059
v 0.119270 0.011644 -0.612321
v 0.120108 0.011626 -0.611483
v 0.120996 0.011609 -0.610595
v 0.121884 0.011598 -0.609707
v 0.122723 0.011593 -0.608868
v 0.123463 0.011599 -0.608128
v 0.124054 0.011616 -0.607536
v 0.124447 0.011647 -0.607143
v 0.124592 0.011695 -0.606999
v 0.124599 0.012069 -0.606991
v 0.124604 0.012565 -0.606987
v 0.124606 0.013161 -0.606985
v 0.124607 0.013834 -0.606983
v 0.124608 0.014560 -0.606982
v 0.124610 0.015315 -0.606981
v 0.124613 0.016077 -0.606978
v 0.124618 0.016823 -0.606972
v 0.124627 0.017529 -0.606964
v 0.124639 0.018171 -0.606951
v 0.124657 0.018727 -0.606934
v 0.124680 0.019173 -0.606910
v 0.124606 0.019201 -0.606985
v 0.124376 0.019244 -0.607215
v 0.124021 0.019308 -0.607570
v 0.123572 0.019401 -0.608018
v 0.123060 0.019529 -0.608531
v 0.122515 0.019698 -0.609076
v 0.121968 0.019915 -0.609623
v 0.121449 0.020186 -0.610142
v 0.120989 0.020517 -0.610601
v 0.120619 0.020916 -0.610972
v 0.120369 0.021389 -0.611221
v 0.120270 0.021942 -0.611320
v 0.120266 0.022310 -0.611324
v 0.120263 0.022793 -0.611327
v 0.120261 0.023368 -0.611329
v 0.120260 0.024016 -0.611330
v 0.120261 0.024715 -0.611329
v 0.120264 0.025443 -0.611327
v 0.120268 0.026180 -0.611323
v 0.120274 0.026905 -0.611316
v 0.120283 0.027597 -0.611308
v 0.120293 0.028234 -0.611297
v 0.120307 0.028796 -0.611284
v 0.120323 0.029261 -0.611267
v 0.120323 0.029406 -0.611268
v 0.120322 0.029711 -0.611269
v 0.120321 0.030145 -0.611270
v 0.120319 0.030676 -0.611271
v 0.120318 0.031272 -0.611273
v 0.120317 0.031900 -0.611274
v 0.120316 0.032529 -0.611275
v 0.120315 0.033126 -0.611275
v 0.120316 0.033659 -0.611275
v 0.120317 0.034095 -0.611274
v 0.120319 0.034404 -0.611271
v 0.120323 0.034552 -0.611267
v 0.120273 0.034786 -0.611318
v 0.120126 0.035018 -0.611465
v 0.119902 0.035250 -0.611689
v 0.119620 0.035482 -0.611970
v 0.119301 0.035713 -0.612290
v 0.118963 0.035943 -0.612628
v 0.118626 0.036174 -0.612965
v 0.118310 0.036403 -0.613281
v 0.118033 0.036633 -0.613557
v 0.117817 0.036863 -0.613773
v 0.117680 0.037092 -0.613910
v 0.117642 0.037321 -0.613949
v 0.117642 0.037344 -0.613948
v 0.117644 0.037367 -0.613946
v 0.117647 0.037390 -0.613944
v 0.117650 0.037415 -0.613940
v 0.117654 0.037439 -0.613937
v 0.117657 0.037465 -0.613933
v 0.117660 0.037490 -0.613930
v 0.117663 0.037516 -0.613928
v 0.117664 0.037542 -0.613926
v 0.117664 0.037568 -0.613926
v 0.117663 0.037595 -0.613928
v 0.117659 0.037621 -0.613931
v 0.117638 0.037825 -0.613953
v 0.117610 0.038030 -0.613981
v 0.117577 0.038237 -0.614013
v 0.117543 0.038444 -0.614047
v 0.117510 0.038651 -0.614081
v 0.117479 0.038858 -0.614112
v 0.117453 0.039063 -0.614138
v 0.117435 0.039267 -0.614156
v 0.117426 0.039469 -0.614164
v 0.117430 0.039668 -0.614161
v 0.117448 0.039863 -0.614142
v 0.117483 0.040055 -0.614108
v 0.117535 0.040327 -0.614056
v 0.117560 0.040596 -0.614030
v 0.117564 0.040863 -0.614026
v 0.117552 0.041129 -0.614038
v 0.117529 0.041393 -0.614062
v 0.117498 0.041655 -0.614092
v 0.117466 0.041917 -0.614124
v 0.117437 0.042179 -0.614153
v 0.117416 0.042441 -0.614174
v 0.117408 0.042703 -0.614183
v 0.117416 0.042966 -0.614174
v 0.117448 0.043230 -0.614143
v 0.117479 0.043367 -0.614112
v 0.117517 0.043505 -0.614074
v 0.117560 0.043644 -0.614031
v 0.117605 0.043783 -0.613985
v 0.117651 0.043922 -0.613940
v 0.117695 0.044061 -0.613896
v 0.117734 0.044198 -0.613857
v 0.117767 0.044333 -0.613824
v 0.117790 0.044467 -0.613800
v 0.117802 0.044598 -0.613788
v 0.117801 0.044727 -0.613790
v 0.117783 0.044852 -0.613808
v 0.117745 0.044984 -0.613845
v 0.117704 0.045114 -0.613886
v 0.117661 0.045244 -0.613929
v 0.117618 0.045374 -0.613973
v 0.117575 0.045504 -0.614015
v 0.117536 0.045635 -0.614055
v 0.117501 0.045766 -0.614090
v 0.117472 0.045900 -0.614119
v 0.117451 0.046035 -0.614140
v 0.117438 0.046173 -0.614152
v 0.117437 0.046313 -0.614154
v 0.117448 0.046457 -0.614143
v 0.117465 0.046585 -0.614125
v 0.117483 0.046714 -0.614108
v 0.117501 0.046843 -0.614090
v 0.117518 0.046973 -0.614072
v 0.117536 0.047103 -0.614055
v 0.117554 0.047233 -0.614037
v 0.117571 0.047363 -0.614019
v 0.117589 0.047493 -0.614002
v 0.117607 0.047623 -0.613984
v 0.117624 0.047752 -0.613966
v 0.117642 0.047881 -0.613949
v 0.117659 0.048009 -0.613931
v 0.117664 0.048040 -0.613927
v 0.117668 0.048071 -0.613922
v 0.117672 0.048102 -0.613918
v 0.117676 0.048132 -0.613915
v 0.117679 0.048163 -0.613912
v 0.117681 0.048194 -0.613909
v 0.117683 0.048225 -0.613907
v 0.117684 0.048256 -0.613906
v 0.117684 0.048287 -0.613906
v 0.117683 0.048318 -0.613907
v 0.117681 0.048348 -0.613910
v 0.117677 0.048379 -0.613913
v 0.117659 0.048582 -0.613932
v 0.117639 0.048785 -0.613951
v 0.117619 0.048988 -0.613972
v 0.117598 0.049191 -0.613993
v 0.117577 0.049393 -0.614014
v 0.117556 0.049596 -0.614035
v 0.117535 0.049799 -0.614055
v 0.117515 0.050002 -0.614076
v 0.117496 0.050205 -0.614095
v 0.117478 0.050408 -0.614112
v 0.117462 0.050610 -0.614129
v 0.117448 0.050813 -0.614143
v 0.117450 0.050949 -0.614141
v 0.117464 0.051073 -0.614127
v 0.117491 0.051186 -0.614100
v 0.117531 0.051287 -0.614060
v 0.117583 0.051377 -0.614007
v 0.117648 0.051455 -0.613942
v 0.117727 0.051520 -0.613864
v 0.117818 0.051574 -0.613773
v 0.117922 0.051614 -0.613669
v 0.118039 0.051642 -0.613552
v 0.118169 0.051658 -0.613422
v 0.118312 0.051660 -0.613278
v 0.118638 0.051656 -0.612952
v 0.118965 0.051654 -0.612626
v 0.119291 0.051652 -0.612299
v 0.119618 0.051652 -0.611973
v 0.119944 0.051652 -0.611647
v 0.120270 0.051653 -0.611320
v 0.120597 0.051654 -0.610994
v 0.120923 0.051656 -0.610668
v 0.121249 0.051657 -0.610341
v 0.121576 0.051659 -0.610015
v 0.121902 0.051659 -0.609689
v 0.122228 0.051660 -0.609362
v 0.122365 0.051651 -0.609225
v 0.122494 0.051626 -0.609097
v 0.122613 0.051585 -0.608978
v 0.122722 0.051530 -0.608868
v 0.122821 0.051462 -0.608769
v 0.122910 0.051382 -0.608681
v 0.122987 0.051291 -0.608604
v 0.123051 0.051189 -0.608539
v 0.123104 0.051079 -0.608487
v 0.123143 0.050962 -0.608447
v 0.123169 0.050837 -0.608421
v 0.123181 0.050707 -0.608410
v 0.123186 0.050584 -0.608405
v 0.123193 0.050459 -0.608398
v 0.123201 0.050335 -0.608389
v 0.123212 0.050210 -0.608379
v 0.123224 0.050085 -0.608367
v 0.123238 0.049960 -0.608352
v 0.123255 0.049836 -0.608336
v 0.123274 0.049712 -0.608317
v 0.123295 0.049589 -0.608296
v 0.123319 0.049467 -0.608272
v 0.123345 0.049346 -0.608245
v 0.123375 0.049226 -0.608216
v 0.123470 0.048817 -0.608120
v 0.123573 0.048411 -0.608018
v 0.123683 0.048009 -0.607907
v 0.123804 0.047612 -0.607786
v 0.123937 0.047220 -0.607654
v 0.124083 0.046834 -0.607508
v 0.124244 0.046455 -0.607347
v 0.124422 0.046084 -0.607169
v 0.124618 0.045721 -0.606973
v 0.124834 0.045368 -0.606757
v 0.125072 0.045025 -0.606519
v 0.125333 0.044693 -0.606258
v 0.125444 0.044561 -0.606147
v 0.125556 0.044430 -0.606034
v 0.125670 0.044300 -0.605920
v 0.125785 0.044171 -0.605806
v 0.125901 0.044044 -0.605689
v 0.126019 0.043917 -0.605572
v 0.126137 0.043792 -0.605453
v 0.126257 0.043669 -0.605334
v 0.126377 0.043548 -0.605213
v 0.126499 0.043428 -0.605092
v 0.126621 0.043310 -0.604970
v 0.126744 0.043194 -0.604846
v 0.127042 0.042915 -0.604548
v 0.127343 0.042639 -0.604247
v 0.127645 0.042365 -0.603946
v 0.127944 0.042090 -0.603646
v 0.128239 0.041810 -0.603352
v 0.128526 0.041523 -0.603065
v 0.128803 0.041227 -0.602788
v 0.129066 0.040918 -0.602524
v 0.129314 0.040595 -0.602276
v 0.129544 0.040254 -0.602047
v 0.129752 0.039893 -0.601838
v 0.129937 0.039508 -0.601653
v 0.130093 0.039053 -0.601498
v 0.130191 0.038566 -0.601400
v 0.130233 0.038055 -0.601357
v 0.130221 0.037530 -0.601369
v 0.130157 0.036999 -0.601433
v 0.130043 0.036470 -0.601548
v 0.129880 0.035953 -0.601710
v 0.129671 0.035454 -0.601920
v 0.129416 0.034984 -0.602174
v 0.129119 0.034551 -0.602472
v 0.128780 0.034163 -0.602810
v 0.128402 0.033829 -0.603188
v 0.128237 0.033691 -0.603354
v 0.128052 0.033524 -0.603538
v 0.127855 0.033330 -0.603735
v 0.127652 0.033107 -0.603938
v 0.127450 0.032859 -0.604141
v 0.127254 0.032584 -0.604337
v 0.127070 0.032283 -0.604520
v 0.126906 0.031958 -0.604684
v 0.126768 0.031609 -0.604823
v 0.126661 0.031237 -0.604930
v 0.126592 0.030842 -0.604998
v 0.126568 0.030425 -0.605023
v 0.126591 0.030031 -0.605000
v 0.126659 0.029676 -0.604932
v 0.126768 0.029354 -0.604822
v 0.126918 0.029061 -0.604673
v 0.127105 0.028793 -0.604486
v 0.127326 0.028545 -0.604264
v 0.127580 0.028313 -0.604010
v 0.127864 0.028092 -0.603727
v 0.128175 0.027878 -0.603415
v 0.128512 0.027667 -0.603079
v 0.128870 0.027453 -0.602720
v 0.129249 0.027233 -0.602341
v 0.129842 0.026871 -0.601748
v 0.130355 0.026518 -0.601236
v 0.130792 0.026175 -0.600798
v 0.131160 0.025842 -0.600430
v 0.131464 0.025521 -0.600126
v 0.131710 0.025212 -0.599881
v 0.131903 0.024915 -0.599688
v 0.132048 0.024632 -0.599542
v 0.132152 0.024364 -0.599439
v 0.132219 0.024110 -0.599372
v 0.132255 0.023873 -0.599336
v 0.132266 0.023653 -0.599325
v 0.132266 0.022771 -0.599325
v 0.132266 0.022023 -0.599325
v 0.132266 0.021381 -0.599325
v 0.132266 0.020819 -0.599325
v 0.132266 0.020310 -0.599325
v 0.132266 0.019828 -0.599325
v 0.132266 0.019346 -0.599325
v 0.132266 0.018839 -0.599325
v 0.132266 0.018278 -0.599325
v 0.132266 0.017639 -0.599325
v 0.132266 0.016894 -0.599325
v 0.132266 0.016016 -0.599325
v 0.132266 0.015508 -0.599325
v 0.132266 0.014104 -0.599325
v 0.132266 0.011982 -0.599325
v 0.132266 0.009322 -0.599325
v 0.132266 0.006304 -0.599325
v 0.132266 0.003106 -0.599325
v 0.132266 -0.000091 -0.599325
v 0.132266 -0.003110 -0.599325
v 0.132266 -0.005769 -0.599325
v 0.132266 -0.007891 -0.599325
v 0.132266 -0.009296 -0.599325
v 0.132266 -0.009804 -0.622764
v 0.132266 -0.010181 -0.622764
v 0.132266 -0.011268 -0.622764
v 0.132266 -0.013001 -0.622764
v 0.132266 -0.015316 -0.622764
v 0.132266 -0.018147 -0.622764
v 0.132266 -0.021431 -0.622764
v 0.132266 -0.025101 -0.622764
v 0.132266 -0.029094 -0.622764
v 0.132266 -0.033345 -0.622764
v 0.132266 -0.037789 -0.622764
v 0.132266 -0.042362 -0.622764
v 0.132266 -0.046999 -0.622764
v 0.132266 -0.047043 -0.622764
v 0.132266 -0.047087 -0.622764
v 0.132266 -0.047131 -0.622764
v 0.132267 -0.047175 -0.622764
v 0.132268 -0.047218 -0.622764
v 0.132270 -0.047262 -0.622764
v 0.132273 -0.047304 -0.622764
v 0.132276 -0.047347 -0.622764
v 0.132280 -0.047389 -0.622764
v 0.132286 -0.047430 -0.622764
v 0.132293 -0.047471 -0.622764
v 0.132301 -0.047511 -0.622764
v 0.132321 -0.047653 -0.622764
v 0.132327 -0.047780 -0.622764
v 0.132320 -0.047893 -0.622764
v 0.132298 -0.047991 -0.622764
v 0.132263 -0.048076 -0.622764
v 0.132213 -0.048148 -0.622764
v 0.132148 -0.048206 -0.622764
v 0.132068 -0.048253 -0.622764
v 0.131973 -0.048287 -0.622764
v 0.131863 -0.048310 -0.622764
v 0.131737 -0.048321 -0.622764
v 0.131595 -0.048322 -0.622764
v 0.131212 -0.048307 -0.622764
v 0.130828 -0.048290 -0.622764
v 0.130444 -0.048271 -0.622764
v 0.130061 -0.048252 -0.622764
v 0.129677 -0.048234 -0.622764
v 0.129293 -0.048218 -0.622764
v 0.128910 -0.048206 -0.622764
v 0.128526 -0.048198 -0.622764
v 0.128142 -0.048195 -0.622764
v 0.127759 -0.048200 -0.622764
v 0.127375 -0.048212 -0.622764
v 0.126991 -0.048234 -0.622764
v 0.126685 -0.048242 -0.622764
v 0.126391 -0.048225 -0.622764
v 0.126109 -0.048184 -0.622764
v 0.125838 -0.048121 -0.622764
v 0.125576 -0.048040 -0.622764
v 0.125322 -0.047941 -0.622764
v 0.125075 -0.047826 -0.622764
v 0.124834 -0.047699 -0.622764
v 0.124597 -0.047562 -0.622764
v 0.124364 -0.047415 -0.622764
v 0.124134 -0.047262 -0.622764
v 0.123904 -0.047105 -0.622764
v 0.123575 -0.046872 -0.622764
v 0.123249 -0.046634 -0.622764
v 0.122924 -0.046392 -0.622764
v 0.122601 -0.046149 -0.622764
v 0.122277 -0.045905 -0.622764
v 0.121953 -0.045663 -0.622764
v 0.121626 -0.045425 -0.622764
v 0.121297 -0.045192 -0.622764
v 0.120964 -0.044967 -0.622764
v 0.120627 -0.044751 -0.622764
v 0.120284 -0.044546 -0.622764
v 0.119935 -0.044354 -0.622764
v 0.119756 -0.044252 -0.622764
v 0.119591 -0.044149 -0.622764
v 0.119440 -0.044044 -0.622764
v 0.119303 -0.043934 -0.622764
v 0.119181 -0.043820 -0.622764
v 0.119073 -0.043699 -0.622764
v 0.118980 -0.043570 -0.622764
v 0.118903 -0.043433 -0.622764
v 0.118841 -0.043285 -0.622764
v 0.118795 -0.043125 -0.622764
v 0.118766 -0.042953 -0.622764
v 0.118753 -0.042766 -0.622764
v 0.118756 -0.042590 -0.622764
v 0.118764 -0.042414 -0.622764
v 0.118776 -0.042238 -0.622764
v 0.118792 -0.042062 -0.622764
v 0.118811 -0.041886 -0.622764
v 0.118833 -0.041710 -0.622764
v 0.118855 -0.041535 -0.622764
v 0.118879 -0.041361 -0.622764
v 0.118902 -0.041187 -0.622764
v 0.118925 -0.041013 -0.622764
v 0.118946 -0.040840 -0.622764
v 0.118965 -0.040668 -0.622764
v 0.118970 -0.040632 -0.622764
v 0.118976 -0.040595 -0.622764
v 0.118983 -0.040557 -0.622764
v 0.118990 -0.040519 -0.622764
v 0.118996 -0.040481 -0.622764
v 0.119002 -0.040443 -0.622764
v 0.119007 -0.040406 -0.622764
v 0.119011 -0.040370 -0.622764
v 0.119012 -0.040335 -0.622764
v 0.119011 -0.040303 -0.622764
v 0.119007 -0.040272 -0.622764
v 0.119000 -0.040244 -0.622764
v 0.118918 -0.040020 -0.622764
v 0.118847 -0.039796 -0.622764
v 0.118790 -0.039573 -0.622764
v 0.118747 -0.039349 -0.622764
v 0.118719 -0.039127 -0.622764
v 0.118707 -0.038904 -0.622764
v 0.118712 -0.038681 -0.622764
v 0.118736 -0.038459 -0.622764
v 0.118779 -0.038235 -0.622764
v 0.118843 -0.038012 -0.622764
v 0.118928 -0.037788 -0.622764
v 0.119035 -0.037564 -0.622764
v 0.119047 -0.037545 -0.622764
v 0.119057 -0.037523 -0.622764
v 0.119065 -0.037499 -0.622764
v 0.119071 -0.037474 -0.622764
v 0.119074 -0.037448 -0.622764
v 0.119075 -0.037420 -0.622764
v 0.119074 -0.037393 -0.622764
v 0.119071 -0.037365 -0.622764
v 0.119065 -0.037338 -0.622764
v 0.119057 -0.037312 -0.622764
v 0.119047 -0.037287 -0.622764
v 0.119035 -0.037264 -0.622764
v 0.118909 -0.036997 -0.622764
v 0.118817 -0.036728 -0.622764
v 0.118756 -0.036456 -0.622764
v 0.118720 -0.036181 -0.622764
v 0.118704 -0.035905 -0.622764
v 0.118705 -0.035628 -0.622764
v 0.118716 -0.035350 -0.622764
v 0.118734 -0.035072 -0.622764
v 0.118753 -0.034794 -0.622764
v 0.118768 -0.034516 -0.622764
v 0.118776 -0.034240 -0.622764
v 0.118771 -0.033966 -0.622764
v 0.118773 -0.033784 -0.622764
v 0.118803 -0.033626 -0.622764
v 0.118858 -0.033489 -0.622764
v 0.118935 -0.033370 -0.622764
v 0.119031 -0.033267 -0.622764
v 0.119141 -0.033179 -0.622764
v 0.119263 -0.033101 -0.622764
v 0.119394 -0.033033 -0.622764
v 0.119530 -0.032971 -0.622764
v 0.119668 -0.032914 -0.622764
v 0.119804 -0.032858 -0.622764
v 0.119935 -0.032802 -0.622764
v 0.120161 -0.032694 -0.622764
v 0.120390 -0.032591 -0.622764
v 0.120621 -0.032491 -0.622764
v 0.120853 -0.032394 -0.622764
v 0.121086 -0.032298 -0.622764
v 0.121320 -0.032204 -0.622764
v 0.121553 -0.032111 -0.622764
v 0.121787 -0.032017 -0.622764
v 0.122019 -0.031921 -0.622764
v 0.122250 -0.031824 -0.622764
v 0.122478 -0.031724 -0.622764
v 0.122705 -0.031620 -0.622764
v 0.122994 -0.031469 -0.622764
v 0.123254 -0.031298 -0.622764
v 0.123486 -0.031109 -0.622764
v 0.123690 -0.030902 -0.622764
v 0.123867 -0.030678 -0.622764
v 0.124019 -0.030438 -0.622764
v 0.124145 -0.030184 -0.622764
v 0.124248 -0.029917 -0.622764
v 0.124327 -0.029636 -0.622764
v 0.124384 -0.029344 -0.622764
v 0.124419 -0.029041 -0.622764
v 0.124433 -0.028728 -0.622764
v 0.124437 -0.027842 -0.622764
v 0.124439 -0.026955 -0.622764
v 0.124441 -0.026069 -0.622764
v 0.124441 -0.025183 -0.622764
v 0.124441 -0.024298 -0.622764
v 0.124440 -0.023413 -0.622764
v 0.124439 -0.022528 -0.622764
v 0.124437 -0.021643 -0.622764
v 0.124436 -0.020759 -0.622764
v 0.124435 -0.019876 -0.622764
v 0.124434 -0.018993 -0.622764
v 0.124433 -0.018111 -0.622764
v 0.124434 -0.015272 -0.622764
v 0.124434 -0.013050 -0.622764
v 0.124436 -0.011322 -0.622764
v 0.124437 -0.009964 -0.622764
v 0.124437 -0.008853 -0.622764
v 0.124438 -0.007866 -0.622764
v 0.124437 -0.006879 -0.622764
v 0.124436 -0.005769 -0.622764
v 0.124433 -0.004413 -0.622764
v 0.124429 -0.002687 -0.622764
v 0.124423 -0.000469 -0.622764
v 0.124416 0.002366 -0.622764
v 0.124276 0.002363 -0.622764
v 0.123890 0.002358 -0.622764
v 0.123308 0.002349 -0.622764
v 0.122577 0.002338 -0.622764
v 0.121748 0.002326 -0.622764
v 0.120870 0.002313 -0.622764
v 0.119992 0.002300 -0.622764
v 0.119163 0.002287 -0.622764
v 0.118432 0.002276 -0.622764
v 0.117850 0.002268 -0.622764
v 0.117464 0.002262 -0.622764
v 0.117324 0.002260 -0.622764
v 0.117325 0.002398 -0.622764
v 0.117327 0.002786 -0.622764
v 0.117331 0.003384 -0.622764
v 0.117335 0.004153 -0.622764
v 0.117341 0.005053 -0.622764
v 0.117349 0.006045 -0.622764
v 0.117357 0.007088 -0.622764
v 0.117366 0.008144 -0.622764
v 0.117376 0.009172 -0.622764
v 0.117388 0.010133 -0.622764
v 0.117400 0.010987 -0.622764
v 0.117412 0.011695 -0.622764
v 0.117553 0.011691 -0.622764
v 0.117943 0.011679 -0.622764
v 0.118532 0.011663 -0.622764
v 0.119270 0.011644 -0.622764
v 0.120108 0.011626 -0.622764
v 0.120996 0.011609 -0.622764
v 0.121884 0.011598 -0.622764
v 0.122723 0.011593 -0.622764
v 0.123463 0.011599 -0.622764
v 0.124054 0.011616 -0.622764
v 0.124447 0.011647 -0.622764
v 0.124592 0.011695 -0.622764
v 0.124599 0.012069 -0.622764
v 0.124604 0.012565 -0.622764
v 0.124606 0.013161 -0.622764
v 0.124607 0.013834 -0.622764
v 0.124608 0.014560 -0.622764
v 0.124610 0.015315 -0.622764
v 0.124613 0.016077 -0.622764
v 0.124618 0.016823 -0.622764
v 0.124627 0.017529 -0.622764
v 0.124639 0.018171 -0.622764
v 0.124657 0.018727 -0.622764
v 0.124680 0.019173 -0.622764
v 0.124606 0.019201 -0.622764
v 0.124376 0.019244 -0.622764
v 0.124021 0.019308 -0.622764
v 0.123572 0.019401 -0.622764
v 0.123060 0.019529 -0.622764
v 0.122515 0.019698 -0.622764
v 0.121968 0.019915 -0.622764
v 0.121449 0.020186 -0.622764
v 0.120989 0.020517 -0.622764
v 0.120619 0.020916 -0.622764
v 0.120369 0.021389 -0.622764
v 0.120270 0.021942 -0.622764
v 0.120266 0.022310 -0.622764
v 0.120263 0.022793 -0.622764
v 0.120261 0.023368 -0.622764
v 0.120260 0.024016 -0.622764
v 0.120261 0.024715 -0.622764
v 0.120264 0.025443 -0.622764
v 0.120268 0.026180 -0.622764
v 0.120274 0.026905 -0.622764
v 0.120283 0.027597 -0.622764
v 0.120293 0.028234 -0.622764
v 0.120307 0.028796 -0.622764
v 0.120323 0.029261 -0.622764
v 0.120323 0.029406 -0.622764
v 0.120322 0.029711 -0.622764
v 0.120321 0.030145 -0.622764
v 0.120319 0.030676 -0.622764
v 0.120318 0.031272 -0.622764
v 0.120317 0.031900 -0.622764
v 0.120316 0.032529 -0.622764
v 0.120315 0.033126 -0.622764
v 0.120316 0.033659 -0.622764
v 0.120317 0.034095 -0.622764
v 0.120319 0.034404 -0.622764
v 0.120323 0.034552 -0.622764
v 0.120273 0.034786 -0.622764
v 0.120126 0.035018 -0.622764
v 0.119902 0.035250 -0.622764
v 0.119620 0.035482 -0.622764
v 0.119301 0.035713 -0.622764
v 0.118963 0.035943 -0.622764
v 0.118626 0.036174 -0.622764
v 0.118310 0.036403 -0.622764
v 0.118033 0.036633 -0.622764
v 0.117817 0.036863 -0.622764
v 0.117680 0.037092 -0.622764
v 0.117642 0.037321 -0.622764
v 0.117642 0.037344 -0.622764
v 0.117644 0.037367 -0.622764
v 0.117647 0.037390 -0.622764
v 0.117650 0.037415 -0.622764
v 0.117654 0.037439 -0.622764
v 0.117657 0.037465 -0.622764
v 0.117660 0.037490 -0.622764
v 0.117663 0.037516 -0.622764
v 0.117664 0.037542 -0.622764
v 0.117664 0.037568 -0.622764
v 0.117663 0.037595 -0.622764
v 0.117659 0.037621 -0.622764
v 0.117638 0.037825 -0.622764
v 0.117610 0.038030 -0.622764
v 0.117577 0.038237 -0.622764
v 0.117543 0.038444 -0.622764
v 0.117510 0.038651 -0.622764
v 0.117479 0.038858 -0.622764
v 0.117453 0.039063 -0.622764
v 0.117435 0.039267 -0.622764
v 0.117426 0.039469 -0.622764
v 0.117430 0.039668 -0.622764
v 0.117448 0.039863 -0.622764
v 0.117483 0.040055 -0.622764
v 0.117535 0.040327 -0.622764
v 0.117560 0.040596 -0.622764
v 0.117564 0.040863 -0.622764
v 0.117552 0.041129 -0.622764
v 0.117529 0.041393 -0.622764
v 0.117498 0.041655 -0.622764
v 0.117466 0.041917 -0.622764
v 0.117437 0.042179 -0.622764
v 0.117416 0.042441 -0.622764
v 0.117408 0.042703 -0.622764
v 0.117416 0.042966 -0.622764
v 0.117448 0.043230 -0.622764
v 0.117479 0.043367 -0.622764
v 0.117517 0.043505 -0.622764
v 0.117560 0.043644 -0.622764
v 0.117605 0.043783 -0.622764
v 0.117651 0.043922 -0.622764
v 0.117695 0.044061 -0.622764
v 0.117734 0.044198 -0.622764
v 0.117767 0.044333 -0.622764
v 0.117790 0.044467 -0.622764
v 0.117802 0.044598 -0.622764
v 0.117801 0.044727 -0.622764
v 0.117783 0.044852 -0.622764
v 0.117745 0.044984 -0.622764
v 0.117704 0.045114 -0.622764
v 0.117661 0.045244 -0.622764
v 0.117618 0.045374 -0.622764
v 0.117575 0.045504 -0.622764
v 0.117536 0.045635 -0.622764
v 0.117501 0.045766 -0.622764
v 0.117472 0.045900 -0.622764
v 0.117451 0.046035 -0.622764
v 0.117438 0.046173 -0.622764
v 0.117437 0.046313 -0.622764
v 0.117448 0.046457 -0.622764
v 0.117465 0.046585 -0.622764
v 0.117483 0.046714 -0.622764
v 0.117501 0.046843 -0.622764
v 0.117518 0.046973 -0.622764
v 0.117536 0.047103 -0.622764
v 0.117554 0.047233 -0.622764
v 0.117571 0.047363 -0.622764
v 0.117589 0.047493 -0.622764
v 0.117607 0.047623 -0.622764
v 0.117624 0.047752 -0.622764
v 0.117642 0.047881 -0.622764
v 0.117659 0.048009 -0.622764
v 0.117664 0.048040 -0.622764
v 0.117668 0.048071 -0.622764
v 0.117672 0.048102 -0.622764
v 0.117676 0.048132 -0.622764
v 0.117679 0.048163 -0.622764
v 0.117681 0.048194 -0.622764
v 0.117683 0.048225 -0.622764
v 0.117684 0.048256 -0.622764
v 0.117684 0.048287 -0.622764
v 0.117683 0.048318 -0.622764
v 0.117681 0.048348 -0.622764
v 0.117677 0.048379 -0.622764
v 0.117659 0.048582 -0.622764
v 0.117639 0.048785 -0.622764
v 0.117619 0.048988 -0.622764
v 0.117598 0.049191 -0.622764
v 0.117577 0.049393 -0.622764
v 0.117556 0.049596 -0.622764
v 0.117535 0.049799 -0.622764
v 0.117515 0.050002 -0.622764
v 0.117496 0.050205 -0.622764
v 0.117478 0.050408 -0.622764
v 0.117462 0.050610 -0.622764
v 0.117448 0.050813 -0.622764
v 0.117450 0.050949 -0.622764
v 0.117464 0.051073 -0.622764
v 0.117491 0.051186 -0.622764
v 0.117531 0.051287 -0.622764
v 0.117583 0.051377 -0.622764
v 0.117648 0.051455 -0.622764
v 0.117727 0.051520 -0.622764
v 0.117818 0.051574 -0.622764
v 0.117922 0.051614 -0.622764
v 0.118039 0.051642 -0.622764
v 0.118169 0.051658 -0.622764
v 0.118312 0.051660 -0.622764
v 0.118638 0.051656 -0.622764
v 0.118965 0.051654 -0.622764
v 0.119291 0.051652 -0.622764
v 0.119618 0.051652 -0.622764
v 0.119944 0.051652 -0.622764
v 0.120270 0.051653 -0.622764
v 0.120597 0.051654 -0.622764
v 0.120923 0.051656 -0.622764
v 0.121249 0.051657 -0.622764
v 0.121576 0.051659 -0.622764
v 0.121902 0.051659 -0.622764
v 0.122228 0.051660 -0.622764
v 0.122365 0.051651 -0.622764
v 0.122494 0.051626 -0.622764
v 0.122613 0.051585 -0.622764
v 0.122722 0.051530 -0.622764
v 0.122821 0.051462 -0.622764
v 0.122910 0.051382 -0.622764
v 0.122987 0.051291 -0.622764
v 0.123051 0.051189 -0.622764
v 0.123104 0.051079 -0.622764
v 0.123143 0.050962 -0.622764
v 0.123169 0.050837 -0.622764
v 0.123181 0.050707 -0.622764
v 0.123186 0.050584 -0.622764
v 0.123193 0.050459 -0.622764
v 0.123201 0.050335 -0.622764
v 0.123212 0.050210 -0.622764
v 0.123224 0.050085 -0.622764
v 0.123238 0.049960 -0.622764
v 0.123255 0.049836 -0.622764
v 0.123274 0.049712 -0.622764
v 0.123295 0.049589 -0.622764
v 0.123319 0.049467 -0.622764
v 0.123345 0.049346 -0.622764
v 0.123375 0.049226 -0.622764
v 0.123470 0.048817 -0.622764
v 0.123573 0.048411 -0.622764
v 0.123683 0.048009 -0.622764
v 0.123804 0.047612 -0.622764
v 0.123937 0.047220 -0.622764
v 0.124083 0.046834 -0.622764
v 0.124244 0.046455 -0.622764
v 0.124422 0.046084 -0.622764
v 0.124618 0.045721 -0.622764
v 0.124834 0.045368 -0.622764
v 0.125072 0.045025 -0.622764
v 0.125333 0.044693 -0.622764
v 0.125444 0.044561 -0.622764
v 0.125556 0.044430 -0.622764
v 0.125670 0.044300 -0.622764
v 0.125785 0.044171 -0.622764
v 0.125901 0.044044 -0.622764
v 0.126019 0.043917 -0.622764
v 0.126137 0.043792 -0.622764
v 0.126257 0.043669 -0.622764
v 0.126377 0.043548 -0.622764
v 0.126499 0.043428 -0.622764
v 0.126621 0.043310 -0.622764
v 0.126744 0.043194 -0.622764
v 0.127042 0.042915 -0.622764
v 0.127343 0.042639 -0.622764
v 0.127645 0.042365 -0.622764
v 0.127944 0.042090 -0.622764
v 0.128239 0.041810 -0.622764
v 0.128526 0.041523 -0.622764
v 0.128803 0.041227 -0.622764
v 0.129066 0.040918 -0.622764
v 0.129314 0.040595 -0.622764
v 0.129544 0.040254 -0.622764
v 0.129752 0.039893 -0.622764
v 0.129937 0.039508 -0.622764
v 0.130093 0.039053 -0.622764
v 0.130191 0.038566 -0.622764
v 0.130233 0.038055 -0.622764
v 0.130221 0.037530 -0.622764
v 0.130157 0.036999 -0.622764
v 0.130043 0.036470 -0.622764
v 0.129880 0.035953 -0.622764
v 0.129671 0.035454 -0.622764
v 0.129416 0.034984 -0.622764
v 0.129119 0.034551 -0.622764
v 0.128780 0.034163 -0.622764
v 0.128402 0.033829 -0.622764
v 0.128237 0.033691 -0.622764
v 0.128052 0.033524 -0.622764
v 0.127855 0.033330 -0.622764
v 0.127652 0.033107 -0.622764
v 0.127450 0.032859 -0.622764
v 0.127254 0.032584 -0.622764
v 0.127070 0.032283 -0.622764
v 0.126906 0.031958 -0.622764
v 0.126768 0.031609 -0.622764
v 0.126661 0.031237 -0.622764
v 0.126592 0.030842 -0.622764
v 0.126568 0.030425 -0.622764
v 0.126591 0.030031 -0.622764
v 0.126659 0.029676 -0.622764
v 0.126768 0.029354 -0.622764
v 0.126918 0.029061 -0.622764
v 0.127105 0.028793 -0.622764
v 0.127326 0.028545 -0.622764
v 0.127580 0.028313 -0.622764
v 0.127864 0.028092 -0.622764
v 0.128175 0.027878 -0.622764
v 0.128512 0.027667 -0.622764
v 0.128870 0.027453 -0.622764
v 0.129249 0.027233 -0.622764
v 0.129842 0.026871 -0.622764
v 0.130355 0.026518 -0.622764
v 0.130792 0.026175 -0.622764
v 0.131160 0.025842 -0.622764
v 0.131464 0.025521 -0.622764
v 0.131710 0.025212 -0.622764
v 0.131903 0.024915 -0.622764
v 0.132048 0.024632 -0.622764
v 0.132152 0.024364 -0.622764
v 0.132219 0.024110 -0.622764
v 0.132255 0.023873 -0.622764
v 0.132266 0.023653 -0.622764
v 0.132266 0.022771 -0.622764
v 0.132266 0.022023 -0.622764
v 0.132266 0.021381 -0.622764
v 0.132266 0.020819 -0.622764
v 0.132266 0.020310 -0.622764
v 0.132266 0.019828 -0.622764
v 0.132266 0.019346 -0.622764
v 0.132266 0.018839 -0.622764
v 0.132266 0.018278 -0.622764
v 0.132266 0.017639 -0.622764
v 0.132266 0.016894 -0.622764
v 0.132266 0.016016 -0.622764
v 0.132266 0.015508 -0.622764
v 0.132266 0.014104 -0.622764
v 0.132266 0.011982 -0.622764
v 0.132266 0.009322 -0.622764
v 0.132266 0.006304 -0.622764
v 0.132266 0.003106 -0.622764
v 0.132266 -0.000091 -0.622764
v 0.132266 -0.003110 -0.622764
v 0.132266 -0.005769 -0.622764
v 0.132266 -0.007891 -0.622764
v 0.132266 -0.009296 -0.622764
v 0.132266 -0.009804 -0.636764
v 0.132266 -0.010181 -0.636764
v 0.132266 -0.011268 -0.636764
v 0.132266 -0.013001 -0.636764
v 0.132266 -0.015316 -0.636764
v 0.132266 -0.018147 -0.636764
v 0.132266 -0.021431 -0.636764
v 0.132266 -0.025101 -0.636764
v 0.132266 -0.029094 -0.636764
v 0.132266 -0.033345 -0.636764
v 0.132266 -0.037789 -0.636764
v 0.132266 -0.042362 -0.636764
v 0.132266 -0.046999 -0.636764
v 0.132266 -0.047043 -0.636764
v 0.132266 -0.047087 -0.636764
v 0.132266 -0.047131 -0.636764
v 0.132267 -0.047175 -0.636764
v 0.132268 -0.047218 -0.636764
v 0.132270 -0.047262 -0.636764
v 0.132273 -0.047304 -0.636764
v 0.132276 -0.047347 -0.636764
v 0.132280 -0.047389 -0.636764
v 0.132286 -0.047430 -0.636764
v 0.132293 -0.047471 -0.636764
v 0.132301 -0.047511 -0.636764
v 0.132321 -0.047653 -0.636764
v 0.132327 -0.047780 -0.636764
v 0.132320 -0.047893 -0.636764
v 0.132298 -0.047991 -0.636764
v 0.132263 -0.048076 -0.636764
v 0.132213 -0.048148 -0.636764
v 0.132148 -0.048206 -0.636764
v 0.132068 -0.048253 -0.636764
v 0.131973 -0.048287 -0.636764
v 0.131863 -0.048310 -0.636764
v 0.131737 -0.048321 -0.636764
v 0.131595 -0.048322 -0.636764
v 0.131212 -0.048307 -0.636764
v 0.130828 -0.048290 -0.636764
v 0.130444 -0.048271 -0.636764
v 0.130061 -0.048252 -0.636764
v 0.129677 -0.048234 -0.636764
v 0.129293 -0.048218 -0.636764
v 0.128910 -0.048206 -0.636764
v 0.128526 -0.048198 -0.636764
v 0.128142 -0.048195 -0.636764
v 0.127759 -0.048200 -0.636764
v 0.127375 -0.048212 -0.636764
v 0.126991 -0.048234 -0.636764
v 0.126685 -0.048242 -0.636764
v 0.126391 -0.048225 -0.636764
v 0.126109 -0.048184 -0.636764
v 0.125838 -0.048121 -0.636764
v 0.125576 -0.048040 -0.636764
v 0.125322 -0.047941 -0.636764
v 0.125075 -0.047826 -0.636764
v 0.124834 -0.047699 -0.636764
v 0.124597 -0.047562 -0.636764
v 0.124364 -0.047415 -0.636764
v 0.124134 -0.047262 -0.636764
v 0.123904 -0.047105 -0.636764
v 0.123575 -0.046872 -0.636764
v 0.123249 -0.046634 -0.636764
v 0.122924 -0.046392 -0.636764
v 0.122601 -0.046149 -0.636764
v 0.122277 -0.045905 -0.636764
v 0.121953 -0.045663 -0.636764
v 0.121626 -0.045425 -0.636764
v 0.121297 -0.045192 -0.636764
v 0.120964 -0.044967 -0.636764
v 0.120627 -0.044751 -0.636764
v 0.120284 -0.044546 -0.636764
v 0.119935 -0.044354 -0.636764
v 0.119756 -0.044252 -0.636764
v 0.119591 -0.044149 -0.636764
v 0.119440 -0.044044 -0.636764
v 0.119303 -0.043934 -0.636764
v 0.119181 -0.043820 -0.636764
v 0.119073 -0.043699 -0.636764
v 0.118980 -0.043570 -0.636764
v 0.118903 -0.043433 -0.636764
v 0.118841 -0.043285 -0.636764
v 0.118795 -0.043125 -0.636764
v 0.118766 -0.042953 -0.636764
v 0.118753 -0.042766 -0.636764
v 0.118756 -0.042590 -0.636764
v 0.118764 -0.042414 -0.636764
v 0.118776 -0.042238 -0.636764
v 0.118792 -0.042062 -0.636764
v 0.118811 -0.041886 -0.636764
v 0.118833 -0.041710 -0.636764
v 0.118855 -0.041535 -0.636764
v 0.118879 -0.041361 -0.636764
v 0.118902 -0.041187 -0.636764
v 0.118925 -0.041013 -0.636764
v 0.118946 -0.040840 -0.636764
v 0.118965 -0.040668 -0.636764
v 0.118970 -0.040632 -0.636764
v 0.118976 -0.040595 -0.636764
v 0.118983 -0.040557 -0.636764
v 0.118990 -0.040519 -0.636764
v 0.118996 -0.040481 -0.636764
v 0.119002 -0.040443 -0.636764
v 0.119007 -0.040406 -0.636764
v 0.119011 -0.040370 -0.636764
v 0.119012 -0.040335 -0.636764
v 0.119011 -0.040303 -0.636764
v 0.119007 -0.040272 -0.636764
v 0.119000 -0.040244 -0.636764
v 0.118918 -0.040020 -0.636764
v 0.118847 -0.039796 -0.636764
v 0.118790 -0.039573 -0.636764
v 0.118747 -0.039349 -0.636764
v 0.118719 -0.039127 -0.636764
v 0.118707 -0.038904 -0.636764
v 0.118712 -0.038681 -0.636764
v 0.118736 -0.038459 -0.636764
v 0.118779 -0.038235 -0.636764
v 0.118843 -0.038012 -0.636764
v 0.118928 -0.037788 -0.636764
v 0.119035 -0.037564 -0.636764
v 0.119047 -0.037545 -0.636764
v 0.119057 -0.037523 -0.636764
v 0.119065 -0.037499 -0.636764
v 0.119071 -0.037474 -0.636764
v 0.119074 -0.037448 -0.636764
v 0.119075 -0.037420 -0.636764
v 0.119074 -0.037393 -0.636764
v 0.119071 -0.037365 -0.636764
v 0.119065 -0.037338 -0.636764
v 0.119057 -0.037312 -0.636764
v 0.119047 -0.037287 -0.636764
v 0.119035 -0.037264 -0.636764
v 0.118909 -0.036997 -0.636764
v 0.118817 -0.036728 -0.636764
v 0.118756 -0.036456 -0.636764
v 0.118720 -0.036181 -0.636764
v 0.118704 -0.035905 -0.636764
v 0.118705 -0.035628 -0.636764
v 0.118716 -0.035350 -0.636764
v 0.118734 -0.035072 -0.636764
v 0.118753 -0.034794 -0.636764
v 0.118768 -0.034516 -0.636764
v 0.118776 -0.034240 -0.636764
v 0.118771 -0.033966 -0.636764
v 0.118773 -0.033784 -0.636764
v 0.118803 -0.033626 -0.636764
v 0.118858 -0.033489 -0.636764
v 0.118935 -0.033370 -0.636764
v 0.119031 -0.033267 -0.636764
v 0.119141 -0.033179 -0.636764
v 0.119263 -0.033101 -0.636764
v 0.119394 -0.033033 -0.636764
v 0.119530 -0.032971 -0.636764
v 0.119668 -0.032914 -0.636764
v 0.119804 -0.032858 -0.636764
v 0.119935 -0.032802 -0.636764
v 0.120161 -0.032694 -0.636764
v 0.120390 -0.032591 -0.636764
v 0.120621 -0.032491 -0.636764
v 0.120853 -0.032394 -0.636764
v 0.121086 -0.032298 -0.636764
v 0.121320 -0.032204 -0.636764
v 0.121553 -0.032111 -0.636764
v 0.121787 -0.032017 -0.636764
v 0.122019 -0.031921 -0.636764
v 0.122250 -0.031824 -0.636764
v 0.122478 -0.031724 -0.636764
v 0.122705 -0.031620 -0.636764
v 0.122994 -0.031469 -0.636764
v 0.123254 -0.031298 -0.636764
v 0.123486 -0.031109 -0.636764
v 0.123690 -0.030902 -0.636764
v 0.123867 -0.030678 -0.636764
v 0.124019 -0.030438 -0.636764
v 0.124145 -0.030184 -0.636764
v 0.124248 -0.029917 -0.636764
v 0.124327 -0.029636 -0.636764
v 0.124384 -0.029344 -0.636764
v 0.124419 -0.029041 -0.636764
v 0.124433 -0.028728 -0.636764
v 0.124437 -0.027842 -0.636764
v 0.124439 -0.026955 -0.636764
v 0.124441 -0.026069 -0.636764
v 0.124441 -0.025183 -0.636764
v 0.124441 -0.024298 -0.636764
v 0.124440 -0.023413 -0.636764
v 0.124439 -0.022528 -0.636764
v 0.124437 -0.021643 -0.636764
v 0.124436 -0.020759 -0.636764
v 0.124435 -0.019876 -0.636764
v 0.124434 -0.018993 -0.636764
v 0.124433 -0.018111 -0.636764
v 0.124434 -0.015272 -0.636764
v 0.124434 -0.013050 -0.636764
v 0.124436 -0.011322 -0.636764
v 0.124437 -0.009964 -0.636764
v 0.124437 -0.008853 -0.636764
v 0.124438 -0.007866 -0.636764
v 0.124437 -0.006879 -0.636764
v 0.124436 -0.005769 -0.636764
v 0.124433 -0.004413 -0.636764
v 0.124429 -0.002687 -0.636764
v 0.124423 -0.000469 -0.636764
v 0.124416 0.002366 -0.636764
v 0.124276 0.002363 -0.636764
v 0.123890 0.002358 -0.636764
v 0.123308 0.002349 -0.636764
v 0.122577 0.002338 -0.636764
v 0.121748 0.002326 -0.636764
v 0.120870 0.002313 -0.636764
v 0.119992 0.002300 -0.636764
v 0.119163 0.002287 -0.636764
v 0.118432 0.002276 -0.636764
v 0.117850 0.002268 -0.636764
v 0.117464 0.002262 -0.636764
v 0.117324 0.002260 -0.636764
v 0.117325 0.002398 -0.636764
v 0.117327 0.002786 -0.636764
v 0.117331 0.003384 -0.636764
v 0.117335 0.004153 -0.636764
v 0.117341 0.005053 -0.636764
v 0.117349 0.006045 -0.636764
v 0.117357 0.007088 -0.636764
v 0.117366 0.008144 -0.636764
v 0.117376 0.009172 -0.636764
v 0.117388 0.010133 -0.636764
v 0.117400 0.010987 -0.636764
v 0.117412 0.011695 -0.636764
v 0.117553 0.011691 -0.636764
v 0.117943 0.011679 -0.636764
v 0.118532 0.011663 -0.636764
v 0.119270 0.011644 -0.636764
v 0.120108 0.011626 -0.636764
v 0.120996 0.011609 -0.636764
v 0.121884 0.011598 -0.636764
v 0.122723 0.011593 -0.636764
v 0.123463 0.011599 -0.636764
v 0.124054 0.011616 -0.636764
v 0.124447 0.011647 -0.636764
v 0.124592 0.011695 -0.636764
v 0.124599 0.012069 -0.636764
v 0.124604 0.012565 -0.636764
v 0.124606 0.013161 -0.636764
v 0.124607 0.013834 -0.636764
v 0.124608 0.014560 -0.636764
v 0.124610 0.015315 -0.636764
v 0.124613 0.016077 -0.636764
v 0.124618 0.016823 -0.636764
v 0.124627 0.017529 -0.636764
v 0.124639 0.018171 -0.636764
v 0.124657 0.018727 -0.636764
v 0.124680 0.019173 -0.636764
v 0.124606 0.019201 -0.636764
v 0.124376 0.019244 -0.636764
v 0.124021 0.019308 -0.636764
v 0.123572 0.019401 -0.636764
v 0.123060 0.019529 -0.636764
v 0.122515 0.019698 -0.636764
v 0.121968 0.019915 -0.636764
v 0.121449 0.020186 -0.636764
v 0.120989 0.020517 -0.636764
v 0.120619 0.020916 -0.636764
v 0.120369 0.021389 -0.636764
v 0.120270 0.021942 -0.636764
v 0.120266 0.022310 -0.636764
v 0.120263 0.022793 -0.636764
v 0.120261 0.023368 -0.636764
v 0.120260 0.024016 -0.636764
v 0.120261 0.024715 -0.636764
v 0.120264 0.025443 -0.636764
v 0.120268 0.026180 -0.636764
v 0.120274 0.026905 -0.636764
v 0.120283 0.027597 -0.636764
v 0.120293 0.028234 -0.636764
v 0.120307 0.028796 -0.636764
v 0.120323 0.029261 -0.636764
v 0.120323 0.029406 -0.636764
v 0.120322 0.029711 -0.636764
v 0.120321 0.030145 -0.636764
v 0.120319 0.030676 -0.636764
v 0.120318 0.031272 -0.636764
v 0.120317 0.031900 -0.636764
v 0.120316 0.032529 -0.636764
v 0.120315 0.033126 -0.636764
v 0.120316 0.033659 -0.636764
v 0.120317 0.034095 -0.636764
v 0.120319 0.034404 -0.636764
v 0.120323 0.034552 -0.636764
v 0.120273 0.034786 -0.636764
v 0.120126 0.035018 -0.636764
v 0.119902 0.035250 -0.636764
v 0.119620 0.035482 -0.636764
v 0.119301 0.035713 -0.636764
v 0.118963 0.035943 -0.636764
v 0.118626 0.036174 -0.636764
v 0.118310 0.036403 -0.636764
v 0.118033 0.036633 -0.636764
v 0.117817 0.036863 -0.636764
v 0.117680 0.037092 -0.636764
v 0.117642 0.037321 -0.636764
v 0.117642 0.037344 -0.636764
v 0.117644 0.037367 -0.636764
v 0.117647 0.037390 -0.636764
v 0.117650 0.037415 -0.636764
v 0.117654 0.037439 -0.636764
v 0.117657 0.037465 -0.636764
v 0.117660 0.037490 -0.636764
v 0.117663 0.037516 -0.636764
v 0.117664 0.037542 -0.636764
v 0.117664 0.037568 -0.636764
v 0.117663 0.037595 -0.636764
v 0.117659 0.037621 -0.636764
v 0.117638 0.037825 -0.636764
v 0.117610 0.038030 -0.636764
v 0.117577 0.038237 -0.636764
v 0.117543 0.038444 -0.636764
v 0.117510 0.038651 -0.636764
v 0.117479 0.038858 -0.636764
v 0.117453 0.039063 -0.636764
v 0.117435 0.039267 -0.636764
v 0.117426 0.039469 -0.636764
v 0.117430 0.039668 -0.636764
v 0.117448 0.039863 -0.636764
v 0.117483 0.040055 -0.636764
v 0.117535 0.040327 -0.636764
v 0.117560 0.040596 -0.636764
v 0.117564 0.040863 -0.636764
v 0.117552 0.041129 -0.636764
v 0.117529 0.041393 -0.636764
v 0.117498 0.041655 -0.636764
v 0.117466 0.041917 -0.636764
v 0.117437 0.042179 -0.636764
v 0.117416 0.042441 -0.636764
v 0.117408 0.042703 -0.636764
v 0.117416 0.042966 -0.636764
v 0.117448 0.043230 -0.636764
v 0.117479 0.043367 -0.636764
v 0.117517 0.043505 -0.636764
v 0.117560 0.043644 -0.636764
v 0.117605 0.043783 -0.636764
v 0.117651 0.043922 -0.636764
v 0.117695 0.044061 -0.636764
v 0.117734 0.044198 -0.636764
v 0.117767 0.044333 -0.636764
v 0.117790 0.044467 -0.636764
v 0.117802 0.044598 -0.636764
v 0.117801 0.044727 -0.636764
v 0.117783 0.044852 -0.636764
v 0.117745 0.044984 -0.636764
v 0.117704 0.045114 -0.636764
v 0.117661 0.045244 -0.636764
v 0.117618 0.045374 -0.636764
v 0.117575 0.045504 -0.636764
v 0.117536 0.045635 -0.636764
v 0.117501 0.045766 -0.636764
v 0.117472 0.045900 -0.636764
v 0.117451 0.046035 -0.636764
v 0.117438 0.046173 -0.636764
v 0.117437 0.046313 -0.636764
v 0.117448 0.046457 -0.636764
v 0.117465 0.046585 -0.636764
v 0.117483 0.046714 -0.636764
v 0.117501 0.046843 -0.636764
v 0.117518 0.046973 -0.636764
v 0.117536 0.047103 -0.636764
v 0.117554 0.047233 -0.636764
v 0.117571 0.047363 -0.636764
v 0.117589 0.047493 -0.636764
v 0.117607 0.047623 -0.636764
v 0.117624 0.047752 -0.636764
v 0.117642 0.047881 -0.636764
v 0.117659 0.048009 -0.636764
v 0.117664 0.048040 -0.636764
v 0.117668 0.048071 -0.636764
v 0.117672 0.048102 -0.636764
v 0.117676 0.048132 -0.636764
v 0.117679 0.048163 -0.636764
v 0.117681 0.048194 -0.636764
v 0.117683 0.048225 -0.636764
v 0.117684 0.048256 -0.636764
v 0.117684 0.048287 -0.636764
v 0.117683 0.048318 -0.636764
v 0.117681 0.048348 -0.636764
v 0.117677 0.048379 -0.636764
v 0.117659 0.048582 -0.636764
v 0.117639 0.048785 -0.636764
v 0.117619 0.048988 -0.636764
v 0.117598 0.049191 -0.636764
v 0.117577 0.049393 -0.636764
v 0.117556 0.049596 -0.636764
v 0.117535 0.049799 -0.636764
v 0.117515 0.050002 -0.636764
v 0.117496 0.050205 -0.636764
v 0.117478 0.050408 -0.636764
v 0.117462 0.050610 -0.636764
v 0.117448 0.050813 -0.636764
v 0.117450 0.050949 -0.636764
v 0.117464 0.051073 -0.636764
v 0.117491 0.051186 -0.636764
v 0.117531 0.051287 -0.636764
v 0.117583 0.051377 -0.636764
v 0.117648 0.051455 -0.636764
v 0.117727 0.051520 -0.636764
v 0.117818 0.051574 -0.636764
v 0.117922 0.051614 -0.636764
v 0.118039 0.051642 -0.636764
v 0.118169 0.051658 -0.636764
v 0.118312 0.051660 -0.636764
v 0.118638 0.051656 -0.636764
v 0.118965 0.051654 -0.636764
v 0.119291 0.051652 -0.636764
v 0.119618 0.051652 -0.636764
v 0.119944 0.051652 -0.636764
v 0.120270 0.051653 -0.636764
v 0.120597 0.051654 -0.636764
v 0.120923 0.051656 -0.636764
v 0.121249 0.051657 -0.636764
v 0.121576 0.051659 -0.636764
v 0.121902 0.051659 -0.636764
v 0.122228 0.051660 -0.636764
v 0.122365 0.051651 -0.636764
v 0.122494 0.051626 -0.636764
v 0.122613 0.051585 -0.636764
v 0.122722 0.051530 -0.636764
v 0.122821 0.051462 -0.636764
v 0.122910 0.051382 -0.636764
v 0.122987 0.051291 -0.636764
v 0.123051 0.051189 -0.636764
v 0.123104 0.051079 -0.636764
v 0.123143 0.050962 -0.636764
v 0.123169 0.050837 -0.636764
v 0.123181 0.050707 -0.636764
v 0.123186 0.050584 -0.636764
v 0.123193 0.050459 -0.636764
v 0.123201 0.050335 -0.636764
v 0.123212 0.050210 -0.636764
v 0.123224 0.050085 -0.636764
v 0.123238 0.049960 -0.636764
v 0.123255 0.049836 -0.636764
v 0.123274 0.049712 -0.636764
v 0.123295 0.049589 -0.636764
v 0.123319 0.049467 -0.636764
v 0.123345 0.049346 -0.636764
v 0.123375 0.049226 -0.636764
v 0.123470 0.048817 -0.636764
v 0.123573 0.048411 -0.636764
v 0.123683 0.048009 -0.636764
v 0.123804 0.047612 -0.636764
v 0.123937 0.047220 -0.636764
v 0.124083 0.046834 -0.636764
v 0.124244 0.046455 -0.636764
v 0.124422 0.046084 -0.636764
v 0.124618 0.045721 -0.636764
v 0.124834 0.045368 -0.636764
v 0.125072 0.045025 -0.636764
v 0.125333 0.044693 -0.636764
v 0.125444 0.044561 -0.636764
v 0.125556 0.044430 -0.636764
v 0.125670 0.044300 -0.636764
v 0.125785 0.044171 -0.636764
v 0.125901 0.044044 -0.636764
v 0.126019 0.043917 -0.636764
v 0.126137 0.043792 -0.636764
v 0.126257 0.043669 -0.636764
v 0.126377 0.043548 -0.636764
v 0.126499 0.043428 -0.636764
v 0.126621 0.043310 -0.636764
v 0.126744 0.043194 -0.636764
v 0.127042 0.042915 -0.636764
v 0.127343 0.042639 -0.636764
v 0.127645 0.042365 -0.636764
v 0.127944 0.042090 -0.636764
v 0.128239 0.041810 -0.636764
v 0.128526 0.041523 -0.636764
v 0.128803 0.041227 -0.636764
v 0.129066 0.040918 -0.636764
v 0.129314 0.040595 -0.636764
v 0.129544 0.040254 -0.636764
v 0.129752 0.039893 -0.636764
v 0.129937 0.039508 -0.636764
v 0.130093 0.039053 -0.636764
v 0.130191 0.038566 -0.636764
v 0.130233 0.038055 -0.636764
v 0.130221 0.037530 -0.636764
v 0.130157 0.036999 -0.636764
v 0.130043 0.036470 -0.636764
v 0.129880 0.035953 -0.636764
v 0.129671 0.035454 -0.636764
v 0.129416 0.034984 -0.636764
v 0.129119 0.034551 -0.636764
v 0.128780 0.034163 -0.636764
v 0.128402 0.033829 -0.636764
v 0.128237 0.033691 -0.636764
v 0.128052 0.033524 -0.636764
v 0.127855 0.033330 -0.636764
v 0.127652 0.033107 -0.636764
v 0.127450 0.032859 -0.636764
v 0.127254 0.032584 -0.636764
v 0.127070 0.032283 -0.636764
v 0.126906 0.031958 -0.636764
v 0.126768 0.031609 -0.636764
v 0.126661 0.031237 -0.636764
v 0.126592 0.030842 -0.636764
v 0.126568 0.030425 -0.636764
v 0.126591 0.030031 -0.636764
v 0.126659 0.029676 -0.636764
v 0.126768 0.029354 -0.636764
v 0.126918 0.029061 -0.636764
v 0.127105 0.028793 -0.636764
v 0.127326 0.028545 -0.636764
v 0.127580 0.028313 -0.636764
v 0.127864 0.028092 -0.636764
v 0.128175 0.027878 -0.636764
v 0.128512 0.027667 -0.636764
v 0.128870 0.027453 -0.636764
v 0.129249 0.027233 -0.636764
v 0.129842 0.026871 -0.636764
v 0.130355 0.026518 -0.636764
v 0.130792 0.026175 -0.636764
v 0.131160 0.025842 -0.636764
v 0.131464 0.025521 -0.636764
v 0.131710 0.025212 -0.636764
v 0.131903 0.024915 -0.636764
v 0.132048 0.024632 -0.636764
v 0.132152 0.024364 -0.636764
v 0.132219 0.024110 -0.636764
v 0.132255 0.023873 -0.636764
v 0.132266 0.023653 -0.636764
v 0.132266 0.022771 -0.636764
v 0.132266 0.022023 -0.636764
v 0.132266 0.021381 -0.636764
v 0.132266 0.020819 -0.636764
v 0.132266 0.020310 -0.636764
v 0.132266 0.019828 -0.636764
v 0.132266 0.019346 -0.636764
v 0.132266 0.018839 -0.636764
v 0.132266 0.018278 -0.636764
v 0.132266 0.017639 -0.636764
v 0.132266 0.016894 -0.636764
v 0.132266 0.016016 -0.636764
v 0.132266 0.015508 -0.636764
v 0.132266 0.014104 -0.636764
v 0.132266 0.011982 -0.636764
v 0.132266 0.009322 -0.636764
v 0.132266 0.006304 -0.636764
v 0.132266 0.003106 -0.636764
v 0.132266 -0.000091 -0.636764
v 0.132266 -0.003110 -0.636764
v 0.132266 -0.005769 -0.636764
v 0.132266 -0.007891 -0.636764
v 0.132266 -0.009296 -0.636764
vn -1.0000 -0.0000 0.0001
vn -1.0000 -0.0000 -0.0000
vn -1.0000 -0.0000 0.0009
vn -1.0000 -0.0000 -0.0053
vn -1.0000 -0.0000 -0.0007
vn -1.0000 -0.0000 -0.0002
vn -0.9997 -0.0000 0.0258
vn -1.0000 -0.0000 0.0003
vn -1.0000 -0.0000 -0.0001
vn -1.0000 -0.0000 0.0002
vn -0.9998 -0.0000 -0.0174
vn -1.0000 -0.0000 0.0007
vn -1.0000 -0.0000 -0.0004
vn -1.0000 -0.0000 -0.0005
vn -1.0000 -0.0000 -0.0011
vn -1.0000 -0.0000 0.0004
vn -1.0000 -0.0000 -0.0013
vn -1.0000 -0.0000 -0.0012
vn -1.0000 -0.0000 0.0012
vn -1.0000 -0.0000 0.0015
vn -1.0000 -0.0000 0.0011
vn -1.0000 -0.0000 0.0019
vn -1.0000 -0.0000 -0.0003
vn -1.0000 -0.0000 -0.0006
vn -1.0000 -0.0000 0.0030
vn -1.0000 -0.0000 0.0017
vn -1.0000 -0.0000 -0.0066
vn -0.9999 -0.0000 -0.0145
vn -0.0000 1.0000 0.0053
vn -0.0000 0.9980 0.0629
vn -0.0000 -0.6576 0.7534
vn -0.0000 0.6961 0.7180
vn -0.0000 -0.8864 -0.4630
vn -0.0000 0.8357 -0.5491
vn -0.0000 -0.9999 0.0149
vn -0.0000 -0.7724 -0.6351
vn -0.0000 0.7795 -0.6264
vn -0.0000 0.9997 0.0254
vn -0.0000 -0.9959 0.0909
vn -0.0000 0.9310 -0.3649
vn -0.0000 -0.0000 1.0000
vn -0.0000 -0.3217 -0.9469
vn -0.0000 0.8240 0.5666
vn -0.0000 -0.1037 -0.9946
vn -0.0000 0.0063 -1.0000
vn -0.0000 0.2737 -0.9618
vn -0.0000 0.6826 0.7308
vn -0.0000 0.2908 0.9568
vn -0.0000 0.1419 -0.9899
vn -0.0000 0.0348 -0.9994
vn -0.0000 0.1556 -0.9878
vn -0.0000 0.0896 0.9960
vn -0.0000 0.0602 0.9982
vn -0.0000 -0.1564 -0.9877
vn -0.0000 0.4457 -0.8952
vn -0.0000 0.0449 -0.9990
vn -0.0000 0.3135 -0.9496
vn -0.0000 0.6583 0.7528
vn -0.0000 0.1864 -0.9825
vn -0.0000 1.0000 -0.0044
vn -0.0000 0.8241 0.5664
vn -0.0000 0.1922 0.9814
vn -0.0000 0.9176 -0.3974
vn -0.0000 0.0087 -1.0000
vn -0.0000 -0.9317 -0.3632
vn -0.0000 -0.0003 -1.0000
vn -0.0000 0.3653 -0.9309
vn -0.0000 -0.6315 0.7754
vn -0.0000 0.0524 -0.9986
vn -0.0000 0.0276 -0.9996
vn -0.0000 -0.1184 -0.9930
vn -0.0000 -0.8105 -0.5858
vn -0.0000 -0.0378 -0.9993
vn -0.0000 0.0117 -0.9999
vn -0.0000 0.9999 0.0113
vn -0.0000 -0.0017 -1.0000
vn -0.0000 0.1347 -0.9909
vn -0.0000 0.3237 0.9462
vn -0.0000 0.2151 0.9766
vn -0.0000 -0.2485 -0.9686
vn -0.0000 0.1315 0.9913
vn -0.0000 -0.3173 -0.9483
vn -0.0000 -0.0025 -1.0000
vn -0.0000 0.1213 -0.9926
vn -0.0000 0.7401 0.6725
vn -0.0000 0.1177 -0.9931
vn -0.0000 0.8863 -0.4631
vn -0.0000 0.7021 -0.7121
vn -0.0000 -0.5848 -0.8112
vn -0.0000 0.7418 0.6707
vn -0.0000 1.0000 0.0075
vn -0.0000 0.0010 -1.0000
vn -0.0000 0.6442 0.7649
vn -0.0000 -0.0892 -0.9960
vn -0.0000 0.7041 0.7101
vn -0.0000 0.9104 -0.4138
vn -0.0000 -0.0935 -0.9956
vn -0.0000 0.1329 -0.9911
vn -0.0000 -0.8017 -0.5977
vn -0.0000 -0.8109 -0.5851
vn -0.0000 -0.0871 -0.9962
vn -0.0000 0.9192 -0.3937
vn -0.0000 -0.9988 -0.0492
vn -0.0000 -0.0560 -0.9984
vn -0.0000 0.4189 -0.9080
vn -0.0000 1.0000 0.0040
vn -0.0000 0.0815 -0.9967
vn -0.0000 0.1019 -0.9948
vn -0.0000 0.0004 -1.0000
vn -0.0000 0.5363 -0.8440
vn -0.0000 0.0631 -0.9980
vn -0.0000 -0.2757 0.9612
vn -0.0000 -0.0294 -0.9996
vn -0.0000 -0.0797 -0.9968
vn -0.0000 0.1340 -0.9910
vn -0.0000 0.0014 -1.0000
vn -0.0000 0.1363 -0.9907
vn -0.0000 0.2110 -0.9775
vn -0.0000 -0.9995 0.0323
vn -0.0000 0.1359 -0.9907
vn -0.0000 0.1202 -0.9927
vn -0.0000 0.0578 -0.9983
vn -0.0000 -0.2114 0.9774
vn -0.0000 0.0411 -0.9992
vn -0.0000 0.1728 -0.9849
vn -0.0000 0.9995 0.0313
vn -0.0000 0.0918 -0.9958
vn -0.0000 -0.8485 -0.5292
vn -0.0000 0.0249 -0.9997
vn -0.0000 0.1905 -0.9817
vn -0.0000 0.1072 -0.9942
vn -0.0000 -0.0890 -0.9960
vn -0.0000 -0.7410 0.6715
vn -0.0000 0.0419 0.9991
vn -0.0000 -0.1145 -0.9934
vn -0.0000 0.1378 0.9905
vn -0.0000 0.0091 1.0000
vn -0.0000 -0.8690 -0.4948
vn -0.0000 -0.8466 -0.5322
vn -0.0000 0.3107 -0.9505
vn -0.0000 -0.1059 -0.9944
vn -0.0000 0.7378 0.6750
vn -0.0000 -0.1355 -0.9908
vn -0.0000 -0.9992 -0.0411
vn -0.0000 -0.9999 0.0148
vn -0.0000 -0.7688 -0.6395
vn -0.0000 0.0086 -1.0000
vn -0.0000 0.9277 -0.3732
vn -0.0000 0.9224 -0.3861
vn -0.0000 -0.6859 -0.7277
vn -0.0000 -0.9989 -0.0467
vn -0.0000 0.0100 -0.9999
vn -0.0000 0.1884 -0.9821
vn -0.0000 0.5045 -0.8634
vn -0.0000 0.5220 0.8529
vn -0.0000 0.1350 -0.9908
vn -0.0000 -0.2835 -0.9590
vn -0.0000 0.0494 0.9988
vn -0.0000 -0.9792 -0.2028
vn -0.0000 -0.0900 -0.9959
vn -0.0000 -0.0020 -1.0000
vn -0.0000 -0.0024 -1.0000
vn -0.0000 -0.9831 -0.1829
vn -0.0000 -0.0528 -0.9986
vn -0.0000 0.5716 0.8205
vn -0.0000 0.1615 -0.9869
vn -0.0000 0.5450 0.8384
vn -0.0000 -0.3092 -0.9510
vn -0.0000 -0.0064 -1.0000
vn -0.0000 -0.0027 -1.0000
vn -0.0000 1.0000 -0.0070
vn -0.0000 0.4570 0.8894
vn -0.0000 -0.7686 0.6398
vn -0.0000 -0.2755 -0.9613
vn -0.0000 0.2195 -0.9756
vn -0.0000 -0.0108 -0.9999
vn -0.0000 -0.8018 -0.5976
vn -0.0000 0.1138 0.9935
vn -0.0000 0.1870 0.9824
vn -0.0000 -0.0416 -0.9991
vn -0.0000 0.0042 -1.0000
vn -0.0000 0.0072 -1.0000
vn -0.0000 0.0122 -0.9999
vn -0.0000 -0.1715 0.9852
vn -0.0000 -0.9983 -0.0590
vn -0.0000 0.9813 0.1924
vn -0.0000 0.6085 0.7936
vn -0.0000 0.1370 -0.9906
vn -0.0000 0.9251 -0.3797
vn -0.0000 -0.3002 0.9539
vn -0.0000 0.9724 -0.2332
vn -0.0000 -0.5658 0.8245
vn -0.0000 0.6809 -0.7324
vn -0.0000 0.9998 0.0223
vn -0.0000 -0.0125 -0.9999
vn -0.0000 -0.1035 -0.9946
vn -0.0000 -0.9795 0.2012
vn -0.0000 -0.4292 -0.9032
vn -0.0000 0.6733 0.7394
vn -0.0000 -0.2110 -0.9775
vn -0.0000 0.1369 -0.9906
vn -0.0000 -0.9999 0.0150
vn -0.0000 0.1901 -0.9818
vn -0.0000 0.7400 0.6726
vn -0.0000 0.7075 0.7067
vn -0.0000 -0.0883 -0.9961
vn -0.0000 0.0052 -1.0000
vn -0.0000 0.1727 -0.9850
vn -0.0000 -0.7815 -0.6240
vn -0.0000 -0.0014 -1.0000
vn -0.0000 -0.0012 -1.0000
vn -0.0000 -0.1215 -0.9926
vn -0.0000 0.2274 0.9738
vn -0.0000 0.0441 0.9990
vn -0.0000 0.3014 -0.9535
vn -0.0000 0.5699 0.8217
vn -0.0000 -0.8249 -0.5652
vn -0.0000 0.0162 -0.9999
vn -0.0000 -0.1544 -0.9880
vn -0.0000 0.8647 0.5023
vn -0.0000 0.0943 -0.9955
vn -0.0000 -0.0019 -1.0000
vn -0.0000 0.5351 -0.8448
vn -0.0000 -0.8281 -0.5606
vn -0.0000 0.4303 0.9027
vn -0.0000 -0.9703 -0.2419
vn -0.0000 -0.9998 -0.0210
vn -0.0000 -0.5807 0.8141
vn -0.0000 0.0060 -1.0000
vn -0.0000 -0.5130 -0.8584
vn -0.0000 0.9112 -0.4120
vn -0.0000 0.0191 -0.9998
vn -0.0000 -0.9545 -0.2981
vn -0.0000 1.0000 -0.0011
vn -0.0000 -0.8260 -0.5636
vn -0.0000 -0.2115 0.9774
vn -0.0000 0.0567 -0.9984
vn -0.0000 -0.9992 -0.0388
vn -0.0000 0.1318 0.9913
vn -0.0000 0.0135 -0.9999
vn -0.0000 0.1974 0.9803
vn -0.0000 0.9091 -0.4165
vn -0.0000 0.0383 -0.9993
vn -0.0000 0.9466 0.3223
vn -0.0000 -0.3000 -0.9539
vn -0.0000 0.7117 0.7025
vn -0.0000 -0.0028 -1.0000
vn -0.0000 -0.0035 -1.0000
vn -0.0000 0.1056 0.9944
vn -0.0000 0.6218 0.7832
vn -0.0000 0.0406 -0.9992
vn -0.0000 0.1297 -0.9916
vn -0.0000 0.4548 0.8906
vn -0.0000 -0.2748 -0.9615
vn -0.0000 0.7868 0.6172
vn -0.0000 0.8860 -0.4637
vn -0.0000 0.0315 -0.9995
vn -0.0000 -0.6657 -0.7462
vn -0.0000 0.3540 0.9353
vn -0.0000 -0.6800 -0.7332
vn -0.0000 0.9932 -0.1165
vn -0.0000 -0.0808 -0.9967
vn -0.0000 0.0001 -1.0000
vn -0.0000 -0.1302 -0.9915
vn -0.0000 -0.8078 -0.5895
vn -0.0000 -0.1014 -0.9948
vn -0.0000 -0.1607 -0.9870
vn -0.0000 0.4318 -0.9020
vn -0.0000 0.0542 0.9985
vn -0.0000 0.1302 -0.9915
vn -0.0000 -0.7492 0.6624
vn -0.0000 0.2715 -0.9624
vn -0.0000 0.0019 -1.0000
vn -0.0000 0.0925 -0.9957
vn -0.0000 0.9999 0.0130
vn -0.0000 -0.5210 0.8535
vn -0.0000 -0.9990 -0.0452
vn -0.0000 0.0905 -0.9959
vn -0.0000 -0.9999 0.0115
vn -0.0000 0.2751 -0.9614
vn -0.0000 0.0283 -0.9996
vn -0.0000 1.0000 -0.0040
vn -0.0000 0.0015 -1.0000
vn -0.0000 0.9258 -0.3779
vn -0.0000 -0.8761 -0.4821
vn -0.0000 -0.8640 -0.5034
vn -0.0000 0.0160 -0.9999
vn -0.0000 0.6497 0.7602
vn -0.0000 -0.5730 0.8196
vn -0.0000 0.6434 -0.7655
vn -0.0000 0.0058 -1.0000
vn -0.0000 0.0007 -1.0000
vn -0.0000 0.0111 -0.9999
vn -0.0000 -0.0958 -0.9954
vn -0.0000 -0.8848 -0.4660
vn -0.0000 -0.1972 -0.9804
vn -0.0000 -0.0558 -0.9984
vn -0.0000 0.6653 0.7466
vn -0.0000 0.1352 -0.9908
vn -0.0000 0.0824 0.9966
vn -0.0000 -0.9298 -0.3682
vn -0.0000 -0.0026 -1.0000
vn -0.0000 0.9996 -0.0289
vn -0.0000 -0.1246 -0.9922
vn -0.0000 -0.8257 -0.5642
vn -0.0000 0.0492 0.9988
vn -0.0000 -0.2888 -0.9574
vn -0.0000 0.0027 1.0000
vn -0.0000 0.1389 -0.9903
vn -0.0000 0.7203 0.6936
vn -0.0000 0.0011 -1.0000
vn -0.0000 0.2653 -0.9642
vn -0.0000 0.1981 0.9802
vn -0.0000 0.2385 0.9711
vn -0.0000 -0.3849 -0.9229
vn -0.0000 -0.0030 -1.0000
vn -0.0000 0.7894 0.6139
vn -0.0000 0.0185 -0.9998
vn -0.0000 0.6664 0.7456
vn -0.0000 -0.7988 -0.6016
vn -0.0000 0.3912 0.9203
vn -0.0000 -0.9381 -0.3463
vn -0.0000 -0.4672 -0.8842
vn -0.0000 0.5398 0.8418
vn -0.0000 0.1371 -0.9906
vn -0.0000 0.8236 0.5672
vn -0.0000 0.7742 -0.6330
vn -0.0000 -0.9996 0.0276
vn -0.0000 1.0000 0.0013
vn -0.0000 -0.0582 0.9983
vn -0.0000 0.9256 -0.3784
vn -0.0000 0.0463 -0.9989
vn -0.0000 0.0041 -1.0000
vn -0.0000 0.0679 0.9977
vn -0.0000 -0.3877 0.9218
vn -0.0000 0.0182 -0.9998
vn -0.0000 0.0006 -1.0000
vn -0.0000 0.5584 0.8295
vn -0.0000 -0.5343 -0.8453
vn -0.0000 0.0066 -1.0000
vn -0.0000 -0.9406 0.3396
vn -0.0000 0.7382 0.6745
vn -0.0000 0.9274 -0.3741
vn -0.0000 -0.9988 -0.0489
vn -0.0000 1.0000 -0.0026
vn -0.0000 0.7357 0.6773
vn -0.0000 0.9490 -0.3154
vn -0.0000 0.5443 -0.8389
vn -0.0000 -0.7107 0.7035
vn -0.0000 0.7659 -0.6430
vn -0.0000 -0.0703 -0.9975
vn -0.0000 0.6807 0.7326
vn -0.0000 -0.4630 -0.8864
vn -0.0000 0.3203 0.9473
vn -0.0000 0.0171 -0.9999
vn -0.0000 -0.0997 -0.9950
vn -0.0000 0.0274 0.9996
vn -0.0000 -0.7420 0.6704
vn -0.0000 -0.7308 -0.6826
vn -0.0000 0.1062 -0.9943
vn -0.0000 0.6184 0.7859
vn -0.0000 0.8593 0.5114
vn -0.0000 0.1358 -0.9907
vn -0.0000 -0.0004 -1.0000
vn -0.0000 -0.9551 -0.2962
vn -0.0000 0.1774 -0.9841
vn -0.0000 -0.2569 -0.9664
vn -0.0000 0.2444 0.9697
vn -0.0000 0.0088 -1.0000
vn -0.0000 -0.0653 0.9979
vn -0.0000 0.4999 0.8661
vn -0.0000 -0.0685 -0.9977
vn -0.0000 0.1098 -0.9940
vn -0.0000 0.2951 -0.9555
vn -0.0000 0.3179 0.9481
vn -0.0000 -0.8165 -0.5773
vn -0.0000 0.6211 -0.7837
vn -0.0000 0.0922 -0.9957
vn -0.0000 -0.1196 0.9928
vn -0.0000 1.0000 -0.0027
vn -0.0000 -0.9745 -0.2242
vn -0.0000 0.3594 0.9332
vn -0.0000 0.9029 -0.4299
vn -0.0000 0.6882 0.7255
vn -0.0000 0.1190 -0.9929
vn -0.0000 0.8936 0.4488
vn -0.0000 0.0323 -0.9995
vn -0.0000 -0.8648 0.5022
vn -0.0000 -1.0000 0.0059
vn -0.0000 0.9160 -0.4011
vn -0.0000 0.1151 -0.9934
vn -0.0000 -0.6945 -0.7195
vn -0.0000 0.0684 -0.9977
vn -0.0000 -0.8421 -0.5393
vn -0.0000 0.2654 0.9641
vn -0.0000 0.9999 -0.0150
vn -0.0000 -0.0357 -0.9994
vn -0.0000 -0.0010 -1.0000
vn -0.0000 0.8449 -0.5349
vn -0.0000 0.1258 -0.9921
vn -0.0000 0.3573 -0.9340
vn -0.0000 -0.2464 -0.9692
vn -0.0000 0.2031 0.9792
vn -0.0000 -0.0985 -0.9951
vn -0.0000 0.1349 -0.9909
vn -0.0000 0.1343 -0.9909
vn -0.0000 0.0813 0.9967
vn -0.0000 -0.2204 -0.9754
vn -0.0000 -0.1239 -0.9923
vn -0.0000 -0.3450 -0.9386
vn -0.0000 0.0238 -0.9997
vn -0.0000 0.1168 -0.9932
vn -0.0000 -0.3006 -0.9538
vn -0.0000 0.3549 -0.9349
vn -0.0000 -0.1392 -0.9903
vn -0.0000 0.1330 -0.9911
vn -0.0000 0.9225 -0.3860
vn -0.0000 0.0757 -0.9971
vn -0.0000 0.1283 -0.9917
vn -0.0000 0.0005 -1.0000
vn -0.0000 1.0000 -0.0038
vn -0.0000 0.1321 -0.9912
vn -0.0000 -0.1105 -0.9939
vn -0.0000 -0.0189 -0.9998
vn -0.0000 0.2338 -0.9723
vn -0.0000 -0.8203 -0.5720
vn -0.0000 0.2327 -0.9726
vn -0.0000 0.0703 -0.9975
vn -0.0000 -0.1625 -0.9867
vn -0.0000 -0.1210 -0.9927
vn -0.0000 -0.0454 -0.9990
vn -0.0000 -0.8335 -0.5525
vn -0.0000 -0.0749 -0.9972
vn -0.0000 -0.8582 -0.5134
vn -0.0000 0.6513 0.7588
vn -0.0000 -0.1903 -0.9817
vn -0.0000 0.1344 -0.9909
vn -0.0000 -0.4508 0.8926
vn -0.0000 0.0039 -1.0000
vn -0.0000 -0.1264 -0.9920
vn -0.0000 -0.1646 -0.9864
vn -0.0000 -0.0327 -0.9995
vn -0.0000 -0.3146 -0.9492
vn -0.0000 -0.9078 -0.4194
vn -0.0000 -0.9995 -0.0325
vn -0.0000 0.0008 -1.0000
vn -0.0000 -0.4901 -0.8716
vn -0.0000 -0.8088 -0.5881
vn -0.0000 0.0338 -0.9994
vn -0.0000 -0.0005 -1.0000
vn -0.0000 0.1514 0.9885
vn -0.0000 -0.0225 0.9997
vn -0.0000 -0.7988 -0.6015
vn -0.0000 0.0141 -0.9999
vn -0.0000 -0.1242 -0.9923
vn -0.0000 0.1645 0.9864
vn -0.0000 -0.0011 -1.0000
vn -0.0000 0.7288 0.6847
vn -0.0000 0.6873 0.7264
vn -0.0000 -0.9984 0.0558
vn -0.0000 -0.1762 -0.9844
vn -0.0000 0.1128 -0.9936
vn -0.0000 0.0196 -0.9998
vn -0.0000 0.8536 0.5209
vn -0.0000 0.0586 0.9983
vn -0.0000 0.4319 0.9019
vn -0.0000 -0.1476 -0.9890
vn -0.0000 0.0021 -1.0000
vn -0.0000 0.8465 0.5324
vn -0.0000 -0.3691 0.9294
vn -0.0000 0.9998 0.0184
vn -0.0000 0.0822 0.9966
vn -0.0000 -0.4760 0.8794
vn -0.0000 0.1153 -0.9933
vn -0.0000 0.9996 0.0295
vn -0.0000 0.0080 -1.0000
vn -0.0000 0.0799 -0.9968
vn -0.0000 -1.0000 -0.0061
vn -0.0000 -0.8166 -0.5772
vn -0.0000 0.0173 0.9999
vn -0.0000 0.9282 -0.3720
vn -0.0000 0.0055 -1.0000
vn -0.0000 0.0059 -1.0000
vn -0.0000 0.8634 -0.5045
vn -0.0000 0.7249 0.6888
vn -0.0000 0.2560 0.9667
vn -0.0000 0.3737 -0.9276
vn -0.0000 0.7295 0.6840
vn -0.0000 0.0030 -1.0000
vn -0.0000 -0.1025 -0.9947
vn -0.0000 -0.3868 0.9222
vn -0.0000 -0.3709 -0.9287
vn -0.0000 0.6437 0.7653
vn -0.0000 0.1511 0.9885
vn -0.0000 -0.9838 -0.1794
vn -0.0000 0.1362 -0.9907
vn -0.0000 0.0003 -1.0000
vn -0.0000 0.0032 -1.0000
vn -0.0000 -0.6744 0.7384
vn -0.0000 0.0247 -0.9997
vn -0.0000 0.4760 0.8795
vn -0.0000 0.9996 0.0277
vn -0.0000 0.9968 -0.0798
vn -0.0000 -0.2124 -0.9772
vn -0.0000 0.1768 -0.9842
vn -0.0000 0.1708 0.9853
vn -0.0000 0.3109 -0.9504
vn -0.0000 -0.1683 -0.9857
vn -0.0000 0.1792 -0.9838
vn -0.0000 0.0522 -0.9986
vn -0.0000 0.0027 -1.0000
vn -0.0000 0.3227 0.9465
vn -0.0000 0.4332 0.9013
vn -0.0000 0.0980 0.9952
vn -0.0000 0.0079 -1.0000
vn -0.0000 0.0935 -0.9956
vn -0.0000 -0.9896 -0.1440
vn -0.0000 0.1785 -0.9839
vn -0.0000 0.1356 -0.9908
vn -0.0000 0.6183 0.7859
vn -0.0000 0.1060 -0.9944
vn -0.0000 -0.7419 0.6705
vn -0.0000 0.0182 0.9998
vn -0.0000 0.0275 0.9996
vn -0.0000 -0.0999 -0.9950
vn -0.0000 0.3204 0.9473
vn -0.0000 -0.4658 -0.8849
vn -0.0000 0.0805 -0.9968
vn -0.0000 0.5438 -0.8392
vn -0.0000 0.0078 -1.0000
vn -0.0000 0.7358 0.6772
vn -0.0000 0.9274 -0.3742
vn -0.0000 -0.5344 -0.8452
vn -0.0000 -0.1478 -0.9890
vn -0.0000 0.0587 0.9983
vn -0.0000 -0.3878 0.9218
vn -0.0000 0.0676 0.9977
vn -0.0000 0.0197 -0.9998
vn -0.0000 0.0040 -1.0000
vn -0.0000 0.0461 -0.9989
vn -0.0000 0.1142 -0.9935
vn -0.0000 -0.0583 0.9983
vn -0.0000 -0.1240 -0.9923
vn -0.0000 0.0184 -0.9998
vn -0.0000 0.1509 0.9886
vn -0.0000 -0.0031 -1.0000
vn -0.0000 0.0342 -0.9994
vn -0.0000 -0.3848 -0.9230
vn -0.0000 0.1986 0.9801
vn -0.0000 -0.4900 -0.8717
vn -0.0000 0.2655 -0.9641
vn -0.0000 0.7202 0.6938
vn -0.0000 0.1391 -0.9903
vn -0.0000 -0.9995 -0.0324
vn -0.0000 -0.3149 -0.9491
vn -0.0000 -0.2889 -0.9574
vn -0.0000 -0.1648 -0.9863
vn -0.0000 -0.8256 -0.5642
vn -0.0000 -0.1244 -0.9922
vn -0.0000 0.0825 0.9966
vn -0.0000 0.1348 -0.9909
vn -0.0000 -0.0553 -0.9985
vn -0.0000 -0.1900 -0.9818
vn -0.0000 0.6512 0.7589
vn -0.0000 -0.0753 -0.9972
vn -0.0000 -0.0957 -0.9954
vn -0.0000 -0.8336 -0.5524
vn -0.0000 -0.1220 -0.9925
vn -0.0000 0.0110 -0.9999
vn -0.0000 0.2326 -0.9726
vn -0.0000 0.6433 -0.7656
vn -0.0000 -0.8204 -0.5718
vn -0.0000 0.0164 -0.9999
vn -0.0000 -0.1107 -0.9939
vn -0.0000 0.9259 -0.3779
vn -0.0000 0.1281 -0.9918
vn -0.0000 0.1332 -0.9911
vn -0.0000 -0.1394 -0.9902
vn -0.0000 0.2756 -0.9613
vn -0.0000 -0.3004 -0.9538
vn -0.0000 0.0907 -0.9959
vn -0.0000 -0.3448 -0.9387
vn -0.0000 -0.1238 -0.9923
vn -0.0000 -0.0109 -0.9999
vn -0.0000 0.0921 -0.9957
vn -0.0000 0.2032 0.9791
vn -0.0000 0.2716 -0.9624
vn -0.0000 -0.2472 -0.9690
vn -0.0000 0.1303 -0.9915
vn -0.0000 0.0545 0.9985
vn -0.0000 0.1269 -0.9919
vn -0.0000 -0.0366 -0.9993
vn -0.0000 -0.1015 -0.9948
vn -0.0000 0.2656 0.9641
vn -0.0000 -0.1303 -0.9915
vn -0.0000 0.0683 -0.9977
vn -0.0000 0.3539 0.9353
vn -0.0000 0.8860 -0.4636
vn -0.0000 0.7868 0.6173
vn -0.0000 -0.8647 0.5023
vn -0.0000 0.0302 -0.9995
vn -0.0000 0.6883 0.7254
vn -0.0000 0.1058 0.9944
vn -0.0000 0.7120 0.7022
vn -0.0000 0.6212 -0.7837
vn -0.0000 0.3173 0.9483
vn -0.0000 0.9466 0.3225
vn -0.0000 0.9091 -0.4166
vn -0.0000 0.4998 0.8661
vn -0.0000 0.1973 0.9803
vn -0.0000 0.2442 0.9697
vn -0.0000 -0.8260 -0.5637
vn -0.0000 0.0192 -0.9998
vn -0.0000 0.0051 -1.0000
vn -0.0000 -0.7308 -0.6825
vn -0.0000 -0.9703 -0.2420
vn -0.0000 -0.8280 -0.5607
vn -0.0000 0.0939 -0.9956
vn -0.0000 0.0158 -0.9999
vn -0.0000 0.0123 -0.9999
vn -0.0000 0.3019 -0.9533
vn -0.0000 0.9490 -0.3153
vn -0.0000 0.0447 0.9990
vn -0.0000 -0.0013 -1.0000
vn -0.0000 0.1718 -0.9851
vn -0.0000 0.7382 0.6746
vn -0.0000 -0.0881 -0.9961
vn -0.0000 0.0067 -1.0000
vn -0.0000 0.1900 -0.9818
vn -0.0000 0.5585 0.8295
vn -0.0000 0.1366 -0.9906
vn -0.0000 -0.2109 -0.9775
vn -0.0000 -0.4290 -0.9033
vn -0.0000 -0.9795 0.2013
vn -0.0000 -0.1034 -0.9946
vn -0.0000 0.6810 -0.7323
vn -0.0000 -0.3001 0.9539
vn -0.0000 0.1408 -0.9900
vn -0.0000 0.7742 -0.6329
vn -0.0000 0.5400 0.8417
vn -0.0000 -0.1714 0.9852
vn -0.0000 -0.9381 -0.3464
vn -0.0000 0.0073 -1.0000
vn -0.0000 -0.0415 -0.9991
vn -0.0000 0.6665 0.7455
vn -0.0000 0.1144 0.9934
vn -0.0000 -0.8018 -0.5975
vn -0.0000 0.2193 -0.9757
vn -0.0000 -0.2754 -0.9613
vn -0.0000 0.2385 0.9712
vn -0.0000 -0.0063 -1.0000
vn -0.0000 -0.3090 -0.9510
vn -0.0000 0.1631 -0.9866
vn -0.0000 0.0030 1.0000
vn -0.0000 -0.0531 -0.9986
vn -0.0000 -0.0902 -0.9959
vn -0.0000 0.6655 0.7464
vn -0.0000 -0.2851 -0.9585
vn -0.0000 0.5048 -0.8632
vn -0.0000 0.1883 -0.9821
vn -0.0000 -0.5726 0.8198
vn -0.0000 0.6496 0.7602
vn -0.0000 -0.6860 -0.7276
vn -0.0000 0.9225 -0.3859
vn -0.0000 0.9277 -0.3733
vn -0.0000 -0.8641 -0.5034
vn -0.0000 -0.1357 -0.9908
vn -0.0000 0.7379 0.6749
vn -0.0000 0.0297 -0.9996
vn -0.0000 0.3125 -0.9499
vn -0.0000 -0.8691 -0.4947
vn -0.0000 -0.1144 -0.9934
vn -0.0000 0.0413 0.9991
vn -0.0000 0.9999 0.0129
vn -0.0000 0.0919 -0.9958
vn -0.0000 0.0405 -0.9992
vn -0.0000 0.1361 -0.9907
vn -0.0000 -0.8078 -0.5894
vn -0.0000 -0.2757 0.9613
vn -0.0000 -0.6655 -0.7464
vn -0.0000 0.5392 -0.8422
vn -0.0000 -0.2746 -0.9616
vn -0.0000 0.0816 -0.9967
vn -0.0000 0.1292 -0.9916
vn -0.0000 -0.0561 -0.9984
vn -0.0000 -0.0872 -0.9962
vn -0.0000 -0.8110 -0.5851
vn -0.0000 0.9103 -0.4140
vn -0.0000 0.7038 0.7104
vn -0.0000 -0.3001 -0.9539
vn -0.0000 0.7418 0.6706
vn -0.0000 -0.0000 -1.0000
vn -0.0000 0.7403 0.6723
vn -0.0000 0.0390 -0.9992
vn -0.0000 -0.0023 -1.0000
vn -0.0000 0.0137 -0.9999
vn -0.0000 -0.0015 -1.0000
vn -0.0000 0.1325 0.9912
vn -0.0000 0.0568 -0.9984
vn -0.0000 -0.2117 0.9773
vn -0.0000 0.0116 -0.9999
vn -0.0000 0.9112 -0.4119
vn -0.0000 -0.5129 -0.8584
vn -0.0000 0.0534 -0.9986
vn -0.0000 -0.6315 0.7753
vn -0.0000 0.4304 0.9027
vn -0.0000 0.1918 0.9814
vn -0.0000 -0.1546 -0.9880
vn -0.0000 -0.8249 -0.5653
vn -0.0000 0.1863 -0.9825
vn -0.0000 0.2275 0.9738
vn -0.0000 -0.7814 -0.6240
vn -0.0000 0.3129 -0.9498
vn -0.0000 0.0053 -1.0000
vn -0.0000 0.0456 -0.9990
vn -0.0000 0.0590 0.9983
vn -0.0000 0.1565 -0.9877
vn -0.0000 0.0349 -0.9994
vn -0.0000 0.6732 0.7395
vn -0.0000 0.2738 -0.9618
vn -0.0000 -0.0129 -0.9999
vn -0.0000 -0.5659 0.8245
vn -0.0000 -0.3218 -0.9468
vn -0.0000 0.9310 -0.3650
vn -0.0000 0.7795 -0.6265
vn -0.0000 -0.7724 -0.6352
vn -0.0000 0.8358 -0.5491
vn -0.0000 0.9214 -0.3887
vn -0.0000 0.0949 -0.9955
vn -0.0000 0.4570 0.8895
vn -0.0000 0.0981 0.9952
vn -0.0000 0.1795 -0.9838
vn -0.0000 -0.1682 -0.9858
vn -0.0000 0.5715 0.8206
vn -0.0000 0.1751 -0.9846
vn -0.0000 0.0496 0.9988
vn -0.0000 -0.2126 -0.9771
vn -0.0000 0.4759 0.8795
vn -0.0000 0.0251 -0.9997
vn -0.0000 0.1367 -0.9906
vn -0.0000 -0.3683 -0.9297
vn -0.0000 -0.7687 -0.6396
vn -0.0000 -0.1021 -0.9948
vn -0.0000 0.3739 -0.9274
vn -0.0000 -0.1058 -0.9944
vn -0.0000 0.8634 -0.5046
vn -0.0000 0.1376 0.9905
vn -0.0000 -0.0889 -0.9960
vn -0.0000 -0.8484 -0.5294
vn -0.0000 0.1730 -0.9849
vn -0.0000 0.0581 -0.9983
vn -0.0000 0.1201 -0.9928
vn -0.0000 0.1154 -0.9933
vn -0.0000 0.0823 0.9966
vn -0.0000 0.1335 -0.9910
vn -0.0000 -0.0798 -0.9968
vn -0.0000 -0.0305 -0.9995
vn -0.0000 -0.3692 0.9293
vn -0.0000 0.0632 -0.9980
vn -0.0000 0.0022 -1.0000
vn -0.0000 0.1031 -0.9947
vn -0.0000 0.4161 -0.9093
vn -0.0000 0.4320 0.9019
vn -0.0000 -0.0934 -0.9956
vn -0.0000 -0.0891 -0.9960
vn -0.0000 -0.5851 -0.8110
vn -0.0000 0.1176 -0.9931
vn -0.0000 0.1218 -0.9926
vn -0.0000 0.1644 0.9864
vn -0.0000 -0.3178 -0.9482
vn -0.0000 -0.2486 -0.9686
vn -0.0000 0.2148 0.9767
vn -0.0000 -0.0385 -0.9993
vn -0.0000 -0.1177 -0.9931
vn -0.0000 0.0277 -0.9996
vn -0.0000 -0.8089 -0.5879
vn -0.0000 0.3647 -0.9311
vn -0.0000 0.9177 -0.3974
vn -0.0000 -0.1247 -0.9922
vn -0.0000 -0.4506 0.8927
vn -0.0000 0.6581 0.7529
vn -0.0000 -0.8581 -0.5134
vn -0.0000 -0.0456 -0.9990
vn -0.0000 0.0701 -0.9975
vn -0.0000 0.0898 0.9960
vn -0.0000 0.2336 -0.9723
vn -0.0000 0.1316 -0.9913
vn -0.0000 0.0062 -1.0000
vn -0.0000 0.3547 -0.9350
vn -0.0000 0.8239 0.5668
vn -0.0000 0.1156 -0.9933
vn -0.0000 -0.2201 -0.9755
vn -0.0000 0.0814 0.9967
vn -0.0000 0.9997 0.0253
vn -0.0000 -0.0986 -0.9951
vn -0.0000 0.6962 0.7178
vn -0.0000 -0.6575 0.7534
vn -0.0000 0.9161 -0.4010
vn -0.0000 0.3228 0.9465
vn -0.0000 0.1165 -0.9932
vn -0.0000 0.0521 -0.9986
vn -0.0000 0.1710 0.9853
vn -0.0000 0.2954 -0.9554
vn -0.0000 0.0033 -1.0000
vn -0.0000 -0.0687 -0.9976
vn -0.0000 -0.0654 0.9979
vn -0.0000 0.6439 0.7651
vn -0.0000 -0.2566 -0.9665
vn -0.0000 -0.3869 0.9221
vn -0.8111 -0.5849 -0.0000
vn -0.9917 0.1283 -0.0000
vn -1.0000 0.0011 -0.0000
vn -0.9624 0.2715 -0.0000
vn 0.7649 0.6441 -0.0000
vn -1.0000 0.0019 -0.0000
vn -0.9960 -0.0891 -0.0000
vn -0.9957 0.0925 -0.0000
vn -0.9956 -0.0936 -0.0000
vn -0.9912 0.1326 -0.0000
vn 0.8536 -0.5209 -0.0000
vn -0.5976 -0.8018 -0.0000
vn -0.9999 -0.0102 -0.0000
vn -0.3936 0.9193 -0.0000
vn -0.9959 0.0907 -0.0000
vn -0.9076 0.4199 -0.0000
vn 0.0040 1.0000 -0.0000
vn -0.9612 0.2757 -0.0000
vn -0.9948 0.1020 -0.0000
vn -0.0040 1.0000 -0.0000
vn -1.0000 0.0015 -0.0000
vn -0.3780 0.9258 -0.0000
vn -0.9980 0.0631 -0.0000
vn -0.4822 -0.8761 -0.0000
vn -0.9995 -0.0310 -0.0000
vn -0.9968 -0.0794 -0.0000
vn -0.9909 0.1342 -0.0000
vn -0.9999 0.0161 -0.0000
vn -0.9907 0.1363 -0.0000
vn -0.7656 0.6434 -0.0000
vn -0.9768 0.2142 -0.0000
vn 0.0323 -0.9995 -0.0000
vn -1.0000 -0.0023 -0.0000
vn -0.9928 0.1201 -0.0000
vn -0.9999 0.0112 -0.0000
vn -0.9982 0.0597 -0.0000
vn -0.9849 0.1730 -0.0000
vn -0.9954 -0.0957 -0.0000
vn -0.4660 -0.8848 -0.0000
vn -0.5292 -0.8485 -0.0000
vn -0.9797 -0.2003 -0.0000
vn -0.9997 0.0249 -0.0000
vn -0.9985 -0.0541 -0.0000
vn -0.9908 0.1352 -0.0000
vn 0.9966 0.0824 -0.0000
vn 0.6718 -0.7407 -0.0000
vn -0.3682 -0.9297 -0.0000
vn 0.9904 0.1382 -0.0000
vn -0.9922 -0.1248 -0.0000
vn 1.0000 -0.0000 -0.0000
vn -0.5642 -0.8257 -0.0000
vn -0.5321 -0.8467 -0.0000
vn -0.9575 -0.2886 -0.0000
vn 0.0150 -0.9999 -0.0000
vn -0.9944 -0.1059 -0.0000
vn -0.9902 0.1394 -0.0000
vn 0.6936 0.7203 -0.0000
vn -0.0411 -0.9992 -0.0000
vn -0.9643 0.2649 -0.0000
vn 0.9801 0.1984 -0.0000
vn -0.6396 -0.7687 -0.0000
vn -0.9230 -0.3849 -0.0000
vn -1.0000 0.0087 -0.0000
vn -1.0000 -0.0029 -0.0000
vn -1.0000 0.0100 -0.0000
vn -0.9998 0.0186 -0.0000
vn -1.0000 0.0008 -0.0000
vn -0.6015 -0.7988 -0.0000
vn 0.9203 0.3912 -0.0000
vn 0.9988 0.0496 -0.0000
vn -0.2028 -0.9792 -0.0000
vn -0.8841 -0.4672 -0.0000
vn -1.0000 -0.0024 -0.0000
vn -0.9907 0.1362 -0.0000
vn -0.1830 -0.9831 -0.0000
vn 0.5671 0.8236 -0.0000
vn 0.0276 -0.9996 -0.0000
vn 0.8205 0.5717 -0.0000
vn 0.9983 -0.0582 -0.0000
vn -0.9989 0.0462 -0.0000
vn -1.0000 0.0041 -0.0000
vn 0.9977 0.0682 -0.0000
vn 0.9217 -0.3878 -0.0000
vn 0.8895 0.4569 -0.0000
vn -1.0000 0.0006 -0.0000
vn 0.6399 -0.7684 -0.0000
vn -0.9999 -0.0108 -0.0000
vn -0.8454 -0.5341 -0.0000
vn 0.9824 0.1868 -0.0000
vn 0.3399 -0.9405 -0.0000
vn -0.9999 0.0122 -0.0000
vn -0.3741 0.9274 -0.0000
vn -0.0026 1.0000 -0.0000
vn -1.0000 0.0072 -0.0000
vn 0.6773 0.7357 -0.0000
vn -0.8389 0.5444 -0.0000
vn 0.7936 0.6084 -0.0000
vn -0.6431 0.7658 -0.0000
vn 0.8245 -0.5659 -0.0000
vn -0.8861 -0.4636 -0.0000
vn 0.9473 0.3203 -0.0000
vn 0.0223 0.9998 -0.0000
vn -0.9999 0.0170 -0.0000
vn -0.9999 -0.0125 -0.0000
vn -0.9950 -0.0997 -0.0000
vn 0.9996 0.0288 -0.0000
vn 0.0148 -0.9999 -0.0000
vn 0.6705 -0.7419 -0.0000
vn -0.9943 0.1064 -0.0000
vn 0.7396 0.6730 -0.0000
vn 0.7860 0.6182 -0.0000
vn 0.5114 0.8593 -0.0000
vn -0.9907 0.1357 -0.0000
vn -1.0000 -0.0004 -0.0000
vn 0.7067 0.7075 -0.0000
vn -0.2962 -0.9551 -0.0000
vn -0.9840 0.1783 -0.0000
vn -1.0000 0.0056 -0.0000
vn -0.9664 -0.2570 -0.0000
vn -0.6238 -0.7816 -0.0000
vn 0.9979 -0.0655 -0.0000
vn -1.0000 -0.0014 -0.0000
vn -0.9926 -0.1215 -0.0000
vn -0.9976 -0.0686 -0.0000
vn 0.9738 0.2273 -0.0000
vn -0.5654 -0.8248 -0.0000
vn -0.9553 0.2958 -0.0000
vn -0.9879 -0.1548 -0.0000
vn -0.5773 -0.8166 -0.0000
vn 0.9814 0.1920 -0.0000
vn -1.0000 -0.0019 -0.0000
vn -0.9957 0.0926 -0.0000
vn -0.8450 0.5348 -0.0000
vn 0.9028 0.4301 -0.0000
vn -0.0210 -0.9998 -0.0000
vn -0.8585 -0.5129 -0.0000
vn -0.2243 -0.9745 -0.0000
vn -0.4119 0.9112 -0.0000
vn 0.9331 0.3596 -0.0000
vn -0.9930 0.1183 -0.0000
vn -0.0011 1.0000 -0.0000
vn 0.4488 0.8937 -0.0000
vn 0.0059 -1.0000 -0.0000
vn -0.4010 0.9161 -0.0000
vn 0.9772 -0.2121 -0.0000
vn -0.7194 -0.6946 -0.0000
vn -0.9984 0.0569 -0.0000
vn -0.9999 0.0136 -0.0000
vn -0.9991 0.0415 -0.0000
vn -0.0150 0.9999 -0.0000
vn 0.6726 0.7400 -0.0000
vn -0.5349 0.8449 -0.0000
vn -0.4632 0.8862 -0.0000
vn 0.0075 1.0000 -0.0000
vn -0.9539 -0.3001 -0.0000
vn -0.9952 -0.0983 -0.0000
vn -1.0000 -0.0035 -0.0000
vn 0.9967 0.0813 -0.0000
vn -0.9909 0.1345 -0.0000
vn -0.9754 -0.2203 -0.0000
vn 0.7832 0.6218 -0.0000
vn -0.9997 0.0240 -0.0000
vn -0.9992 0.0407 -0.0000
vn -0.9929 0.1188 -0.0000
vn -0.9916 0.1294 -0.0000
vn -0.9349 0.3549 -0.0000
vn 0.8906 0.4548 -0.0000
vn -0.9616 -0.2744 -0.0000
vn -0.9971 0.0757 -0.0000
vn -0.9995 0.0315 -0.0000
vn -0.7463 -0.6657 -0.0000
vn -0.9914 0.1307 -0.0000
vn -0.9967 -0.0810 -0.0000
vn -0.9724 0.2333 -0.0000
vn -0.5894 -0.8078 -0.0000
vn -0.9976 0.0699 -0.0000
vn -0.9871 -0.1602 -0.0000
vn -0.9990 -0.0453 -0.0000
vn -0.5134 -0.8582 -0.0000
vn 0.6623 -0.7492 -0.0000
vn 0.0130 0.9999 -0.0000
vn 0.8927 -0.4507 -0.0000
vn -0.0452 -0.9990 -0.0000
vn -1.0000 0.0039 -0.0000
vn -0.9921 -0.1251 -0.0000
vn 0.0115 -0.9999 -0.0000
vn -0.4194 -0.9078 -0.0000
vn -0.9996 0.0293 -0.0000
vn -0.5881 -0.8088 -0.0000
vn -0.5034 -0.8640 -0.0000
vn 0.7602 0.6497 -0.0000
vn 0.9997 -0.0226 -0.0000
vn 0.8192 -0.5735 -0.0000
vn -1.0000 0.0059 -0.0000
vn -0.9999 0.0142 -0.0000
vn -1.0000 -0.0027 -0.0000
vn 0.7465 0.6654 -0.0000
vn 0.9866 0.1632 -0.0000
vn -1.0000 -0.0026 -0.0000
vn 0.6849 0.7286 -0.0000
vn -0.0289 0.9996 -0.0000
vn 0.0149 -0.9999 -0.0000
vn 0.9988 0.0492 -0.0000
vn 1.0000 0.0027 -0.0000
vn -0.9844 -0.1760 -0.0000
vn 0.9711 0.2388 -0.0000
vn 0.5209 0.8536 -0.0000
vn 0.9018 0.4321 -0.0000
vn 0.6139 0.7894 -0.0000
vn -1.0000 0.0021 -0.0000
vn 0.7455 0.6665 -0.0000
vn 0.9293 -0.3693 -0.0000
vn 0.9966 0.0823 -0.0000
vn -0.3459 -0.9383 -0.0000
vn 0.8415 0.5402 -0.0000
vn -0.9933 0.1153 -0.0000
vn 0.0295 0.9996 -0.0000
vn -0.6330 0.7742 -0.0000
vn 0.0013 1.0000 -0.0000
vn -0.3785 0.9256 -0.0000
vn -0.9998 0.0181 -0.0000
vn -0.3720 0.9282 -0.0000
vn -0.5048 0.8632 -0.0000
vn -0.9275 0.3738 -0.0000
vn 0.8295 0.5585 -0.0000
vn 0.6840 0.7295 -0.0000
vn -0.9947 -0.1026 -0.0000
vn -1.0000 0.0066 -0.0000
vn -0.9283 -0.3718 -0.0000
vn 0.6746 0.7382 -0.0000
vn -0.0489 -0.9988 -0.0000
vn -1.0000 0.0003 -0.0000
vn -0.3153 0.9490 -0.0000
vn -0.9997 0.0246 -0.0000
vn 0.8795 0.4759 -0.0000
vn 0.7034 -0.7108 -0.0000
vn -0.9975 -0.0704 -0.0000
vn -0.9772 -0.2123 -0.0000
vn 0.7325 0.6807 -0.0000
vn -0.9845 0.1755 -0.0000
vn -0.9504 0.3110 -0.0000
vn -0.9858 -0.1681 -0.0000
vn -0.6827 -0.7307 -0.0000
vn -0.9838 0.1792 -0.0000
vn -0.5895 -0.8077 -0.0000
vn -1.0000 0.0028 -0.0000
vn 0.9952 0.0974 -0.0000
vn -0.9958 0.0920 -0.0000
vn 0.9697 0.2444 -0.0000
vn -1.0000 0.0088 -0.0000
vn -0.1440 -0.9896 -0.0000
vn -1.0000 -0.0016 -0.0000
vn 0.8662 0.4997 -0.0000
vn -0.3887 0.9214 -0.0000
vn -0.9940 0.1094 -0.0000
vn 0.9482 0.3178 -0.0000
vn 0.0630 0.9980 -0.0000
vn -0.4630 -0.8864 -0.0000
vn -0.7835 0.6214 -0.0000
vn -0.5489 0.8359 -0.0000
vn -0.6351 -0.7724 -0.0000
vn 0.9928 -0.1195 -0.0000
vn -0.6264 0.7795 -0.0000
vn 0.0910 -0.9959 -0.0000
vn -0.3650 0.9310 -0.0000
vn -0.0027 1.0000 -0.0000
vn -0.9468 -0.3217 -0.0000
vn -0.4300 0.9028 -0.0000
vn -0.9946 -0.1038 -0.0000
vn 0.7252 0.6885 -0.0000
vn -0.9995 0.0309 -0.0000
vn 0.5020 -0.8649 -0.0000
vn -0.9618 0.2738 -0.0000
vn -0.9933 0.1152 -0.0000
vn -0.9902 0.1395 -0.0000
vn -0.9994 0.0348 -0.0000
vn -0.9977 0.0682 -0.0000
vn -0.9878 0.1558 -0.0000
vn 0.9981 0.0612 -0.0000
vn -0.5394 -0.8420 -0.0000
vn -0.9876 -0.1567 -0.0000
vn 0.9641 0.2656 -0.0000
vn -0.9993 -0.0367 -0.0000
vn -0.9990 0.0453 -0.0000
vn -1.0000 -0.0010 -0.0000
vn -0.9924 0.1227 -0.0000
vn -0.9498 0.3129 -0.0000
vn -0.9340 0.3572 -0.0000
vn -0.9697 -0.2445 -0.0000
vn 0.9791 0.2032 -0.0000
vn -0.9909 0.1348 -0.0000
vn -0.9909 0.1344 -0.0000
vn -0.9825 0.1861 -0.0000
vn -0.9922 -0.1245 -0.0000
vn -0.9387 -0.3449 -0.0000
vn 0.5663 0.8242 -0.0000
vn -0.9537 -0.3009 -0.0000
vn -0.9902 -0.1400 -0.0000
vn -0.9911 0.1333 -0.0000
vn -0.3632 -0.9317 -0.0000
vn -0.3860 0.9225 -0.0000
vn 0.7753 -0.6316 -0.0000
vn -1.0000 0.0005 -0.0000
vn -0.9985 0.0547 -0.0000
vn -0.0038 1.0000 -0.0000
vn -0.9939 -0.1105 -0.0000
vn -0.9998 -0.0189 -0.0000
vn -0.5721 -0.8202 -0.0000
vn -0.5858 -0.8105 -0.0000
vn -0.9726 0.2325 -0.0000
vn -0.9867 -0.1626 -0.0000
vn -0.9999 0.0117 -0.0000
vn -0.9930 -0.1180 -0.0000
vn -0.5525 -0.8335 -0.0000
vn 0.9461 0.3238 -0.0000
vn -0.9970 -0.0771 -0.0000
vn 0.7591 0.6510 -0.0000
vn 0.9911 0.1330 -0.0000
vn -0.9817 -0.1902 -0.0000
vn -1.0000 -0.0025 -0.0000
vn -0.9864 -0.1646 -0.0000
vn -0.9995 -0.0325 -0.0000
vn -0.9492 -0.3148 -0.0000
vn -0.0324 -0.9995 -0.0000
vn 0.6707 0.7418 -0.0000
vn 0.7102 0.7040 -0.0000
vn -0.8717 -0.4900 -0.0000
vn -0.4140 0.9103 -0.0000
vn -0.5851 -0.8109 -0.0000
vn -0.9994 0.0340 -0.0000
vn -0.9962 -0.0872 -0.0000
vn -1.0000 -0.0006 -0.0000
vn -0.0492 -0.9988 -0.0000
vn 0.9886 0.1509 -0.0000
vn -0.9984 -0.0560 -0.0000
vn -0.6016 -0.7988 -0.0000
vn -0.9967 0.0808 -0.0000
vn -0.9923 -0.1241 -0.0000
vn -0.8437 0.5368 -0.0000
vn 0.9612 -0.2758 -0.0000
vn -1.0000 0.0014 -0.0000
vn -1.0000 -0.0011 -0.0000
vn 0.9774 -0.2114 -0.0000
vn 0.7264 0.6872 -0.0000
vn 0.0313 0.9995 -0.0000
vn 0.0558 -0.9984 -0.0000
vn -0.9957 0.0922 -0.0000
vn -0.9817 0.1905 -0.0000
vn -0.9937 0.1123 -0.0000
vn -0.9942 0.1075 -0.0000
vn -0.9998 0.0197 -0.0000
vn 0.9991 0.0419 -0.0000
vn -0.9935 -0.1142 -0.0000
vn 0.9983 0.0586 -0.0000
vn 1.0000 0.0095 -0.0000
vn -0.4946 -0.8691 -0.0000
vn -0.9511 0.3090 -0.0000
vn -0.9890 -0.1478 -0.0000
vn 0.6749 0.7379 -0.0000
vn -0.9908 -0.1357 -0.0000
vn 0.5324 0.8465 -0.0000
vn 0.0184 0.9998 -0.0000
vn -0.3732 0.9277 -0.0000
vn -0.7276 -0.6860 -0.0000
vn 0.8794 -0.4760 -0.0000
vn -0.0044 1.0000 -0.0000
vn -0.0467 -0.9989 -0.0000
vn -0.9822 0.1880 -0.0000
vn -1.0000 0.0079 -0.0000
vn -0.8631 0.5050 -0.0000
vn -0.9968 0.0798 -0.0000
vn 0.8529 0.5221 -0.0000
vn -0.9594 -0.2819 -0.0000
vn -0.0061 -1.0000 -0.0000
vn -0.9960 -0.0898 -0.0000
vn -1.0000 -0.0020 -0.0000
vn -0.9986 -0.0527 -0.0000
vn 0.9999 0.0163 -0.0000
vn -1.0000 0.0054 -0.0000
vn -0.9909 0.1349 -0.0000
vn -1.0000 0.0057 -0.0000
vn 0.6888 0.7250 -0.0000
vn -0.9865 0.1636 -0.0000
vn 0.9667 0.2560 -0.0000
vn 0.8385 0.5449 -0.0000
vn -0.9510 -0.3092 -0.0000
vn -1.0000 0.0030 -0.0000
vn -1.0000 -0.0064 -0.0000
vn 0.9224 -0.3863 -0.0000
vn -0.0070 1.0000 -0.0000
vn 0.7650 0.6440 -0.0000
vn -0.9613 -0.2755 -0.0000
vn -0.9756 0.2193 -0.0000
vn 0.9886 0.1508 -0.0000
vn -0.1794 -0.9838 -0.0000
vn -1.0000 0.0034 -0.0000
vn 0.9934 0.1144 -0.0000
vn 0.7384 -0.6744 -0.0000
vn 0.0277 0.9996 -0.0000
vn -0.9991 -0.0419 -0.0000
vn 1.0000 0.0014 -0.0000
vn -1.0000 0.0042 -0.0000
vn -0.0798 0.9968 -0.0000
vn 0.9852 -0.1713 -0.0000
vn 0.9853 0.1709 -0.0000
vn -0.0590 -0.9983 -0.0000
vn 0.1923 0.9813 -0.0000
vn -0.9901 0.1404 -0.0000
vn -0.3798 0.9251 -0.0000
vn 0.9539 -0.3000 -0.0000
vn -0.2332 0.9724 -0.0000
vn -0.9986 0.0522 -0.0000
vn -0.7324 0.6809 -0.0000
vn 0.9465 0.3228 -0.0000
vn -0.9947 -0.1032 -0.0000
vn 0.9013 0.4332 -0.0000
vn 0.2011 -0.9796 -0.0000
vn -0.9033 -0.4290 -0.0000
vn -0.9774 -0.2112 -0.0000
vn -0.9905 0.1377 -0.0000
vn -0.9818 0.1900 -0.0000
vn 0.0053 1.0000 -0.0000
vn -0.9961 -0.0884 -0.0000
vn 0.7535 -0.6575 -0.0000
vn -0.9850 0.1724 -0.0000
vn 0.7181 0.6959 -0.0000
vn -1.0000 -0.0012 -0.0000
vn 0.9991 0.0428 -0.0000
vn -0.9535 0.3014 -0.0000
vn 0.0253 0.9997 -0.0000
vn 0.8217 0.5699 -0.0000
vn -0.9999 0.0159 -0.0000
vn 0.5668 0.8239 -0.0000
vn 0.5024 0.8646 -0.0000
vn -0.9955 0.0943 -0.0000
vn -1.0000 0.0062 -0.0000
vn -0.5606 -0.8281 -0.0000
vn -0.2420 -0.9703 -0.0000
vn 0.7309 0.6825 -0.0000
vn 0.9568 0.2908 -0.0000
vn 0.8142 -0.5807 -0.0000
vn -1.0000 0.0045 -0.0000
vn -0.9998 0.0190 -0.0000
vn -0.2981 -0.9545 -0.0000
vn 0.9960 0.0891 -0.0000
vn -0.8951 0.4460 -0.0000
vn -0.5636 -0.8260 -0.0000
vn 0.7526 0.6585 -0.0000
vn -0.0388 -0.9992 -0.0000
vn 0.9912 0.1321 -0.0000
vn 0.9803 0.1973 -0.0000
vn -0.4166 0.9091 -0.0000
vn 0.3225 0.9466 -0.0000
vn -0.3973 0.9177 -0.0000
vn 0.7022 0.7120 -0.0000
vn -0.9312 0.3646 -0.0000
vn 0.9945 0.1047 -0.0000
vn -0.9996 0.0276 -0.0000
vn -0.9929 -0.1188 -0.0000
vn -0.9992 -0.0409 -0.0000
vn 0.0113 0.9999 -0.0000
vn 0.6172 0.7868 -0.0000
vn -0.4636 0.8860 -0.0000
vn 0.9353 0.3538 -0.0000
vn 0.9767 0.2146 -0.0000
vn -0.7332 -0.6801 -0.0000
vn -0.9686 -0.2486 -0.0000
vn -0.1164 0.9932 -0.0000
vn -1.0000 0.0001 -0.0000
vn -0.9483 -0.3174 -0.0000
vn -0.9915 -0.1303 -0.0000
vn -0.9926 0.1218 -0.0000
vn -0.9948 -0.1017 -0.0000
vn -0.9930 0.1177 -0.0000
vn -0.9020 0.4317 -0.0000
vn -0.7122 0.7020 -0.0000
vn -0.9910 0.1342 -0.0000
vn -0.9275 0.3737 -0.0000
vn -0.3649 0.9310 -0.0000
vn -0.9991 0.0414 -0.0000
vn 0.0129 0.9999 -0.0000
vn -0.9510 0.3091 -0.0000
vn 0.6749 0.7380 -0.0000
vn -0.3859 0.9225 -0.0000
vn -0.9756 0.2194 -0.0000
vn -0.3460 -0.9382 -0.0000
vn -0.5394 -0.8421 -0.0000
vn 0.9985 0.0541 -0.0000
vn -0.3779 0.9258 -0.0000
vn -0.9937 0.1124 -0.0000
vn -0.0025 1.0000 -0.0000
vn -0.8860 -0.4636 -0.0000
vn 0.9791 0.2031 -0.0000
vn 0.4488 0.8936 -0.0000
vn -0.5350 0.8449 -0.0000
vn -0.0000 -0.0001 -1.0000
vn -0.0000 -0.0216 -0.9998
vn -0.0000 -0.0002 -1.0000
vn -0.0000 -0.0008 -1.0000
vn -0.0000 -0.0007 -1.0000
vn -0.0000 0.0002 -1.0000
vn -0.0000 -0.0018 -1.0000
vn -0.0000 -0.0006 -1.0000
vn -0.0000 0.0012 -1.0000
vn -0.0000 -0.0034 -1.0000
vn -0.0000 0.0009 -1.0000
vn -0.0000 0.0036 -1.0000
vn -0.0000 0.0025 -1.0000
vn -0.0000 -0.0086 -1.0000
vn -0.0000 -0.0021 -1.0000
vn -0.0000 0.0013 -1.0000
vn -0.0000 -0.0016 -1.0000
vn -0.0000 -0.0050 -1.0000
vn -0.0000 0.0044 -1.0000
vn -0.0000 -0.0022 -1.0000
vn -0.0000 0.0016 -1.0000
vn -0.0000 -0.0009 -1.0000
vt 0.589837 0.000000
vt 0.577132 0.000000
vt 0.575318 0.000000
vt 0.805808 0.000000
vt 0.803993 0.000000
vt 0.695100 0.000000
vt 0.215971 0.000000
vt 0.214156 0.000000
vt 0.206897 0.000000
vt 0.372051 0.000000
vt 0.370236 0.000000
vt 0.431942 0.000000
vt 0.958258 0.000000
vt 0.956443 0.000000
vt 0.954628 0.000000
vt 0.814882 0.000000
vt 0.637024 0.000000
vt 0.635209 0.000000
vt 0.522686 0.000000
vt 0.520871 0.000000
vt 0.903811 0.000000
vt 0.611615 0.000000
vt 0.609800 0.000000
vt 0.607985 0.000000
vt 0.219601 0.000000
vt 0.217786 0.000000
vt 0.540835 0.000000
vt 0.539020 0.000000
vt 0.557169 0.000000
vt 0.606171 0.000000
vt 0.613430 0.000000
vt 0.065336 0.000000
vt 0.039927 0.000000
vt 0.038113 0.000000
vt 0.780399 0.000000
vt 0.762250 0.000000
vt 0.782214 0.000000
vt 0.742287 0.000000
vt 0.716878 0.000000
vt 0.715064 0.000000
vt 0.729583 0.000000
vt 0.727768 0.000000
vt 0.731397 0.000000
vt 0.725953 0.000000
vt 0.147005 0.000000
vt 0.143376 0.000000
vt 0.141561 0.000000
vt 0.526316 0.000000
vt 0.858439 0.000000
vt 0.856624 0.000000
vt 0.047187 0.000000
vt 0.061706 0.000000
vt 0.059891 0.000000
vt 0.515427 0.000000
vt 0.513612 0.000000
vt 0.909256 0.000000
vt 0.696915 0.000000
vt 0.740472 0.000000
vt 0.179673 0.000000
vt 0.177858 0.000000
vt 0.174229 0.000000
vt 0.045372 0.000000
vt 0.773140 0.000000
vt 0.767695 0.000000
vt 0.774955 0.000000
vt 0.738657 0.000000
vt 0.718693 0.000000
vt 0.765880 0.000000
vt 0.776770 0.000000
vt 0.457350 0.000000
vt 0.940109 0.000000
vt 0.938294 0.000000
vt 0.745916 0.000000
vt 0.744102 0.000000
vt 0.709619 0.000000
vt 0.952813 0.000000
vt 0.784029 0.000000
vt 0.488203 0.000000
vt 0.929220 0.000000
vt 0.927405 0.000000
vt 0.778584 0.000000
vt 0.764065 0.000000
vt 0.713249 0.000000
vt 0.711434 0.000000
vt 0.970962 0.000000
vt 0.969147 0.000000
vt 0.041742 0.000000
vt 0.798548 0.000000
vt 0.754991 0.000000
vt 0.800363 0.000000
vt 0.753176 0.000000
vt 0.698730 0.000000
vt 0.528131 0.000000
vt 0.851180 0.000000
vt 0.849365 0.000000
vt 0.747731 0.000000
vt 0.707804 0.000000
vt 0.168784 0.000000
vt 0.127042 0.000000
vt 0.170599 0.000000
vt 0.068966 0.000000
vt 0.027223 0.000000
vt 0.025408 0.000000
vt 0.756806 0.000000
vt 0.796733 0.000000
vt 0.533575 0.000000
vt 0.531760 0.000000
vt 0.571688 0.000000
vt 0.921960 0.000000
vt 0.920145 0.000000
vt 0.495463 0.000000
vt 0.519056 0.000000
vt 0.905626 0.000000
vt 0.655172 0.000000
vt 0.646098 0.000000
vt 0.644283 0.000000
vt 0.705989 0.000000
vt 0.067151 0.000000
vt 0.029038 0.000000
vt 0.936479 0.000000
vt 0.802178 0.000000
vt 0.529946 0.000000
vt 0.702359 0.000000
vt 0.751361 0.000000
vt 0.749546 0.000000
vt 0.700544 0.000000
vt 0.602541 0.000000
vt 0.600726 0.000000
vt 0.825771 0.000000
vt 0.624319 0.000000
vt 0.622505 0.000000
vt 0.823956 0.000000
vt 0.760436 0.000000
vt 0.785844 0.000000
vt 0.234120 0.000000
vt 0.299456 0.000000
vt 0.297641 0.000000
vt 0.735027 0.000000
vt 0.724138 0.000000
vt 0.722323 0.000000
vt 0.813067 0.000000
vt 0.662432 0.000000
vt 0.660617 0.000000
vt 0.235935 0.000000
vt 0.295826 0.000000
vt 0.294011 0.000000
vt 0.811252 0.000000
vt 0.669691 0.000000
vt 0.667877 0.000000
vt 0.807622 0.000000
vt 0.686025 0.000000
vt 0.684211 0.000000
vt 0.591652 0.000000
vt 0.842105 0.000000
vt 0.840290 0.000000
vt 0.237750 0.000000
vt 0.666062 0.000000
vt 0.916515 0.000000
vt 0.502722 0.000000
vt 0.500907 0.000000
vt 0.548094 0.000000
vt 0.546279 0.000000
vt 0.544465 0.000000
vt 0.809437 0.000000
vt 0.675136 0.000000
vt 0.673321 0.000000
vt 0.595281 0.000000
vt 0.831216 0.000000
vt 0.829401 0.000000
vt 0.771325 0.000000
vt 0.769510 0.000000
vt 0.863884 0.000000
vt 0.862069 0.000000
vt 0.894737 0.000000
vt 0.192377 0.000000
vt 0.190563 0.000000
vt 0.121597 0.000000
vt 0.524501 0.000000
vt 0.901996 0.000000
vt 0.693285 0.000000
vt 0.704174 0.000000
vt 0.123412 0.000000
vt 0.597096 0.000000
vt 0.680581 0.000000
vt 0.678766 0.000000
vt 0.816697 0.000000
vt 0.633394 0.000000
vt 0.638838 0.000000
vt 0.656987 0.000000
vt 0.658802 0.000000
vt 0.640653 0.000000
vt 0.653358 0.000000
vt 0.651543 0.000000
vt 0.649728 0.000000
vt 0.647913 0.000000
vt 0.642468 0.000000
vt 0.268603 0.000000
vt 0.266788 0.000000
vt 0.264973 0.000000
vt 0.854809 0.000000
vt 0.852995 0.000000
vt 0.629764 0.000000
vt 0.627949 0.000000
vt 0.820327 0.000000
vt 0.691470 0.000000
vt 0.689655 0.000000
vt 0.366606 0.000000
vt 0.994555 0.000000
vt 0.992740 0.000000
vt 0.934664 0.000000
vt 0.598911 0.000000
vt 0.827586 0.000000
vt 0.671506 0.000000
vt 0.847550 0.000000
vt 0.845735 0.000000
vt 0.088929 0.000000
vt 0.087114 0.000000
vt 0.094374 0.000000
vt 0.860254 0.000000
vt 0.843920 0.000000
vt 0.822142 0.000000
vt 0.150635 0.000000
vt 0.139746 0.000000
vt 0.137931 0.000000
vt 0.887477 0.000000
vt 0.885662 0.000000
vt 0.892922 0.000000
vt 0.259528 0.000000
vt 0.257713 0.000000
vt 0.281307 0.000000
vt 0.032668 0.000000
vt 0.030853 0.000000
vt 0.758621 0.000000
vt 0.793103 0.000000
vt 0.018149 0.000000
vt 0.016334 0.000000
vt 0.310345 0.000000
vt 0.593466 0.000000
vt 0.836661 0.000000
vt 0.834846 0.000000
vt 0.564428 0.000000
vt 0.537205 0.000000
vt 0.566243 0.000000
vt 0.617060 0.000000
vt 0.618875 0.000000
vt 0.404719 0.000000
vt 0.426497 0.000000
vt 0.424682 0.000000
vt 0.232305 0.000000
vt 0.301270 0.000000
vt 0.604356 0.000000
vt 0.615245 0.000000
vt 0.058076 0.000000
vt 0.056261 0.000000
vt 0.050817 0.000000
vt 0.304900 0.000000
vt 0.230490 0.000000
vt 0.228675 0.000000
vt 0.092559 0.000000
vt 0.090744 0.000000
vt 0.303085 0.000000
vt 0.838476 0.000000
vt 0.818512 0.000000
vt 0.631579 0.000000
vt 0.034483 0.000000
vt 0.196007 0.000000
vt 0.194192 0.000000
vt 0.223230 0.000000
vt 0.733212 0.000000
vt 0.014519 0.000000
vt 0.321234 0.000000
vt 0.319419 0.000000
vt 0.406534 0.000000
vt 0.422868 0.000000
vt 0.789474 0.000000
vt 0.486388 0.000000
vt 0.949183 0.000000
vt 0.950998 0.000000
vt 0.923775 0.000000
vt 0.493648 0.000000
vt 0.491833 0.000000
vt 0.277677 0.000000
vt 0.275862 0.000000
vt 0.499093 0.000000
vt 0.497278 0.000000
vt 0.072595 0.000000
vt 0.070780 0.000000
vt 0.021779 0.000000
vt 0.279492 0.000000
vt 0.261343 0.000000
vt 0.787659 0.000000
vt 0.549909 0.000000
vt 0.588022 0.000000
vt 0.208711 0.000000
vt 0.212341 0.000000
vt 0.584392 0.000000
vt 0.582577 0.000000
vt 0.880218 0.000000
vt 0.867514 0.000000
vt 0.865699 0.000000
vt 0.580762 0.000000
vt 0.578947 0.000000
vt 0.794918 0.000000
vt 0.874773 0.000000
vt 0.871143 0.000000
vt 0.869328 0.000000
vt 0.573503 0.000000
vt 0.490018 0.000000
vt 0.569873 0.000000
vt 0.872958 0.000000
vt 0.568058 0.000000
vt 0.535390 0.000000
vt 0.736842 0.000000
vt 0.720508 0.000000
vt 0.558984 0.000000
vt 0.560799 0.000000
vt 0.876588 0.000000
vt 0.555354 0.000000
vt 0.553539 0.000000
vt 0.551724 0.000000
vt 0.932849 0.000000
vt 0.542650 0.000000
vt 0.882033 0.000000
vt 0.023593 0.000000
vt 0.947368 0.000000
vt 0.945554 0.000000
vt 0.626134 0.000000
vt 0.125227 0.000000
vt 0.186933 0.000000
vt 0.430127 0.000000
vt 0.373866 0.000000
vt 0.883848 0.000000
vt 0.119782 0.000000
vt 0.063521 0.000000
vt 0.255898 0.000000
vt 0.283122 0.000000
vt 0.459165 0.000000
vt 0.931035 0.000000
vt 0.896552 0.000000
vt 0.889292 0.000000
vt 0.898367 0.000000
vt 0.900181 0.000000
vt 0.925590 0.000000
vt 0.079855 0.000000
vt 0.078040 0.000000
vt 0.019964 0.000000
vt 0.586207 0.000000
vt 0.907441 0.000000
vt 0.509982 0.000000
vt 0.911071 0.000000
vt 0.511797 0.000000
vt 0.508167 0.000000
vt 0.912886 0.000000
vt 0.914701 0.000000
vt 0.506352 0.000000
vt 0.504537 0.000000
vt 0.395644 0.000000
vt 0.393829 0.000000
vt 0.390200 0.000000
vt 0.918330 0.000000
vt 0.049002 0.000000
vt 0.562613 0.000000
vt 0.517241 0.000000
vt 0.441016 0.000000
vt 0.985481 0.000000
vt 0.983666 0.000000
vt 0.292196 0.000000
vt 0.054446 0.000000
vt 0.052632 0.000000
vt 0.172414 0.000000
vt 0.462795 0.000000
vt 0.460980 0.000000
vt 0.010889 0.000000
vt 0.339383 0.000000
vt 0.337568 0.000000
vt 0.156080 0.000000
vt 0.132486 0.000000
vt 0.157895 0.000000
vt 0.943739 0.000000
vt 0.941924 0.000000
vt 0.960073 0.000000
vt 0.128857 0.000000
vt 0.166969 0.000000
vt 0.076225 0.000000
vt 0.484574 0.000000
vt 0.464610 0.000000
vt 0.248639 0.000000
vt 0.246824 0.000000
vt 0.470054 0.000000
vt 0.468240 0.000000
vt 0.482759 0.000000
vt 0.480944 0.000000
vt 0.479129 0.000000
vt 0.475499 0.000000
vt 0.473684 0.000000
vt 0.466425 0.000000
vt 0.477314 0.000000
vt 0.012704 0.000000
vt 0.332123 0.000000
vt 0.330309 0.000000
vt 0.152450 0.000000
vt 0.676951 0.000000
vt 0.148820 0.000000
vt 0.379310 0.000000
vt 0.402904 0.000000
vt 0.381125 0.000000
vt 0.085299 0.000000
vt 0.101633 0.000000
vt 0.972777 0.000000
vt 0.455535 0.000000
vt 0.974592 0.000000
vt 0.453721 0.000000
vt 0.976407 0.000000
vt 0.451906 0.000000
vt 0.978221 0.000000
vt 0.450091 0.000000
vt 0.980036 0.000000
vt 0.448276 0.000000
vt 0.446461 0.000000
vt 0.981851 0.000000
vt 0.444646 0.000000
vt 0.967332 0.000000
vt 0.965517 0.000000
vt 0.442831 0.000000
vt 0.833031 0.000000
vt 0.439201 0.000000
vt 0.437387 0.000000
vt 0.435572 0.000000
vt 0.987296 0.000000
vt 0.411978 0.000000
vt 0.415608 0.000000
vt 0.413793 0.000000
vt 0.417423 0.000000
vt 0.419238 0.000000
vt 0.410163 0.000000
vt 0.421053 0.000000
vt 0.878403 0.000000
vt 0.433757 0.000000
vt 0.989111 0.000000
vt 0.408348 0.000000
vt 0.108893 0.000000
vt 0.107078 0.000000
vt 0.428312 0.000000
vt 0.375681 0.000000
vt 0.990926 0.000000
vt 0.401089 0.000000
vt 0.399274 0.000000
vt 0.382940 0.000000
vt 0.397459 0.000000
vt 0.386570 0.000000
vt 0.384755 0.000000
vt 0.392015 0.000000
vt 0.263158 0.000000
vt 0.272232 0.000000
vt 0.377495 0.000000
vt 0.368421 0.000000
vt 0.388385 0.000000
vt 0.471869 0.000000
vt 0.364791 0.000000
vt 0.996370 0.000000
vt 0.362976 0.000000
vt 0.361162 0.000000
vt 0.998185 0.000000
vt 0.359347 0.000000
vt 0.357532 0.000000
vt 1.000000 0.000000
vt 0.355717 0.000000
vt 0.000000 0.000000
vt 0.001815 0.000000
vt 0.353902 0.000000
vt 0.003630 0.000000
vt 0.005445 0.000000
vt 0.352087 0.000000
vt 0.007260 0.000000
vt 0.350272 0.000000
vt 0.348457 0.000000
vt 0.009074 0.000000
vt 0.346642 0.000000
vt 0.344828 0.000000
vt 0.343013 0.000000
vt 0.341198 0.000000
vt 0.335753 0.000000
vt 0.333938 0.000000
vt 0.328494 0.000000
vt 0.326679 0.000000
vt 0.324864 0.000000
vt 0.323049 0.000000
vt 0.317604 0.000000
vt 0.315789 0.000000
vt 0.313975 0.000000
vt 0.312160 0.000000
vt 0.308530 0.000000
vt 0.306715 0.000000
vt 0.620690 0.000000
vt 0.682396 0.000000
vt 0.130672 0.000000
vt 0.250454 0.000000
vt 0.290381 0.000000
vt 0.288566 0.000000
vt 0.252269 0.000000
vt 0.286751 0.000000
vt 0.254083 0.000000
vt 0.284936 0.000000
vt 0.074410 0.000000
vt 0.274047 0.000000
vt 0.043557 0.000000
vt 0.270417 0.000000
vt 0.664247 0.000000
vt 0.239564 0.000000
vt 0.245009 0.000000
vt 0.243194 0.000000
vt 0.241379 0.000000
vt 0.891107 0.000000
vt 0.083485 0.000000
vt 0.081670 0.000000
vt 0.961887 0.000000
vt 0.226860 0.000000
vt 0.225045 0.000000
vt 0.221416 0.000000
vt 0.197822 0.000000
vt 0.203267 0.000000
vt 0.205082 0.000000
vt 0.210526 0.000000
vt 0.201452 0.000000
vt 0.199637 0.000000
vt 0.188748 0.000000
vt 0.185118 0.000000
vt 0.183303 0.000000
vt 0.181488 0.000000
vt 0.036298 0.000000
vt 0.165154 0.000000
vt 0.161525 0.000000
vt 0.163339 0.000000
vt 0.159710 0.000000
vt 0.176044 0.000000
vt 0.136116 0.000000
vt 0.154265 0.000000
vt 0.145191 0.000000
vt 0.687840 0.000000
vt 0.134301 0.000000
vt 0.117967 0.000000
vt 0.116152 0.000000
vt 0.114338 0.000000
vt 0.112523 0.000000
vt 0.110708 0.000000
vt 0.791289 0.000000
vt 0.105263 0.000000
vt 0.103448 0.000000
vt 0.099819 0.000000
vt 0.963702 0.000000
vt 0.098004 0.000000
vt 0.096189 0.000000
s 0
g Quadro_L_corner_SVGMat
usemtl SVGMat
f 326/1/1 319/2/1 318/3/1
f 445/4/2 444/5/2 384/6/2
f 120/7/2 119/8/2 115/9/2
f 206/10/2 205/11/2 239/12/2
f 529/13/2 528/14/2 527/15/2
f 450/16/2 352/17/2 351/18/2
f 289/19/2 288/20/2 499/21/2
f 338/22/3 337/23/3 336/24/3
f 122/25/4 121/26/4 120/7/4
f 299/27/2 298/28/2 308/29/2
f 336/24/2 335/30/2 339/31/2
f 37/32/2 23/33/2 22/34/2
f 431/35/2 421/36/2 432/37/2
f 410/38/2 396/39/2 395/40/2
f 403/41/2 402/42/2 404/43/2
f 402/42/5 401/44/5 404/43/5
f 82/45/6 80/46/6 79/47/6
f 291/48/2 474/49/2 473/50/2
f 27/51/2 35/52/2 34/53/2
f 285/54/2 284/55/2 502/56/2
f 444/5/2 385/57/2 384/6/2
f 410/38/2 409/58/2 396/39/2
f 100/59/7 99/60/7 97/61/7
f 35/52/1 27/51/1 26/62/1
f 427/63/8 424/64/8 428/65/8
f 409/58/9 408/66/9 397/67/9
f 428/65/2 423/68/2 429/69/2
f 253/70/2 519/71/2 518/72/2
f 412/73/2 411/74/2 392/75/2
f 529/13/10 527/15/10 526/76/10
f 432/37/2 421/36/2 433/77/2
f 270/78/2 513/79/2 512/80/2
f 430/81/2 422/82/2 431/35/2
f 394/83/2 393/84/2 411/74/2
f 253/70/2 536/85/2 535/86/2
f 411/74/2 410/38/2 394/83/2
f 37/32/9 24/87/9 23/33/9
f 441/88/2 417/89/2 442/90/2
f 444/5/2 416/91/2 386/92/2
f 292/93/2 470/94/2 469/95/2
f 413/96/2 412/73/2 391/97/2
f 94/98/2 71/99/2 95/100/2
f 39/101/1 16/102/1 15/103/1
f 418/104/2 417/89/2 440/105/2
f 295/106/1 294/107/1 316/108/1
f 509/109/2 508/110/2 274/111/2
f 288/20/2 287/112/2 500/113/2
f 362/114/8 357/115/8 356/116/8
f 413/96/2 391/97/2 390/117/2
f 38/118/9 17/119/9 16/102/9
f 253/70/2 518/72/2 517/120/2
f 442/90/2 416/91/2 443/121/2
f 443/121/2 416/91/2 444/5/2
f 293/122/1 326/1/1 294/107/1
f 388/123/2 415/124/2 414/125/2
f 388/123/2 387/126/2 415/124/2
f 333/127/2 332/128/2 456/129/2
f 345/130/2 344/131/2 455/132/2
f 421/36/2 420/133/2 434/134/2
f 130/135/2 166/136/2 165/137/2
f 406/138/2 400/139/2 399/140/2
f 449/141/2 366/142/2 365/143/2
f 131/144/2 164/145/2 163/146/2
f 448/147/2 370/148/2 369/149/2
f 417/89/2 416/91/2 442/90/2
f 446/150/2 379/151/2 378/152/2
f 327/153/2 465/154/2 464/155/2
f 132/156/2 131/144/2 163/146/2
f 448/147/2 369/149/2 368/157/2
f 444/5/2 386/92/2 385/57/2
f 506/158/2 278/159/2 277/160/2
f 303/161/11 302/162/11 301/163/11
f 447/164/2 373/165/2 372/166/2
f 329/167/2 459/168/2 458/169/2
f 427/63/2 426/170/2 425/171/2
f 477/172/9 476/173/9 494/174/9
f 107/175/12 106/176/12 68/177/12
f 290/178/2 289/19/2 498/179/2
f 445/4/2 384/6/2 383/180/2
f 449/141/2 448/147/2 368/157/2
f 389/181/2 414/125/2 413/96/2
f 69/182/2 68/177/2 106/176/2
f 330/183/2 329/167/2 458/169/2
f 447/164/2 376/184/2 375/185/2
f 451/186/2 450/16/2 350/187/2
f 450/16/2 449/141/2 353/188/2
f 363/189/2 353/188/2 364/190/2
f 354/191/2 353/188/2 363/189/2
f 362/114/2 354/191/2 363/189/2
f 361/192/2 357/115/2 362/114/2
f 360/193/2 359/194/2 361/192/2
f 361/192/13 359/194/13 358/195/13
f 362/114/6 356/116/6 355/196/6
f 362/114/8 355/196/8 354/191/8
f 149/197/14 148/198/14 147/199/14
f 291/48/2 472/200/2 471/201/2
f 348/202/2 347/203/2 453/204/2
f 446/150/2 382/205/2 381/206/2
f 203/207/2 549/208/2 548/209/2
f 390/117/2 389/181/2 413/96/2
f 253/70/2 517/120/2 516/210/2
f 331/211/2 330/183/2 457/212/2
f 448/147/2 371/213/2 370/148/2
f 468/214/2 467/215/2 293/122/2
f 293/122/2 292/93/2 469/95/2
f 50/216/2 49/217/2 53/218/2
f 475/219/2 290/178/2 494/174/2
f 469/95/2 468/214/2 293/122/2
f 326/1/2 467/215/2 466/220/2
f 455/132/2 454/221/2 345/130/2
f 448/147/2 447/164/2 371/213/2
f 84/222/10 78/223/10 77/224/10
f 490/225/2 489/226/2 493/227/2
f 144/228/9 143/229/9 156/230/9
f 38/118/1 19/231/1 18/232/1
f 419/233/2 418/104/2 438/234/2
f 11/235/2 10/236/2 172/237/2
f 328/238/2 462/239/2 461/240/2
f 312/241/15 297/242/15 313/243/15
f 416/91/1 415/124/1 386/92/1
f 341/244/2 333/127/2 342/245/2
f 224/246/2 236/247/2 235/248/2
f 129/249/2 167/250/2 166/136/2
f 335/30/2 334/251/2 340/252/2
f 334/251/2 333/127/2 341/244/2
f 339/31/2 335/30/2 340/252/2
f 33/253/2 32/254/2 29/255/2
f 338/22/15 336/24/15 339/31/15
f 169/256/16 128/257/16 127/258/16
f 52/259/2 51/260/2 50/216/2
f 169/256/9 168/261/9 128/257/9
f 328/238/2 463/262/2 462/239/2
f 452/263/2 451/186/2 349/264/2
f 38/118/6 20/265/6 19/231/6
f 109/266/2 108/267/2 124/268/2
f 405/269/9 401/44/9 400/139/9
f 9/270/2 178/271/2 177/272/2
f 225/273/2 235/248/2 234/274/2
f 52/259/2 50/216/2 53/218/2
f 328/238/2 327/153/2 463/262/2
f 420/133/2 419/233/2 436/275/2
f 270/78/2 269/276/2 513/79/2
f 524/277/2 529/13/2 525/278/2
f 510/279/2 273/280/2 272/281/2
f 154/282/9 153/283/9 144/228/9
f 508/110/2 276/284/2 275/285/2
f 41/286/2 40/287/2 13/288/2
f 155/289/10 144/228/10 156/230/10
f 145/290/2 144/228/2 153/283/2
f 435/291/2 420/133/2 436/275/2
f 304/292/2 303/161/2 301/163/2
f 440/105/2 417/89/2 441/88/2
f 325/293/2 319/2/2 326/1/2
f 116/294/8 119/8/8 118/295/8
f 325/293/2 323/296/2 322/297/2
f 486/298/1 479/299/1 478/300/1
f 325/293/16 322/297/16 321/301/16
f 325/293/2 321/301/2 320/302/2
f 423/68/2 422/82/2 429/69/2
f 325/293/9 320/302/9 319/2/9
f 326/1/2 318/3/2 294/107/2
f 438/234/9 418/104/9 439/303/9
f 483/304/10 481/305/10 480/306/10
f 456/129/2 342/245/2 333/127/2
f 317/307/2 294/107/2 318/3/2
f 271/308/2 270/78/2 512/80/2
f 316/108/2 294/107/2 317/307/2
f 315/309/9 295/106/9 316/108/9
f 482/310/2 481/305/2 483/304/2
f 314/311/2 296/312/2 315/309/2
f 313/243/6 296/312/6 314/311/6
f 408/66/10 407/313/10 398/314/10
f 410/38/2 395/40/2 394/83/2
f 327/153/2 466/220/2 465/154/2
f 309/315/17 298/28/17 310/316/17
f 480/306/2 479/299/2 484/317/2
f 308/29/2 298/28/2 309/315/2
f 307/318/2 299/27/2 308/29/2
f 306/319/18 299/27/18 307/318/18
f 305/320/19 299/27/19 306/319/19
f 304/292/17 299/27/17 305/320/17
f 253/70/2 516/210/2 515/321/2
f 300/322/10 304/292/10 301/163/10
f 508/110/2 275/285/2 274/111/2
f 422/82/2 421/36/2 431/35/2
f 478/300/2 477/172/2 487/323/2
f 424/64/2 423/68/2 428/65/2
f 39/101/9 15/103/9 14/324/9
f 332/128/2 331/211/2 456/129/2
f 523/325/2 522/326/2 529/13/2
f 453/204/2 347/203/2 346/327/2
f 483/304/6 480/306/6 484/317/6
f 70/328/2 69/182/2 104/329/2
f 239/12/2 238/330/2 207/331/2
f 297/242/1 296/312/1 313/243/1
f 349/264/2 348/202/2 452/263/2
f 488/332/2 477/172/2 493/227/2
f 489/226/1 488/332/1 493/227/1
f 476/173/2 475/219/2 494/174/2
f 67/333/2 107/175/2 68/177/2
f 412/73/2 392/75/2 391/97/2
f 36/334/6 35/52/6 26/62/6
f 454/221/2 453/204/2 346/327/2
f 450/16/2 353/188/2 352/17/2
f 143/229/2 142/335/2 157/336/2
f 254/337/2 515/321/2 514/338/2
f 291/48/2 475/219/2 474/49/2
f 494/174/2 290/178/2 495/339/2
f 493/227/2 491/340/2 490/225/2
f 40/287/2 39/101/2 13/288/2
f 496/341/2 290/178/2 497/342/2
f 271/308/2 512/80/2 511/343/2
f 45/344/2 44/345/2 12/346/2
f 498/179/2 289/19/2 499/21/2
f 499/21/2 288/20/2 500/113/2
f 254/337/10 253/70/10 515/321/10
f 325/293/2 324/347/2 323/296/2
f 501/348/2 285/54/2 502/56/2
f 282/349/2 503/350/2 283/351/2
f 449/141/2 365/143/2 364/190/2
f 281/352/2 504/353/2 282/349/2
f 451/186/2 350/187/2 349/264/2
f 281/352/2 505/354/2 504/353/2
f 280/355/2 505/354/2 281/352/2
f 280/355/2 506/158/2 505/354/2
f 279/356/2 506/158/2 280/355/2
f 279/356/2 278/159/2 506/158/2
f 219/357/2 218/358/2 216/359/2
f 507/360/2 506/158/2 277/160/2
f 507/360/2 277/160/2 276/284/2
f 508/110/2 507/360/2 276/284/2
f 28/361/10 33/253/10 29/255/10
f 310/316/20 298/28/20 311/362/20
f 287/112/2 286/363/2 500/113/2
f 348/202/2 453/204/2 452/263/2
f 500/113/2 286/363/2 501/348/2
f 244/364/2 544/365/2 543/366/2
f 132/156/2 163/146/2 162/367/2
f 486/298/2 478/300/2 487/323/2
f 31/368/21 30/369/21 32/254/21
f 96/370/22 100/59/22 97/61/22
f 256/371/2 255/372/2 269/276/2
f 7/373/2 188/374/2 187/375/2
f 87/376/1 74/377/1 88/378/1
f 521/379/2 520/380/2 530/381/2
f 292/93/2 291/48/2 471/201/2
f 467/215/2 326/1/2 293/122/2
f 72/382/2 71/99/2 93/383/2
f 450/16/2 351/18/2 350/187/2
f 327/153/2 464/155/2 463/262/2
f 39/101/10 14/324/10 13/288/10
f 44/345/2 43/384/2 12/346/2
f 493/227/1 477/172/1 494/174/1
f 471/201/2 470/94/2 292/93/2
f 255/372/2 513/79/2 269/276/2
f 530/381/2 529/13/2 521/379/2
f 445/4/2 383/180/2 382/205/2
f 523/325/2 529/13/2 524/277/2
f 268/385/2 257/386/2 269/276/2
f 132/156/10 138/387/10 137/388/10
f 433/77/2 421/36/2 434/134/2
f 260/389/2 259/390/2 267/391/2
f 266/392/2 260/389/2 267/391/2
f 265/393/2 263/394/2 262/395/2
f 529/13/2 522/326/2 521/379/2
f 268/385/2 267/391/2 258/396/2
f 264/397/10 263/394/10 265/393/10
f 8/398/2 184/399/2 183/400/2
f 525/278/2 529/13/2 526/76/2
f 446/150/2 445/4/2 382/205/2
f 300/322/2 299/27/2 304/292/2
f 85/401/2 84/222/2 77/224/2
f 11/235/2 108/267/2 107/175/2
f 447/164/2 375/185/2 374/402/2
f 84/222/23 83/403/23 78/223/23
f 255/372/9 254/337/9 514/338/9
f 210/404/2 223/405/2 211/406/2
f 497/342/2 290/178/2 498/179/2
f 253/70/2 530/381/2 519/71/2
f 49/217/2 48/407/2 57/408/2
f 128/257/1 168/261/1 167/250/1
f 537/409/2 536/85/2 253/70/2
f 252/410/2 537/409/2 253/70/2
f 252/410/2 538/411/2 537/409/2
f 251/412/2 538/411/2 252/410/2
f 251/412/2 539/413/2 538/411/2
f 250/414/2 539/413/2 251/412/2
f 250/414/2 540/415/2 539/413/2
f 249/416/2 540/415/2 250/414/2
f 249/416/2 541/417/2 540/415/2
f 248/418/2 541/417/2 249/416/2
f 247/419/2 542/420/2 248/418/2
f 267/391/2 259/390/2 258/396/2
f 247/419/2 246/421/2 542/420/2
f 253/70/2 534/422/2 533/423/2
f 245/424/2 543/366/2 246/421/2
f 245/424/2 244/364/2 543/366/2
f 328/238/2 461/240/2 460/425/2
f 243/426/2 544/365/2 244/364/2
f 242/427/2 544/365/2 243/426/2
f 241/428/2 544/365/2 242/427/2
f 241/428/2 545/429/2 544/365/2
f 228/430/2 230/431/2 229/432/2
f 257/386/2 256/371/2 269/276/2
f 228/430/2 231/433/2 230/431/2
f 228/430/2 232/434/2 231/433/2
f 228/430/2 227/435/2 232/434/2
f 227/435/2 233/436/2 232/434/2
f 485/437/2 479/299/2 486/298/2
f 240/438/2 239/12/2 205/11/2
f 546/439/2 545/429/2 241/428/2
f 227/435/2 226/440/2 233/436/2
f 225/273/2 224/246/2 235/248/2
f 12/346/2 61/441/2 60/442/2
f 241/428/2 240/438/2 205/11/2
f 258/396/2 257/386/2 268/385/2
f 226/440/2 234/274/2 233/436/2
f 238/330/2 237/443/2 208/444/2
f 205/11/2 547/445/2 546/439/2
f 224/246/2 223/405/2 210/404/2
f 206/10/2 239/12/2 207/331/2
f 546/439/2 241/428/2 205/11/2
f 207/331/2 238/330/2 208/444/2
f 222/446/2 221/447/2 212/448/2
f 223/405/2 222/446/2 211/406/2
f 220/449/2 219/357/2 214/450/2
f 329/167/2 328/238/2 460/425/2
f 205/11/2 548/209/2 547/445/2
f 221/447/2 220/449/2 213/451/2
f 217/452/1 216/359/1 218/358/1
f 212/448/2 221/447/2 213/451/2
f 146/453/2 145/290/2 151/454/2
f 210/404/2 209/455/2 236/247/2
f 209/455/2 208/444/2 237/443/2
f 454/221/2 346/327/2 345/130/2
f 204/456/2 548/209/2 205/11/2
f 224/246/2 210/404/2 236/247/2
f 215/457/2 219/357/2 216/359/2
f 261/458/2 266/392/2 262/395/2
f 211/406/2 222/446/2 212/448/2
f 213/451/2 220/449/2 214/450/2
f 214/450/2 219/357/2 215/457/2
f 204/456/2 203/207/2 548/209/2
f 361/192/2 358/195/2 357/115/2
f 202/459/2 549/208/2 203/207/2
f 202/459/2 550/460/2 549/208/2
f 201/461/2 550/460/2 202/459/2
f 200/462/2 550/460/2 201/461/2
f 200/462/2 551/463/2 550/460/2
f 199/464/2 551/463/2 200/462/2
f 198/465/2 551/463/2 199/464/2
f 198/465/2 552/466/2 551/463/2
f 197/467/2 552/466/2 198/465/2
f 197/467/2 1/468/2 552/466/2
f 197/467/2 2/469/2 1/468/2
f 196/470/2 2/469/2 197/467/2
f 196/470/2 3/471/2 2/469/2
f 196/470/2 4/472/2 3/471/2
f 195/473/2 4/472/2 196/470/2
f 195/473/2 5/474/2 4/472/2
f 194/475/2 5/474/2 195/473/2
f 193/476/2 5/474/2 194/475/2
f 193/476/2 6/477/2 5/474/2
f 192/478/2 6/477/2 193/476/2
f 192/478/2 191/479/2 6/477/2
f 510/279/2 509/109/2 273/280/2
f 190/480/2 7/373/2 191/479/2
f 189/481/2 7/373/2 190/480/2
f 189/481/2 188/374/2 7/373/2
f 226/440/2 225/273/2 234/274/2
f 8/398/2 7/373/2 187/375/2
f 186/482/2 8/398/2 187/375/2
f 185/483/2 8/398/2 186/482/2
f 185/483/2 184/399/2 8/398/2
f 261/458/2 260/389/2 266/392/2
f 9/270/2 8/398/2 183/400/2
f 182/484/2 9/270/2 183/400/2
f 181/485/2 9/270/2 182/484/2
f 180/486/2 9/270/2 181/485/2
f 179/487/2 9/270/2 180/486/2
f 179/487/2 178/271/2 9/270/2
f 191/479/2 7/373/2 6/477/2
f 10/236/2 9/270/2 177/272/2
f 176/488/2 10/236/2 177/272/2
f 175/489/2 10/236/2 176/488/2
f 174/490/2 10/236/2 175/489/2
f 173/491/2 10/236/2 174/490/2
f 172/237/2 10/236/2 173/491/2
f 171/492/2 11/235/2 172/237/2
f 170/493/2 11/235/2 171/492/2
f 169/256/2 11/235/2 170/493/2
f 331/211/2 457/212/2 456/129/2
f 455/132/2 344/131/2 343/494/2
f 447/164/2 378/152/2 377/495/2
f 447/164/2 377/495/2 376/184/2
f 74/377/2 73/496/2 88/378/2
f 132/156/2 162/367/2 139/497/2
f 132/156/2 139/497/2 138/387/2
f 161/498/2 139/497/2 162/367/2
f 160/499/9 140/500/9 161/498/9
f 159/501/2 141/502/2 160/499/2
f 158/503/2 142/335/2 159/501/2
f 157/336/2 142/335/2 158/503/2
f 156/230/2 143/229/2 157/336/2
f 13/288/2 42/504/2 41/286/2
f 154/282/2 144/228/2 155/289/2
f 389/181/2 388/123/2 414/125/2
f 152/505/2 145/290/2 153/283/2
f 151/454/2 145/290/2 152/505/2
f 36/334/2 26/62/2 25/506/2
f 149/197/2 146/453/2 150/507/2
f 311/362/2 297/242/2 312/241/2
f 449/141/2 368/157/2 367/508/2
f 146/453/2 149/197/2 147/199/2
f 449/141/2 367/508/2 366/142/2
f 266/392/9 265/393/9 262/395/9
f 343/494/2 342/245/2 456/129/2
f 159/501/2 142/335/2 141/502/2
f 133/509/2 132/156/2 137/388/2
f 160/499/1 141/502/1 140/500/1
f 161/498/2 140/500/2 139/497/2
f 411/74/2 393/84/2 392/75/2
f 136/510/2 133/509/2 137/388/2
f 135/511/24 133/509/24 136/510/24
f 134/512/2 133/509/2 135/511/2
f 430/81/2 429/69/2 422/82/2
f 130/135/15 129/249/15 166/136/15
f 493/227/10 492/513/10 491/340/10
f 47/514/1 46/515/1 12/346/1
f 424/64/23 427/63/23 425/171/23
f 286/363/2 285/54/2 501/348/2
f 253/70/2 531/516/2 530/381/2
f 503/350/2 502/56/2 284/55/2
f 11/235/2 169/256/2 127/258/2
f 126/517/2 11/235/2 127/258/2
f 125/518/2 11/235/2 126/517/2
f 124/268/2 11/235/2 125/518/2
f 123/519/25 109/266/25 124/268/25
f 122/25/2 110/520/2 123/519/2
f 408/66/2 398/314/2 397/67/2
f 120/7/2 115/9/2 122/25/2
f 131/144/2 130/135/2 164/145/2
f 113/521/2 122/25/2 114/522/2
f 117/523/26 116/294/26 118/295/26
f 447/164/2 372/166/2 371/213/2
f 129/249/15 128/257/15 167/250/15
f 112/524/2 122/25/2 113/521/2
f 479/299/2 485/437/2 484/317/2
f 111/525/2 122/25/2 112/524/2
f 110/520/2 122/25/2 111/525/2
f 83/403/10 79/47/10 78/223/10
f 150/507/2 146/453/2 151/454/2
f 38/118/9 18/232/9 17/119/9
f 327/153/2 326/1/2 466/220/2
f 107/175/2 67/333/2 11/235/2
f 110/520/2 109/266/2 123/519/2
f 105/526/5 69/182/5 106/176/5
f 104/329/2 69/182/2 105/526/2
f 103/527/2 70/328/2 104/329/2
f 102/528/2 70/328/2 103/527/2
f 101/529/2 70/328/2 102/528/2
f 130/135/2 165/137/2 164/145/2
f 296/312/2 295/106/2 315/309/2
f 101/529/27 100/59/27 96/370/27
f 330/183/2 458/169/2 457/212/2
f 70/328/2 101/529/2 96/370/2
f 95/100/2 71/99/2 96/370/2
f 38/118/10 21/530/10 20/265/10
f 93/383/2 71/99/2 94/98/2
f 92/531/2 72/382/2 93/383/2
f 447/164/2 374/402/2 373/165/2
f 90/532/2 72/382/2 91/533/2
f 89/534/9 73/496/9 90/532/9
f 88/378/2 73/496/2 89/534/2
f 253/70/2 535/86/2 534/422/2
f 99/60/28 98/535/28 97/61/28
f 85/401/2 76/536/2 86/537/2
f 83/403/2 82/45/2 79/47/2
f 81/538/19 80/46/19 82/45/19
f 446/150/2 380/539/2 379/151/2
f 87/376/2 86/537/2 75/540/2
f 477/172/2 488/332/2 487/323/2
f 85/401/9 77/224/9 76/536/9
f 74/377/2 87/376/2 75/540/2
f 86/537/2 76/536/2 75/540/2
f 446/150/2 381/206/2 380/539/2
f 407/313/1 406/138/1 399/140/1
f 291/48/2 473/50/2 472/200/2
f 409/58/2 397/67/2 396/39/2
f 71/99/2 70/328/2 96/370/2
f 108/267/2 11/235/2 124/268/2
f 329/167/2 460/425/2 459/168/2
f 39/101/2 38/118/2 16/102/2
f 67/333/2 12/346/2 11/235/2
f 12/346/2 67/333/2 66/541/2
f 12/346/2 66/541/2 65/542/2
f 12/346/2 65/542/2 64/543/2
f 12/346/2 64/543/2 63/544/2
f 12/346/2 63/544/2 62/545/2
f 12/346/2 62/545/2 61/441/2
f 272/281/2 271/308/2 511/343/2
f 495/339/2 290/178/2 496/341/2
f 46/515/2 45/344/2 12/346/2
f 520/380/2 519/71/2 530/381/2
f 13/288/2 43/384/2 42/504/2
f 436/275/2 419/233/2 437/546/2
f 43/384/2 13/288/2 12/346/2
f 511/343/2 510/279/2 272/281/2
f 291/48/2 290/178/2 475/219/2
f 509/109/2 274/111/2 273/280/2
f 59/547/2 48/407/2 12/346/2
f 73/496/1 72/382/1 90/532/1
f 542/420/2 541/417/2 248/418/2
f 298/28/2 297/242/2 311/362/2
f 58/548/2 48/407/2 59/547/2
f 48/407/9 47/514/9 12/346/9
f 387/126/9 386/92/9 415/124/9
f 456/129/2 455/132/2 343/494/2
f 57/408/2 48/407/2 58/548/2
f 439/303/2 418/104/2 440/105/2
f 56/549/1 49/217/1 57/408/1
f 253/70/2 533/423/2 532/550/2
f 55/551/2 49/217/2 56/549/2
f 22/34/23 21/530/23 38/118/23
f 54/552/2 49/217/2 55/551/2
f 334/251/9 341/244/9 340/252/9
f 53/218/2 49/217/2 54/552/2
f 38/118/2 37/32/2 22/34/2
f 434/134/2 420/133/2 435/291/2
f 32/254/2 30/369/2 29/255/2
f 246/421/2 543/366/2 542/420/2
f 12/346/2 60/442/2 59/547/2
f 437/546/2 419/233/2 438/234/2
f 407/313/6 399/140/6 398/314/6
f 25/506/2 24/87/2 37/32/2
f 119/8/23 116/294/23 115/9/23
f 447/164/2 446/150/2 378/152/2
f 406/138/2 405/269/2 400/139/2
f 253/70/2 532/550/2 531/516/2
f 37/32/2 36/334/2 25/506/2
f 401/44/1 405/269/1 404/43/1
f 255/372/2 514/338/2 513/79/2
f 283/351/2 503/350/2 284/55/2
f 33/253/2 28/361/2 34/53/2
f 115/9/23 114/522/23 122/25/23
f 28/361/6 27/51/6 34/53/6
f 91/533/2 72/382/2 92/531/2
f 504/353/2 503/350/2 282/349/2
f 449/141/2 364/190/2 353/188/2
f 209/455/2 237/443/2 236/247/2
f 789/443/29 1341/443/29 1340/247/29 788/247/29
f 974/82/30 1526/82/30 1525/36/30 973/36/30
f 1044/513/31 1596/513/31 1595/340/31 1043/340/31
f 1017/154/32 1569/154/32 1568/155/32 1016/155/32
f 813/458/33 1365/458/33 1364/389/33 812/389/33
f 723/492/34 1275/492/34 1274/493/34 722/493/34
f 760/444/35 1312/444/35 1311/331/35 759/331/35
f 845/122/36 1397/122/36 1396/93/36 844/93/36
f 703/454/37 1255/454/37 1254/507/37 702/507/37
f 785/436/38 1337/436/38 1336/434/38 784/434/38
f 588/334/39 1140/334/39 1139/52/39 587/52/39
f 958/138/40 1510/138/40 1509/269/40 957/269/40
f 1098/439/41 1650/439/41 1649/429/41 1097/429/41
f 687/511/42 1239/511/42 1238/512/42 686/512/42
f 978/170/43 1530/170/43 1529/171/43 977/171/43
f 942/117/44 1494/117/44 1493/181/44 941/181/44
f 773/447/45 1325/447/45 1324/449/45 772/449/45
f 671/8/46 1223/8/46 1222/295/46 670/295/46
f 1028/173/47 1580/173/47 1579/219/47 1027/219/47
f 1001/141/48 1553/141/48 1552/147/48 1000/147/48
f 926/402/49 1478/402/49 1477/165/49 925/165/49
f 829/160/50 1381/160/50 1380/284/50 828/284/50
f 655/527/51 1207/527/51 1206/528/51 654/528/51
f 985/77/52 1537/77/52 1536/37/52 984/37/52
f 572/265/53 1124/265/53 1123/231/53 571/231/53
f 910/195/54 1462/195/54 1461/115/54 909/115/54
f 728/488/55 1280/488/55 1279/489/55 727/489/55
f 1082/381/41 1634/381/41 1633/13/41 1081/13/41
f 639/376/56 1191/376/56 1190/537/56 638/537/56
f 894/245/57 1446/245/57 1445/244/57 893/244/57
f 1012/425/58 1564/425/58 1563/168/58 1011/168/58
f 878/1/59 1430/1/59 1429/293/59 877/293/59
f 969/89/60 1521/89/60 1520/91/60 968/91/60
f 1066/338/61 1618/338/61 1617/79/61 1065/79/61
f 995/121/62 1547/121/62 1546/90/62 994/90/62
f 712/499/63 1264/499/63 1263/501/63 711/501/63
f 795/426/64 1347/426/64 1346/427/64 794/427/64
f 607/551/65 1159/551/65 1158/552/65 606/552/65
f 738/482/66 1290/482/66 1289/483/66 737/483/66
f 953/44/67 1505/44/67 1504/139/67 952/139/67
f 1050/179/68 1602/179/68 1601/342/68 1049/342/68
f 862/316/69 1414/316/69 1413/315/69 861/315/69
f 696/228/70 1248/228/70 1247/229/70 695/229/70
f 937/57/71 1489/57/71 1488/6/71 936/6/71
f 846/107/72 1398/107/72 1397/122/72 845/122/72
f 680/257/73 1232/257/73 1231/258/73 679/258/73
f 779/435/74 1331/435/74 1330/440/74 778/440/74
f 962/38/75 1514/38/75 1513/58/75 961/58/75
f 741/481/76 1293/481/76 1292/374/76 740/374/76
f 921/149/77 1473/149/77 1472/157/77 920/157/77
f 1034/310/78 1586/310/78 1585/305/78 1033/305/78
f 1089/409/41 1641/409/41 1640/85/41 1088/85/41
f 996/5/79 1548/5/79 1547/121/79 995/121/79
f 664/524/80 1216/524/80 1215/525/80 663/525/80
f 575/33/81 1127/33/81 1126/34/81 574/34/81
f 905/188/82 1457/188/82 1456/17/82 904/17/82
f 830/159/83 1382/159/83 1381/160/83 829/160/83
f 648/370/84 1200/370/84 1199/100/84 647/100/84
f 979/63/85 1531/63/85 1530/170/85 978/170/85
f 889/23/86 1441/23/86 1440/24/86 888/24/86
f 722/493/87 1274/493/87 1273/256/87 721/256/87
f 725/491/88 1277/491/88 1276/237/88 724/237/88
f 632/46/89 1184/46/89 1183/47/89 631/47/89
f 763/406/35 1315/406/35 1314/404/35 762/404/35
f 1073/379/90 1625/379/90 1624/380/90 1072/380/90
f 963/74/91 1515/74/91 1514/38/91 962/38/91
f 691/497/92 1243/497/92 1242/387/92 690/387/92
f 980/65/93 1532/65/93 1531/63/93 979/63/93
f 873/301/94 1425/301/94 1424/302/94 872/302/94
f 1018/220/95 1570/220/95 1569/154/95 1017/154/95
f 559/373/41 1111/373/41 1110/477/41 558/477/41
f 706/282/96 1258/282/96 1257/283/96 705/283/96
f 946/83/97 1498/83/97 1497/84/97 945/84/97
f 645/383/98 1197/383/98 1196/531/98 644/531/98
f 616/543/99 1168/543/99 1167/544/99 615/544/99
f 814/395/100 1366/395/100 1365/458/100 813/458/100
f 947/40/101 1499/40/101 1498/83/101 946/83/101
f 709/336/102 1261/336/102 1260/230/102 708/230/102
f 593/286/103 1145/286/103 1144/287/103 592/287/103
f 690/387/104 1242/387/104 1241/388/104 689/388/104
f 675/519/105 1227/519/105 1226/25/105 674/25/105
f 964/73/106 1516/73/106 1515/74/106 963/74/106
f 931/151/107 1483/151/107 1482/152/107 930/152/107
f 930/152/108 1482/152/108 1481/495/108 929/495/108
f 747/473/109 1299/473/109 1298/475/109 746/475/109
f 674/25/110 1226/25/110 1225/26/110 673/26/110
f 693/502/111 1245/502/111 1244/500/111 692/500/111
f 1055/350/112 1607/350/112 1606/56/112 1054/56/112
f 659/175/113 1211/175/113 1210/176/113 658/176/113
f 948/39/114 1500/39/114 1499/40/114 947/40/114
f 857/320/115 1409/320/115 1408/292/115 856/292/115
f 798/421/116 1350/421/116 1349/424/116 797/424/116
f 562/236/41 1114/236/41 1113/270/41 561/270/41
f 914/114/117 1466/114/117 1465/192/117 913/192/117
f 677/518/118 1229/518/118 1228/268/118 676/268/118
f 600/407/119 1152/407/119 1151/514/119 599/514/119
f 915/189/120 1467/189/120 1466/114/120 914/114/120
f 643/533/121 1195/533/121 1194/532/121 642/532/121
f 932/539/122 1484/539/122 1483/151/122 931/151/122
f 1039/323/123 1591/323/123 1590/298/123 1038/298/123
f 658/176/124 1210/176/124 1209/526/124 657/526/124
f 898/327/125 1450/327/125 1449/130/125 897/130/125
f 782/431/126 1334/431/126 1333/432/126 781/432/126
f 899/203/127 1451/203/127 1450/327/127 898/327/127
f 627/540/128 1179/540/128 1178/377/128 626/377/128
f 841/19/129 1393/19/129 1392/20/129 840/20/129
f 731/487/130 1283/487/130 1282/271/130 730/271/130
f 642/532/131 1194/532/131 1193/534/131 641/534/131
f 882/183/132 1434/183/132 1433/167/132 881/167/132
f 584/254/133 1136/254/133 1135/368/133 583/368/133
f 986/134/134 1538/134/134 1537/77/134 985/77/134
f 883/211/135 1435/211/135 1434/183/135 882/183/135
f 578/62/136 1130/62/136 1129/506/136 577/506/136
f 1094/420/41 1646/420/41 1645/417/41 1093/417/41
f 568/102/137 1120/102/137 1119/103/137 567/103/137
f 626/377/138 1178/377/138 1177/496/138 625/496/138
f 611/547/139 1163/547/139 1162/548/139 610/548/139
f 676/268/140 1228/268/140 1227/519/140 675/519/140
f 866/311/141 1418/311/141 1417/243/141 865/243/141
f 1023/201/142 1575/201/142 1574/94/142 1022/94/142
f 867/309/143 1419/309/143 1418/311/143 866/311/143
f 595/384/144 1147/384/144 1146/504/144 594/504/144
f 766/450/145 1318/450/145 1317/451/145 765/451/145
f 850/28/146 1402/28/146 1401/242/146 849/242/146
f 825/280/147 1377/280/147 1376/281/147 824/281/147
f 715/146/148 1267/146/148 1266/367/148 714/367/148
f 707/289/149 1259/289/149 1258/282/149 706/282/149
f 851/27/150 1403/27/150 1402/28/150 850/28/150
f 970/104/60 1522/104/60 1521/89/60 969/89/60
f 594/504/151 1146/504/151 1145/286/151 593/286/151
f 778/440/152 1330/440/152 1329/273/152 777/273/152
f 699/199/153 1251/199/153 1250/453/153 698/453/153
f 954/42/154 1506/42/154 1505/44/154 953/44/154
f 1007/132/155 1559/132/155 1558/221/155 1006/221/155
f 1093/417/41 1645/417/41 1644/415/41 1092/415/41
f 916/190/156 1468/190/156 1467/189/156 915/189/156
f 683/144/157 1235/144/157 1234/135/157 682/135/157
f 1092/415/41 1644/415/41 1643/413/41 1091/413/41
f 579/51/158 1131/51/158 1130/62/158 578/62/158
f 809/386/159 1361/386/159 1360/371/159 808/371/159
f 938/92/160 1490/92/160 1489/57/160 937/57/160
f 835/351/161 1387/351/161 1386/349/161 834/349/161
f 834/349/162 1386/349/162 1385/352/162 833/352/162
f 807/372/163 1359/372/163 1358/337/163 806/337/163
f 667/9/164 1219/9/164 1218/522/164 666/522/164
f 1062/279/165 1614/279/165 1613/109/165 1061/109/165
f 922/148/77 1474/148/77 1473/149/77 921/149/77
f 651/60/166 1203/60/166 1202/535/166 650/535/166
f 1076/277/167 1628/277/167 1627/325/167 1075/325/167
f 906/191/168 1458/191/168 1457/188/168 905/188/168
f 819/391/169 1371/391/169 1370/392/169 818/392/169
f 757/11/170 1309/11/170 1308/456/170 756/456/170
f 790/330/171 1342/330/171 1341/443/171 789/443/171
f 1077/278/172 1629/278/172 1628/277/172 1076/277/172
f 1046/174/173 1598/174/173 1597/227/173 1045/227/173
f 635/403/174 1187/403/174 1186/45/174 634/45/174
f 890/22/175 1442/22/175 1441/23/175 889/23/175
f 818/392/176 1370/392/176 1369/393/176 817/393/176
f 619/333/177 1171/333/177 1170/541/177 618/541/177
f 991/303/178 1543/303/178 1542/234/178 990/234/178
f 1059/360/179 1611/360/179 1610/158/179 1058/158/179
f 874/297/180 1426/297/180 1425/301/180 873/301/180
f 734/484/181 1286/484/181 1285/485/181 733/485/181
f 801/416/182 1353/416/182 1352/418/182 800/418/182
f 802/414/183 1354/414/183 1353/416/183 801/416/183
f 1056/353/184 1608/353/184 1607/350/184 1055/350/184
f 775/405/182 1327/405/182 1326/446/182 774/446/182
f 603/260/185 1155/260/185 1154/216/185 602/216/185
f 975/68/186 1527/68/186 1526/82/186 974/82/186
f 1030/300/187 1582/300/187 1581/172/187 1029/172/187
f 858/319/188 1410/319/188 1409/320/188 857/320/188
f 718/136/189 1270/136/189 1269/137/189 717/137/189
f 1040/332/190 1592/332/190 1591/323/190 1039/323/190
f 959/313/191 1511/313/191 1510/138/191 958/138/191
f 1043/340/192 1595/340/192 1594/225/192 1042/225/192
f 702/507/193 1254/507/193 1253/197/193 701/197/193
f 786/274/194 1338/274/194 1337/436/194 785/436/194
f 900/202/195 1452/202/195 1451/203/195 899/203/195
f 1101/208/41 1653/208/41 1652/209/41 1100/209/41
f 943/97/196 1495/97/196 1494/117/196 942/117/196
f 759/331/145 1311/331/145 1310/10/145 758/10/145
f 587/52/197 1139/52/197 1138/53/197 586/53/197
f 686/512/198 1238/512/198 1237/509/198 685/509/198
f 1014/239/199 1566/239/199 1565/240/199 1013/240/199
f 842/178/200 1394/178/200 1393/19/200 841/19/200
f 927/185/201 1479/185/201 1478/402/201 926/402/201
f 769/452/202 1321/452/202 1320/359/202 768/359/202
f 670/295/203 1222/295/203 1221/523/203 669/523/203
f 1024/200/204 1576/200/204 1575/201/204 1023/201/204
f 1027/219/205 1579/219/205 1578/49/205 1026/49/205
f 911/194/206 1463/194/206 1462/195/206 910/195/206
f 770/358/207 1322/358/207 1321/452/207 769/452/207
f 654/528/208 1206/528/208 1205/529/208 653/529/208
f 629/224/209 1181/224/209 1180/536/209 628/536/209
f 743/479/210 1295/479/210 1294/480/210 742/480/210
f 1085/423/41 1637/423/41 1636/550/41 1084/550/41
f 753/461/211 1305/461/211 1304/462/211 752/462/211
f 884/128/212 1436/128/212 1435/211/212 883/211/212
f 998/150/213 1550/150/213 1549/4/213 997/4/213
f 571/231/214 1123/231/214 1122/232/214 570/232/214
f 895/494/215 1447/494/215 1446/245/215 894/245/215
f 1008/129/216 1560/129/216 1559/132/216 1007/132/216
f 613/441/217 1165/441/217 1164/442/217 612/442/217
f 826/111/183 1378/111/183 1377/280/183 825/280/183
f 638/537/218 1190/537/218 1189/401/218 637/401/218
f 868/108/219 1420/108/219 1419/309/219 867/309/219
f 1069/120/220 1621/120/220 1620/210/220 1068/210/220
f 879/153/221 1431/153/221 1430/1/221 878/1/221
f 754/459/222 1306/459/222 1305/461/222 753/461/222
f 727/489/223 1279/489/223 1278/490/223 726/490/223
f 555/471/41 1107/471/41 1106/469/41 554/469/41
f 622/328/224 1174/328/224 1173/182/224 621/182/224
f 982/81/225 1534/81/225 1533/69/225 981/69/225
f 810/396/226 1362/396/226 1361/386/226 809/386/226
f 597/344/227 1149/344/227 1148/345/227 596/345/227
f 1051/21/228 1603/21/228 1602/179/228 1050/179/228
f 863/362/229 1415/362/229 1414/316/229 862/316/229
f 852/322/230 1404/322/230 1403/27/230 851/27/230
f 711/501/231 1263/501/231 1262/503/231 710/503/231
f 794/427/232 1346/427/232 1345/428/232 793/428/232
f 606/552/233 1158/552/233 1157/218/233 605/218/233
f 966/125/234 1518/125/234 1517/96/234 965/96/234
f 1104/466/41 1656/466/41 1655/463/41 1103/463/41
f 847/106/235 1399/106/235 1398/107/235 846/107/235
f 581/255/236 1133/255/236 1132/361/236 580/361/236
f 695/229/237 1247/229/237 1246/335/237 694/335/237
f 590/118/238 1142/118/238 1141/32/238 589/32/238
f 992/105/239 1544/105/239 1543/303/239 991/303/239
f 836/55/210 1388/55/210 1387/351/210 835/351/210
f 950/314/240 1502/314/240 1501/67/240 949/67/240
f 1035/304/241 1587/304/241 1586/310/241 1034/310/241
f 721/256/242 1273/256/242 1272/261/242 720/261/242
f 1091/413/41 1643/413/41 1642/411/41 1090/411/41
f 679/258/243 1231/258/243 1230/517/243 678/517/243
f 976/64/244 1528/64/244 1527/68/244 975/68/244
f 934/205/76 1486/205/76 1485/206/76 933/206/76
f 563/235/41 1115/235/41 1114/236/41 562/236/41
f 1088/85/41 1640/85/41 1639/86/41 1087/86/41
f 565/288/41 1117/288/41 1116/346/41 564/346/41
f 663/525/245 1215/525/245 1214/520/245 662/520/245
f 1019/215/246 1571/215/246 1570/220/246 1018/220/246
f 831/356/247 1383/356/247 1382/159/247 830/159/247
f 820/385/248 1372/385/248 1371/391/248 819/391/248
f 918/142/77 1470/142/77 1469/143/77 917/143/77
f 762/404/35 1314/404/35 1313/455/35 761/455/35
f 574/34/249 1126/34/249 1125/530/249 573/530/249
f 1075/325/250 1627/325/250 1626/326/250 1074/326/250
f 692/500/251 1244/500/251 1243/497/251 691/497/251
f 647/100/252 1199/100/252 1198/98/252 646/98/252
f 1061/109/253 1613/109/253 1612/110/253 1060/110/253
f 902/187/254 1454/187/254 1453/264/254 901/264/254
f 1072/380/255 1624/380/255 1623/71/255 1071/71/255
f 705/283/256 1257/283/256 1256/505/256 704/505/256
f 804/410/257 1356/410/257 1355/412/257 803/412/257
f 631/47/258 1183/47/258 1182/223/258 630/223/258
f 1003/186/259 1555/186/259 1554/16/259 1002/16/259
f 815/394/260 1367/394/260 1366/395/260 814/395/260
f 960/66/261 1512/66/261 1511/313/261 959/313/261
f 886/251/262 1438/251/262 1437/127/262 885/127/262
f 746/475/263 1298/475/263 1297/476/263 745/476/263
f 558/477/41 1110/477/41 1109/474/41 557/474/41
f 689/388/264 1241/388/264 1240/510/264 688/510/264
f 615/544/265 1167/544/265 1166/545/265 614/545/265
f 944/75/266 1496/75/266 1495/97/266 943/97/266
f 870/3/267 1422/3/267 1421/307/267 869/307/267
f 673/26/268 1225/26/268 1224/7/268 672/7/268
f 987/291/269 1539/291/269 1538/134/269 986/134/269
f 928/184/270 1480/184/270 1479/185/270 927/185/270
f 1045/227/271 1597/227/271 1596/513/271 1044/513/271
f 730/271/272 1282/271/272 1281/272/272 729/272/272
f 797/424/273 1349/424/273 1348/364/273 796/364/273
f 657/526/274 1209/526/274 1208/329/274 656/329/274
f 788/247/275 1340/247/275 1339/248/275 787/248/275
f 1052/113/276 1604/113/276 1603/21/276 1051/21/276
f 912/193/176 1464/193/176 1463/194/176 911/194/176
f 591/101/277 1143/101/277 1142/118/277 590/118/277
f 641/534/278 1193/534/278 1192/378/278 640/378/278
f 599/514/279 1151/514/279 1150/515/279 598/515/279
f 896/131/280 1448/131/280 1447/494/280 895/494/280
f 854/162/281 1406/162/281 1405/163/281 853/163/281
f 971/233/282 1523/233/282 1522/104/282 970/104/282
f 736/399/283 1288/399/283 1287/400/283 735/400/283
f 714/367/284 1266/367/284 1265/498/284 713/498/284
f 625/496/285 1177/496/285 1176/382/285 624/382/285
f 610/548/286 1162/548/286 1161/408/286 609/408/286
f 1097/429/41 1649/429/41 1648/365/41 1096/365/41
f 880/238/287 1432/238/287 1431/153/287 879/153/287
f 1029/172/288 1581/172/288 1580/173/288 1028/173/288
f 583/368/289 1135/368/289 1134/369/289 582/369/289
f 955/41/290 1507/41/290 1506/42/290 954/42/290
f 755/207/162 1307/207/162 1306/459/162 754/459/162
f 772/449/291 1324/449/291 1323/357/291 771/357/291
f 838/363/292 1390/363/292 1389/54/292 837/54/292
f 698/453/293 1250/453/293 1249/290/293 697/290/293
f 939/126/294 1491/126/294 1490/92/294 938/92/294
f 609/408/295 1161/408/295 1160/549/295 608/549/295
f 682/135/296 1234/135/296 1233/249/296 681/249/296
f 864/241/297 1416/241/297 1415/362/297 863/362/297
f 1013/240/298 1565/240/298 1564/425/298 1012/425/298
f 923/213/299 1475/213/299 1474/148/299 922/148/299
f 1036/317/300 1588/317/300 1587/304/300 1035/304/300
f 812/389/301 1364/389/301 1363/390/301 811/390/301
f 756/456/302 1308/456/302 1307/207/302 755/207/302
f 791/12/303 1343/12/303 1342/330/303 790/330/303
f 666/522/304 1218/522/304 1217/521/304 665/521/304
f 848/312/305 1400/312/305 1399/106/305 847/106/305
f 1081/13/306 1633/13/306 1632/14/306 1080/14/306
f 907/196/307 1459/196/307 1458/191/307 906/191/307
f 765/451/202 1317/451/202 1316/448/202 764/448/202
f 1103/463/41 1655/463/41 1654/460/41 1102/460/41
f 567/103/308 1119/103/308 1118/324/308 566/324/308
f 650/535/309 1202/535/309 1201/61/309 649/61/309
f 1020/214/310 1572/214/310 1571/215/310 1019/215/310
f 822/78/311 1374/78/311 1373/276/311 821/276/311
f 891/31/312 1443/31/312 1442/22/312 890/22/312
f 577/506/313 1129/506/313 1128/87/313 576/87/313
f 997/4/314 1549/4/314 1548/5/314 996/5/314
f 634/45/315 1186/45/315 1185/538/315 633/538/315
f 832/355/316 1384/355/316 1383/356/316 831/356/316
f 740/374/210 1292/374/210 1291/375/210 739/375/210
f 1087/86/41 1639/86/41 1638/422/41 1086/422/41
f 1065/79/317 1617/79/317 1616/80/317 1064/80/317
f 875/296/318 1427/296/318 1426/297/318 874/297/318
f 749/467/292 1301/467/292 1300/470/292 748/470/292
f 1063/343/319 1615/343/319 1614/279/319 1062/279/319
f 618/541/320 1170/541/320 1169/542/320 617/542/320
f 1004/263/321 1556/263/321 1555/186/321 1003/186/321
f 561/270/41 1113/270/41 1112/398/41 560/398/41
f 806/337/322 1358/337/322 1357/70/322 805/70/322
f 816/397/323 1368/397/323 1367/394/323 815/394/323
f 981/69/324 1533/69/324 1532/65/324 980/65/324
f 859/318/325 1411/318/325 1410/319/325 858/319/325
f 1071/71/326 1623/71/326 1622/72/326 1070/72/326
f 724/237/327 1276/237/327 1275/492/327 723/492/327
f 602/216/328 1154/216/328 1153/217/328 601/217/328
f 965/96/329 1517/96/329 1516/73/329 964/73/329
f 1057/354/330 1609/354/330 1608/353/330 1056/353/330
f 708/230/331 1260/230/331 1259/289/331 707/289/331
f 733/485/332 1285/485/332 1284/486/332 732/486/332
f 800/418/333 1352/418/333 1351/419/333 799/419/333
f 988/275/334 1540/275/334 1539/291/334 987/291/334
f 1041/226/335 1593/226/335 1592/332/335 1040/332/335
f 781/432/336 1333/432/336 1332/430/336 780/430/336
f 748/470/337 1300/470/337 1299/473/337 747/473/337
f 1100/209/41 1652/209/41 1651/445/41 1099/445/41
f 1031/299/338 1583/299/338 1582/300/338 1030/300/338
f 843/48/339 1395/48/339 1394/178/339 842/178/339
f 774/446/340 1326/446/340 1325/447/340 773/447/340
f 586/53/341 1138/53/341 1137/253/341 585/253/341
f 1064/80/342 1616/80/342 1615/343/342 1063/343/342
f 717/137/343 1269/137/343 1268/145/343 716/145/343
f 592/287/344 1144/287/344 1143/101/344 591/101/344
f 972/133/345 1524/133/345 1523/233/345 971/233/345
f 1025/50/346 1577/50/346 1576/200/346 1024/200/346
f 793/428/347 1345/428/347 1344/438/347 792/438/347
f 701/197/348 1253/197/348 1252/198/348 700/198/348
f 768/359/202 1320/359/202 1319/457/202 767/457/202
f 1048/341/349 1600/341/349 1599/339/349 1047/339/349
f 956/43/350 1508/43/350 1507/41/350 955/41/350
f 949/67/351 1501/67/351 1500/39/351 948/39/351
f 1015/262/352 1567/262/352 1566/239/352 1014/239/352
f 1084/550/41 1636/550/41 1635/516/41 1083/516/41
f 685/509/353 1237/509/353 1236/156/353 684/156/353
f 1002/16/354 1554/16/354 1553/141/354 1001/141/354
f 758/10/35 1310/10/35 1309/11/35 757/11/35
f 827/285/355 1379/285/355 1378/111/355 826/111/355
f 940/123/356 1492/123/356 1491/126/356 939/126/356
f 570/232/357 1122/232/357 1121/119/357 569/119/357
f 1047/339/358 1599/339/358 1598/174/358 1046/174/358
f 630/223/359 1182/223/359 1181/224/359 629/224/359
f 669/523/360 1221/523/360 1220/294/360 668/294/360
f 1009/212/361 1561/212/361 1560/129/361 1008/129/361
f 1068/210/362 1620/210/362 1619/321/362 1067/321/362
f 924/166/363 1476/166/363 1475/213/363 923/213/363
f 752/462/364 1304/462/364 1303/464/364 751/464/364
f 811/390/365 1363/390/365 1362/396/365 810/396/365
f 653/529/366 1205/529/366 1204/59/366 652/59/366
f 554/469/41 1106/469/41 1105/468/41 553/468/41
f 908/116/367 1460/116/367 1459/196/367 907/196/367
f 999/164/368 1551/164/368 1550/150/368 998/150/368
f 777/273/369 1329/273/369 1328/246/369 776/246/369
f 580/361/370 1132/361/370 1131/51/370 579/51/370
f 742/480/76 1294/480/76 1293/481/76 741/481/76
f 1032/306/371 1584/306/371 1583/299/371 1031/299/371
f 637/401/372 1189/401/372 1188/222/372 636/222/372
f 649/61/373 1201/61/373 1200/370/373 648/370/373
f 892/252/374 1444/252/374 1443/31/374 891/31/374
f 983/35/375 1535/35/375 1534/81/375 982/81/375
f 621/182/376 1173/182/376 1172/177/376 620/177/376
f 726/490/377 1278/490/377 1277/491/377 725/491/377
f 876/347/378 1428/347/378 1427/296/378 875/296/378
f 1038/298/379 1590/298/379 1589/437/379 1037/437/379
f 967/124/380 1519/124/380 1518/125/380 966/125/380
f 761/455/35 1313/455/35 1312/444/35 760/444/35
f 605/218/381 1157/218/381 1156/259/381 604/259/381
f 1078/76/382 1630/76/382 1629/278/382 1077/278/382
f 710/503/383 1262/503/383 1261/336/383 709/336/383
f 1016/155/384 1568/155/384 1567/262/384 1015/262/384
f 860/29/385 1412/29/385 1411/318/385 859/318/385
f 977/171/386 1529/171/386 1528/64/386 976/64/386
f 933/206/387 1485/206/387 1484/539/387 932/539/387
f 585/253/388 1137/253/388 1136/254/388 584/254/388
f 589/32/389 1141/32/389 1140/334/389 588/334/389
f 720/261/390 1272/261/390 1271/250/390 719/250/390
f 951/140/391 1503/140/391 1502/314/391 950/314/391
f 844/93/392 1396/93/392 1395/48/392 843/48/392
f 694/335/393 1246/335/393 1245/502/393 693/502/393
f 745/476/66 1297/476/66 1296/478/66 744/478/66
f 1099/445/41 1651/445/41 1650/439/41 1098/439/41
f 623/99/394 1175/99/394 1174/328/394 622/328/394
f 1000/147/395 1552/147/395 1551/164/395 999/164/395
f 961/58/396 1513/58/396 1512/66/396 960/66/396
f 935/180/397 1487/180/397 1486/205/397 934/205/397
f 744/478/398 1296/478/398 1295/479/398 743/479/398
f 704/505/399 1256/505/399 1255/454/399 703/454/399
f 678/517/400 1230/517/400 1229/518/400 677/518/400
f 729/272/401 1281/272/401 1280/488/401 728/488/401
f 661/266/402 1213/266/402 1212/267/402 660/267/402
f 984/37/403 1536/37/403 1535/35/403 983/35/403
f 945/84/404 1497/84/404 1496/75/404 944/75/404
f 917/143/405 1469/143/405 1468/190/405 916/190/405
f 919/508/406 1471/508/406 1470/142/406 918/142/406
f 573/530/407 1125/530/407 1124/265/407 572/265/407
f 688/510/408 1240/510/408 1239/511/408 687/511/408
f 660/267/409 1212/267/409 1211/175/409 659/175/409
f 662/520/410 1214/520/410 1213/266/410 661/266/410
f 828/284/411 1380/284/411 1379/285/411 827/285/411
f 929/495/412 1481/495/412 1480/184/412 928/184/412
f 903/18/413 1455/18/413 1454/187/413 902/187/413
f 1083/516/41 1635/516/41 1634/381/41 1082/381/41
f 672/7/414 1224/7/414 1223/8/414 671/8/414
f 901/264/415 1453/264/415 1452/202/415 900/202/415
f 646/98/416 1198/98/416 1197/383/416 645/383/416
f 713/498/417 1265/498/417 1264/499/417 712/499/417
f 557/474/41 1109/474/41 1108/472/41 556/472/41
f 913/192/418 1465/192/418 1464/193/418 912/193/418
f 644/531/419 1196/531/419 1195/533/419 643/533/419
f 737/483/420 1289/483/420 1288/399/420 736/399/420
f 968/91/421 1520/91/421 1519/124/421 967/124/421
f 656/329/422 1208/329/422 1207/527/422 655/527/422
f 885/127/423 1437/127/423 1436/128/423 884/128/423
f 697/290/424 1249/290/424 1248/228/424 696/228/424
f 897/130/425 1449/130/425 1448/131/425 896/131/425
f 628/536/426 1180/536/426 1179/540/426 627/540/426
f 952/139/427 1504/139/427 1503/140/427 951/140/427
f 640/378/428 1192/378/428 1191/376/428 639/376/428
f 869/307/429 1421/307/429 1420/108/429 868/108/429
f 681/249/430 1233/249/430 1232/257/430 680/257/430
f 881/167/431 1433/167/431 1432/238/431 880/238/431
f 612/442/432 1164/442/432 1163/547/432 611/547/432
f 936/6/433 1488/6/433 1487/180/433 935/180/433
f 624/382/434 1176/382/434 1175/99/434 623/99/434
f 1011/168/435 1563/168/435 1562/169/435 1010/169/435
f 665/521/436 1217/521/436 1216/524/436 664/524/436
f 920/157/437 1472/157/437 1471/508/437 919/508/437
f 1053/348/438 1605/348/438 1604/113/438 1052/113/438
f 796/364/439 1348/364/439 1347/426/439 795/426/439
f 865/243/440 1417/243/440 1416/241/440 864/241/440
f 853/163/441 1405/163/441 1404/322/441 852/322/441
f 887/30/442 1439/30/442 1438/251/442 886/251/442
f 904/17/443 1456/17/443 1455/18/443 903/18/443
f 608/549/444 1160/549/444 1159/551/444 607/551/444
f 596/345/445 1148/345/445 1147/384/445 595/384/445
f 750/465/446 1302/465/446 1301/467/446 749/467/446
f 633/538/447 1185/538/447 1184/46/447 632/46/447
f 849/242/448 1401/242/448 1400/312/448 848/312/448
f 556/472/41 1108/472/41 1107/471/41 555/471/41
f 888/24/449 1440/24/449 1439/30/449 887/30/449
f 837/54/450 1389/54/450 1388/55/450 836/55/450
f 993/88/451 1545/88/451 1544/105/451 992/105/451
f 1037/437/452 1589/437/452 1588/317/452 1036/317/452
f 1102/460/41 1654/460/41 1653/208/41 1101/208/41
f 617/542/453 1169/542/453 1168/543/453 616/543/453
f 780/430/454 1332/430/454 1331/435/454 779/435/454
f 1090/411/41 1642/411/41 1641/409/41 1089/409/41
f 872/302/455 1424/302/455 1423/2/455 871/2/455
f 833/352/170 1385/352/170 1384/355/170 832/355/170
f 576/87/456 1128/87/456 1127/33/456 575/33/456
f 821/276/457 1373/276/457 1372/385/457 820/385/457
f 1021/95/458 1573/95/458 1572/214/458 1020/214/458
f 564/346/41 1116/346/41 1115/235/41 563/235/41
f 764/448/35 1316/448/35 1315/406/35 763/406/35
f 1086/422/41 1638/422/41 1637/423/41 1085/423/41
f 1074/326/459 1626/326/459 1625/379/459 1073/379/459
f 601/217/460 1153/217/460 1152/407/460 600/407/460
f 817/393/461 1369/393/461 1368/397/461 816/397/461
f 856/292/462 1408/292/462 1407/161/462 855/161/462
f 560/398/41 1112/398/41 1111/373/41 559/373/41
f 803/412/463 1355/412/463 1354/414/463 802/414/463
f 1070/72/464 1622/72/464 1621/120/464 1069/120/464
f 1058/158/465 1610/158/465 1609/354/465 1057/354/465
f 1005/204/466 1557/204/466 1556/263/466 1004/263/466
f 871/2/467 1423/2/467 1422/3/467 870/3/467
f 799/419/468 1351/419/468 1350/421/468 798/421/468
f 1067/321/469 1619/321/469 1618/338/469 1066/338/469
f 1054/56/470 1606/56/470 1605/348/470 1053/348/470
f 787/248/471 1339/248/471 1338/274/471 786/274/471
f 989/546/472 1541/546/472 1540/275/472 988/275/472
f 1042/225/473 1594/225/473 1593/226/473 1041/226/473
f 732/486/474 1284/486/474 1283/487/474 731/487/474
f 783/433/475 1335/433/475 1334/431/475 782/431/475
f 840/20/476 1392/20/476 1391/112/476 839/112/476
f 855/161/477 1407/161/477 1406/162/477 854/162/477
f 1095/366/41 1647/366/41 1646/420/41 1094/420/41
f 598/515/478 1150/515/478 1149/344/478 597/344/478
f 614/545/479 1166/545/479 1165/441/479 613/441/479
f 973/36/234 1525/36/234 1524/133/234 972/133/234
f 569/119/480 1121/119/480 1120/102/480 568/102/480
f 716/145/481 1268/145/481 1267/146/481 715/146/481
f 771/357/482 1323/357/482 1322/358/482 770/358/482
f 824/281/483 1376/281/483 1375/308/483 823/308/483
f 957/269/484 1509/269/484 1508/43/484 956/43/484
f 767/457/35 1319/457/35 1318/450/35 766/450/35
f 1026/49/485 1578/49/485 1577/50/485 1025/50/485
f 1096/365/41 1648/365/41 1647/366/41 1095/366/41
f 1079/15/486 1631/15/486 1630/76/486 1078/76/486
f 700/198/487 1252/198/487 1251/199/487 699/199/487
f 1022/94/488 1574/94/488 1573/95/488 1021/95/488
f 839/112/489 1391/112/489 1390/363/489 838/363/489
f 941/181/490 1493/181/490 1492/123/490 940/123/490
f 582/369/491 1134/369/491 1133/255/491 581/255/491
f 684/156/492 1236/156/492 1235/144/492 683/144/492
f 1010/169/493 1562/169/493 1561/212/493 1009/212/493
f 1080/14/494 1632/14/494 1631/15/494 1079/15/494
f 808/371/495 1360/371/495 1359/372/495 807/372/495
f 925/165/496 1477/165/496 1476/166/496 924/166/496
f 751/464/497 1303/464/497 1302/465/497 750/465/497
f 823/308/498 1375/308/498 1374/78/498 822/78/498
f 1049/342/499 1601/342/499 1600/341/499 1048/341/499
f 668/294/500 1220/294/500 1219/9/500 667/9/500
f 1006/221/501 1558/221/501 1557/204/501 1005/204/501
f 784/434/502 1336/434/502 1335/433/502 783/433/502
f 566/324/41 1118/324/41 1117/288/41 565/288/41
f 792/438/503 1344/438/503 1343/12/503 791/12/503
f 909/115/504 1461/115/504 1460/116/504 908/116/504
f 739/375/398 1291/375/398 1290/482/398 738/482/398
f 652/59/505 1204/59/505 1203/60/505 651/60/505
f 994/90/506 1546/90/506 1545/88/506 993/88/506
f 893/244/507 1445/244/507 1444/252/507 892/252/507
f 636/222/508 1188/222/508 1187/403/508 635/403/508
f 877/293/509 1429/293/509 1428/347/509 876/347/509
f 805/70/510 1357/70/510 1356/410/510 804/410/510
f 620/177/265 1172/177/265 1171/333/265 619/333/265
f 735/400/511 1287/400/511 1286/484/511 734/484/511
f 1060/110/512 1612/110/512 1611/360/512 1059/360/512
f 1033/305/513 1585/305/513 1584/306/513 1032/306/513
f 990/234/514 1542/234/514 1541/546/514 989/546/514
f 776/246/515 1328/246/515 1327/405/515 775/405/515
f 861/315/516 1413/315/516 1412/29/516 860/29/516
f 604/259/517 1156/259/517 1155/260/517 603/260/517
f 101/529/518 653/529/518 652/59/518 100/59/518
f 259/390/365 811/390/365 810/396/365 258/396/365
f 287/112/489 839/112/489 838/363/489 286/363/489
f 200/462/450 752/462/450 751/464/450 199/464/450
f 372/166/519 924/166/519 923/213/519 371/213/519
f 527/15/486 1079/15/486 1078/76/486 526/76/486
f 516/210/362 1068/210/362 1067/321/362 515/321/362
f 544/365/41 1096/365/41 1095/366/41 543/366/41
f 474/49/485 1026/49/485 1025/50/485 473/50/485
f 457/212/520 1009/212/520 1008/129/520 456/129/520
f 117/523/521 669/523/521 668/294/521 116/294/521
f 272/281/291 824/281/291 823/308/291 271/308/291
f 495/339/522 1047/339/522 1046/174/522 494/174/522
f 219/357/482 771/357/482 770/358/482 218/358/482
f 17/119/523 569/119/523 568/102/523 16/102/523
f 18/232/524 570/232/524 569/119/524 17/119/524
f 388/123/525 940/123/525 939/126/525 387/126/525
f 62/545/479 614/545/479 613/441/479 61/441/479
f 275/285/355 827/285/355 826/111/355 274/111/355
f 450/16/526 1002/16/526 1001/141/526 449/141/526
f 133/509/527 685/509/527 684/156/527 132/156/527
f 532/550/41 1084/550/41 1083/516/41 531/516/41
f 46/515/478 598/515/478 597/344/478 45/344/478
f 404/43/350 956/43/350 955/41/350 403/41/350
f 543/366/41 1095/366/41 1094/420/41 542/420/41
f 303/161/528 855/161/528 854/162/528 302/162/528
f 216/359/202 768/359/202 767/457/202 215/457/202
f 149/197/529 701/197/529 700/198/529 148/198/529
f 288/20/530 840/20/530 839/112/530 287/112/530
f 473/50/531 1025/50/531 1024/200/531 472/200/531
f 420/133/345 972/133/345 971/233/345 419/233/345
f 490/225/473 1042/225/473 1041/226/473 489/226/473
f 165/137/532 717/137/532 716/145/532 164/145/532
f 235/248/471 787/248/471 786/274/471 234/274/471
f 515/321/469 1067/321/469 1066/338/469 514/338/469
f 34/53/341 586/53/341 585/253/341 33/253/341
f 291/48/533 843/48/533 842/178/533 290/178/533
f 319/2/534 871/2/534 870/3/534 318/3/534
f 548/209/41 1100/209/41 1099/445/41 547/445/41
f 196/470/292 748/470/292 747/473/292 195/473/292
f 506/158/535 1058/158/535 1057/354/535 505/354/535
f 489/226/536 1041/226/536 1040/332/536 488/332/536
f 436/275/537 988/275/537 987/291/537 435/291/537
f 251/412/538 803/412/538 802/414/538 250/414/538
f 248/418/539 800/418/539 799/419/539 247/419/539
f 181/485/540 733/485/540 732/486/540 180/486/540
f 304/292/541 856/292/541 855/161/541 303/161/541
f 505/354/542 1057/354/542 1056/353/542 504/353/542
f 49/217/460 601/217/460 600/407/460 48/407/460
f 522/326/459 1074/326/459 1073/379/459 521/379/459
f 50/216/328 602/216/328 601/217/328 49/217/328
f 12/346/41 564/346/41 563/235/41 11/235/41
f 519/71/326 1071/71/326 1070/72/326 518/72/326
f 307/318/496 859/318/496 858/319/496 306/319/496
f 269/276/457 821/276/457 820/385/457 268/385/457
f 264/397/323 816/397/323 815/394/323 263/394/323
f 9/270/41 561/270/41 560/398/41 8/398/41
f 452/263/321 1004/263/321 1003/186/321 451/186/321
f 66/541/320 618/541/320 617/542/320 65/542/320
f 197/467/292 749/467/292 748/470/292 196/470/292
f 320/302/543 872/302/543 871/2/543 319/2/543
f 323/296/544 875/296/544 874/297/544 322/297/544
f 538/411/41 1090/411/41 1089/409/41 537/409/41
f 65/542/320 617/542/320 616/543/320 64/543/320
f 535/86/41 1087/86/41 1086/422/41 534/422/41
f 441/88/545 993/88/545 992/105/545 440/105/545
f 285/54/364 837/54/364 836/55/364 284/55/364
f 280/355/546 832/355/546 831/356/546 279/356/546
f 336/24/547 888/24/547 887/30/547 335/30/547
f 82/45/548 634/45/548 633/538/548 81/538/548
f 4/472/41 556/472/41 555/471/41 3/471/41
f 25/506/549 577/506/549 576/87/549 24/87/549
f 81/538/550 633/538/550 632/46/550 80/46/550
f 339/31/551 891/31/551 890/22/551 338/22/551
f 468/214/552 1020/214/552 1019/215/552 467/215/552
f 98/535/553 650/535/553 649/61/553 97/61/553
f 44/345/554 596/345/554 595/384/554 43/384/554
f 551/463/41 1103/463/41 1102/460/41 550/460/41
f 213/451/202 765/451/202 764/448/202 212/448/202
f 352/17/555 904/17/555 903/18/555 351/18/555
f 355/196/556 907/196/556 906/191/556 354/191/556
f 335/30/442 887/30/442 886/251/442 334/251/442
f 301/163/557 853/163/557 852/322/557 300/322/557
f 296/312/558 848/312/558 847/106/558 295/106/558
f 114/522/559 666/522/559 665/521/559 113/521/559
f 260/389/301 812/389/301 811/390/301 259/390/301
f 484/317/560 1036/317/560 1035/304/560 483/304/560
f 368/157/561 920/157/561 919/508/561 367/508/561
f 371/213/156 923/213/156 922/148/156 370/148/156
f 312/241/562 864/241/562 863/362/562 311/362/562
f 113/521/563 665/521/563 664/524/563 112/524/563
f 130/135/296 682/135/296 681/249/296 129/249/296
f 459/168/564 1011/168/564 1010/169/564 458/169/564
f 57/408/295 609/408/295 608/549/295 56/549/295
f 384/6/565 936/6/565 935/180/565 383/180/565
f 387/126/566 939/126/566 938/92/566 386/92/566
f 60/442/567 612/442/567 611/547/567 59/547/567
f 129/249/568 681/249/568 680/257/568 128/257/568
f 146/453/569 698/453/569 697/290/569 145/290/569
f 317/307/429 869/307/429 868/108/429 316/108/429
f 203/207/162 755/207/162 754/459/162 202/459/162
f 400/139/570 952/139/570 951/140/570 399/140/570
f 403/41/571 955/41/571 954/42/571 402/42/571
f 76/536/572 628/536/572 627/540/572 75/540/572
f 328/238/573 880/238/573 879/153/573 327/153/573
f 145/290/424 697/290/424 696/228/424 144/228/424
f 333/127/574 885/127/574 884/128/574 332/128/574
f 73/496/285 625/496/285 624/382/285 72/382/285
f 416/91/421 968/91/421 967/124/421 415/124/421
f 162/367/575 714/367/575 713/498/575 161/498/575
f 185/483/420 737/483/420 736/399/420 184/399/420
f 92/531/576 644/531/576 643/533/576 91/533/576
f 184/399/116 736/399/116 735/400/116 183/400/116
f 161/498/417 713/498/417 712/499/417 160/499/417
f 419/233/282 971/233/282 970/104/282 418/104/282
f 94/98/577 646/98/577 645/383/577 93/383/577
f 349/264/578 901/264/578 900/202/578 348/202/578
f 344/131/579 896/131/579 895/494/579 343/494/579
f 351/18/580 903/18/580 902/187/580 350/187/580
f 89/534/581 641/534/581 640/378/581 88/378/581
f 110/520/582 662/520/582 661/266/582 109/266/582
f 108/267/583 660/267/583 659/175/583 107/175/583
f 360/193/584 912/193/584 911/194/584 359/194/584
f 500/113/276 1052/113/276 1051/21/276 499/21/276
f 367/508/406 919/508/406 918/142/406 366/142/406
f 365/143/77 917/143/77 916/190/77 364/190/77
f 105/526/585 657/526/585 656/329/585 104/329/585
f 245/424/273 797/424/273 796/364/273 244/364/273
f 432/37/586 984/37/586 983/35/586 431/35/586
f 178/271/587 730/271/587 729/272/587 177/272/587
f 109/266/588 661/266/588 660/267/588 108/267/588
f 376/184/589 928/184/589 927/185/589 375/185/589
f 177/272/401 729/272/401 728/488/401 176/488/401
f 435/291/590 987/291/590 986/134/590 434/134/590
f 126/517/591 678/517/591 677/518/591 125/518/591
f 121/26/268 673/26/268 672/7/268 120/7/268
f 192/478/398 744/478/398 743/479/398 191/479/398
f 383/180/592 935/180/592 934/205/592 382/205/592
f 392/75/593 944/75/593 943/97/593 391/97/593
f 448/147/594 1000/147/594 999/164/594 447/164/594
f 71/99/394 623/99/394 622/328/394 70/328/394
f 137/388/595 689/388/595 688/510/595 136/510/595
f 6/477/41 558/477/41 557/474/41 5/474/41
f 193/476/364 745/476/364 744/478/364 192/478/364
f 194/475/263 746/475/263 745/476/263 193/476/263
f 142/335/596 694/335/596 693/502/596 141/502/596
f 408/66/261 960/66/261 959/313/261 407/313/261
f 263/394/260 815/394/260 814/395/260 262/395/260
f 451/186/597 1003/186/597 1002/16/597 450/16/597
f 399/140/474 951/140/474 950/314/474 398/314/474
f 153/283/598 705/283/598 704/505/598 152/505/598
f 520/380/599 1072/380/599 1071/71/599 519/71/599
f 33/253/600 585/253/600 584/254/600 32/254/600
f 381/206/601 933/206/601 932/539/601 380/539/601
f 464/155/602 1016/155/602 1015/262/602 463/262/602
f 158/503/383 710/503/383 709/336/383 157/336/383
f 209/455/35 761/455/35 760/444/35 208/444/35
f 415/124/380 967/124/380 966/125/380 414/125/380
f 22/34/603 574/34/603 573/530/603 21/530/603
f 210/404/35 762/404/35 761/455/35 209/455/35
f 279/356/247 831/356/247 830/159/247 278/159/247
f 467/215/604 1019/215/604 1018/220/604 466/220/604
f 486/298/379 1038/298/379 1037/437/379 485/437/379
f 536/85/41 1088/85/41 1087/86/41 535/86/41
f 174/490/605 726/490/605 725/491/605 173/491/605
f 431/35/606 983/35/606 982/81/606 430/81/606
f 424/64/607 976/64/607 975/68/607 423/68/607
f 97/61/373 649/61/373 648/370/373 96/370/373
f 169/256/608 721/256/608 720/261/608 168/261/608
f 480/306/609 1032/306/609 1031/299/609 479/299/609
f 483/304/610 1035/304/610 1034/310/610 482/310/610
f 190/480/76 742/480/76 741/481/76 189/481/76
f 440/105/81 992/105/81 991/303/81 439/303/81
f 38/118/238 590/118/238 589/32/238 37/32/238
f 225/273/369 777/273/369 776/246/369 224/246/369
f 447/164/611 999/164/611 998/150/611 446/150/611
f 295/106/612 847/106/612 846/107/612 294/107/612
f 552/466/41 1104/466/41 1103/463/41 551/463/41
f 54/552/233 606/552/233 605/218/233 53/218/233
f 242/427/613 794/427/613 793/428/613 241/428/613
f 311/362/614 863/362/614 862/316/614 310/316/614
f 78/223/615 630/223/615 629/224/615 77/224/615
f 499/21/228 1051/21/228 1050/179/228 498/179/228
f 258/396/616 810/396/616 809/386/616 257/386/616
f 70/328/617 622/328/617 621/182/617 69/182/617
f 3/471/41 555/471/41 554/469/41 2/469/41
f 206/10/202 758/10/202 757/11/202 205/11/202
f 327/153/618 879/153/618 878/1/618 326/1/618
f 517/120/220 1069/120/220 1068/210/220 516/210/220
f 463/262/352 1015/262/352 1014/239/352 462/239/352
f 397/67/351 949/67/351 948/39/351 396/39/351
f 86/537/619 638/537/619 637/401/619 85/401/619
f 496/341/349 1048/341/349 1047/339/349 495/339/349
f 274/111/620 826/111/620 825/280/620 273/280/620
f 456/129/216 1008/129/216 1007/132/216 455/132/216
f 343/494/621 895/494/621 894/245/621 342/245/621
f 241/428/622 793/428/622 792/438/622 240/438/622
f 19/231/623 571/231/623 570/232/623 18/232/623
f 201/461/624 753/461/624 752/462/624 200/462/624
f 40/287/344 592/287/344 591/101/344 39/101/344
f 533/423/41 1085/423/41 1084/550/41 532/550/41
f 102/528/625 654/528/625 653/529/625 101/529/625
f 512/80/626 1064/80/626 1063/343/626 511/343/626
f 359/194/627 911/194/627 910/195/627 358/195/627
f 222/446/628 774/446/628 773/447/628 221/447/628
f 472/200/204 1024/200/204 1023/201/204 471/201/204
f 118/295/629 670/295/629 669/523/629 117/523/629
f 479/299/630 1031/299/630 1030/300/630 478/300/630
f 217/452/35 769/452/35 768/359/35 216/359/35
f 375/185/631 927/185/631 926/402/631 374/402/631
f 290/178/632 842/178/632 841/19/632 289/19/632
f 134/512/633 686/512/633 685/509/633 133/509/633
f 35/52/634 587/52/634 586/53/634 34/53/634
f 229/432/336 781/432/336 780/430/336 228/430/336
f 391/97/635 943/97/635 942/117/635 390/117/635
f 549/208/41 1101/208/41 1100/209/41 548/209/41
f 150/507/636 702/507/636 701/197/636 149/197/636
f 156/230/331 708/230/331 707/289/331 155/289/331
f 407/313/191 959/313/191 958/138/191 406/138/191
f 413/96/329 965/96/329 964/73/329 412/73/329
f 488/332/637 1040/332/637 1039/323/637 487/323/637
f 166/136/189 718/136/189 717/137/189 165/137/189
f 306/319/638 858/319/638 857/320/638 305/320/638
f 172/237/639 724/237/639 723/492/639 171/492/639
f 423/68/186 975/68/186 974/82/186 422/82/186
f 51/260/185 603/260/185 602/216/185 50/216/185
f 429/69/640 981/69/640 980/65/640 428/65/640
f 504/353/641 1056/353/641 1055/350/641 503/350/641
f 254/337/642 806/337/642 805/70/642 253/70/642
f 249/416/643 801/416/643 800/418/643 248/418/643
f 182/484/181 734/484/181 733/485/181 181/485/181
f 322/297/644 874/297/644 873/301/644 321/301/644
f 511/343/645 1063/343/645 1062/279/645 510/279/645
f 439/303/646 991/303/646 990/234/646 438/234/646
f 67/333/647 619/333/647 618/541/647 66/541/647
f 513/79/317 1065/79/317 1064/80/317 512/80/317
f 338/22/648 890/22/648 889/23/648 337/23/648
f 83/403/649 635/403/649 634/45/649 82/45/649
f 188/374/210 740/374/210 739/375/210 187/375/210
f 238/330/171 790/330/171 789/443/171 237/443/171
f 205/11/170 757/11/170 756/456/170 204/456/170
f 445/4/650 997/4/650 996/5/650 444/5/650
f 267/391/651 819/391/651 818/392/651 266/392/651
f 354/191/652 906/191/652 905/188/652 353/188/652
f 270/78/311 822/78/311 821/276/311 269/276/311
f 524/277/167 1076/277/167 1075/325/167 523/325/167
f 99/60/653 651/60/653 650/535/653 98/535/653
f 15/103/654 567/103/654 566/324/654 14/324/654
f 370/148/77 922/148/77 921/149/77 369/149/77
f 529/13/306 1081/13/306 1080/14/306 528/14/306
f 115/9/655 667/9/655 666/522/655 114/522/655
f 239/12/303 791/12/303 790/330/303 238/330/303
f 204/456/302 756/456/302 755/207/302 203/207/302
f 283/351/222 835/351/222 834/349/222 282/349/222
f 386/92/656 938/92/656 937/57/656 385/57/656
f 461/240/657 1013/240/657 1012/425/657 460/425/657
f 540/415/41 1092/415/41 1091/413/41 539/413/41
f 131/144/658 683/144/658 682/135/658 130/135/658
f 455/132/155 1007/132/155 1006/221/155 454/221/155
f 402/42/659 954/42/659 953/44/659 401/44/659
f 147/199/660 699/199/660 698/453/660 146/453/660
f 286/363/337 838/363/337 837/54/337 285/54/337
f 220/449/291 772/449/291 771/357/291 219/357/291
f 42/504/151 594/504/151 593/286/151 41/286/151
f 418/104/60 970/104/60 969/89/60 417/89/60
f 31/368/661 583/368/661 582/369/661 30/369/661
f 477/172/662 1029/172/662 1028/173/662 476/173/662
f 299/27/663 851/27/663 850/28/663 298/28/663
f 155/289/664 707/289/664 706/282/664 154/282/664
f 163/146/665 715/146/665 714/367/665 162/367/665
f 545/429/41 1097/429/41 1096/365/41 544/365/41
f 58/548/666 610/548/666 609/408/666 57/408/666
f 214/450/145 766/450/145 765/451/145 213/451/145
f 315/309/667 867/309/667 866/311/667 314/311/667
f 471/201/668 1023/201/668 1022/94/668 470/94/668
f 302/162/669 854/162/669 853/163/669 301/163/669
f 124/268/670 676/268/670 675/519/670 123/519/670
f 47/514/279 599/514/279 598/515/279 46/515/279
f 74/377/671 626/377/671 625/496/671 73/496/671
f 16/102/137 568/102/137 567/103/137 15/103/137
f 39/101/277 591/101/277 590/118/277 38/118/277
f 331/211/672 883/211/672 882/183/672 330/183/672
f 434/134/673 986/134/673 985/77/673 433/77/673
f 236/247/674 788/247/674 787/248/674 235/248/674
f 90/532/131 642/532/131 641/534/131 89/534/131
f 179/487/130 731/487/130 730/271/130 178/271/130
f 493/227/271 1045/227/271 1044/513/271 492/513/271
f 347/203/675 899/203/675 898/327/675 346/327/675
f 230/431/126 782/431/126 781/432/126 229/432/126
f 106/176/676 658/176/676 657/526/676 105/526/676
f 487/323/123 1039/323/123 1038/298/123 486/298/123
f 318/3/267 870/3/267 869/307/267 317/307/267
f 363/189/677 915/189/677 914/114/677 362/114/677
f 63/544/678 615/544/678 614/545/678 62/545/678
f 10/236/41 562/236/41 561/270/41 9/270/41
f 246/421/116 798/421/116 797/424/116 245/424/116
f 334/251/262 886/251/262 885/127/262 333/127/262
f 503/350/679 1055/350/679 1054/56/679 502/56/679
f 79/47/680 631/47/680 630/223/680 78/223/680
f 252/410/257 804/410/257 803/412/257 251/412/257
f 122/25/681 674/25/681 673/26/681 121/26/681
f 195/473/109 747/473/109 746/475/109 194/475/109
f 350/187/682 902/187/682 901/264/682 349/264/682
f 509/109/253 1061/109/253 1060/110/253 508/110/253
f 379/151/683 931/151/683 930/152/683 378/152/683
f 95/100/684 647/100/684 646/98/684 94/98/684
f 138/387/685 690/387/685 689/388/685 137/388/685
f 41/286/103 593/286/103 592/287/103 40/287/103
f 140/500/251 692/500/251 691/497/251 139/497/251
f 523/325/250 1075/325/250 1074/326/250 522/326/250
f 395/40/686 947/40/686 946/83/686 394/83/686
f 262/395/687 814/395/687 813/458/687 261/458/687
f 366/142/437 918/142/437 917/143/437 365/143/437
f 268/385/248 820/385/248 819/391/248 267/391/248
f 154/282/688 706/282/688 705/283/688 153/283/688
f 7/373/41 559/373/41 558/477/41 6/477/41
f 466/220/689 1018/220/689 1017/154/689 465/154/689
f 111/525/690 663/525/690 662/520/690 110/520/690
f 13/288/41 565/288/41 564/346/41 12/346/41
f 411/74/91 963/74/91 962/38/91 410/38/91
f 521/379/691 1073/379/691 1072/380/691 520/380/691
f 211/406/35 763/406/35 762/404/35 210/404/35
f 11/235/41 563/235/41 562/236/41 10/236/41
f 170/493/87 722/493/87 721/256/87 169/256/87
f 382/205/692 934/205/692 933/206/692 381/206/692
f 427/63/693 979/63/693 978/170/693 426/170/693
f 127/258/694 679/258/694 678/517/694 126/517/694
f 539/413/41 1091/413/41 1090/411/41 538/411/41
f 278/159/695 830/159/695 829/160/695 277/160/695
f 398/314/696 950/314/696 949/67/696 397/67/696
f 284/55/697 836/55/697 835/351/697 283/351/697
f 23/33/698 575/33/698 574/34/698 22/34/698
f 143/229/699 695/229/699 694/335/699 142/335/699
f 29/255/700 581/255/700 580/361/700 28/361/700
f 537/409/41 1089/409/41 1088/85/41 536/85/41
f 482/310/78 1034/310/78 1033/305/78 481/305/78
f 227/435/701 779/435/701 778/440/701 226/440/701
f 414/125/234 966/125/234 965/96/234 413/96/234
f 294/107/72 846/107/72 845/122/72 293/122/72
f 159/501/702 711/501/702 710/503/702 158/503/702
f 300/322/703 852/322/703 851/27/703 299/27/703
f 45/344/227 597/344/227 596/345/227 44/345/227
f 310/316/704 862/316/704 861/315/704 309/315/704
f 498/179/705 1050/179/705 1049/342/705 497/342/705
f 430/81/706 982/81/706 981/69/706 429/69/706
f 186/482/364 738/482/364 737/483/364 185/483/364
f 55/551/65 607/551/65 606/552/65 54/552/65
f 243/426/147 795/426/147 794/427/147 242/427/147
f 175/489/223 727/489/223 726/490/223 174/490/223
f 202/459/222 754/459/222 753/461/222 201/461/222
f 443/121/707 995/121/707 994/90/707 442/90/707
f 514/338/61 1066/338/61 1065/79/61 513/79/61
f 316/108/708 868/108/708 867/309/708 315/309/708
f 61/441/709 613/441/709 612/442/709 60/442/709
f 326/1/710 878/1/710 877/293/710 325/293/710
f 446/150/711 998/150/711 997/4/711 445/4/711
f 332/128/212 884/128/212 883/211/212 331/211/212
f 191/479/210 743/479/210 742/480/210 190/480/210
f 77/224/712 629/224/712 628/536/712 76/536/712
f 342/245/713 894/245/713 893/244/713 341/244/713
f 218/358/714 770/358/714 769/452/714 217/452/714
f 87/376/715 639/376/715 638/537/715 86/537/715
f 530/381/41 1082/381/41 1081/13/41 529/13/41
f 475/219/205 1027/219/205 1026/49/205 474/49/205
f 358/195/54 910/195/54 909/115/54 357/115/54
f 20/265/716 572/265/716 571/231/716 19/231/716
f 103/527/717 655/527/717 654/528/717 102/528/717
f 277/160/718 829/160/718 828/284/718 276/284/718
f 462/239/719 1014/239/719 1013/240/719 461/240/719
f 374/402/638 926/402/638 925/165/638 373/165/638
f 207/331/145 759/331/145 758/10/145 206/10/145
f 119/8/720 671/8/720 670/295/720 118/295/720
f 348/202/721 900/202/721 899/203/721 347/203/721
f 234/274/194 786/274/194 785/436/194 233/436/194
f 390/117/44 942/117/44 941/181/44 389/181/44
f 491/340/722 1043/340/722 1042/225/722 490/225/722
f 135/511/723 687/511/723 686/512/723 134/512/723
f 546/439/41 1098/439/41 1097/429/41 545/429/41
f 406/138/724 958/138/724 957/269/724 405/269/724
f 36/334/39 588/334/39 587/52/39 35/52/39
f 478/300/187 1030/300/187 1029/172/187 477/172/187
f 151/454/725 703/454/725 702/507/725 150/507/725
f 293/122/726 845/122/726 844/93/726 292/93/726
f 223/405/182 775/405/182 774/446/182 222/446/182
f 171/492/727 723/492/727 722/493/727 170/493/727
f 261/458/33 813/458/33 812/389/33 260/389/33
f 250/414/183 802/414/183 801/416/183 249/416/183
f 422/82/30 974/82/30 973/36/30 421/36/30
f 507/360/179 1059/360/179 1058/158/179 506/158/179
f 167/250/728 719/250/728 718/136/728 166/136/728
f 1/468/41 553/468/41 1104/466/41 552/466/41
f 266/392/176 818/392/176 817/393/176 265/393/176
f 52/259/517 604/259/517 603/260/517 51/260/517
f 309/315/729 861/315/729 860/29/729 308/29/729
f 494/174/173 1046/174/173 1045/227/173 493/227/173
f 525/278/730 1077/278/730 1076/277/730 524/277/730
f 438/234/731 990/234/731 989/546/731 437/546/731
f 183/400/511 735/400/511 734/484/511 182/484/511
f 68/177/265 620/177/265 619/333/265 67/333/265
f 325/293/732 877/293/732 876/347/732 324/347/732
f 84/222/733 636/222/733 635/403/733 83/403/733
f 510/279/734 1062/279/734 1061/109/734 509/109/734
f 341/244/140 893/244/140 892/252/140 340/252/140
f 255/372/163 807/372/163 806/337/163 254/337/163
f 282/349/83 834/349/83 833/352/83 281/352/83
f 100/59/735 652/59/735 651/60/735 99/60/735
f 257/386/159 809/386/159 808/371/159 256/371/159
f 27/51/736 579/51/736 578/62/736 26/62/736
f 357/115/737 909/115/737 908/116/737 356/116/737
f 364/190/156 916/190/156 915/189/156 363/189/156
f 541/417/41 1093/417/41 1092/415/41 540/415/41
f 454/221/738 1006/221/738 1005/204/738 453/204/738
f 116/294/739 668/294/739 667/9/739 115/9/739
f 199/464/109 751/464/109 750/465/109 198/465/109
f 373/165/740 925/165/740 924/166/740 372/166/740
f 226/440/152 778/440/152 777/273/152 225/273/152
f 132/156/741 684/156/741 683/144/741 131/144/741
f 273/280/147 825/280/147 824/281/147 272/281/147
f 298/28/742 850/28/742 849/242/742 297/242/742
f 389/181/743 941/181/743 940/123/743 388/123/743
f 43/384/144 595/384/144 594/504/144 42/504/144
f 470/94/488 1022/94/488 1021/95/488 469/95/488
f 148/198/744 700/198/744 699/199/744 147/199/744
f 314/311/745 866/311/745 865/243/745 313/243/745
f 215/457/35 767/457/35 766/450/35 214/450/35
f 405/269/746 957/269/746 956/43/746 404/43/746
f 59/547/139 611/547/139 610/548/139 58/548/139
f 164/145/481 716/145/481 715/146/481 163/146/481
f 542/420/41 1094/420/41 1093/417/41 541/417/41
f 26/62/747 578/62/747 577/506/747 25/506/747
f 421/36/234 973/36/234 972/133/234 420/133/234
f 32/254/133 584/254/133 583/368/133 31/368/133
f 330/183/748 882/183/748 881/167/748 329/167/748
f 289/19/739 841/19/739 840/20/739 288/20/739
f 75/540/749 627/540/749 626/377/749 74/377/749
f 346/327/750 898/327/750 897/130/750 345/130/750
f 380/539/751 932/539/751 931/151/751 379/151/751
f 91/533/752 643/533/752 642/532/752 90/532/752
f 231/433/475 783/433/475 782/431/475 230/431/475
f 180/486/753 732/486/753 731/487/753 179/487/753
f 48/407/119 600/407/119 599/514/119 47/514/119
f 125/518/118 677/518/118 676/268/118 124/268/118
f 362/114/496 914/114/496 913/192/496 361/192/496
f 437/546/754 989/546/754 988/275/754 436/275/754
f 305/320/755 857/320/755 856/292/755 304/292/755
f 396/39/756 948/39/756 947/40/756 395/40/756
f 107/175/757 659/175/757 658/176/757 106/176/757
f 502/56/758 1054/56/758 1053/348/758 501/348/758
f 141/502/759 693/502/759 692/500/759 140/500/759
f 247/419/760 799/419/760 798/421/760 246/421/760
f 378/152/761 930/152/761 929/495/761 377/495/761
f 412/73/106 964/73/106 963/74/106 411/74/106
f 123/519/762 675/519/762 674/25/762 122/25/762
f 453/204/763 1005/204/763 1004/263/763 452/263/763
f 157/336/102 709/336/102 708/230/102 156/230/102
f 518/72/464 1070/72/464 1069/120/464 517/120/464
f 64/543/99 616/543/99 615/544/99 63/544/99
f 93/383/98 645/383/98 644/531/98 92/531/98
f 394/83/764 946/83/764 945/84/764 393/84/764
f 8/398/41 560/398/41 559/373/41 7/373/41
f 321/301/765 873/301/765 872/302/765 320/302/765
f 428/65/93 980/65/93 979/63/93 427/63/93
f 139/497/92 691/497/92 690/387/92 138/387/92
f 265/393/461 817/393/461 816/397/461 264/397/461
f 80/46/766 632/46/766 631/47/766 79/47/766
f 173/491/88 725/491/88 724/237/88 172/237/88
f 534/422/41 1086/422/41 1085/423/41 533/423/41
f 212/448/35 764/448/35 763/406/35 211/406/35
f 337/23/767 889/23/767 888/24/767 336/24/767
f 469/95/458 1021/95/458 1020/214/458 468/214/458
f 96/370/768 648/370/768 647/100/768 95/100/768
f 24/87/769 576/87/769 575/33/769 23/33/769
f 353/188/770 905/188/770 904/17/770 352/17/770
f 281/352/302 833/352/302 832/355/302 280/355/302
f 112/524/771 664/524/771 663/525/771 111/525/771
f 444/5/772 996/5/772 995/121/772 443/121/772
f 369/149/437 921/149/437 920/157/437 368/157/437
f 189/481/76 741/481/76 740/374/76 188/374/76
f 410/38/75 962/38/75 961/58/75 409/58/75
f 228/430/454 780/430/454 779/435/454 227/435/454
f 128/257/773 680/257/773 679/258/773 127/258/773
f 550/460/41 1102/460/41 1101/208/41 549/208/41
f 485/437/452 1037/437/452 1036/317/452 484/317/452
f 385/57/774 937/57/774 936/6/774 384/6/774
f 144/228/775 696/228/775 695/229/775 143/229/775
f 297/242/776 849/242/776 848/312/776 296/312/776
f 401/44/777 953/44/777 952/139/777 400/139/777
f 198/465/292 750/465/292 749/467/292 197/467/292
f 160/499/778 712/499/778 711/501/778 159/501/778
f 56/549/444 608/549/444 607/551/444 55/551/444
f 417/89/60 969/89/60 968/91/60 416/91/60
f 313/243/779 865/243/779 864/241/779 312/241/779
f 244/364/439 796/364/439 795/426/439 243/426/439
f 501/348/780 1053/348/780 1052/113/780 500/113/780
f 460/425/781 1012/425/781 1011/168/781 459/168/781
f 72/382/782 624/382/782 623/99/782 71/99/782
f 329/167/783 881/167/783 880/238/783 328/238/783
f 176/488/55 728/488/55 727/489/55 175/489/55
f 88/378/784 640/378/784 639/376/784 87/376/784
f 433/77/785 985/77/785 984/37/785 432/37/785
f 345/130/786 897/130/786 896/131/786 344/131/786
f 104/329/787 656/329/787 655/527/787 103/527/787
f 449/141/48 1001/141/48 1000/147/48 448/147/48
f 476/173/47 1028/173/47 1027/219/47 475/219/47
f 361/192/418 913/192/418 912/193/418 360/193/418
f 5/474/41 557/474/41 556/472/41 4/472/41
f 221/447/788 773/447/788 772/449/788 220/449/788
f 120/7/789 672/7/789 671/8/789 119/8/789
f 531/516/41 1083/516/41 1082/381/41 530/381/41
f 426/170/790 978/170/790 977/171/790 425/171/790
f 377/495/791 929/495/791 928/184/791 376/184/791
f 276/284/411 828/284/411 827/285/411 275/285/411
f 136/510/792 688/510/792 687/511/792 135/511/792
f 21/530/793 573/530/793 572/265/793 20/265/793
f 233/436/794 785/436/794 784/434/794 232/434/794
f 393/84/795 945/84/795 944/75/795 392/75/795
f 208/444/35 760/444/35 759/331/35 207/331/35
f 465/154/796 1017/154/796 1016/155/796 464/155/796
f 492/513/797 1044/513/797 1043/340/797 491/340/797
f 152/505/399 704/505/399 703/454/399 151/454/399
f 237/443/29 789/443/29 788/247/29 236/247/29
f 409/58/396 961/58/396 960/66/396 408/66/396
f 547/445/41 1099/445/41 1098/439/41 546/439/41
f 292/93/392 844/93/392 843/48/392 291/48/392
f 224/246/515 776/246/515 775/405/515 223/405/515
f 168/261/798 720/261/798 719/250/798 167/250/798
f 37/32/389 589/32/389 588/334/389 36/334/389
f 481/305/513 1033/305/513 1032/306/513 480/306/513
f 508/110/799 1060/110/799 1059/360/799 507/360/799
f 425/171/386 977/171/386 976/64/386 424/64/386
f 308/29/800 860/29/800 859/318/800 307/318/800
f 253/70/801 805/70/801 804/410/801 252/410/801
f 526/76/382 1078/76/382 1077/278/382 525/278/382
f 53/218/381 605/218/381 604/259/381 52/259/381
f 442/90/802 994/90/802 993/88/802 441/88/802
f 324/347/585 876/347/585 875/296/585 323/296/585
f 187/375/398 739/375/398 738/482/398 186/482/398
f 69/182/479 621/182/479 620/177/479 68/177/479
f 240/438/503 792/438/503 791/12/503 239/12/503
f 14/324/41 566/324/41 565/288/41 13/288/41
f 232/434/502 784/434/502 783/433/502 231/433/502
f 340/252/803 892/252/803 891/31/803 339/31/803
f 497/342/499 1049/342/499 1048/341/499 496/341/499
f 271/308/804 823/308/804 822/78/804 270/78/804
f 85/401/805 637/401/805 636/222/805 84/222/805
f 256/371/495 808/371/495 807/372/495 255/372/495
f 528/14/494 1080/14/494 1079/15/494 527/15/494
f 28/361/806 580/361/806 579/51/806 27/51/806
f 458/169/807 1010/169/807 1009/212/807 457/212/807
f 356/116/808 908/116/808 907/196/808 355/196/808
f 2/469/41 554/469/41 553/468/41 1/468/41
f 30/369/809 582/369/809 581/255/809 29/255/809
f 1184/46/810 1736/46/810 1735/47/810 1183/47/810
f 1480/184/811 2032/184/811 2031/185/811 1479/185/811
f 1243/497/812 1795/497/812 1794/387/812 1242/387/812
f 1282/271/813 1834/271/813 1833/272/813 1281/272/813
f 1532/65/814 2084/65/814 2083/63/814 1531/63/814
f 1349/424/815 1901/424/815 1900/364/815 1348/364/815
f 1425/301/816 1977/301/816 1976/302/816 1424/302/816
f 1209/526/817 1761/526/817 1760/329/817 1208/329/817
f 1498/83/818 2050/83/818 2049/84/818 1497/84/818
f 1197/383/819 1749/383/819 1748/531/819 1196/531/819
f 1604/113/820 2156/113/820 2155/21/820 1603/21/820
f 1168/543/821 1720/543/821 1719/544/821 1167/544/821
f 1464/193/822 2016/193/822 2015/194/822 1463/194/822
f 1261/336/823 1813/336/823 1812/230/823 1260/230/823
f 1193/534/824 1745/534/824 1744/378/824 1192/378/824
f 1227/519/825 1779/519/825 1778/25/825 1226/25/825
f 1516/73/826 2068/73/826 2067/74/826 1515/74/826
f 1448/131/827 2000/131/827 1999/494/827 1447/494/827
f 1482/152/828 2034/152/828 2033/495/828 1481/495/828
f 1523/233/829 2075/233/829 2074/104/829 1522/104/829
f 1288/399/830 1840/399/830 1839/400/830 1287/400/830
f 1266/367/831 1818/367/831 1817/498/831 1265/498/831
f 1245/502/832 1797/502/832 1796/500/832 1244/500/832
f 1177/496/833 1729/496/833 1728/382/833 1176/382/833
f 1211/175/834 1763/175/834 1762/176/834 1210/176/834
f 1500/39/835 2052/39/835 2051/40/835 1499/40/835
f 1409/320/836 1961/320/836 1960/292/836 1408/292/836
f 1432/238/837 1984/238/837 1983/153/837 1431/153/837
f 1466/114/838 2018/114/838 2017/192/838 1465/192/838
f 1507/41/839 2059/41/839 2058/42/839 1506/42/839
f 1229/518/840 1781/518/840 1780/268/840 1228/268/840
f 1152/407/841 1704/407/841 1703/514/841 1151/514/841
f 1307/207/842 1859/207/842 1858/459/842 1306/459/842
f 1195/533/843 1747/533/843 1746/532/843 1194/532/843
f 1250/453/844 1802/453/844 1801/290/844 1249/290/844
f 1484/539/845 2036/539/845 2035/151/845 1483/151/845
f 1450/327/846 2002/327/846 2001/130/846 1449/130/846
f 1491/126/847 2043/126/847 2042/92/847 1490/92/847
f 1161/408/848 1713/408/848 1712/549/848 1160/549/848
f 1179/540/849 1731/540/849 1730/377/849 1178/377/849
f 1234/135/850 1786/135/850 1785/249/850 1233/249/850
f 1393/19/851 1945/19/851 1944/20/851 1392/20/851
f 1416/241/852 1968/241/852 1967/362/852 1415/362/852
f 1434/183/816 1986/183/816 1985/167/816 1433/167/816
f 1475/213/853 2027/213/853 2026/148/853 1474/148/853
f 1588/317/854 2140/317/854 2139/304/854 1587/304/854
f 1136/254/855 1688/254/855 1687/368/855 1135/368/855
f 1364/389/856 1916/389/856 1915/390/856 1363/390/856
f 1130/62/857 1682/62/857 1681/506/857 1129/506/857
f 1218/522/858 1770/522/858 1769/521/858 1217/521/858
f 1646/420/859 2198/420/859 2197/417/859 1645/417/859
f 1400/312/860 1952/312/860 1951/106/860 1399/106/860
f 1163/547/861 1715/547/861 1714/548/861 1162/548/861
f 1459/196/862 2011/196/862 2010/191/862 1458/191/862
f 1317/451/863 1869/451/863 1868/448/863 1316/448/863
f 1655/463/859 2207/463/859 2206/460/859 1654/460/859
f 1418/311/864 1970/311/864 1969/243/864 1417/243/864
f 1202/535/865 1754/535/865 1753/61/865 1201/61/865
f 1572/214/866 2124/214/866 2123/215/866 1571/215/866
f 1147/384/867 1699/384/867 1698/504/867 1146/504/867
f 1443/31/868 1995/31/868 1994/22/868 1442/22/868
f 1129/506/869 1681/506/869 1680/87/869 1128/87/869
f 1402/28/870 1954/28/870 1953/242/870 1401/242/870
f 1186/45/871 1738/45/871 1737/538/871 1185/538/871
f 1377/280/872 1929/280/872 1928/281/872 1376/281/872
f 1384/355/873 1936/355/873 1935/356/873 1383/356/873
f 1639/86/859 2191/86/859 2190/422/859 1638/422/859
f 1330/440/874 1882/440/874 1881/273/874 1329/273/874
f 1427/296/875 1979/296/875 1978/297/875 1426/297/875
f 1301/467/876 1853/467/876 1852/470/876 1300/470/876
f 1645/417/859 2197/417/859 2196/415/859 1644/415/859
f 1170/541/877 1722/541/877 1721/542/877 1169/542/877
f 1468/190/853 2020/190/853 2019/189/853 1467/189/853
f 1556/263/878 2108/263/878 2107/186/878 1555/186/878
f 1113/270/859 1665/270/859 1664/398/859 1112/398/859
f 1131/51/879 1683/51/879 1682/62/879 1130/62/879
f 1361/386/880 1913/386/880 1912/371/880 1360/371/880
f 1368/397/881 1920/397/881 1919/394/881 1367/394/881
f 1386/349/882 1938/349/882 1937/352/882 1385/352/882
f 1411/318/883 1963/318/883 1962/319/883 1410/319/883
f 1359/372/884 1911/372/884 1910/337/884 1358/337/884
f 1623/71/885 2175/71/885 2174/72/885 1622/72/885
f 1154/216/886 1706/216/886 1705/217/886 1153/217/886
f 1614/279/887 2166/279/887 2165/109/887 1613/109/887
f 1609/354/888 2161/354/888 2160/353/888 1608/353/888
f 1285/485/889 1837/485/889 1836/486/889 1284/486/889
f 1352/418/890 1904/418/890 1903/419/890 1351/419/890
f 1540/275/891 2092/275/891 2091/291/891 1539/291/891
f 1593/226/892 2145/226/892 2144/332/892 1592/332/892
f 1629/278/893 2181/278/893 2180/277/893 1628/277/893
f 1300/470/894 1852/470/894 1851/473/894 1299/473/894
f 1598/174/895 2150/174/895 2149/227/895 1597/227/895
f 1652/209/859 2204/209/859 2203/445/859 1651/445/859
f 1370/392/896 1922/392/896 1921/393/896 1369/393/896
f 1395/48/897 1947/48/897 1946/178/897 1394/178/897
f 1611/360/898 2163/360/898 2162/158/898 1610/158/898
f 1138/53/899 1690/53/899 1689/253/899 1137/253/899
f 1354/414/900 1906/414/900 1905/416/900 1353/416/900
f 1269/137/901 1821/137/901 1820/145/901 1268/145/901
f 1524/133/902 2076/133/902 2075/233/902 1523/233/902
f 1327/405/903 1879/405/903 1878/446/903 1326/446/903
f 1577/50/904 2129/50/904 2128/200/904 1576/200/904
f 1253/197/905 1805/197/905 1804/198/905 1252/198/905
f 1582/300/906 2134/300/906 2133/172/906 1581/172/906
f 1320/359/863 1872/359/863 1871/457/863 1319/457/863
f 1508/43/907 2060/43/907 2059/41/907 1507/41/907
f 1595/340/908 2147/340/908 2146/225/908 1594/225/908
f 1636/550/859 2188/550/859 2187/516/859 1635/516/859
f 1237/509/909 1789/509/909 1788/156/909 1236/156/909
f 1554/16/910 2106/16/910 2105/141/910 1553/141/910
f 1338/274/911 1890/274/911 1889/436/911 1337/436/911
f 1379/285/912 1931/285/912 1930/111/912 1378/111/912
f 1452/202/913 2004/202/913 2003/203/913 1451/203/913
f 1492/123/914 2044/123/914 2043/126/914 1491/126/914
f 1122/232/915 1674/232/915 1673/119/915 1121/119/915
f 1311/331/916 1863/331/916 1862/10/916 1310/10/916
f 1599/339/917 2151/339/917 2150/174/917 1598/174/917
f 1221/523/918 1773/523/918 1772/294/918 1220/294/918
f 1566/239/919 2118/239/919 2117/240/919 1565/240/919
f 1561/212/920 2113/212/920 2112/129/920 1560/129/920
f 1620/210/921 2172/210/921 2171/321/921 1619/321/921
f 1476/166/922 2028/166/922 2027/213/922 1475/213/922
f 1304/462/923 1856/462/923 1855/464/923 1303/464/923
f 1579/219/924 2131/219/924 2130/49/924 1578/49/924
f 1363/390/925 1915/390/925 1914/396/925 1362/396/925
f 1205/529/926 1757/529/926 1756/59/926 1204/59/926
f 1322/358/927 1874/358/927 1873/452/927 1321/452/927
f 1106/469/859 1658/469/859 1657/468/859 1105/468/859
f 1460/116/928 2012/116/928 2011/196/928 1459/196/928
f 1181/224/929 1733/224/929 1732/536/929 1180/536/929
f 1132/361/930 1684/361/930 1683/51/930 1131/51/930
f 1295/479/931 1847/479/931 1846/480/931 1294/480/931
f 1436/128/932 1988/128/932 1987/211/932 1435/211/932
f 1189/401/933 1741/401/933 1740/222/933 1188/222/933
f 1550/150/934 2102/150/934 2101/4/934 1549/4/934
f 1165/441/935 1717/441/935 1716/442/935 1164/442/935
f 1444/252/936 1996/252/936 1995/31/936 1443/31/936
f 1420/108/937 1972/108/937 1971/309/937 1419/309/937
f 1173/182/938 1725/182/938 1724/177/938 1172/177/938
f 1547/121/939 2099/121/939 2098/90/939 1546/90/939
f 1306/459/940 1858/459/940 1857/461/940 1305/461/940
f 1428/347/941 1980/347/941 1979/296/941 1427/296/941
f 1279/489/942 1831/489/942 1830/490/942 1278/490/942
f 1290/482/923 1842/482/923 1841/483/923 1289/483/923
f 1534/81/943 2086/81/943 2085/69/943 1533/69/943
f 1149/344/944 1701/344/944 1700/345/944 1148/345/944
f 1404/322/945 1956/322/945 1955/27/945 1403/27/945
f 1157/218/946 1709/218/946 1708/259/946 1156/259/946
f 1263/501/947 1815/501/947 1814/503/947 1262/503/947
f 1630/76/948 2182/76/948 2181/278/948 1629/278/948
f 1412/29/949 1964/29/949 1963/318/949 1411/318/949
f 1518/125/950 2070/125/950 2069/96/950 1517/96/950
f 1529/171/951 2081/171/951 2080/64/951 1528/64/951
f 1141/32/952 1693/32/952 1692/334/952 1140/334/952
f 1272/261/953 1824/261/953 1823/250/953 1271/250/953
f 1133/255/954 1685/255/954 1684/361/954 1132/361/954
f 1396/93/955 1948/93/955 1947/48/955 1395/48/955
f 1247/229/956 1799/229/956 1798/335/956 1246/335/956
f 1388/55/931 1940/55/931 1939/351/931 1387/351/931
f 1651/445/859 2203/445/859 2202/439/859 1650/439/859
f 1502/314/957 2054/314/957 2053/67/957 1501/67/957
f 1643/413/859 2195/413/859 2194/411/859 1642/411/859
f 1231/258/958 1783/258/958 1782/517/958 1230/517/958
f 1513/58/959 2065/58/959 2064/66/959 1512/66/959
f 1531/63/960 2083/63/960 2082/170/960 1530/170/960
f 1486/205/2 2038/205/2 2037/206/2 1485/206/2
f 1256/505/961 1808/505/961 1807/454/961 1255/454/961
f 1274/493/962 1826/493/962 1825/256/962 1273/256/962
f 1115/235/859 1667/235/859 1666/236/859 1114/236/859
f 1515/74/963 2067/74/963 2066/38/963 1514/38/963
f 1117/288/859 1669/288/859 1668/346/859 1116/346/859
f 1215/525/964 1767/525/964 1766/520/964 1214/520/964
f 1497/84/965 2049/84/965 2048/75/965 1496/75/965
f 1372/385/966 1924/385/966 1923/391/966 1371/391/966
f 1125/530/967 1677/530/967 1676/265/967 1124/265/967
f 1470/142/968 2022/142/968 2021/143/968 1469/143/968
f 1240/510/969 1792/510/969 1791/511/969 1239/511/969
f 1627/325/970 2179/325/970 2178/326/970 1626/326/970
f 1380/284/971 1932/284/971 1931/285/971 1379/285/971
f 1244/500/972 1796/500/972 1795/497/972 1243/497/972
f 1481/495/973 2033/495/973 2032/184/973 1480/184/973
f 1635/516/859 2187/516/859 2186/381/859 1634/381/859
f 1199/100/974 1751/100/974 1750/98/974 1198/98/974
f 1224/7/975 1776/7/975 1775/8/975 1223/8/975
f 1613/109/976 2165/109/976 2164/110/976 1612/110/976
f 1109/474/859 1661/474/859 1660/472/859 1108/472/859
f 1454/187/977 2006/187/977 2005/264/977 1453/264/977
f 1465/192/978 2017/192/978 2016/193/978 1464/193/978
f 1356/410/979 1908/410/979 1907/412/979 1355/412/979
f 1183/47/980 1735/47/980 1734/223/980 1182/223/980
f 1208/329/981 1760/329/981 1759/527/981 1207/527/981
f 1438/251/982 1990/251/982 1989/127/982 1437/127/982
f 1449/130/983 2001/130/983 2000/131/983 1448/131/983
f 1167/544/984 1719/544/984 1718/545/984 1166/545/984
f 1192/378/985 1744/378/985 1743/376/985 1191/376/985
f 1422/3/986 1974/3/986 1973/307/986 1421/307/986
f 1433/167/987 1985/167/987 1984/238/987 1432/238/987
f 1176/382/988 1728/382/988 1727/99/988 1175/99/988
f 1597/227/989 2149/227/989 2148/513/989 1596/513/989
f 1340/247/990 1892/247/990 1891/248/990 1339/248/990
f 1605/348/991 2157/348/991 2156/113/991 1604/113/991
f 1143/101/992 1695/101/992 1694/118/992 1142/118/992
f 1348/364/993 1900/364/993 1899/426/993 1347/426/993
f 1417/243/994 1969/243/994 1968/241/994 1416/241/994
f 1151/514/995 1703/514/995 1702/515/995 1150/515/995
f 1160/549/996 1712/549/996 1711/551/996 1159/551/996
f 1406/162/997 1958/162/997 1957/163/997 1405/163/997
f 1302/465/876 1854/465/876 1853/467/876 1301/467/876
f 1401/242/998 1953/242/998 1952/312/998 1400/312/998
f 1162/548/999 1714/548/999 1713/408/999 1161/408/999
f 1649/429/859 2201/429/859 2200/365/859 1648/365/859
f 1581/172/1000 2133/172/1000 2132/173/1000 1580/173/1000
f 1589/437/1001 2141/437/1001 2140/317/1001 1588/317/1001
f 1135/368/1002 1687/368/1002 1686/369/1002 1134/369/1002
f 1654/460/859 2206/460/859 2205/208/859 1653/208/859
f 1324/449/1003 1876/449/1003 1875/357/1003 1323/357/1003
f 1332/430/1004 1884/430/1004 1883/435/1004 1331/435/1004
f 1390/363/876 1942/363/876 1941/54/876 1389/54/876
f 1385/352/1005 1937/352/1005 1936/355/1005 1384/355/1005
f 1565/240/1006 2117/240/1006 2116/425/1006 1564/425/1006
f 1128/87/1007 1680/87/1007 1679/33/1007 1127/33/1007
f 1308/456/1008 1860/456/1008 1859/207/1008 1307/207/1008
f 1573/95/1009 2125/95/1009 2124/214/1009 1572/214/1009
f 1343/12/1010 1895/12/1010 1894/330/1010 1342/330/1010
f 1316/448/1011 1868/448/1011 1867/406/1011 1315/406/1011
f 1633/13/1012 2185/13/1012 2184/14/1012 1632/14/1012
f 1638/422/859 2190/422/859 2189/423/859 1637/423/859
f 1119/103/1013 1671/103/1013 1670/324/1013 1118/324/1013
f 1369/393/1014 1921/393/1014 1920/397/1014 1368/397/1014
f 1374/78/812 1926/78/812 1925/276/812 1373/276/812
f 1112/398/859 1664/398/859 1663/373/859 1111/373/859
f 1549/4/1015 2101/4/1015 2100/5/1015 1548/5/1015
f 1622/72/1016 2174/72/1016 2173/120/1016 1621/120/1016
f 1292/374/931 1844/374/931 1843/375/931 1291/375/931
f 1557/204/1017 2109/204/1017 2108/263/1017 1556/263/1017
f 1617/79/1018 2169/79/1018 2168/80/1018 1616/80/1018
f 1351/419/1019 1903/419/1019 1902/421/1019 1350/421/1019
f 1615/343/1020 2167/343/1020 2166/279/1020 1614/279/1020
f 1606/56/1021 2158/56/1021 2157/348/1021 1605/348/1021
f 1541/546/1022 2093/546/1022 2092/275/1022 1540/275/1022
f 1358/337/1023 1910/337/1023 1909/70/1023 1357/70/1023
f 1533/69/1024 2085/69/1024 2084/65/1024 1532/65/1024
f 1284/486/1025 1836/486/1025 1835/487/1025 1283/487/1025
f 1335/433/1026 1887/433/1026 1886/431/1026 1334/431/1026
f 1276/237/1027 1828/237/1027 1827/492/1027 1275/492/1027
f 1517/96/1028 2069/96/1028 2068/73/1028 1516/73/1028
f 1260/230/1029 1812/230/1029 1811/289/1029 1259/289/1029
f 1525/36/950 2077/36/950 2076/133/950 1524/133/950
f 1333/432/1030 1885/432/1030 1884/430/1030 1332/430/1030
f 1268/145/1031 1820/145/1031 1819/146/1031 1267/146/1031
f 1509/269/1032 2061/269/1032 2060/43/1032 1508/43/1032
f 1319/457/1011 1871/457/1011 1870/450/1011 1318/450/1011
f 1252/198/1033 1804/198/1033 1803/199/1033 1251/199/1033
f 1583/299/1034 2135/299/1034 2134/300/1034 1582/300/1034
f 1574/94/1035 2126/94/1035 2125/95/1035 1573/95/1035
f 1493/181/1036 2045/181/1036 2044/123/1036 1492/123/1036
f 1326/446/1037 1878/446/1037 1877/447/1037 1325/447/1037
f 1236/156/1038 1788/156/1038 1787/144/1038 1235/144/1038
f 1616/80/1039 2168/80/1039 2167/343/1039 1615/343/1039
f 1144/287/1040 1696/287/1040 1695/101/1040 1143/101/1040
f 1477/165/838 2029/165/838 2028/166/838 1476/166/838
f 1303/464/1041 1855/464/1041 1854/465/1041 1302/465/1041
f 1345/428/1042 1897/428/1042 1896/438/1042 1344/438/1042
f 1220/294/1043 1772/294/1043 1771/9/1043 1219/9/1043
f 1558/221/1044 2110/221/1044 2109/204/1044 1557/204/1044
f 1600/341/1045 2152/341/1045 2151/339/1045 1599/339/1045
f 1501/67/1046 2053/67/1046 2052/39/1046 1500/39/1046
f 1461/115/1047 2013/115/1047 2012/116/1047 1460/116/1047
f 1567/262/1048 2119/262/1048 2118/239/1048 1566/239/1048
f 1204/59/1049 1756/59/1049 1755/60/1049 1203/60/1049
f 1310/10/1011 1862/10/1011 1861/11/1011 1309/11/1011
f 1445/244/1050 1997/244/1050 1996/252/1050 1444/252/1050
f 1188/222/1051 1740/222/1051 1739/403/1051 1187/403/1051
f 1182/223/1052 1734/223/1052 1733/224/1052 1181/224/1052
f 1429/293/1053 1981/293/1053 1980/347/1053 1428/347/1053
f 1172/177/1054 1724/177/1054 1723/333/1054 1171/333/1054
f 1287/400/1055 1839/400/1055 1838/484/1055 1286/484/1055
f 1542/234/1056 2094/234/1056 2093/546/1056 1541/546/1056
f 1413/315/1057 1965/315/1057 1964/29/1057 1412/29/1057
f 1551/164/1058 2103/164/1058 2102/150/1058 1550/150/1058
f 1329/273/1059 1881/273/1059 1880/246/1059 1328/246/1059
f 1156/259/1060 1708/259/1060 1707/260/1060 1155/260/1060
f 1294/480/1061 1846/480/1061 1845/481/1061 1293/481/1061
f 1584/306/1062 2136/306/1062 2135/299/1062 1583/299/1062
f 1105/468/859 1657/468/859 2208/466/859 1656/466/859
f 1271/250/1063 1823/250/1063 1822/136/1063 1270/136/1063
f 1201/61/1064 1753/61/1064 1752/370/1064 1200/370/1064
f 1535/35/1065 2087/35/1065 2086/81/1065 1534/81/1065
f 1526/82/1066 2078/82/1066 2077/36/1066 1525/36/1066
f 1365/458/1067 1917/458/1067 1916/389/1067 1364/389/1067
f 1278/490/1068 1830/490/1068 1829/491/1068 1277/491/1068
f 1275/492/1069 1827/492/1069 1826/493/1069 1274/493/1069
f 1397/122/1070 1949/122/1070 1948/93/1070 1396/93/1070
f 1590/298/1071 2142/298/1071 2141/437/1071 1589/437/1071
f 1255/454/1072 1807/454/1072 1806/507/1072 1254/507/1072
f 1140/334/1073 1692/334/1073 1691/52/1073 1139/52/1073
f 1510/138/1074 2062/138/1074 2061/269/1074 1509/269/1074
f 1650/439/859 2202/439/859 2201/429/859 1649/429/859
f 1519/124/1075 2071/124/1075 2070/125/1075 1518/125/1075
f 1239/511/1076 1791/511/1076 1790/512/1076 1238/512/1076
f 1313/455/1011 1865/455/1011 1864/444/1011 1312/444/1011
f 1262/503/1077 1814/503/1077 1813/336/1077 1261/336/1077
f 1494/117/1078 2046/117/1078 2045/181/1078 1493/181/1078
f 1568/155/1079 2120/155/1079 2119/262/1079 1567/262/1079
f 1485/206/1080 2037/206/1080 2036/539/1080 1484/539/1080
f 1137/253/1081 1689/253/1081 1688/254/1081 1136/254/1081
f 1223/8/1082 1775/8/1082 1774/295/1082 1222/295/1082
f 1503/140/1083 2055/140/1083 2054/314/1083 1502/314/1083
f 1478/402/1084 2030/402/1084 2029/165/1084 1477/165/1084
f 1381/160/1085 1933/160/1085 1932/284/1085 1380/284/1085
f 1246/335/1086 1798/335/1086 1797/502/1086 1245/502/1086
f 1207/527/1087 1759/527/1087 1758/528/1087 1206/528/1087
f 1297/476/923 1849/476/923 1848/478/923 1296/478/923
f 1124/265/1088 1676/265/1088 1675/231/1088 1123/231/1088
f 1175/99/1089 1727/99/1089 1726/328/1089 1174/328/1089
f 1462/195/1090 2014/195/1090 2013/115/1090 1461/115/1090
f 1552/147/1091 2104/147/1091 2103/164/1091 1551/164/1091
f 1634/381/859 2186/381/859 2185/13/859 1633/13/859
f 1487/180/1092 2039/180/1092 2038/205/1092 1486/205/1092
f 1191/376/1093 1743/376/1093 1742/537/1093 1190/537/1093
f 1296/478/1094 1848/478/1094 1847/479/1094 1295/479/1094
f 1230/517/1095 1782/517/1095 1781/518/1095 1229/518/1095
f 1446/245/1096 1998/245/1096 1997/244/1096 1445/244/1096
f 1281/272/1097 1833/272/1097 1832/488/1097 1280/488/1097
f 1213/266/1098 1765/266/1098 1764/267/1098 1212/267/1098
f 1536/37/1099 2088/37/1099 2087/35/1099 1535/35/1099
f 1469/143/1100 2021/143/1100 2020/190/1100 1468/190/1100
f 1471/508/1101 2023/508/1101 2022/142/1101 1470/142/1101
f 1430/1/1102 1982/1/1102 1981/293/1102 1429/293/1102
f 1212/267/1103 1764/267/1103 1763/175/1103 1211/175/1103
f 1214/520/1104 1766/520/1104 1765/266/1104 1213/266/1104
f 1618/338/1105 2170/338/1105 2169/79/1105 1617/79/1105
f 1455/18/1106 2007/18/1106 2006/187/1106 1454/187/1106
f 1453/264/1107 2005/264/1107 2004/202/1107 1452/202/1107
f 1347/426/1059 1899/426/1059 1898/427/1059 1346/427/1059
f 1198/98/1108 1750/98/1108 1749/383/1108 1197/383/1108
f 1159/551/1109 1711/551/1109 1710/552/1109 1158/552/1109
f 1265/498/1110 1817/498/1110 1816/499/1110 1264/499/1110
f 1196/531/811 1748/531/811 1747/533/811 1195/533/811
f 1602/179/1111 2154/179/1111 2153/342/1111 1601/342/1111
f 1289/483/1112 1841/483/1112 1840/399/1112 1288/399/1112
f 1414/316/1113 1966/316/1113 1965/315/1113 1413/315/1113
f 1520/91/1114 2072/91/1114 2071/124/1114 1519/124/1114
f 1437/127/1115 1989/127/1115 1988/128/1115 1436/128/1115
f 1249/290/1116 1801/290/1116 1800/228/1116 1248/228/1116
f 1180/536/1117 1732/536/1117 1731/540/1117 1179/540/1117
f 1398/107/1118 1950/107/1118 1949/122/1118 1397/122/1118
f 1504/139/1119 2056/139/1119 2055/140/1119 1503/140/1119
f 1421/307/1120 1973/307/1120 1972/108/1120 1420/108/1120
f 1331/435/1121 1883/435/1121 1882/440/1121 1330/440/1121
f 1233/249/1122 1785/249/1122 1784/257/1122 1232/257/1122
f 1164/442/1123 1716/442/1123 1715/547/1123 1163/547/1123
f 1586/310/1124 2138/310/1124 2137/305/1124 1585/305/1124
f 1641/409/859 2193/409/859 2192/85/859 1640/85/859
f 1488/6/1125 2040/6/1125 2039/180/1125 1487/180/1125
f 1563/168/1126 2115/168/1126 2114/169/1126 1562/169/1126
f 1127/33/1127 1679/33/1127 1678/34/1127 1126/34/1127
f 1217/521/1128 1769/521/1128 1768/524/1128 1216/524/1128
f 1382/159/1129 1934/159/1129 1933/160/1129 1381/160/1129
f 1472/157/1101 2024/157/1101 2023/508/1101 1471/508/1101
f 1405/163/1130 1957/163/1130 1956/322/1130 1404/322/1130
f 1439/30/1131 1991/30/1131 1990/251/1131 1438/251/1131
f 1456/17/1132 2008/17/1132 2007/18/1132 1455/18/1132
f 1148/345/1133 1700/345/1133 1699/384/1133 1147/384/1133
f 1315/406/1011 1867/406/1011 1866/404/1011 1314/404/1011
f 1625/379/1134 2177/379/1134 2176/380/1134 1624/380/1134
f 1570/220/1135 2122/220/1135 2121/154/1135 1569/154/1135
f 1111/373/859 1663/373/859 1662/477/859 1110/477/859
f 1185/538/1136 1737/538/1136 1736/46/1136 1184/46/1136
f 1258/282/1137 1810/282/1137 1809/283/1137 1257/283/1137
f 1108/472/859 1660/472/859 1659/471/859 1107/471/859
f 1366/395/1138 1918/395/1138 1917/458/1138 1365/458/1138
f 1440/24/1139 1992/24/1139 1991/30/1139 1439/30/1139
f 1499/40/1140 2051/40/1140 2050/83/1140 1498/83/1140
f 1389/54/1141 1941/54/1141 1940/55/1141 1388/55/1141
f 1145/286/1142 1697/286/1142 1696/287/1142 1144/287/1142
f 1545/88/1143 2097/88/1143 2096/105/1143 1544/105/1143
f 1242/387/1144 1794/387/1144 1793/388/1144 1241/388/1144
f 1169/542/1145 1721/542/1145 1720/543/1145 1168/543/1145
f 1483/151/1146 2035/151/1146 2034/152/1146 1482/152/1146
f 1642/411/859 2194/411/859 2193/409/859 1641/409/859
f 1299/473/1041 1851/473/1041 1850/475/1041 1298/475/1041
f 1424/302/1147 1976/302/1147 1975/2/1147 1423/2/1147
f 1226/25/1148 1778/25/1148 1777/26/1148 1225/26/1148
f 1607/350/1149 2159/350/1149 2158/56/1149 1606/56/1149
f 1350/421/1150 1902/421/1150 1901/424/1150 1349/424/1150
f 1114/236/859 1666/236/859 1665/270/859 1113/270/859
f 1373/276/1151 1925/276/1151 1924/385/1151 1372/385/1151
f 1467/189/922 2019/189/922 2018/114/922 1466/114/922
f 1116/346/859 1668/346/859 1667/235/859 1115/235/859
f 1591/323/1152 2143/323/1152 2142/298/1152 1590/298/1152
f 1210/176/958 1762/176/958 1761/526/958 1209/526/958
f 1626/326/1153 2178/326/1153 2177/379/1153 1625/379/1153
f 1334/431/1154 1886/431/1154 1885/432/1154 1333/432/1154
f 1153/217/1155 1705/217/1155 1704/407/1155 1152/407/1155
f 1451/203/1156 2003/203/1156 2002/327/1156 1450/327/1156
f 1283/487/1157 1835/487/1157 1834/271/1157 1282/271/1157
f 1408/292/1158 1960/292/1158 1959/161/1158 1407/161/1158
f 1194/532/1159 1746/532/1159 1745/534/1159 1193/534/1159
f 1355/412/1160 1907/412/1160 1906/414/1160 1354/414/1160
f 1538/134/1161 2090/134/1161 2089/77/1161 1537/77/1161
f 1435/211/1162 1987/211/1162 1986/183/1162 1434/183/1162
f 1610/158/1163 2162/158/1163 2161/354/1163 1609/354/1163
f 1120/102/1164 1672/102/1164 1671/103/1164 1119/103/1164
f 1178/377/1165 1730/377/1165 1729/496/1165 1177/496/1165
f 1228/268/1166 1780/268/1166 1779/519/1166 1227/519/1166
f 1423/2/1167 1975/2/1167 1974/3/1167 1422/3/1167
f 1575/201/1168 2127/201/1168 2126/94/1168 1574/94/1168
f 1419/309/1169 1971/309/1169 1970/311/1169 1418/311/1169
f 1318/450/916 1870/450/916 1869/451/916 1317/451/916
f 1619/321/1170 2171/321/1170 2170/338/1170 1618/338/1170
f 1339/248/1171 1891/248/1171 1890/274/1171 1338/274/1171
f 1267/146/1172 1819/146/1172 1818/367/1172 1266/367/1172
f 1259/289/1110 1811/289/1110 1810/282/1110 1258/282/1110
f 1403/27/1173 1955/27/1173 1954/28/1173 1402/28/1173
f 1594/225/1174 2146/225/1174 2145/226/1174 1593/226/1174
f 1522/104/1175 2074/104/1175 2073/89/1175 1521/89/1175
f 1146/504/1176 1698/504/1176 1697/286/1176 1145/286/1176
f 1251/199/1177 1803/199/1177 1802/453/1177 1250/453/1177
f 1392/20/1178 1944/20/1178 1943/112/1178 1391/112/1178
f 1506/42/1179 2058/42/1179 2057/44/1179 1505/44/1179
f 1407/161/1180 1959/161/1180 1958/162/1180 1406/162/1180
f 1559/132/1181 2111/132/1181 2110/221/1181 1558/221/1181
f 1647/366/859 2199/366/859 2198/420/859 1646/420/859
f 1235/144/1182 1787/144/1182 1786/135/1182 1234/135/1182
f 1150/515/1183 1702/515/1183 1701/344/1183 1149/344/1183
f 1644/415/859 2196/415/859 2195/413/859 1643/413/859
f 1490/92/1184 2042/92/1184 2041/57/1184 1489/57/1184
f 1166/545/938 1718/545/938 1717/441/938 1165/441/938
f 1387/351/1185 1939/351/1185 1938/349/1185 1386/349/1185
f 1219/9/1186 1771/9/1186 1770/522/1186 1218/522/1186
f 1121/119/1187 1673/119/1187 1672/102/1187 1120/102/1187
f 1323/357/1188 1875/357/1188 1874/358/1188 1322/358/1188
f 1474/148/1189 2026/148/1189 2025/149/1189 1473/149/1189
f 1376/281/1190 1928/281/1190 1927/308/1190 1375/308/1190
f 1578/49/1191 2130/49/1191 2129/50/1191 1577/50/1191
f 1203/60/1192 1755/60/1192 1754/535/1192 1202/535/1192
f 1648/365/859 2200/365/859 2199/366/859 1647/366/859
f 1631/15/1193 2183/15/1193 2182/76/1193 1630/76/1193
f 1628/277/1194 2180/277/1194 2179/325/1194 1627/325/1194
f 1458/191/1195 2010/191/1195 2009/188/1195 1457/188/1195
f 1391/112/1196 1943/112/1196 1942/363/1196 1390/363/1196
f 1371/391/1197 1923/391/1197 1922/392/1197 1370/392/1197
f 1309/11/1005 1861/11/1005 1860/456/1005 1308/456/1005
f 1134/369/1198 1686/369/1198 1685/255/1198 1133/255/1198
f 1342/330/1199 1894/330/1199 1893/443/1199 1341/443/1199
f 1562/169/1200 2114/169/1200 2113/212/1200 1561/212/1200
f 1187/403/1201 1739/403/1201 1738/45/1201 1186/45/1201
f 1442/22/1202 1994/22/1202 1993/23/1202 1441/23/1202
f 1632/14/1203 2184/14/1203 2183/15/1203 1631/15/1203
f 1360/371/1204 1912/371/1204 1911/372/1204 1359/372/1204
f 1171/333/821 1723/333/821 1722/541/821 1170/541/821
f 1375/308/1205 1927/308/1205 1926/78/1205 1374/78/1205
f 1543/303/1206 2095/303/1206 2094/234/1206 1542/234/1206
f 1601/342/1207 2153/342/1207 2152/341/1207 1600/341/1207
f 1336/434/1208 1888/434/1208 1887/433/1208 1335/433/1208
f 1426/297/1209 1978/297/1209 1977/301/1209 1425/301/1209
f 1118/324/1210 1670/324/1210 1669/288/1210 1117/288/1210
f 1286/484/1211 1838/484/1211 1837/485/1211 1285/485/1211
f 1344/438/1212 1896/438/1212 1895/12/1212 1343/12/1212
f 1353/416/903 1905/416/903 1904/418/903 1352/418/903
f 1291/375/1094 1843/375/1094 1842/482/1094 1290/482/1094
f 1608/353/1213 2160/353/1213 2159/350/1213 1607/350/1213
f 1546/90/1214 2098/90/1214 2097/88/1214 1545/88/1214
f 1155/260/1215 1707/260/1215 1706/216/1215 1154/216/1215
f 1527/68/1216 2079/68/1216 2078/82/1216 1526/82/1216
f 1410/319/1217 1962/319/1217 1961/320/1217 1409/320/1217
f 1270/136/1218 1822/136/1218 1821/137/1218 1269/137/1218
f 1592/332/1219 2144/332/1219 2143/323/1219 1591/323/1219
f 1511/313/1220 2063/313/1220 2062/138/1220 1510/138/1220
f 1357/70/1221 1909/70/1221 1908/410/1221 1356/410/1221
f 1254/507/1222 1806/507/1222 1805/197/1222 1253/197/1222
f 1653/208/859 2205/208/859 2204/209/859 1652/209/859
f 1612/110/1223 2164/110/1223 2163/360/1223 1611/360/1223
f 1495/97/1224 2047/97/1224 2046/117/1224 1494/117/1224
f 1585/305/1225 2137/305/1225 2136/306/1225 1584/306/1225
f 1139/52/1226 1691/52/1226 1690/53/1226 1138/53/1226
f 1238/512/1227 1790/512/1227 1789/509/1227 1237/509/1227
f 1328/246/1178 1880/246/1178 1879/405/1178 1327/405/1178
f 1394/178/1228 1946/178/1228 1945/19/1228 1393/19/1228
f 1479/185/1229 2031/185/1229 2030/402/1229 1478/402/1229
f 1321/452/1011 1873/452/1011 1872/359/1011 1320/359/1011
f 1222/295/1230 1774/295/1230 1773/523/1230 1221/523/1230
f 1576/200/960 2128/200/960 2127/201/960 1575/201/960
f 1341/443/1231 1893/443/1231 1892/247/1231 1340/247/1231
f 1463/194/1232 2015/194/1232 2014/195/1232 1462/195/1232
f 1596/513/1233 2148/513/1233 2147/340/1233 1595/340/1233
f 1206/528/1234 1758/528/1234 1757/529/1234 1205/529/1234
f 1569/154/1235 2121/154/1235 2120/155/1235 1568/155/1235
f 1637/423/859 2189/423/859 2188/550/859 1636/550/859
f 1312/444/1011 1864/444/1011 1863/331/1011 1311/331/1011
f 1305/461/1236 1857/461/1236 1856/462/1236 1304/462/1236
f 1123/231/1237 1675/231/1237 1674/232/1237 1122/232/1237
f 1447/494/1238 1999/494/1238 1998/245/1238 1446/245/1238
f 1337/436/1239 1889/436/1239 1888/434/1239 1336/434/1239
f 1560/129/1240 2112/129/1240 2111/132/1240 1559/132/1240
f 1378/111/900 1930/111/900 1929/280/900 1377/280/900
f 1190/537/1241 1742/537/1241 1741/401/1241 1189/401/1241
f 1530/170/1242 2082/170/1242 2081/171/1242 1529/171/1242
f 1621/120/1243 2173/120/1243 2172/210/1243 1620/210/1243
f 1431/153/1244 1983/153/1244 1982/1/1244 1430/1/1244
f 1107/471/859 1659/471/859 1658/469/859 1106/469/859
f 1325/447/1245 1877/447/1245 1876/449/1245 1324/449/1245
f 1174/328/1246 1726/328/1246 1725/182/1246 1173/182/1246
f 1362/396/1247 1914/396/1247 1913/386/1247 1361/386/1247
f 1580/173/1248 2132/173/1248 2131/219/1248 1579/219/1248
f 1553/141/1249 2105/141/1249 2104/147/1249 1552/147/1249
f 1603/21/1250 2155/21/1250 2154/179/1250 1602/179/1250
f 1415/362/1251 1967/362/1251 1966/316/1251 1414/316/1251
f 1346/427/1252 1898/427/1252 1897/428/1252 1345/428/1252
f 1158/552/1253 1710/552/1253 1709/218/1253 1157/218/1253
f 1537/77/1254 2089/77/1254 2088/37/1254 1536/37/1254
f 1656/466/859 2208/466/859 2207/463/859 1655/463/859
f 1280/488/1255 1832/488/1255 1831/489/1255 1279/489/1255
f 1399/106/1256 1951/106/1256 1950/107/1256 1398/107/1256
f 1564/425/1257 2116/425/1257 2115/168/1257 1563/168/1257
f 1142/118/1258 1694/118/1258 1693/32/1258 1141/32/1258
f 1544/105/1259 2096/105/1259 2095/303/1259 1543/303/1259
f 1587/304/1260 2139/304/1260 2138/310/1260 1586/310/1260
f 1273/256/1261 1825/256/1261 1824/261/1261 1272/261/1261
f 1528/64/1262 2080/64/1262 2079/68/1262 1527/68/1262
f 1521/89/1175 2073/89/1175 2072/91/1175 1520/91/1175
f 1640/85/859 2192/85/859 2191/86/859 1639/86/859
f 1264/499/1263 1816/499/1263 1815/501/1263 1263/501/1263
f 1571/215/1264 2123/215/1264 2122/220/1264 1570/220/1264
f 1383/356/873 1935/356/873 1934/159/873 1382/159/873
f 1505/44/1265 2057/44/1265 2056/139/1265 1504/139/1265
f 1314/404/1011 1866/404/1011 1865/455/1011 1313/455/1011
f 1126/34/1266 1678/34/1266 1677/530/1266 1125/530/1266
f 1248/228/1267 1800/228/1267 1799/229/1267 1247/229/1267
f 1489/57/1268 2041/57/1268 2040/6/1268 1488/6/1268
f 1232/257/1269 1784/257/1269 1783/258/1269 1231/258/1269
f 1514/38/1270 2066/38/1270 2065/58/1270 1513/58/1270
f 1293/481/1061 1845/481/1061 1844/374/1061 1292/374/1061
f 1624/380/1271 2176/380/1271 2175/71/1271 1623/71/1271
f 1473/149/968 2025/149/968 2024/157/968 1472/157/968
f 1257/283/1272 1809/283/1272 1808/505/1272 1256/505/1272
f 1555/186/1273 2107/186/1273 2106/16/1273 1554/16/1273
f 1548/5/1274 2100/5/1274 2099/121/1274 1547/121/1274
f 1367/394/1275 1919/394/1275 1918/395/1275 1366/395/1275
f 1216/524/1276 1768/524/1276 1767/525/1276 1215/525/1276
f 1512/66/1277 2064/66/1277 2063/313/1277 1511/313/1277
f 1298/475/1278 1850/475/1278 1849/476/1278 1297/476/1278
f 1110/477/859 1662/477/859 1661/474/859 1109/474/859
f 1457/188/1279 2009/188/1279 2008/17/1279 1456/17/1279
f 1241/388/1280 1793/388/1280 1792/510/1280 1240/510/1280
f 1200/370/1281 1752/370/1281 1751/100/1281 1199/100/1281
f 1496/75/1282 2048/75/1282 2047/97/1282 1495/97/1282
f 1441/23/1283 1993/23/1283 1992/24/1283 1440/24/1283
f 1225/26/1284 1777/26/1284 1776/7/1284 1224/7/1284
f 719/250/728 1271/250/728 1270/136/728 718/136/728
f 553/468/41 1105/468/41 1656/466/41 1104/466/41
f 1752/370/1281 2304/370/1281 2303/100/1281 1751/100/1281
f 2125/95/1009 2677/95/1009 2676/214/1009 2124/214/1009
f 1993/23/1283 2545/23/1283 2544/24/1283 1992/24/1283
f 1868/448/1011 2420/448/1011 2419/406/1011 1867/406/1011
f 2190/422/859 2742/422/859 2741/423/859 2189/423/859
f 1829/491/1285 2381/491/1285 2380/237/1285 1828/237/1285
f 1736/46/810 2288/46/810 2287/47/810 1735/47/810
f 1921/393/1014 2473/393/1014 2472/397/1014 1920/397/1014
f 1795/497/812 2347/497/812 2346/387/812 1794/387/812
f 2084/65/814 2636/65/814 2635/63/814 2083/63/814
f 1977/301/816 2529/301/816 2528/302/816 1976/302/816
f 1664/398/859 2216/398/859 2215/373/859 1663/373/859
f 2050/83/818 2602/83/818 2601/84/818 2049/84/818
f 1749/383/819 2301/383/819 2300/531/819 1748/531/819
f 1720/543/821 2272/543/821 2271/544/821 1719/544/821
f 2174/72/1016 2726/72/1016 2725/120/1016 2173/120/1016
f 1813/336/823 2365/336/823 2364/230/823 1812/230/823
f 2109/204/1017 2661/204/1017 2660/263/1017 2108/263/1017
f 1779/519/825 2331/519/825 2330/25/825 1778/25/825
f 2068/73/826 2620/73/826 2619/74/826 2067/74/826
f 2034/152/828 2586/152/828 2585/495/828 2033/495/828
f 1903/419/1019 2455/419/1019 2454/421/1019 1902/421/1019
f 1797/502/832 2349/502/832 2348/500/832 1796/500/832
f 2158/56/1021 2710/56/1021 2709/348/1021 2157/348/1021
f 1763/175/834 2315/175/834 2314/176/834 1762/176/834
f 2052/39/835 2604/39/835 2603/40/835 2051/40/835
f 1961/320/1286 2513/320/1286 2512/292/1286 1960/292/1286
f 2093/546/1022 2645/546/1022 2644/275/1022 2092/275/1022
f 2018/114/838 2570/114/838 2569/192/838 2017/192/838
f 1781/518/840 2333/518/840 2332/268/840 1780/268/840
f 1704/407/841 2256/407/841 2255/514/841 1703/514/841
f 1836/486/1025 2388/486/1025 2387/487/1025 1835/487/1025
f 1887/433/1026 2439/433/1026 2438/431/1026 1886/431/1026
f 1747/533/843 2299/533/843 2298/532/843 1746/532/843
f 2036/539/845 2588/539/845 2587/151/845 2035/151/845
f 2002/327/846 2554/327/846 2553/130/846 2001/130/846
f 1731/540/849 2283/540/849 2282/377/849 1730/377/849
f 1945/19/851 2497/19/851 2496/20/851 1944/20/851
f 1986/183/816 2538/183/816 2537/167/816 1985/167/816
f 1688/254/855 2240/254/855 2239/368/855 1687/368/855
f 2077/36/950 2629/36/950 2628/133/950 2076/133/950
f 1682/62/857 2234/62/857 2233/506/857 1681/506/857
f 2198/420/859 2750/420/859 2749/417/859 2197/417/859
f 1820/145/1031 2372/145/1031 2371/146/1031 1819/146/1031
f 1715/547/861 2267/547/861 2266/548/861 1714/548/861
f 2061/269/1032 2613/269/1032 2612/43/1032 2060/43/1032
f 1871/457/1011 2423/457/1011 2422/450/1011 1870/450/1011
f 1970/311/864 2522/311/864 2521/243/864 1969/243/864
f 1804/198/1287 2356/198/1287 2355/199/1287 1803/199/1287
f 2126/94/1035 2678/94/1035 2677/95/1035 2125/95/1035
f 1699/384/867 2251/384/867 2250/504/867 1698/504/867
f 2045/181/1036 2597/181/1036 2596/123/1036 2044/123/1036
f 1954/28/870 2506/28/870 2505/242/870 1953/242/870
f 1929/280/872 2481/280/872 2480/281/872 1928/281/872
f 1788/156/1038 2340/156/1038 2339/144/1038 1787/144/1038
f 1882/440/874 2434/440/874 2433/273/874 1881/273/874
f 2029/165/838 2581/165/838 2580/166/838 2028/166/838
f 1855/464/1041 2407/464/1041 2406/465/1041 1854/465/1041
f 1772/294/1043 2324/294/1043 2323/9/1043 1771/9/1043
f 2110/221/1044 2662/221/1044 2661/204/1044 2109/204/1044
f 2197/417/859 2749/417/859 2748/415/859 2196/415/859
f 2020/190/853 2572/190/853 2571/189/853 2019/189/853
f 2013/115/1047 2565/115/1047 2564/116/1047 2012/116/1047
f 1683/51/879 2235/51/879 2234/62/879 1682/62/879
f 1913/386/880 2465/386/880 2464/371/880 1912/371/880
f 1756/59/1049 2308/59/1049 2307/60/1049 1755/60/1049
f 1938/349/882 2490/349/882 2489/352/882 1937/352/882
f 1911/372/884 2463/372/884 2462/337/884 1910/337/884
f 1997/244/1050 2549/244/1050 2548/252/1050 1996/252/1050
f 2166/279/887 2718/279/887 2717/109/887 2165/109/887
f 1740/222/1051 2292/222/1051 2291/403/1051 1739/403/1051
f 1981/293/1053 2533/293/1053 2532/347/1053 1980/347/1053
f 1724/177/1054 2276/177/1054 2275/333/1054 1723/333/1054
f 1839/400/1055 2391/400/1055 2390/484/1055 1838/484/1055
f 2094/234/1056 2646/234/1056 2645/546/1056 2093/546/1056
f 2181/278/893 2733/278/893 2732/277/893 2180/277/893
f 2150/174/895 2702/174/895 2701/227/895 2149/227/895
f 1965/315/1057 2517/315/1057 2516/29/1057 1964/29/1057
f 1708/259/1060 2260/259/1060 2259/260/1060 1707/260/1060
f 1922/392/896 2474/392/896 2473/393/896 1921/393/896
f 1657/468/859 2209/468/859 2760/466/859 2208/466/859
f 1823/250/1063 2375/250/1063 2374/136/1063 1822/136/1063
f 2163/360/898 2715/360/898 2714/158/898 2162/158/898
f 2078/82/1066 2630/82/1066 2629/36/1066 2077/36/1066
f 1906/414/900 2458/414/900 2457/416/900 1905/416/900
f 1917/458/1067 2469/458/1067 2468/389/1067 1916/389/1067
f 1827/492/1069 2379/492/1069 2378/493/1069 1826/493/1069
f 1879/405/903 2431/405/903 2430/446/903 1878/446/903
f 1949/122/1070 2501/122/1070 2500/93/1070 1948/93/1070
f 1807/454/1072 2359/454/1072 2358/507/1072 1806/507/1072
f 2134/300/906 2686/300/906 2685/172/906 2133/172/906
f 1692/334/1073 2244/334/1073 2243/52/1073 1691/52/1073
f 2062/138/1288 2614/138/1288 2613/269/1288 2061/269/1288
f 2202/439/859 2754/439/859 2753/429/859 2201/429/859
f 1791/511/1076 2343/511/1076 2342/512/1076 1790/512/1076
f 2147/340/908 2699/340/908 2698/225/908 2146/225/908
f 2046/117/1078 2598/117/1078 2597/181/1078 2045/181/1078
f 1890/274/911 2442/274/911 2441/436/911 1889/436/911
f 2004/202/913 2556/202/913 2555/203/913 2003/203/913
f 1775/8/1082 2327/8/1082 2326/295/1082 1774/295/1082
f 1863/331/916 2415/331/916 2414/10/916 1862/10/916
f 2030/402/1084 2582/402/1084 2581/165/1084 2029/165/1084
f 2118/239/919 2670/239/919 2669/240/919 2117/240/919
f 1933/160/1085 2485/160/1085 2484/284/1085 1932/284/1085
f 1759/527/1087 2311/527/1087 2310/528/1087 1758/528/1087
f 1676/265/1088 2228/265/1088 2227/231/1088 1675/231/1088
f 2014/195/1090 2566/195/1090 2565/115/1090 2013/115/1090
f 2131/219/924 2683/219/924 2682/49/924 2130/49/924
f 2186/381/859 2738/381/859 2737/13/859 2185/13/859
f 1743/376/1093 2295/376/1093 2294/537/1093 1742/537/1093
f 1874/358/927 2426/358/927 2425/452/927 1873/452/927
f 1998/245/1096 2550/245/1096 2549/244/1096 1997/244/1096
f 1733/224/929 2285/224/929 2284/536/929 1732/536/929
f 1847/479/931 2399/479/931 2398/480/931 1846/480/931
f 1988/128/932 2540/128/932 2539/211/932 1987/211/932
f 2102/150/934 2654/150/934 2653/4/934 2101/4/934
f 1982/1/1102 2534/1/1102 2533/293/1102 1981/293/1102
f 1717/441/935 2269/441/935 2268/442/935 1716/442/935
f 1972/108/937 2524/108/937 2523/309/937 1971/309/937
f 2170/338/1105 2722/338/1105 2721/79/1105 2169/79/1105
f 2099/121/939 2651/121/939 2650/90/939 2098/90/939
f 1858/459/940 2410/459/940 2409/461/940 1857/461/940
f 1831/489/942 2383/489/942 2382/490/942 1830/490/942
f 1899/426/1059 2451/426/1059 2450/427/1059 1898/427/1059
f 1711/551/1109 2263/551/1109 2262/552/1109 1710/552/1109
f 1842/482/923 2394/482/923 2393/483/923 1841/483/923
f 2086/81/943 2638/81/943 2637/69/943 2085/69/943
f 2154/179/1111 2706/179/1111 2705/342/1111 2153/342/1111
f 1966/316/1113 2518/316/1113 2517/315/1113 1965/315/1113
f 1701/344/944 2253/344/944 2252/345/944 1700/345/944
f 1956/322/945 2508/322/945 2507/27/945 1955/27/945
f 1815/501/947 2367/501/947 2366/503/947 1814/503/947
f 1950/107/1118 2502/107/1118 2501/122/1118 1949/122/1118
f 2070/125/950 2622/125/950 2621/96/950 2069/96/950
f 1883/435/1121 2435/435/1121 2434/440/1121 1882/440/1121
f 2138/310/1124 2690/310/1124 2689/305/1124 2137/305/1124
f 2193/409/859 2745/409/859 2744/85/859 2192/85/859
f 1685/255/954 2237/255/954 2236/361/954 1684/361/954
f 1799/229/956 2351/229/956 2350/335/956 1798/335/956
f 1679/33/1127 2231/33/1127 2230/34/1127 1678/34/1127
f 1940/55/931 2492/55/931 2491/351/931 1939/351/931
f 2054/314/957 2606/314/957 2605/67/957 2053/67/957
f 1934/159/1129 2486/159/1129 2485/160/1129 1933/160/1129
f 2195/413/859 2747/413/859 2746/411/859 2194/411/859
f 1783/258/1289 2335/258/1289 2334/517/1289 1782/517/1289
f 2083/63/960 2635/63/960 2634/170/960 2082/170/960
f 2038/205/2 2590/205/2 2589/206/2 2037/206/2
f 1826/493/962 2378/493/962 2377/256/962 1825/256/962
f 1667/235/859 2219/235/859 2218/236/859 1666/236/859
f 1867/406/1011 2419/406/1011 2418/404/1011 1866/404/1011
f 2177/379/1134 2729/379/1134 2728/380/1134 2176/380/1134
f 2067/74/963 2619/74/963 2618/38/963 2066/38/963
f 1669/288/859 2221/288/859 2220/346/859 1668/346/859
f 1767/525/964 2319/525/964 2318/520/964 1766/520/964
f 2122/220/1135 2674/220/1135 2673/154/1135 2121/154/1135
f 1663/373/859 2215/373/859 2214/477/859 1662/477/859
f 1810/282/1137 2362/282/1137 2361/283/1137 1809/283/1137
f 1924/385/966 2476/385/966 2475/391/966 1923/391/966
f 2022/142/968 2574/142/968 2573/143/968 2021/143/968
f 1918/395/1138 2470/395/1138 2469/458/1138 1917/458/1138
f 2051/40/1140 2603/40/1140 2602/83/1140 2050/83/1140
f 2179/325/970 2731/325/970 2730/326/970 2178/326/970
f 1796/500/972 2348/500/972 2347/497/972 1795/497/972
f 1697/286/1142 2249/286/1142 2248/287/1142 1696/287/1142
f 1794/387/1144 2346/387/1144 2345/388/1144 1793/388/1144
f 1751/100/974 2303/100/974 2302/98/974 1750/98/974
f 2035/151/1146 2587/151/1146 2586/152/1146 2034/152/1146
f 2165/109/976 2717/109/976 2716/110/976 2164/110/976
f 2006/187/977 2558/187/977 2557/264/977 2005/264/977
f 1851/473/1041 2403/473/1041 2402/475/1041 1850/475/1041
f 1778/25/1148 2330/25/1148 2329/26/1148 1777/26/1148
f 1908/410/979 2460/410/979 2459/412/979 1907/412/979
f 1735/47/980 2287/47/980 2286/223/980 1734/223/980
f 2159/350/1149 2711/350/1149 2710/56/1149 2158/56/1149
f 1990/251/982 2542/251/982 2541/127/982 1989/127/982
f 1902/421/1150 2454/421/1150 2453/424/1150 1901/424/1150
f 1666/236/859 2218/236/859 2217/270/859 1665/270/859
f 1719/544/984 2271/544/984 2270/545/984 1718/545/984
f 2019/189/922 2571/189/922 2570/114/922 2018/114/922
f 1974/3/986 2526/3/986 2525/307/986 1973/307/986
f 2143/323/1152 2695/323/1152 2694/298/1152 2142/298/1152
f 1762/176/958 2314/176/958 2313/526/958 1761/526/958
f 1886/431/1154 2438/431/1154 2437/432/1154 1885/432/1154
f 2003/203/1156 2555/203/1156 2554/327/1156 2002/327/1156
f 2149/227/989 2701/227/989 2700/513/989 2148/513/989
f 1835/487/1157 2387/487/1157 2386/271/1157 1834/271/1157
f 1746/532/1159 2298/532/1159 2297/534/1159 1745/534/1159
f 1892/247/1290 2444/247/1290 2443/248/1290 1891/248/1290
f 2090/134/1161 2642/134/1161 2641/77/1161 2089/77/1161
f 1987/211/1162 2539/211/1162 2538/183/1162 1986/183/1162
f 1695/101/992 2247/101/992 2246/118/992 1694/118/992
f 1672/102/1164 2224/102/1164 2223/103/1164 1671/103/1164
f 1730/377/1165 2282/377/1165 2281/496/1165 1729/496/1165
f 1703/514/995 2255/514/995 2254/515/995 1702/515/995
f 1780/268/1291 2332/268/1291 2331/519/1291 1779/519/1291
f 1958/162/997 2510/162/997 2509/163/997 1957/163/997
f 2127/201/1292 2679/201/1292 2678/94/1292 2126/94/1292
f 1971/309/1169 2523/309/1169 2522/311/1169 1970/311/1169
f 1870/450/916 2422/450/916 2421/451/916 1869/451/916
f 1714/548/999 2266/548/999 2265/408/999 1713/408/999
f 2201/429/859 2753/429/859 2752/365/859 2200/365/859
f 1819/146/1172 2371/146/1172 2370/367/1172 1818/367/1172
f 1811/289/1293 2363/289/1293 2362/282/1293 1810/282/1293
f 1955/27/1173 2507/27/1173 2506/28/1173 1954/28/1173
f 2133/172/1000 2685/172/1000 2684/173/1000 2132/173/1000
f 1687/368/1002 2239/368/1002 2238/369/1002 1686/369/1002
f 2074/104/1175 2626/104/1175 2625/89/1175 2073/89/1175
f 1698/504/1176 2250/504/1176 2249/286/1176 1697/286/1176
f 1876/449/1003 2428/449/1003 2427/357/1003 1875/357/1003
f 1942/363/876 2494/363/876 2493/54/876 1941/54/876
f 1803/199/1177 2355/199/1177 2354/453/1177 1802/453/1177
f 2058/42/1179 2610/42/1179 2609/44/1179 2057/44/1179
f 2111/132/1181 2663/132/1181 2662/221/1181 2110/221/1181
f 1787/144/1182 2339/144/1182 2338/135/1182 1786/135/1182
f 2196/415/859 2748/415/859 2747/413/859 2195/413/859
f 2117/240/1006 2669/240/1006 2668/425/1006 2116/425/1006
f 2042/92/1184 2594/92/1184 2593/57/1184 2041/57/1184
f 1939/351/1185 2491/351/1185 2490/349/1185 1938/349/1185
f 1860/456/1008 2412/456/1008 2411/207/1008 1859/207/1008
f 1895/12/1010 2447/12/1010 2446/330/1010 1894/330/1010
f 1771/9/1186 2323/9/1186 2322/522/1186 1770/522/1186
f 2185/13/1012 2737/13/1012 2736/14/1012 2184/14/1012
f 2026/148/1189 2578/148/1189 2577/149/1189 2025/149/1189
f 1671/103/1013 2223/103/1013 2222/324/1013 1670/324/1013
f 1755/60/1192 2307/60/1192 2306/535/1192 1754/535/1192
f 2180/277/1194 2732/277/1194 2731/325/1194 2179/325/1194
f 1926/78/812 2478/78/812 2477/276/812 1925/276/812
f 2010/191/1195 2562/191/1195 2561/188/1195 2009/188/1195
f 1923/391/1197 2475/391/1197 2474/392/1197 1922/392/1197
f 2101/4/1015 2653/4/1015 2652/5/1015 2100/5/1015
f 1861/11/1005 2413/11/1005 2412/456/1005 1860/456/1005
f 1894/330/1199 2446/330/1199 2445/443/1199 1893/443/1199
f 1844/374/931 2396/374/931 2395/375/931 1843/375/931
f 1739/403/1201 2291/403/1201 2290/45/1201 1738/45/1201
f 1994/22/1294 2546/22/1294 2545/23/1294 1993/23/1294
f 2169/79/1018 2721/79/1018 2720/80/1018 2168/80/1018
f 1723/333/821 2275/333/821 2274/541/821 1722/541/821
f 2095/303/1206 2647/303/1206 2646/234/1206 2094/234/1206
f 2167/343/1020 2719/343/1020 2718/279/1020 2166/279/1020
f 1978/297/1209 2530/297/1209 2529/301/1209 1977/301/1209
f 1838/484/1211 2390/484/1211 2389/485/1211 1837/485/1211
f 1905/416/903 2457/416/903 2456/418/903 1904/418/903
f 1910/337/1295 2462/337/1295 2461/70/1295 1909/70/1295
f 2160/353/1213 2712/353/1213 2711/350/1213 2159/350/1213
f 2085/69/1024 2637/69/1024 2636/65/1024 2084/65/1024
f 1707/260/1215 2259/260/1215 2258/216/1215 1706/216/1215
f 2079/68/1216 2631/68/1216 2630/82/1216 2078/82/1216
f 1828/237/1027 2380/237/1027 2379/492/1027 1827/492/1027
f 1962/319/1217 2514/319/1217 2513/320/1217 1961/320/1217
f 1822/136/1218 2374/136/1218 2373/137/1218 1821/137/1218
f 2144/332/1219 2696/332/1219 2695/323/1219 2143/323/1219
f 2069/96/1028 2621/96/1028 2620/73/1028 2068/73/1028
f 2063/313/1220 2615/313/1220 2614/138/1220 2062/138/1220
f 1812/230/1029 2364/230/1029 2363/289/1029 1811/289/1029
f 1806/507/1222 2358/507/1222 2357/197/1222 1805/197/1222
f 2205/208/859 2757/208/859 2756/209/859 2204/209/859
f 2047/97/1224 2599/97/1224 2598/117/1224 2046/117/1224
f 1885/432/1030 2437/432/1030 2436/430/1030 1884/430/1030
f 1691/52/1226 2243/52/1226 2242/53/1226 1690/53/1226
f 1790/512/1227 2342/512/1227 2341/509/1227 1789/509/1227
f 1946/178/1228 2498/178/1228 2497/19/1228 1945/19/1228
f 2031/185/1229 2583/185/1229 2582/402/1229 2030/402/1229
f 1873/452/1011 2425/452/1011 2424/359/1011 1872/359/1011
f 2135/299/1034 2687/299/1034 2686/300/1034 2134/300/1034
f 1774/295/1230 2326/295/1230 2325/523/1230 1773/523/1230
f 2128/200/960 2680/200/960 2679/201/960 2127/201/960
f 1878/446/1037 2430/446/1037 2429/447/1037 1877/447/1037
f 2015/194/1232 2567/194/1232 2566/195/1232 2014/195/1232
f 1758/528/1234 2310/528/1234 2309/529/1234 1757/529/1234
f 2189/423/859 2741/423/859 2740/550/859 2188/550/859
f 1857/461/1236 2409/461/1236 2408/462/1236 1856/462/1236
f 1675/231/1237 2227/231/1237 2226/232/1237 1674/232/1237
f 1999/494/1238 2551/494/1238 2550/245/1238 1998/245/1238
f 2112/129/1240 2664/129/1240 2663/132/1240 2111/132/1240
f 1930/111/900 2482/111/900 2481/280/900 1929/280/900
f 1742/537/1241 2294/537/1241 2293/401/1241 1741/401/1241
f 2053/67/1046 2605/67/1046 2604/39/1046 2052/39/1046
f 2119/262/1048 2671/262/1048 2670/239/1048 2118/239/1048
f 2173/120/1243 2725/120/1243 2724/210/1243 2172/210/1243
f 1983/153/1244 2535/153/1244 2534/1/1244 1982/1/1244
f 1862/10/1011 2414/10/1011 2413/11/1011 1861/11/1011
f 1659/471/859 2211/471/859 2210/469/859 1658/469/859
f 1726/328/1246 2278/328/1246 2277/182/1246 1725/182/1246
f 1914/396/1247 2466/396/1247 2465/386/1247 1913/386/1247
f 2155/21/1250 2707/21/1250 2706/179/1250 2154/179/1250
f 1967/362/1251 2519/362/1251 2518/316/1251 1966/316/1251
f 1898/427/1252 2450/427/1252 2449/428/1252 1897/428/1252
f 1710/552/1253 2262/552/1253 2261/218/1253 1709/218/1253
f 2208/466/859 2760/466/859 2759/463/859 2207/463/859
f 1951/106/1256 2503/106/1256 2502/107/1256 1950/107/1256
f 2103/164/1058 2655/164/1058 2654/150/1058 2102/150/1058
f 1694/118/1258 2246/118/1258 2245/32/1258 1693/32/1258
f 2096/105/1259 2648/105/1259 2647/303/1259 2095/303/1259
f 1846/480/1061 2398/480/1061 2397/481/1061 1845/481/1061
f 2139/304/1260 2691/304/1260 2690/310/1260 2138/310/1260
f 1825/256/1261 2377/256/1261 2376/261/1261 1824/261/1261
f 2080/64/1262 2632/64/1262 2631/68/1262 2079/68/1262
f 2087/35/1065 2639/35/1065 2638/81/1065 2086/81/1065
f 1830/490/1068 2382/490/1068 2381/491/1068 1829/491/1068
f 2192/85/859 2744/85/859 2743/86/859 2191/86/859
f 2142/298/1071 2694/298/1071 2693/437/1071 2141/437/1071
f 2123/215/1264 2675/215/1264 2674/220/1264 2122/220/1264
f 1935/356/873 2487/356/873 2486/159/873 1934/159/873
f 1866/404/1011 2418/404/1011 2417/455/1011 1865/455/1011
f 1678/34/1266 2230/34/1266 2229/530/1266 1677/530/1266
f 2071/124/1075 2623/124/1075 2622/125/1075 2070/125/1075
f 1814/503/1077 2366/503/1077 2365/336/1077 1813/336/1077
f 2037/206/1080 2589/206/1080 2588/539/1080 2036/539/1080
f 1689/253/1081 2241/253/1081 2240/254/1081 1688/254/1081
f 2176/380/1271 2728/380/1271 2727/71/1271 2175/71/1271
f 1809/283/1272 2361/283/1272 2360/505/1272 1808/505/1272
f 2055/140/1083 2607/140/1083 2606/314/1083 2054/314/1083
f 2107/186/1273 2659/186/1273 2658/16/1273 2106/16/1273
f 1919/394/1275 2471/394/1275 2470/395/1275 1918/395/1275
f 2064/66/1277 2616/66/1277 2615/313/1277 2063/313/1277
f 1798/335/1086 2350/335/1086 2349/502/1086 1797/502/1086
f 1850/475/1278 2402/475/1278 2401/476/1278 1849/476/1278
f 1662/477/859 2214/477/859 2213/474/859 1661/474/859
f 1793/388/1280 2345/388/1280 2344/510/1280 1792/510/1280
f 1727/99/1296 2279/99/1296 2278/328/1296 1726/328/1296
f 2048/75/1282 2600/75/1282 2599/97/1282 2047/97/1282
f 2039/180/1092 2591/180/1092 2590/205/1092 2038/205/1092
f 1777/26/1284 2329/26/1284 2328/7/1284 1776/7/1284
f 1782/517/1095 2334/517/1095 2333/518/1095 1781/518/1095
f 2091/291/1297 2643/291/1297 2642/134/1297 2090/134/1297
f 2032/184/811 2584/184/811 2583/185/811 2031/185/811
f 1765/266/1098 2317/266/1098 2316/267/1098 1764/267/1098
f 1834/271/813 2386/271/813 2385/272/813 1833/272/813
f 1901/424/815 2453/424/815 2452/364/815 1900/364/815
f 1761/526/817 2313/526/817 2312/329/817 1760/329/817
f 2021/143/1189 2573/143/1189 2572/190/1189 2020/190/1189
f 2023/508/1101 2575/508/1101 2574/142/1101 2022/142/1101
f 2156/113/820 2708/113/820 2707/21/820 2155/21/820
f 2016/193/822 2568/193/822 2567/194/822 2015/194/822
f 1764/267/1103 2316/267/1103 2315/175/1103 1763/175/1103
f 1766/520/1104 2318/520/1104 2317/266/1104 1765/266/1104
f 1745/534/824 2297/534/824 2296/378/824 1744/378/824
f 2007/18/1106 2559/18/1106 2558/187/1106 2006/187/1106
f 2000/131/827 2552/131/827 2551/494/827 1999/494/827
f 2005/264/1107 2557/264/1107 2556/202/1107 2004/202/1107
f 1750/98/1108 2302/98/1108 2301/383/1108 1749/383/1108
f 2075/233/829 2627/233/829 2626/104/829 2074/104/829
f 1840/399/830 2392/399/830 2391/400/830 1839/400/830
f 1748/531/811 2300/531/811 2299/533/811 1747/533/811
f 1841/483/1112 2393/483/1112 2392/399/1112 1840/399/1112
f 1818/367/1298 2370/367/1298 2369/498/1298 1817/498/1298
f 1729/496/833 2281/496/833 2280/382/833 1728/382/833
f 1989/127/1115 2541/127/1115 2540/128/1115 1988/128/1115
f 1984/238/837 2536/238/837 2535/153/837 1983/153/837
f 1732/536/1117 2284/536/1117 2283/540/1117 1731/540/1117
f 2059/41/839 2611/41/839 2610/42/839 2058/42/839
f 1859/207/842 2411/207/842 2410/459/842 1858/459/842
f 1973/307/1120 2525/307/1120 2524/108/1120 1972/108/1120
f 1802/453/844 2354/453/844 2353/290/844 1801/290/844
f 1716/442/1123 2268/442/1123 2267/547/1123 1715/547/1123
f 2043/126/847 2595/126/847 2594/92/847 2042/92/847
f 1713/408/848 2265/408/848 2264/549/848 1712/549/848
f 2115/168/1126 2667/168/1126 2666/169/1126 2114/169/1126
f 1786/135/850 2338/135/850 2337/249/850 1785/249/850
f 1968/241/852 2520/241/852 2519/362/852 1967/362/852
f 2027/213/853 2579/213/853 2578/148/853 2026/148/853
f 2140/317/854 2692/317/854 2691/304/854 2139/304/854
f 1916/389/856 2468/389/856 2467/390/856 1915/390/856
f 1770/522/858 2322/522/858 2321/521/858 1769/521/858
f 1952/312/860 2504/312/860 2503/106/860 1951/106/860
f 1957/163/1130 2509/163/1130 2508/322/1130 1956/322/1130
f 1991/30/1131 2543/30/1131 2542/251/1131 1990/251/1131
f 2011/196/862 2563/196/862 2562/191/862 2010/191/862
f 1869/451/863 2421/451/863 2420/448/863 1868/448/863
f 2207/463/859 2759/463/859 2758/460/859 2206/460/859
f 1700/345/1133 2252/345/1133 2251/384/1133 1699/384/1133
f 1754/535/865 2306/535/865 2305/61/865 1753/61/865
f 2124/214/866 2676/214/866 2675/215/866 2123/215/866
f 1995/31/868 2547/31/868 2546/22/868 1994/22/868
f 1681/506/869 2233/506/869 2232/87/869 1680/87/869
f 1660/472/859 2212/472/859 2211/471/859 1659/471/859
f 1738/45/871 2290/45/871 2289/538/871 1737/538/871
f 1936/355/873 2488/355/873 2487/356/873 1935/356/873
f 1941/54/1141 2493/54/1141 2492/55/1141 1940/55/1141
f 2191/86/859 2743/86/859 2742/422/859 2190/422/859
f 1721/542/1145 2273/542/1145 2272/543/1145 1720/543/1145
f 2194/411/859 2746/411/859 2745/409/859 2193/409/859
f 1979/296/875 2531/296/875 2530/297/875 1978/297/875
f 1976/302/1147 2528/302/1147 2527/2/1147 1975/2/1147
f 1853/467/876 2405/467/876 2404/470/876 1852/470/876
f 1722/541/877 2274/541/877 2273/542/877 1721/542/877
f 2108/263/878 2660/263/878 2659/186/878 2107/186/878
f 1665/270/859 2217/270/859 2216/398/859 1664/398/859
f 1920/397/881 2472/397/881 2471/394/881 1919/394/881
f 1925/276/1151 2477/276/1151 2476/385/1151 1924/385/1151
f 1963/318/883 2515/318/883 2514/319/883 1962/319/883
f 2168/80/1039 2720/80/1039 2719/343/1039 2167/343/1039
f 2175/71/885 2727/71/885 2726/72/885 2174/72/885
f 1668/346/859 2220/346/859 2219/235/859 1667/235/859
f 1706/216/886 2258/216/886 2257/217/886 1705/217/886
f 1696/287/1040 2248/287/1040 2247/101/1040 1695/101/1040
f 2178/326/1153 2730/326/1153 2729/379/1153 2177/379/1153
f 1705/217/1155 2257/217/1155 2256/407/1155 1704/407/1155
f 1897/428/1042 2449/428/1042 2448/438/1042 1896/438/1042
f 2161/354/888 2713/354/888 2712/353/888 2160/353/888
f 1960/292/1299 2512/292/1299 2511/161/1299 1959/161/1299
f 1837/485/889 2389/485/889 2388/486/889 1836/486/889
f 2152/341/1045 2704/341/1045 2703/339/1045 2151/339/1045
f 1904/418/890 2456/418/890 2455/419/890 1903/419/890
f 1907/412/1160 2459/412/1160 2458/414/1160 1906/414/1160
f 2092/275/891 2644/275/891 2643/291/891 2091/291/891
f 2145/226/892 2697/226/892 2696/332/892 2144/332/892
f 2162/158/1163 2714/158/1163 2713/354/1163 2161/354/1163
f 1852/470/894 2404/470/894 2403/473/894 1851/473/894
f 2204/209/859 2756/209/859 2755/445/859 2203/445/859
f 1975/2/1167 2527/2/1167 2526/3/1167 1974/3/1167
f 1947/48/897 2499/48/897 2498/178/897 1946/178/897
f 1734/223/1052 2286/223/1052 2285/224/1052 1733/224/1052
f 1690/53/899 2242/53/899 2241/253/899 1689/253/899
f 2171/321/1170 2723/321/1170 2722/338/1170 2170/338/1170
f 1891/248/1171 2443/248/1171 2442/274/1171 1890/274/1171
f 1821/137/901 2373/137/901 2372/145/901 1820/145/901
f 2146/225/1174 2698/225/1174 2697/226/1174 2145/226/1174
f 2076/133/1300 2628/133/1300 2627/233/1300 2075/233/1300
f 2129/50/904 2681/50/904 2680/200/904 2128/200/904
f 1944/20/1178 2496/20/1178 2495/112/1178 1943/112/1178
f 1805/197/905 2357/197/905 2356/198/905 1804/198/905
f 1881/273/1059 2433/273/1059 2432/246/1059 1880/246/1059
f 1872/359/863 2424/359/863 2423/457/863 1871/457/863
f 1959/161/1180 2511/161/1180 2510/162/1180 1958/162/1180
f 2199/366/859 2751/366/859 2750/420/859 2198/420/859
f 2060/43/907 2612/43/907 2611/41/907 2059/41/907
f 2136/306/1062 2688/306/1062 2687/299/1062 2135/299/1062
f 1702/515/1183 2254/515/1183 2253/344/1183 1701/344/1183
f 2188/550/859 2740/550/859 2739/516/859 2187/516/859
f 1789/509/1301 2341/509/1301 2340/156/1301 1788/156/1301
f 1753/61/1064 2305/61/1064 2304/370/1064 1752/370/1064
f 2106/16/910 2658/16/910 2657/141/910 2105/141/910
f 1931/285/912 2483/285/912 2482/111/912 1930/111/912
f 1718/545/938 2270/545/938 2269/441/938 1717/441/938
f 2044/123/914 2596/123/914 2595/126/914 2043/126/914
f 1674/232/915 2226/232/915 2225/119/915 1673/119/915
f 1673/119/1187 2225/119/1187 2224/102/1187 1672/102/1187
f 1875/357/1188 2427/357/1188 2426/358/1188 1874/358/1188
f 2151/339/917 2703/339/917 2702/174/917 2150/174/917
f 1928/281/1190 2480/281/1190 2479/308/1190 1927/308/1190
f 1773/523/918 2325/523/918 2324/294/918 1772/294/918
f 2113/212/920 2665/212/920 2664/129/920 2112/129/920
f 2130/49/1191 2682/49/1191 2681/50/1191 2129/50/1191
f 2200/365/859 2752/365/859 2751/366/859 2199/366/859
f 2172/210/921 2724/210/921 2723/321/921 2171/321/921
f 2183/15/1193 2735/15/1193 2734/76/1193 2182/76/1193
f 2028/166/922 2580/166/922 2579/213/922 2027/213/922
f 1856/462/923 2408/462/923 2407/464/923 1855/464/923
f 1943/112/1196 2495/112/1196 2494/363/1196 1942/363/1196
f 1915/390/925 2467/390/925 2466/396/925 1914/396/925
f 1757/529/926 2309/529/926 2308/59/926 1756/59/926
f 1865/455/1011 2417/455/1011 2416/444/1011 1864/444/1011
f 1686/369/1198 2238/369/1198 2237/255/1198 1685/255/1198
f 1658/469/859 2210/469/859 2209/468/859 1657/468/859
f 2012/116/928 2564/116/928 2563/196/928 2011/196/928
f 2120/155/1079 2672/155/1079 2671/262/1079 2119/262/1079
f 2114/169/1200 2666/169/1200 2665/212/1200 2113/212/1200
f 1684/361/930 2236/361/930 2235/51/930 1683/51/930
f 2184/14/1203 2736/14/1203 2735/15/1203 2183/15/1203
f 1912/371/1204 2464/371/1204 2463/372/1204 1911/372/1204
f 1741/401/933 2293/401/933 2292/222/933 1740/222/933
f 1927/308/1205 2479/308/1205 2478/78/1205 1926/78/1205
f 2153/342/1207 2705/342/1207 2704/341/1207 2152/341/1207
f 1996/252/936 2548/252/936 2547/31/936 1995/31/936
f 1849/476/923 2401/476/923 2400/478/923 1848/478/923
f 1888/434/1208 2440/434/1208 2439/433/1208 1887/433/1208
f 1670/324/1210 2222/324/1210 2221/288/1210 1669/288/1210
f 1896/438/1212 2448/438/1212 2447/12/1212 1895/12/1212
f 1725/182/938 2277/182/938 2276/177/938 1724/177/938
f 2104/147/1091 2656/147/1091 2655/164/1091 2103/164/1091
f 1843/375/1094 2395/375/1094 2394/482/1094 1842/482/1094
f 1980/347/941 2532/347/941 2531/296/941 1979/296/941
f 1848/478/1094 2400/478/1094 2399/479/1094 1847/479/1094
f 2098/90/1214 2650/90/1214 2649/88/1214 2097/88/1214
f 1833/272/1097 2385/272/1097 2384/488/1097 1832/488/1097
f 2088/37/1302 2640/37/1302 2639/35/1302 2087/35/1302
f 1709/218/946 2261/218/946 2260/259/946 1708/259/946
f 2182/76/948 2734/76/948 2733/278/948 2181/278/948
f 1909/70/1221 2461/70/1221 2460/410/1221 1908/410/1221
f 1964/29/949 2516/29/949 2515/318/949 1963/318/949
f 2081/171/1303 2633/171/1303 2632/64/1303 2080/64/1303
f 2164/110/1223 2716/110/1223 2715/360/1223 2163/360/1223
f 2137/305/1225 2689/305/1225 2688/306/1225 2136/306/1225
f 1693/32/952 2245/32/952 2244/334/952 1692/334/952
f 1824/261/953 2376/261/953 2375/250/953 1823/250/953
f 1880/246/1178 2432/246/1178 2431/405/1178 1879/405/1178
f 1948/93/955 2500/93/955 2499/48/955 1947/48/955
f 1817/498/1110 2369/498/1110 2368/499/1110 1816/499/1110
f 2203/445/859 2755/445/859 2754/439/859 2202/439/859
f 2072/91/1114 2624/91/1114 2623/124/1114 2071/124/1114
f 1801/290/1116 2353/290/1116 2352/228/1116 1800/228/1116
f 2065/58/959 2617/58/959 2616/66/959 2064/66/959
f 1893/443/1231 2445/443/1231 2444/247/1231 1892/247/1231
f 2056/139/1119 2608/139/1119 2607/140/1119 2055/140/1119
f 1808/505/1304 2360/505/1304 2359/454/1304 1807/454/1304
f 2148/513/1233 2700/513/1233 2699/340/1233 2147/340/1233
f 2121/154/1235 2673/154/1235 2672/155/1235 2120/155/1235
f 1785/249/1122 2337/249/1122 2336/257/1122 1784/257/1122
f 1864/444/1011 2416/444/1011 2415/331/1011 1863/331/1011
f 2040/6/1125 2592/6/1125 2591/180/1125 2039/180/1125
f 2049/84/965 2601/84/965 2600/75/965 2048/75/965
f 1889/436/1239 2441/436/1239 2440/434/1239 1888/434/1239
f 1677/530/967 2229/530/967 2228/265/967 1676/265/967
f 1769/521/1128 2321/521/1128 2320/524/1128 1768/524/1128
f 1792/510/969 2344/510/969 2343/511/969 1791/511/969
f 1932/284/971 2484/284/971 2483/285/971 1931/285/971
f 2024/157/1101 2576/157/1101 2575/508/1101 2023/508/1101
f 2033/495/973 2585/495/973 2584/184/973 2032/184/973
f 2082/170/1242 2634/170/1242 2633/171/1242 2081/171/1242
f 2187/516/859 2739/516/859 2738/381/859 2186/381/859
f 1776/7/975 2328/7/975 2327/8/975 1775/8/975
f 1877/447/1245 2429/447/1245 2428/449/1245 1876/449/1245
f 1661/474/859 2213/474/859 2212/472/859 1660/472/859
f 2008/17/1132 2560/17/1132 2559/18/1132 2007/18/1132
f 2017/192/978 2569/192/978 2568/193/978 2016/193/978
f 2132/173/1248 2684/173/1248 2683/219/1248 2131/219/1248
f 2105/141/1249 2657/141/1249 2656/147/1249 2104/147/1249
f 1760/329/981 2312/329/981 2311/527/981 1759/527/981
f 1737/538/1136 2289/538/1136 2288/46/1136 1736/46/1136
f 2001/130/983 2553/130/983 2552/131/983 2000/131/983
f 2089/77/1254 2641/77/1254 2640/37/1254 2088/37/1254
f 1992/24/1139 2544/24/1139 2543/30/1139 1991/30/1139
f 1744/378/985 2296/378/985 2295/376/985 1743/376/985
f 1832/488/1255 2384/488/1255 2383/489/1255 1831/489/1255
f 2097/88/1143 2649/88/1143 2648/105/1143 2096/105/1143
f 1985/167/987 2537/167/987 2536/238/987 1984/238/987
f 1728/382/988 2280/382/988 2279/99/988 1727/99/988
f 2116/425/1257 2668/425/1257 2667/168/1257 2115/168/1257
f 2157/348/991 2709/348/991 2708/113/991 2156/113/991
f 1900/364/993 2452/364/993 2451/426/993 1899/426/993
f 1969/243/994 2521/243/994 2520/241/994 1968/241/994
f 2073/89/1175 2625/89/1175 2624/91/1175 2072/91/1175
f 1712/549/996 2264/549/996 2263/551/996 1711/551/996
f 1816/499/1263 2368/499/1263 2367/501/1263 1815/501/1263
f 1854/465/876 2406/465/876 2405/467/876 1853/467/876
f 2057/44/1265 2609/44/1265 2608/139/1265 2056/139/1265
f 1953/242/998 2505/242/998 2504/312/998 1952/312/998
f 1800/228/1267 2352/228/1267 2351/229/1267 1799/229/1267
f 2041/57/1268 2593/57/1268 2592/6/1268 2040/6/1268
f 2141/437/1001 2693/437/1001 2692/317/1001 2140/317/1001
f 2206/460/859 2758/460/859 2757/208/859 2205/208/859
f 1784/257/1269 2336/257/1269 2335/258/1269 1783/258/1269
f 1884/430/1004 2436/430/1004 2435/435/1004 1883/435/1004
f 2066/38/1270 2618/38/1270 2617/58/1270 2065/58/1270
f 1845/481/1061 2397/481/1061 2396/374/1061 1844/374/1061
f 2025/149/968 2577/149/968 2576/157/968 2024/157/968
f 2100/5/1274 2652/5/1274 2651/121/1274 2099/121/1274
f 1768/524/1276 2320/524/1276 2319/525/1276 1767/525/1276
f 1937/352/1005 2489/352/1005 2488/355/1005 1936/355/1005
f 1277/491/1285 1829/491/1285 1828/237/1285 1276/237/1285
f 1539/291/1297 2091/291/1297 2090/134/1297 1538/134/1297
f 2534/1/1305 2526/3/1305 2527/2/1305
f 2653/4/692 2592/6/692 2652/5/692
f 2328/7/497 2323/9/497 2327/8/497
f 2414/10/692 2447/12/692 2413/11/692
f 2737/13/692 2735/15/692 2736/14/692
f 2658/16/292 2559/18/292 2560/17/292
f 2497/19/692 2707/21/692 2496/20/692
f 2546/22/692 2544/24/692 2545/23/692
f 2330/25/1306 2328/7/1306 2329/26/1306
f 2507/27/692 2516/29/692 2506/28/692
f 2544/24/692 2547/31/692 2543/30/692
f 2245/32/398 2230/34/398 2231/33/398
f 2639/35/692 2640/37/692 2629/36/692
f 2618/38/1307 2603/40/1307 2604/39/1307
f 2611/41/692 2612/43/692 2610/42/692
f 2610/42/692 2612/43/692 2609/44/692
f 2290/45/1308 2287/47/1308 2288/46/1308
f 2499/48/263 2681/50/263 2682/49/263
f 2235/51/497 2242/53/497 2243/52/497
f 2493/54/692 2710/56/692 2492/55/692
f 2652/5/1309 2592/6/1309 2593/57/1309
f 2618/38/692 2604/39/692 2617/58/692
f 2308/59/240 2305/61/240 2307/60/240
f 2243/52/1310 2234/62/1310 2235/51/1310
f 2635/63/692 2636/65/692 2632/64/692
f 2617/58/692 2605/67/692 2616/66/692
f 2636/65/692 2637/69/692 2631/68/692
f 2461/70/692 2726/72/692 2727/71/692
f 2620/73/692 2600/75/692 2619/74/692
f 2737/13/109 2734/76/109 2735/15/109
f 2640/37/692 2641/77/692 2629/36/692
f 2478/78/692 2720/80/692 2721/79/692
f 2638/81/1311 2639/35/1311 2630/82/1311
f 2602/83/692 2619/74/692 2601/84/692
f 2461/70/692 2743/86/692 2744/85/692
f 2619/74/692 2602/83/692 2618/38/692
f 2245/32/92 2231/33/92 2232/87/92
f 2649/88/692 2650/90/692 2625/89/692
f 2652/5/692 2594/92/692 2624/91/692
f 2500/93/1305 2677/95/1305 2678/94/1305
f 2621/96/692 2599/97/692 2620/73/692
f 2302/98/692 2303/100/692 2279/99/692
f 2247/101/1312 2223/103/1312 2224/102/1312
f 2626/104/109 2648/105/109 2625/89/109
f 2503/106/692 2524/108/692 2502/107/692
f 2717/109/692 2482/111/692 2716/110/692
f 2496/20/692 2708/113/692 2495/112/692
f 2570/114/692 2564/116/692 2565/115/692
f 2621/96/263 2598/117/263 2599/97/263
f 2246/118/311 2224/102/311 2225/119/311
f 2461/70/692 2725/120/692 2726/72/692
f 2650/90/446 2651/121/446 2624/91/446
f 2651/121/692 2652/5/692 2624/91/692
f 2501/122/1310 2502/107/1310 2534/1/1310
f 2596/123/1305 2622/125/1305 2623/124/1305
f 2596/123/692 2623/124/692 2595/126/692
f 2541/127/692 2664/129/692 2540/128/692
f 2553/130/692 2663/132/692 2552/131/692
f 2629/36/692 2642/134/692 2628/133/692
f 2338/135/692 2373/137/692 2374/136/692
f 2614/138/624 2607/140/624 2608/139/624
f 2657/141/497 2573/143/497 2574/142/497
f 2339/144/1305 2371/146/1305 2372/145/1305
f 2656/147/1307 2577/149/1307 2578/148/1307
f 2625/89/692 2650/90/692 2624/91/692
f 2654/150/116 2586/152/116 2587/151/116
f 2535/153/692 2672/155/692 2673/154/692
f 2340/156/692 2371/146/692 2339/144/692
f 2656/147/497 2576/157/497 2577/149/497
f 2652/5/1307 2593/57/1307 2594/92/1307
f 2714/158/692 2485/160/692 2486/159/692
f 2511/161/692 2509/163/692 2510/162/692
f 2655/164/109 2580/166/109 2581/165/109
f 2537/167/1307 2666/169/1307 2667/168/1307
f 2635/63/692 2633/171/692 2634/170/692
f 2685/172/692 2702/174/692 2684/173/692
f 2315/175/692 2276/177/692 2314/176/692
f 2498/178/692 2706/179/692 2497/19/692
f 2653/4/1313 2591/180/1313 2592/6/1313
f 2657/141/1310 2576/157/1310 2656/147/1310
f 2597/181/1305 2621/96/1305 2622/125/1305
f 2277/182/692 2314/176/692 2276/177/692
f 2538/183/692 2666/169/692 2537/167/692
f 2655/164/337 2583/185/337 2584/184/337
f 2659/186/692 2558/187/692 2658/16/692
f 2658/16/692 2561/188/692 2657/141/692
f 2571/189/109 2572/190/109 2561/188/109
f 2562/191/692 2571/189/692 2561/188/692
f 2570/114/692 2571/189/692 2562/191/692
f 2569/192/1305 2570/114/1305 2565/115/1305
f 2568/193/692 2569/192/692 2567/194/692
f 2569/192/692 2566/195/692 2567/194/692
f 2570/114/692 2563/196/692 2564/116/692
f 2570/114/692 2562/191/692 2563/196/692
f 2357/197/1311 2355/199/1311 2356/198/1311
f 2499/48/263 2679/201/263 2680/200/263
f 2556/202/311 2661/204/311 2555/203/311
f 2654/150/692 2589/206/692 2590/205/692
f 2411/207/692 2756/209/692 2757/208/692
f 2598/117/692 2621/96/692 2597/181/692
f 2461/70/692 2724/210/692 2725/120/692
f 2539/211/364 2665/212/364 2538/183/364
f 2656/147/1307 2578/148/1307 2579/213/1307
f 2676/214/692 2501/122/692 2675/215/692
f 2501/122/692 2677/95/692 2500/93/692
f 2258/216/692 2261/218/692 2257/217/692
f 2683/219/692 2702/174/692 2498/178/692
f 2677/95/692 2501/122/692 2676/214/692
f 2534/1/1310 2674/220/1310 2675/215/1310
f 2663/132/497 2553/130/497 2662/221/497
f 2656/147/1310 2579/213/1310 2655/164/1310
f 2292/222/1307 2285/224/1307 2286/223/1307
f 2698/225/692 2701/227/692 2697/226/692
f 2352/228/364 2364/230/364 2351/229/364
f 2246/118/457 2226/232/457 2227/231/457
f 2627/233/692 2646/234/692 2626/104/692
f 2219/235/692 2380/237/692 2218/236/692
f 2536/238/1307 2669/240/1307 2670/239/1307
f 2520/241/692 2521/243/692 2505/242/692
f 2624/91/692 2594/92/692 2623/124/692
f 2549/244/692 2550/245/692 2541/127/692
f 2432/246/692 2443/248/692 2444/247/692
f 2337/249/1305 2374/136/1305 2375/250/1305
f 2543/30/497 2548/252/497 2542/251/497
f 2542/251/692 2549/244/692 2541/127/692
f 2547/31/692 2548/252/692 2543/30/692
f 2241/253/116 2237/255/116 2240/254/116
f 2546/22/760 2547/31/760 2544/24/760
f 2377/256/1314 2335/258/1314 2336/257/1314
f 2260/259/692 2258/216/692 2259/260/692
f 2377/256/692 2336/257/692 2376/261/692
f 2536/238/109 2670/239/109 2671/262/109
f 2660/263/692 2557/264/692 2659/186/692
f 2246/118/1305 2227/231/1305 2228/265/1305
f 2317/266/692 2332/268/692 2316/267/692
f 2613/269/1310 2608/139/1310 2609/44/1310
f 2217/270/66 2385/272/66 2386/271/66
f 2433/273/692 2442/274/692 2443/248/692
f 2260/259/692 2261/218/692 2258/216/692
f 2536/238/692 2671/262/692 2535/153/692
f 2628/133/692 2644/275/692 2627/233/692
f 2478/78/692 2721/79/692 2477/276/692
f 2732/277/692 2733/278/692 2737/13/692
f 2718/279/263 2480/281/263 2481/280/263
f 2362/282/692 2352/228/692 2361/283/692
f 2716/110/1310 2483/285/1310 2484/284/1310
f 2249/286/109 2221/288/109 2248/287/109
f 2363/289/1315 2364/230/1315 2352/228/1315
f 2353/290/692 2361/283/692 2352/228/692
f 2643/291/692 2644/275/692 2628/133/692
f 2512/292/1316 2509/163/1316 2511/161/1316
f 2648/105/692 2649/88/692 2625/89/692
f 2533/293/692 2534/1/692 2527/2/692
f 2324/294/692 2326/295/692 2327/8/692
f 2533/293/1310 2530/297/1310 2531/296/1310
f 2694/298/263 2686/300/263 2687/299/263
f 2533/293/1305 2529/301/1305 2530/297/1305
f 2533/293/692 2528/302/692 2529/301/692
f 2631/68/210 2637/69/210 2630/82/210
f 2533/293/1305 2527/2/1305 2528/302/1305
f 2534/1/1305 2502/107/1305 2526/3/1305
f 2646/234/692 2647/303/692 2626/104/692
f 2691/304/692 2688/306/692 2689/305/692
f 2664/129/692 2541/127/692 2550/245/692
f 2525/307/692 2526/3/692 2502/107/692
f 2479/308/1307 2720/80/1307 2478/78/1307
f 2524/108/692 2525/307/692 2502/107/692
f 2523/309/692 2524/108/692 2503/106/692
f 2690/310/692 2691/304/692 2689/305/692
f 2522/311/692 2523/309/692 2504/312/692
f 2521/243/692 2522/311/692 2504/312/692
f 2616/66/692 2606/314/692 2615/313/692
f 2618/38/1305 2602/83/1305 2603/40/1305
f 2535/153/1310 2673/154/1310 2674/220/1310
f 2517/315/692 2518/316/692 2506/28/692
f 2688/306/692 2692/317/692 2687/299/692
f 2516/29/1317 2517/315/1317 2506/28/1317
f 2515/318/692 2516/29/692 2507/27/692
f 2514/319/692 2515/318/692 2507/27/692
f 2513/320/692 2514/319/692 2507/27/692
f 2512/292/1317 2513/320/1317 2507/27/1317
f 2461/70/263 2723/321/263 2724/210/263
f 2508/322/420 2509/163/420 2512/292/420
f 2716/110/692 2482/111/692 2483/285/692
f 2630/82/692 2639/35/692 2629/36/692
f 2686/300/692 2695/323/692 2685/172/692
f 2632/64/692 2636/65/692 2631/68/692
f 2247/101/1307 2222/324/1307 2223/103/1307
f 2540/128/692 2664/129/692 2539/211/692
f 2731/325/692 2737/13/692 2730/326/692
f 2661/204/1307 2554/327/1307 2555/203/1307
f 2691/304/692 2692/317/692 2688/306/692
f 2278/328/1310 2312/329/1310 2277/182/1310
f 2447/12/692 2415/331/692 2446/330/692
f 2505/242/692 2521/243/692 2504/312/692
f 2557/264/457 2660/263/457 2556/202/457
f 2696/332/692 2701/227/692 2685/172/692
f 2697/226/692 2701/227/692 2696/332/692
f 2684/173/692 2702/174/692 2683/219/692
f 2275/333/1307 2276/177/1307 2315/175/1307
f 2620/73/692 2599/97/692 2600/75/692
f 2244/334/692 2234/62/692 2243/52/692
f 2662/221/692 2554/327/692 2661/204/692
f 2658/16/66 2560/17/66 2561/188/66
f 2351/229/692 2365/336/692 2350/335/692
f 2462/337/692 2722/338/692 2723/321/692
f 2499/48/1307 2682/49/1307 2683/219/1307
f 2702/174/1312 2703/339/1312 2498/178/1312
f 2701/227/66 2698/225/66 2699/340/66
f 2248/287/692 2221/288/692 2247/101/692
f 2704/341/692 2705/342/692 2498/178/692
f 2479/308/1310 2719/343/1310 2720/80/1310
f 2253/344/692 2220/346/692 2252/345/692
f 2706/179/692 2707/21/692 2497/19/692
f 2707/21/109 2708/113/109 2496/20/109
f 2462/337/1312 2723/321/1312 2461/70/1312
f 2533/293/420 2531/296/420 2532/347/420
f 2709/348/364 2710/56/364 2493/54/364
f 2490/349/1310 2491/351/1310 2711/350/1310
f 2657/141/1308 2572/190/1308 2573/143/1308
f 2489/352/692 2490/349/692 2712/353/692
f 2659/186/364 2557/264/364 2558/187/364
f 2489/352/263 2712/353/263 2713/354/263
f 2488/355/692 2489/352/692 2713/354/692
f 2488/355/1305 2713/354/1305 2714/158/1305
f 2487/356/692 2488/355/692 2714/158/692
f 2487/356/420 2714/158/420 2486/159/420
f 2427/357/692 2424/359/692 2426/358/692
f 2715/360/692 2485/160/692 2714/158/692
f 2715/360/1307 2484/284/1307 2485/160/1307
f 2716/110/692 2484/284/692 2715/360/692
f 2236/361/692 2237/255/692 2241/253/692
f 2518/316/489 2519/362/489 2506/28/489
f 2495/112/692 2708/113/692 2494/363/692
f 2556/202/263 2660/263/263 2661/204/263
f 2708/113/364 2709/348/364 2494/363/364
f 2452/364/692 2751/366/692 2752/365/692
f 2340/156/263 2370/367/263 2371/146/263
f 2694/298/1305 2695/323/1305 2686/300/1305
f 2239/368/1318 2240/254/1318 2238/369/1318
f 2304/370/692 2305/61/692 2308/59/692
f 2464/371/497 2477/276/497 2463/372/497
f 2215/373/263 2395/375/263 2396/374/263
f 2295/376/1312 2296/378/1312 2282/377/1312
f 2729/379/692 2738/381/692 2728/380/692
f 2500/93/692 2679/201/692 2499/48/692
f 2675/215/692 2501/122/692 2534/1/692
f 2280/382/692 2301/383/692 2279/99/692
f 2658/16/450 2558/187/450 2559/18/450
f 2535/153/692 2671/262/692 2672/155/692
f 2247/101/1305 2221/288/1305 2222/324/1305
f 2252/345/1305 2220/346/1305 2251/384/1305
f 2701/227/692 2702/174/692 2685/172/692
f 2679/201/692 2500/93/692 2678/94/692
f 2463/372/692 2477/276/692 2721/79/692
f 2738/381/692 2729/379/692 2737/13/692
f 2653/4/1319 2590/205/1319 2591/180/1319
f 2731/325/1307 2732/277/1307 2737/13/1307
f 2476/385/692 2477/276/692 2465/386/692
f 2340/156/692 2345/388/692 2346/387/692
f 2641/77/692 2642/134/692 2629/36/692
f 2468/389/692 2475/391/692 2467/390/692
f 2474/392/692 2475/391/692 2468/389/692
f 2473/393/692 2470/395/692 2471/394/692
f 2737/13/1310 2729/379/1310 2730/326/1310
f 2476/385/263 2466/396/263 2475/391/263
f 2472/397/692 2473/393/692 2471/394/692
f 2216/398/692 2391/400/692 2392/399/692
f 2733/278/692 2734/76/692 2737/13/692
f 2654/150/1310 2590/205/1310 2653/4/1310
f 2508/322/692 2512/292/692 2507/27/692
f 2293/401/692 2285/224/692 2292/222/692
f 2219/235/446 2315/175/446 2316/267/446
f 2655/164/109 2582/402/109 2583/185/109
f 2292/222/1320 2286/223/1320 2291/403/1320
f 2463/372/692 2722/338/692 2462/337/692
f 2418/404/263 2419/406/263 2431/405/263
f 2705/342/692 2706/179/692 2498/178/692
f 2461/70/692 2727/71/692 2738/381/692
f 2257/217/692 2265/408/692 2256/407/692
f 2336/257/1305 2375/250/1305 2376/261/1305
f 2745/409/692 2461/70/692 2744/85/692
f 2460/410/692 2461/70/692 2745/409/692
f 2460/410/692 2745/409/692 2746/411/692
f 2459/412/1307 2460/410/1307 2746/411/1307
f 2459/412/692 2746/411/692 2747/413/692
f 2458/414/1310 2459/412/1310 2747/413/1310
f 2458/414/692 2747/413/692 2748/415/692
f 2457/416/692 2458/414/692 2748/415/692
f 2457/416/692 2748/415/692 2749/417/692
f 2456/418/692 2457/416/692 2749/417/692
f 2455/419/692 2456/418/692 2750/420/692
f 2475/391/692 2466/396/692 2467/390/692
f 2455/419/1307 2750/420/1307 2454/421/1307
f 2461/70/692 2741/423/692 2742/422/692
f 2453/424/692 2454/421/692 2751/366/692
f 2453/424/692 2751/366/692 2452/364/692
f 2536/238/1310 2668/425/1310 2669/240/1310
f 2451/426/1307 2452/364/1307 2752/365/1307
f 2450/427/692 2451/426/692 2752/365/692
f 2449/428/497 2450/427/497 2752/365/497
f 2449/428/692 2752/365/692 2753/429/692
f 2436/430/692 2437/432/692 2438/431/692
f 2465/386/692 2477/276/692 2464/371/692
f 2436/430/692 2438/431/692 2439/433/692
f 2436/430/1305 2439/433/1305 2440/434/1305
f 2436/430/263 2440/434/263 2435/435/263
f 2435/435/263 2440/434/263 2441/436/263
f 2693/437/692 2694/298/692 2687/299/692
f 2448/438/692 2413/11/692 2447/12/692
f 2754/439/692 2449/428/692 2753/429/692
f 2435/435/692 2441/436/692 2434/440/692
f 2433/273/692 2443/248/692 2432/246/692
f 2220/346/263 2268/442/263 2269/441/263
f 2449/428/692 2413/11/692 2448/438/692
f 2466/396/692 2476/385/692 2465/386/692
f 2434/440/1305 2441/436/1305 2442/274/1305
f 2446/330/692 2416/444/692 2445/443/692
f 2413/11/692 2754/439/692 2755/445/692
f 2432/246/1305 2418/404/1305 2431/405/1305
f 2414/10/692 2415/331/692 2447/12/692
f 2754/439/692 2413/11/692 2449/428/692
f 2415/331/692 2416/444/692 2446/330/692
f 2430/446/692 2420/448/692 2429/447/692
f 2431/405/692 2419/406/692 2430/446/692
f 2428/449/692 2422/450/692 2427/357/692
f 2537/167/364 2668/425/364 2536/238/364
f 2413/11/692 2755/445/692 2756/209/692
f 2429/447/692 2421/451/692 2428/449/692
f 2425/452/692 2426/358/692 2424/359/692
f 2420/448/692 2421/451/692 2429/447/692
f 2354/453/692 2359/454/692 2353/290/692
f 2418/404/692 2444/247/692 2417/455/692
f 2417/455/692 2445/443/692 2416/444/692
f 2662/221/66 2553/130/66 2554/327/66
f 2412/456/692 2413/11/692 2756/209/692
f 2432/246/692 2444/247/692 2418/404/692
f 2423/457/1305 2424/359/1305 2427/357/1305
f 2469/458/1305 2470/395/1305 2474/392/1305
f 2419/406/692 2420/448/692 2430/446/692
f 2421/451/263 2422/450/263 2428/449/263
f 2422/450/1307 2423/457/1307 2427/357/1307
f 2412/456/692 2756/209/692 2411/207/692
f 2569/192/1310 2565/115/1310 2566/195/1310
f 2410/459/692 2411/207/692 2757/208/692
f 2410/459/692 2757/208/692 2758/460/692
f 2409/461/692 2410/459/692 2758/460/692
f 2408/462/692 2409/461/692 2758/460/692
f 2408/462/692 2758/460/692 2759/463/692
f 2407/464/692 2408/462/692 2759/463/692
f 2406/465/692 2407/464/692 2759/463/692
f 2406/465/692 2759/463/692 2760/466/692
f 2405/467/692 2406/465/692 2760/466/692
f 2405/467/692 2760/466/692 2209/468/692
f 2405/467/692 2209/468/692 2210/469/692
f 2404/470/692 2405/467/692 2210/469/692
f 2404/470/692 2210/469/692 2211/471/692
f 2404/470/692 2211/471/692 2212/472/692
f 2403/473/692 2404/470/692 2212/472/692
f 2403/473/692 2212/472/692 2213/474/692
f 2402/475/692 2403/473/692 2213/474/692
f 2401/476/692 2402/475/692 2213/474/692
f 2401/476/692 2213/474/692 2214/477/692
f 2400/478/692 2401/476/692 2214/477/692
f 2400/478/692 2214/477/692 2399/479/692
f 2718/279/692 2481/280/692 2717/109/692
f 2398/480/263 2399/479/263 2215/373/263
f 2397/481/692 2398/480/692 2215/373/692
f 2397/481/1305 2215/373/1305 2396/374/1305
f 2434/440/692 2442/274/692 2433/273/692
f 2216/398/692 2395/375/692 2215/373/692
f 2394/482/692 2395/375/692 2216/398/692
f 2393/483/692 2394/482/692 2216/398/692
f 2393/483/692 2216/398/692 2392/399/692
f 2469/458/692 2474/392/692 2468/389/692
f 2217/270/692 2391/400/692 2216/398/692
f 2390/484/692 2391/400/692 2217/270/692
f 2389/485/692 2390/484/692 2217/270/692
f 2388/486/692 2389/485/692 2217/270/692
f 2387/487/692 2388/486/692 2217/270/692
f 2387/487/109 2217/270/109 2386/271/109
f 2399/479/692 2214/477/692 2215/373/692
f 2218/236/692 2385/272/692 2217/270/692
f 2384/488/692 2385/272/692 2218/236/692
f 2383/489/109 2384/488/109 2218/236/109
f 2382/490/364 2383/489/364 2218/236/364
f 2381/491/692 2382/490/692 2218/236/692
f 2380/237/692 2381/491/692 2218/236/692
f 2379/492/692 2380/237/692 2219/235/692
f 2378/493/692 2379/492/692 2219/235/692
f 2377/256/692 2378/493/692 2219/235/692
f 2539/211/1310 2664/129/1310 2665/212/1310
f 2663/132/1310 2551/494/1310 2552/131/1310
f 2655/164/1321 2585/495/1321 2586/152/1321
f 2655/164/292 2584/184/292 2585/495/292
f 2282/377/692 2296/378/692 2281/496/692
f 2340/156/692 2347/497/692 2370/367/692
f 2340/156/692 2346/387/692 2347/497/692
f 2369/498/692 2370/367/692 2347/497/692
f 2368/499/692 2369/498/692 2348/500/692
f 2367/501/337 2368/499/337 2349/502/337
f 2366/503/692 2367/501/692 2350/335/692
f 2365/336/109 2366/503/109 2350/335/109
f 2364/230/692 2365/336/692 2351/229/692
f 2221/288/1307 2249/286/1307 2250/504/1307
f 2362/282/692 2363/289/692 2352/228/692
f 2597/181/692 2622/125/692 2596/123/692
f 2360/505/692 2361/283/692 2353/290/692
f 2359/454/692 2360/505/692 2353/290/692
f 2244/334/364 2233/506/364 2234/62/364
f 2357/197/692 2358/507/692 2354/453/692
f 2519/362/692 2520/241/692 2505/242/692
f 2657/141/1308 2575/508/1308 2576/157/1308
f 2354/453/311 2355/199/311 2357/197/311
f 2657/141/497 2574/142/497 2575/508/497
f 2474/392/692 2470/395/692 2473/393/692
f 2551/494/692 2664/129/692 2550/245/692
f 2367/501/1307 2349/502/1307 2350/335/1307
f 2341/509/1322 2345/388/1322 2340/156/1322
f 2368/499/364 2348/500/364 2349/502/364
f 2369/498/497 2347/497/497 2348/500/497
f 2619/74/1310 2600/75/1310 2601/84/1310
f 2344/510/692 2345/388/692 2341/509/692
f 2343/511/692 2344/510/692 2341/509/692
f 2342/512/692 2343/511/692 2341/509/692
f 2638/81/311 2630/82/311 2637/69/311
f 2338/135/692 2374/136/692 2337/249/692
f 2701/227/692 2699/340/692 2700/513/692
f 2255/514/692 2220/346/692 2254/515/692
f 2632/64/162 2633/171/162 2635/63/162
f 2494/363/692 2709/348/692 2493/54/692
f 2461/70/692 2738/381/692 2739/516/692
f 2711/350/692 2492/55/692 2710/56/692
f 2219/235/692 2335/258/692 2377/256/692
f 2334/517/207 2335/258/207 2219/235/207
f 2333/518/692 2334/517/692 2219/235/692
f 2332/268/692 2333/518/692 2219/235/692
f 2331/519/692 2332/268/692 2317/266/692
f 2330/25/692 2331/519/692 2318/520/692
f 2616/66/450 2605/67/450 2606/314/450
f 2328/7/692 2330/25/692 2323/9/692
f 2339/144/692 2372/145/692 2338/135/692
f 2321/521/1310 2322/522/1310 2330/25/1310
f 2325/523/692 2326/295/692 2324/294/692
f 2655/164/66 2579/213/66 2580/166/66
f 2337/249/1323 2375/250/1323 2336/257/1323
f 2320/524/692 2321/521/692 2330/25/692
f 2687/299/263 2692/317/263 2693/437/263
f 2319/525/692 2320/524/692 2330/25/692
f 2318/520/692 2319/525/692 2330/25/692
f 2291/403/398 2286/223/398 2287/47/398
f 2358/507/692 2359/454/692 2354/453/692
f 2246/118/263 2225/119/263 2226/232/263
f 2535/153/692 2674/220/692 2534/1/692
f 2315/175/692 2219/235/692 2275/333/692
f 2318/520/692 2331/519/692 2317/266/692
f 2313/526/170 2314/176/170 2277/182/170
f 2312/329/692 2313/526/692 2277/182/692
f 2311/527/692 2312/329/692 2278/328/692
f 2310/528/692 2311/527/692 2278/328/692
f 2309/529/1324 2310/528/1324 2278/328/1324
f 2338/135/1305 2372/145/1305 2373/137/1305
f 2504/312/497 2523/309/497 2503/106/497
f 2309/529/692 2304/370/692 2308/59/692
f 2538/183/1310 2665/212/1310 2666/169/1310
f 2278/328/692 2304/370/692 2309/529/692
f 2303/100/692 2304/370/692 2279/99/692
f 2246/118/446 2228/265/446 2229/530/446
f 2301/383/692 2302/98/692 2279/99/692
f 2300/531/692 2301/383/692 2280/382/692
f 2655/164/1324 2581/165/1324 2582/402/1324
f 2298/532/692 2299/533/692 2280/382/692
f 2297/534/692 2298/532/692 2281/496/692
f 2296/378/692 2297/534/692 2281/496/692
f 2461/70/692 2742/422/692 2743/86/692
f 2307/60/692 2305/61/692 2306/535/692
f 2293/401/692 2294/537/692 2284/536/692
f 2291/403/1325 2287/47/1325 2290/45/1325
f 2289/538/692 2290/45/692 2288/46/692
f 2654/150/1326 2587/151/1326 2588/539/1326
f 2295/376/692 2283/540/692 2294/537/692
f 2685/172/692 2695/323/692 2696/332/692
f 2293/401/263 2284/536/263 2285/224/263
f 2282/377/337 2283/540/337 2295/376/337
f 2294/537/692 2283/540/692 2284/536/692
f 2654/150/450 2588/539/450 2589/206/450
f 2615/313/1313 2607/140/1313 2614/138/1313
f 2499/48/1305 2680/200/1305 2681/50/1305
f 2617/58/692 2604/39/692 2605/67/692
f 2279/99/1310 2304/370/1310 2278/328/1310
f 2316/267/1305 2332/268/1305 2219/235/1305
f 2537/167/497 2667/168/497 2668/425/497
f 2247/101/692 2224/102/692 2246/118/692
f 2275/333/692 2219/235/692 2220/346/692
f 2220/346/692 2274/541/692 2275/333/692
f 2220/346/692 2273/542/692 2274/541/692
f 2220/346/263 2272/543/263 2273/542/263
f 2220/346/263 2271/544/263 2272/543/263
f 2220/346/1307 2270/545/1307 2271/544/1307
f 2220/346/263 2269/441/263 2270/545/263
f 2480/281/692 2719/343/692 2479/308/692
f 2703/339/420 2704/341/420 2498/178/420
f 2254/515/692 2220/346/692 2253/344/692
f 2728/380/692 2738/381/692 2727/71/692
f 2221/288/1307 2250/504/1307 2251/384/1307
f 2644/275/692 2645/546/692 2627/233/692
f 2251/384/692 2220/346/692 2221/288/692
f 2719/343/692 2480/281/692 2718/279/692
f 2499/48/692 2683/219/692 2498/178/692
f 2717/109/1307 2481/280/1307 2482/111/1307
f 2267/547/692 2220/346/692 2256/407/692
f 2281/496/692 2298/532/692 2280/382/692
f 2750/420/692 2456/418/692 2749/417/692
f 2506/28/692 2519/362/692 2505/242/692
f 2266/548/692 2267/547/692 2256/407/692
f 2256/407/1307 2220/346/1307 2255/514/1307
f 2595/126/109 2623/124/109 2594/92/109
f 2664/129/66 2551/494/66 2663/132/66
f 2265/408/92 2266/548/92 2256/407/92
f 2647/303/692 2648/105/692 2626/104/692
f 2264/549/692 2265/408/692 2257/217/692
f 2461/70/692 2740/550/692 2741/423/692
f 2263/551/692 2264/549/692 2257/217/692
f 2230/34/692 2246/118/692 2229/530/692
f 2262/552/692 2263/551/692 2257/217/692
f 2542/251/692 2548/252/692 2549/244/692
f 2261/218/692 2262/552/692 2257/217/692
f 2246/118/1310 2230/34/1310 2245/32/1310
f 2642/134/692 2643/291/692 2628/133/692
f 2240/254/692 2237/255/692 2238/369/692
f 2454/421/692 2750/420/692 2751/366/692
f 2220/346/263 2267/547/263 2268/442/263
f 2645/546/692 2646/234/692 2627/233/692
f 2615/313/66 2606/314/66 2607/140/66
f 2233/506/76 2245/32/76 2232/87/76
f 2327/8/692 2323/9/692 2324/294/692
f 2655/164/692 2586/152/692 2654/150/692
f 2614/138/311 2608/139/311 2613/269/311
f 2461/70/692 2739/516/692 2740/550/692
f 2245/32/420 2233/506/420 2244/334/420
f 2609/44/292 2612/43/292 2613/269/292
f 2463/372/692 2721/79/692 2722/338/692
f 2491/351/692 2492/55/692 2711/350/692
f 2241/253/692 2242/53/692 2236/361/692
f 2323/9/66 2330/25/66 2322/522/66
f 2236/361/692 2242/53/692 2235/51/692
f 2299/533/692 2300/531/692 2280/382/692
f 2712/353/692 2490/349/692 2711/350/692
f 2657/141/692 2561/188/692 2572/190/692
f 2417/455/692 2444/247/692 2445/443/692
f 1680/87/1007 2232/87/1007 2231/33/1007 1679/33/1007
f 2009/188/1279 2561/188/1279 2560/17/1279 2008/17/1279
