# Blender 4.0.2
# www.blender.org
mtllib Stella_M_corner.mtl
o Stella_M_corner
v 0.301067 0.015679 -0.611611
v 0.301067 0.015777 -0.611613
v 0.301067 0.015874 -0.611619
v 0.301067 0.015972 -0.611630
v 0.301067 0.016069 -0.611643
v 0.301067 0.016166 -0.611661
v 0.301067 0.016261 -0.611681
v 0.301067 0.016355 -0.611705
v 0.301067 0.016447 -0.611731
v 0.301067 0.016537 -0.611760
v 0.301067 0.016625 -0.611790
v 0.301067 0.016709 -0.611823
v 0.301067 0.016790 -0.611858
v 0.301067 0.016949 -0.611948
v 0.301067 0.017082 -0.612048
v 0.301067 0.017194 -0.612159
v 0.301067 0.017286 -0.612277
v 0.301067 0.017362 -0.612402
v 0.301067 0.017425 -0.612532
v 0.301067 0.017478 -0.612666
v 0.301067 0.017523 -0.612803
v 0.301067 0.017564 -0.612939
v 0.301067 0.017604 -0.613075
v 0.301067 0.017645 -0.613209
v 0.301067 0.017690 -0.613340
v 0.301067 0.017720 -0.613435
v 0.301067 0.017750 -0.613529
v 0.301067 0.017781 -0.613619
v 0.301067 0.017815 -0.613706
v 0.301067 0.017855 -0.613789
v 0.301067 0.017901 -0.613869
v 0.301067 0.017957 -0.613944
v 0.301067 0.018023 -0.614014
v 0.301067 0.018102 -0.614079
v 0.301067 0.018194 -0.614138
v 0.301067 0.018304 -0.614192
v 0.301067 0.018431 -0.614239
v 0.301067 0.018515 -0.614271
v 0.301067 0.018599 -0.614305
v 0.301067 0.018683 -0.614341
v 0.301067 0.018766 -0.614380
v 0.301067 0.018848 -0.614420
v 0.301067 0.018929 -0.614462
v 0.301067 0.019007 -0.614506
v 0.301067 0.019082 -0.614551
v 0.301067 0.019155 -0.614599
v 0.301067 0.019223 -0.614648
v 0.301067 0.019288 -0.614699
v 0.301067 0.019348 -0.614751
v 0.301067 0.019416 -0.614818
v 0.301067 0.019481 -0.614888
v 0.301067 0.019542 -0.614961
v 0.301067 0.019600 -0.615035
v 0.301067 0.019655 -0.615111
v 0.301067 0.019709 -0.615187
v 0.301067 0.019761 -0.615265
v 0.301067 0.019813 -0.615343
v 0.301067 0.019864 -0.615421
v 0.301067 0.019914 -0.615498
v 0.301067 0.019966 -0.615575
v 0.301067 0.020018 -0.615650
v 0.301067 0.020103 -0.615749
v 0.301067 0.020213 -0.615840
v 0.301067 0.020346 -0.615923
v 0.301067 0.020495 -0.615996
v 0.301067 0.020658 -0.616059
v 0.301067 0.020829 -0.616109
v 0.301067 0.021005 -0.616146
v 0.301067 0.021181 -0.616169
v 0.301067 0.021352 -0.616176
v 0.301067 0.021515 -0.616167
v 0.301067 0.021666 -0.616139
v 0.301067 0.021799 -0.616091
v 0.301067 0.021987 -0.616002
v 0.301067 0.022173 -0.615910
v 0.301067 0.022357 -0.615818
v 0.301067 0.022542 -0.615727
v 0.301067 0.022729 -0.615639
v 0.301067 0.022919 -0.615556
v 0.301067 0.023113 -0.615479
v 0.301067 0.023313 -0.615409
v 0.301067 0.023520 -0.615350
v 0.301067 0.023736 -0.615301
v 0.301067 0.023961 -0.615266
v 0.301067 0.024198 -0.615245
v 0.301067 0.024379 -0.615236
v 0.301067 0.024559 -0.615220
v 0.301067 0.024740 -0.615198
v 0.301067 0.024921 -0.615170
v 0.301067 0.025103 -0.615139
v 0.301067 0.025285 -0.615106
v 0.301067 0.025467 -0.615071
v 0.301067 0.025649 -0.615037
v 0.301067 0.025832 -0.615004
v 0.301067 0.026016 -0.614974
v 0.301067 0.026200 -0.614948
v 0.301067 0.026385 -0.614927
v 0.301067 0.026478 -0.614922
v 0.301067 0.026574 -0.614922
v 0.301067 0.026671 -0.614927
v 0.301067 0.026769 -0.614936
v 0.301067 0.026869 -0.614948
v 0.301067 0.026969 -0.614962
v 0.301067 0.027069 -0.614978
v 0.301067 0.027170 -0.614995
v 0.301067 0.027270 -0.615012
v 0.301067 0.027370 -0.615027
v 0.301067 0.027469 -0.615040
v 0.301067 0.027566 -0.615051
v 0.301067 0.027738 -0.615072
v 0.301067 0.027910 -0.615092
v 0.301067 0.028082 -0.615112
v 0.301067 0.028254 -0.615130
v 0.301067 0.028426 -0.615149
v 0.301067 0.028598 -0.615167
v 0.301067 0.028770 -0.615187
v 0.301067 0.028942 -0.615206
v 0.301067 0.029114 -0.615227
v 0.301067 0.029286 -0.615249
v 0.301067 0.029458 -0.615272
v 0.301067 0.029630 -0.615298
v 0.301067 0.029758 -0.615320
v 0.301067 0.029887 -0.615343
v 0.301067 0.030016 -0.615368
v 0.301067 0.030145 -0.615394
v 0.301067 0.030273 -0.615421
v 0.301067 0.030401 -0.615450
v 0.301067 0.030529 -0.615480
v 0.301067 0.030655 -0.615513
v 0.301067 0.030781 -0.615548
v 0.301067 0.030904 -0.615586
v 0.301067 0.031026 -0.615625
v 0.301067 0.031147 -0.615668
v 0.301067 0.031291 -0.615722
v 0.301067 0.031435 -0.615779
v 0.301067 0.031577 -0.615839
v 0.301067 0.031718 -0.615900
v 0.301067 0.031858 -0.615963
v 0.301067 0.031998 -0.616027
v 0.301067 0.032136 -0.616093
v 0.301067 0.032274 -0.616159
v 0.301067 0.032411 -0.616226
v 0.301067 0.032548 -0.616293
v 0.301067 0.032685 -0.616360
v 0.301067 0.032822 -0.616427
v 0.301067 0.033046 -0.616533
v 0.301067 0.033268 -0.616642
v 0.301067 0.033487 -0.616753
v 0.301067 0.033703 -0.616868
v 0.301067 0.033915 -0.616987
v 0.301067 0.034123 -0.617110
v 0.301067 0.034325 -0.617239
v 0.301067 0.034522 -0.617373
v 0.301067 0.034712 -0.617513
v 0.301067 0.034895 -0.617661
v 0.301067 0.035071 -0.617816
v 0.301067 0.035238 -0.617979
v 0.301067 0.035368 -0.618110
v 0.301067 0.035502 -0.618239
v 0.301067 0.035639 -0.618367
v 0.301067 0.035780 -0.618493
v 0.301067 0.035922 -0.618618
v 0.301067 0.036067 -0.618742
v 0.301067 0.036213 -0.618865
v 0.301067 0.036360 -0.618988
v 0.301067 0.036508 -0.619110
v 0.301067 0.036656 -0.619233
v 0.301067 0.036803 -0.619355
v 0.301067 0.036949 -0.619478
v 0.301067 0.037012 -0.619530
v 0.301067 0.037076 -0.619578
v 0.301067 0.037143 -0.619623
v 0.301067 0.037212 -0.619663
v 0.301067 0.037285 -0.619700
v 0.301067 0.037361 -0.619732
v 0.301067 0.037442 -0.619759
v 0.301067 0.037526 -0.619781
v 0.301067 0.037616 -0.619798
v 0.301067 0.037711 -0.619810
v 0.301067 0.037812 -0.619815
v 0.301067 0.037919 -0.619814
v 0.301067 0.038303 -0.619810
v 0.301067 0.038687 -0.619807
v 0.301067 0.039073 -0.619806
v 0.301067 0.039458 -0.619806
v 0.301067 0.039844 -0.619806
v 0.301067 0.040229 -0.619807
v 0.301067 0.040615 -0.619808
v 0.301067 0.041001 -0.619810
v 0.301067 0.041386 -0.619811
v 0.301067 0.041771 -0.619812
v 0.301067 0.042156 -0.619813
v 0.301067 0.042540 -0.619814
v 0.301067 0.042581 -0.619866
v 0.301067 0.042626 -0.619919
v 0.301067 0.042673 -0.619972
v 0.301067 0.042720 -0.620025
v 0.301067 0.042767 -0.620077
v 0.301067 0.042811 -0.620129
v 0.301067 0.042852 -0.620180
v 0.301067 0.042889 -0.620232
v 0.301067 0.042919 -0.620282
v 0.301067 0.042943 -0.620333
v 0.301067 0.042958 -0.620382
v 0.301067 0.042963 -0.620431
v 0.301067 0.042971 -0.620815
v 0.301067 0.042977 -0.621199
v 0.301067 0.042981 -0.621583
v 0.301067 0.042983 -0.621968
v 0.301067 0.042985 -0.622353
v 0.301067 0.042985 -0.622740
v 0.301067 0.042985 -0.623127
v 0.301067 0.042984 -0.623516
v 0.301067 0.042983 -0.623906
v 0.301067 0.042982 -0.624298
v 0.301067 0.042981 -0.624692
v 0.301067 0.042981 -0.625088
v 0.301067 0.042968 -0.625088
v 0.301067 0.042932 -0.625088
v 0.301067 0.042879 -0.625088
v 0.301067 0.042812 -0.625088
v 0.301067 0.042735 -0.625088
v 0.301067 0.042654 -0.625088
v 0.301067 0.042574 -0.625088
v 0.301067 0.042497 -0.625088
v 0.301067 0.042430 -0.625088
v 0.301067 0.042376 -0.625088
v 0.301067 0.042341 -0.625088
v 0.301067 0.042328 -0.625088
v 0.301067 0.039030 -0.625088
v 0.301067 0.038974 -0.625015
v 0.301067 0.038913 -0.624947
v 0.301067 0.038847 -0.624884
v 0.301067 0.038775 -0.624827
v 0.301067 0.038700 -0.624775
v 0.301067 0.038620 -0.624729
v 0.301067 0.038537 -0.624689
v 0.301067 0.038450 -0.624655
v 0.301067 0.038360 -0.624629
v 0.301067 0.038268 -0.624610
v 0.301067 0.038174 -0.624598
v 0.301067 0.038078 -0.624594
v 0.301067 0.037978 -0.624598
v 0.301067 0.037881 -0.624610
v 0.301067 0.037788 -0.624629
v 0.301067 0.037698 -0.624655
v 0.301067 0.037611 -0.624689
v 0.301067 0.037529 -0.624729
v 0.301067 0.037450 -0.624775
v 0.301067 0.037376 -0.624827
v 0.301067 0.037306 -0.624884
v 0.301067 0.037241 -0.624947
v 0.301067 0.037181 -0.625015
v 0.301067 0.037125 -0.625088
v 0.301067 0.037097 -0.625088
v 0.301067 0.037014 -0.625088
v 0.301067 0.036883 -0.625088
v 0.301067 0.036707 -0.625088
v 0.301067 0.036493 -0.625088
v 0.301067 0.036243 -0.625088
v 0.301067 0.035965 -0.625088
v 0.301067 0.035662 -0.625088
v 0.301067 0.035340 -0.625088
v 0.301067 0.035002 -0.625088
v 0.301067 0.034655 -0.625088
v 0.301067 0.034303 -0.625088
v 0.301067 0.034244 -0.625015
v 0.301067 0.034180 -0.624947
v 0.301067 0.034112 -0.624884
v 0.301067 0.034040 -0.624827
v 0.301067 0.033964 -0.624775
v 0.301067 0.033885 -0.624729
v 0.301067 0.033801 -0.624689
v 0.301067 0.033714 -0.624655
v 0.301067 0.033624 -0.624629
v 0.301067 0.033530 -0.624610
v 0.301067 0.033433 -0.624598
v 0.301067 0.033333 -0.624594
v 0.301067 0.033237 -0.624598
v 0.301067 0.033143 -0.624610
v 0.301067 0.033051 -0.624629
v 0.301067 0.032961 -0.624655
v 0.301067 0.032874 -0.624689
v 0.301067 0.032791 -0.624729
v 0.301067 0.032712 -0.624775
v 0.301067 0.032636 -0.624827
v 0.301067 0.032565 -0.624884
v 0.301067 0.032498 -0.624947
v 0.301067 0.032437 -0.625015
v 0.301067 0.032381 -0.625088
v 0.301067 0.032326 -0.625088
v 0.301067 0.032172 -0.625088
v 0.301067 0.031940 -0.625088
v 0.301067 0.031649 -0.625088
v 0.301067 0.031320 -0.625088
v 0.301067 0.030970 -0.625088
v 0.301067 0.030621 -0.625088
v 0.301067 0.030291 -0.625088
v 0.301067 0.030000 -0.625088
v 0.301067 0.029768 -0.625088
v 0.301067 0.029615 -0.625088
v 0.301067 0.029559 -0.625088
v 0.301067 0.029503 -0.625015
v 0.301067 0.029442 -0.624947
v 0.301067 0.029376 -0.624884
v 0.301067 0.029305 -0.624827
v 0.301067 0.029229 -0.624775
v 0.301067 0.029149 -0.624729
v 0.301067 0.029066 -0.624689
v 0.301067 0.028979 -0.624655
v 0.301067 0.028890 -0.624629
v 0.301067 0.028797 -0.624610
v 0.301067 0.028703 -0.624598
v 0.301067 0.028607 -0.624594
v 0.301067 0.028511 -0.624598
v 0.301067 0.028416 -0.624610
v 0.301067 0.028324 -0.624629
v 0.301067 0.028235 -0.624655
v 0.301067 0.028148 -0.624689
v 0.301067 0.028065 -0.624729
v 0.301067 0.027985 -0.624775
v 0.301067 0.027909 -0.624827
v 0.301067 0.027838 -0.624884
v 0.301067 0.027772 -0.624947
v 0.301067 0.027710 -0.625015
v 0.301067 0.027655 -0.625088
v 0.301067 0.027592 -0.625088
v 0.301067 0.027418 -0.625088
v 0.301067 0.027156 -0.625088
v 0.301067 0.026827 -0.625088
v 0.301067 0.026454 -0.625088
v 0.301067 0.026058 -0.625088
v 0.301067 0.025663 -0.625088
v 0.301067 0.025290 -0.625088
v 0.301067 0.024961 -0.625088
v 0.301067 0.024699 -0.625088
v 0.301067 0.024525 -0.625088
v 0.301067 0.024462 -0.625088
v 0.301067 0.024272 -0.625090
v 0.301067 0.024081 -0.625093
v 0.301067 0.023891 -0.625096
v 0.301067 0.023702 -0.625096
v 0.301067 0.023515 -0.625090
v 0.301067 0.023331 -0.625075
v 0.301067 0.023152 -0.625049
v 0.301067 0.022977 -0.625010
v 0.301067 0.022808 -0.624954
v 0.301067 0.022646 -0.624880
v 0.301067 0.022492 -0.624784
v 0.301067 0.022346 -0.624665
v 0.301067 0.022341 -0.624665
v 0.301067 0.022337 -0.624665
v 0.301067 0.022333 -0.624664
v 0.301067 0.022328 -0.624664
v 0.301067 0.022324 -0.624663
v 0.301067 0.022319 -0.624662
v 0.301067 0.022315 -0.624661
v 0.301067 0.022311 -0.624659
v 0.301067 0.022306 -0.624657
v 0.301067 0.022302 -0.624654
v 0.301067 0.022297 -0.624651
v 0.301067 0.022293 -0.624647
v 0.301067 0.022085 -0.624559
v 0.301067 0.021877 -0.624472
v 0.301067 0.021669 -0.624385
v 0.301067 0.021459 -0.624299
v 0.301067 0.021250 -0.624213
v 0.301067 0.021041 -0.624127
v 0.301067 0.020831 -0.624041
v 0.301067 0.020622 -0.623954
v 0.301067 0.020413 -0.623868
v 0.301067 0.020204 -0.623781
v 0.301067 0.019996 -0.623694
v 0.301067 0.019789 -0.623606
v 0.301067 0.019577 -0.623513
v 0.301067 0.019367 -0.623418
v 0.301067 0.019156 -0.623323
v 0.301067 0.018947 -0.623227
v 0.301067 0.018737 -0.623130
v 0.301067 0.018528 -0.623033
v 0.301067 0.018318 -0.622936
v 0.301067 0.018109 -0.622839
v 0.301067 0.017899 -0.622743
v 0.301067 0.017689 -0.622647
v 0.301067 0.017478 -0.622553
v 0.301067 0.017267 -0.622460
v 0.301067 0.016966 -0.622332
v 0.301067 0.016666 -0.622204
v 0.301067 0.016364 -0.622076
v 0.301067 0.016063 -0.621949
v 0.301067 0.015761 -0.621821
v 0.301067 0.015459 -0.621694
v 0.301067 0.015157 -0.621568
v 0.301067 0.014855 -0.621442
v 0.301067 0.014553 -0.621316
v 0.301067 0.014252 -0.621191
v 0.301067 0.013951 -0.621066
v 0.301067 0.013651 -0.620942
v 0.301067 0.013429 -0.620851
v 0.301067 0.013205 -0.620761
v 0.301067 0.012980 -0.620672
v 0.301067 0.012753 -0.620583
v 0.301067 0.012526 -0.620494
v 0.301067 0.012300 -0.620404
v 0.301067 0.012074 -0.620313
v 0.301067 0.011851 -0.620220
v 0.301067 0.011630 -0.620124
v 0.301067 0.011412 -0.620025
v 0.301067 0.011198 -0.619921
v 0.301067 0.010988 -0.619814
v 0.301067 0.010695 -0.619666
v 0.301067 0.010397 -0.619534
v 0.301067 0.010095 -0.619415
v 0.301067 0.009789 -0.619310
v 0.301067 0.009478 -0.619218
v 0.301067 0.009163 -0.619139
v 0.301067 0.008843 -0.619072
v 0.301067 0.008519 -0.619018
v 0.301067 0.008190 -0.618975
v 0.301067 0.007857 -0.618944
v 0.301067 0.007520 -0.618923
v 0.301067 0.007178 -0.618914
v 0.301067 0.006753 -0.618906
v 0.301067 0.006271 -0.618900
v 0.301067 0.005713 -0.618896
v 0.301067 0.005055 -0.618894
v 0.301067 0.004275 -0.618894
v 0.301067 0.003351 -0.618894
v 0.301067 0.002262 -0.618896
v 0.301067 0.000983 -0.618898
v 0.301067 -0.000505 -0.618901
v 0.301067 -0.002226 -0.618905
v 0.301067 -0.004202 -0.618909
v 0.301067 -0.006455 -0.618914
v 0.301067 -0.006549 -0.618915
v 0.301067 -0.006646 -0.618919
v 0.301067 -0.006745 -0.618925
v 0.301067 -0.006845 -0.618933
v 0.301067 -0.006944 -0.618945
v 0.301067 -0.007043 -0.618960
v 0.301067 -0.007140 -0.618978
v 0.301067 -0.007235 -0.619000
v 0.301067 -0.007325 -0.619025
v 0.301067 -0.007411 -0.619055
v 0.301067 -0.007492 -0.619088
v 0.301067 -0.007566 -0.619126
v 0.301067 -0.007751 -0.619235
v 0.301067 -0.007921 -0.619352
v 0.301067 -0.008074 -0.619475
v 0.301067 -0.008212 -0.619606
v 0.301067 -0.008335 -0.619743
v 0.301067 -0.008443 -0.619886
v 0.301067 -0.008538 -0.620036
v 0.301067 -0.008619 -0.620192
v 0.301067 -0.008687 -0.620353
v 0.301067 -0.008742 -0.620521
v 0.301067 -0.008786 -0.620694
v 0.301067 -0.008818 -0.620872
v 0.301067 -0.008848 -0.621092
v 0.301067 -0.008868 -0.621312
v 0.301067 -0.008881 -0.621531
v 0.301067 -0.008890 -0.621749
v 0.301067 -0.008896 -0.621968
v 0.301067 -0.008902 -0.622186
v 0.301067 -0.008910 -0.622404
v 0.301067 -0.008922 -0.622623
v 0.301067 -0.008942 -0.622842
v 0.301067 -0.008971 -0.623061
v 0.301067 -0.009011 -0.623280
v 0.301067 -0.009065 -0.623500
v 0.301067 -0.009100 -0.623637
v 0.301067 -0.009135 -0.623774
v 0.301067 -0.009172 -0.623910
v 0.301067 -0.009210 -0.624045
v 0.301067 -0.009252 -0.624180
v 0.301067 -0.009299 -0.624314
v 0.301067 -0.009350 -0.624447
v 0.301067 -0.009407 -0.624578
v 0.301067 -0.009472 -0.624708
v 0.301067 -0.009544 -0.624837
v 0.301067 -0.009626 -0.624963
v 0.301067 -0.009717 -0.625088
v 0.301067 -0.009789 -0.625088
v 0.301067 -0.009985 -0.625088
v 0.301067 -0.010282 -0.625088
v 0.301067 -0.010655 -0.625088
v 0.301067 -0.011077 -0.625088
v 0.301067 -0.011525 -0.625088
v 0.301067 -0.011973 -0.625088
v 0.301067 -0.012396 -0.625088
v 0.301067 -0.012768 -0.625088
v 0.301067 -0.013065 -0.625088
v 0.301067 -0.013262 -0.625088
v 0.301067 -0.013333 -0.625088
v 0.301067 -0.013389 -0.625015
v 0.301067 -0.013450 -0.624947
v 0.301067 -0.013516 -0.624884
v 0.301067 -0.013588 -0.624827
v 0.301067 -0.013663 -0.624775
v 0.301067 -0.013743 -0.624729
v 0.301067 -0.013826 -0.624689
v 0.301067 -0.013913 -0.624655
v 0.301067 -0.014003 -0.624629
v 0.301067 -0.014095 -0.624610
v 0.301067 -0.014189 -0.624598
v 0.301067 -0.014285 -0.624594
v 0.301067 -0.014385 -0.624598
v 0.301067 -0.014482 -0.624610
v 0.301067 -0.014575 -0.624629
v 0.301067 -0.014665 -0.624655
v 0.301067 -0.014752 -0.624689
v 0.301067 -0.014834 -0.624729
v 0.301067 -0.014913 -0.624775
v 0.301067 -0.014987 -0.624827
v 0.301067 -0.015057 -0.624884
v 0.301067 -0.015122 -0.624947
v 0.301067 -0.015182 -0.625015
v 0.301067 -0.015238 -0.625088
v 0.301067 -0.015293 -0.625088
v 0.301067 -0.015447 -0.625088
v 0.301067 -0.015679 -0.625088
v 0.301067 -0.015969 -0.625088
v 0.301067 -0.016299 -0.625088
v 0.301067 -0.016649 -0.625088
v 0.301067 -0.016998 -0.625088
v 0.301067 -0.017328 -0.625088
v 0.301067 -0.017619 -0.625088
v 0.301067 -0.017850 -0.625088
v 0.301067 -0.018004 -0.625088
v 0.301067 -0.018059 -0.625088
v 0.301067 -0.018115 -0.625015
v 0.301067 -0.018177 -0.624947
v 0.301067 -0.018243 -0.624884
v 0.301067 -0.018315 -0.624827
v 0.301067 -0.018391 -0.624775
v 0.301067 -0.018472 -0.624729
v 0.301067 -0.018556 -0.624689
v 0.301067 -0.018645 -0.624655
v 0.301067 -0.018737 -0.624629
v 0.301067 -0.018831 -0.624610
v 0.301067 -0.018929 -0.624598
v 0.301067 -0.019029 -0.624594
v 0.301067 -0.019126 -0.624598
v 0.301067 -0.019220 -0.624610
v 0.301067 -0.019312 -0.624629
v 0.301067 -0.019402 -0.624655
v 0.301067 -0.019488 -0.624689
v 0.301067 -0.019572 -0.624729
v 0.301067 -0.019651 -0.624775
v 0.301067 -0.019727 -0.624827
v 0.301067 -0.019798 -0.624884
v 0.301067 -0.019865 -0.624947
v 0.301067 -0.019926 -0.625015
v 0.301067 -0.019982 -0.625088
v 0.301067 -0.020037 -0.625088
v 0.301067 -0.020191 -0.625088
v 0.301067 -0.020423 -0.625088
v 0.301067 -0.020713 -0.625088
v 0.301067 -0.021043 -0.625088
v 0.301067 -0.021393 -0.625088
v 0.301067 -0.021742 -0.625088
v 0.301067 -0.022072 -0.625088
v 0.301067 -0.022363 -0.625088
v 0.301067 -0.022595 -0.625088
v 0.301067 -0.022748 -0.625088
v 0.301067 -0.022804 -0.625088
v 0.301067 -0.022859 -0.625015
v 0.301067 -0.022920 -0.624947
v 0.301067 -0.022985 -0.624884
v 0.301067 -0.023055 -0.624827
v 0.301067 -0.023129 -0.624775
v 0.301067 -0.023207 -0.624729
v 0.301067 -0.023290 -0.624689
v 0.301067 -0.023376 -0.624655
v 0.301067 -0.023466 -0.624629
v 0.301067 -0.023559 -0.624610
v 0.301067 -0.023656 -0.624598
v 0.301067 -0.023756 -0.624594
v 0.301067 -0.023852 -0.624598
v 0.301067 -0.023947 -0.624610
v 0.301067 -0.024039 -0.624629
v 0.301067 -0.024128 -0.624655
v 0.301067 -0.024215 -0.624689
v 0.301067 -0.024298 -0.624729
v 0.301067 -0.024378 -0.624775
v 0.301067 -0.024454 -0.624827
v 0.301067 -0.024525 -0.624884
v 0.301067 -0.024591 -0.624947
v 0.301067 -0.024653 -0.625015
v 0.301067 -0.024708 -0.625088
v 0.301067 -0.024995 -0.625088
v 0.301067 -0.025280 -0.625088
v 0.301067 -0.025566 -0.625088
v 0.301067 -0.025850 -0.625087
v 0.301067 -0.026135 -0.625087
v 0.301067 -0.026419 -0.625086
v 0.301067 -0.026704 -0.625084
v 0.301067 -0.026988 -0.625083
v 0.301067 -0.027273 -0.625081
v 0.301067 -0.027558 -0.625078
v 0.301067 -0.027844 -0.625074
v 0.301067 -0.028130 -0.625070
v 0.301067 -0.028171 -0.625069
v 0.301067 -0.028215 -0.625063
v 0.301067 -0.028261 -0.625055
v 0.301067 -0.028308 -0.625044
v 0.301067 -0.028355 -0.625030
v 0.301067 -0.028401 -0.625013
v 0.301067 -0.028445 -0.624994
v 0.301067 -0.028487 -0.624974
v 0.301067 -0.028524 -0.624951
v 0.301067 -0.028557 -0.624927
v 0.301067 -0.028585 -0.624902
v 0.301067 -0.028606 -0.624876
v 0.301067 -0.028636 -0.624831
v 0.301067 -0.028664 -0.624784
v 0.301067 -0.028689 -0.624735
v 0.301067 -0.028713 -0.624686
v 0.301067 -0.028734 -0.624635
v 0.301067 -0.028754 -0.624583
v 0.301067 -0.028772 -0.624531
v 0.301067 -0.028788 -0.624479
v 0.301067 -0.028802 -0.624427
v 0.301067 -0.028815 -0.624376
v 0.301067 -0.028826 -0.624326
v 0.301067 -0.028835 -0.624277
v 0.301067 -0.028856 -0.624162
v 0.301067 -0.028873 -0.624047
v 0.301067 -0.028889 -0.623933
v 0.301067 -0.028905 -0.623819
v 0.301067 -0.028922 -0.623706
v 0.301067 -0.028943 -0.623593
v 0.301067 -0.028969 -0.623481
v 0.301067 -0.029001 -0.623370
v 0.301067 -0.029041 -0.623259
v 0.301067 -0.029091 -0.623150
v 0.301067 -0.029151 -0.623042
v 0.301067 -0.029223 -0.622936
v 0.301067 -0.029286 -0.622837
v 0.301067 -0.029341 -0.622736
v 0.301067 -0.029390 -0.622633
v 0.301067 -0.029435 -0.622528
v 0.301067 -0.029476 -0.622422
v 0.301067 -0.029514 -0.622314
v 0.301067 -0.029551 -0.622206
v 0.301067 -0.029588 -0.622097
v 0.301067 -0.029625 -0.621988
v 0.301067 -0.029664 -0.621880
v 0.301067 -0.029706 -0.621772
v 0.301067 -0.029753 -0.621666
v 0.301067 -0.029784 -0.621595
v 0.301067 -0.029817 -0.621525
v 0.301067 -0.029852 -0.621454
v 0.301067 -0.029888 -0.621384
v 0.301067 -0.029926 -0.621314
v 0.301067 -0.029966 -0.621245
v 0.301067 -0.030008 -0.621175
v 0.301067 -0.030052 -0.621107
v 0.301067 -0.030097 -0.621038
v 0.301067 -0.030145 -0.620970
v 0.301067 -0.030195 -0.620903
v 0.301067 -0.030246 -0.620837
v 0.301067 -0.030322 -0.620740
v 0.301067 -0.030398 -0.620643
v 0.301067 -0.030475 -0.620546
v 0.301067 -0.030554 -0.620450
v 0.301067 -0.030634 -0.620354
v 0.301067 -0.030716 -0.620259
v 0.301067 -0.030800 -0.620165
v 0.301067 -0.030885 -0.620071
v 0.301067 -0.030973 -0.619978
v 0.301067 -0.031063 -0.619887
v 0.301067 -0.031156 -0.619797
v 0.301067 -0.031252 -0.619708
v 0.301067 -0.031407 -0.619567
v 0.301067 -0.031563 -0.619426
v 0.301067 -0.031721 -0.619285
v 0.301067 -0.031881 -0.619146
v 0.301067 -0.032043 -0.619007
v 0.301067 -0.032206 -0.618870
v 0.301067 -0.032371 -0.618734
v 0.301067 -0.032538 -0.618600
v 0.301067 -0.032707 -0.618467
v 0.301067 -0.032879 -0.618337
v 0.301067 -0.033052 -0.618210
v 0.301067 -0.033227 -0.618085
v 0.301067 -0.033332 -0.618013
v 0.301067 -0.033442 -0.617947
v 0.301067 -0.033557 -0.617885
v 0.301067 -0.033676 -0.617827
v 0.301067 -0.033798 -0.617772
v 0.301067 -0.033921 -0.617719
v 0.301067 -0.034046 -0.617666
v 0.301067 -0.034171 -0.617613
v 0.301067 -0.034296 -0.617559
v 0.301067 -0.034419 -0.617502
v 0.301067 -0.034539 -0.617443
v 0.301067 -0.034656 -0.617379
v 0.301067 -0.034793 -0.617302
v 0.301067 -0.034931 -0.617230
v 0.301067 -0.035071 -0.617163
v 0.301067 -0.035213 -0.617101
v 0.301067 -0.035358 -0.617045
v 0.301067 -0.035506 -0.616995
v 0.301067 -0.035658 -0.616953
v 0.301067 -0.035814 -0.616917
v 0.301067 -0.035975 -0.616888
v 0.301067 -0.036141 -0.616867
v 0.301067 -0.036312 -0.616854
v 0.301067 -0.036490 -0.616850
v 0.301067 -0.036556 -0.616847
v 0.301067 -0.036621 -0.616838
v 0.301067 -0.036684 -0.616823
v 0.301067 -0.036744 -0.616802
v 0.301067 -0.036800 -0.616775
v 0.301067 -0.036851 -0.616742
v 0.301067 -0.036897 -0.616702
v 0.301067 -0.036935 -0.616657
v 0.301067 -0.036966 -0.616604
v 0.301067 -0.036988 -0.616546
v 0.301067 -0.037000 -0.616481
v 0.301067 -0.037001 -0.616409
v 0.301067 -0.036994 -0.616197
v 0.301067 -0.036989 -0.615986
v 0.301067 -0.036986 -0.615774
v 0.301067 -0.036985 -0.615563
v 0.301067 -0.036985 -0.615352
v 0.301067 -0.036986 -0.615141
v 0.301067 -0.036987 -0.614931
v 0.301067 -0.036988 -0.614721
v 0.301067 -0.036989 -0.614511
v 0.301067 -0.036988 -0.614302
v 0.301067 -0.036987 -0.614094
v 0.301067 -0.036984 -0.613886
v 0.301067 -0.036984 -0.613786
v 0.301067 -0.036984 -0.613686
v 0.301067 -0.036982 -0.613588
v 0.301067 -0.036979 -0.613490
v 0.301067 -0.036972 -0.613392
v 0.301067 -0.036961 -0.613295
v 0.301067 -0.036946 -0.613198
v 0.301067 -0.036923 -0.613101
v 0.301067 -0.036894 -0.613003
v 0.301067 -0.036857 -0.612905
v 0.301067 -0.036811 -0.612805
v 0.301067 -0.036754 -0.612704
v 0.301067 -0.036657 -0.612553
v 0.301067 -0.036541 -0.612408
v 0.301067 -0.036409 -0.612270
v 0.301067 -0.036262 -0.612142
v 0.301067 -0.036100 -0.612024
v 0.301067 -0.035925 -0.611917
v 0.301067 -0.035739 -0.611824
v 0.301067 -0.035542 -0.611744
v 0.301067 -0.035336 -0.611680
v 0.301067 -0.035121 -0.611633
v 0.301067 -0.034900 -0.611603
v 0.301067 -0.034673 -0.611593
v 0.301067 -0.029203 -0.611593
v 0.301067 -0.024426 -0.611593
v 0.301067 -0.020206 -0.611593
v 0.301067 -0.016402 -0.611594
v 0.301067 -0.012877 -0.611594
v 0.301067 -0.009490 -0.611595
v 0.301067 -0.006104 -0.611597
v 0.301067 -0.002580 -0.611598
v 0.301067 0.001222 -0.611601
v 0.301067 0.005440 -0.611603
v 0.301067 0.010213 -0.611607
v 0.315067 0.015679 -0.611611
v 0.315067 0.015777 -0.611613
v 0.315067 0.015874 -0.611619
v 0.315067 0.015972 -0.611629
v 0.315067 0.016069 -0.611643
v 0.315067 0.016166 -0.611661
v 0.315067 0.016261 -0.611681
v 0.315067 0.016355 -0.611705
v 0.315067 0.016447 -0.611731
v 0.315067 0.016537 -0.611760
v 0.315067 0.016625 -0.611790
v 0.315067 0.016709 -0.611823
v 0.315067 0.016790 -0.611858
v 0.315067 0.016949 -0.611948
v 0.315067 0.017082 -0.612048
v 0.315067 0.017194 -0.612159
v 0.315067 0.017286 -0.612277
v 0.315067 0.017362 -0.612402
v 0.315067 0.017425 -0.612532
v 0.315067 0.017478 -0.612666
v 0.315067 0.017523 -0.612803
v 0.315067 0.017564 -0.612939
v 0.315067 0.017604 -0.613075
v 0.315067 0.017645 -0.613209
v 0.315067 0.017690 -0.613340
v 0.315067 0.017720 -0.613435
v 0.315067 0.017750 -0.613529
v 0.315067 0.017781 -0.613619
v 0.315067 0.017815 -0.613706
v 0.315067 0.017855 -0.613789
v 0.315067 0.017901 -0.613869
v 0.315067 0.017957 -0.613944
v 0.315067 0.018023 -0.614014
v 0.315067 0.018102 -0.614079
v 0.315067 0.018194 -0.614138
v 0.315067 0.018304 -0.614192
v 0.315067 0.018431 -0.614239
v 0.315067 0.018515 -0.614271
v 0.315067 0.018599 -0.614305
v 0.315067 0.018683 -0.614341
v 0.315067 0.018766 -0.614380
v 0.315067 0.018848 -0.614420
v 0.315067 0.018929 -0.614462
v 0.315067 0.019007 -0.614506
v 0.315067 0.019082 -0.614551
v 0.315067 0.019155 -0.614599
v 0.315067 0.019223 -0.614648
v 0.315067 0.019288 -0.614699
v 0.315067 0.019348 -0.614751
v 0.315067 0.019416 -0.614818
v 0.315067 0.019481 -0.614888
v 0.315067 0.019542 -0.614961
v 0.315067 0.019600 -0.615035
v 0.315067 0.019655 -0.615111
v 0.315067 0.019709 -0.615187
v 0.315067 0.019761 -0.615265
v 0.315067 0.019813 -0.615343
v 0.315067 0.019864 -0.615421
v 0.315067 0.019914 -0.615498
v 0.315067 0.019966 -0.615575
v 0.315067 0.020018 -0.615650
v 0.315067 0.020103 -0.615749
v 0.315067 0.020213 -0.615840
v 0.315067 0.020346 -0.615923
v 0.315067 0.020495 -0.615996
v 0.315067 0.020658 -0.616059
v 0.315067 0.020829 -0.616109
v 0.315067 0.021005 -0.616146
v 0.315067 0.021181 -0.616169
v 0.315067 0.021352 -0.616176
v 0.315067 0.021515 -0.616167
v 0.315067 0.021666 -0.616139
v 0.315067 0.021799 -0.616091
v 0.315067 0.021987 -0.616002
v 0.315067 0.022173 -0.615910
v 0.315067 0.022357 -0.615818
v 0.315067 0.022542 -0.615727
v 0.315067 0.022729 -0.615639
v 0.315067 0.022919 -0.615556
v 0.315067 0.023113 -0.615479
v 0.315067 0.023313 -0.615409
v 0.315067 0.023520 -0.615350
v 0.315067 0.023736 -0.615301
v 0.315067 0.023961 -0.615266
v 0.315067 0.024198 -0.615245
v 0.315067 0.024379 -0.615236
v 0.315067 0.024559 -0.615220
v 0.315067 0.024740 -0.615198
v 0.315067 0.024921 -0.615170
v 0.315067 0.025103 -0.615139
v 0.315067 0.025285 -0.615106
v 0.315067 0.025467 -0.615071
v 0.315067 0.025649 -0.615037
v 0.315067 0.025832 -0.615004
v 0.315067 0.026016 -0.614974
v 0.315067 0.026200 -0.614948
v 0.315067 0.026385 -0.614927
v 0.315067 0.026478 -0.614921
v 0.315067 0.026574 -0.614922
v 0.315067 0.026671 -0.614927
v 0.315067 0.026769 -0.614936
v 0.315067 0.026869 -0.614948
v 0.315067 0.026969 -0.614962
v 0.315067 0.027069 -0.614978
v 0.315067 0.027170 -0.614995
v 0.315067 0.027270 -0.615011
v 0.315067 0.027370 -0.615027
v 0.315067 0.027469 -0.615040
v 0.315067 0.027566 -0.615051
v 0.315067 0.027738 -0.615072
v 0.315067 0.027910 -0.615092
v 0.315067 0.028082 -0.615112
v 0.315067 0.028254 -0.615130
v 0.315067 0.028426 -0.615149
v 0.315067 0.028598 -0.615167
v 0.315067 0.028770 -0.615186
v 0.315067 0.028942 -0.615206
v 0.315067 0.029114 -0.615227
v 0.315067 0.029286 -0.615249
v 0.315067 0.029458 -0.615272
v 0.315067 0.029630 -0.615298
v 0.315067 0.029758 -0.615320
v 0.315067 0.029887 -0.615343
v 0.315067 0.030016 -0.615368
v 0.315067 0.030145 -0.615394
v 0.315067 0.030273 -0.615421
v 0.315067 0.030401 -0.615450
v 0.315067 0.030529 -0.615480
v 0.315067 0.030655 -0.615513
v 0.315067 0.030781 -0.615548
v 0.315067 0.030904 -0.615585
v 0.315067 0.031026 -0.615625
v 0.315067 0.031147 -0.615668
v 0.315067 0.031291 -0.615722
v 0.315067 0.031435 -0.615779
v 0.315067 0.031577 -0.615839
v 0.315067 0.031718 -0.615900
v 0.315067 0.031858 -0.615963
v 0.315067 0.031998 -0.616027
v 0.315067 0.032136 -0.616093
v 0.315067 0.032274 -0.616159
v 0.315067 0.032411 -0.616226
v 0.315067 0.032548 -0.616293
v 0.315067 0.032685 -0.616360
v 0.315067 0.032822 -0.616427
v 0.315067 0.033046 -0.616533
v 0.315067 0.033268 -0.616642
v 0.315067 0.033487 -0.616753
v 0.315067 0.033703 -0.616868
v 0.315067 0.033915 -0.616987
v 0.315067 0.034123 -0.617110
v 0.315067 0.034325 -0.617239
v 0.315067 0.034522 -0.617373
v 0.315067 0.034712 -0.617513
v 0.315067 0.034895 -0.617661
v 0.315067 0.035071 -0.617816
v 0.315067 0.035238 -0.617979
v 0.315067 0.035368 -0.618110
v 0.315067 0.035502 -0.618239
v 0.315067 0.035639 -0.618367
v 0.315067 0.035780 -0.618493
v 0.315067 0.035922 -0.618618
v 0.315067 0.036067 -0.618742
v 0.315067 0.036213 -0.618865
v 0.315067 0.036360 -0.618988
v 0.315067 0.036508 -0.619110
v 0.315067 0.036656 -0.619233
v 0.315067 0.036803 -0.619355
v 0.315067 0.036949 -0.619478
v 0.315067 0.037012 -0.619530
v 0.315067 0.037076 -0.619578
v 0.315067 0.037143 -0.619623
v 0.315067 0.037212 -0.619663
v 0.315067 0.037285 -0.619700
v 0.315067 0.037361 -0.619732
v 0.315067 0.037442 -0.619759
v 0.315067 0.037526 -0.619781
v 0.315067 0.037616 -0.619798
v 0.315067 0.037711 -0.619810
v 0.315067 0.037812 -0.619815
v 0.315067 0.037919 -0.619814
v 0.315067 0.038303 -0.619810
v 0.315067 0.038687 -0.619807
v 0.315067 0.039073 -0.619806
v 0.315067 0.039458 -0.619806
v 0.315067 0.039844 -0.619806
v 0.315067 0.040229 -0.619807
v 0.315067 0.040615 -0.619808
v 0.315067 0.041001 -0.619810
v 0.315067 0.041386 -0.619811
v 0.315067 0.041771 -0.619812
v 0.315067 0.042156 -0.619813
v 0.315067 0.042540 -0.619814
v 0.315067 0.042581 -0.619866
v 0.315067 0.042626 -0.619919
v 0.315067 0.042673 -0.619972
v 0.315067 0.042720 -0.620025
v 0.315067 0.042767 -0.620077
v 0.315067 0.042811 -0.620129
v 0.315067 0.042852 -0.620180
v 0.315067 0.042889 -0.620232
v 0.315067 0.042919 -0.620282
v 0.315067 0.042943 -0.620333
v 0.315067 0.042958 -0.620382
v 0.315067 0.042963 -0.620431
v 0.315067 0.042971 -0.620815
v 0.315067 0.042977 -0.621199
v 0.315067 0.042981 -0.621583
v 0.315067 0.042983 -0.621968
v 0.315067 0.042985 -0.622353
v 0.315067 0.042985 -0.622740
v 0.315067 0.042985 -0.623127
v 0.315067 0.042984 -0.623516
v 0.315067 0.042983 -0.623906
v 0.315067 0.042982 -0.624298
v 0.315067 0.042981 -0.624692
v 0.315067 0.042981 -0.625088
v 0.315067 0.042968 -0.625088
v 0.315067 0.042932 -0.625088
v 0.315067 0.042879 -0.625088
v 0.315067 0.042812 -0.625088
v 0.315067 0.042735 -0.625088
v 0.315067 0.042654 -0.625088
v 0.315067 0.042574 -0.625088
v 0.315067 0.042497 -0.625088
v 0.315067 0.042430 -0.625088
v 0.315067 0.042376 -0.625088
v 0.315067 0.042341 -0.625088
v 0.315067 0.042328 -0.625088
v 0.315067 0.039030 -0.625088
v 0.315067 0.038974 -0.625015
v 0.315067 0.038913 -0.624947
v 0.315067 0.038847 -0.624884
v 0.315067 0.038775 -0.624827
v 0.315067 0.038700 -0.624775
v 0.315067 0.038620 -0.624729
v 0.315067 0.038537 -0.624689
v 0.315067 0.038450 -0.624655
v 0.315067 0.038360 -0.624629
v 0.315067 0.038268 -0.624610
v 0.315067 0.038174 -0.624598
v 0.315067 0.038078 -0.624594
v 0.315067 0.037978 -0.624598
v 0.315067 0.037881 -0.624610
v 0.315067 0.037788 -0.624629
v 0.315067 0.037698 -0.624655
v 0.315067 0.037611 -0.624689
v 0.315067 0.037529 -0.624729
v 0.315067 0.037450 -0.624775
v 0.315067 0.037376 -0.624827
v 0.315067 0.037306 -0.624884
v 0.315067 0.037241 -0.624947
v 0.315067 0.037181 -0.625015
v 0.315067 0.037125 -0.625088
v 0.315067 0.037097 -0.625088
v 0.315067 0.037014 -0.625088
v 0.315067 0.036883 -0.625088
v 0.315067 0.036707 -0.625088
v 0.315067 0.036493 -0.625088
v 0.315067 0.036243 -0.625088
v 0.315067 0.035965 -0.625088
v 0.315067 0.035662 -0.625088
v 0.315067 0.035340 -0.625088
v 0.315067 0.035002 -0.625088
v 0.315067 0.034655 -0.625088
v 0.315067 0.034303 -0.625088
v 0.315067 0.034244 -0.625015
v 0.315067 0.034180 -0.624947
v 0.315067 0.034112 -0.624884
v 0.315067 0.034040 -0.624827
v 0.315067 0.033964 -0.624775
v 0.315067 0.033885 -0.624729
v 0.315067 0.033801 -0.624689
v 0.315067 0.033714 -0.624655
v 0.315067 0.033624 -0.624629
v 0.315067 0.033530 -0.624610
v 0.315067 0.033433 -0.624598
v 0.315067 0.033333 -0.624594
v 0.315067 0.033237 -0.624598
v 0.315067 0.033143 -0.624610
v 0.315067 0.033051 -0.624629
v 0.315067 0.032961 -0.624655
v 0.315067 0.032874 -0.624689
v 0.315067 0.032791 -0.624729
v 0.315067 0.032712 -0.624775
v 0.315067 0.032636 -0.624827
v 0.315067 0.032565 -0.624884
v 0.315067 0.032498 -0.624947
v 0.315067 0.032437 -0.625015
v 0.315067 0.032381 -0.625088
v 0.315067 0.032326 -0.625088
v 0.315067 0.032172 -0.625088
v 0.315067 0.031940 -0.625088
v 0.315067 0.031649 -0.625088
v 0.315067 0.031320 -0.625088
v 0.315067 0.030970 -0.625088
v 0.315067 0.030621 -0.625088
v 0.315067 0.030291 -0.625088
v 0.315067 0.030000 -0.625088
v 0.315067 0.029768 -0.625088
v 0.315067 0.029615 -0.625088
v 0.315067 0.029559 -0.625088
v 0.315067 0.029503 -0.625015
v 0.315067 0.029442 -0.624947
v 0.315067 0.029376 -0.624884
v 0.315067 0.029305 -0.624827
v 0.315067 0.029229 -0.624775
v 0.315067 0.029149 -0.624729
v 0.315067 0.029066 -0.624689
v 0.315067 0.028979 -0.624655
v 0.315067 0.028890 -0.624629
v 0.315067 0.028797 -0.624610
v 0.315067 0.028703 -0.624598
v 0.315067 0.028607 -0.624594
v 0.315067 0.028511 -0.624598
v 0.315067 0.028416 -0.624610
v 0.315067 0.028324 -0.624629
v 0.315067 0.028235 -0.624655
v 0.315067 0.028148 -0.624689
v 0.315067 0.028065 -0.624729
v 0.315067 0.027985 -0.624775
v 0.315067 0.027909 -0.624827
v 0.315067 0.027838 -0.624884
v 0.315067 0.027772 -0.624947
v 0.315067 0.027710 -0.625015
v 0.315067 0.027655 -0.625088
v 0.315067 0.027592 -0.625088
v 0.315067 0.027418 -0.625088
v 0.315067 0.027156 -0.625088
v 0.315067 0.026827 -0.625088
v 0.315067 0.026454 -0.625088
v 0.315067 0.026058 -0.625088
v 0.315067 0.025663 -0.625088
v 0.315067 0.025290 -0.625088
v 0.315067 0.024961 -0.625088
v 0.315067 0.024699 -0.625088
v 0.315067 0.024525 -0.625088
v 0.315067 0.024462 -0.625088
v 0.315067 0.024272 -0.625090
v 0.315067 0.024081 -0.625093
v 0.315067 0.023891 -0.625096
v 0.315067 0.023702 -0.625096
v 0.315067 0.023515 -0.625090
v 0.315067 0.023331 -0.625075
v 0.315067 0.023152 -0.625049
v 0.315067 0.022977 -0.625010
v 0.315067 0.022808 -0.624954
v 0.315067 0.022646 -0.624880
v 0.315067 0.022492 -0.624784
v 0.315067 0.022346 -0.624665
v 0.315067 0.022341 -0.624665
v 0.315067 0.022337 -0.624665
v 0.315067 0.022333 -0.624664
v 0.315067 0.022328 -0.624664
v 0.315067 0.022324 -0.624663
v 0.315067 0.022319 -0.624662
v 0.315067 0.022315 -0.624661
v 0.315067 0.022311 -0.624659
v 0.315067 0.022306 -0.624657
v 0.315067 0.022302 -0.624654
v 0.315067 0.022297 -0.624651
v 0.315067 0.022293 -0.624647
v 0.315067 0.022085 -0.624559
v 0.315067 0.021877 -0.624472
v 0.315067 0.021669 -0.624385
v 0.315067 0.021459 -0.624299
v 0.315067 0.021250 -0.624213
v 0.315067 0.021041 -0.624127
v 0.315067 0.020831 -0.624041
v 0.315067 0.020622 -0.623954
v 0.315067 0.020413 -0.623868
v 0.315067 0.020204 -0.623781
v 0.315067 0.019996 -0.623694
v 0.315067 0.019789 -0.623606
v 0.315067 0.019577 -0.623513
v 0.315067 0.019367 -0.623418
v 0.315067 0.019156 -0.623323
v 0.315067 0.018947 -0.623227
v 0.315067 0.018737 -0.623130
v 0.315067 0.018528 -0.623033
v 0.315067 0.018318 -0.622936
v 0.315067 0.018109 -0.622839
v 0.315067 0.017899 -0.622743
v 0.315067 0.017689 -0.622647
v 0.315067 0.017478 -0.622553
v 0.315067 0.017267 -0.622460
v 0.315067 0.016966 -0.622332
v 0.315067 0.016666 -0.622204
v 0.315067 0.016364 -0.622076
v 0.315067 0.016063 -0.621949
v 0.315067 0.015761 -0.621821
v 0.315067 0.015459 -0.621694
v 0.315067 0.015157 -0.621568
v 0.315067 0.014855 -0.621442
v 0.315067 0.014553 -0.621316
v 0.315067 0.014252 -0.621191
v 0.315067 0.013951 -0.621066
v 0.315067 0.013651 -0.620942
v 0.315067 0.013429 -0.620851
v 0.315067 0.013205 -0.620761
v 0.315067 0.012980 -0.620672
v 0.315067 0.012753 -0.620583
v 0.315067 0.012526 -0.620494
v 0.315067 0.012300 -0.620404
v 0.315067 0.012074 -0.620313
v 0.315067 0.011851 -0.620220
v 0.315067 0.011630 -0.620124
v 0.315067 0.011412 -0.620025
v 0.315067 0.011198 -0.619921
v 0.315067 0.010988 -0.619814
v 0.315067 0.010695 -0.619666
v 0.315067 0.010397 -0.619534
v 0.315067 0.010095 -0.619415
v 0.315067 0.009789 -0.619310
v 0.315067 0.009478 -0.619218
v 0.315067 0.009163 -0.619139
v 0.315067 0.008843 -0.619072
v 0.315067 0.008519 -0.619018
v 0.315067 0.008190 -0.618975
v 0.315067 0.007857 -0.618944
v 0.315067 0.007520 -0.618923
v 0.315067 0.007178 -0.618914
v 0.315067 0.006753 -0.618906
v 0.315067 0.006271 -0.618900
v 0.315067 0.005713 -0.618896
v 0.315067 0.005055 -0.618894
v 0.315067 0.004275 -0.618894
v 0.315067 0.003351 -0.618894
v 0.315067 0.002262 -0.618896
v 0.315067 0.000983 -0.618898
v 0.315067 -0.000505 -0.618901
v 0.315067 -0.002226 -0.618905
v 0.315067 -0.004202 -0.618909
v 0.315067 -0.006455 -0.618914
v 0.315067 -0.006549 -0.618915
v 0.315067 -0.006646 -0.618919
v 0.315067 -0.006745 -0.618925
v 0.315067 -0.006845 -0.618933
v 0.315067 -0.006944 -0.618945
v 0.315067 -0.007043 -0.618960
v 0.315067 -0.007140 -0.618978
v 0.315067 -0.007235 -0.619000
v 0.315067 -0.007325 -0.619025
v 0.315067 -0.007411 -0.619055
v 0.315067 -0.007492 -0.619088
v 0.315067 -0.007566 -0.619126
v 0.315067 -0.007751 -0.619235
v 0.315067 -0.007921 -0.619352
v 0.315067 -0.008074 -0.619475
v 0.315067 -0.008212 -0.619606
v 0.315067 -0.008335 -0.619743
v 0.315067 -0.008443 -0.619886
v 0.315067 -0.008538 -0.620036
v 0.315067 -0.008619 -0.620192
v 0.315067 -0.008687 -0.620353
v 0.315067 -0.008742 -0.620521
v 0.315067 -0.008786 -0.620694
v 0.315067 -0.008818 -0.620872
v 0.315067 -0.008848 -0.621092
v 0.315067 -0.008868 -0.621312
v 0.315067 -0.008881 -0.621531
v 0.315067 -0.008890 -0.621749
v 0.315067 -0.008896 -0.621968
v 0.315067 -0.008902 -0.622186
v 0.315067 -0.008910 -0.622404
v 0.315067 -0.008922 -0.622623
v 0.315067 -0.008942 -0.622842
v 0.315067 -0.008971 -0.623061
v 0.315067 -0.009011 -0.623280
v 0.315067 -0.009065 -0.623500
v 0.315067 -0.009100 -0.623637
v 0.315067 -0.009135 -0.623774
v 0.315067 -0.009172 -0.623910
v 0.315067 -0.009210 -0.624045
v 0.315067 -0.009252 -0.624180
v 0.315067 -0.009299 -0.624314
v 0.315067 -0.009350 -0.624447
v 0.315067 -0.009407 -0.624578
v 0.315067 -0.009472 -0.624708
v 0.315067 -0.009544 -0.624837
v 0.315067 -0.009626 -0.624963
v 0.315067 -0.009717 -0.625088
v 0.315067 -0.009789 -0.625088
v 0.315067 -0.009985 -0.625088
v 0.315067 -0.010282 -0.625088
v 0.315067 -0.010655 -0.625088
v 0.315067 -0.011077 -0.625088
v 0.315067 -0.011525 -0.625088
v 0.315067 -0.011973 -0.625088
v 0.315067 -0.012396 -0.625088
v 0.315067 -0.012768 -0.625088
v 0.315067 -0.013065 -0.625088
v 0.315067 -0.013262 -0.625088
v 0.315067 -0.013333 -0.625088
v 0.315067 -0.013389 -0.625015
v 0.315067 -0.013450 -0.624947
v 0.315067 -0.013516 -0.624884
v 0.315067 -0.013588 -0.624827
v 0.315067 -0.013663 -0.624775
v 0.315067 -0.013743 -0.624729
v 0.315067 -0.013826 -0.624689
v 0.315067 -0.013913 -0.624655
v 0.315067 -0.014003 -0.624629
v 0.315067 -0.014095 -0.624610
v 0.315067 -0.014189 -0.624598
v 0.315067 -0.014285 -0.624594
v 0.315067 -0.014385 -0.624598
v 0.315067 -0.014482 -0.624610
v 0.315067 -0.014575 -0.624629
v 0.315067 -0.014665 -0.624655
v 0.315067 -0.014752 -0.624689
v 0.315067 -0.014834 -0.624729
v 0.315067 -0.014913 -0.624775
v 0.315067 -0.014987 -0.624827
v 0.315067 -0.015057 -0.624884
v 0.315067 -0.015122 -0.624947
v 0.315067 -0.015182 -0.625015
v 0.315067 -0.015238 -0.625088
v 0.315067 -0.015293 -0.625088
v 0.315067 -0.015447 -0.625088
v 0.315067 -0.015679 -0.625088
v 0.315067 -0.015969 -0.625088
v 0.315067 -0.016299 -0.625088
v 0.315067 -0.016649 -0.625088
v 0.315067 -0.016998 -0.625088
v 0.315067 -0.017328 -0.625088
v 0.315067 -0.017619 -0.625088
v 0.315067 -0.017850 -0.625088
v 0.315067 -0.018004 -0.625088
v 0.315067 -0.018059 -0.625088
v 0.315067 -0.018115 -0.625015
v 0.315067 -0.018177 -0.624947
v 0.315067 -0.018243 -0.624884
v 0.315067 -0.018315 -0.624827
v 0.315067 -0.018391 -0.624775
v 0.315067 -0.018472 -0.624729
v 0.315067 -0.018556 -0.624689
v 0.315067 -0.018645 -0.624655
v 0.315067 -0.018737 -0.624629
v 0.315067 -0.018831 -0.624610
v 0.315067 -0.018929 -0.624598
v 0.315067 -0.019029 -0.624594
v 0.315067 -0.019126 -0.624598
v 0.315067 -0.019220 -0.624610
v 0.315067 -0.019312 -0.624629
v 0.315067 -0.019402 -0.624655
v 0.315067 -0.019488 -0.624689
v 0.315067 -0.019572 -0.624729
v 0.315067 -0.019651 -0.624775
v 0.315067 -0.019727 -0.624827
v 0.315067 -0.019798 -0.624884
v 0.315067 -0.019865 -0.624947
v 0.315067 -0.019926 -0.625015
v 0.315067 -0.019982 -0.625088
v 0.315067 -0.020037 -0.625088
v 0.315067 -0.020191 -0.625088
v 0.315067 -0.020423 -0.625088
v 0.315067 -0.020713 -0.625088
v 0.315067 -0.021043 -0.625088
v 0.315067 -0.021393 -0.625088
v 0.315067 -0.021742 -0.625088
v 0.315067 -0.022072 -0.625088
v 0.315067 -0.022363 -0.625088
v 0.315067 -0.022595 -0.625088
v 0.315067 -0.022748 -0.625088
v 0.315067 -0.022804 -0.625088
v 0.315067 -0.022859 -0.625015
v 0.315067 -0.022920 -0.624947
v 0.315067 -0.022985 -0.624884
v 0.315067 -0.023055 -0.624827
v 0.315067 -0.023129 -0.624775
v 0.315067 -0.023207 -0.624729
v 0.315067 -0.023290 -0.624689
v 0.315067 -0.023376 -0.624655
v 0.315067 -0.023466 -0.624629
v 0.315067 -0.023559 -0.624610
v 0.315067 -0.023656 -0.624598
v 0.315067 -0.023756 -0.624594
v 0.315067 -0.023852 -0.624598
v 0.315067 -0.023947 -0.624610
v 0.315067 -0.024039 -0.624629
v 0.315067 -0.024128 -0.624655
v 0.315067 -0.024215 -0.624689
v 0.315067 -0.024298 -0.624729
v 0.315067 -0.024378 -0.624775
v 0.315067 -0.024454 -0.624827
v 0.315067 -0.024525 -0.624884
v 0.315067 -0.024591 -0.624947
v 0.315067 -0.024653 -0.625015
v 0.315067 -0.024708 -0.625088
v 0.315067 -0.024995 -0.625088
v 0.315067 -0.025280 -0.625088
v 0.315067 -0.025566 -0.625088
v 0.315067 -0.025850 -0.625087
v 0.315067 -0.026135 -0.625087
v 0.315067 -0.026419 -0.625086
v 0.315067 -0.026704 -0.625084
v 0.315067 -0.026988 -0.625083
v 0.315067 -0.027273 -0.625081
v 0.315067 -0.027558 -0.625078
v 0.315067 -0.027844 -0.625074
v 0.315067 -0.028130 -0.625070
v 0.315067 -0.028171 -0.625069
v 0.315067 -0.028215 -0.625063
v 0.315067 -0.028261 -0.625055
v 0.315067 -0.028308 -0.625044
v 0.315067 -0.028355 -0.625030
v 0.315067 -0.028401 -0.625013
v 0.315067 -0.028445 -0.624994
v 0.315067 -0.028487 -0.624974
v 0.315067 -0.028524 -0.624951
v 0.315067 -0.028557 -0.624927
v 0.315067 -0.028585 -0.624902
v 0.315067 -0.028606 -0.624876
v 0.315067 -0.028636 -0.624831
v 0.315067 -0.028664 -0.624784
v 0.315067 -0.028689 -0.624735
v 0.315067 -0.028713 -0.624686
v 0.315067 -0.028734 -0.624635
v 0.315067 -0.028754 -0.624583
v 0.315067 -0.028772 -0.624531
v 0.315067 -0.028788 -0.624479
v 0.315067 -0.028802 -0.624427
v 0.315067 -0.028815 -0.624376
v 0.315067 -0.028826 -0.624326
v 0.315067 -0.028835 -0.624277
v 0.315067 -0.028856 -0.624162
v 0.315067 -0.028873 -0.624047
v 0.315067 -0.028889 -0.623933
v 0.315067 -0.028905 -0.623819
v 0.315067 -0.028922 -0.623706
v 0.315067 -0.028943 -0.623593
v 0.315067 -0.028969 -0.623481
v 0.315067 -0.029001 -0.623370
v 0.315067 -0.029041 -0.623259
v 0.315067 -0.029091 -0.623150
v 0.315067 -0.029151 -0.623042
v 0.315067 -0.029223 -0.622936
v 0.315067 -0.029286 -0.622837
v 0.315067 -0.029341 -0.622736
v 0.315067 -0.029390 -0.622633
v 0.315067 -0.029435 -0.622528
v 0.315067 -0.029476 -0.622422
v 0.315067 -0.029514 -0.622314
v 0.315067 -0.029551 -0.622206
v 0.315067 -0.029588 -0.622097
v 0.315067 -0.029625 -0.621988
v 0.315067 -0.029664 -0.621880
v 0.315067 -0.029706 -0.621772
v 0.315067 -0.029753 -0.621666
v 0.315067 -0.029784 -0.621595
v 0.315067 -0.029817 -0.621525
v 0.315067 -0.029852 -0.621454
v 0.315067 -0.029888 -0.621384
v 0.315067 -0.029926 -0.621314
v 0.315067 -0.029966 -0.621245
v 0.315067 -0.030008 -0.621175
v 0.315067 -0.030052 -0.621107
v 0.315067 -0.030097 -0.621038
v 0.315067 -0.030145 -0.620970
v 0.315067 -0.030195 -0.620903
v 0.315067 -0.030246 -0.620837
v 0.315067 -0.030322 -0.620740
v 0.315067 -0.030398 -0.620643
v 0.315067 -0.030475 -0.620546
v 0.315067 -0.030554 -0.620450
v 0.315067 -0.030634 -0.620354
v 0.315067 -0.030716 -0.620259
v 0.315067 -0.030800 -0.620165
v 0.315067 -0.030885 -0.620071
v 0.315067 -0.030973 -0.619978
v 0.315067 -0.031063 -0.619887
v 0.315067 -0.031156 -0.619797
v 0.315067 -0.031252 -0.619708
v 0.315067 -0.031407 -0.619567
v 0.315067 -0.031563 -0.619426
v 0.315067 -0.031721 -0.619285
v 0.315067 -0.031881 -0.619146
v 0.315067 -0.032043 -0.619007
v 0.315067 -0.032206 -0.618870
v 0.315067 -0.032371 -0.618734
v 0.315067 -0.032538 -0.618600
v 0.315067 -0.032707 -0.618467
v 0.315067 -0.032879 -0.618337
v 0.315067 -0.033052 -0.618210
v 0.315067 -0.033227 -0.618085
v 0.315067 -0.033332 -0.618013
v 0.315067 -0.033442 -0.617947
v 0.315067 -0.033557 -0.617885
v 0.315067 -0.033676 -0.617827
v 0.315067 -0.033798 -0.617772
v 0.315067 -0.033921 -0.617719
v 0.315067 -0.034046 -0.617666
v 0.315067 -0.034171 -0.617613
v 0.315067 -0.034296 -0.617559
v 0.315067 -0.034419 -0.617502
v 0.315067 -0.034539 -0.617443
v 0.315067 -0.034656 -0.617379
v 0.315067 -0.034793 -0.617302
v 0.315067 -0.034931 -0.617230
v 0.315067 -0.035071 -0.617162
v 0.315067 -0.035213 -0.617101
v 0.315067 -0.035358 -0.617045
v 0.315067 -0.035506 -0.616995
v 0.315067 -0.035658 -0.616953
v 0.315067 -0.035814 -0.616917
v 0.315067 -0.035975 -0.616888
v 0.315067 -0.036141 -0.616867
v 0.315067 -0.036312 -0.616854
v 0.315067 -0.036490 -0.616850
v 0.315067 -0.036556 -0.616847
v 0.315067 -0.036621 -0.616838
v 0.315067 -0.036684 -0.616823
v 0.315067 -0.036744 -0.616802
v 0.315067 -0.036800 -0.616775
v 0.315067 -0.036851 -0.616742
v 0.315067 -0.036897 -0.616702
v 0.315067 -0.036935 -0.616657
v 0.315067 -0.036966 -0.616604
v 0.315067 -0.036988 -0.616546
v 0.315067 -0.037000 -0.616481
v 0.315067 -0.037001 -0.616409
v 0.315067 -0.036994 -0.616197
v 0.315067 -0.036989 -0.615986
v 0.315067 -0.036986 -0.615774
v 0.315067 -0.036985 -0.615563
v 0.315067 -0.036985 -0.615352
v 0.315067 -0.036986 -0.615141
v 0.315067 -0.036987 -0.614931
v 0.315067 -0.036988 -0.614721
v 0.315067 -0.036989 -0.614511
v 0.315067 -0.036988 -0.614302
v 0.315067 -0.036987 -0.614094
v 0.315067 -0.036984 -0.613886
v 0.315067 -0.036984 -0.613786
v 0.315067 -0.036984 -0.613686
v 0.315067 -0.036982 -0.613588
v 0.315067 -0.036979 -0.613490
v 0.315067 -0.036972 -0.613392
v 0.315067 -0.036961 -0.613295
v 0.315067 -0.036946 -0.613198
v 0.315067 -0.036923 -0.613101
v 0.315067 -0.036894 -0.613003
v 0.315067 -0.036857 -0.612905
v 0.315067 -0.036811 -0.612805
v 0.315067 -0.036754 -0.612704
v 0.315067 -0.036657 -0.612553
v 0.315067 -0.036541 -0.612408
v 0.315067 -0.036409 -0.612270
v 0.315067 -0.036262 -0.612142
v 0.315067 -0.036100 -0.612024
v 0.315067 -0.035925 -0.611917
v 0.315067 -0.035739 -0.611824
v 0.315067 -0.035542 -0.611744
v 0.315067 -0.035336 -0.611680
v 0.315067 -0.035121 -0.611633
v 0.315067 -0.034900 -0.611603
v 0.315067 -0.034673 -0.611593
v 0.315067 -0.029203 -0.611593
v 0.315067 -0.024426 -0.611593
v 0.315067 -0.020206 -0.611593
v 0.315067 -0.016402 -0.611594
v 0.315067 -0.012877 -0.611594
v 0.315067 -0.009490 -0.611595
v 0.315067 -0.006104 -0.611597
v 0.315067 -0.002580 -0.611598
v 0.315067 0.001222 -0.611601
v 0.315067 0.005440 -0.611603
v 0.315067 0.010213 -0.611607
v 0.337995 0.015679 -0.611611
v 0.337992 0.015777 -0.611613
v 0.337986 0.015874 -0.611619
v 0.337976 0.015972 -0.611629
v 0.337962 0.016069 -0.611643
v 0.337945 0.016166 -0.611661
v 0.337924 0.016261 -0.611681
v 0.337901 0.016355 -0.611705
v 0.337874 0.016447 -0.611731
v 0.337846 0.016537 -0.611760
v 0.337815 0.016625 -0.611790
v 0.337782 0.016709 -0.611823
v 0.337748 0.016790 -0.611858
v 0.337658 0.016949 -0.611948
v 0.337557 0.017082 -0.612048
v 0.337447 0.017194 -0.612159
v 0.337328 0.017286 -0.612277
v 0.337203 0.017362 -0.612402
v 0.337073 0.017425 -0.612532
v 0.336939 0.017478 -0.612666
v 0.336803 0.017523 -0.612802
v 0.336666 0.017564 -0.612939
v 0.336530 0.017604 -0.613075
v 0.336396 0.017645 -0.613209
v 0.336266 0.017690 -0.613339
v 0.336170 0.017720 -0.613435
v 0.336077 0.017750 -0.613529
v 0.335986 0.017781 -0.613619
v 0.335899 0.017815 -0.613706
v 0.335816 0.017855 -0.613789
v 0.335737 0.017901 -0.613869
v 0.335662 0.017957 -0.613944
v 0.335592 0.018023 -0.614014
v 0.335527 0.018102 -0.614079
v 0.335467 0.018194 -0.614138
v 0.335413 0.018304 -0.614192
v 0.335366 0.018431 -0.614239
v 0.335334 0.018515 -0.614271
v 0.335300 0.018599 -0.614305
v 0.335264 0.018683 -0.614341
v 0.335226 0.018766 -0.614380
v 0.335185 0.018848 -0.614420
v 0.335143 0.018929 -0.614462
v 0.335100 0.019007 -0.614506
v 0.335054 0.019082 -0.614551
v 0.335006 0.019155 -0.614599
v 0.334957 0.019223 -0.614648
v 0.334907 0.019288 -0.614699
v 0.334855 0.019348 -0.614751
v 0.334787 0.019416 -0.614818
v 0.334717 0.019481 -0.614888
v 0.334645 0.019542 -0.614961
v 0.334570 0.019600 -0.615035
v 0.334495 0.019655 -0.615111
v 0.334418 0.019709 -0.615187
v 0.334341 0.019761 -0.615265
v 0.334263 0.019813 -0.615343
v 0.334185 0.019864 -0.615421
v 0.334107 0.019914 -0.615498
v 0.334031 0.019966 -0.615575
v 0.333955 0.020018 -0.615650
v 0.333857 0.020103 -0.615749
v 0.333765 0.020213 -0.615840
v 0.333683 0.020346 -0.615923
v 0.333609 0.020495 -0.615996
v 0.333547 0.020658 -0.616059
v 0.333496 0.020829 -0.616109
v 0.333459 0.021005 -0.616146
v 0.333436 0.021181 -0.616169
v 0.333429 0.021352 -0.616176
v 0.333439 0.021515 -0.616167
v 0.333467 0.021666 -0.616139
v 0.333514 0.021799 -0.616091
v 0.333604 0.021987 -0.616002
v 0.333696 0.022173 -0.615910
v 0.333788 0.022357 -0.615818
v 0.333878 0.022542 -0.615727
v 0.333966 0.022729 -0.615639
v 0.334050 0.022919 -0.615556
v 0.334127 0.023113 -0.615479
v 0.334196 0.023313 -0.615409
v 0.334256 0.023520 -0.615350
v 0.334304 0.023736 -0.615301
v 0.334340 0.023961 -0.615266
v 0.334361 0.024198 -0.615245
v 0.334369 0.024379 -0.615236
v 0.334385 0.024559 -0.615220
v 0.334408 0.024740 -0.615198
v 0.334435 0.024921 -0.615170
v 0.334466 0.025103 -0.615139
v 0.334500 0.025285 -0.615106
v 0.334534 0.025467 -0.615071
v 0.334568 0.025649 -0.615037
v 0.334601 0.025832 -0.615004
v 0.334631 0.026016 -0.614974
v 0.334657 0.026200 -0.614948
v 0.334678 0.026385 -0.614927
v 0.334684 0.026478 -0.614921
v 0.334684 0.026574 -0.614922
v 0.334679 0.026671 -0.614927
v 0.334670 0.026769 -0.614936
v 0.334657 0.026869 -0.614948
v 0.334643 0.026969 -0.614962
v 0.334627 0.027069 -0.614978
v 0.334610 0.027170 -0.614995
v 0.334594 0.027270 -0.615011
v 0.334579 0.027370 -0.615027
v 0.334565 0.027469 -0.615040
v 0.334555 0.027566 -0.615051
v 0.334533 0.027738 -0.615072
v 0.334513 0.027910 -0.615092
v 0.334494 0.028082 -0.615112
v 0.334475 0.028254 -0.615130
v 0.334456 0.028426 -0.615149
v 0.334438 0.028598 -0.615167
v 0.334419 0.028770 -0.615186
v 0.334399 0.028942 -0.615206
v 0.334379 0.029114 -0.615227
v 0.334357 0.029286 -0.615249
v 0.334333 0.029458 -0.615272
v 0.334308 0.029630 -0.615298
v 0.334285 0.029758 -0.615320
v 0.334262 0.029887 -0.615343
v 0.334237 0.030016 -0.615368
v 0.334212 0.030145 -0.615394
v 0.334184 0.030273 -0.615421
v 0.334156 0.030401 -0.615450
v 0.334125 0.030529 -0.615480
v 0.334092 0.030655 -0.615513
v 0.334057 0.030781 -0.615548
v 0.334020 0.030904 -0.615585
v 0.333980 0.031026 -0.615625
v 0.333937 0.031147 -0.615668
v 0.333883 0.031291 -0.615722
v 0.333826 0.031435 -0.615779
v 0.333767 0.031577 -0.615839
v 0.333705 0.031718 -0.615900
v 0.333642 0.031858 -0.615963
v 0.333578 0.031998 -0.616027
v 0.333512 0.032136 -0.616093
v 0.333446 0.032274 -0.616159
v 0.333379 0.032411 -0.616226
v 0.333312 0.032548 -0.616293
v 0.333245 0.032685 -0.616360
v 0.333179 0.032822 -0.616427
v 0.333072 0.033046 -0.616533
v 0.332963 0.033268 -0.616642
v 0.332852 0.033487 -0.616753
v 0.332737 0.033703 -0.616868
v 0.332618 0.033915 -0.616987
v 0.332495 0.034123 -0.617110
v 0.332367 0.034325 -0.617239
v 0.332233 0.034522 -0.617373
v 0.332092 0.034712 -0.617513
v 0.331945 0.034895 -0.617661
v 0.331790 0.035071 -0.617816
v 0.331626 0.035238 -0.617979
v 0.331495 0.035368 -0.618110
v 0.331366 0.035502 -0.618239
v 0.331238 0.035639 -0.618367
v 0.331112 0.035780 -0.618493
v 0.330987 0.035922 -0.618618
v 0.330863 0.036067 -0.618742
v 0.330740 0.036213 -0.618865
v 0.330618 0.036360 -0.618988
v 0.330495 0.036508 -0.619110
v 0.330373 0.036656 -0.619232
v 0.330250 0.036803 -0.619355
v 0.330127 0.036949 -0.619478
v 0.330076 0.037012 -0.619530
v 0.330027 0.037076 -0.619578
v 0.329983 0.037143 -0.619622
v 0.329942 0.037212 -0.619663
v 0.329906 0.037285 -0.619700
v 0.329873 0.037361 -0.619732
v 0.329846 0.037442 -0.619759
v 0.329824 0.037526 -0.619781
v 0.329807 0.037616 -0.619798
v 0.329796 0.037711 -0.619810
v 0.329791 0.037812 -0.619815
v 0.329792 0.037919 -0.619814
v 0.329796 0.038303 -0.619810
v 0.329798 0.038687 -0.619807
v 0.329799 0.039073 -0.619806
v 0.329800 0.039458 -0.619806
v 0.329799 0.039844 -0.619806
v 0.329798 0.040229 -0.619807
v 0.329797 0.040615 -0.619808
v 0.329796 0.041001 -0.619810
v 0.329794 0.041386 -0.619811
v 0.329793 0.041771 -0.619812
v 0.329792 0.042156 -0.619813
v 0.329792 0.042540 -0.619814
v 0.329739 0.042581 -0.619866
v 0.329686 0.042626 -0.619919
v 0.329633 0.042673 -0.619972
v 0.329581 0.042720 -0.620025
v 0.329528 0.042767 -0.620077
v 0.329477 0.042811 -0.620129
v 0.329425 0.042852 -0.620180
v 0.329374 0.042889 -0.620232
v 0.329323 0.042919 -0.620282
v 0.329273 0.042943 -0.620332
v 0.329223 0.042958 -0.620382
v 0.329174 0.042963 -0.620431
v 0.328791 0.042971 -0.620815
v 0.328407 0.042977 -0.621199
v 0.328023 0.042981 -0.621583
v 0.327638 0.042983 -0.621968
v 0.327252 0.042985 -0.622353
v 0.326866 0.042985 -0.622740
v 0.326478 0.042985 -0.623127
v 0.326089 0.042984 -0.623516
v 0.325699 0.042983 -0.623906
v 0.325307 0.042982 -0.624298
v 0.324913 0.042981 -0.624692
v 0.324517 0.042981 -0.625088
v 0.324517 0.042968 -0.625088
v 0.324517 0.042932 -0.625088
v 0.324517 0.042879 -0.625088
v 0.324517 0.042812 -0.625088
v 0.324517 0.042735 -0.625088
v 0.324517 0.042654 -0.625088
v 0.324517 0.042574 -0.625088
v 0.324517 0.042497 -0.625088
v 0.324517 0.042430 -0.625088
v 0.324517 0.042376 -0.625088
v 0.324517 0.042341 -0.625088
v 0.324517 0.042328 -0.625088
v 0.324517 0.039030 -0.625088
v 0.324590 0.038974 -0.625015
v 0.324658 0.038913 -0.624947
v 0.324721 0.038847 -0.624884
v 0.324779 0.038775 -0.624827
v 0.324831 0.038700 -0.624775
v 0.324877 0.038620 -0.624729
v 0.324917 0.038537 -0.624689
v 0.324950 0.038450 -0.624655
v 0.324976 0.038360 -0.624629
v 0.324996 0.038268 -0.624610
v 0.325007 0.038174 -0.624598
v 0.325011 0.038078 -0.624594
v 0.325007 0.037978 -0.624598
v 0.324996 0.037881 -0.624610
v 0.324976 0.037788 -0.624629
v 0.324950 0.037698 -0.624655
v 0.324917 0.037611 -0.624689
v 0.324877 0.037529 -0.624729
v 0.324831 0.037450 -0.624775
v 0.324779 0.037376 -0.624827
v 0.324721 0.037306 -0.624884
v 0.324658 0.037241 -0.624947
v 0.324590 0.037181 -0.625015
v 0.324517 0.037125 -0.625088
v 0.324517 0.037097 -0.625088
v 0.324517 0.037014 -0.625088
v 0.324517 0.036883 -0.625088
v 0.324517 0.036707 -0.625088
v 0.324517 0.036493 -0.625088
v 0.324517 0.036243 -0.625088
v 0.324517 0.035965 -0.625088
v 0.324517 0.035662 -0.625088
v 0.324517 0.035340 -0.625088
v 0.324517 0.035002 -0.625088
v 0.324517 0.034655 -0.625088
v 0.324517 0.034303 -0.625088
v 0.324590 0.034244 -0.625015
v 0.324658 0.034180 -0.624947
v 0.324721 0.034112 -0.624884
v 0.324779 0.034040 -0.624827
v 0.324831 0.033964 -0.624775
v 0.324877 0.033885 -0.624729
v 0.324917 0.033801 -0.624689
v 0.324950 0.033714 -0.624655
v 0.324976 0.033624 -0.624629
v 0.324996 0.033530 -0.624610
v 0.325007 0.033433 -0.624598
v 0.325011 0.033333 -0.624594
v 0.325007 0.033237 -0.624598
v 0.324996 0.033143 -0.624610
v 0.324976 0.033051 -0.624629
v 0.324950 0.032961 -0.624655
v 0.324917 0.032874 -0.624689
v 0.324877 0.032791 -0.624729
v 0.324831 0.032712 -0.624775
v 0.324779 0.032636 -0.624827
v 0.324721 0.032565 -0.624884
v 0.324658 0.032498 -0.624947
v 0.324590 0.032437 -0.625015
v 0.324517 0.032381 -0.625088
v 0.324517 0.032326 -0.625088
v 0.324517 0.032172 -0.625088
v 0.324517 0.031940 -0.625088
v 0.324517 0.031649 -0.625088
v 0.324517 0.031320 -0.625088
v 0.324517 0.030970 -0.625088
v 0.324517 0.030621 -0.625088
v 0.324517 0.030291 -0.625088
v 0.324517 0.030000 -0.625088
v 0.324517 0.029768 -0.625088
v 0.324517 0.029615 -0.625088
v 0.324517 0.029559 -0.625088
v 0.324590 0.029503 -0.625015
v 0.324658 0.029442 -0.624947
v 0.324721 0.029376 -0.624884
v 0.324779 0.029305 -0.624827
v 0.324831 0.029229 -0.624775
v 0.324877 0.029149 -0.624729
v 0.324917 0.029066 -0.624689
v 0.324950 0.028979 -0.624655
v 0.324976 0.028890 -0.624629
v 0.324996 0.028797 -0.624610
v 0.325007 0.028703 -0.624598
v 0.325011 0.028607 -0.624594
v 0.325007 0.028511 -0.624598
v 0.324996 0.028416 -0.624610
v 0.324976 0.028324 -0.624629
v 0.324950 0.028235 -0.624655
v 0.324917 0.028148 -0.624689
v 0.324877 0.028065 -0.624729
v 0.324831 0.027985 -0.624775
v 0.324779 0.027909 -0.624827
v 0.324721 0.027838 -0.624884
v 0.324658 0.027772 -0.624947
v 0.324590 0.027710 -0.625015
v 0.324517 0.027655 -0.625088
v 0.324517 0.027592 -0.625088
v 0.324517 0.027418 -0.625088
v 0.324517 0.027156 -0.625088
v 0.324517 0.026827 -0.625088
v 0.324517 0.026454 -0.625088
v 0.324517 0.026058 -0.625088
v 0.324517 0.025663 -0.625088
v 0.324517 0.025290 -0.625088
v 0.324517 0.024961 -0.625088
v 0.324517 0.024699 -0.625088
v 0.324517 0.024525 -0.625088
v 0.324517 0.024462 -0.625088
v 0.324516 0.024272 -0.625090
v 0.324512 0.024081 -0.625093
v 0.324509 0.023891 -0.625096
v 0.324510 0.023702 -0.625096
v 0.324516 0.023515 -0.625089
v 0.324531 0.023331 -0.625075
v 0.324556 0.023152 -0.625049
v 0.324596 0.022977 -0.625010
v 0.324651 0.022808 -0.624954
v 0.324726 0.022646 -0.624880
v 0.324821 0.022492 -0.624784
v 0.324941 0.022346 -0.624665
v 0.324941 0.022341 -0.624665
v 0.324941 0.022337 -0.624664
v 0.324941 0.022333 -0.624664
v 0.324941 0.022328 -0.624664
v 0.324942 0.022324 -0.624663
v 0.324943 0.022319 -0.624662
v 0.324944 0.022315 -0.624661
v 0.324946 0.022311 -0.624659
v 0.324948 0.022306 -0.624657
v 0.324951 0.022302 -0.624654
v 0.324954 0.022297 -0.624651
v 0.324958 0.022293 -0.624647
v 0.325046 0.022085 -0.624559
v 0.325133 0.021877 -0.624472
v 0.325220 0.021669 -0.624385
v 0.325307 0.021459 -0.624299
v 0.325393 0.021250 -0.624213
v 0.325479 0.021041 -0.624127
v 0.325565 0.020831 -0.624041
v 0.325651 0.020622 -0.623954
v 0.325737 0.020413 -0.623868
v 0.325824 0.020204 -0.623781
v 0.325911 0.019996 -0.623694
v 0.325999 0.019789 -0.623606
v 0.326092 0.019577 -0.623513
v 0.326187 0.019367 -0.623418
v 0.326283 0.019156 -0.623323
v 0.326379 0.018947 -0.623227
v 0.326475 0.018737 -0.623130
v 0.326572 0.018528 -0.623033
v 0.326669 0.018318 -0.622936
v 0.326766 0.018109 -0.622839
v 0.326862 0.017899 -0.622743
v 0.326958 0.017689 -0.622647
v 0.327053 0.017478 -0.622553
v 0.327146 0.017267 -0.622460
v 0.327274 0.016966 -0.622332
v 0.327401 0.016666 -0.622204
v 0.327529 0.016364 -0.622076
v 0.327657 0.016063 -0.621949
v 0.327784 0.015761 -0.621821
v 0.327911 0.015459 -0.621694
v 0.328038 0.015157 -0.621568
v 0.328164 0.014855 -0.621442
v 0.328289 0.014553 -0.621316
v 0.328414 0.014252 -0.621191
v 0.328539 0.013951 -0.621066
v 0.328663 0.013651 -0.620942
v 0.328754 0.013429 -0.620851
v 0.328844 0.013205 -0.620761
v 0.328934 0.012980 -0.620672
v 0.329022 0.012753 -0.620583
v 0.329111 0.012526 -0.620494
v 0.329201 0.012300 -0.620404
v 0.329292 0.012074 -0.620313
v 0.329385 0.011851 -0.620220
v 0.329481 0.011630 -0.620124
v 0.329581 0.011412 -0.620025
v 0.329684 0.011198 -0.619921
v 0.329792 0.010988 -0.619814
v 0.329939 0.010695 -0.619666
v 0.330072 0.010397 -0.619534
v 0.330190 0.010095 -0.619415
v 0.330296 0.009789 -0.619310
v 0.330388 0.009478 -0.619218
v 0.330467 0.009163 -0.619139
v 0.330533 0.008843 -0.619072
v 0.330588 0.008519 -0.619018
v 0.330630 0.008190 -0.618975
v 0.330662 0.007857 -0.618944
v 0.330682 0.007520 -0.618923
v 0.330691 0.007178 -0.618914
v 0.330699 0.006753 -0.618906
v 0.330705 0.006271 -0.618900
v 0.330709 0.005713 -0.618896
v 0.330711 0.005055 -0.618894
v 0.330712 0.004275 -0.618893
v 0.330711 0.003351 -0.618894
v 0.330710 0.002262 -0.618896
v 0.330707 0.000983 -0.618898
v 0.330704 -0.000505 -0.618901
v 0.330700 -0.002226 -0.618905
v 0.330696 -0.004202 -0.618909
v 0.330691 -0.006455 -0.618914
v 0.330690 -0.006549 -0.618915
v 0.330687 -0.006646 -0.618918
v 0.330681 -0.006745 -0.618925
v 0.330672 -0.006845 -0.618933
v 0.330660 -0.006944 -0.618945
v 0.330645 -0.007043 -0.618960
v 0.330627 -0.007140 -0.618978
v 0.330605 -0.007235 -0.619000
v 0.330580 -0.007325 -0.619025
v 0.330551 -0.007411 -0.619055
v 0.330517 -0.007492 -0.619088
v 0.330480 -0.007566 -0.619126
v 0.330370 -0.007751 -0.619235
v 0.330254 -0.007921 -0.619352
v 0.330130 -0.008074 -0.619475
v 0.330000 -0.008212 -0.619606
v 0.329863 -0.008335 -0.619743
v 0.329719 -0.008443 -0.619886
v 0.329569 -0.008538 -0.620036
v 0.329414 -0.008619 -0.620192
v 0.329252 -0.008687 -0.620353
v 0.329084 -0.008742 -0.620521
v 0.328912 -0.008786 -0.620694
v 0.328733 -0.008818 -0.620872
v 0.328513 -0.008848 -0.621092
v 0.328294 -0.008868 -0.621312
v 0.328075 -0.008881 -0.621531
v 0.327856 -0.008890 -0.621749
v 0.327638 -0.008896 -0.621968
v 0.327419 -0.008902 -0.622186
v 0.327201 -0.008910 -0.622404
v 0.326982 -0.008922 -0.622623
v 0.326764 -0.008942 -0.622842
v 0.326545 -0.008971 -0.623061
v 0.326325 -0.009011 -0.623280
v 0.326105 -0.009065 -0.623500
v 0.325968 -0.009100 -0.623637
v 0.325832 -0.009135 -0.623774
v 0.325696 -0.009172 -0.623910
v 0.325560 -0.009210 -0.624045
v 0.325425 -0.009252 -0.624180
v 0.325291 -0.009299 -0.624314
v 0.325159 -0.009350 -0.624447
v 0.325027 -0.009407 -0.624578
v 0.324897 -0.009472 -0.624708
v 0.324769 -0.009544 -0.624837
v 0.324642 -0.009626 -0.624963
v 0.324517 -0.009717 -0.625088
v 0.324517 -0.009789 -0.625088
v 0.324517 -0.009985 -0.625088
v 0.324517 -0.010282 -0.625088
v 0.324517 -0.010655 -0.625088
v 0.324517 -0.011077 -0.625088
v 0.324517 -0.011525 -0.625088
v 0.324517 -0.011973 -0.625088
v 0.324517 -0.012396 -0.625088
v 0.324517 -0.012768 -0.625088
v 0.324517 -0.013065 -0.625088
v 0.324517 -0.013262 -0.625088
v 0.324517 -0.013333 -0.625088
v 0.324590 -0.013389 -0.625015
v 0.324658 -0.013450 -0.624947
v 0.324721 -0.013516 -0.624884
v 0.324779 -0.013588 -0.624827
v 0.324831 -0.013663 -0.624775
v 0.324877 -0.013743 -0.624729
v 0.324917 -0.013826 -0.624689
v 0.324950 -0.013913 -0.624655
v 0.324976 -0.014003 -0.624629
v 0.324996 -0.014095 -0.624610
v 0.325007 -0.014189 -0.624598
v 0.325011 -0.014285 -0.624594
v 0.325007 -0.014385 -0.624598
v 0.324996 -0.014482 -0.624610
v 0.324976 -0.014575 -0.624629
v 0.324950 -0.014665 -0.624655
v 0.324917 -0.014752 -0.624689
v 0.324877 -0.014834 -0.624729
v 0.324831 -0.014913 -0.624775
v 0.324779 -0.014987 -0.624827
v 0.324721 -0.015057 -0.624884
v 0.324658 -0.015122 -0.624947
v 0.324590 -0.015182 -0.625015
v 0.324517 -0.015238 -0.625088
v 0.324517 -0.015293 -0.625088
v 0.324517 -0.015447 -0.625088
v 0.324517 -0.015679 -0.625088
v 0.324517 -0.015969 -0.625088
v 0.324517 -0.016299 -0.625088
v 0.324517 -0.016649 -0.625088
v 0.324517 -0.016998 -0.625088
v 0.324517 -0.017328 -0.625088
v 0.324517 -0.017619 -0.625088
v 0.324517 -0.017850 -0.625088
v 0.324517 -0.018004 -0.625088
v 0.324517 -0.018059 -0.625088
v 0.324590 -0.018115 -0.625015
v 0.324658 -0.018177 -0.624947
v 0.324721 -0.018243 -0.624884
v 0.324779 -0.018315 -0.624827
v 0.324831 -0.018391 -0.624775
v 0.324877 -0.018472 -0.624729
v 0.324917 -0.018556 -0.624689
v 0.324950 -0.018645 -0.624655
v 0.324976 -0.018737 -0.624629
v 0.324996 -0.018831 -0.624610
v 0.325007 -0.018929 -0.624598
v 0.325011 -0.019029 -0.624594
v 0.325007 -0.019126 -0.624598
v 0.324996 -0.019220 -0.624610
v 0.324976 -0.019312 -0.624629
v 0.324950 -0.019402 -0.624655
v 0.324917 -0.019488 -0.624689
v 0.324877 -0.019572 -0.624729
v 0.324831 -0.019651 -0.624775
v 0.324779 -0.019727 -0.624827
v 0.324721 -0.019798 -0.624884
v 0.324658 -0.019865 -0.624947
v 0.324590 -0.019926 -0.625015
v 0.324517 -0.019982 -0.625088
v 0.324517 -0.020037 -0.625088
v 0.324517 -0.020191 -0.625088
v 0.324517 -0.020423 -0.625088
v 0.324517 -0.020713 -0.625088
v 0.324517 -0.021043 -0.625088
v 0.324517 -0.021393 -0.625088
v 0.324517 -0.021742 -0.625088
v 0.324517 -0.022072 -0.625088
v 0.324517 -0.022363 -0.625088
v 0.324517 -0.022595 -0.625088
v 0.324517 -0.022748 -0.625088
v 0.324517 -0.022804 -0.625088
v 0.324590 -0.022859 -0.625015
v 0.324658 -0.022920 -0.624947
v 0.324721 -0.022985 -0.624884
v 0.324779 -0.023055 -0.624827
v 0.324831 -0.023129 -0.624775
v 0.324877 -0.023207 -0.624729
v 0.324917 -0.023290 -0.624689
v 0.324950 -0.023376 -0.624655
v 0.324976 -0.023466 -0.624629
v 0.324996 -0.023559 -0.624610
v 0.325007 -0.023656 -0.624598
v 0.325011 -0.023756 -0.624594
v 0.325007 -0.023852 -0.624598
v 0.324996 -0.023947 -0.624610
v 0.324976 -0.024039 -0.624629
v 0.324950 -0.024128 -0.624655
v 0.324917 -0.024215 -0.624689
v 0.324877 -0.024298 -0.624729
v 0.324831 -0.024378 -0.624775
v 0.324779 -0.024454 -0.624827
v 0.324721 -0.024525 -0.624884
v 0.324658 -0.024591 -0.624947
v 0.324590 -0.024653 -0.625015
v 0.324517 -0.024708 -0.625088
v 0.324517 -0.024995 -0.625088
v 0.324517 -0.025280 -0.625088
v 0.324518 -0.025566 -0.625088
v 0.324518 -0.025850 -0.625087
v 0.324519 -0.026135 -0.625087
v 0.324520 -0.026419 -0.625086
v 0.324521 -0.026704 -0.625084
v 0.324523 -0.026988 -0.625083
v 0.324525 -0.027273 -0.625080
v 0.324528 -0.027558 -0.625078
v 0.324531 -0.027844 -0.625074
v 0.324535 -0.028130 -0.625070
v 0.324537 -0.028171 -0.625068
v 0.324542 -0.028215 -0.625063
v 0.324550 -0.028261 -0.625055
v 0.324562 -0.028308 -0.625044
v 0.324576 -0.028355 -0.625029
v 0.324592 -0.028401 -0.625013
v 0.324611 -0.028445 -0.624994
v 0.324632 -0.028487 -0.624974
v 0.324654 -0.028524 -0.624951
v 0.324678 -0.028557 -0.624927
v 0.324703 -0.028585 -0.624902
v 0.324729 -0.028606 -0.624876
v 0.324774 -0.028636 -0.624831
v 0.324821 -0.028664 -0.624784
v 0.324870 -0.028689 -0.624735
v 0.324920 -0.028713 -0.624685
v 0.324971 -0.028734 -0.624635
v 0.325022 -0.028754 -0.624583
v 0.325074 -0.028772 -0.624531
v 0.325126 -0.028788 -0.624479
v 0.325178 -0.028802 -0.624427
v 0.325229 -0.028815 -0.624376
v 0.325280 -0.028826 -0.624326
v 0.325329 -0.028835 -0.624276
v 0.325443 -0.028856 -0.624162
v 0.325558 -0.028873 -0.624047
v 0.325672 -0.028889 -0.623933
v 0.325786 -0.028905 -0.623819
v 0.325900 -0.028922 -0.623706
v 0.326012 -0.028943 -0.623593
v 0.326124 -0.028969 -0.623481
v 0.326236 -0.029001 -0.623370
v 0.326346 -0.029041 -0.623259
v 0.326455 -0.029091 -0.623150
v 0.326563 -0.029151 -0.623042
v 0.326669 -0.029223 -0.622936
v 0.326768 -0.029286 -0.622837
v 0.326869 -0.029341 -0.622736
v 0.326972 -0.029390 -0.622633
v 0.327077 -0.029435 -0.622528
v 0.327184 -0.029476 -0.622422
v 0.327291 -0.029514 -0.622314
v 0.327400 -0.029551 -0.622206
v 0.327508 -0.029588 -0.622097
v 0.327617 -0.029625 -0.621988
v 0.327725 -0.029664 -0.621880
v 0.327833 -0.029706 -0.621772
v 0.327940 -0.029753 -0.621666
v 0.328010 -0.029784 -0.621595
v 0.328081 -0.029817 -0.621525
v 0.328151 -0.029852 -0.621454
v 0.328221 -0.029888 -0.621384
v 0.328291 -0.029926 -0.621314
v 0.328361 -0.029966 -0.621245
v 0.328430 -0.030008 -0.621175
v 0.328499 -0.030052 -0.621107
v 0.328567 -0.030097 -0.621038
v 0.328635 -0.030145 -0.620970
v 0.328702 -0.030195 -0.620903
v 0.328769 -0.030246 -0.620837
v 0.328866 -0.030322 -0.620740
v 0.328963 -0.030398 -0.620643
v 0.329059 -0.030475 -0.620546
v 0.329155 -0.030554 -0.620450
v 0.329251 -0.030634 -0.620354
v 0.329346 -0.030716 -0.620259
v 0.329441 -0.030800 -0.620164
v 0.329534 -0.030885 -0.620071
v 0.329627 -0.030973 -0.619978
v 0.329719 -0.031063 -0.619887
v 0.329809 -0.031156 -0.619797
v 0.329898 -0.031252 -0.619708
v 0.330039 -0.031407 -0.619567
v 0.330180 -0.031563 -0.619426
v 0.330320 -0.031721 -0.619285
v 0.330460 -0.031881 -0.619146
v 0.330598 -0.032043 -0.619007
v 0.330736 -0.032206 -0.618870
v 0.330871 -0.032371 -0.618734
v 0.331006 -0.032538 -0.618600
v 0.331138 -0.032707 -0.618467
v 0.331268 -0.032879 -0.618337
v 0.331396 -0.033052 -0.618210
v 0.331521 -0.033227 -0.618085
v 0.331592 -0.033332 -0.618013
v 0.331659 -0.033442 -0.617947
v 0.331720 -0.033557 -0.617885
v 0.331778 -0.033676 -0.617827
v 0.331833 -0.033798 -0.617772
v 0.331887 -0.033921 -0.617719
v 0.331939 -0.034046 -0.617666
v 0.331992 -0.034171 -0.617613
v 0.332046 -0.034296 -0.617559
v 0.332103 -0.034419 -0.617502
v 0.332162 -0.034539 -0.617443
v 0.332226 -0.034656 -0.617379
v 0.332303 -0.034793 -0.617302
v 0.332376 -0.034931 -0.617230
v 0.332443 -0.035071 -0.617162
v 0.332505 -0.035213 -0.617101
v 0.332560 -0.035358 -0.617045
v 0.332610 -0.035506 -0.616995
v 0.332653 -0.035658 -0.616953
v 0.332689 -0.035814 -0.616917
v 0.332717 -0.035975 -0.616888
v 0.332738 -0.036141 -0.616867
v 0.332751 -0.036312 -0.616854
v 0.332755 -0.036490 -0.616850
v 0.332758 -0.036556 -0.616847
v 0.332767 -0.036621 -0.616838
v 0.332782 -0.036684 -0.616823
v 0.332803 -0.036744 -0.616802
v 0.332830 -0.036800 -0.616775
v 0.332863 -0.036851 -0.616742
v 0.332903 -0.036897 -0.616702
v 0.332949 -0.036935 -0.616657
v 0.333001 -0.036966 -0.616604
v 0.333060 -0.036988 -0.616546
v 0.333125 -0.037000 -0.616481
v 0.333196 -0.037001 -0.616409
v 0.333408 -0.036994 -0.616197
v 0.333620 -0.036989 -0.615986
v 0.333831 -0.036986 -0.615774
v 0.334042 -0.036985 -0.615563
v 0.334254 -0.036985 -0.615352
v 0.334464 -0.036986 -0.615141
v 0.334675 -0.036987 -0.614931
v 0.334885 -0.036988 -0.614721
v 0.335094 -0.036989 -0.614511
v 0.335303 -0.036988 -0.614302
v 0.335511 -0.036987 -0.614094
v 0.335719 -0.036984 -0.613886
v 0.335820 -0.036984 -0.613786
v 0.335919 -0.036984 -0.613686
v 0.336018 -0.036982 -0.613588
v 0.336116 -0.036979 -0.613490
v 0.336213 -0.036972 -0.613392
v 0.336310 -0.036961 -0.613295
v 0.336407 -0.036946 -0.613198
v 0.336504 -0.036923 -0.613101
v 0.336602 -0.036894 -0.613003
v 0.336701 -0.036857 -0.612905
v 0.336800 -0.036811 -0.612805
v 0.336901 -0.036754 -0.612704
v 0.337052 -0.036657 -0.612553
v 0.337198 -0.036541 -0.612408
v 0.337335 -0.036409 -0.612270
v 0.337463 -0.036262 -0.612142
v 0.337582 -0.036100 -0.612024
v 0.337688 -0.035925 -0.611917
v 0.337782 -0.035739 -0.611824
v 0.337861 -0.035542 -0.611744
v 0.337925 -0.035336 -0.611680
v 0.337973 -0.035121 -0.611633
v 0.338002 -0.034900 -0.611603
v 0.338012 -0.034673 -0.611593
v 0.338012 -0.029203 -0.611593
v 0.338012 -0.024426 -0.611593
v 0.338012 -0.020206 -0.611593
v 0.338012 -0.016402 -0.611594
v 0.338011 -0.012877 -0.611594
v 0.338010 -0.009490 -0.611595
v 0.338009 -0.006104 -0.611597
v 0.338007 -0.002580 -0.611598
v 0.338005 0.001222 -0.611601
v 0.338002 0.005440 -0.611603
v 0.337999 0.010213 -0.611607
v 0.337995 0.015679 -0.634538
v 0.337992 0.015777 -0.634538
v 0.337986 0.015874 -0.634538
v 0.337976 0.015972 -0.634538
v 0.337962 0.016069 -0.634538
v 0.337945 0.016166 -0.634538
v 0.337924 0.016261 -0.634538
v 0.337901 0.016355 -0.634538
v 0.337874 0.016447 -0.634538
v 0.337846 0.016537 -0.634538
v 0.337815 0.016625 -0.634538
v 0.337782 0.016709 -0.634538
v 0.337748 0.016790 -0.634538
v 0.337658 0.016949 -0.634538
v 0.337557 0.017082 -0.634538
v 0.337447 0.017194 -0.634538
v 0.337328 0.017286 -0.634538
v 0.337203 0.017362 -0.634538
v 0.337073 0.017425 -0.634538
v 0.336939 0.017478 -0.634538
v 0.336803 0.017523 -0.634538
v 0.336666 0.017564 -0.634538
v 0.336530 0.017604 -0.634538
v 0.336396 0.017645 -0.634538
v 0.336266 0.017690 -0.634538
v 0.336170 0.017720 -0.634538
v 0.336077 0.017750 -0.634538
v 0.335986 0.017781 -0.634538
v 0.335899 0.017815 -0.634538
v 0.335816 0.017855 -0.634538
v 0.335737 0.017901 -0.634538
v 0.335662 0.017957 -0.634538
v 0.335592 0.018023 -0.634538
v 0.335527 0.018102 -0.634538
v 0.335467 0.018194 -0.634538
v 0.335413 0.018304 -0.634538
v 0.335366 0.018431 -0.634538
v 0.335334 0.018515 -0.634538
v 0.335300 0.018599 -0.634538
v 0.335264 0.018683 -0.634538
v 0.335226 0.018766 -0.634538
v 0.335185 0.018848 -0.634538
v 0.335143 0.018929 -0.634538
v 0.335100 0.019007 -0.634538
v 0.335054 0.019082 -0.634538
v 0.335006 0.019155 -0.634538
v 0.334957 0.019223 -0.634538
v 0.334907 0.019288 -0.634538
v 0.334855 0.019348 -0.634538
v 0.334787 0.019416 -0.634538
v 0.334717 0.019481 -0.634538
v 0.334645 0.019542 -0.634538
v 0.334570 0.019600 -0.634538
v 0.334495 0.019655 -0.634538
v 0.334418 0.019709 -0.634538
v 0.334341 0.019761 -0.634538
v 0.334263 0.019813 -0.634538
v 0.334185 0.019864 -0.634538
v 0.334107 0.019914 -0.634538
v 0.334031 0.019966 -0.634538
v 0.333955 0.020018 -0.634538
v 0.333857 0.020103 -0.634538
v 0.333765 0.020213 -0.634538
v 0.333683 0.020346 -0.634538
v 0.333609 0.020495 -0.634538
v 0.333547 0.020658 -0.634538
v 0.333496 0.020829 -0.634538
v 0.333459 0.021005 -0.634538
v 0.333436 0.021181 -0.634538
v 0.333429 0.021352 -0.634538
v 0.333439 0.021515 -0.634538
v 0.333467 0.021666 -0.634538
v 0.333514 0.021799 -0.634538
v 0.333604 0.021987 -0.634538
v 0.333696 0.022173 -0.634538
v 0.333788 0.022357 -0.634538
v 0.333878 0.022542 -0.634538
v 0.333966 0.022729 -0.634538
v 0.334050 0.022919 -0.634538
v 0.334127 0.023113 -0.634538
v 0.334196 0.023313 -0.634538
v 0.334256 0.023520 -0.634538
v 0.334304 0.023736 -0.634538
v 0.334340 0.023961 -0.634538
v 0.334361 0.024198 -0.634538
v 0.334369 0.024379 -0.634538
v 0.334385 0.024559 -0.634538
v 0.334408 0.024740 -0.634538
v 0.334435 0.024921 -0.634538
v 0.334466 0.025103 -0.634538
v 0.334500 0.025285 -0.634538
v 0.334534 0.025467 -0.634538
v 0.334568 0.025649 -0.634538
v 0.334601 0.025832 -0.634538
v 0.334631 0.026016 -0.634538
v 0.334657 0.026200 -0.634538
v 0.334678 0.026385 -0.634538
v 0.334684 0.026478 -0.634538
v 0.334684 0.026574 -0.634538
v 0.334679 0.026671 -0.634538
v 0.334670 0.026769 -0.634538
v 0.334657 0.026869 -0.634538
v 0.334643 0.026969 -0.634538
v 0.334627 0.027069 -0.634538
v 0.334610 0.027170 -0.634538
v 0.334594 0.027270 -0.634538
v 0.334579 0.027370 -0.634538
v 0.334565 0.027469 -0.634538
v 0.334555 0.027566 -0.634538
v 0.334533 0.027738 -0.634538
v 0.334513 0.027910 -0.634538
v 0.334494 0.028082 -0.634538
v 0.334475 0.028254 -0.634538
v 0.334456 0.028426 -0.634538
v 0.334438 0.028598 -0.634538
v 0.334419 0.028770 -0.634538
v 0.334399 0.028942 -0.634538
v 0.334379 0.029114 -0.634538
v 0.334357 0.029286 -0.634538
v 0.334333 0.029458 -0.634538
v 0.334308 0.029630 -0.634538
v 0.334285 0.029758 -0.634538
v 0.334262 0.029887 -0.634538
v 0.334237 0.030016 -0.634538
v 0.334212 0.030145 -0.634538
v 0.334184 0.030273 -0.634538
v 0.334156 0.030401 -0.634538
v 0.334125 0.030529 -0.634538
v 0.334092 0.030655 -0.634538
v 0.334057 0.030781 -0.634538
v 0.334020 0.030904 -0.634538
v 0.333980 0.031026 -0.634538
v 0.333937 0.031147 -0.634538
v 0.333883 0.031291 -0.634538
v 0.333826 0.031435 -0.634538
v 0.333767 0.031577 -0.634538
v 0.333705 0.031718 -0.634538
v 0.333642 0.031858 -0.634538
v 0.333578 0.031998 -0.634538
v 0.333512 0.032136 -0.634538
v 0.333446 0.032274 -0.634538
v 0.333379 0.032411 -0.634538
v 0.333312 0.032548 -0.634538
v 0.333245 0.032685 -0.634538
v 0.333179 0.032822 -0.634538
v 0.333072 0.033046 -0.634538
v 0.332963 0.033268 -0.634538
v 0.332852 0.033487 -0.634538
v 0.332737 0.033703 -0.634538
v 0.332618 0.033915 -0.634538
v 0.332495 0.034123 -0.634538
v 0.332367 0.034325 -0.634538
v 0.332233 0.034522 -0.634538
v 0.332092 0.034712 -0.634538
v 0.331945 0.034895 -0.634538
v 0.331790 0.035071 -0.634538
v 0.331626 0.035238 -0.634538
v 0.331495 0.035368 -0.634538
v 0.331366 0.035502 -0.634538
v 0.331238 0.035639 -0.634538
v 0.331112 0.035780 -0.634538
v 0.330987 0.035922 -0.634538
v 0.330863 0.036067 -0.634538
v 0.330740 0.036213 -0.634538
v 0.330618 0.036360 -0.634538
v 0.330495 0.036508 -0.634538
v 0.330373 0.036656 -0.634538
v 0.330250 0.036803 -0.634538
v 0.330127 0.036949 -0.634538
v 0.330076 0.037012 -0.634538
v 0.330027 0.037076 -0.634538
v 0.329983 0.037143 -0.634538
v 0.329942 0.037212 -0.634538
v 0.329906 0.037285 -0.634538
v 0.329873 0.037361 -0.634538
v 0.329846 0.037442 -0.634538
v 0.329824 0.037526 -0.634538
v 0.329807 0.037616 -0.634538
v 0.329796 0.037711 -0.634538
v 0.329791 0.037812 -0.634538
v 0.329792 0.037919 -0.634538
v 0.329796 0.038303 -0.634538
v 0.329798 0.038687 -0.634538
v 0.329799 0.039073 -0.634538
v 0.329800 0.039458 -0.634538
v 0.329799 0.039844 -0.634538
v 0.329798 0.040229 -0.634538
v 0.329797 0.040615 -0.634538
v 0.329796 0.041001 -0.634538
v 0.329794 0.041386 -0.634538
v 0.329793 0.041771 -0.634538
v 0.329792 0.042156 -0.634538
v 0.329792 0.042540 -0.634538
v 0.329739 0.042581 -0.634538
v 0.329686 0.042626 -0.634538
v 0.329633 0.042673 -0.634538
v 0.329581 0.042720 -0.634538
v 0.329528 0.042767 -0.634538
v 0.329477 0.042811 -0.634538
v 0.329425 0.042852 -0.634538
v 0.329374 0.042889 -0.634538
v 0.329323 0.042919 -0.634538
v 0.329273 0.042943 -0.634538
v 0.329223 0.042958 -0.634538
v 0.329174 0.042963 -0.634538
v 0.328791 0.042971 -0.634538
v 0.328407 0.042977 -0.634538
v 0.328023 0.042981 -0.634538
v 0.327638 0.042983 -0.634538
v 0.327252 0.042985 -0.634538
v 0.326866 0.042985 -0.634538
v 0.326478 0.042985 -0.634538
v 0.326089 0.042984 -0.634538
v 0.325699 0.042983 -0.634538
v 0.325307 0.042982 -0.634538
v 0.324913 0.042981 -0.634538
v 0.324517 0.042981 -0.634538
v 0.324517 0.042968 -0.634538
v 0.324517 0.042932 -0.634538
v 0.324517 0.042879 -0.634538
v 0.324517 0.042812 -0.634538
v 0.324517 0.042735 -0.634538
v 0.324517 0.042654 -0.634538
v 0.324517 0.042574 -0.634538
v 0.324517 0.042497 -0.634538
v 0.324517 0.042430 -0.634538
v 0.324517 0.042376 -0.634538
v 0.324517 0.042341 -0.634538
v 0.324517 0.042328 -0.634538
v 0.324517 0.039030 -0.634538
v 0.324590 0.038974 -0.634538
v 0.324658 0.038913 -0.634538
v 0.324721 0.038847 -0.634538
v 0.324779 0.038775 -0.634538
v 0.324831 0.038700 -0.634538
v 0.324877 0.038620 -0.634538
v 0.324917 0.038537 -0.634538
v 0.324950 0.038450 -0.634538
v 0.324976 0.038360 -0.634538
v 0.324996 0.038268 -0.634538
v 0.325007 0.038174 -0.634538
v 0.325011 0.038078 -0.634538
v 0.325007 0.037978 -0.634538
v 0.324996 0.037881 -0.634538
v 0.324976 0.037788 -0.634538
v 0.324950 0.037698 -0.634538
v 0.324917 0.037611 -0.634538
v 0.324877 0.037529 -0.634538
v 0.324831 0.037450 -0.634538
v 0.324779 0.037376 -0.634538
v 0.324721 0.037306 -0.634538
v 0.324658 0.037241 -0.634538
v 0.324590 0.037181 -0.634538
v 0.324517 0.037125 -0.634538
v 0.324517 0.037097 -0.634538
v 0.324517 0.037014 -0.634538
v 0.324517 0.036883 -0.634538
v 0.324517 0.036707 -0.634538
v 0.324517 0.036493 -0.634538
v 0.324517 0.036243 -0.634538
v 0.324517 0.035965 -0.634538
v 0.324517 0.035662 -0.634538
v 0.324517 0.035340 -0.634538
v 0.324517 0.035002 -0.634538
v 0.324517 0.034655 -0.634538
v 0.324517 0.034303 -0.634538
v 0.324590 0.034244 -0.634538
v 0.324658 0.034180 -0.634538
v 0.324721 0.034112 -0.634538
v 0.324779 0.034040 -0.634538
v 0.324831 0.033964 -0.634538
v 0.324877 0.033885 -0.634538
v 0.324917 0.033801 -0.634538
v 0.324950 0.033714 -0.634538
v 0.324976 0.033624 -0.634538
v 0.324996 0.033530 -0.634538
v 0.325007 0.033433 -0.634538
v 0.325011 0.033333 -0.634538
v 0.325007 0.033237 -0.634538
v 0.324996 0.033143 -0.634538
v 0.324976 0.033051 -0.634538
v 0.324950 0.032961 -0.634538
v 0.324917 0.032874 -0.634538
v 0.324877 0.032791 -0.634538
v 0.324831 0.032712 -0.634538
v 0.324779 0.032636 -0.634538
v 0.324721 0.032565 -0.634538
v 0.324658 0.032498 -0.634538
v 0.324590 0.032437 -0.634538
v 0.324517 0.032381 -0.634538
v 0.324517 0.032326 -0.634538
v 0.324517 0.032172 -0.634538
v 0.324517 0.031940 -0.634538
v 0.324517 0.031649 -0.634538
v 0.324517 0.031320 -0.634538
v 0.324517 0.030970 -0.634538
v 0.324517 0.030621 -0.634538
v 0.324517 0.030291 -0.634538
v 0.324517 0.030000 -0.634538
v 0.324517 0.029768 -0.634538
v 0.324517 0.029615 -0.634538
v 0.324517 0.029559 -0.634538
v 0.324590 0.029503 -0.634538
v 0.324658 0.029442 -0.634538
v 0.324721 0.029376 -0.634538
v 0.324779 0.029305 -0.634538
v 0.324831 0.029229 -0.634538
v 0.324877 0.029149 -0.634538
v 0.324917 0.029066 -0.634538
v 0.324950 0.028979 -0.634538
v 0.324976 0.028890 -0.634538
v 0.324996 0.028797 -0.634538
v 0.325007 0.028703 -0.634538
v 0.325011 0.028607 -0.634538
v 0.325007 0.028511 -0.634538
v 0.324996 0.028416 -0.634538
v 0.324976 0.028324 -0.634538
v 0.324950 0.028235 -0.634538
v 0.324917 0.028148 -0.634538
v 0.324877 0.028065 -0.634538
v 0.324831 0.027985 -0.634538
v 0.324779 0.027909 -0.634538
v 0.324721 0.027838 -0.634538
v 0.324658 0.027772 -0.634538
v 0.324590 0.027710 -0.634538
v 0.324517 0.027655 -0.634538
v 0.324517 0.027592 -0.634538
v 0.324517 0.027418 -0.634538
v 0.324517 0.027156 -0.634538
v 0.324517 0.026827 -0.634538
v 0.324517 0.026454 -0.634538
v 0.324517 0.026058 -0.634538
v 0.324517 0.025663 -0.634538
v 0.324517 0.025290 -0.634538
v 0.324517 0.024961 -0.634538
v 0.324517 0.024699 -0.634538
v 0.324517 0.024525 -0.634538
v 0.324517 0.024462 -0.634538
v 0.324516 0.024272 -0.634538
v 0.324512 0.024081 -0.634538
v 0.324509 0.023891 -0.634538
v 0.324510 0.023702 -0.634538
v 0.324516 0.023515 -0.634538
v 0.324531 0.023331 -0.634538
v 0.324556 0.023152 -0.634538
v 0.324596 0.022977 -0.634538
v 0.324651 0.022808 -0.634538
v 0.324726 0.022646 -0.634538
v 0.324821 0.022492 -0.634538
v 0.324941 0.022346 -0.634538
v 0.324941 0.022341 -0.634538
v 0.324941 0.022337 -0.634538
v 0.324941 0.022333 -0.634538
v 0.324941 0.022328 -0.634538
v 0.324942 0.022324 -0.634538
v 0.324943 0.022319 -0.634538
v 0.324944 0.022315 -0.634538
v 0.324946 0.022311 -0.634538
v 0.324948 0.022306 -0.634538
v 0.324951 0.022302 -0.634538
v 0.324954 0.022297 -0.634538
v 0.324958 0.022293 -0.634538
v 0.325046 0.022085 -0.634538
v 0.325133 0.021877 -0.634538
v 0.325220 0.021669 -0.634538
v 0.325307 0.021459 -0.634538
v 0.325393 0.021250 -0.634538
v 0.325479 0.021041 -0.634538
v 0.325565 0.020831 -0.634538
v 0.325651 0.020622 -0.634538
v 0.325737 0.020413 -0.634538
v 0.325824 0.020204 -0.634538
v 0.325911 0.019996 -0.634538
v 0.325999 0.019789 -0.634538
v 0.326092 0.019577 -0.634538
v 0.326187 0.019367 -0.634538
v 0.326283 0.019156 -0.634538
v 0.326379 0.018947 -0.634538
v 0.326475 0.018737 -0.634538
v 0.326572 0.018528 -0.634538
v 0.326669 0.018318 -0.634538
v 0.326766 0.018109 -0.634538
v 0.326862 0.017899 -0.634538
v 0.326958 0.017689 -0.634538
v 0.327053 0.017478 -0.634538
v 0.327146 0.017267 -0.634538
v 0.327274 0.016966 -0.634538
v 0.327401 0.016666 -0.634538
v 0.327529 0.016364 -0.634538
v 0.327657 0.016063 -0.634538
v 0.327784 0.015761 -0.634538
v 0.327911 0.015459 -0.634538
v 0.328038 0.015157 -0.634538
v 0.328164 0.014855 -0.634538
v 0.328289 0.014553 -0.634538
v 0.328414 0.014252 -0.634538
v 0.328539 0.013951 -0.634538
v 0.328663 0.013651 -0.634538
v 0.328754 0.013429 -0.634538
v 0.328844 0.013205 -0.634538
v 0.328934 0.012980 -0.634538
v 0.329022 0.012753 -0.634538
v 0.329111 0.012526 -0.634538
v 0.329201 0.012300 -0.634538
v 0.329292 0.012074 -0.634538
v 0.329385 0.011851 -0.634538
v 0.329481 0.011630 -0.634538
v 0.329581 0.011412 -0.634538
v 0.329684 0.011198 -0.634538
v 0.329792 0.010988 -0.634538
v 0.329939 0.010695 -0.634538
v 0.330072 0.010397 -0.634538
v 0.330190 0.010095 -0.634538
v 0.330296 0.009789 -0.634538
v 0.330388 0.009478 -0.634538
v 0.330467 0.009163 -0.634538
v 0.330533 0.008843 -0.634538
v 0.330588 0.008519 -0.634538
v 0.330630 0.008190 -0.634538
v 0.330662 0.007857 -0.634538
v 0.330682 0.007520 -0.634538
v 0.330691 0.007178 -0.634538
v 0.330699 0.006753 -0.634538
v 0.330705 0.006271 -0.634538
v 0.330709 0.005713 -0.634538
v 0.330711 0.005055 -0.634538
v 0.330712 0.004275 -0.634538
v 0.330711 0.003351 -0.634538
v 0.330710 0.002262 -0.634538
v 0.330707 0.000983 -0.634538
v 0.330704 -0.000505 -0.634538
v 0.330700 -0.002226 -0.634538
v 0.330696 -0.004202 -0.634538
v 0.330691 -0.006455 -0.634538
v 0.330690 -0.006549 -0.634538
v 0.330687 -0.006646 -0.634538
v 0.330681 -0.006745 -0.634538
v 0.330672 -0.006845 -0.634538
v 0.330660 -0.006944 -0.634538
v 0.330645 -0.007043 -0.634538
v 0.330627 -0.007140 -0.634538
v 0.330605 -0.007235 -0.634538
v 0.330580 -0.007325 -0.634538
v 0.330551 -0.007411 -0.634538
v 0.330517 -0.007492 -0.634538
v 0.330480 -0.007566 -0.634538
v 0.330370 -0.007751 -0.634538
v 0.330254 -0.007921 -0.634538
v 0.330130 -0.008074 -0.634538
v 0.330000 -0.008212 -0.634538
v 0.329863 -0.008335 -0.634538
v 0.329719 -0.008443 -0.634538
v 0.329569 -0.008538 -0.634538
v 0.329414 -0.008619 -0.634538
v 0.329252 -0.008687 -0.634538
v 0.329084 -0.008742 -0.634538
v 0.328912 -0.008786 -0.634538
v 0.328733 -0.008818 -0.634538
v 0.328513 -0.008848 -0.634538
v 0.328294 -0.008868 -0.634538
v 0.328075 -0.008881 -0.634538
v 0.327856 -0.008890 -0.634538
v 0.327638 -0.008896 -0.634538
v 0.327419 -0.008902 -0.634538
v 0.327201 -0.008910 -0.634538
v 0.326982 -0.008922 -0.634538
v 0.326764 -0.008942 -0.634538
v 0.326545 -0.008971 -0.634538
v 0.326325 -0.009011 -0.634538
v 0.326105 -0.009065 -0.634538
v 0.325968 -0.009100 -0.634538
v 0.325832 -0.009135 -0.634538
v 0.325696 -0.009172 -0.634538
v 0.325560 -0.009210 -0.634538
v 0.325425 -0.009252 -0.634538
v 0.325291 -0.009299 -0.634538
v 0.325159 -0.009350 -0.634538
v 0.325027 -0.009407 -0.634538
v 0.324897 -0.009472 -0.634538
v 0.324769 -0.009544 -0.634538
v 0.324642 -0.009626 -0.634538
v 0.324517 -0.009717 -0.634538
v 0.324517 -0.009789 -0.634538
v 0.324517 -0.009985 -0.634538
v 0.324517 -0.010282 -0.634538
v 0.324517 -0.010655 -0.634538
v 0.324517 -0.011077 -0.634538
v 0.324517 -0.011525 -0.634538
v 0.324517 -0.011973 -0.634538
v 0.324517 -0.012396 -0.634538
v 0.324517 -0.012768 -0.634538
v 0.324517 -0.013065 -0.634538
v 0.324517 -0.013262 -0.634538
v 0.324517 -0.013333 -0.634538
v 0.324590 -0.013389 -0.634538
v 0.324658 -0.013450 -0.634538
v 0.324721 -0.013516 -0.634538
v 0.324779 -0.013588 -0.634538
v 0.324831 -0.013663 -0.634538
v 0.324877 -0.013743 -0.634538
v 0.324917 -0.013826 -0.634538
v 0.324950 -0.013913 -0.634538
v 0.324976 -0.014003 -0.634538
v 0.324996 -0.014095 -0.634538
v 0.325007 -0.014189 -0.634538
v 0.325011 -0.014285 -0.634538
v 0.325007 -0.014385 -0.634538
v 0.324996 -0.014482 -0.634538
v 0.324976 -0.014575 -0.634538
v 0.324950 -0.014665 -0.634538
v 0.324917 -0.014752 -0.634538
v 0.324877 -0.014834 -0.634538
v 0.324831 -0.014913 -0.634538
v 0.324779 -0.014987 -0.634538
v 0.324721 -0.015057 -0.634538
v 0.324658 -0.015122 -0.634538
v 0.324590 -0.015182 -0.634538
v 0.324517 -0.015238 -0.634538
v 0.324517 -0.015293 -0.634538
v 0.324517 -0.015447 -0.634538
v 0.324517 -0.015679 -0.634538
v 0.324517 -0.015969 -0.634538
v 0.324517 -0.016299 -0.634538
v 0.324517 -0.016649 -0.634538
v 0.324517 -0.016998 -0.634538
v 0.324517 -0.017328 -0.634538
v 0.324517 -0.017619 -0.634538
v 0.324517 -0.017850 -0.634538
v 0.324517 -0.018004 -0.634538
v 0.324517 -0.018059 -0.634538
v 0.324590 -0.018115 -0.634538
v 0.324658 -0.018177 -0.634538
v 0.324721 -0.018243 -0.634538
v 0.324779 -0.018315 -0.634538
v 0.324831 -0.018391 -0.634538
v 0.324877 -0.018472 -0.634538
v 0.324917 -0.018556 -0.634538
v 0.324950 -0.018645 -0.634538
v 0.324976 -0.018737 -0.634538
v 0.324996 -0.018831 -0.634538
v 0.325007 -0.018929 -0.634538
v 0.325011 -0.019029 -0.634538
v 0.325007 -0.019126 -0.634538
v 0.324996 -0.019220 -0.634538
v 0.324976 -0.019312 -0.634538
v 0.324950 -0.019402 -0.634538
v 0.324917 -0.019488 -0.634538
v 0.324877 -0.019572 -0.634538
v 0.324831 -0.019651 -0.634538
v 0.324779 -0.019727 -0.634538
v 0.324721 -0.019798 -0.634538
v 0.324658 -0.019865 -0.634538
v 0.324590 -0.019926 -0.634538
v 0.324517 -0.019982 -0.634538
v 0.324517 -0.020037 -0.634538
v 0.324517 -0.020191 -0.634538
v 0.324517 -0.020423 -0.634538
v 0.324517 -0.020713 -0.634538
v 0.324517 -0.021043 -0.634538
v 0.324517 -0.021393 -0.634538
v 0.324517 -0.021742 -0.634538
v 0.324517 -0.022072 -0.634538
v 0.324517 -0.022363 -0.634538
v 0.324517 -0.022595 -0.634538
v 0.324517 -0.022748 -0.634538
v 0.324517 -0.022804 -0.634538
v 0.324590 -0.022859 -0.634538
v 0.324658 -0.022920 -0.634538
v 0.324721 -0.022985 -0.634538
v 0.324779 -0.023055 -0.634538
v 0.324831 -0.023129 -0.634538
v 0.324877 -0.023207 -0.634538
v 0.324917 -0.023290 -0.634538
v 0.324950 -0.023376 -0.634538
v 0.324976 -0.023466 -0.634538
v 0.324996 -0.023559 -0.634538
v 0.325007 -0.023656 -0.634538
v 0.325011 -0.023756 -0.634538
v 0.325007 -0.023852 -0.634538
v 0.324996 -0.023947 -0.634538
v 0.324976 -0.024039 -0.634538
v 0.324950 -0.024128 -0.634538
v 0.324917 -0.024215 -0.634538
v 0.324877 -0.024298 -0.634538
v 0.324831 -0.024378 -0.634538
v 0.324779 -0.024454 -0.634538
v 0.324721 -0.024525 -0.634538
v 0.324658 -0.024591 -0.634538
v 0.324590 -0.024653 -0.634538
v 0.324517 -0.024708 -0.634538
v 0.324517 -0.024995 -0.634538
v 0.324517 -0.025280 -0.634538
v 0.324518 -0.025566 -0.634538
v 0.324518 -0.025850 -0.634538
v 0.324519 -0.026135 -0.634538
v 0.324520 -0.026419 -0.634538
v 0.324521 -0.026704 -0.634538
v 0.324523 -0.026988 -0.634538
v 0.324525 -0.027273 -0.634538
v 0.324528 -0.027558 -0.634538
v 0.324531 -0.027844 -0.634538
v 0.324535 -0.028130 -0.634538
v 0.324537 -0.028171 -0.634538
v 0.324542 -0.028215 -0.634538
v 0.324550 -0.028261 -0.634538
v 0.324562 -0.028308 -0.634538
v 0.324576 -0.028355 -0.634538
v 0.324592 -0.028401 -0.634538
v 0.324611 -0.028445 -0.634538
v 0.324632 -0.028487 -0.634538
v 0.324654 -0.028524 -0.634538
v 0.324678 -0.028557 -0.634538
v 0.324703 -0.028585 -0.634538
v 0.324729 -0.028606 -0.634538
v 0.324774 -0.028636 -0.634538
v 0.324821 -0.028664 -0.634538
v 0.324870 -0.028689 -0.634538
v 0.324920 -0.028713 -0.634538
v 0.324971 -0.028734 -0.634538
v 0.325022 -0.028754 -0.634538
v 0.325074 -0.028772 -0.634538
v 0.325126 -0.028788 -0.634538
v 0.325178 -0.028802 -0.634538
v 0.325229 -0.028815 -0.634538
v 0.325280 -0.028826 -0.634538
v 0.325329 -0.028835 -0.634538
v 0.325443 -0.028856 -0.634538
v 0.325558 -0.028873 -0.634538
v 0.325672 -0.028889 -0.634538
v 0.325786 -0.028905 -0.634538
v 0.325900 -0.028922 -0.634538
v 0.326012 -0.028943 -0.634538
v 0.326124 -0.028969 -0.634538
v 0.326236 -0.029001 -0.634538
v 0.326346 -0.029041 -0.634538
v 0.326455 -0.029091 -0.634538
v 0.326563 -0.029151 -0.634538
v 0.326669 -0.029223 -0.634538
v 0.326768 -0.029286 -0.634538
v 0.326869 -0.029341 -0.634538
v 0.326972 -0.029390 -0.634538
v 0.327077 -0.029435 -0.634538
v 0.327184 -0.029476 -0.634538
v 0.327291 -0.029514 -0.634538
v 0.327400 -0.029551 -0.634538
v 0.327508 -0.029588 -0.634538
v 0.327617 -0.029625 -0.634538
v 0.327725 -0.029664 -0.634538
v 0.327833 -0.029706 -0.634538
v 0.327940 -0.029753 -0.634538
v 0.328010 -0.029784 -0.634538
v 0.328081 -0.029817 -0.634538
v 0.328151 -0.029852 -0.634538
v 0.328221 -0.029888 -0.634538
v 0.328291 -0.029926 -0.634538
v 0.328361 -0.029966 -0.634538
v 0.328430 -0.030008 -0.634538
v 0.328499 -0.030052 -0.634538
v 0.328567 -0.030097 -0.634538
v 0.328635 -0.030145 -0.634538
v 0.328702 -0.030195 -0.634538
v 0.328769 -0.030246 -0.634538
v 0.328866 -0.030322 -0.634538
v 0.328963 -0.030398 -0.634538
v 0.329059 -0.030475 -0.634538
v 0.329155 -0.030554 -0.634538
v 0.329251 -0.030634 -0.634538
v 0.329346 -0.030716 -0.634538
v 0.329441 -0.030800 -0.634538
v 0.329534 -0.030885 -0.634538
v 0.329627 -0.030973 -0.634538
v 0.329719 -0.031063 -0.634538
v 0.329809 -0.031156 -0.634538
v 0.329898 -0.031252 -0.634538
v 0.330039 -0.031407 -0.634538
v 0.330180 -0.031563 -0.634538
v 0.330320 -0.031721 -0.634538
v 0.330460 -0.031881 -0.634538
v 0.330598 -0.032043 -0.634538
v 0.330736 -0.032206 -0.634538
v 0.330871 -0.032371 -0.634538
v 0.331006 -0.032538 -0.634538
v 0.331138 -0.032707 -0.634538
v 0.331268 -0.032879 -0.634538
v 0.331396 -0.033052 -0.634538
v 0.331521 -0.033227 -0.634538
v 0.331592 -0.033332 -0.634538
v 0.331659 -0.033442 -0.634538
v 0.331720 -0.033557 -0.634538
v 0.331778 -0.033676 -0.634538
v 0.331833 -0.033798 -0.634538
v 0.331887 -0.033921 -0.634538
v 0.331939 -0.034046 -0.634538
v 0.331992 -0.034171 -0.634538
v 0.332046 -0.034296 -0.634538
v 0.332103 -0.034419 -0.634538
v 0.332162 -0.034539 -0.634538
v 0.332226 -0.034656 -0.634538
v 0.332303 -0.034793 -0.634538
v 0.332376 -0.034931 -0.634538
v 0.332443 -0.035071 -0.634538
v 0.332505 -0.035213 -0.634538
v 0.332560 -0.035358 -0.634538
v 0.332610 -0.035506 -0.634538
v 0.332653 -0.035658 -0.634538
v 0.332689 -0.035814 -0.634538
v 0.332717 -0.035975 -0.634538
v 0.332738 -0.036141 -0.634538
v 0.332751 -0.036312 -0.634538
v 0.332755 -0.036490 -0.634538
v 0.332758 -0.036556 -0.634538
v 0.332767 -0.036621 -0.634538
v 0.332782 -0.036684 -0.634538
v 0.332803 -0.036744 -0.634538
v 0.332830 -0.036800 -0.634538
v 0.332863 -0.036851 -0.634538
v 0.332903 -0.036897 -0.634538
v 0.332949 -0.036935 -0.634538
v 0.333001 -0.036966 -0.634538
v 0.333060 -0.036988 -0.634538
v 0.333125 -0.037000 -0.634538
v 0.333196 -0.037001 -0.634538
v 0.333408 -0.036994 -0.634538
v 0.333620 -0.036989 -0.634538
v 0.333831 -0.036986 -0.634538
v 0.334042 -0.036985 -0.634538
v 0.334254 -0.036985 -0.634538
v 0.334464 -0.036986 -0.634538
v 0.334675 -0.036987 -0.634538
v 0.334885 -0.036988 -0.634538
v 0.335094 -0.036989 -0.634538
v 0.335303 -0.036988 -0.634538
v 0.335511 -0.036987 -0.634538
v 0.335719 -0.036984 -0.634538
v 0.335820 -0.036984 -0.634538
v 0.335919 -0.036984 -0.634538
v 0.336018 -0.036982 -0.634538
v 0.336116 -0.036979 -0.634538
v 0.336213 -0.036972 -0.634538
v 0.336310 -0.036961 -0.634538
v 0.336407 -0.036946 -0.634538
v 0.336504 -0.036923 -0.634538
v 0.336602 -0.036894 -0.634538
v 0.336701 -0.036857 -0.634538
v 0.336800 -0.036811 -0.634538
v 0.336901 -0.036754 -0.634538
v 0.337052 -0.036657 -0.634538
v 0.337198 -0.036541 -0.634538
v 0.337335 -0.036409 -0.634538
v 0.337463 -0.036262 -0.634538
v 0.337582 -0.036100 -0.634538
v 0.337688 -0.035925 -0.634538
v 0.337782 -0.035739 -0.634538
v 0.337861 -0.035542 -0.634538
v 0.337925 -0.035336 -0.634538
v 0.337973 -0.035121 -0.634538
v 0.338002 -0.034900 -0.634538
v 0.338012 -0.034673 -0.634538
v 0.338012 -0.029203 -0.634538
v 0.338012 -0.024426 -0.634538
v 0.338012 -0.020206 -0.634538
v 0.338012 -0.016402 -0.634538
v 0.338011 -0.012877 -0.634538
v 0.338010 -0.009490 -0.634538
v 0.338009 -0.006104 -0.634538
v 0.338007 -0.002580 -0.634538
v 0.338005 0.001222 -0.634538
v 0.338002 0.005440 -0.634538
v 0.337999 0.010213 -0.634538
v 0.337995 0.015679 -0.648538
v 0.337992 0.015777 -0.648538
v 0.337986 0.015874 -0.648538
v 0.337976 0.015972 -0.648538
v 0.337962 0.016069 -0.648538
v 0.337945 0.016166 -0.648538
v 0.337924 0.016261 -0.648538
v 0.337901 0.016355 -0.648538
v 0.337874 0.016447 -0.648538
v 0.337846 0.016537 -0.648538
v 0.337815 0.016625 -0.648538
v 0.337782 0.016709 -0.648538
v 0.337748 0.016790 -0.648538
v 0.337658 0.016949 -0.648538
v 0.337557 0.017082 -0.648538
v 0.337447 0.017194 -0.648538
v 0.337328 0.017286 -0.648538
v 0.337203 0.017362 -0.648538
v 0.337073 0.017425 -0.648538
v 0.336939 0.017478 -0.648538
v 0.336803 0.017523 -0.648538
v 0.336666 0.017564 -0.648538
v 0.336530 0.017604 -0.648538
v 0.336396 0.017645 -0.648538
v 0.336266 0.017690 -0.648538
v 0.336170 0.017720 -0.648538
v 0.336077 0.017750 -0.648538
v 0.335986 0.017781 -0.648538
v 0.335899 0.017815 -0.648538
v 0.335816 0.017855 -0.648538
v 0.335737 0.017901 -0.648538
v 0.335662 0.017957 -0.648538
v 0.335592 0.018023 -0.648538
v 0.335527 0.018102 -0.648538
v 0.335467 0.018194 -0.648538
v 0.335413 0.018304 -0.648538
v 0.335366 0.018431 -0.648538
v 0.335334 0.018515 -0.648538
v 0.335300 0.018599 -0.648538
v 0.335264 0.018683 -0.648538
v 0.335226 0.018766 -0.648538
v 0.335185 0.018848 -0.648538
v 0.335143 0.018929 -0.648538
v 0.335100 0.019007 -0.648538
v 0.335054 0.019082 -0.648538
v 0.335006 0.019155 -0.648538
v 0.334957 0.019223 -0.648538
v 0.334907 0.019288 -0.648538
v 0.334855 0.019348 -0.648538
v 0.334787 0.019416 -0.648538
v 0.334717 0.019481 -0.648538
v 0.334645 0.019542 -0.648538
v 0.334570 0.019600 -0.648538
v 0.334495 0.019655 -0.648538
v 0.334418 0.019709 -0.648538
v 0.334341 0.019761 -0.648538
v 0.334263 0.019813 -0.648538
v 0.334185 0.019864 -0.648538
v 0.334107 0.019914 -0.648538
v 0.334031 0.019966 -0.648538
v 0.333955 0.020018 -0.648538
v 0.333857 0.020103 -0.648538
v 0.333765 0.020213 -0.648538
v 0.333683 0.020346 -0.648538
v 0.333609 0.020495 -0.648538
v 0.333547 0.020658 -0.648538
v 0.333496 0.020829 -0.648538
v 0.333459 0.021005 -0.648538
v 0.333436 0.021181 -0.648538
v 0.333429 0.021352 -0.648538
v 0.333439 0.021515 -0.648538
v 0.333467 0.021666 -0.648538
v 0.333514 0.021799 -0.648538
v 0.333604 0.021987 -0.648538
v 0.333696 0.022173 -0.648538
v 0.333788 0.022357 -0.648538
v 0.333878 0.022542 -0.648538
v 0.333966 0.022729 -0.648538
v 0.334050 0.022919 -0.648538
v 0.334127 0.023113 -0.648538
v 0.334196 0.023313 -0.648538
v 0.334256 0.023520 -0.648538
v 0.334304 0.023736 -0.648538
v 0.334340 0.023961 -0.648538
v 0.334361 0.024198 -0.648538
v 0.334369 0.024379 -0.648538
v 0.334385 0.024559 -0.648538
v 0.334408 0.024740 -0.648538
v 0.334435 0.024921 -0.648538
v 0.334466 0.025103 -0.648538
v 0.334500 0.025285 -0.648538
v 0.334534 0.025467 -0.648538
v 0.334568 0.025649 -0.648538
v 0.334601 0.025832 -0.648538
v 0.334631 0.026016 -0.648538
v 0.334657 0.026200 -0.648538
v 0.334678 0.026385 -0.648538
v 0.334684 0.026478 -0.648538
v 0.334684 0.026574 -0.648538
v 0.334679 0.026671 -0.648538
v 0.334670 0.026769 -0.648538
v 0.334657 0.026869 -0.648538
v 0.334643 0.026969 -0.648538
v 0.334627 0.027069 -0.648538
v 0.334610 0.027170 -0.648538
v 0.334594 0.027270 -0.648538
v 0.334579 0.027370 -0.648538
v 0.334565 0.027469 -0.648538
v 0.334555 0.027566 -0.648538
v 0.334533 0.027738 -0.648538
v 0.334513 0.027910 -0.648538
v 0.334494 0.028082 -0.648538
v 0.334475 0.028254 -0.648538
v 0.334456 0.028426 -0.648538
v 0.334438 0.028598 -0.648538
v 0.334419 0.028770 -0.648538
v 0.334399 0.028942 -0.648538
v 0.334379 0.029114 -0.648538
v 0.334357 0.029286 -0.648538
v 0.334333 0.029458 -0.648538
v 0.334308 0.029630 -0.648538
v 0.334285 0.029758 -0.648538
v 0.334262 0.029887 -0.648538
v 0.334237 0.030016 -0.648538
v 0.334212 0.030145 -0.648538
v 0.334184 0.030273 -0.648538
v 0.334156 0.030401 -0.648538
v 0.334125 0.030529 -0.648538
v 0.334092 0.030655 -0.648538
v 0.334057 0.030781 -0.648538
v 0.334020 0.030904 -0.648538
v 0.333980 0.031026 -0.648538
v 0.333937 0.031147 -0.648538
v 0.333883 0.031291 -0.648538
v 0.333826 0.031435 -0.648538
v 0.333767 0.031577 -0.648538
v 0.333705 0.031718 -0.648538
v 0.333642 0.031858 -0.648538
v 0.333578 0.031998 -0.648538
v 0.333512 0.032136 -0.648538
v 0.333446 0.032274 -0.648538
v 0.333379 0.032411 -0.648538
v 0.333312 0.032548 -0.648538
v 0.333245 0.032685 -0.648538
v 0.333179 0.032822 -0.648538
v 0.333072 0.033046 -0.648538
v 0.332963 0.033268 -0.648538
v 0.332852 0.033487 -0.648538
v 0.332737 0.033703 -0.648538
v 0.332618 0.033915 -0.648538
v 0.332495 0.034123 -0.648538
v 0.332367 0.034325 -0.648538
v 0.332233 0.034522 -0.648538
v 0.332092 0.034712 -0.648538
v 0.331945 0.034895 -0.648538
v 0.331790 0.035071 -0.648538
v 0.331626 0.035238 -0.648538
v 0.331495 0.035368 -0.648538
v 0.331366 0.035502 -0.648538
v 0.331238 0.035639 -0.648538
v 0.331112 0.035780 -0.648538
v 0.330987 0.035922 -0.648538
v 0.330863 0.036067 -0.648538
v 0.330740 0.036213 -0.648538
v 0.330618 0.036360 -0.648538
v 0.330495 0.036508 -0.648538
v 0.330373 0.036656 -0.648538
v 0.330250 0.036803 -0.648538
v 0.330127 0.036949 -0.648538
v 0.330076 0.037012 -0.648538
v 0.330027 0.037076 -0.648538
v 0.329983 0.037143 -0.648538
v 0.329942 0.037212 -0.648538
v 0.329906 0.037285 -0.648538
v 0.329873 0.037361 -0.648538
v 0.329846 0.037442 -0.648538
v 0.329824 0.037526 -0.648538
v 0.329807 0.037616 -0.648538
v 0.329796 0.037711 -0.648538
v 0.329791 0.037812 -0.648538
v 0.329792 0.037919 -0.648538
v 0.329796 0.038303 -0.648538
v 0.329798 0.038687 -0.648538
v 0.329799 0.039073 -0.648538
v 0.329800 0.039458 -0.648538
v 0.329799 0.039844 -0.648538
v 0.329798 0.040229 -0.648538
v 0.329797 0.040615 -0.648538
v 0.329796 0.041001 -0.648538
v 0.329794 0.041386 -0.648538
v 0.329793 0.041771 -0.648538
v 0.329792 0.042156 -0.648538
v 0.329792 0.042540 -0.648538
v 0.329739 0.042581 -0.648538
v 0.329686 0.042626 -0.648538
v 0.329633 0.042673 -0.648538
v 0.329581 0.042720 -0.648538
v 0.329528 0.042767 -0.648538
v 0.329477 0.042811 -0.648538
v 0.329425 0.042852 -0.648538
v 0.329374 0.042889 -0.648538
v 0.329323 0.042919 -0.648538
v 0.329273 0.042943 -0.648538
v 0.329223 0.042958 -0.648538
v 0.329174 0.042963 -0.648538
v 0.328791 0.042971 -0.648538
v 0.328407 0.042977 -0.648538
v 0.328023 0.042981 -0.648538
v 0.327638 0.042983 -0.648538
v 0.327252 0.042985 -0.648538
v 0.326866 0.042985 -0.648538
v 0.326478 0.042985 -0.648538
v 0.326089 0.042984 -0.648538
v 0.325699 0.042983 -0.648538
v 0.325307 0.042982 -0.648538
v 0.324913 0.042981 -0.648538
v 0.324517 0.042981 -0.648538
v 0.324517 0.042968 -0.648538
v 0.324517 0.042932 -0.648538
v 0.324517 0.042879 -0.648538
v 0.324517 0.042812 -0.648538
v 0.324517 0.042735 -0.648538
v 0.324517 0.042654 -0.648538
v 0.324517 0.042574 -0.648538
v 0.324517 0.042497 -0.648538
v 0.324517 0.042430 -0.648538
v 0.324517 0.042376 -0.648538
v 0.324517 0.042341 -0.648538
v 0.324517 0.042328 -0.648538
v 0.324517 0.039030 -0.648538
v 0.324590 0.038974 -0.648538
v 0.324658 0.038913 -0.648538
v 0.324721 0.038847 -0.648538
v 0.324779 0.038775 -0.648538
v 0.324831 0.038700 -0.648538
v 0.324877 0.038620 -0.648538
v 0.324917 0.038537 -0.648538
v 0.324950 0.038450 -0.648538
v 0.324976 0.038360 -0.648538
v 0.324996 0.038268 -0.648538
v 0.325007 0.038174 -0.648538
v 0.325011 0.038078 -0.648538
v 0.325007 0.037978 -0.648538
v 0.324996 0.037881 -0.648538
v 0.324976 0.037788 -0.648538
v 0.324950 0.037698 -0.648538
v 0.324917 0.037611 -0.648538
v 0.324877 0.037529 -0.648538
v 0.324831 0.037450 -0.648538
v 0.324779 0.037376 -0.648538
v 0.324721 0.037306 -0.648538
v 0.324658 0.037241 -0.648538
v 0.324590 0.037181 -0.648538
v 0.324517 0.037125 -0.648538
v 0.324517 0.037097 -0.648538
v 0.324517 0.037014 -0.648538
v 0.324517 0.036883 -0.648538
v 0.324517 0.036707 -0.648538
v 0.324517 0.036493 -0.648538
v 0.324517 0.036243 -0.648538
v 0.324517 0.035965 -0.648538
v 0.324517 0.035662 -0.648538
v 0.324517 0.035340 -0.648538
v 0.324517 0.035002 -0.648538
v 0.324517 0.034655 -0.648538
v 0.324517 0.034303 -0.648538
v 0.324590 0.034244 -0.648538
v 0.324658 0.034180 -0.648538
v 0.324721 0.034112 -0.648538
v 0.324779 0.034040 -0.648538
v 0.324831 0.033964 -0.648538
v 0.324877 0.033885 -0.648538
v 0.324917 0.033801 -0.648538
v 0.324950 0.033714 -0.648538
v 0.324976 0.033624 -0.648538
v 0.324996 0.033530 -0.648538
v 0.325007 0.033433 -0.648538
v 0.325011 0.033333 -0.648538
v 0.325007 0.033237 -0.648538
v 0.324996 0.033143 -0.648538
v 0.324976 0.033051 -0.648538
v 0.324950 0.032961 -0.648538
v 0.324917 0.032874 -0.648538
v 0.324877 0.032791 -0.648538
v 0.324831 0.032712 -0.648538
v 0.324779 0.032636 -0.648538
v 0.324721 0.032565 -0.648538
v 0.324658 0.032498 -0.648538
v 0.324590 0.032437 -0.648538
v 0.324517 0.032381 -0.648538
v 0.324517 0.032326 -0.648538
v 0.324517 0.032172 -0.648538
v 0.324517 0.031940 -0.648538
v 0.324517 0.031649 -0.648538
v 0.324517 0.031320 -0.648538
v 0.324517 0.030970 -0.648538
v 0.324517 0.030621 -0.648538
v 0.324517 0.030291 -0.648538
v 0.324517 0.030000 -0.648538
v 0.324517 0.029768 -0.648538
v 0.324517 0.029615 -0.648538
v 0.324517 0.029559 -0.648538
v 0.324590 0.029503 -0.648538
v 0.324658 0.029442 -0.648538
v 0.324721 0.029376 -0.648538
v 0.324779 0.029305 -0.648538
v 0.324831 0.029229 -0.648538
v 0.324877 0.029149 -0.648538
v 0.324917 0.029066 -0.648538
v 0.324950 0.028979 -0.648538
v 0.324976 0.028890 -0.648538
v 0.324996 0.028797 -0.648538
v 0.325007 0.028703 -0.648538
v 0.325011 0.028607 -0.648538
v 0.325007 0.028511 -0.648538
v 0.324996 0.028416 -0.648538
v 0.324976 0.028324 -0.648538
v 0.324950 0.028235 -0.648538
v 0.324917 0.028148 -0.648538
v 0.324877 0.028065 -0.648538
v 0.324831 0.027985 -0.648538
v 0.324779 0.027909 -0.648538
v 0.324721 0.027838 -0.648538
v 0.324658 0.027772 -0.648538
v 0.324590 0.027710 -0.648538
v 0.324517 0.027655 -0.648538
v 0.324517 0.027592 -0.648538
v 0.324517 0.027418 -0.648538
v 0.324517 0.027156 -0.648538
v 0.324517 0.026827 -0.648538
v 0.324517 0.026454 -0.648538
v 0.324517 0.026058 -0.648538
v 0.324517 0.025663 -0.648538
v 0.324517 0.025290 -0.648538
v 0.324517 0.024961 -0.648538
v 0.324517 0.024699 -0.648538
v 0.324517 0.024525 -0.648538
v 0.324517 0.024462 -0.648538
v 0.324516 0.024272 -0.648538
v 0.324512 0.024081 -0.648538
v 0.324509 0.023891 -0.648538
v 0.324510 0.023702 -0.648538
v 0.324516 0.023515 -0.648538
v 0.324531 0.023331 -0.648538
v 0.324556 0.023152 -0.648538
v 0.324596 0.022977 -0.648538
v 0.324651 0.022808 -0.648538
v 0.324726 0.022646 -0.648538
v 0.324821 0.022492 -0.648538
v 0.324941 0.022346 -0.648538
v 0.324941 0.022341 -0.648538
v 0.324941 0.022337 -0.648538
v 0.324941 0.022333 -0.648538
v 0.324941 0.022328 -0.648538
v 0.324942 0.022324 -0.648538
v 0.324943 0.022319 -0.648538
v 0.324944 0.022315 -0.648538
v 0.324946 0.022311 -0.648538
v 0.324948 0.022306 -0.648538
v 0.324951 0.022302 -0.648538
v 0.324954 0.022297 -0.648538
v 0.324958 0.022293 -0.648538
v 0.325046 0.022085 -0.648538
v 0.325133 0.021877 -0.648538
v 0.325220 0.021669 -0.648538
v 0.325307 0.021459 -0.648538
v 0.325393 0.021250 -0.648538
v 0.325479 0.021041 -0.648538
v 0.325565 0.020831 -0.648538
v 0.325651 0.020622 -0.648538
v 0.325737 0.020413 -0.648538
v 0.325824 0.020204 -0.648538
v 0.325911 0.019996 -0.648538
v 0.325999 0.019789 -0.648538
v 0.326092 0.019577 -0.648538
v 0.326187 0.019367 -0.648538
v 0.326283 0.019156 -0.648538
v 0.326379 0.018947 -0.648538
v 0.326475 0.018737 -0.648538
v 0.326572 0.018528 -0.648538
v 0.326669 0.018318 -0.648538
v 0.326766 0.018109 -0.648538
v 0.326862 0.017899 -0.648538
v 0.326958 0.017689 -0.648538
v 0.327053 0.017478 -0.648538
v 0.327146 0.017267 -0.648538
v 0.327274 0.016966 -0.648538
v 0.327401 0.016666 -0.648538
v 0.327529 0.016364 -0.648538
v 0.327657 0.016063 -0.648538
v 0.327784 0.015761 -0.648538
v 0.327911 0.015459 -0.648538
v 0.328038 0.015157 -0.648538
v 0.328164 0.014855 -0.648538
v 0.328289 0.014553 -0.648538
v 0.328414 0.014252 -0.648538
v 0.328539 0.013951 -0.648538
v 0.328663 0.013651 -0.648538
v 0.328754 0.013429 -0.648538
v 0.328844 0.013205 -0.648538
v 0.328934 0.012980 -0.648538
v 0.329022 0.012753 -0.648538
v 0.329111 0.012526 -0.648538
v 0.329201 0.012300 -0.648538
v 0.329292 0.012074 -0.648538
v 0.329385 0.011851 -0.648538
v 0.329481 0.011630 -0.648538
v 0.329581 0.011412 -0.648538
v 0.329684 0.011198 -0.648538
v 0.329792 0.010988 -0.648538
v 0.329939 0.010695 -0.648538
v 0.330072 0.010397 -0.648538
v 0.330190 0.010095 -0.648538
v 0.330296 0.009789 -0.648538
v 0.330388 0.009478 -0.648538
v 0.330467 0.009163 -0.648538
v 0.330533 0.008843 -0.648538
v 0.330588 0.008519 -0.648538
v 0.330630 0.008190 -0.648538
v 0.330662 0.007857 -0.648538
v 0.330682 0.007520 -0.648538
v 0.330691 0.007178 -0.648538
v 0.330699 0.006753 -0.648538
v 0.330705 0.006271 -0.648538
v 0.330709 0.005713 -0.648538
v 0.330711 0.005055 -0.648538
v 0.330712 0.004275 -0.648538
v 0.330711 0.003351 -0.648538
v 0.330710 0.002262 -0.648538
v 0.330707 0.000983 -0.648538
v 0.330704 -0.000505 -0.648538
v 0.330700 -0.002226 -0.648538
v 0.330696 -0.004202 -0.648538
v 0.330691 -0.006455 -0.648538
v 0.330690 -0.006549 -0.648538
v 0.330687 -0.006646 -0.648538
v 0.330681 -0.006745 -0.648538
v 0.330672 -0.006845 -0.648538
v 0.330660 -0.006944 -0.648538
v 0.330645 -0.007043 -0.648538
v 0.330627 -0.007140 -0.648538
v 0.330605 -0.007235 -0.648538
v 0.330580 -0.007325 -0.648538
v 0.330551 -0.007411 -0.648538
v 0.330517 -0.007492 -0.648538
v 0.330480 -0.007566 -0.648538
v 0.330370 -0.007751 -0.648538
v 0.330254 -0.007921 -0.648538
v 0.330130 -0.008074 -0.648538
v 0.330000 -0.008212 -0.648538
v 0.329863 -0.008335 -0.648538
v 0.329719 -0.008443 -0.648538
v 0.329569 -0.008538 -0.648538
v 0.329414 -0.008619 -0.648538
v 0.329252 -0.008687 -0.648538
v 0.329084 -0.008742 -0.648538
v 0.328912 -0.008786 -0.648538
v 0.328733 -0.008818 -0.648538
v 0.328513 -0.008848 -0.648538
v 0.328294 -0.008868 -0.648538
v 0.328075 -0.008881 -0.648538
v 0.327856 -0.008890 -0.648538
v 0.327638 -0.008896 -0.648538
v 0.327419 -0.008902 -0.648538
v 0.327201 -0.008910 -0.648538
v 0.326982 -0.008922 -0.648538
v 0.326764 -0.008942 -0.648538
v 0.326545 -0.008971 -0.648538
v 0.326325 -0.009011 -0.648538
v 0.326105 -0.009065 -0.648538
v 0.325968 -0.009100 -0.648538
v 0.325832 -0.009135 -0.648538
v 0.325696 -0.009172 -0.648538
v 0.325560 -0.009210 -0.648538
v 0.325425 -0.009252 -0.648538
v 0.325291 -0.009299 -0.648538
v 0.325159 -0.009350 -0.648538
v 0.325027 -0.009407 -0.648538
v 0.324897 -0.009472 -0.648538
v 0.324769 -0.009544 -0.648538
v 0.324642 -0.009626 -0.648538
v 0.324517 -0.009717 -0.648538
v 0.324517 -0.009789 -0.648538
v 0.324517 -0.009985 -0.648538
v 0.324517 -0.010282 -0.648538
v 0.324517 -0.010655 -0.648538
v 0.324517 -0.011077 -0.648538
v 0.324517 -0.011525 -0.648538
v 0.324517 -0.011973 -0.648538
v 0.324517 -0.012396 -0.648538
v 0.324517 -0.012768 -0.648538
v 0.324517 -0.013065 -0.648538
v 0.324517 -0.013262 -0.648538
v 0.324517 -0.013333 -0.648538
v 0.324590 -0.013389 -0.648538
v 0.324658 -0.013450 -0.648538
v 0.324721 -0.013516 -0.648538
v 0.324779 -0.013588 -0.648538
v 0.324831 -0.013663 -0.648538
v 0.324877 -0.013743 -0.648538
v 0.324917 -0.013826 -0.648538
v 0.324950 -0.013913 -0.648538
v 0.324976 -0.014003 -0.648538
v 0.324996 -0.014095 -0.648538
v 0.325007 -0.014189 -0.648538
v 0.325011 -0.014285 -0.648538
v 0.325007 -0.014385 -0.648538
v 0.324996 -0.014482 -0.648538
v 0.324976 -0.014575 -0.648538
v 0.324950 -0.014665 -0.648538
v 0.324917 -0.014752 -0.648538
v 0.324877 -0.014834 -0.648538
v 0.324831 -0.014913 -0.648538
v 0.324779 -0.014987 -0.648538
v 0.324721 -0.015057 -0.648538
v 0.324658 -0.015122 -0.648538
v 0.324590 -0.015182 -0.648538
v 0.324517 -0.015238 -0.648538
v 0.324517 -0.015293 -0.648538
v 0.324517 -0.015447 -0.648538
v 0.324517 -0.015679 -0.648538
v 0.324517 -0.015969 -0.648538
v 0.324517 -0.016299 -0.648538
v 0.324517 -0.016649 -0.648538
v 0.324517 -0.016998 -0.648538
v 0.324517 -0.017328 -0.648538
v 0.324517 -0.017619 -0.648538
v 0.324517 -0.017850 -0.648538
v 0.324517 -0.018004 -0.648538
v 0.324517 -0.018059 -0.648538
v 0.324590 -0.018115 -0.648538
v 0.324658 -0.018177 -0.648538
v 0.324721 -0.018243 -0.648538
v 0.324779 -0.018315 -0.648538
v 0.324831 -0.018391 -0.648538
v 0.324877 -0.018472 -0.648538
v 0.324917 -0.018556 -0.648538
v 0.324950 -0.018645 -0.648538
v 0.324976 -0.018737 -0.648538
v 0.324996 -0.018831 -0.648538
v 0.325007 -0.018929 -0.648538
v 0.325011 -0.019029 -0.648538
v 0.325007 -0.019126 -0.648538
v 0.324996 -0.019220 -0.648538
v 0.324976 -0.019312 -0.648538
v 0.324950 -0.019402 -0.648538
v 0.324917 -0.019488 -0.648538
v 0.324877 -0.019572 -0.648538
v 0.324831 -0.019651 -0.648538
v 0.324779 -0.019727 -0.648538
v 0.324721 -0.019798 -0.648538
v 0.324658 -0.019865 -0.648538
v 0.324590 -0.019926 -0.648538
v 0.324517 -0.019982 -0.648538
v 0.324517 -0.020037 -0.648538
v 0.324517 -0.020191 -0.648538
v 0.324517 -0.020423 -0.648538
v 0.324517 -0.020713 -0.648538
v 0.324517 -0.021043 -0.648538
v 0.324517 -0.021393 -0.648538
v 0.324517 -0.021742 -0.648538
v 0.324517 -0.022072 -0.648538
v 0.324517 -0.022363 -0.648538
v 0.324517 -0.022595 -0.648538
v 0.324517 -0.022748 -0.648538
v 0.324517 -0.022804 -0.648538
v 0.324590 -0.022859 -0.648538
v 0.324658 -0.022920 -0.648538
v 0.324721 -0.022985 -0.648538
v 0.324779 -0.023055 -0.648538
v 0.324831 -0.023129 -0.648538
v 0.324877 -0.023207 -0.648538
v 0.324917 -0.023290 -0.648538
v 0.324950 -0.023376 -0.648538
v 0.324976 -0.023466 -0.648538
v 0.324996 -0.023559 -0.648538
v 0.325007 -0.023656 -0.648538
v 0.325011 -0.023756 -0.648538
v 0.325007 -0.023852 -0.648538
v 0.324996 -0.023947 -0.648538
v 0.324976 -0.024039 -0.648538
v 0.324950 -0.024128 -0.648538
v 0.324917 -0.024215 -0.648538
v 0.324877 -0.024298 -0.648538
v 0.324831 -0.024378 -0.648538
v 0.324779 -0.024454 -0.648538
v 0.324721 -0.024525 -0.648538
v 0.324658 -0.024591 -0.648538
v 0.324590 -0.024653 -0.648538
v 0.324517 -0.024708 -0.648538
v 0.324517 -0.024995 -0.648538
v 0.324517 -0.025280 -0.648538
v 0.324518 -0.025566 -0.648538
v 0.324518 -0.025850 -0.648538
v 0.324519 -0.026135 -0.648538
v 0.324520 -0.026419 -0.648538
v 0.324521 -0.026704 -0.648538
v 0.324523 -0.026988 -0.648538
v 0.324525 -0.027273 -0.648538
v 0.324528 -0.027558 -0.648538
v 0.324531 -0.027844 -0.648538
v 0.324535 -0.028130 -0.648538
v 0.324537 -0.028171 -0.648538
v 0.324542 -0.028215 -0.648538
v 0.324550 -0.028261 -0.648538
v 0.324562 -0.028308 -0.648538
v 0.324576 -0.028355 -0.648538
v 0.324592 -0.028401 -0.648538
v 0.324611 -0.028445 -0.648538
v 0.324632 -0.028487 -0.648538
v 0.324654 -0.028524 -0.648538
v 0.324678 -0.028557 -0.648538
v 0.324703 -0.028585 -0.648538
v 0.324729 -0.028606 -0.648538
v 0.324774 -0.028636 -0.648538
v 0.324821 -0.028664 -0.648538
v 0.324870 -0.028689 -0.648538
v 0.324920 -0.028713 -0.648538
v 0.324971 -0.028734 -0.648538
v 0.325022 -0.028754 -0.648538
v 0.325074 -0.028772 -0.648538
v 0.325126 -0.028788 -0.648538
v 0.325178 -0.028802 -0.648538
v 0.325229 -0.028815 -0.648538
v 0.325280 -0.028826 -0.648538
v 0.325329 -0.028835 -0.648538
v 0.325443 -0.028856 -0.648538
v 0.325558 -0.028873 -0.648538
v 0.325672 -0.028889 -0.648538
v 0.325786 -0.028905 -0.648538
v 0.325900 -0.028922 -0.648538
v 0.326012 -0.028943 -0.648538
v 0.326124 -0.028969 -0.648538
v 0.326236 -0.029001 -0.648538
v 0.326346 -0.029041 -0.648538
v 0.326455 -0.029091 -0.648538
v 0.326563 -0.029151 -0.648538
v 0.326669 -0.029223 -0.648538
v 0.326768 -0.029286 -0.648538
v 0.326869 -0.029341 -0.648538
v 0.326972 -0.029390 -0.648538
v 0.327077 -0.029435 -0.648538
v 0.327184 -0.029476 -0.648538
v 0.327291 -0.029514 -0.648538
v 0.327400 -0.029551 -0.648538
v 0.327508 -0.029588 -0.648538
v 0.327617 -0.029625 -0.648538
v 0.327725 -0.029664 -0.648538
v 0.327833 -0.029706 -0.648538
v 0.327940 -0.029753 -0.648538
v 0.328010 -0.029784 -0.648538
v 0.328081 -0.029817 -0.648538
v 0.328151 -0.029852 -0.648538
v 0.328221 -0.029888 -0.648538
v 0.328291 -0.029926 -0.648538
v 0.328361 -0.029966 -0.648538
v 0.328430 -0.030008 -0.648538
v 0.328499 -0.030052 -0.648538
v 0.328567 -0.030097 -0.648538
v 0.328635 -0.030145 -0.648538
v 0.328702 -0.030195 -0.648538
v 0.328769 -0.030246 -0.648538
v 0.328866 -0.030322 -0.648538
v 0.328963 -0.030398 -0.648538
v 0.329059 -0.030475 -0.648538
v 0.329155 -0.030554 -0.648538
v 0.329251 -0.030634 -0.648538
v 0.329346 -0.030716 -0.648538
v 0.329441 -0.030800 -0.648538
v 0.329534 -0.030885 -0.648538
v 0.329627 -0.030973 -0.648538
v 0.329719 -0.031063 -0.648538
v 0.329809 -0.031156 -0.648538
v 0.329898 -0.031252 -0.648538
v 0.330039 -0.031407 -0.648538
v 0.330180 -0.031563 -0.648538
v 0.330320 -0.031721 -0.648538
v 0.330460 -0.031881 -0.648538
v 0.330598 -0.032043 -0.648538
v 0.330736 -0.032206 -0.648538
v 0.330871 -0.032371 -0.648538
v 0.331006 -0.032538 -0.648538
v 0.331138 -0.032707 -0.648538
v 0.331268 -0.032879 -0.648538
v 0.331396 -0.033052 -0.648538
v 0.331521 -0.033227 -0.648538
v 0.331592 -0.033332 -0.648538
v 0.331659 -0.033442 -0.648538
v 0.331720 -0.033557 -0.648538
v 0.331778 -0.033676 -0.648538
v 0.331833 -0.033798 -0.648538
v 0.331887 -0.033921 -0.648538
v 0.331939 -0.034046 -0.648538
v 0.331992 -0.034171 -0.648538
v 0.332046 -0.034296 -0.648538
v 0.332103 -0.034419 -0.648538
v 0.332162 -0.034539 -0.648538
v 0.332226 -0.034656 -0.648538
v 0.332303 -0.034793 -0.648538
v 0.332376 -0.034931 -0.648538
v 0.332443 -0.035071 -0.648538
v 0.332505 -0.035213 -0.648538
v 0.332560 -0.035358 -0.648538
v 0.332610 -0.035506 -0.648538
v 0.332653 -0.035658 -0.648538
v 0.332689 -0.035814 -0.648538
v 0.332717 -0.035975 -0.648538
v 0.332738 -0.036141 -0.648538
v 0.332751 -0.036312 -0.648538
v 0.332755 -0.036490 -0.648538
v 0.332758 -0.036556 -0.648538
v 0.332767 -0.036621 -0.648538
v 0.332782 -0.036684 -0.648538
v 0.332803 -0.036744 -0.648538
v 0.332830 -0.036800 -0.648538
v 0.332863 -0.036851 -0.648538
v 0.332903 -0.036897 -0.648538
v 0.332949 -0.036935 -0.648538
v 0.333001 -0.036966 -0.648538
v 0.333060 -0.036988 -0.648538
v 0.333125 -0.037000 -0.648538
v 0.333196 -0.037001 -0.648538
v 0.333408 -0.036994 -0.648538
v 0.333620 -0.036989 -0.648538
v 0.333831 -0.036986 -0.648538
v 0.334042 -0.036985 -0.648538
v 0.334254 -0.036985 -0.648538
v 0.334464 -0.036986 -0.648538
v 0.334675 -0.036987 -0.648538
v 0.334885 -0.036988 -0.648538
v 0.335094 -0.036989 -0.648538
v 0.335303 -0.036988 -0.648538
v 0.335511 -0.036987 -0.648538
v 0.335719 -0.036984 -0.648538
v 0.335820 -0.036984 -0.648538
v 0.335919 -0.036984 -0.648538
v 0.336018 -0.036982 -0.648538
v 0.336116 -0.036979 -0.648538
v 0.336213 -0.036972 -0.648538
v 0.336310 -0.036961 -0.648538
v 0.336407 -0.036946 -0.648538
v 0.336504 -0.036923 -0.648538
v 0.336602 -0.036894 -0.648538
v 0.336701 -0.036857 -0.648538
v 0.336800 -0.036811 -0.648538
v 0.336901 -0.036754 -0.648538
v 0.337052 -0.036657 -0.648538
v 0.337198 -0.036541 -0.648538
v 0.337335 -0.036409 -0.648538
v 0.337463 -0.036262 -0.648538
v 0.337582 -0.036100 -0.648538
v 0.337688 -0.035925 -0.648538
v 0.337782 -0.035739 -0.648538
v 0.337861 -0.035542 -0.648538
v 0.337925 -0.035336 -0.648538
v 0.337973 -0.035121 -0.648538
v 0.338002 -0.034900 -0.648538
v 0.338012 -0.034673 -0.648538
v 0.338012 -0.029203 -0.648538
v 0.338012 -0.024426 -0.648538
v 0.338012 -0.020206 -0.648538
v 0.338012 -0.016402 -0.648538
v 0.338011 -0.012877 -0.648538
v 0.338010 -0.009490 -0.648538
v 0.338009 -0.006104 -0.648538
v 0.338007 -0.002580 -0.648538
v 0.338005 0.001222 -0.648538
v 0.338002 0.005440 -0.648538
v 0.337999 0.010213 -0.648538
vn -1.0000 -0.0000 -0.0002
vn -1.0000 -0.0000 -0.0000
vn -1.0000 -0.0000 0.0001
vn -1.0000 -0.0000 -0.0007
vn -1.0000 -0.0000 -0.0001
vn -1.0000 -0.0000 -0.0009
vn -1.0000 -0.0000 -0.0011
vn -1.0000 -0.0000 0.0008
vn -1.0000 -0.0000 0.0005
vn -1.0000 -0.0000 -0.0008
vn -1.0000 -0.0000 -0.0014
vn -1.0000 -0.0000 0.0003
vn -1.0000 -0.0000 -0.0022
vn -1.0000 -0.0000 0.0011
vn -1.0000 -0.0000 0.0006
vn -1.0000 -0.0000 -0.0017
vn -1.0000 -0.0000 0.0027
vn -1.0000 -0.0000 0.0004
vn -1.0000 -0.0000 -0.0035
vn -1.0000 -0.0000 -0.0013
vn -1.0000 -0.0000 -0.0004
vn -1.0000 -0.0000 0.0009
vn -1.0000 -0.0000 0.0007
vn -1.0000 -0.0000 -0.0018
vn -1.0000 -0.0000 -0.0016
vn -1.0000 -0.0000 -0.0012
vn -1.0000 -0.0000 0.0030
vn -1.0000 -0.0000 -0.0025
vn -0.9879 -0.0000 -0.1553
vn -1.0000 -0.0000 0.0002
vn -1.0000 -0.0000 -0.0032
vn -1.0000 -0.0000 -0.0006
vn -1.0000 -0.0000 -0.0005
vn -0.9999 -0.0000 0.0147
vn -1.0000 -0.0000 -0.0003
vn -1.0000 -0.0000 0.0016
vn -0.9996 -0.0000 0.0267
vn -1.0000 -0.0000 -0.0015
vn -1.0000 -0.0000 0.0017
vn -1.0000 -0.0000 0.0020
vn -1.0000 -0.0000 0.0015
vn -1.0000 -0.0000 0.0012
vn -1.0000 -0.0000 0.0035
vn -1.0000 -0.0000 0.0013
vn -1.0000 -0.0000 0.0010
vn -1.0000 -0.0000 0.0024
vn -0.0000 0.7824 0.6228
vn -0.0000 0.6383 0.7698
vn -0.0000 -0.0246 -0.9997
vn -0.0000 -0.4407 0.8977
vn -0.0000 -0.0000 -1.0000
vn -0.0000 -0.3902 -0.9207
vn -0.0000 -0.7858 -0.6185
vn -0.0000 0.1848 -0.9828
vn -0.0000 0.5744 -0.8186
vn -0.0000 0.3110 0.9504
vn -0.0000 -0.3983 -0.9172
vn -0.0000 -0.0034 1.0000
vn -0.0000 -0.9204 -0.3911
vn -0.0000 0.4883 0.8727
vn -0.0000 0.2508 0.9680
vn -0.0000 -0.3895 -0.9210
vn -0.0000 -0.1211 -0.9926
vn -0.0000 -0.9902 -0.1393
vn -0.0000 -0.4137 -0.9104
vn -0.0000 0.8230 0.5681
vn -0.0000 0.6358 0.7719
vn -0.0000 -0.0071 -1.0000
vn -0.0000 0.1241 -0.9923
vn -0.0000 0.2827 -0.9592
vn -0.0000 -0.9405 -0.3397
vn -0.0000 0.6401 0.7683
vn -0.0000 -0.5744 -0.8186
vn -0.0000 -0.3882 -0.9216
vn -0.0000 -0.6580 -0.7531
vn -0.0000 -0.7825 0.6227
vn -0.0000 0.3516 0.9362
vn -0.0000 0.1084 0.9941
vn -0.0000 -0.3799 -0.9250
vn -0.0000 -0.6289 -0.7775
vn -0.0000 0.5178 0.8555
vn -0.0000 -0.3862 -0.9224
vn -0.0000 0.5813 0.8137
vn -0.0000 -0.9636 -0.2672
vn -0.0000 -0.4343 -0.9008
vn -0.0000 0.1096 0.9940
vn -0.0000 -0.1114 0.9938
vn -0.0000 0.5358 0.8444
vn -0.0000 -0.9830 -0.1834
vn -0.0000 -0.7889 -0.6145
vn -0.0000 0.0007 1.0000
vn -0.0000 -0.4041 -0.9147
vn -0.0000 -0.2872 -0.9579
vn -0.0000 -0.3863 -0.9224
vn -0.0000 0.1189 0.9929
vn -0.0000 0.3850 0.9229
vn -0.0000 0.9299 0.3679
vn -0.0000 -0.9459 -0.3244
vn -0.0000 0.9548 -0.2971
vn -0.0000 0.4314 -0.9022
vn -0.0000 -0.2764 -0.9610
vn -0.0000 -0.2867 -0.9580
vn -0.0000 0.2039 -0.9790
vn -0.0000 -0.3271 0.9450
vn -0.0000 -1.0000 -0.0028
vn -0.0000 0.0512 0.9987
vn -0.0000 0.8619 0.5070
vn -0.0000 -0.8621 -0.5068
vn -0.0000 -0.4461 -0.8950
vn -0.0000 0.5668 -0.8239
vn -0.0000 -0.4411 -0.8974
vn -0.0000 0.3916 0.9201
vn -0.0000 -0.8773 -0.4799
vn -0.0000 0.1219 0.9925
vn -0.0000 -0.5443 -0.8389
vn -0.0000 -0.7289 -0.6846
vn -0.0000 0.0153 -0.9999
vn -0.0000 0.6028 0.7979
vn -0.0000 0.9910 -0.1341
vn -0.0000 -0.6248 -0.7808
vn -0.0000 -0.4136 -0.9104
vn -0.0000 0.8560 0.5169
vn -0.0000 -0.0014 -1.0000
vn -0.0000 -0.0332 -0.9994
vn -0.0000 0.1351 0.9908
vn -0.0000 -0.0474 0.9989
vn -0.0000 -0.4635 -0.8861
vn -0.0000 -0.2814 -0.9596
vn -0.0000 0.2703 -0.9628
vn -0.0000 0.7428 -0.6696
vn -0.0000 0.9842 -0.1768
vn -0.0000 0.0008 1.0000
vn -0.0000 0.2079 0.9782
vn -0.0000 -0.6052 -0.7961
vn -0.0000 -0.0398 -0.9992
vn -0.0000 0.3602 -0.9329
vn -0.0000 0.6575 0.7535
vn -0.0000 -0.6148 -0.7887
vn -0.0000 -0.0009 -1.0000
vn -0.0000 0.2011 -0.9796
vn -0.0000 -0.1754 -0.9845
vn -0.0000 0.7952 -0.6064
vn -0.0000 -0.7428 -0.6696
vn -0.0000 0.1567 0.9876
vn -0.0000 0.6352 0.7724
vn -0.0000 0.6955 -0.7185
vn -0.0000 -0.7758 -0.6310
vn -0.0000 -0.7584 -0.6518
vn -0.0000 0.1419 0.9899
vn -0.0000 -0.4484 -0.8938
vn -0.0000 0.5940 0.8045
vn -0.0000 0.0413 0.9991
vn -0.0000 -0.4314 -0.9022
vn -0.0000 -0.1421 -0.9899
vn -0.0000 -0.9049 -0.4256
vn -0.0000 0.7641 0.6451
vn -0.0000 0.7280 0.6856
vn -0.0000 -0.1229 0.9924
vn -0.0000 -0.3845 -0.9231
vn -0.0000 -0.7476 -0.6641
vn -0.0000 0.6883 -0.7254
vn -0.0000 -0.0061 -1.0000
vn -0.0000 0.4101 0.9120
vn -0.0000 0.9307 0.3658
vn -0.0000 -0.2827 -0.9592
vn -0.0000 0.9993 -0.0371
vn -0.0000 0.8054 0.5927
vn -0.0000 -0.3743 0.9273
vn -0.0000 -0.4996 -0.8662
vn -0.0000 0.7885 0.6150
vn -0.0000 -0.5209 0.8536
vn -0.0000 -0.5056 -0.8628
vn -0.0000 0.4409 0.8976
vn -0.0000 -0.7933 -0.6088
vn -0.0000 -0.1824 0.9832
vn -0.0000 -0.9113 -0.4118
vn -0.0000 -0.3589 -0.9334
vn -0.0000 -0.4193 -0.9079
vn -0.0000 -0.1242 -0.9923
vn -0.0000 0.1727 0.9850
vn -0.0000 0.3554 0.9347
vn -0.0000 0.8290 0.5592
vn -0.0000 0.9330 -0.3600
vn -0.0000 -0.0033 -1.0000
vn -0.0000 -0.5664 -0.8241
vn -0.0000 -0.8728 0.4881
vn -0.0000 -0.4954 -0.8686
vn -0.0000 0.0005 1.0000
vn -0.0000 -0.3896 -0.9210
vn -0.0000 -1.0000 -0.0057
vn -0.0000 0.0413 -0.9991
vn -0.0000 0.1610 0.9870
vn -0.0000 -1.0000 0.0006
vn -0.0000 0.9581 0.2863
vn -0.0000 0.6289 -0.7775
vn -0.0000 0.8959 -0.4443
vn -0.0000 -0.1184 -0.9930
vn -0.0000 0.9982 -0.0603
vn -0.0000 -0.3125 -0.9499
vn -0.0000 0.9571 0.2899
vn -0.0000 -0.1687 0.9857
vn -0.0000 -0.3299 -0.9440
vn -0.0000 0.3955 0.9185
vn -0.0000 -0.0095 -1.0000
vn -0.0000 -0.9369 -0.3495
vn -0.0000 0.3824 -0.9240
vn -0.0000 0.9996 -0.0276
vn -0.0000 0.0033 1.0000
vn -0.0000 0.9998 0.0202
vn -0.0000 -0.6883 -0.7254
vn -0.0000 0.1767 0.9843
vn -0.0000 -0.2039 -0.9790
vn -0.0000 -0.4308 0.9024
vn -0.0000 -0.6564 0.7544
vn -0.0000 -0.3174 -0.9483
vn -0.0000 0.0015 -1.0000
vn -0.0000 -0.1318 0.9913
vn -0.0000 0.5082 -0.8613
vn -0.0000 0.9564 0.2920
vn -0.0000 0.5553 0.8316
vn -0.0000 0.0398 -0.9992
vn -0.0000 0.0038 1.0000
vn -0.0000 -0.6270 -0.7790
vn -0.0000 -0.6262 -0.7796
vn -0.0000 -0.5144 -0.8576
vn -0.0000 0.8405 -0.5418
vn -0.0000 0.8375 0.5464
vn -0.0000 0.0022 -1.0000
vn -0.0000 -0.9607 -0.2776
vn -0.0000 -0.3660 -0.9306
vn -0.0000 0.4491 0.8935
vn -0.0000 -0.9999 0.0161
vn -0.0000 0.2424 0.9702
vn -0.0000 0.6618 0.7497
vn -0.0000 -0.7742 -0.6329
vn -0.0000 -0.9867 0.1623
vn -0.0000 -1.0000 -0.0040
vn -0.0000 -0.3825 -0.9239
vn -0.0000 0.8054 -0.5927
vn -0.0000 -0.7120 -0.7022
vn -0.0000 0.4398 0.8981
vn -0.0000 0.4279 0.9038
vn -0.0000 -0.2837 -0.9589
vn -0.0000 -0.9178 -0.3970
vn -0.0000 0.7106 0.7036
vn -0.0000 0.2012 -0.9795
vn -0.0000 0.9999 0.0105
vn -0.0000 -0.7649 -0.6442
vn -0.0000 -0.0443 0.9990
vn -0.0000 1.0000 0.0011
vn -0.0000 -0.2969 0.9549
vn -0.0000 -0.1982 -0.9802
vn -0.0000 0.9983 -0.0578
vn -0.0000 -0.3818 -0.9242
vn -0.0000 -0.9207 -0.3902
vn -0.0000 0.3589 -0.9334
vn -0.0000 -0.4201 -0.9075
vn -0.0000 -0.0742 -0.9972
vn -0.0000 0.4378 0.8991
vn -0.0000 0.6276 -0.7785
vn -0.0000 0.9540 0.2997
vn -0.0000 0.1868 0.9824
vn -0.0000 0.7630 0.6464
vn -0.0000 0.0025 1.0000
vn -0.0000 0.6873 -0.7263
vn -0.0000 -0.3975 -0.9176
vn -0.0000 -0.3591 -0.9333
vn -0.0000 -0.9977 0.0685
vn -0.0000 0.0001 1.0000
vn -0.0000 0.0021 -1.0000
vn -0.0000 -0.7739 -0.6333
vn -0.0000 -0.3838 -0.9234
vn -0.0000 -0.3888 -0.9213
vn -0.0000 0.3211 0.9470
vn -0.0000 0.3029 0.9530
vn -0.0000 0.1336 0.9910
vn -0.0000 0.1169 0.9931
vn -0.0000 -0.9044 -0.4268
vn -0.0000 0.0020 -1.0000
vn -0.0000 -0.4169 -0.9090
vn -0.0000 -0.5804 -0.8144
vn -0.0000 -0.0413 -0.9991
vn -0.0000 0.2069 0.9784
vn -0.0000 -0.5264 -0.8503
vn -0.0000 0.6803 0.7329
vn -0.0000 -0.1863 0.9825
vn -0.0000 -0.6637 -0.7480
vn -0.0000 1.0000 -0.0020
vn -0.0000 -0.7377 -0.6752
vn -0.0000 -0.0143 -0.9999
vn -0.0000 0.6506 0.7595
vn -0.0000 0.9915 -0.1298
vn -0.0000 -0.9066 0.4221
vn -0.0000 -0.1657 -0.9862
vn -0.0000 -0.9994 0.0352
vn -0.0000 -0.3669 -0.9303
vn -0.0000 0.4390 0.8985
vn -0.0000 0.5059 -0.8626
vn -0.0000 -0.8045 -0.5940
vn -0.0000 -0.9706 -0.2408
vn -0.0000 0.7441 0.6680
vn -0.0000 -0.8880 -0.4599
vn -0.0000 0.2816 -0.9595
vn -0.0000 -0.3806 -0.9247
vn -0.0000 0.7979 -0.6028
vn -0.0000 0.0006 1.0000
vn -0.0000 -0.4466 0.8947
vn -0.0000 -0.3645 -0.9312
vn -0.0000 0.1236 0.9923
vn -0.0000 0.0002 1.0000
vn -0.0000 0.5671 -0.8237
vn -0.0000 -0.4094 -0.9124
vn -0.0000 0.7473 -0.6645
vn -0.0000 -0.0106 0.9999
vn -0.0000 0.2343 0.9722
vn -0.0000 0.0647 0.9979
vn -0.0000 0.2040 -0.9790
vn -0.0000 -0.3368 -0.9416
vn -0.0000 0.0368 -0.9993
vn -0.0000 1.0000 -0.0027
vn -0.0000 0.8313 0.5559
vn -0.0000 -0.9464 -0.3229
vn -0.0000 -0.4127 -0.9109
vn -0.0000 -0.8263 -0.5632
vn -0.0000 0.9712 -0.2384
vn -0.0000 -0.6369 -0.7709
vn -0.0000 0.2885 0.9575
vn -0.0000 -0.1766 0.9843
vn -0.0000 0.6404 0.7680
vn -0.0000 -0.9832 -0.1827
vn -0.0000 -0.0937 -0.9956
vn -0.0000 -0.2299 -0.9732
vn -0.0000 -0.6732 -0.7395
vn -0.0000 0.7605 0.6494
vn -0.0000 -0.9583 0.2858
vn -0.0000 0.4893 0.8721
vn -0.0000 0.4693 0.8831
vn -0.0000 0.8872 -0.4614
vn -0.0000 -0.3686 -0.9296
vn -0.0000 -0.3800 -0.9250
vn -0.0000 0.7933 -0.6088
vn -0.0000 -0.9904 -0.1380
vn -0.0000 -0.0003 -1.0000
vn -0.0000 -0.8324 -0.5542
vn -0.0000 0.1119 0.9937
vn -0.0000 0.1075 0.9942
vn -0.0000 -0.4443 -0.8959
vn -0.0000 -0.3805 -0.9248
vn -0.0000 -0.4257 0.9049
vn -0.0000 -0.0064 1.0000
vn -0.0000 -0.6730 -0.7396
vn -0.0000 0.0882 -0.9961
vn -0.0000 0.1043 0.9945
vn -0.0000 0.0015 1.0000
vn -0.0000 0.3346 0.9424
vn -0.0000 -0.0534 -0.9986
vn -0.0000 0.4999 -0.8661
vn -0.0000 -0.0852 -0.9964
vn -0.0000 -0.3911 -0.9203
vn -0.0000 -0.1396 0.9902
vn -0.0000 -0.8449 -0.5349
vn -0.0000 -0.2156 0.9765
vn -0.0000 0.9453 0.3263
vn -0.0000 -0.9334 -0.3589
vn -0.0000 -0.2352 -0.9720
vn -0.0000 -0.6357 -0.7720
vn -0.0000 1.0000 -0.0009
vn -0.0000 -0.5671 -0.8237
vn -0.0000 -0.3527 -0.9357
vn -0.0000 -0.4311 -0.9023
vn -0.0000 0.6385 0.7697
vn -0.0000 0.9681 -0.2507
vn -0.0000 -0.2012 -0.9795
vn -0.0000 -0.0279 -0.9996
vn -0.0000 -0.6802 -0.7330
vn -0.0000 -0.0043 -1.0000
vn -0.0000 0.8133 0.5818
vn -0.0000 0.3624 0.9320
vn -0.0000 -0.2190 0.9757
vn -0.0000 0.7565 0.6540
vn -0.0000 0.9491 -0.3150
vn -0.0000 -0.3690 0.9294
vn -0.0000 -0.7807 -0.6249
vn -0.0000 -0.0439 -0.9990
vn -0.0000 0.5108 0.8597
vn -0.0000 -0.9939 0.1105
vn -0.0000 0.1137 0.9935
vn -0.0000 -0.3850 -0.9229
vn -0.0000 -0.0010 1.0000
vn -0.0000 0.5486 0.8361
vn -0.0000 -0.3837 -0.9234
vn -0.0000 -0.0000 1.0000
vn -0.0000 0.1488 -0.9889
vn -0.0000 -0.9849 -0.1730
vn -0.0000 0.4996 -0.8662
vn -0.0000 0.3690 0.9294
vn -0.0000 -0.3996 -0.9167
vn -0.0000 0.0004 1.0000
vn -0.0000 0.2829 0.9591
vn -0.0000 0.6443 0.7648
vn -0.0000 0.5674 -0.8234
vn -0.0000 -0.0119 -0.9999
vn -0.0000 0.6366 -0.7712
vn -0.0000 -0.6513 -0.7588
vn -0.0000 0.0918 0.9958
vn -0.0000 0.4401 0.8980
vn -0.0000 -0.9746 -0.2238
vn -0.0000 0.6292 -0.7772
vn -0.0000 -0.2091 -0.9779
vn -0.0000 0.1266 0.9920
vn -0.0000 0.5635 0.8261
vn -0.0000 -0.9997 0.0231
vn -0.0000 0.9031 0.4294
vn -0.0000 -0.5114 -0.8593
vn -0.0000 -0.3897 -0.9209
vn -0.0000 -0.4145 -0.9100
vn -0.0000 0.9961 -0.0887
vn -0.0000 0.7360 0.6770
vn -0.0000 -0.1558 0.9878
vn -0.0000 -0.7895 -0.6137
vn -0.0000 1.0000 0.0036
vn -0.0000 -0.4999 -0.8661
vn -0.0000 -0.2040 -0.9790
vn -0.0000 -0.5659 -0.8245
vn -0.0000 0.6179 0.7863
vn -0.0000 -0.1249 -0.9922
vn -0.0000 0.4930 0.8700
vn -0.0000 -0.0889 0.9960
vn -0.0000 0.7441 -0.6680
vn -0.0000 0.0189 -0.9998
vn -0.0000 -0.8857 -0.4643
vn -0.0000 0.3986 0.9171
vn -0.0000 0.7853 0.6191
vn -0.0000 -0.7212 0.6928
vn -0.0000 -0.0021 -1.0000
vn -0.0000 0.1444 0.9895
vn -0.0000 -0.3877 -0.9218
vn -0.0000 0.5394 0.8420
vn -0.0000 0.7424 -0.6699
vn -0.0000 -0.3677 -0.9299
vn -0.0000 -0.9459 -0.3245
vn -0.0000 0.8041 0.5945
vn -0.0000 0.1289 0.9917
vn -0.0000 -0.0117 -0.9999
vn -0.0000 -0.0397 -0.9992
vn -0.0000 0.0114 -0.9999
vn -0.0000 -0.0887 0.9961
vn -0.0000 0.1839 0.9829
vn -0.0000 -0.0023 -1.0000
vn -0.0000 -0.4309 -0.9024
vn -0.0000 -1.0000 0.0077
vn -0.0000 0.7034 0.7108
vn -0.0000 0.1460 0.9893
vn -0.0000 -0.6688 -0.7435
vn -0.0000 -0.6873 -0.7264
vn -0.0000 -0.4095 -0.9123
vn -0.0000 -0.1288 -0.9917
vn -0.0000 0.9003 0.4352
vn -0.0000 0.6586 0.7525
vn -0.0000 0.9615 -0.2747
vn -0.0000 -0.3580 -0.9337
vn -0.0000 0.7871 0.6168
vn -0.0000 -0.0596 0.9982
vn -0.0000 -0.8180 -0.5753
vn -0.0000 -0.0080 -1.0000
vn -0.0000 -0.3648 -0.9311
vn -0.0000 -0.6569 -0.7540
vn -0.0000 -0.8783 -0.4781
vn -0.0000 -0.8677 -0.4971
vn -0.0000 0.1637 0.9865
vn -0.0000 0.4301 0.9028
vn -0.0000 0.9056 0.4242
vn -0.0000 -0.6951 -0.7189
vn -0.0000 -0.5267 -0.8501
vn -0.0000 -0.8354 -0.5497
vn -0.0000 -0.4330 -0.9014
vn -0.0000 -0.8410 0.5410
vn -0.0000 -0.1495 0.9888
vn -0.0000 -0.9419 -0.3358
vn -0.0000 0.3494 0.9370
vn -0.0000 -0.0804 -0.9968
vn -0.0000 -0.3919 -0.9200
vn -0.0000 0.0023 1.0000
vn -0.0000 0.2687 0.9632
vn -0.0000 0.2241 -0.9746
vn -0.0000 0.3591 -0.9333
vn -0.0000 -0.9751 0.2216
vn -0.0000 0.3749 0.9271
vn -0.0000 0.9455 -0.3255
vn -0.0000 -0.5933 -0.8050
vn -0.0000 -0.3340 0.9426
vn -0.0000 0.5988 0.8009
vn -0.0000 -0.4259 -0.9048
vn -0.0000 -0.9890 -0.1482
vn -0.0000 -0.0034 -1.0000
vn -0.0000 0.9942 0.1079
vn -0.0000 -0.2008 -0.9796
vn -0.0000 -0.4490 0.8936
vn -0.0000 0.9604 0.2785
vn -0.0000 -0.3820 -0.9242
vn -0.0000 -0.7487 -0.6629
vn -0.0000 0.9957 -0.0924
vn -0.0000 -0.2828 -0.9592
vn -0.0000 0.8351 0.5501
vn -0.0000 0.1077 0.9942
vn -0.0000 0.6270 0.7790
vn -0.0000 -0.4337 -0.9011
vn -0.0000 -1.0000 0.0011
vn -0.0000 0.4349 -0.9005
vn -0.0000 -0.4572 -0.8894
vn -0.0000 0.1211 -0.9926
vn -0.0000 0.9487 0.3161
vn -0.0000 -0.7949 -0.6068
vn -0.0000 -0.5836 -0.8120
vn -0.0000 -0.1377 -0.9905
vn -0.0000 -0.8966 -0.4428
vn -0.0000 -0.9999 0.0127
vn -0.0000 -0.0612 0.9981
vn -0.0000 0.4204 0.9073
vn -0.0000 0.3221 -0.9467
vn -0.0000 -0.3858 -0.9226
vn -0.0000 -0.4901 -0.8717
vn -0.0000 0.9167 -0.3996
vn -0.0000 0.8191 0.5737
vn -0.0000 0.2106 0.9776
vn -0.0000 -0.8733 -0.4873
vn -0.0000 0.4169 0.9090
vn -0.0000 0.0093 -1.0000
vn -0.0000 0.1783 0.9840
vn -0.0000 0.5060 0.8626
vn -0.0000 -0.2770 0.9609
vn -0.0000 -0.4170 -0.9089
vn -0.0000 0.0005 -1.0000
vn -0.0000 -0.9880 -0.1548
vn -0.0000 -0.6165 -0.7873
vn -0.0000 0.9999 0.0152
vn -0.0000 0.9993 -0.0387
vn -0.0000 -0.5898 0.8075
vn -0.0000 0.9445 0.3285
vn -0.0000 0.1242 -0.9923
vn -0.0000 0.1518 0.9884
vn -0.0000 0.6982 0.7159
vn -0.0000 -0.2719 -0.9623
vn -0.0000 -0.5641 -0.8257
vn -0.0000 0.3591 0.9333
vn -0.0000 -0.6763 -0.7366
vn -0.0000 -0.4073 -0.9133
vn -0.0000 0.0031 1.0000
vn -0.0000 -0.7671 -0.6415
vn -0.0000 0.4514 -0.8923
vn -0.0000 -0.9556 -0.2947
vn -0.0000 -0.2825 -0.9593
vn -0.0000 -0.4716 -0.8818
vn -0.0000 0.2814 -0.9596
vn -0.0000 -0.1808 -0.9835
vn -0.0000 0.4329 0.9014
vn -0.0000 0.3879 0.9217
vn -0.0000 0.8706 -0.4920
vn -0.0000 0.2731 0.9620
vn -0.0000 -0.1807 0.9835
vn -0.0000 -0.3834 -0.9236
vn -0.0000 -1.0000 -0.0018
vn -0.0000 0.7026 0.7116
vn -0.0000 -0.2198 -0.9755
vn -0.0000 -0.9127 -0.4086
vn -0.0000 -0.6974 -0.7167
vn -0.0000 0.6946 0.7194
vn -0.0000 -0.3246 -0.9458
vn -0.0000 0.4311 -0.9023
vn -0.0000 -0.9994 0.0353
vn -0.0000 -0.8565 -0.5161
vn -0.0000 -0.4433 0.8964
vn -0.0000 0.1956 0.9807
vn -0.0000 0.4391 0.8984
vn -0.0000 0.6369 0.7710
vn -0.0000 -0.4200 -0.9075
vn -0.0000 -0.3815 -0.9244
vn -0.0000 -0.9352 0.3541
vn -0.0000 -0.9402 -0.3405
vn -0.0000 1.0000 0.0068
vn -0.0000 0.9837 -0.1800
vn -0.0000 0.9996 -0.0270
vn -0.0000 -0.3963 -0.9181
vn -0.0000 -0.9313 -0.3644
vn -0.0000 -0.4352 -0.9004
vn -0.0000 -0.4793 -0.8777
vn -0.0000 -0.9998 -0.0183
vn -0.0000 -0.9017 -0.4323
vn -0.0000 -0.9817 -0.1904
vn -0.0000 -0.7421 -0.6703
vn -0.0000 0.8365 0.5480
vn -0.0000 0.1070 0.9943
vn -0.0000 -0.2804 -0.9599
vn -0.0000 -0.3865 -0.9223
vn -0.0000 0.8455 -0.5340
vn -0.0000 0.2196 0.9756
vn -0.0000 0.8541 0.5201
vn -0.0000 0.5307 0.8475
vn -0.0000 0.7492 0.6624
vn -0.0000 -0.4191 -0.9080
vn -0.0000 0.9686 -0.2484
vn -0.0000 0.5675 -0.8234
vn -0.0000 -0.2247 -0.9744
vn -0.0000 0.4641 0.8858
vn -0.0000 0.0614 -0.9981
vn -0.0000 -0.9479 -0.3186
vn -0.0000 -1.0000 -0.0003
vn -0.0000 0.0507 0.9987
vn -0.0000 0.0217 0.9998
vn -0.0000 -0.4379 -0.8990
vn -0.0000 -0.9766 -0.2149
vn -0.0000 -0.1355 -0.9908
vn -0.0000 -0.9999 0.0135
vn -0.0000 -0.3602 -0.9329
vn -0.0000 0.1164 0.9932
vn -0.0000 0.9216 -0.3881
vn -0.0000 0.2547 0.9670
vn -0.0000 -0.1200 -0.9928
vn -0.0000 -0.0601 -0.9982
vn -0.0000 -0.3819 -0.9242
vn -0.0000 0.7476 0.6642
vn -0.0000 0.9529 0.3032
vn -0.0000 -0.6808 -0.7324
vn -0.0000 -0.3904 -0.9206
vn -0.0000 -0.1621 0.9868
vn -0.0000 -0.4174 -0.9087
vn -0.0000 0.6686 0.7436
vn -0.0000 -0.6345 -0.7730
vn -0.0000 0.1171 -0.9931
vn -0.0000 -0.2434 -0.9699
vn -0.0000 0.3325 0.9431
vn -0.0000 -0.3756 -0.9268
vn -0.0000 -0.0096 1.0000
vn -0.0000 -0.7254 -0.6883
vn -0.0000 0.9659 -0.2589
vn -0.0000 -0.1849 0.9828
vn -0.0000 0.4532 0.8914
vn -0.0000 0.0003 1.0000
vn -0.0000 -0.4167 -0.9090
vn -0.0000 -0.8446 -0.5354
vn -0.0000 -0.0007 -1.0000
vn -0.0000 -0.9345 -0.3560
vn -0.0000 0.4375 0.8992
vn -0.0000 -1.0000 0.0054
vn -0.0000 -0.0428 -0.9991
vn -0.0000 -0.4021 0.9156
vn -0.0000 -0.6434 -0.7655
vn -0.0000 -0.3726 -0.9280
vn -0.0000 0.9697 -0.2444
vn -0.0000 -0.8731 -0.4875
vn -0.0000 0.5064 -0.8623
vn -0.0000 0.2105 0.9776
vn -0.0000 0.8191 0.5736
vn -0.0000 0.9167 -0.3995
vn -0.0000 -0.4897 -0.8719
vn -0.0000 -0.3857 -0.9226
vn -0.0000 0.3215 -0.9469
vn -0.0000 0.4203 0.9074
vn -0.0000 -0.0415 -0.9991
vn -0.0000 -0.8965 -0.4430
vn -0.0000 -0.5667 -0.8239
vn -0.0000 -0.7949 -0.6067
vn -0.0000 0.9487 0.3160
vn -0.0000 0.1214 -0.9926
vn -0.0000 -0.2154 0.9765
vn -0.0000 -0.4571 -0.8894
vn -0.0000 -0.2036 -0.9791
vn -0.0000 -0.4343 -0.9007
vn -0.0000 0.6271 0.7790
vn -0.0000 -0.0399 -0.9992
vn -0.0000 -0.2829 -0.9591
vn -0.0000 -0.7934 -0.6087
vn -0.0000 -0.7485 -0.6631
vn -0.0000 0.9604 0.2786
vn -0.0000 -0.4489 0.8936
vn -0.0000 -0.2003 -0.9797
vn -0.0000 0.9942 0.1080
vn -0.0000 -0.4259 -0.9047
vn -0.0000 0.5987 0.8010
vn -0.0000 -0.3342 0.9425
vn -0.0000 -0.5932 -0.8050
vn -0.0000 0.9456 -0.3253
vn -0.0000 0.3753 0.9269
vn -0.0000 0.7428 -0.6695
vn -0.0000 0.0022 1.0000
vn -0.0000 -0.0801 -0.9968
vn -0.0000 0.3497 0.9369
vn -0.0000 -0.1496 0.9887
vn -0.0000 -0.4328 -0.9015
vn -0.0000 -0.8348 -0.5505
vn -0.0000 -0.5259 -0.8505
vn -0.0000 -0.6948 -0.7192
vn -0.0000 0.0646 0.9979
vn -0.0000 0.9056 0.4240
vn -0.0000 0.1639 0.9865
vn -0.0000 -0.8676 -0.4972
vn -0.0000 -0.8782 -0.4784
vn -0.0000 0.7474 -0.6644
vn -0.0000 -0.6564 -0.7544
vn -0.0000 -0.0079 -1.0000
vn -0.0000 0.7934 -0.6087
vn -0.0000 -0.0598 0.9982
vn -0.0000 0.6880 -0.7258
vn -0.0000 -0.5002 -0.8659
vn -0.0000 0.5005 -0.8658
vn -0.0000 0.7869 0.6171
vn -0.0000 -0.3581 -0.9337
vn -0.0000 0.9615 -0.2746
vn -0.0000 0.9004 0.4351
vn -0.0000 -0.4094 -0.9123
vn -0.0000 -0.6870 -0.7267
vn -0.0000 0.1461 0.9893
vn -0.0000 0.7036 0.7106
vn -0.0000 -0.0025 -1.0000
vn -0.0000 0.0415 -0.9991
vn -0.0000 -0.0883 0.9961
vn -0.0000 0.1287 0.9917
vn -0.0000 0.8038 0.5949
vn -0.0000 -0.9458 -0.3247
vn -0.0000 -0.3651 -0.9310
vn -0.0000 0.7425 -0.6698
vn -0.0000 0.5393 0.8421
vn -0.0000 0.1448 0.9895
vn -0.0000 0.3987 0.9171
vn -0.0000 -0.8855 -0.4646
vn -0.0000 0.0188 -0.9998
vn -0.0000 -0.0891 0.9960
vn -0.0000 0.4929 0.8701
vn -0.0000 0.6173 0.7867
vn -0.0000 -0.5655 -0.8248
vn -0.0000 -0.6880 -0.7258
vn -0.0000 -0.5005 -0.8658
vn -0.0000 -0.7897 -0.6134
vn -0.0000 -0.1557 0.9878
vn -0.0000 -0.4146 -0.9100
vn -0.0000 -0.3898 -0.9209
vn -0.0000 0.9032 0.4292
vn -0.0000 0.5636 0.8261
vn -0.0000 0.1262 0.9920
vn -0.0000 -0.2066 -0.9784
vn -0.0000 0.6292 -0.7773
vn -0.0000 -0.9746 -0.2239
vn -0.0000 0.4402 0.8979
vn -0.0000 0.0922 0.9957
vn -0.0000 -0.6515 -0.7587
vn -0.0000 0.5670 -0.8237
vn -0.0000 -0.3894 -0.9211
vn -0.0000 0.2828 0.9592
vn -0.0000 -0.3995 -0.9167
vn -0.0000 0.3689 0.9295
vn -0.0000 0.5002 -0.8659
vn -0.0000 -0.9849 -0.1731
vn -0.0000 0.2034 -0.9791
vn -0.0000 0.1490 -0.9888
vn -0.0000 -0.3841 -0.9233
vn -0.0000 0.5485 0.8361
vn -0.0000 -0.3856 -0.9227
vn -0.0000 0.5106 0.8598
vn -0.0000 -0.0444 -0.9990
vn -0.0000 -0.3689 0.9295
vn -0.0000 0.7567 0.6537
vn -0.0000 -0.2189 0.9757
vn -0.0000 0.3616 0.9324
vn -0.0000 0.8141 0.5807
vn -0.0000 -0.0044 -1.0000
vn -0.0000 -0.6799 -0.7333
vn -0.0000 -0.0280 -0.9996
vn -0.0000 0.6384 0.7697
vn -0.0000 -0.4312 -0.9023
vn -0.0000 -0.3528 -0.9357
vn -0.0000 -0.6356 -0.7720
vn -0.0000 -0.2360 -0.9718
vn -0.0000 0.9452 0.3264
vn -0.0000 -0.8451 -0.5346
vn -0.0000 -0.1398 0.9902
vn -0.0000 -0.3910 -0.9204
vn -0.0000 -0.0901 -0.9959
vn -0.0000 -0.0452 -0.9990
vn -0.0000 0.3350 0.9422
vn -0.0000 0.0014 1.0000
vn -0.0000 0.1044 0.9945
vn -0.0000 0.0877 -0.9961
vn -0.0000 -0.6735 -0.7392
vn -0.0000 -0.0062 1.0000
vn -0.0000 -0.3807 -0.9247
vn -0.0000 -0.4444 -0.8958
vn -0.0000 0.1073 0.9942
vn -0.0000 -0.8321 -0.5546
vn -0.0000 -0.0002 -1.0000
vn -0.0000 -0.3688 -0.9295
vn -0.0000 0.8871 -0.4616
vn -0.0000 0.4694 0.8830
vn -0.0000 0.4898 0.8718
vn -0.0000 -0.9583 0.2856
vn -0.0000 0.7602 0.6497
vn -0.0000 -0.6731 -0.7396
vn -0.0000 -0.2302 -0.9732
vn -0.0000 -0.4038 -0.9148
vn -0.0000 -0.9831 -0.1828
vn -0.0000 -0.1768 0.9843
vn -0.0000 0.2886 0.9574
vn -0.0000 -0.6369 -0.7710
vn -0.0000 -0.8262 -0.5633
vn -0.0000 -0.4124 -0.9110
vn -0.0000 -0.9465 -0.3228
vn -0.0000 0.8316 0.5553
vn -0.0000 0.0363 -0.9993
vn -0.0000 -0.3391 -0.9408
vn -0.0000 0.2036 -0.9791
vn -0.0000 0.2340 0.9722
vn -0.0000 0.5667 -0.8239
vn -0.0000 -0.3642 -0.9313
vn -0.0000 -0.4465 0.8948
vn -0.0000 0.7979 -0.6029
vn -0.0000 -0.3809 -0.9246
vn -0.0000 0.2817 -0.9595
vn -0.0000 -0.8881 -0.4597
vn -0.0000 0.7439 0.6683
vn -0.0000 -0.9706 -0.2409
vn -0.0000 -0.8042 -0.5943
vn -0.0000 -0.3672 -0.9302
vn -0.0000 -0.1658 -0.9862
vn -0.0000 -0.9065 0.4222
vn -0.0000 0.6504 0.7596
vn -0.0000 -0.0142 -0.9999
vn -0.0000 -0.7377 -0.6751
vn -0.0000 -0.5265 -0.8502
vn -0.0000 -0.5803 -0.8144
vn -0.0000 0.0019 -1.0000
vn -0.0000 0.1168 0.9932
vn -0.0000 0.1328 0.9911
vn -0.0000 0.3219 0.9468
vn -0.0000 -0.3884 -0.9215
vn -0.0000 -0.3839 -0.9234
vn -0.0000 -0.7740 -0.6332
vn -0.0000 -0.3592 -0.9333
vn -0.0000 -0.3973 -0.9177
vn -0.0000 0.6873 -0.7264
vn -0.0000 0.7629 0.6466
vn -0.0000 0.1865 0.9824
vn -0.0000 0.9540 0.2998
vn -0.0000 0.6279 -0.7783
vn -0.0000 0.4376 0.8992
vn -0.0000 -0.0743 -0.9972
vn -0.0000 -0.9207 -0.3904
vn -0.0000 -0.3817 -0.9243
vn -0.0000 0.9983 -0.0577
vn -0.0000 -0.1978 -0.9802
vn -0.0000 -0.2968 0.9549
vn -0.0000 -0.0442 0.9990
vn -0.0000 -0.7652 -0.6438
vn -0.0000 0.2008 -0.9796
vn -0.0000 0.7105 0.7037
vn -0.0000 -0.9176 -0.3975
vn -0.0000 -0.2834 -0.9590
vn -0.0000 0.4276 0.9040
vn -0.0000 0.4397 0.8982
vn -0.0000 -0.7121 -0.7021
vn -0.0000 0.8053 -0.5928
vn -0.0000 -0.3824 -0.9240
vn -0.0000 0.7953 -0.6063
vn -0.0000 -0.9867 0.1624
vn -0.0000 -0.7743 -0.6329
vn -0.0000 0.0399 -0.9992
vn -0.0000 0.4495 0.8933
vn -0.0000 -0.9607 -0.2777
vn -0.0000 0.8377 0.5461
vn -0.0000 0.8404 -0.5420
vn -0.0000 -0.5143 -0.8576
vn -0.0000 -0.6262 -0.7797
vn -0.0000 -0.6270 -0.7791
vn -0.0000 0.5558 0.8313
vn -0.0000 0.9564 0.2919
vn -0.0000 0.5081 -0.8613
vn -0.0000 -0.3172 -0.9484
vn -0.0000 -0.6565 0.7543
vn -0.0000 -0.4308 0.9025
vn -0.0000 -0.2034 -0.9791
vn -0.0000 0.1770 0.9842
vn -0.0000 0.3827 -0.9239
vn -0.0000 -0.9370 -0.3493
vn -0.0000 -0.0096 -1.0000
vn -0.0000 0.3946 0.9188
vn -0.0000 -0.3290 -0.9443
vn -0.0000 -0.1685 0.9857
vn -0.0000 0.9570 0.2900
vn -0.0000 -0.1168 -0.9932
vn -0.0000 0.5740 -0.8188
vn -0.0000 0.9581 0.2864
vn -0.0000 0.1605 0.9870
vn -0.0000 -0.3899 -0.9209
vn -0.0000 -0.4960 -0.8683
vn -0.0000 -0.8727 0.4883
vn -0.0000 -0.5665 -0.8241
vn -0.0000 0.9329 -0.3601
vn -0.0000 0.8291 0.5591
vn -0.0000 0.3552 0.9348
vn -0.0000 0.1728 0.9850
vn -0.0000 -0.1245 -0.9922
vn -0.0000 -0.1213 -0.9926
vn -0.0000 0.2828 -0.9592
vn -0.0000 -0.9114 -0.4115
vn -0.0000 -0.1822 0.9833
vn -0.0000 0.4407 0.8977
vn -0.0000 -0.5061 -0.8624
vn -0.0000 -0.5208 0.8537
vn -0.0000 0.7884 0.6151
vn -0.0000 -0.3745 0.9272
vn -0.0000 0.8054 0.5928
vn -0.0000 0.9306 0.3659
vn -0.0000 0.4100 0.9121
vn -0.0000 -0.7477 -0.6640
vn -0.0000 -0.3848 -0.9230
vn -0.0000 0.7283 0.6853
vn -0.0000 0.7642 0.6450
vn -0.0000 0.0219 0.9998
vn -0.0000 -0.9050 -0.4253
vn -0.0000 -0.1422 -0.9898
vn -0.0000 0.0418 0.9991
vn -0.0000 0.6951 -0.7189
vn -0.0000 0.1421 0.9899
vn -0.0000 -0.7585 -0.6516
vn -0.0000 -0.7757 -0.6311
vn -0.0000 0.8542 0.5200
vn -0.0000 0.6352 0.7723
vn -0.0000 0.1569 0.9876
vn -0.0000 -0.7428 -0.6695
vn -0.0000 -0.1753 -0.9845
vn -0.0000 0.2007 -0.9797
vn -0.0000 -0.2805 -0.9598
vn -0.0000 -0.6097 -0.7926
vn -0.0000 -0.7422 -0.6702
vn -0.0000 0.2078 0.9782
vn -0.0000 0.0009 1.0000
vn -0.0000 0.9843 -0.1768
vn -0.0000 0.2701 -0.9628
vn -0.0000 -0.2816 -0.9595
vn -0.0000 -0.4636 -0.8861
vn -0.0000 0.1353 0.9908
vn -0.0000 -0.0335 -0.9994
vn -0.0000 -0.0012 -1.0000
vn -0.0000 0.8558 0.5173
vn -0.0000 -0.4138 -0.9104
vn -0.0000 -0.6247 -0.7808
vn -0.0000 0.6372 0.7707
vn -0.0000 0.9910 -0.1342
vn -0.0000 0.6027 0.7979
vn -0.0000 0.0154 -0.9999
vn -0.0000 -0.7290 -0.6845
vn -0.0000 0.1215 0.9926
vn -0.0000 -0.8773 -0.4800
vn -0.0000 0.3920 0.9200
vn -0.0000 0.4312 -0.9023
vn -0.0000 -0.4456 -0.8952
vn -0.0000 0.5664 -0.8242
vn -0.0000 -0.4462 -0.8950
vn -0.0000 -0.8623 -0.5064
vn -0.0000 0.8619 0.5071
vn -0.0000 0.0513 0.9987
vn -0.0000 -0.3270 0.9450
vn -0.0000 -0.2888 -0.9574
vn -0.0000 -0.2765 -0.9610
vn -0.0000 0.7027 0.7115
vn -0.0000 0.3847 0.9230
vn -0.0000 0.1191 0.9929
vn -0.0000 -0.3864 -0.9223
vn -0.0000 -0.2854 -0.9584
vn -0.0000 -0.4040 -0.9147
vn -0.0000 -0.7887 -0.6148
vn -0.0000 -0.0151 -0.9999
vn -0.0000 0.5357 0.8444
vn -0.0000 -0.1116 0.9938
vn -0.0000 -0.9637 -0.2671
vn -0.0000 0.5819 0.8132
vn -0.0000 -0.3861 -0.9225
vn -0.0000 0.5172 0.8559
vn -0.0000 0.3514 0.9362
vn -0.0000 0.1245 -0.9922
vn -0.0000 -0.6577 -0.7533
vn -0.0000 -0.5740 -0.8188
vn -0.0000 0.6403 0.7681
vn -0.0000 -0.9406 -0.3394
vn -0.0000 0.1244 -0.9922
vn -0.0000 -0.0070 -1.0000
vn -0.0000 0.6357 0.7719
vn -0.0000 0.8227 0.5685
vn -0.0000 -0.2769 0.9609
vn -0.0000 -0.4136 -0.9105
vn -0.0000 -0.1214 -0.9926
vn -0.0000 0.0094 -1.0000
vn -0.0000 0.2510 0.9680
vn -0.0000 0.4882 0.8727
vn -0.0000 -0.9204 -0.3909
vn -0.0000 -0.0035 1.0000
vn -0.0000 -0.3983 -0.9173
vn -0.0000 0.3108 0.9505
vn -0.0000 0.1846 -0.9828
vn -0.0000 -0.7856 -0.6188
vn -0.0000 -0.3904 -0.9207
vn -0.0000 -0.4409 0.8976
vn -0.0000 -0.0247 -0.9997
vn -0.0000 -0.0610 0.9981
vn -0.0000 0.7825 0.6226
vn -0.0000 -0.0181 -0.9998
vn -0.0000 -0.1345 -0.9909
vn -0.0000 0.9697 -0.2443
vn -0.0000 -0.3727 -0.9280
vn -0.0000 -0.6436 -0.7654
vn -0.0000 -0.0434 -0.9991
vn -0.0000 -0.5836 -0.8121
vn -0.0000 -0.9345 -0.3561
vn -0.0000 -0.8447 -0.5353
vn -0.0000 -0.4165 -0.9092
vn -0.0000 0.4350 -0.9005
vn -0.0000 0.4533 0.8913
vn -0.0000 -0.7252 -0.6885
vn -0.0000 -0.0097 1.0000
vn -0.0000 -0.3752 -0.9269
vn -0.0000 -0.3818 -0.9243
vn -0.0000 0.3331 0.9429
vn -0.0000 0.1178 -0.9930
vn -0.0000 -0.6344 -0.7730
vn -0.0000 0.6687 0.7436
vn -0.0000 -0.4175 -0.9087
vn -0.0000 -0.1620 0.9868
vn -0.0000 -0.6809 -0.7324
vn -0.0000 0.6445 0.7646
vn -0.0000 0.9530 0.3031
vn -0.0000 0.7477 0.6640
vn -0.0000 -0.0600 -0.9982
vn -0.0000 -0.1203 -0.9927
vn -0.0000 0.2536 0.9673
vn -0.0000 0.2686 0.9632
vn -0.0000 -0.1358 -0.9907
vn -0.0000 -0.9766 -0.2150
vn -0.0000 -0.4382 -0.8989
vn -0.0000 -0.3921 -0.9199
vn -0.0000 -0.9418 -0.3361
vn -0.0000 -0.9479 -0.3184
vn -0.0000 0.0618 -0.9981
vn -0.0000 0.4634 0.8862
vn -0.0000 -0.3593 -0.9332
vn -0.0000 -0.2248 -0.9744
vn -0.0000 0.9686 -0.2485
vn -0.0000 -0.4193 -0.9078
vn -0.0000 0.7490 0.6626
vn -0.0000 -0.3650 -0.9310
vn -0.0000 0.5306 0.8477
vn -0.0000 0.2202 0.9755
vn -0.0000 -0.8182 -0.5749
vn -0.0000 0.1076 0.9942
vn -0.0000 0.8362 0.5484
vn -0.0000 -0.9817 -0.1902
vn -0.0000 -0.9017 -0.4324
vn -0.0000 0.6584 0.7527
vn -0.0000 -0.4352 -0.9003
vn -0.0000 -0.9313 -0.3643
vn -0.0000 -0.1287 -0.9917
vn -0.0000 -0.3960 -0.9182
vn -0.0000 -0.6687 -0.7435
vn -0.0000 -0.9403 -0.3404
vn -0.0000 -0.9352 0.3542
vn -0.0000 -0.4202 -0.9074
vn -0.0000 0.1850 0.9827
vn -0.0000 0.1958 0.9806
vn -0.0000 0.0120 -0.9999
vn -0.0000 -0.4432 0.8964
vn -0.0000 -0.8568 -0.5157
vn -0.0000 -0.3248 -0.9458
vn -0.0000 -0.6975 -0.7166
vn -0.0000 -0.9127 -0.4085
vn -0.0000 0.7855 0.6188
vn -0.0000 -0.2202 -0.9755
vn -0.0000 -0.3835 -0.9235
vn -0.0000 0.7443 -0.6679
vn -0.0000 0.2729 0.9620
vn -0.0000 0.8708 -0.4917
vn -0.0000 0.3874 0.9219
vn -0.0000 0.4332 0.9013
vn -0.0000 -0.1246 -0.9922
vn -0.0000 -0.4717 -0.8818
vn -0.0000 -0.2826 -0.9592
vn -0.0000 -0.9556 -0.2945
vn -0.0000 0.9961 -0.0888
vn -0.0000 0.4518 -0.8921
vn -0.0000 -0.4072 -0.9133
vn -0.0000 -0.6771 -0.7359
vn -0.0000 -0.5637 -0.8260
vn -0.0000 -0.2724 -0.9622
vn -0.0000 0.6983 0.7158
vn -0.0000 0.1523 0.9883
vn -0.0000 -0.5899 0.8075
vn -0.0000 -0.9880 -0.1547
vn -0.0000 0.0006 -1.0000
vn -0.0000 0.5055 0.8629
vn -0.0000 0.1785 0.9839
vn -0.0000 0.4172 0.9088
vn -0.8244 -0.5660 -0.0000
vn 0.8979 0.4402 -0.0000
vn 0.4884 -0.8726 -0.0000
vn -0.7771 0.6294 -0.0000
vn -0.8681 -0.4963 -0.0000
vn -0.9210 -0.3896 -0.0000
vn -0.0057 -1.0000 -0.0000
vn 0.4296 0.9030 -0.0000
vn -0.9991 0.0415 -0.0000
vn 0.9869 0.1614 -0.0000
vn 0.2863 0.9581 -0.0000
vn 0.9878 -0.1560 -0.0000
vn -0.7774 0.6290 -0.0000
vn -0.8188 0.5741 -0.0000
vn -0.7257 -0.6880 -0.0000
vn -0.9932 -0.1168 -0.0000
vn -0.0603 0.9982 -0.0000
vn -0.8247 -0.5656 -0.0000
vn 0.7864 0.6177 -0.0000
vn -0.9499 -0.3125 -0.0000
vn 0.2902 0.9570 -0.0000
vn 0.8699 0.4932 -0.0000
vn 0.9857 -0.1688 -0.0000
vn -0.9442 -0.3294 -0.0000
vn 0.9184 0.3957 -0.0000
vn -1.0000 -0.0096 -0.0000
vn -0.9242 0.3820 -0.0000
vn -0.6700 0.7423 -0.0000
vn -0.7257 0.6880 -0.0000
vn 1.0000 0.0032 -0.0000
vn 0.5948 0.8039 -0.0000
vn 0.9842 0.1768 -0.0000
vn 0.9024 -0.4309 -0.0000
vn -0.6646 0.7472 -0.0000
vn -0.9789 0.2044 -0.0000
vn -1.0000 0.0015 -0.0000
vn 0.9913 -0.1317 -0.0000
vn -0.9025 -0.4306 -0.0000
vn 0.2920 0.9564 -0.0000
vn 0.8316 0.5554 -0.0000
vn -0.9992 0.0399 -0.0000
vn 0.7105 0.7037 -0.0000
vn -0.7789 -0.6271 -0.0000
vn -0.7796 -0.6263 -0.0000
vn -0.7774 -0.6290 -0.0000
vn 0.5464 0.8375 -0.0000
vn -0.2775 -0.9607 -0.0000
vn -0.9306 -0.3661 -0.0000
vn 0.9703 0.2418 -0.0000
vn 0.7497 0.6617 -0.0000
vn -0.6328 -0.7743 -0.0000
vn 0.1624 -0.9867 -0.0000
vn -0.6062 0.7953 -0.0000
vn -0.4781 -0.8783 -0.0000
vn -0.9240 -0.3825 -0.0000
vn -0.5929 0.8053 -0.0000
vn -0.9023 -0.4311 -0.0000
vn 0.8982 0.4396 -0.0000
vn 0.9039 0.4278 -0.0000
vn -0.3975 -0.9176 -0.0000
vn 0.5410 -0.8410 -0.0000
vn -0.9794 0.2018 -0.0000
vn 0.9990 -0.0444 -0.0000
vn 0.0011 1.0000 -0.0000
vn 0.9549 -0.2969 -0.0000
vn -0.9801 -0.1987 -0.0000
vn -0.0578 0.9983 -0.0000
vn -0.9336 0.3583 -0.0000
vn -0.9075 -0.4202 -0.0000
vn -0.9972 -0.0745 -0.0000
vn 0.2995 0.9541 -0.0000
vn 0.9825 0.1862 -0.0000
vn 0.6467 0.7628 -0.0000
vn -0.3253 0.9456 -0.0000
vn -0.9331 0.3596 -0.0000
vn -0.7265 0.6872 -0.0000
vn -0.9335 -0.3585 -0.0000
vn 0.0684 -0.9977 -0.0000
vn 0.1079 0.9942 -0.0000
vn 1.0000 0.0007 -0.0000
vn 0.8935 -0.4490 -0.0000
vn -0.6332 -0.7740 -0.0000
vn -0.9233 -0.3840 -0.0000
vn -0.9215 -0.3885 -0.0000
vn -0.0925 0.9957 -0.0000
vn -0.9592 -0.2829 -0.0000
vn 0.9530 0.3029 -0.0000
vn 0.9911 0.1333 -0.0000
vn 0.9931 0.1171 -0.0000
vn -0.9008 -0.4342 -0.0000
vn -0.4263 -0.9046 -0.0000
vn -1.0000 0.0019 -0.0000
vn -0.9927 0.1204 -0.0000
vn 0.3162 0.9487 -0.0000
vn -0.9991 -0.0415 -0.0000
vn -0.8502 -0.5265 -0.0000
vn 1.0000 0.0037 -0.0000
vn 0.0127 -0.9999 -0.0000
vn 0.9825 -0.1862 -0.0000
vn -0.7481 -0.6636 -0.0000
vn -0.9467 0.3221 -0.0000
vn -0.0020 1.0000 -0.0000
vn -0.9999 -0.0142 -0.0000
vn 0.7595 0.6506 -0.0000
vn -0.8716 -0.4902 -0.0000
vn -0.1298 0.9915 -0.0000
vn -0.3996 0.9167 -0.0000
vn 0.4218 -0.9067 -0.0000
vn -0.9862 -0.1656 -0.0000
vn 0.5736 0.8191 -0.0000
vn 0.0352 -0.9994 -0.0000
vn -0.6087 -0.7934 -0.0000
vn -0.8621 0.5068 -0.0000
vn -0.5944 -0.8042 -0.0000
vn 0.6685 0.7437 -0.0000
vn -0.9595 0.2817 -0.0000
vn 0.8980 0.4401 -0.0000
vn 0.8626 0.5060 -0.0000
vn -0.6028 0.7979 -0.0000
vn 1.0000 0.0006 -0.0000
vn 0.8948 -0.4465 -0.0000
vn -0.9312 -0.3645 -0.0000
vn -1.0000 0.0006 -0.0000
vn 1.0000 0.0002 -0.0000
vn -0.1548 -0.9880 -0.0000
vn -0.9923 -0.1235 -0.0000
vn -0.8239 0.5668 -0.0000
vn -0.7875 -0.6164 -0.0000
vn 0.0152 0.9999 -0.0000
vn -0.6697 -0.7426 -0.0000
vn 0.9999 -0.0106 -0.0000
vn -0.0387 0.9993 -0.0000
vn 0.8075 -0.5899 -0.0000
vn -0.9789 0.2045 -0.0000
vn -0.9993 0.0362 -0.0000
vn -0.0027 1.0000 -0.0000
vn 0.5556 0.8315 -0.0000
vn -0.3229 -0.9464 -0.0000
vn 0.7160 0.6981 -0.0000
vn -0.9111 -0.4123 -0.0000
vn -0.9623 -0.2720 -0.0000
vn -0.2385 0.9711 -0.0000
vn -0.7708 -0.6371 -0.0000
vn 0.9575 0.2886 -0.0000
vn -0.9134 -0.4071 -0.0000
vn 0.7681 0.6403 -0.0000
vn 1.0000 0.0033 -0.0000
vn -0.1828 -0.9832 -0.0000
vn -0.9148 -0.4039 -0.0000
vn -0.6416 -0.7671 -0.0000
vn -0.9956 -0.0936 -0.0000
vn -0.8920 0.4521 -0.0000
vn -0.9732 -0.2302 -0.0000
vn -0.7396 -0.6731 -0.0000
vn 0.6495 0.7603 -0.0000
vn 0.2857 -0.9583 -0.0000
vn 0.8717 0.4900 -0.0000
vn -0.2945 -0.9557 -0.0000
vn 0.8831 0.4691 -0.0000
vn -0.4617 0.8870 -0.0000
vn -0.9296 -0.3686 -0.0000
vn -0.8817 -0.4719 -0.0000
vn -0.6087 0.7934 -0.0000
vn -0.1379 -0.9904 -0.0000
vn 0.9012 0.4333 -0.0000
vn -0.5547 -0.8321 -0.0000
vn 0.9216 0.3881 -0.0000
vn -0.4919 0.8706 -0.0000
vn 0.9942 0.1079 -0.0000
vn -0.9235 -0.3835 -0.0000
vn -1.0000 0.0020 -0.0000
vn -0.8958 -0.4444 -0.0000
vn -0.0018 -1.0000 -0.0000
vn -0.9247 -0.3808 -0.0000
vn -0.4086 -0.9127 -0.0000
vn -0.7169 -0.6971 -0.0000
vn 1.0000 -0.0064 -0.0000
vn -0.7399 -0.6727 -0.0000
vn 0.7193 0.6947 -0.0000
vn -0.9961 0.0887 -0.0000
vn 0.9945 0.1044 -0.0000
vn 1.0000 0.0012 -0.0000
vn 0.9424 0.3344 -0.0000
vn -0.9459 -0.3245 -0.0000
vn -0.8656 0.5008 -0.0000
vn -0.9956 -0.0942 -0.0000
vn -0.9203 -0.3911 -0.0000
vn -0.5160 -0.8566 -0.0000
vn -0.5346 -0.8451 -0.0000
vn 0.3263 0.9453 -0.0000
vn 0.9805 0.1963 -0.0000
vn -0.3588 -0.9334 -0.0000
vn 0.8985 0.4391 -0.0000
vn -0.7722 -0.6354 -0.0000
vn -0.0009 1.0000 -0.0000
vn -0.9359 -0.3522 -0.0000
vn -0.9244 -0.3814 -0.0000
vn 0.7698 0.6383 -0.0000
vn -0.2507 0.9681 -0.0000
vn -0.9996 -0.0281 -0.0000
vn 0.0068 1.0000 -0.0000
vn -0.7333 -0.6799 -0.0000
vn -1.0000 -0.0044 -0.0000
vn -0.0270 0.9996 -0.0000
vn 0.5809 0.8140 -0.0000
vn 0.9322 0.3621 -0.0000
vn 0.9757 -0.2191 -0.0000
vn -0.5068 -0.8621 -0.0000
vn -0.3150 0.9491 -0.0000
vn -0.6251 -0.7806 -0.0000
vn -0.3641 -0.9314 -0.0000
vn -0.9990 -0.0443 -0.0000
vn -0.8777 -0.4792 -0.0000
vn -0.4321 -0.9018 -0.0000
vn 0.8597 0.5107 -0.0000
vn -0.1902 -0.9817 -0.0000
vn 0.9942 0.1074 -0.0000
vn 0.9935 0.1136 -0.0000
vn -0.9229 -0.3851 -0.0000
vn 1.0000 -0.0011 -0.0000
vn -0.9223 -0.3865 -0.0000
vn -0.9234 -0.3838 -0.0000
vn 0.9755 0.2200 -0.0000
vn 1.0000 -0.0000 -0.0000
vn 1.0000 0.0009 -0.0000
vn -0.9888 0.1490 -0.0000
vn -0.1731 -0.9849 -0.0000
vn -0.9079 -0.4191 -0.0000
vn 0.9294 0.3691 -0.0000
vn -0.8232 0.5677 -0.0000
vn -0.9168 -0.3993 -0.0000
vn 1.0000 0.0004 -0.0000
vn 0.9592 0.2828 -0.0000
vn -0.9923 0.1235 -0.0000
vn -0.9210 -0.3895 -0.0000
vn -0.9333 -0.3592 -0.0000
vn 0.7646 0.6445 -0.0000
vn -0.8237 0.5671 -0.0000
vn -0.9999 -0.0119 -0.0000
vn -0.7711 0.6367 -0.0000
vn -0.0003 -1.0000 -0.0000
vn -0.7588 -0.6513 -0.0000
vn 0.9958 0.0917 -0.0000
vn -0.2239 -0.9746 -0.0000
vn -0.9774 -0.2114 -0.0000
vn -0.2150 -0.9766 -0.0000
vn 0.9920 0.1265 -0.0000
vn 0.0135 -0.9999 -0.0000
vn 0.8261 0.5636 -0.0000
vn -0.8600 -0.5103 -0.0000
vn 0.9932 0.1167 -0.0000
vn -0.9209 -0.3897 -0.0000
vn 0.9671 0.2544 -0.0000
vn -0.9099 -0.4148 -0.0000
vn 0.6768 0.7362 -0.0000
vn -0.9243 -0.3818 -0.0000
vn -1.0000 0.0022 -0.0000
vn -0.6135 -0.7897 -0.0000
vn -0.8656 -0.5008 -0.0000
vn -0.9789 -0.2045 -0.0000
vn -0.9206 -0.3906 -0.0000
vn 0.9961 -0.0886 -0.0000
vn 0.9868 -0.1619 -0.0000
vn 0.7436 0.6687 -0.0000
vn -0.9998 0.0191 -0.0000
vn -0.7731 -0.6343 -0.0000
vn -0.4645 -0.8856 -0.0000
vn -0.9700 -0.2432 -0.0000
vn 0.9171 0.3987 -0.0000
vn 0.6929 -0.7210 -0.0000
vn -1.0000 -0.0021 -0.0000
vn 0.9896 0.1439 -0.0000
vn -0.6882 -0.7255 -0.0000
vn -0.9218 -0.3876 -0.0000
vn -0.8239 -0.5668 -0.0000
vn 0.8423 0.5390 -0.0000
vn -0.9311 -0.3649 -0.0000
vn -0.3245 -0.9459 -0.0000
vn -1.0000 -0.0006 -0.0000
vn 0.8994 0.4372 -0.0000
vn 0.9917 0.1288 -0.0000
vn 0.9156 -0.4020 -0.0000
vn -0.9280 -0.3727 -0.0000
vn -0.9992 -0.0398 -0.0000
vn 0.9960 -0.0890 -0.0000
vn -1.0000 -0.0022 -0.0000
vn 0.0077 -1.0000 -0.0000
vn 0.9893 0.1460 -0.0000
vn -0.7266 -0.6870 -0.0000
vn -0.9123 -0.4094 -0.0000
vn 0.4353 0.9003 -0.0000
vn 0.9680 0.2509 -0.0000
vn -0.2747 0.9615 -0.0000
vn -0.9339 -0.3574 -0.0000
vn 0.6166 0.7873 -0.0000
vn -0.9927 -0.1204 -0.0000
vn -0.9103 -0.4139 -0.0000
vn -0.8657 -0.5005 -0.0000
vn 0.7720 0.6357 -0.0000
vn 0.9982 -0.0598 -0.0000
vn -0.9592 0.2827 -0.0000
vn -1.0000 -0.0080 -0.0000
vn -0.7544 -0.6564 -0.0000
vn -0.4970 -0.8677 -0.0000
vn 0.9866 0.1633 -0.0000
vn 0.4242 0.9056 -0.0000
vn 0.9979 0.0645 -0.0000
vn -0.7192 -0.6948 -0.0000
vn 0.9941 0.1085 -0.0000
vn -0.8442 -0.5361 -0.0000
vn -0.9250 -0.3800 -0.0000
vn -0.5498 -0.8353 -0.0000
vn -0.9015 -0.4327 -0.0000
vn 0.8134 0.5816 -0.0000
vn -0.9336 -0.3583 -0.0000
vn -0.2675 -0.9636 -0.0000
vn 0.9888 -0.1493 -0.0000
vn 0.9371 0.3490 -0.0000
vn 0.9938 -0.1115 -0.0000
vn -0.9968 -0.0802 -0.0000
vn 1.0000 0.0023 -0.0000
vn -0.6697 0.7426 -0.0000
vn -0.9999 -0.0135 -0.0000
vn -0.9745 0.2242 -0.0000
vn -0.9335 0.3585 -0.0000
vn -0.9579 -0.2872 -0.0000
vn 0.2216 -0.9751 -0.0000
vn 0.9270 0.3750 -0.0000
vn -0.8050 -0.5933 -0.0000
vn 0.9426 -0.3340 -0.0000
vn 0.8010 0.5987 -0.0000
vn -0.9049 -0.4257 -0.0000
vn 0.9451 -0.3268 -0.0000
vn -1.0000 -0.0034 -0.0000
vn -0.9795 -0.2013 -0.0000
vn 0.5066 0.8622 -0.0000
vn 0.2785 0.9604 -0.0000
vn -0.6628 -0.7488 -0.0000
vn -0.8241 0.5665 -0.0000
vn -0.9992 -0.0399 -0.0000
vn 0.5501 0.8351 -0.0000
vn 0.7790 0.6270 -0.0000
vn 0.0011 -1.0000 -0.0000
vn -0.8894 -0.4571 -0.0000
vn 0.9765 -0.2155 -0.0000
vn 0.7981 0.6025 -0.0000
vn -0.6067 -0.7950 -0.0000
vn -0.7807 -0.6249 -0.0000
vn -0.4426 -0.8967 -0.0000
vn 0.9076 0.4198 -0.0000
vn -0.9023 0.4311 -0.0000
vn -0.9227 -0.3856 -0.0000
vn -0.9596 -0.2815 -0.0000
vn -0.7711 0.6368 -0.0000
vn 0.9776 0.2105 -0.0000
vn -0.1768 0.9843 -0.0000
vn -0.4873 -0.8732 -0.0000
vn 0.1104 -0.9939 -0.0000
vn 0.7535 0.6574 -0.0000
vn 0.9090 0.4168 -0.0000
vn 0.9839 0.1786 -0.0000
vn -0.9090 -0.4167 -0.0000
vn 0.9899 0.1418 -0.0000
vn 0.3287 0.9445 -0.0000
vn 0.9884 0.1518 -0.0000
vn -0.8259 -0.5638 -0.0000
vn -0.7363 -0.6767 -0.0000
vn 0.6858 0.7278 -0.0000
vn 0.0231 -0.9997 -0.0000
vn -0.0888 0.9961 -0.0000
vn 0.0036 1.0000 -0.0000
vn -0.9593 -0.2825 -0.0000
vn -0.9596 0.2815 -0.0000
vn 0.6151 0.7885 -0.0000
vn -0.9835 -0.1811 -0.0000
vn -0.9922 -0.1248 -0.0000
vn 0.8538 -0.5206 -0.0000
vn 0.9618 0.2737 -0.0000
vn 0.9835 -0.1806 -0.0000
vn -0.6679 0.7443 -0.0000
vn -0.9755 -0.2199 -0.0000
vn 0.6190 0.7854 -0.0000
vn 0.0353 -0.9994 -0.0000
vn 0.8964 -0.4432 -0.0000
vn -0.9999 0.0120 -0.0000
vn 0.9829 0.1841 -0.0000
vn 0.3542 -0.9352 -0.0000
vn 1.0000 0.0005 -0.0000
vn -0.3407 -0.9402 -0.0000
vn -0.1800 0.9837 -0.0000
vn 0.0006 -1.0000 -0.0000
vn -0.7435 -0.6688 -0.0000
vn -0.4443 0.8959 -0.0000
vn -0.9181 -0.3963 -0.0000
vn -0.9917 -0.1288 -0.0000
vn -0.9006 0.4347 -0.0000
vn -0.9005 -0.4349 -0.0000
vn 0.7527 0.6584 -0.0000
vn -0.0183 -0.9998 -0.0000
vn 0.5481 0.8364 -0.0000
vn -0.5746 -0.8184 -0.0000
vn -0.5339 0.8456 -0.0000
vn -0.3495 -0.9369 -0.0000
vn 0.8476 0.5307 -0.0000
vn -0.9310 -0.3650 -0.0000
vn 0.6622 0.7494 -0.0000
vn -0.0275 0.9996 -0.0000
vn -0.2483 0.9687 -0.0000
vn 0.9028 0.4300 -0.0000
vn -0.9744 -0.2249 -0.0000
vn 0.0202 0.9998 -0.0000
vn -0.9789 -0.2044 -0.0000
vn 0.8863 0.4632 -0.0000
vn -0.9981 0.0614 -0.0000
vn -0.3186 -0.9479 -0.0000
vn 0.7542 -0.6567 -0.0000
vn -0.3359 -0.9419 -0.0000
vn 0.9987 0.0508 -0.0000
vn -0.9484 -0.3170 -0.0000
vn -0.9200 -0.3919 -0.0000
vn -0.8991 -0.4378 -0.0000
vn -0.8614 0.5079 -0.0000
vn -0.9908 -0.1353 -0.0000
vn -0.9331 -0.3596 -0.0000
vn 0.9632 0.2687 -0.0000
vn -0.3880 0.9217 -0.0000
vn -0.9929 -0.1193 -0.0000
vn -0.9982 -0.0601 -0.0000
vn -0.8575 -0.5145 -0.0000
vn 0.6637 0.7480 -0.0000
vn -0.5418 0.8405 -0.0000
vn 0.3032 0.9529 -0.0000
vn 0.7647 0.6443 -0.0000
vn -0.7322 -0.6811 -0.0000
vn 0.8935 0.4490 -0.0000
vn 0.0161 -0.9999 -0.0000
vn -0.9088 -0.4173 -0.0000
vn -0.1483 -0.9889 -0.0000
vn -0.9931 0.1175 -0.0000
vn -0.0040 -1.0000 -0.0000
vn 0.9431 0.3326 -0.0000
vn -0.9242 -0.3819 -0.0000
vn -0.9269 -0.3754 -0.0000
vn 1.0000 -0.0096 -0.0000
vn -0.2589 0.9659 -0.0000
vn 0.9942 0.1072 -0.0000
vn 0.9828 -0.1849 -0.0000
vn 0.8914 0.4532 -0.0000
vn -0.7020 -0.7122 -0.0000
vn 1.0000 0.0003 -0.0000
vn -0.9090 -0.4169 -0.0000
vn -0.5353 -0.8447 -0.0000
vn -0.9589 -0.2837 -0.0000
vn -0.3564 -0.9343 -0.0000
vn 0.0054 -1.0000 -0.0000
vn -0.8117 -0.5840 -0.0000
vn -0.9991 -0.0432 -0.0000
vn 0.7037 0.7105 -0.0000
vn -0.7654 -0.6436 -0.0000
vn 0.0105 0.9999 -0.0000
vn -0.2444 0.9697 -0.0000
vn -0.9910 -0.1339 -0.0000
vn -0.9998 -0.0182 -0.0000
vn -0.6438 -0.7652 -0.0000
vn 0.6231 0.7821 -0.0000
vn 0.9982 -0.0604 -0.0000
vn -0.9997 -0.0245 -0.0000
vn 0.8976 -0.4407 -0.0000
vn -0.3903 -0.9207 -0.0000
vn -0.9207 -0.3902 -0.0000
vn 0.8991 0.4377 -0.0000
vn -0.6185 -0.7858 -0.0000
vn -0.7784 0.6277 -0.0000
vn -0.9828 0.1847 -0.0000
vn 0.9504 0.3109 -0.0000
vn -0.9172 -0.3984 -0.0000
vn 1.0000 -0.0034 -0.0000
vn -0.3912 -0.9203 -0.0000
vn 0.8726 0.4884 -0.0000
vn -0.9175 -0.3978 -0.0000
vn -0.9208 -0.3900 -0.0000
vn -1.0000 0.0094 -0.0000
vn -0.1393 -0.9902 -0.0000
vn 1.0000 0.0001 -0.0000
vn 0.9609 -0.2769 -0.0000
vn 0.5685 0.8227 -0.0000
vn -1.0000 0.0021 -0.0000
vn -1.0000 -0.0069 -0.0000
vn -0.9924 0.1234 -0.0000
vn -0.3396 -0.9406 -0.0000
vn 0.9469 0.3215 -0.0000
vn -0.8188 -0.5741 -0.0000
vn -0.9215 -0.3884 -0.0000
vn -0.7531 -0.6579 -0.0000
vn 0.6225 -0.7826 -0.0000
vn -0.9089 -0.4169 -0.0000
vn 0.9362 0.3515 -0.0000
vn -0.8143 -0.5805 -0.0000
vn 0.9784 0.2066 -0.0000
vn -0.9790 -0.2041 -0.0000
vn 0.9333 0.3590 -0.0000
vn 0.8558 0.5174 -0.0000
vn 0.7328 0.6804 -0.0000
vn 0.9940 0.1096 -0.0000
vn -0.6754 -0.7374 -0.0000
vn 0.8445 0.5356 -0.0000
vn -0.1833 -0.9831 -0.0000
vn -0.6148 -0.7887 -0.0000
vn -0.9302 -0.3671 -0.0000
vn -0.9223 -0.3866 -0.0000
vn 0.9929 0.1191 -0.0000
vn 0.8984 0.4392 -0.0000
vn 0.9230 0.3849 -0.0000
vn 0.3679 0.9299 -0.0000
vn -0.3244 -0.9459 -0.0000
vn -0.2407 -0.9706 -0.0000
vn -0.4601 -0.8879 -0.0000
vn -0.2972 0.9548 -0.0000
vn -0.9247 -0.3806 -0.0000
vn 0.7117 0.7024 -0.0000
vn -0.9610 -0.2765 -0.0000
vn -0.9620 -0.2730 -0.0000
vn 0.9924 0.1231 -0.0000
vn -0.0028 -1.0000 -0.0000
vn 0.9987 0.0515 -0.0000
vn -0.5069 -0.8620 -0.0000
vn -0.8944 -0.4472 -0.0000
vn 0.9722 0.2342 -0.0000
vn -0.9024 0.4309 -0.0000
vn 0.9203 0.3912 -0.0000
vn -0.4801 -0.8772 -0.0000
vn -0.9415 -0.3370 -0.0000
vn 0.9925 0.1220 -0.0000
vn -0.8389 -0.5443 -0.0000
vn -0.6847 -0.7288 -0.0000
vn -0.9999 0.0150 -0.0000
vn -0.5633 -0.8262 -0.0000
vn -0.1341 0.9910 -0.0000
vn 0.7706 0.6374 -0.0000
vn 0.9842 -0.1770 -0.0000
vn 0.5170 0.8560 -0.0000
vn -1.0000 -0.0015 -0.0000
vn -0.9994 -0.0338 -0.0000
vn 0.9908 0.1354 -0.0000
vn 0.9989 -0.0474 -0.0000
vn -0.8863 -0.4632 -0.0000
vn -0.9629 0.2699 -0.0000
vn -0.9250 -0.3799 -0.0000
vn 0.9782 0.2078 -0.0000
vn -1.0000 -0.0002 -0.0000
vn 0.9937 0.1119 -0.0000
vn -0.7961 -0.6052 -0.0000
vn -0.6704 -0.7420 -0.0000
vn -0.7922 -0.6103 -0.0000
vn -1.0000 -0.0010 -0.0000
vn -0.9599 -0.2805 -0.0000
vn -0.9795 0.2016 -0.0000
vn -0.9845 -0.1753 -0.0000
vn 0.9048 -0.4258 -0.0000
vn 0.9875 0.1576 -0.0000
vn 0.7726 0.6349 -0.0000
vn 0.5201 0.8541 -0.0000
vn -0.7188 0.6952 -0.0000
vn -0.6306 -0.7761 -0.0000
vn -0.6519 -0.7583 -0.0000
vn -0.9992 -0.0405 -0.0000
vn -0.8938 -0.4484 -0.0000
vn 0.9901 -0.1400 -0.0000
vn 0.8044 0.5941 -0.0000
vn 0.9991 0.0416 -0.0000
vn -0.9720 -0.2350 -0.0000
vn -0.9024 -0.4309 -0.0000
vn -0.9899 -0.1418 -0.0000
vn -0.4256 -0.9049 -0.0000
vn 0.9998 0.0220 -0.0000
vn 0.6454 0.7638 -0.0000
vn -0.9794 -0.2018 -0.0000
vn 0.9925 -0.1226 -0.0000
vn -0.9231 -0.3846 -0.0000
vn -0.6642 -0.7475 -0.0000
vn -1.0000 -0.0061 -0.0000
vn 0.9121 0.4101 -0.0000
vn 0.3657 0.9307 -0.0000
vn 0.6536 0.7569 -0.0000
vn -0.9592 -0.2827 -0.0000
vn -0.0371 0.9993 -0.0000
vn 0.5928 0.8054 -0.0000
vn 0.9294 -0.3690 -0.0000
vn 0.9273 -0.3743 -0.0000
vn -0.8623 -0.5065 -0.0000
vn 0.8974 0.4413 -0.0000
vn 0.8361 0.5486 -0.0000
vn 0.9832 -0.1823 -0.0000
vn -0.4116 -0.9114 -0.0000
vn -0.8657 0.5005 -0.0000
vn 0.9850 0.1727 -0.0000
vn 0.9347 0.3553 -0.0000
vn 0.5591 0.8291 -0.0000
vn -0.0000 -0.0182 -0.9998
vn -0.6066 -0.7950 -0.0000
vn -0.4427 -0.8967 -0.0000
vn 0.8625 0.5060 -0.0000
vn -0.9591 -0.2829 -0.0000
vn 0.3286 0.9445 -0.0000
vn -0.7364 -0.6766 -0.0000
vn -0.6415 -0.7671 -0.0000
vn 0.9013 0.4333 -0.0000
vn -0.1548 -0.9879 -0.0000
vn 0.3541 -0.9352 -0.0000
vn 0.5482 0.8364 -0.0000
vn -0.4322 -0.9018 -0.0000
vn -0.3565 -0.9343 -0.0000
vn 0.6232 0.7821 -0.0000
vn -0.6186 -0.7857 -0.0000
vn -0.8945 -0.4472 -0.0000
vn -0.2675 -0.9635 -0.0000
vn -0.6697 0.7427 -0.0000
vn -0.7923 -0.6102 -0.0000
vn -0.6305 -0.7762 -0.0000
vn -0.6063 0.7953 -0.0000
vn -0.9927 -0.1203 -0.0000
vn -0.3600 0.9330 -0.0000
vn 0.0685 -0.9977 -0.0000
vn -0.4264 -0.9046 -0.0000
vn 0.7329 0.6804 -0.0000
vn -0.6754 -0.7375 -0.0000
vn 0.6496 0.7603 -0.0000
vn 0.2858 -0.9583 -0.0000
vn -0.4601 -0.8878 -0.0000
vn -0.1380 -0.9904 -0.0000
vn -0.5547 -0.8320 -0.0000
vn -0.7399 -0.6728 -0.0000
vn -0.6250 -0.7806 -0.0000
vn -0.9311 -0.3648 -0.0000
vn -0.7267 -0.6870 -0.0000
vn -0.8440 -0.5363 -0.0000
vn -0.5499 -0.8353 -0.0000
vn 0.2215 -0.9752 -0.0000
vn -0.9008 -0.4341 -0.0000
vn -0.0000 0.0003 -1.0000
vn -0.0000 0.0008 -1.0000
vn -0.0000 -0.0113 -0.9999
vn -0.0000 0.0001 -1.0000
vn -0.0000 0.0011 -1.0000
vn -0.0000 0.0007 -1.0000
vn -0.0000 0.0063 -1.0000
vn -0.0000 -0.0006 -1.0000
vn -0.0000 0.0002 -1.0000
vn -0.0000 -0.0005 -1.0000
vn -0.0000 0.0035 -1.0000
vn -0.0000 0.0004 -1.0000
vn -0.0000 -0.0001 -1.0000
vn -0.0000 -0.0011 -1.0000
vn -0.0000 0.0010 -1.0000
vn -0.0000 0.0017 -1.0000
vn -0.0000 -0.0172 -0.9999
vn -0.0000 -0.0015 -1.0000
vn -0.0000 0.0025 -1.0000
vn -0.0000 -0.0004 -1.0000
vn -0.0000 -0.0010 -1.0000
vn -0.0000 -0.0040 -1.0000
vn -0.0000 0.0009 -1.0000
vn -0.0000 -0.0136 -0.9999
vn -0.0000 -0.0064 -1.0000
vn -0.0000 -0.0020 -1.0000
vn -0.0000 0.0665 -0.9978
vn -0.0000 0.0075 -1.0000
vn -0.0000 -0.0008 -1.0000
vn -0.0000 -0.0022 -1.0000
vn -0.0000 -0.0016 -1.0000
vn -0.0000 0.0033 -1.0000
vn -0.0000 -0.0078 -1.0000
vn -0.0000 0.0031 -1.0000
vn -0.0000 -0.0013 -1.0000
vn -0.0000 0.0014 -1.0000
vn -0.0000 -0.0028 -1.0000
vn -0.0000 -0.0017 -1.0000
vn -0.0000 0.0013 -1.0000
vn -0.0000 0.0016 -1.0000
vn -0.0000 -0.0027 -1.0000
vn -0.0000 0.0018 -1.0000
vn -0.0000 0.0384 -0.9993
vn -0.0000 -0.0050 -1.0000
vn -0.0000 0.0026 -1.0000
vn -0.0000 0.0024 -1.0000
vn -0.0000 0.0034 -1.0000
vn -0.0000 0.0064 -1.0000
vn -0.0000 0.0036 -1.0000
vn -0.0000 -0.0039 -1.0000
vn -0.0000 0.0110 -0.9999
vn -0.0000 0.0012 -1.0000
vn -0.0000 -0.0019 -1.0000
vt 0.359375 0.000000
vt 0.360677 0.000000
vt 0.208333 0.000000
vt 0.225260 0.000000
vt 0.321615 0.000000
vt 0.337240 0.000000
vt 0.824219 0.000000
vt 0.774740 0.000000
vt 0.776042 0.000000
vt 0.287760 0.000000
vt 0.289062 0.000000
vt 0.279948 0.000000
vt 0.292969 0.000000
vt 0.294271 0.000000
vt 0.278646 0.000000
vt 0.088542 0.000000
vt 0.486979 0.000000
vt 0.488281 0.000000
vt 0.282552 0.000000
vt 0.283854 0.000000
vt 0.281250 0.000000
vt 0.618490 0.000000
vt 0.631510 0.000000
vt 0.617188 0.000000
vt 0.285156 0.000000
vt 0.290365 0.000000
vt 0.291667 0.000000
vt 0.295573 0.000000
vt 0.622396 0.000000
vt 0.623698 0.000000
vt 0.628906 0.000000
vt 0.298177 0.000000
vt 0.299479 0.000000
vt 0.296875 0.000000
vt 0.263021 0.000000
vt 0.265625 0.000000
vt 0.261719 0.000000
vt 0.069010 0.000000
vt 0.070312 0.000000
vt 0.052083 0.000000
vt 0.248698 0.000000
vt 0.255208 0.000000
vt 0.256510 0.000000
vt 0.260417 0.000000
vt 0.259115 0.000000
vt 0.257812 0.000000
vt 0.274740 0.000000
vt 0.276042 0.000000
vt 0.300781 0.000000
vt 0.266927 0.000000
vt 0.401042 0.000000
vt 0.186198 0.000000
vt 0.187500 0.000000
vt 0.302083 0.000000
vt 0.253906 0.000000
vt 0.286458 0.000000
vt 0.252604 0.000000
vt 0.250000 0.000000
vt 0.251302 0.000000
vt 0.109375 0.000000
vt 0.105469 0.000000
vt 0.106771 0.000000
vt 0.268229 0.000000
vt 0.247396 0.000000
vt 0.269531 0.000000
vt 0.246094 0.000000
vt 0.990885 0.000000
vt 0.700521 0.000000
vt 0.701823 0.000000
vt 1.000000 0.000000
vt 0.540365 0.000000
vt 0.541667 0.000000
vt 0.244792 0.000000
vt 0.270833 0.000000
vt 0.825521 0.000000
vt 0.630208 0.000000
vt 0.992188 0.000000
vt 0.993490 0.000000
vt 0.583333 0.000000
vt 0.440104 0.000000
vt 0.441406 0.000000
vt 0.454427 0.000000
vt 0.770833 0.000000
vt 0.772135 0.000000
vt 0.759115 0.000000
vt 0.339844 0.000000
vt 0.222656 0.000000
vt 0.223958 0.000000
vt 0.828125 0.000000
vt 0.837240 0.000000
vt 0.838542 0.000000
vt 0.826823 0.000000
vt 0.757812 0.000000
vt 0.272135 0.000000
vt 0.243490 0.000000
vt 0.437500 0.000000
vt 0.438802 0.000000
vt 0.097656 0.000000
vt 0.352865 0.000000
vt 0.221354 0.000000
vt 0.341146 0.000000
vt 0.239583 0.000000
vt 0.240885 0.000000
vt 0.307292 0.000000
vt 0.027344 0.000000
vt 0.007812 0.000000
vt 0.009115 0.000000
vt 0.114583 0.000000
vt 0.432292 0.000000
vt 0.113281 0.000000
vt 0.078125 0.000000
vt 0.507812 0.000000
vt 0.509115 0.000000
vt 0.361979 0.000000
vt 0.205729 0.000000
vt 0.207031 0.000000
vt 0.235677 0.000000
vt 0.236979 0.000000
vt 0.312500 0.000000
vt 0.041667 0.000000
vt 0.042969 0.000000
vt 0.515625 0.000000
vt 0.234375 0.000000
vt 0.313802 0.000000
vt 0.315104 0.000000
vt 0.316406 0.000000
vt 0.233073 0.000000
vt 0.403646 0.000000
vt 0.178385 0.000000
vt 0.179688 0.000000
vt 0.311198 0.000000
vt 0.786458 0.000000
vt 0.803385 0.000000
vt 0.785156 0.000000
vt 0.037760 0.000000
vt 0.527344 0.000000
vt 0.528646 0.000000
vt 0.209635 0.000000
vt 0.210938 0.000000
vt 0.098958 0.000000
vt 0.100260 0.000000
vt 0.110677 0.000000
vt 0.416667 0.000000
vt 0.417969 0.000000
vt 0.427083 0.000000
vt 0.404948 0.000000
vt 0.167969 0.000000
vt 0.169271 0.000000
vt 0.322917 0.000000
vt 0.079427 0.000000
vt 0.324219 0.000000
vt 0.335938 0.000000
vt 0.003906 0.000000
vt 0.005208 0.000000
vt 0.399740 0.000000
vt 0.384115 0.000000
vt 0.385417 0.000000
vt 0.325521 0.000000
vt 0.334635 0.000000
vt 0.326823 0.000000
vt 0.333333 0.000000
vt 0.338542 0.000000
vt 0.436198 0.000000
vt 0.434896 0.000000
vt 0.328125 0.000000
vt 0.332031 0.000000
vt 0.330729 0.000000
vt 0.329427 0.000000
vt 0.356771 0.000000
vt 0.213542 0.000000
vt 0.214844 0.000000
vt 0.787760 0.000000
vt 0.789062 0.000000
vt 0.802083 0.000000
vt 0.635417 0.000000
vt 0.636719 0.000000
vt 0.601562 0.000000
vt 0.028646 0.000000
vt 0.029948 0.000000
vt 0.000000 0.000000
vt 0.085938 0.000000
vt 0.493490 0.000000
vt 0.494792 0.000000
vt 0.695312 0.000000
vt 0.682292 0.000000
vt 0.683594 0.000000
vt 0.954427 0.000000
vt 0.983073 0.000000
vt 0.984375 0.000000
vt 0.651042 0.000000
vt 0.598958 0.000000
vt 0.600260 0.000000
vt 0.346354 0.000000
vt 0.347656 0.000000
vt 0.343750 0.000000
vt 0.746094 0.000000
vt 0.709635 0.000000
vt 0.710938 0.000000
vt 0.591146 0.000000
vt 0.657552 0.000000
vt 0.658854 0.000000
vt 0.611979 0.000000
vt 0.632812 0.000000
vt 0.610677 0.000000
vt 0.238281 0.000000
vt 0.308594 0.000000
vt 0.406250 0.000000
vt 0.161458 0.000000
vt 0.162760 0.000000
vt 0.364583 0.000000
vt 0.196615 0.000000
vt 0.197917 0.000000
vt 0.084635 0.000000
vt 0.496094 0.000000
vt 0.264323 0.000000
vt 0.699219 0.000000
vt 0.994792 0.000000
vt 0.570312 0.000000
vt 0.571615 0.000000
vt 0.613281 0.000000
vt 0.031250 0.000000
vt 0.032552 0.000000
vt 0.363281 0.000000
vt 0.201823 0.000000
vt 0.203125 0.000000
vt 0.348958 0.000000
vt 0.912760 0.000000
vt 0.950521 0.000000
vt 0.985677 0.000000
vt 0.419271 0.000000
vt 0.425781 0.000000
vt 0.024740 0.000000
vt 0.026042 0.000000
vt 0.011719 0.000000
vt 0.986979 0.000000
vt 0.895833 0.000000
vt 0.897135 0.000000
vt 0.397135 0.000000
vt 0.386719 0.000000
vt 0.388021 0.000000
vt 0.593750 0.000000
vt 0.595052 0.000000
vt 0.654948 0.000000
vt 0.157552 0.000000
vt 0.158854 0.000000
vt 0.712240 0.000000
vt 0.727865 0.000000
vt 0.075521 0.000000
vt 0.076823 0.000000
vt 0.045573 0.000000
vt 0.980469 0.000000
vt 0.981771 0.000000
vt 0.955729 0.000000
vt 0.002604 0.000000
vt 0.065104 0.000000
vt 0.058594 0.000000
vt 0.063802 0.000000
vt 0.365885 0.000000
vt 0.190104 0.000000
vt 0.191406 0.000000
vt 0.372396 0.000000
vt 0.373698 0.000000
vt 0.378906 0.000000
vt 0.089844 0.000000
vt 0.156250 0.000000
vt 0.596354 0.000000
vt 0.597656 0.000000
vt 0.652344 0.000000
vt 0.177083 0.000000
vt 0.510417 0.000000
vt 0.945312 0.000000
vt 0.916667 0.000000
vt 0.917969 0.000000
vt 0.040365 0.000000
vt 0.518229 0.000000
vt 0.519531 0.000000
vt 0.367188 0.000000
vt 0.829427 0.000000
vt 0.834635 0.000000
vt 0.188802 0.000000
vt 0.382812 0.000000
vt 0.368490 0.000000
vt 0.407552 0.000000
vt 0.152344 0.000000
vt 0.153646 0.000000
vt 0.381510 0.000000
vt 0.369792 0.000000
vt 0.371094 0.000000
vt 0.154948 0.000000
vt 0.380208 0.000000
vt 0.375000 0.000000
vt 0.377604 0.000000
vt 0.376302 0.000000
vt 0.231771 0.000000
vt 0.398438 0.000000
vt 0.442708 0.000000
vt 0.175781 0.000000
vt 0.165365 0.000000
vt 0.166667 0.000000
vt 0.830729 0.000000
vt 0.832031 0.000000
vt 0.020833 0.000000
vt 0.016927 0.000000
vt 0.018229 0.000000
vt 0.140625 0.000000
vt 0.411458 0.000000
vt 0.139323 0.000000
vt 0.778646 0.000000
vt 0.819010 0.000000
vt 0.820312 0.000000
vt 0.497396 0.000000
vt 0.498698 0.000000
vt 0.194010 0.000000
vt 0.805990 0.000000
vt 0.807292 0.000000
vt 0.782552 0.000000
vt 0.014323 0.000000
vt 0.022135 0.000000
vt 0.023438 0.000000
vt 0.653646 0.000000
vt 0.979167 0.000000
vt 0.729167 0.000000
vt 0.743490 0.000000
vt 0.744792 0.000000
vt 0.036458 0.000000
vt 0.273438 0.000000
vt 0.303385 0.000000
vt 0.395833 0.000000
vt 0.389323 0.000000
vt 0.111979 0.000000
vt 0.044271 0.000000
vt 0.511719 0.000000
vt 0.513021 0.000000
vt 0.634115 0.000000
vt 0.604167 0.000000
vt 0.080729 0.000000
vt 0.502604 0.000000
vt 0.503906 0.000000
vt 0.304688 0.000000
vt 0.242188 0.000000
vt 0.092448 0.000000
vt 0.477865 0.000000
vt 0.479167 0.000000
vt 0.394531 0.000000
vt 0.506510 0.000000
vt 0.390625 0.000000
vt 0.393229 0.000000
vt 0.790365 0.000000
vt 0.791667 0.000000
vt 0.800781 0.000000
vt 0.391927 0.000000
vt 0.666667 0.000000
vt 0.667969 0.000000
vt 0.678385 0.000000
vt 0.471354 0.000000
vt 0.095052 0.000000
vt 0.132812 0.000000
vt 0.122396 0.000000
vt 0.123698 0.000000
vt 0.412760 0.000000
vt 0.048177 0.000000
vt 0.071615 0.000000
vt 0.072917 0.000000
vt 0.505208 0.000000
vt 0.822917 0.000000
vt 0.777344 0.000000
vt 0.087240 0.000000
vt 0.490885 0.000000
vt 0.649740 0.000000
vt 0.160156 0.000000
vt 0.433594 0.000000
vt 0.199219 0.000000
vt 0.066406 0.000000
vt 0.067708 0.000000
vt 0.055990 0.000000
vt 0.229167 0.000000
vt 0.319010 0.000000
vt 0.227865 0.000000
vt 0.148438 0.000000
vt 0.149740 0.000000
vt 0.408854 0.000000
vt 0.147135 0.000000
vt 0.410156 0.000000
vt 0.145833 0.000000
vt 0.049479 0.000000
vt 0.050781 0.000000
vt 0.959635 0.000000
vt 0.960938 0.000000
vt 0.971354 0.000000
vt 0.226562 0.000000
vt 0.015625 0.000000
vt 0.083333 0.000000
vt 0.500000 0.000000
vt 0.200521 0.000000
vt 0.320312 0.000000
vt 0.483073 0.000000
vt 0.484375 0.000000
vt 0.430990 0.000000
vt 0.115885 0.000000
vt 0.195312 0.000000
vt 0.420573 0.000000
vt 0.421875 0.000000
vt 0.423177 0.000000
vt 0.424479 0.000000
vt 0.091146 0.000000
vt 0.358073 0.000000
vt 0.212240 0.000000
vt 0.138021 0.000000
vt 0.428385 0.000000
vt 0.136719 0.000000
vt 0.119792 0.000000
vt 0.958333 0.000000
vt 0.973958 0.000000
vt 0.429688 0.000000
vt 0.415365 0.000000
vt 0.121094 0.000000
vt 0.134115 0.000000
vt 0.135417 0.000000
vt 0.402344 0.000000
vt 0.182292 0.000000
vt 0.183594 0.000000
vt 0.131510 0.000000
vt 0.317708 0.000000
vt 0.230469 0.000000
vt 0.125000 0.000000
vt 0.128906 0.000000
vt 0.130208 0.000000
vt 0.127604 0.000000
vt 0.141927 0.000000
vt 0.989583 0.000000
vt 0.747396 0.000000
vt 0.748698 0.000000
vt 0.463542 0.000000
vt 0.466146 0.000000
vt 0.462240 0.000000
vt 0.006510 0.000000
vt 0.059896 0.000000
vt 0.730469 0.000000
vt 0.118490 0.000000
vt 0.414062 0.000000
vt 0.117188 0.000000
vt 0.794271 0.000000
vt 0.795573 0.000000
vt 0.798177 0.000000
vt 0.489583 0.000000
vt 0.101562 0.000000
vt 0.082031 0.000000
vt 0.962240 0.000000
vt 0.963542 0.000000
vt 0.970052 0.000000
vt 0.102865 0.000000
vt 0.792969 0.000000
vt 0.799479 0.000000
vt 0.842448 0.000000
vt 0.843750 0.000000
vt 0.755208 0.000000
vt 0.305990 0.000000
vt 0.108073 0.000000
vt 0.204427 0.000000
vt 0.915365 0.000000
vt 0.946615 0.000000
vt 0.173177 0.000000
vt 0.174479 0.000000
vt 0.039062 0.000000
vt 0.524740 0.000000
vt 0.453125 0.000000
vt 0.451823 0.000000
vt 0.035156 0.000000
vt 0.938802 0.000000
vt 0.940104 0.000000
vt 0.923177 0.000000
vt 0.446615 0.000000
vt 0.447917 0.000000
vt 0.444010 0.000000
vt 0.010417 0.000000
vt 0.096354 0.000000
vt 0.455729 0.000000
vt 0.470052 0.000000
vt 0.457031 0.000000
vt 0.458333 0.000000
vt 0.459635 0.000000
vt 0.460938 0.000000
vt 0.468750 0.000000
vt 0.467448 0.000000
vt 0.164062 0.000000
vt 0.184896 0.000000
vt 0.523438 0.000000
vt 0.472656 0.000000
vt 0.093750 0.000000
vt 0.473958 0.000000
vt 0.475260 0.000000
vt 0.476562 0.000000
vt 0.309896 0.000000
vt 0.514323 0.000000
vt 0.821615 0.000000
vt 0.355469 0.000000
vt 0.351562 0.000000
vt 0.692708 0.000000
vt 0.684896 0.000000
vt 0.686198 0.000000
vt 0.647135 0.000000
vt 0.648438 0.000000
vt 0.638021 0.000000
vt 0.781250 0.000000
vt 0.812500 0.000000
vt 0.813802 0.000000
vt 0.501302 0.000000
vt 0.445312 0.000000
vt 0.976562 0.000000
vt 0.975260 0.000000
vt 0.218750 0.000000
vt 0.220052 0.000000
vt 0.354167 0.000000
vt 0.516927 0.000000
vt 0.927083 0.000000
vt 0.928385 0.000000
vt 0.151042 0.000000
vt 0.342448 0.000000
vt 0.716146 0.000000
vt 0.717448 0.000000
vt 0.722656 0.000000
vt 0.062500 0.000000
vt 0.061198 0.000000
vt 0.756510 0.000000
vt 0.839844 0.000000
vt 0.057292 0.000000
vt 0.170573 0.000000
vt 0.171875 0.000000
vt 0.217448 0.000000
vt 0.464844 0.000000
vt 0.074219 0.000000
vt 0.910156 0.000000
vt 0.911458 0.000000
vt 0.752604 0.000000
vt 0.850260 0.000000
vt 0.851562 0.000000
vt 0.449219 0.000000
vt 0.450521 0.000000
vt 0.143229 0.000000
vt 0.951823 0.000000
vt 0.953125 0.000000
vt 0.144531 0.000000
vt 0.696615 0.000000
vt 0.680990 0.000000
vt 0.739583 0.000000
vt 0.731771 0.000000
vt 0.733073 0.000000
vt 0.345052 0.000000
vt 0.350260 0.000000
vt 0.277344 0.000000
vt 0.608073 0.000000
vt 0.053385 0.000000
vt 0.013021 0.000000
vt 0.526042 0.000000
vt 0.520833 0.000000
vt 0.645833 0.000000
vt 0.639323 0.000000
vt 0.932292 0.000000
vt 0.933594 0.000000
vt 0.936198 0.000000
vt 0.126302 0.000000
vt 0.811198 0.000000
vt 0.046875 0.000000
vt 0.779948 0.000000
vt 0.817708 0.000000
vt 0.703125 0.000000
vt 0.481771 0.000000
vt 0.539062 0.000000
vt 0.522135 0.000000
vt 0.998698 0.000000
vt 0.554688 0.000000
vt 0.555990 0.000000
vt 0.054688 0.000000
vt 0.643229 0.000000
vt 0.644531 0.000000
vt 0.736979 0.000000
vt 0.738281 0.000000
vt 0.723958 0.000000
vt 0.725260 0.000000
vt 0.714844 0.000000
vt 0.545573 0.000000
vt 0.546875 0.000000
vt 0.566406 0.000000
vt 0.567708 0.000000
vt 0.533854 0.000000
vt 0.535156 0.000000
vt 0.536458 0.000000
vt 0.537760 0.000000
vt 0.662760 0.000000
vt 0.769531 0.000000
vt 0.763021 0.000000
vt 0.768229 0.000000
vt 0.548177 0.000000
vt 0.549479 0.000000
vt 0.550781 0.000000
vt 0.552083 0.000000
vt 0.553385 0.000000
vt 0.216146 0.000000
vt 0.997396 0.000000
vt 0.557292 0.000000
vt 0.558594 0.000000
vt 0.559896 0.000000
vt 0.561198 0.000000
vt 0.996094 0.000000
vt 0.562500 0.000000
vt 0.563802 0.000000
vt 0.565104 0.000000
vt 0.531250 0.000000
vt 0.532552 0.000000
vt 0.614583 0.000000
vt 0.947917 0.000000
vt 0.740885 0.000000
vt 0.572917 0.000000
vt 0.574219 0.000000
vt 0.575521 0.000000
vt 0.576823 0.000000
vt 0.578125 0.000000
vt 0.579427 0.000000
vt 0.580729 0.000000
vt 0.582031 0.000000
vt 0.584635 0.000000
vt 0.585938 0.000000
vt 0.587240 0.000000
vt 0.588542 0.000000
vt 0.589844 0.000000
vt 0.592448 0.000000
vt 0.656250 0.000000
vt 0.529948 0.000000
vt 0.773438 0.000000
vt 0.104167 0.000000
vt 0.602865 0.000000
vt 0.605469 0.000000
vt 0.606771 0.000000
vt 0.609375 0.000000
vt 0.808594 0.000000
vt 0.809896 0.000000
vt 0.697917 0.000000
vt 0.894531 0.000000
vt 0.180990 0.000000
vt 0.019531 0.000000
vt 0.893229 0.000000
vt 0.621094 0.000000
vt 0.625000 0.000000
vt 0.626302 0.000000
vt 0.627604 0.000000
vt 0.542969 0.000000
vt 0.544271 0.000000
vt 0.891927 0.000000
vt 0.569010 0.000000
vt 0.937500 0.000000
vt 0.930990 0.000000
vt 0.640625 0.000000
vt 0.641927 0.000000
vt 0.001302 0.000000
vt 0.615885 0.000000
vt 0.033854 0.000000
vt 0.619792 0.000000
vt 0.660156 0.000000
vt 0.661458 0.000000
vt 0.664062 0.000000
vt 0.665365 0.000000
vt 0.679688 0.000000
vt 0.671875 0.000000
vt 0.675781 0.000000
vt 0.670573 0.000000
vt 0.673177 0.000000
vt 0.674479 0.000000
vt 0.677083 0.000000
vt 0.669271 0.000000
vt 0.845052 0.000000
vt 0.694010 0.000000
vt 0.691406 0.000000
vt 0.687500 0.000000
vt 0.690104 0.000000
vt 0.688802 0.000000
vt 0.816406 0.000000
vt 0.704427 0.000000
vt 0.705729 0.000000
vt 0.707031 0.000000
vt 0.708333 0.000000
vt 0.713542 0.000000
vt 0.726562 0.000000
vt 0.718750 0.000000
vt 0.720052 0.000000
vt 0.721354 0.000000
vt 0.742188 0.000000
vt 0.734375 0.000000
vt 0.735677 0.000000
vt 0.957031 0.000000
vt 0.988281 0.000000
vt 0.750000 0.000000
vt 0.751302 0.000000
vt 0.753906 0.000000
vt 0.848958 0.000000
vt 0.760417 0.000000
vt 0.480469 0.000000
vt 0.765625 0.000000
vt 0.764323 0.000000
vt 0.766927 0.000000
vt 0.868490 0.000000
vt 0.869792 0.000000
vt 0.867188 0.000000
vt 0.485677 0.000000
vt 0.192708 0.000000
vt 0.796875 0.000000
vt 0.492188 0.000000
vt 0.804688 0.000000
vt 0.858073 0.000000
vt 0.859375 0.000000
vt 0.914062 0.000000
vt 0.783854 0.000000
vt 0.860677 0.000000
vt 0.852865 0.000000
vt 0.854167 0.000000
vt 0.846354 0.000000
vt 0.847656 0.000000
vt 0.815104 0.000000
vt 0.855469 0.000000
vt 0.856771 0.000000
vt 0.841146 0.000000
vt 0.865885 0.000000
vt 0.833333 0.000000
vt 0.835938 0.000000
vt 0.861979 0.000000
vt 0.863281 0.000000
vt 0.864583 0.000000
vt 0.761719 0.000000
vt 0.871094 0.000000
vt 0.872396 0.000000
vt 0.873698 0.000000
vt 0.875000 0.000000
vt 0.876302 0.000000
vt 0.877604 0.000000
vt 0.878906 0.000000
vt 0.880208 0.000000
vt 0.881510 0.000000
vt 0.882812 0.000000
vt 0.884115 0.000000
vt 0.885417 0.000000
vt 0.886719 0.000000
vt 0.888021 0.000000
vt 0.889323 0.000000
vt 0.890625 0.000000
vt 0.898438 0.000000
vt 0.899740 0.000000
vt 0.901042 0.000000
vt 0.902344 0.000000
vt 0.903646 0.000000
vt 0.904948 0.000000
vt 0.906250 0.000000
vt 0.907552 0.000000
vt 0.908854 0.000000
vt 0.942708 0.000000
vt 0.944010 0.000000
vt 0.919271 0.000000
vt 0.949219 0.000000
vt 0.977865 0.000000
vt 0.920573 0.000000
vt 0.964844 0.000000
vt 0.966146 0.000000
vt 0.967448 0.000000
vt 0.921875 0.000000
vt 0.941406 0.000000
vt 0.924479 0.000000
vt 0.925781 0.000000
vt 0.929688 0.000000
vt 0.934896 0.000000
vt 0.972656 0.000000
vt 0.968750 0.000000
s 0
g Stella_M_corner_SVGMat
usemtl SVGMat
f 277/1/1 278/2/1 161/3/1
f 174/4/2 248/5/2 260/6/2
f 634/7/3 596/8/3 597/9/3
f 222/10/2 223/11/2 216/12/2
f 226/13/4 227/14/4 215/15/4
f 69/16/2 375/17/2 376/18/2
f 218/19/5 219/20/5 216/12/5
f 217/21/2 218/19/2 216/12/2
f 476/22/2 486/23/2 475/24/2
f 219/20/2 220/25/2 216/12/2
f 224/26/2 225/27/2 216/12/2
f 223/11/6 224/26/6 216/12/6
f 227/14/2 228/28/2 215/15/2
f 479/29/2 480/30/2 484/31/2
f 230/32/2 231/33/2 229/34/2
f 203/35/2 205/36/2 202/37/2
f 54/38/2 55/39/2 41/40/2
f 192/41/3 197/42/3 198/43/3
f 201/44/2 205/36/2 200/45/2
f 228/28/2 229/34/2 215/15/2
f 200/45/2 205/36/2 199/46/2
f 212/47/2 213/48/2 232/49/2
f 206/50/3 192/41/3 199/46/3
f 309/51/3 144/52/3 145/53/3
f 232/49/2 233/54/2 212/47/2
f 225/27/7 226/13/7 216/12/7
f 232/49/2 213/48/2 231/33/2
f 192/41/7 196/55/7 197/42/7
f 221/56/2 222/10/2 216/12/2
f 192/41/8 195/57/8 196/55/8
f 192/41/9 193/58/9 194/59/9
f 192/41/10 194/59/10 195/57/10
f 85/60/11 82/61/11 83/62/11
f 201/44/2 202/37/2 205/36/2
f 207/63/5 191/64/5 206/50/5
f 207/63/2 208/65/2 190/66/2
f 762/67/3 539/68/3 540/69/3
f 769/70/2 416/71/2 417/72/2
f 191/64/3 207/63/3 190/66/3
f 190/66/2 208/65/2 189/73/2
f 208/65/2 209/74/2 189/73/2
f 596/8/5 634/7/5 635/75/5
f 485/76/2 486/23/2 476/22/2
f 763/77/2 764/78/2 449/79/2
f 339/80/2 340/81/2 350/82/2
f 593/83/2 594/84/2 584/85/2
f 262/86/5 172/87/5 173/88/5
f 637/89/12 644/90/12 645/91/12
f 636/92/12 583/93/12 584/85/12
f 209/74/2 210/94/2 188/95/2
f 337/96/2 338/97/2 76/98/2
f 272/99/2 171/100/2 263/101/2
f 185/102/2 186/103/2 237/104/2
f 22/105/3 7/106/3 8/107/3
f 89/108/2 333/109/2 88/110/2
f 61/111/3 391/112/3 392/113/3
f 279/114/2 159/115/2 160/116/2
f 182/117/2 183/118/2 241/119/2
f 33/120/2 34/121/2 397/122/2
f 181/123/2 182/117/2 242/124/2
f 243/125/2 181/123/2 242/124/2
f 244/126/2 180/127/2 243/125/2
f 311/128/2 138/129/2 139/130/2
f 183/118/2 240/131/2 241/119/2
f 605/132/13 618/133/13 604/134/13
f 30/135/5 406/136/5 407/137/5
f 277/1/2 162/138/2 163/139/2
f 77/140/2 78/141/2 86/142/2
f 321/143/2 322/144/2 329/145/2
f 312/146/2 130/147/2 131/148/2
f 248/5/2 249/149/2 260/6/2
f 391/112/1 61/111/1 62/150/1
f 249/149/2 250/151/2 259/152/2
f 22/105/2 4/153/2 5/154/2
f 308/155/5 296/156/5 297/157/5
f 250/151/2 251/158/2 258/159/2
f 251/158/14 252/160/14 257/161/14
f 173/88/2 174/4/2 261/162/2
f 336/163/2 86/142/2 335/164/2
f 252/160/2 253/165/2 256/166/2
f 253/165/15 255/167/15 256/166/15
f 253/165/16 254/168/16 255/167/16
f 257/161/2 252/160/2 256/166/2
f 258/159/10 251/158/10 257/161/10
f 259/152/2 250/151/2 258/159/2
f 261/162/2 262/86/2 173/88/2
f 275/169/2 165/170/2 166/171/2
f 606/172/2 607/173/2 617/174/2
f 308/155/2 309/51/2 296/156/2
f 489/175/2 490/176/2 463/177/2
f 23/178/2 24/179/2 1/180/2
f 67/181/2 380/182/2 381/183/2
f 535/184/2 525/185/2 526/186/2
f 734/187/3 756/188/3 757/189/3
f 501/190/1 461/191/1 462/192/1
f 267/193/2 268/194/2 265/195/2
f 574/196/15 546/197/15 547/198/15
f 455/199/1 506/200/1 507/201/1
f 471/202/2 487/203/2 470/204/2
f 184/205/2 185/102/2 238/206/2
f 313/207/2 125/208/2 126/209/2
f 281/210/2 152/211/2 153/212/2
f 762/67/2 763/77/2 455/199/2
f 66/213/2 67/181/2 382/214/2
f 203/35/11 204/215/11 205/36/11
f 762/67/5 538/216/5 539/68/5
f 765/217/2 439/218/2 440/219/2
f 472/220/2 487/203/2 471/202/2
f 25/221/2 26/222/2 1/180/2
f 280/223/2 156/224/2 157/225/2
f 268/194/11 269/226/11 265/195/11
f 702/227/2 731/228/2 758/229/2
f 329/145/2 323/230/2 328/231/2
f 20/232/2 21/233/2 10/234/2
f 759/235/2 689/236/2 690/237/2
f 306/238/2 298/239/2 299/240/2
f 336/163/2 77/140/2 86/142/2
f 457/241/2 458/242/2 504/243/2
f 313/207/2 122/244/2 123/245/2
f 547/198/17 548/246/17 560/247/17
f 59/248/2 60/249/2 36/250/2
f 754/251/18 755/252/18 735/253/18
f 23/178/18 3/254/18 4/153/18
f 51/255/19 46/256/19 50/257/19
f 282/258/2 147/259/2 148/260/2
f 287/261/20 288/262/20 292/263/20
f 69/16/2 70/264/2 375/17/2
f 313/207/2 121/265/2 122/244/2
f 459/266/2 460/267/2 502/268/2
f 171/100/2 172/87/2 263/101/2
f 311/128/2 137/269/2 138/129/2
f 61/111/5 392/113/5 393/270/5
f 727/271/2 705/272/2 706/273/2
f 32/274/2 399/275/2 400/276/2
f 282/258/2 283/277/2 147/259/2
f 637/89/2 638/278/2 642/279/2
f 146/280/2 283/277/2 296/156/2
f 295/281/2 296/156/2 284/282/2
f 314/283/2 118/284/2 119/285/2
f 294/286/2 295/281/2 285/287/2
f 286/288/2 294/286/2 285/287/2
f 314/283/2 119/285/2 120/289/2
f 287/261/2 293/290/2 286/288/2
f 293/290/2 294/286/2 286/288/2
f 145/53/2 146/280/2 296/156/2
f 288/262/14 289/291/14 292/263/14
f 289/291/2 291/292/2 292/263/2
f 289/291/6 290/293/6 291/292/6
f 293/290/2 287/261/2 292/263/2
f 179/294/2 180/127/2 244/126/2
f 307/295/2 308/155/2 297/157/2
f 340/81/2 341/296/2 350/82/2
f 311/128/5 312/146/5 136/297/5
f 312/146/2 128/298/2 129/299/2
f 638/278/2 639/300/2 640/301/2
f 17/302/2 14/303/2 15/304/2
f 109/305/2 317/306/2 108/307/2
f 599/308/1 630/309/1 631/310/1
f 309/51/2 145/53/2 296/156/2
f 66/213/2 383/311/2 384/312/2
f 281/210/2 282/258/2 150/313/2
f 620/314/2 621/315/2 602/316/2
f 12/317/21 18/318/21 19/319/21
f 458/242/2 459/266/2 503/320/2
f 753/321/2 754/251/2 735/253/2
f 561/322/22 572/323/22 573/324/22
f 29/325/2 30/135/2 1/180/2
f 211/326/3 233/54/3 234/327/3
f 305/328/2 299/240/2 300/329/2
f 86/142/2 87/330/2 335/164/2
f 35/331/2 394/332/2 395/333/2
f 488/334/2 489/175/2 465/335/2
f 63/336/5 387/337/5 388/338/5
f 235/339/2 187/340/2 210/94/2
f 72/341/2 368/342/2 369/343/2
f 304/344/20 305/328/20 300/329/20
f 34/121/2 35/331/2 395/333/2
f 390/345/2 391/112/2 62/150/2
f 300/329/23 301/346/23 303/347/23
f 608/348/2 609/349/2 616/350/2
f 302/351/24 303/347/24 301/346/24
f 513/352/2 514/353/2 522/354/2
f 350/82/2 363/355/2 74/356/2
f 103/357/25 95/358/25 96/359/25
f 317/306/2 318/360/2 108/307/2
f 38/361/2 56/362/2 57/363/2
f 63/336/2 388/338/2 389/364/2
f 633/365/2 597/9/2 598/366/2
f 312/146/2 129/299/2 130/147/2
f 68/367/2 69/16/2 378/368/2
f 500/369/2 462/192/2 490/176/2
f 313/207/2 124/370/2 125/208/2
f 87/330/2 88/110/2 334/371/2
f 22/105/2 23/178/2 4/153/2
f 280/223/2 281/210/2 154/372/2
f 278/2/3 160/116/3 161/3/3
f 52/373/13 53/374/13 44/375/13
f 177/376/2 246/377/2 176/378/2
f 115/379/2 116/380/2 315/381/2
f 315/381/2 114/382/2 115/379/2
f 316/383/2 114/382/2 315/381/2
f 316/383/2 113/384/2 114/382/2
f 56/362/2 39/385/2 40/386/2
f 738/387/2 739/388/2 747/389/2
f 175/390/2 248/5/2 174/4/2
f 12/317/2 13/391/2 14/303/2
f 65/392/2 384/312/2 385/393/2
f 280/223/2 154/372/2 155/394/2
f 176/378/2 247/395/2 175/390/2
f 70/264/2 372/396/2 373/397/2
f 213/48/2 229/34/2 231/33/2
f 332/398/2 333/109/2 90/399/2
f 281/210/2 151/400/2 152/211/2
f 233/54/2 211/326/2 212/47/2
f 324/401/2 325/402/2 328/231/2
f 326/403/25 327/404/25 325/402/25
f 325/402/2 327/404/2 328/231/2
f 71/405/2 72/341/2 369/343/2
f 276/406/2 164/407/2 165/170/2
f 108/307/2 318/360/2 107/408/2
f 330/409/15 321/143/15 329/145/15
f 107/408/2 318/360/2 106/410/2
f 106/410/2 318/360/2 93/411/2
f 737/412/2 738/387/2 749/413/2
f 331/414/2 320/415/2 330/409/2
f 280/223/2 155/394/2 156/224/2
f 93/411/26 94/416/26 106/410/26
f 104/417/2 105/418/2 95/358/2
f 310/419/3 141/420/3 142/421/3
f 102/422/27 103/357/27 96/359/27
f 244/126/2 245/423/2 178/424/2
f 97/425/2 100/426/2 101/427/2
f 97/425/28 99/428/28 100/426/28
f 101/427/2 102/422/2 96/359/2
f 96/359/2 97/425/2 101/427/2
f 110/429/2 317/306/2 109/305/2
f 761/430/3 575/431/3 576/432/3
f 357/433/29 359/434/29 356/435/29
f 22/105/30 5/154/30 6/436/30
f 46/256/2 47/437/2 50/257/2
f 572/323/1 561/322/1 562/438/1
f 92/439/2 319/440/2 91/441/2
f 734/187/2 757/189/2 758/229/2
f 313/207/2 120/289/2 121/265/2
f 90/399/2 333/109/2 89/108/2
f 611/442/2 612/443/2 614/444/2
f 277/1/2 161/3/2 162/138/2
f 69/16/2 377/445/2 378/368/2
f 22/105/5 6/436/5 7/106/5
f 337/96/2 76/98/2 336/163/2
f 461/191/30 501/190/30 502/268/30
f 78/141/2 79/446/2 86/142/2
f 64/447/5 65/392/5 385/393/5
f 740/448/4 741/449/4 746/450/4
f 80/451/30 85/60/30 86/142/30
f 185/102/2 237/104/2 238/206/2
f 333/109/2 334/371/2 88/110/2
f 609/349/2 610/452/2 615/453/2
f 648/454/9 649/455/9 581/456/9
f 186/103/2 235/339/2 236/457/2
f 84/458/2 85/60/2 83/62/2
f 279/114/2 158/459/2 159/115/2
f 704/460/2 705/272/2 728/461/2
f 281/210/2 150/313/2 151/400/2
f 312/146/2 134/462/2 135/463/2
f 30/135/2 31/464/2 404/465/2
f 349/466/31 350/82/31 348/467/31
f 309/51/2 310/419/2 144/52/2
f 28/468/2 29/325/2 1/180/2
f 722/469/2 723/470/2 710/471/2
f 350/82/32 344/472/32 345/473/32
f 341/296/2 342/474/2 350/82/2
f 21/233/5 9/475/5 10/234/5
f 76/98/2 338/97/2 75/476/2
f 351/477/2 362/478/2 350/82/2
f 352/479/2 362/478/2 351/477/2
f 353/480/2 362/478/2 352/479/2
f 354/481/2 362/478/2 353/480/2
f 355/482/2 361/483/2 354/481/2
f 356/435/2 360/484/2 355/482/2
f 313/207/2 126/209/2 127/485/2
f 76/98/3 77/140/3 336/163/3
f 296/156/33 283/277/33 284/282/33
f 359/434/2 360/484/2 356/435/2
f 310/419/2 143/486/2 144/52/2
f 350/82/34 362/478/34 363/355/34
f 31/464/2 403/487/2 404/465/2
f 75/476/2 350/82/2 74/356/2
f 364/488/2 73/489/2 363/355/2
f 311/128/2 136/297/2 137/269/2
f 365/490/2 73/489/2 364/488/2
f 365/490/2 366/491/2 73/489/2
f 67/181/2 381/183/2 382/214/2
f 366/491/2 367/492/2 72/341/2
f 184/205/2 238/206/2 239/493/2
f 322/144/2 323/230/2 329/145/2
f 278/2/2 279/114/2 160/116/2
f 34/121/2 396/494/2 397/122/2
f 393/270/2 36/250/2 60/249/2
f 599/308/1 631/310/1 632/495/1
f 79/446/2 80/451/2 86/142/2
f 274/496/2 275/169/2 166/171/2
f 632/495/2 633/365/2 598/366/2
f 179/294/2 244/126/2 178/424/2
f 186/103/2 187/340/2 235/339/2
f 271/497/2 272/99/2 263/101/2
f 319/440/2 320/415/2 331/414/2
f 533/498/2 527/499/2 528/500/2
f 91/441/2 332/398/2 90/399/2
f 498/501/2 499/502/2 491/503/2
f 601/504/9 625/505/9 626/506/9
f 64/447/2 385/393/2 386/507/2
f 32/274/2 33/120/2 399/275/2
f 350/82/30 343/508/30 344/472/30
f 751/509/2 737/412/2 750/510/2
f 72/341/2 367/492/2 368/342/2
f 182/117/2 241/119/2 242/124/2
f 169/511/1 170/512/1 273/513/1
f 183/118/2 239/493/2 240/131/2
f 33/120/3 398/514/3 399/275/3
f 722/469/32 713/515/32 714/516/32
f 186/103/2 236/457/2 237/104/2
f 314/283/2 117/517/2 118/284/2
f 93/411/2 318/360/2 92/439/2
f 56/362/21 38/361/21 39/385/21
f 271/497/5 263/101/5 264/518/5
f 551/519/20 552/520/20 556/521/20
f 49/522/2 50/257/2 48/523/2
f 48/523/2 50/257/2 47/437/2
f 582/524/2 583/93/2 646/525/2
f 499/502/2 500/369/2 490/176/2
f 46/256/2 51/255/2 45/526/2
f 51/255/2 52/373/2 45/526/2
f 312/146/3 132/527/3 133/528/3
f 226/13/3 215/15/3 216/12/3
f 174/4/2 260/6/2 261/162/2
f 272/99/3 170/512/3 171/100/3
f 192/41/18 198/43/18 199/46/18
f 332/398/23 319/440/23 331/414/23
f 273/513/3 168/529/3 169/511/3
f 755/252/3 734/187/3 735/253/3
f 357/433/2 358/530/2 359/434/2
f 55/39/26 40/386/26 41/40/26
f 58/531/2 59/248/2 36/250/2
f 700/532/2 701/533/2 758/229/2
f 52/373/14 44/375/14 45/526/14
f 62/150/2 63/336/2 389/364/2
f 307/295/35 297/157/35 298/239/35
f 579/534/18 654/535/18 655/536/18
f 350/82/12 346/537/12 347/538/12
f 205/36/2 206/50/2 199/46/2
f 111/539/2 317/306/2 110/429/2
f 732/540/2 733/541/2 758/229/2
f 112/542/2 113/384/2 316/383/2
f 536/543/5 524/544/5 525/185/5
f 342/474/2 343/508/2 350/82/2
f 306/238/2 307/295/2 298/239/2
f 313/207/2 314/283/2 120/289/2
f 569/545/2 563/546/2 564/547/2
f 266/548/2 267/193/2 265/195/2
f 360/484/2 361/483/2 355/482/2
f 270/549/1 264/518/1 265/195/1
f 247/395/2 248/5/2 175/390/2
f 70/264/2 71/405/2 372/396/2
f 229/34/2 214/550/2 215/15/2
f 245/423/2 246/377/2 177/376/2
f 487/203/5 488/334/5 468/551/5
f 54/38/3 41/40/3 42/552/3
f 11/553/2 12/317/2 19/319/2
f 30/135/2 404/465/2 405/554/2
f 55/39/36 56/362/36 40/386/36
f 361/483/37 362/478/37 354/481/37
f 91/441/2 319/440/2 332/398/2
f 281/210/2 153/212/2 154/372/2
f 32/274/2 400/276/2 401/555/2
f 12/317/9 14/303/9 18/318/9
f 34/121/2 395/333/2 396/494/2
f 734/187/2 755/252/2 756/188/2
f 350/82/30 345/473/30 346/537/30
f 497/556/1 491/503/1 492/557/1
f 717/558/2 718/559/2 720/560/2
f 19/319/2 20/232/2 11/553/2
f 97/425/2 98/561/2 99/428/2
f 601/504/30 624/562/30 625/505/30
f 283/277/2 146/280/2 147/259/2
f 36/250/2 37/563/2 58/531/2
f 35/331/30 36/250/30 394/332/30
f 600/564/1 629/565/1 630/309/1
f 486/23/2 487/203/2 472/220/2
f 645/91/2 646/525/2 583/93/2
f 762/67/2 540/69/2 541/566/2
f 33/120/2 397/122/2 398/514/2
f 71/405/2 371/567/2 372/396/2
f 769/70/2 415/568/2 416/71/2
f 31/464/2 32/274/2 402/569/2
f 191/64/2 192/41/2 206/50/2
f 275/169/2 276/406/2 165/170/2
f 768/570/2 427/571/2 428/572/2
f 53/374/38 54/38/38 43/573/38
f 37/563/8 57/363/8 58/531/8
f 492/557/2 495/574/2 496/575/2
f 564/547/2 567/576/2 568/577/2
f 557/578/2 558/579/2 550/580/2
f 246/377/2 247/395/2 176/378/2
f 229/34/2 213/48/2 214/550/2
f 304/344/2 300/329/2 303/347/2
f 769/70/2 420/581/2 421/582/2
f 765/217/2 436/583/2 437/584/2
f 260/6/2 249/149/2 259/152/2
f 769/70/2 1/180/2 411/585/2
f 412/586/2 769/70/2 411/585/2
f 413/587/2 769/70/2 412/586/2
f 413/587/2 414/588/2 769/70/2
f 769/70/2 414/588/2 415/568/2
f 762/67/2 510/589/2 538/216/2
f 592/590/2 587/591/2 591/592/2
f 234/327/2 235/339/2 211/326/2
f 316/383/2 317/306/2 111/539/2
f 504/243/2 458/242/2 503/320/2
f 616/350/2 609/349/2 615/453/2
f 768/570/2 769/70/2 421/582/2
f 422/593/2 768/570/2 421/582/2
f 423/594/2 768/570/2 422/593/2
f 424/595/2 768/570/2 423/594/2
f 425/596/2 768/570/2 424/595/2
f 426/597/2 768/570/2 425/596/2
f 426/597/2 427/571/2 768/570/2
f 274/496/2 166/171/2 167/598/2
f 767/599/2 768/570/2 428/572/2
f 429/600/2 767/599/2 428/572/2
f 430/601/2 767/599/2 429/600/2
f 430/601/2 431/602/2 767/599/2
f 31/464/2 402/569/2 403/487/2
f 432/603/2 766/604/2 431/602/2
f 433/605/2 766/604/2 432/603/2
f 433/605/2 765/217/2 766/604/2
f 434/606/2 765/217/2 433/605/2
f 434/606/2 435/607/2 765/217/2
f 1/180/2 409/608/2 410/609/2
f 473/610/2 486/23/2 472/220/2
f 729/611/2 704/460/2 728/461/2
f 570/612/21 562/438/21 563/546/21
f 764/78/2 765/217/2 440/219/2
f 441/613/2 764/78/2 440/219/2
f 442/614/2 764/78/2 441/613/2
f 443/615/2 764/78/2 442/614/2
f 444/616/30 764/78/30 443/615/30
f 445/617/2 764/78/2 444/616/2
f 446/618/2 764/78/2 445/617/2
f 447/619/2 764/78/2 446/618/2
f 448/620/2 764/78/2 447/619/2
f 449/79/2 764/78/2 448/620/2
f 450/621/2 763/77/2 449/79/2
f 451/622/2 763/77/2 450/621/2
f 452/623/2 763/77/2 451/622/2
f 453/624/2 763/77/2 452/623/2
f 454/625/2 763/77/2 453/624/2
f 455/199/2 763/77/2 454/625/2
f 36/250/2 393/270/2 394/332/2
f 456/626/18 505/627/18 506/200/18
f 1/180/2 407/137/2 408/628/2
f 595/629/30 636/92/30 594/84/30
f 315/381/2 116/380/2 117/517/2
f 82/61/2 85/60/2 81/630/2
f 318/360/2 319/440/2 92/439/2
f 320/415/2 321/143/2 330/409/2
f 497/556/2 498/501/2 491/503/2
f 463/177/2 490/176/2 462/192/2
f 464/631/2 489/175/2 463/177/2
f 465/335/1 489/175/1 464/631/1
f 466/632/2 488/334/2 465/335/2
f 467/633/2 488/334/2 466/632/2
f 468/551/2 488/334/2 467/633/2
f 469/634/12 487/203/12 468/551/12
f 470/204/2 487/203/2 469/634/2
f 622/635/2 623/636/2 601/504/2
f 510/589/5 537/637/5 538/216/5
f 759/235/5 688/638/5 689/236/5
f 311/128/2 139/130/2 140/639/2
f 16/640/2 17/302/2 15/304/2
f 759/235/3 687/641/3 688/638/3
f 547/198/2 560/247/2 573/324/2
f 604/134/2 618/133/2 602/316/2
f 478/642/2 479/29/2 485/76/2
f 481/643/2 484/31/2 480/30/2
f 482/644/2 483/645/2 481/643/2
f 481/643/2 483/645/2 484/31/2
f 485/76/35 479/29/35 484/31/35
f 769/70/2 418/646/2 419/647/2
f 311/128/2 140/639/2 141/420/2
f 60/249/2 61/111/2 393/270/2
f 455/199/2 456/626/2 506/200/2
f 759/235/2 686/648/2 687/641/2
f 765/217/2 437/584/2 438/649/2
f 310/419/5 142/421/5 143/486/5
f 496/575/2 497/556/2 492/557/2
f 721/650/2 722/469/2 716/651/2
f 493/652/2 495/574/2 492/557/2
f 494/653/2 495/574/2 493/652/2
f 366/491/2 72/341/2 73/489/2
f 1/180/2 2/654/2 23/178/2
f 67/181/2 68/367/2 380/182/2
f 279/114/2 280/223/2 158/459/2
f 503/320/2 459/266/2 502/268/2
f 460/267/30 461/191/30 502/268/30
f 474/655/21 486/23/21 473/610/21
f 769/70/2 419/647/2 420/581/2
f 26/222/2 27/656/2 1/180/2
f 477/657/2 485/76/2 476/22/2
f 475/24/18 486/23/18 474/655/18
f 269/226/39 270/549/39 265/195/39
f 762/67/2 455/199/2 507/201/2
f 508/658/2 762/67/2 507/201/2
f 509/659/2 762/67/2 508/658/2
f 510/589/2 762/67/2 509/659/2
f 511/660/2 537/637/2 510/589/2
f 512/661/40 523/662/40 511/660/40
f 94/416/36 105/418/36 106/410/36
f 310/419/2 311/128/2 141/420/2
f 523/662/10 524/544/10 511/660/10
f 276/406/1 277/1/1 163/139/1
f 517/663/14 520/664/14 516/665/14
f 518/666/24 519/667/24 517/663/24
f 517/663/4 519/667/4 520/664/4
f 521/668/2 515/669/2 520/664/2
f 522/354/21 514/353/21 521/668/21
f 523/662/33 512/661/33 522/354/33
f 24/179/2 25/221/2 1/180/2
f 581/456/5 649/455/5 650/670/5
f 65/392/2 66/213/2 384/312/2
f 535/184/41 536/543/41 525/185/41
f 534/671/2 535/184/2 526/186/2
f 533/498/2 534/671/2 527/499/2
f 532/672/2 533/498/2 528/500/2
f 529/673/2 531/674/2 528/500/2
f 530/675/2 531/674/2 529/673/2
f 605/132/42 606/172/42 618/133/42
f 66/213/2 382/214/2 383/311/2
f 600/564/12 628/676/12 629/565/12
f 54/38/9 42/552/9 43/573/9
f 511/660/5 524/544/5 537/637/5
f 280/223/2 157/225/2 158/459/2
f 313/207/2 123/245/2 124/370/2
f 765/217/2 438/649/2 439/218/2
f 761/430/5 574/196/5 575/431/5
f 235/339/2 210/94/2 211/326/2
f 761/430/2 762/67/2 541/566/2
f 542/677/2 761/430/2 541/566/2
f 543/678/2 761/430/2 542/677/2
f 544/679/2 761/430/2 543/678/2
f 545/680/2 761/430/2 544/679/2
f 546/197/2 761/430/2 545/680/2
f 573/324/2 574/196/2 547/198/2
f 560/247/21 561/322/21 573/324/21
f 549/681/2 559/682/2 548/246/2
f 550/580/2 558/579/2 549/681/2
f 551/519/2 557/578/2 550/580/2
f 338/97/2 339/80/2 350/82/2
f 553/683/2 556/521/2 552/520/2
f 554/684/2 555/685/2 553/683/2
f 553/683/23 555/685/23 556/521/23
f 557/578/2 551/519/2 556/521/2
f 30/135/2 405/554/2 406/136/2
f 558/579/2 559/682/2 549/681/2
f 270/549/2 271/497/2 264/518/2
f 1/180/2 408/628/2 409/608/2
f 112/542/2 316/383/2 111/539/2
f 512/661/2 513/352/2 522/354/2
f 570/612/2 571/686/2 562/438/2
f 569/545/2 570/612/2 563/546/2
f 568/577/20 569/545/20 564/547/20
f 565/687/2 567/576/2 564/547/2
f 566/688/2 567/576/2 565/687/2
f 559/682/2 560/247/2 548/246/2
f 515/669/2 516/665/2 520/664/2
f 514/353/2 515/669/2 521/668/2
f 528/500/10 531/674/10 532/672/10
f 736/689/2 737/412/2 751/509/2
f 220/25/12 221/56/12 216/12/12
f 574/196/2 761/430/2 546/197/2
f 295/281/5 284/282/5 285/287/5
f 750/510/2 737/412/2 749/413/2
f 760/690/2 761/430/2 576/432/2
f 577/691/2 760/690/2 576/432/2
f 578/692/2 760/690/2 577/691/2
f 579/534/2 760/690/2 578/692/2
f 580/693/2 653/694/2 579/534/2
f 581/456/2 650/670/2 580/693/2
f 582/524/2 648/454/2 581/456/2
f 312/146/2 127/485/2 128/298/2
f 103/357/43 104/417/43 95/358/43
f 585/695/2 593/83/2 584/85/2
f 314/283/2 315/381/2 117/517/2
f 305/328/2 306/238/2 299/240/2
f 210/94/2 187/340/2 188/95/2
f 71/405/2 370/696/2 371/567/2
f 589/697/2 591/592/2 588/698/2
f 590/699/2 591/592/2 589/697/2
f 769/70/2 417/72/2 418/646/2
f 593/83/2 585/695/2 592/590/2
f 765/217/2 435/607/2 436/583/2
f 18/318/6 14/303/6 17/302/6
f 579/534/5 653/694/5 654/535/5
f 21/233/2 22/105/2 8/107/2
f 760/690/5 668/700/5 669/701/5
f 600/564/2 601/504/2 628/676/2
f 760/690/2 667/702/2 668/700/2
f 27/656/2 28/468/2 1/180/2
f 623/636/2 624/562/2 601/504/2
f 602/316/35 622/635/35 601/504/35
f 312/146/2 135/463/2 136/297/2
f 105/418/6 94/416/6 95/358/6
f 616/350/2 617/174/2 607/173/2
f 70/264/2 374/703/2 375/17/2
f 350/82/15 347/538/15 348/467/15
f 608/348/2 616/350/2 607/173/2
f 85/60/2 80/451/2 81/630/2
f 282/258/2 149/704/2 150/313/2
f 611/442/2 615/453/2 610/452/2
f 53/374/39 43/573/39 44/375/39
f 613/705/2 614/444/2 612/443/2
f 615/453/28 611/442/28 614/444/28
f 618/133/2 606/172/2 617/174/2
f 68/367/2 379/706/2 380/182/2
f 274/496/2 167/598/2 168/529/2
f 618/133/2 619/707/2 602/316/2
f 619/707/44 620/314/44 602/316/44
f 21/233/2 8/107/2 9/475/2
f 622/635/2 602/316/2 621/315/2
f 760/690/2 660/708/2 661/709/2
f 595/629/2 635/75/2 636/92/2
f 633/365/2 634/7/2 597/9/2
f 598/366/12 599/308/12 632/495/12
f 702/227/2 703/710/2 731/228/2
f 64/447/2 386/507/2 387/337/2
f 602/316/2 603/711/2 604/134/2
f 760/690/30 661/709/30 662/712/30
f 534/671/1 526/186/1 527/499/1
f 760/690/30 656/713/30 657/714/30
f 580/693/35 651/715/35 652/716/35
f 601/504/3 626/506/3 627/717/3
f 636/92/2 584/85/2 594/84/2
f 599/308/30 600/564/30 630/309/30
f 760/690/3 658/718/3 659/719/3
f 637/89/5 645/91/5 583/93/5
f 647/720/33 582/524/33 646/525/33
f 505/627/33 457/241/33 504/243/33
f 760/690/3 666/721/3 667/702/3
f 312/146/2 313/207/2 127/485/2
f 69/16/2 376/18/2 377/445/2
f 760/690/2 579/534/2 655/536/2
f 638/278/2 640/301/2 641/722/2
f 643/723/2 637/89/2 642/279/2
f 37/563/26 38/361/26 57/363/26
f 638/278/9 641/722/9 642/279/9
f 75/476/2 338/97/2 350/82/2
f 648/454/2 582/524/2 647/720/2
f 644/90/2 637/89/2 643/723/2
f 499/502/30 490/176/30 491/503/30
f 312/146/2 133/528/2 134/462/2
f 323/230/7 324/401/7 328/231/7
f 760/690/2 655/536/2 656/713/2
f 760/690/2 657/714/2 658/718/2
f 583/93/3 636/92/3 637/89/3
f 760/690/35 659/719/35 660/708/35
f 580/693/12 650/670/12 651/715/12
f 595/629/2 596/8/2 635/75/2
f 760/690/2 662/712/2 663/724/2
f 760/690/5 663/724/5 664/725/5
f 760/690/2 664/725/2 665/726/2
f 760/690/2 665/726/2 666/721/2
f 580/693/1 652/716/1 653/694/1
f 335/164/2 87/330/2 334/371/2
f 601/504/35 627/717/35 628/676/35
f 585/695/2 586/727/2 592/590/2
f 759/235/2 760/690/2 669/701/2
f 759/235/3 669/701/3 670/728/3
f 759/235/5 670/728/5 671/729/5
f 759/235/2 671/729/2 672/730/2
f 759/235/2 672/730/2 673/731/2
f 759/235/2 673/731/2 674/732/2
f 759/235/2 674/732/2 675/733/2
f 759/235/2 675/733/2 676/734/2
f 759/235/2 676/734/2 677/735/2
f 759/235/2 677/735/2 678/736/2
f 759/235/2 678/736/2 679/737/2
f 759/235/2 679/737/2 680/738/2
f 759/235/2 680/738/2 681/739/2
f 759/235/2 681/739/2 682/740/2
f 759/235/2 682/740/2 683/741/2
f 759/235/2 683/741/2 684/742/2
f 759/235/2 684/742/2 685/743/2
f 759/235/2 685/743/2 686/648/2
f 478/642/2 485/76/2 477/657/2
f 1/180/2 30/135/2 407/137/2
f 500/369/2 501/190/2 462/192/2
f 178/424/2 245/423/2 177/376/2
f 273/513/2 274/496/2 168/529/2
f 758/229/2 759/235/2 690/237/2
f 691/744/2 758/229/2 690/237/2
f 692/745/2 758/229/2 691/744/2
f 693/746/2 758/229/2 692/745/2
f 694/747/2 758/229/2 693/746/2
f 695/748/2 758/229/2 694/747/2
f 696/749/2 758/229/2 695/748/2
f 697/750/2 758/229/2 696/749/2
f 698/751/2 758/229/2 697/750/2
f 699/752/2 758/229/2 698/751/2
f 699/752/2 700/532/2 758/229/2
f 180/127/2 181/123/2 243/125/2
f 63/336/30 64/447/30 387/337/30
f 701/533/2 702/227/2 758/229/2
f 68/367/2 378/368/2 379/706/2
f 32/274/5 401/555/5 402/569/5
f 731/228/2 732/540/2 758/229/2
f 703/710/12 704/460/12 729/611/12
f 524/544/45 536/543/45 537/637/45
f 725/753/2 726/754/2 707/755/2
f 731/228/2 703/710/2 730/756/2
f 739/388/14 740/448/14 746/450/14
f 726/754/2 727/271/2 706/273/2
f 753/321/2 736/689/2 752/757/2
f 706/273/35 707/755/35 726/754/35
f 708/758/2 725/753/2 707/755/2
f 742/759/2 743/760/2 744/761/2
f 282/258/2 148/260/2 149/704/2
f 709/762/21 724/763/21 708/758/21
f 710/471/2 723/470/2 709/762/2
f 587/591/2 588/698/2 591/592/2
f 711/764/7 722/469/7 710/471/7
f 312/146/5 131/148/5 132/527/5
f 713/515/2 722/469/2 712/765/2
f 712/765/42 722/469/42 711/764/42
f 170/512/2 272/99/2 273/513/2
f 715/766/2 722/469/2 714/516/2
f 571/686/46 572/323/46 562/438/46
f 718/559/2 719/767/2 720/560/2
f 20/232/30 10/234/30 11/553/30
f 748/768/2 738/387/2 747/389/2
f 717/558/2 721/650/2 716/651/2
f 747/389/2 739/388/2 746/450/2
f 183/118/2 184/205/2 239/493/2
f 723/470/2 724/763/2 709/762/2
f 744/761/2 745/769/2 742/759/2
f 742/759/25 745/769/25 741/449/25
f 724/763/2 725/753/2 708/758/2
f 749/413/2 738/387/2 748/768/2
f 586/727/45 587/591/45 592/590/45
f 456/626/2 457/241/2 505/627/2
f 1/180/5 410/609/5 411/585/5
f 389/364/2 390/345/2 62/150/2
f 71/405/2 369/343/2 370/696/2
f 23/178/1 2/654/1 3/254/1
f 705/272/2 727/271/2 728/461/2
f 172/87/2 262/86/2 263/101/2
f 736/689/2 753/321/2 735/253/2
f 741/449/2 745/769/2 746/450/2
f 70/264/2 373/397/2 374/703/2
f 730/756/35 703/710/35 729/611/35
f 716/651/2 722/469/2 715/766/2
f 733/541/1 734/187/1 758/229/1
f 721/650/2 717/558/2 720/560/2
f 752/757/2 736/689/2 751/509/2
f 276/406/3 163/139/3 164/407/3
f 73/489/2 74/356/2 363/355/2
f 209/74/2 188/95/2 189/73/2
f 431/602/2 766/604/2 767/599/2
f 968/46/47 1737/46/47 1738/45/47 969/45/47
f 934/170/48 1703/170/48 1704/171/48 935/171/48
f 1478/762/49 2247/762/49 2248/471/49 1479/471/49
f 845/98/50 1614/98/50 1615/140/50 846/140/50
f 1100/414/51 1869/414/51 1870/398/51 1101/398/51
f 1157/338/52 1926/338/52 1927/364/52 1158/364/52
f 1432/724/53 2201/724/53 2202/725/53 1433/725/53
f 1209/219/54 1978/219/54 1979/613/54 1210/613/54
f 1018/149/55 1787/149/55 1788/151/55 1019/151/55
f 900/148/56 1669/148/56 1670/527/56 901/527/56
f 1175/136/57 1944/136/57 1945/137/57 1176/137/57
f 952/118/58 1721/118/58 1722/205/58 953/205/58
f 1410/722/59 2179/722/59 2180/279/59 1411/279/59
f 918/704/60 1687/704/60 1688/313/60 919/313/60
f 897/298/61 1666/298/61 1667/299/61 898/299/61
f 1462/746/62 2231/746/62 2232/747/62 1463/747/62
f 1345/432/63 2114/432/63 2115/691/63 1346/691/63
f 1398/565/64 2167/565/64 2168/309/64 1399/309/64
f 1152/311/65 1921/311/65 1922/312/65 1153/312/65
f 1294/185/51 2063/185/51 2064/186/51 1295/186/51
f 829/249/66 1598/249/66 1599/111/66 830/111/66
f 831/150/67 1600/150/67 1601/336/67 832/336/67
f 1193/595/68 1962/595/68 1963/596/68 1194/596/68
f 1084/381/69 1853/381/69 1854/383/69 1085/383/69
f 1086/306/70 1855/306/70 1856/360/70 1087/360/70
f 1416/720/71 2185/720/71 2186/454/71 1417/454/71
f 936/598/72 1705/598/72 1706/529/72 937/529/72
f 1339/612/73 2108/612/73 2109/686/73 1340/686/73
f 1159/345/74 1928/345/74 1929/112/74 1160/112/74
f 1446/735/75 2215/735/75 2216/736/75 1447/736/75
f 1516/389/76 2285/389/76 2286/768/76 1517/768/76
f 902/528/77 1671/528/77 1672/462/77 903/462/77
f 881/542/78 1650/542/78 1651/384/78 882/384/78
f 1259/176/51 2028/176/51 2029/503/51 1260/503/51
f 1329/247/51 2098/247/51 2099/322/51 1330/322/51
f 1136/492/79 1905/492/79 1906/342/79 1137/342/79
f 1002/54/80 1771/54/80 1772/327/80 1003/327/80
f 813/375/81 1582/375/81 1583/526/81 814/526/81
f 1141/396/82 1910/396/82 1911/397/82 1142/397/82
f 815/256/83 1584/256/83 1585/437/83 816/437/83
f 1391/635/84 2160/635/84 2161/636/84 1392/636/84
f 1177/628/85 1946/628/85 1947/608/85 1178/608/85
f 1068/240/51 1837/240/51 1838/329/51 1069/329/51
f 884/379/86 1653/379/86 1654/380/86 885/380/86
f 1070/346/51 1839/346/51 1840/351/51 1071/351/51
f 865/359/87 1634/359/87 1635/425/87 866/425/87
f 920/400/88 1689/400/88 1690/211/88 921/211/88
f 1400/310/89 2169/310/89 2170/495/89 1401/495/89
f 1120/477/51 1889/477/51 1890/479/51 1121/479/51
f 1430/709/90 2199/709/90 2200/712/90 1431/712/90
f 1536/599/91 2305/599/91 2306/570/91 1537/570/91
f 1143/703/92 1912/703/92 1913/17/92 1144/17/92
f 1375/172/93 2144/172/93 2145/173/93 1376/173/93
f 1161/113/94 1930/113/94 1931/270/94 1162/270/94
f 886/517/95 1655/517/95 1656/284/95 887/284/95
f 904/463/96 1673/463/96 1674/297/96 905/297/96
f 797/468/97 1566/468/97 1567/325/97 798/325/97
f 1389/314/98 2158/314/98 2159/315/98 1390/315/98
f 1243/655/99 2012/655/99 2013/24/99 1244/24/99
f 1052/277/100 1821/277/100 1822/282/100 1053/282/100
f 986/21/51 1755/21/51 1756/19/51 987/19/51
f 1307/216/101 2076/216/101 2077/68/101 1308/68/101
f 1125/435/102 1894/435/102 1895/433/102 1126/433/102
f 1313/679/103 2082/679/103 2083/680/103 1314/680/103
f 849/451/104 1618/451/104 1619/630/104 850/630/104
f 1499/756/105 2268/756/105 2269/228/105 1500/228/105
f 868/428/106 1637/428/106 1638/426/106 869/426/106
f 799/135/107 1568/135/107 1569/464/107 800/464/107
f 1384/453/108 2153/453/108 2154/350/108 1385/350/108
f 1104/164/51 1873/164/51 1874/163/51 1105/163/51
f 1378/349/109 2147/349/109 2148/452/109 1379/452/109
f 1054/287/110 1823/287/110 1824/288/110 1055/288/110
f 1127/530/111 1896/530/111 1897/434/111 1128/434/111
f 1359/699/51 2128/699/51 2129/592/51 1360/592/51
f 1323/684/51 2092/684/51 2093/685/51 1324/685/51
f 781/317/112 1550/317/112 1551/391/112 782/391/112
f 1408/300/113 2177/300/113 2178/301/113 1409/301/113
f 1297/500/51 2066/500/51 2067/673/51 1298/673/51
f 870/427/114 1639/427/114 1640/422/114 871/422/114
f 1484/766/115 2253/766/115 2254/651/115 1485/651/115
f 1036/193/116 1805/193/116 1806/194/116 1037/194/116
f 1109/81/117 1878/81/117 1879/296/117 1110/296/117
f 783/303/118 1552/303/118 1553/304/118 784/304/118
f 1227/242/119 1996/242/119 1997/266/119 1228/266/119
f 1291/354/51 2060/354/51 2061/662/51 1292/662/51
f 1038/226/120 1807/226/120 1808/549/120 1039/549/120
f 1145/18/121 1914/18/121 1915/445/121 1146/445/121
f 970/44/122 1739/44/122 1740/37/122 971/37/122
f 1362/83/123 2131/83/123 2132/84/123 1363/84/123
f 1111/474/124 1880/474/124 1881/508/124 1112/508/124
f 888/285/125 1657/285/125 1658/289/125 889/289/125
f 854/60/126 1623/60/126 1624/142/126 855/142/126
f 1088/440/100 1857/440/100 1858/415/100 1089/415/100
f 1468/752/127 2237/752/127 2238/532/127 1469/532/127
f 1343/196/128 2112/196/128 2113/431/128 1344/431/128
f 1211/614/129 1980/614/129 1981/615/129 1212/615/129
f 1093/401/130 1862/401/130 1863/402/130 1094/402/130
f 1226/241/131 1995/241/131 1996/242/131 1227/242/131
f 954/102/132 1723/102/132 1724/103/132 955/103/132
f 836/181/133 1605/181/133 1606/367/133 837/367/133
f 1452/741/134 2221/741/134 2222/742/134 1453/742/134
f 1346/691/135 2115/691/135 2116/692/135 1347/692/135
f 1279/589/136 2048/589/136 2049/660/136 1280/660/136
f 817/523/137 1586/523/137 1587/522/137 818/522/137
f 1129/484/138 1898/484/138 1899/483/138 1130/483/138
f 1195/597/139 1964/597/139 1965/571/139 1196/571/139
f 1277/658/140 2046/658/140 2047/659/140 1278/659/140
f 1475/273/141 2244/273/141 2245/755/141 1476/755/141
f 1022/165/142 1791/165/142 1792/168/142 1023/168/142
f 1072/347/143 1841/347/143 1842/344/143 1073/344/143
f 872/357/144 1641/357/144 1642/417/144 873/417/144
f 938/511/145 1707/511/145 1708/512/145 939/512/145
f 1020/158/146 1789/158/146 1790/160/146 1021/160/146
f 1327/579/51 2096/579/51 2097/682/51 1328/682/51
f 1382/705/147 2151/705/147 2152/444/147 1383/444/147
f 1436/702/148 2205/702/148 2206/700/148 1437/700/148
f 1352/93/100 2121/93/100 2122/85/100 1353/85/100
f 773/153/149 1542/153/149 1543/154/149 774/154/149
f 1179/609/150 1948/609/150 1949/585/150 1180/585/150
f 1095/403/51 1864/403/51 1865/404/51 1096/404/51
f 922/212/151 1691/212/151 1692/372/151 923/372/151
f 838/16/152 1607/16/152 1608/264/152 839/264/152
f 1325/521/51 2094/521/51 2095/578/51 1326/578/51
f 1077/155/153 1846/155/153 1847/51/153 1078/51/153
f 1113/472/154 1882/472/154 1883/473/154 1114/473/154
f 1420/715/155 2189/715/155 2190/716/155 1421/716/155
f 820/255/156 1589/255/156 1590/373/156 821/373/156
f 801/274/157 1570/274/157 1571/120/157 802/120/157
f 856/330/158 1625/330/158 1626/110/158 857/110/158
f 1163/332/159 1932/332/159 1933/333/159 1164/333/159
f 1330/322/51 2099/322/51 2100/438/51 1331/438/51
f 1336/576/160 2105/576/160 2106/577/160 1337/577/160
f 1056/261/161 1825/261/161 1826/262/161 1057/262/161
f 1366/9/162 2135/9/162 2136/366/162 1367/366/162
f 906/269/163 1675/269/163 1676/129/163 907/129/163
f 788/319/164 1557/319/164 1558/232/164 789/232/164
f 1079/419/165 1848/419/165 1849/128/165 1080/128/165
f 1233/631/166 2002/631/166 2003/335/166 1234/335/166
f 1261/557/51 2030/557/51 2031/652/51 1262/652/51
f 822/374/167 1591/374/167 1592/38/167 823/38/167
f 1522/321/168 2291/321/168 2292/251/168 1523/251/168
f 1004/339/169 1773/339/169 1774/457/169 1005/457/169
f 785/640/170 1554/640/170 1555/302/170 786/302/170
f 1061/263/51 1830/263/51 1831/290/51 1062/290/51
f 1520/509/171 2289/509/171 2290/757/171 1521/757/171
f 1040/497/169 1809/497/169 1810/99/169 1041/99/169
f 1097/231/51 1866/231/51 1867/145/51 1098/145/51
f 1340/686/172 2109/686/172 2110/323/172 1341/323/172
f 804/331/173 1573/331/173 1574/250/173 805/250/173
f 1263/653/174 2032/653/174 2033/574/174 1264/574/174
f 1295/186/51 2064/186/51 2065/499/51 1296/499/51
f 840/405/175 1609/405/175 1610/341/175 841/341/175
f 1404/75/176 2173/75/176 2174/92/176 1405/92/176
f 1314/680/70 2083/680/70 2084/197/70 1315/197/70
f 1006/104/177 1775/104/177 1776/206/177 1007/206/177
f 1350/456/70 2119/456/70 2120/524/70 1351/524/70
f 1147/368/178 1916/368/178 1917/706/178 1148/706/178
f 1045/406/63 1814/406/63 1815/1/63 1046/1/63
f 1063/286/51 1832/286/51 1833/281/51 1064/281/51
f 1081/146/179 1850/146/179 1851/207/179 1082/207/179
f 890/265/180 1659/265/180 1660/244/180 891/244/180
f 806/563/181 1575/563/181 1576/361/181 807/361/181
f 824/39/182 1593/39/182 1594/362/182 825/362/182
f 1245/22/183 2014/22/183 2015/657/183 1246/657/183
f 1364/629/184 2133/629/184 2134/8/184 1365/8/184
f 1024/167/51 1793/167/51 1794/166/51 1025/166/51
f 1334/687/51 2103/687/51 2104/688/51 1335/688/51
f 988/20/51 1757/20/51 1758/25/51 989/25/51
f 1298/673/51 2067/673/51 2068/675/51 1299/675/51
f 1455/648/185 2224/648/185 2225/641/185 1456/641/185
f 1514/769/186 2283/769/186 2284/450/186 1515/450/186
f 1304/184/187 2073/184/187 2074/543/187 1305/543/187
f 1534/217/188 2303/217/188 2304/604/188 1535/604/188
f 1131/478/189 1900/478/189 1901/355/189 1132/355/189
f 1498/611/190 2267/611/190 2268/756/190 1499/756/190
f 1029/6/51 1798/6/51 1799/162/51 1030/162/51
f 1047/2/191 1816/2/191 1817/114/191 1048/114/191
f 874/418/192 1643/418/192 1644/410/192 875/410/192
f 1504/253/193 2273/253/193 2274/689/193 1505/689/193
f 790/233/194 1559/233/194 1560/105/194 791/105/194
f 1355/727/195 2124/727/195 2125/591/195 1356/591/195
f 1282/352/55 2051/352/55 2052/353/55 1283/353/55
f 1247/642/196 2016/642/196 2017/29/196 1248/29/196
f 1372/711/197 2141/711/197 2142/134/197 1373/134/197
f 1229/267/198 1998/267/198 1999/191/198 1230/191/198
f 990/56/51 1759/56/51 1760/10/51 991/10/51
f 1115/537/199 1884/537/199 1885/538/199 1116/538/199
f 972/35/200 1741/35/200 1742/215/200 973/215/200
f 1065/156/51 1834/156/51 1835/157/51 1066/157/51
f 858/108/201 1627/108/201 1628/399/201 859/399/201
f 1482/515/202 2251/515/202 2252/516/202 1483/516/202
f 808/385/203 1577/385/203 1578/386/203 809/386/203
f 1368/308/204 2137/308/204 2138/564/204 1369/564/204
f 1488/767/205 2257/767/205 2258/560/205 1489/560/205
f 1213/616/206 1982/616/206 1983/617/206 1214/617/206
f 1231/192/207 2000/192/207 2001/177/207 1232/177/207
f 1288/667/51 2057/667/51 2058/664/51 1289/664/51
f 1356/591/161 2125/591/161 2126/698/161 1357/698/161
f 956/340/208 1725/340/208 1726/95/208 957/95/208
f 974/36/209 1743/36/209 1744/50/209 975/50/209
f 1031/86/51 1800/86/51 1801/101/51 1032/101/51
f 1265/575/210 2034/575/210 2035/556/210 1266/556/210
f 1099/409/51 1868/409/51 1869/414/51 1100/414/51
f 774/154/211 1543/154/211 1544/436/211 775/436/211
f 1008/493/212 1777/493/212 1778/131/212 1009/131/212
f 842/489/213 1611/489/213 1612/356/213 843/356/213
f 1518/413/214 2287/413/214 2288/510/214 1519/510/214
f 1472/710/215 2241/710/215 2242/460/215 1473/460/215
f 1049/223/103 1818/223/103 1819/210/103 1050/210/103
f 1197/572/216 1966/572/216 1967/600/216 1198/600/216
f 1525/188/217 2294/188/217 2295/189/217 1526/189/217
f 1215/618/218 1984/618/218 1985/619/218 1216/619/218
f 792/178/219 1561/178/219 1562/179/219 793/179/219
f 940/100/220 1709/100/220 1710/87/220 941/87/220
f 1011/124/221 1780/124/221 1781/125/221 1012/125/221
f 958/73/222 1727/73/222 1728/66/222 959/66/222
f 1302/498/223 2071/498/223 2072/671/223 1303/671/223
f 1083/283/191 1852/283/191 1853/381/191 1084/381/191
f 1450/739/224 2219/739/224 2220/740/224 1451/740/224
f 1266/556/80 2035/556/80 2036/501/80 1267/501/80
f 1456/641/225 2225/641/225 2226/638/225 1457/638/225
f 1249/30/226 2018/30/226 2019/643/226 1250/643/226
f 826/363/227 1595/363/227 1596/531/227 827/531/227
f 1199/601/228 1968/601/228 1969/602/228 1200/602/228
f 992/11/51 1761/11/51 1762/26/51 993/26/51
f 1033/518/51 1802/518/51 1803/195/51 1034/195/51
f 1402/365/229 2171/365/229 2172/7/229 1403/7/229
f 1181/586/230 1950/586/230 1951/587/230 1182/587/230
f 942/88/231 1711/88/231 1712/4/231 943/4/231
f 1502/541/232 2271/541/232 2272/187/232 1503/187/232
f 776/106/233 1545/106/233 1546/107/233 777/107/233
f 924/394/234 1693/394/234 1694/224/234 925/224/234
f 1275/200/221 2044/200/221 2045/201/221 1276/201/221
f 1434/726/235 2203/726/235 2204/721/235 1435/721/235
f 1509/448/236 2278/448/236 2279/449/236 1510/449/236
f 1496/271/237 2265/271/237 2266/461/237 1497/461/237
f 1286/663/142 2055/663/142 2056/666/142 1287/666/142
f 995/13/51 1764/13/51 1765/14/51 996/14/51
f 1067/239/51 1836/239/51 1837/240/51 1068/240/51
f 1165/494/238 1934/494/238 1935/122/238 1166/122/238
f 1250/643/239 2019/643/239 2020/644/239 1251/644/239
f 1440/729/240 2209/729/240 2210/730/240 1441/730/240
f 810/40/241 1579/40/241 1580/552/241 811/552/241
f 908/130/242 1677/130/242 1678/639/242 909/639/242
f 1183/588/243 1952/588/243 1953/568/243 1184/568/243
f 1418/455/244 2187/455/244 2188/670/244 1419/670/244
f 926/225/245 1695/225/245 1696/459/245 927/459/245
f 1013/126/246 1782/126/246 1783/423/246 1014/423/246
f 976/63/247 1745/63/247 1746/65/247 977/65/247
f 1486/558/248 2255/558/248 2256/559/248 1487/559/248
f 1526/189/249 2295/189/249 2296/229/249 1527/229/249
f 979/94/250 1748/94/250 1749/326/250 980/326/250
f 1311/677/191 2080/677/191 2081/678/191 1312/678/191
f 1523/251/251 2292/251/251 2293/252/251 1524/252/251
f 1308/68/252 2077/68/252 2078/69/252 1309/69/252
f 1234/335/253 2003/335/253 2004/632/253 1235/632/253
f 1167/514/254 1936/514/254 1937/275/254 1168/275/254
f 1387/133/255 2156/133/255 2157/707/255 1388/707/255
f 1051/258/256 1820/258/256 1821/277/256 1052/277/256
f 1149/182/257 1918/182/257 1919/183/257 1150/183/257
f 1477/758/258 2246/758/258 2247/762/258 1478/762/258
f 910/420/259 1679/420/259 1680/421/259 911/421/259
f 1217/620/260 1986/620/260 1987/79/260 1218/79/260
f 794/221/261 1563/221/261 1564/222/261 795/222/261
f 892/245/262 1661/245/262 1662/370/262 893/370/262
f 963/59/263 1732/59/263 1733/57/263 964/57/263
f 997/28/51 1766/28/51 1767/34/51 998/34/51
f 960/64/264 1729/64/264 1730/41/264 961/41/264
f 1015/377/136 1784/377/136 1785/395/136 1016/395/136
f 1218/79/265 1987/79/265 1988/621/265 1219/621/265
f 1252/645/51 2021/645/51 2022/31/51 1253/31/51
f 1470/533/266 2239/533/266 2240/227/266 1471/227/266
f 1270/190/267 2039/190/267 2040/268/267 1271/268/267
f 1257/334/51 2026/334/51 2027/175/51 1258/175/51
f 1507/387/268 2276/387/268 2277/388/268 1508/388/268
f 1530/430/269 2299/430/269 2300/67/269 1531/67/269
f 1292/662/51 2061/662/51 2062/544/51 1293/544/51
f 1537/570/91 2306/570/91 2307/70/91 1538/70/91
f 1201/603/270 1970/603/270 1971/605/270 1202/605/270
f 1035/548/271 1804/548/271 1805/193/271 1036/193/271
f 1133/488/272 1902/488/272 1903/490/272 1134/490/272
f 1461/745/273 2230/745/273 2231/746/273 1462/746/273
f 944/390/274 1713/390/274 1714/378/274 945/378/274
f 778/475/275 1547/475/275 1548/234/275 779/234/275
f 876/408/276 1645/408/276 1646/307/276 877/307/276
f 947/424/277 1716/424/277 1717/294/277 948/294/277
f 1386/174/278 2155/174/278 2156/133/278 1387/133/278
f 1202/605/279 1971/605/279 1972/606/279 1203/606/279
f 1151/214/280 1920/214/280 1921/311/280 1152/311/280
f 1454/743/281 2223/743/281 2224/648/281 1455/648/281
f 1274/627/282 2043/627/282 2044/200/282 1275/200/282
f 894/208/283 1663/208/283 1664/209/283 895/209/283
f 1185/71/212 1954/71/212 1955/72/212 1186/72/212
f 1117/467/284 1886/467/284 1887/466/284 1118/466/284
f 928/115/285 1697/115/285 1698/116/285 929/116/285
f 860/441/286 1629/441/286 1630/439/286 861/439/286
f 1445/734/287 2214/734/287 2215/735/287 1446/735/287
f 981/47/288 1750/47/288 1751/48/288 982/48/288
f 1438/701/289 2207/701/289 2208/728/289 1439/728/289
f 1370/504/290 2139/504/290 2140/316/290 1371/316/290
f 931/138/291 1700/138/291 1701/139/291 932/139/291
f 1236/633/292 2005/633/292 2006/551/292 1237/551/292
f 1513/761/293 2282/761/293 2283/769/293 1514/769/293
f 1186/72/294 1955/72/294 1956/646/294 1187/646/294
f 1491/469/295 2260/469/295 2261/470/295 1492/470/295
f 1169/276/296 1938/276/296 1939/555/296 1170/555/296
f 999/32/174 1768/32/174 1769/33/174 1000/33/174
f 912/486/297 1681/486/297 1682/52/297 913/52/297
f 1254/76/51 2023/76/51 2024/23/51 1255/23/51
f 1017/5/298 1786/5/298 1787/149/298 1018/149/298
f 1429/708/299 2198/708/299 2199/709/299 1430/709/299
f 1392/636/300 2161/636/300 2162/562/300 1393/562/300
f 965/55/301 1734/55/301 1735/42/301 966/42/301
f 1422/694/302 2191/694/302 2192/535/302 1423/535/302
f 1278/659/303 2047/659/303 2048/589/303 1279/589/303
f 1101/398/51 1870/398/51 1871/109/51 1102/109/51
f 915/280/241 1684/280/241 1685/259/241 916/259/241
f 1135/491/304 1904/491/304 1905/492/304 1136/492/304
f 1220/622/305 1989/622/305 1990/623/305 1221/623/305
f 1535/604/306 2304/604/306 2305/599/306 1536/599/306
f 844/476/307 1613/476/307 1614/98/307 845/98/307
f 1170/555/308 1939/555/308 1940/569/308 1171/569/308
f 878/305/309 1647/305/309 1648/429/309 879/429/309
f 1531/67/310 2300/67/310 2301/77/310 1532/77/310
f 1354/695/311 2123/695/311 2124/727/311 1355/727/311
f 1153/312/312 1922/312/312 1923/393/312 1154/393/312
f 1285/665/313 2054/665/313 2055/663/313 1286/663/313
f 949/127/314 1718/127/314 1719/123/314 950/123/314
f 896/485/315 1665/485/315 1666/298/315 897/298/315
f 1497/461/190 2266/461/190 2267/611/190 1498/611/190
f 771/654/316 1540/654/316 1541/254/316 772/254/316
f 1085/383/317 1854/383/317 1855/306/317 1086/306/317
f 1376/173/318 2145/173/318 2146/348/318 1377/348/318
f 1204/607/319 1973/607/319 1974/583/319 1205/583/319
f 983/550/320 1752/550/320 1753/15/320 984/15/320
f 1026/161/51 1795/161/51 1796/159/51 1027/159/51
f 828/248/321 1597/248/321 1598/249/321 829/249/321
f 1413/90/322 2182/90/322 2183/91/322 1414/91/322
f 1119/82/51 1888/82/51 1889/477/51 1120/477/51
f 1459/237/323 2228/237/323 2229/744/323 1460/744/323
f 1406/89/324 2175/89/324 2176/278/324 1407/278/324
f 1238/634/325 2007/634/325 2008/204/325 1239/204/325
f 1338/545/326 2107/545/326 2108/612/326 1339/612/326
f 899/147/327 1668/147/327 1669/148/327 900/148/327
f 862/411/328 1631/411/328 1632/416/328 863/416/328
f 933/407/329 1702/407/329 1703/170/329 934/170/329
f 1001/49/210 1770/49/210 1771/54/210 1002/54/210
f 1489/560/330 2258/560/330 2259/650/330 1490/650/330
f 1154/393/92 1923/393/92 1924/507/92 1155/507/92
f 1188/647/331 1957/647/331 1958/581/331 1189/581/331
f 1481/765/332 2250/765/332 2251/515/332 1482/515/332
f 1256/203/51 2025/203/51 2026/334/51 1257/334/51
f 1069/329/51 1838/329/51 1839/346/51 1070/346/51
f 1443/732/333 2212/732/333 2213/733/333 1444/733/333
f 967/43/334 1736/43/334 1737/46/334 968/46/334
f 1511/759/335 2280/759/335 2281/760/335 1512/760/335
f 812/573/336 1581/573/336 1582/375/336 813/375/336
f 917/260/337 1686/260/337 1687/704/337 918/704/337
f 1222/624/338 1991/624/338 1992/625/338 1223/625/338
f 1172/487/339 1941/487/339 1942/465/339 1173/465/339
f 1137/342/340 1906/342/340 1907/343/340 1138/343/340
f 1322/683/341 2091/683/341 2092/684/341 1323/684/341
f 1397/676/342 2166/676/342 2167/565/342 1398/565/342
f 1360/592/343 2129/592/343 2130/590/343 1361/590/343
f 1427/718/344 2196/718/344 2197/719/344 1428/719/344
f 880/539/345 1649/539/345 1650/542/345 881/542/345
f 883/382/346 1652/382/346 1653/379/346 884/379/346
f 1103/371/51 1872/371/51 1873/164/51 1104/164/51
f 1465/749/347 2234/749/347 2235/750/347 1466/750/347
f 1138/343/348 1907/343/348 1908/696/348 1139/696/348
f 846/140/349 1615/140/349 1616/141/349 847/141/349
f 951/117/350 1720/117/350 1721/118/350 952/118/350
f 1381/443/351 2150/443/351 2151/705/351 1382/705/351
f 1206/584/352 1975/584/352 1976/649/352 1207/649/352
f 772/254/353 1541/254/353 1542/153/353 773/153/353
f 867/561/354 1636/561/354 1637/428/354 868/428/354
f 901/527/355 1670/527/355 1671/528/355 902/528/355
f 1121/479/356 1890/479/356 1891/480/356 1122/480/356
f 1053/282/357 1822/282/357 1823/287/357 1054/287/357
f 1122/480/358 1891/480/358 1892/481/358 1123/481/358
f 1156/337/359 1925/337/359 1926/338/359 1157/338/359
f 864/358/360 1633/358/360 1634/359/360 865/359/360
f 1407/278/361 2176/278/361 2177/300/361 1408/300/361
f 1524/252/362 2293/252/362 2294/188/362 1525/188/362
f 796/656/363 1565/656/363 1566/468/363 797/468/363
f 1411/279/364 2180/279/364 2181/723/364 1412/723/364
f 1374/132/365 2143/132/365 2144/172/365 1375/172/365
f 1449/738/366 2218/738/366 2219/739/366 1450/739/366
f 985/12/367 1754/12/367 1755/21/367 986/21/367
f 1267/501/368 2036/501/368 2037/502/368 1268/502/368
f 1306/637/369 2075/637/369 2076/216/369 1307/216/369
f 1269/369/370 2038/369/370 2039/190/370 1270/190/370
f 935/171/371 1704/171/371 1705/598/371 936/598/371
f 1240/202/372 2009/202/372 2010/220/372 1241/220/372
f 1010/119/282 1779/119/282 1780/124/282 1011/124/282
f 1344/431/373 2113/431/373 2114/432/373 1345/432/373
f 1190/582/374 1959/582/374 1960/593/374 1191/593/374
f 1037/194/375 1806/194/375 1807/226/375 1038/226/375
f 1365/8/376 2134/8/376 2135/9/376 1366/9/376
f 1087/360/256 1856/360/256 1857/440/256 1088/440/256
f 969/45/377 1738/45/377 1739/44/377 970/44/377
f 780/553/378 1549/553/378 1550/317/378 781/317/378
f 851/61/379 1620/61/379 1621/62/379 852/62/379
f 830/111/380 1599/111/380 1600/150/380 831/150/380
f 1105/163/51 1874/163/51 1875/96/51 1106/96/51
f 1224/199/381 1993/199/381 1994/626/381 1225/626/381
f 1290/668/51 2059/668/51 2060/354/51 1291/354/51
f 1106/96/51 1875/96/51 1876/97/51 1107/97/51
f 848/446/382 1617/446/382 1618/451/382 849/451/382
f 1433/725/383 2202/725/383 2203/726/383 1434/726/383
f 1479/471/384 2248/471/384 2249/764/384 1480/764/384
f 1281/661/298 2050/661/298 2051/352/298 1282/352/298
f 1328/682/51 2097/682/51 2098/247/51 1329/247/51
f 1358/697/341 2127/697/341 2128/699/341 1359/699/341
f 919/313/385 1688/313/385 1689/400/385 920/400/385
f 1508/388/386 2277/388/386 2278/448/386 1509/448/386
f 1071/351/174 1840/351/174 1841/347/174 1072/347/174
f 885/380/387 1654/380/387 1655/517/387 886/517/387
f 1174/554/388 1943/554/388 1944/136/388 1175/136/388
f 953/205/389 1722/205/389 1723/102/389 954/102/389
f 1251/644/51 2020/644/51 2021/645/51 1252/645/51
f 814/526/390 1583/526/390 1584/256/390 815/256/390
f 1140/567/391 1909/567/391 1910/396/391 1141/396/391
f 1529/690/392 2298/690/392 2299/430/392 1530/430/392
f 1208/218/393 1977/218/393 1978/219/393 1209/219/393
f 994/27/51 1763/27/51 1764/13/51 995/13/51
f 1349/693/103 2118/693/103 2119/456/103 1350/456/103
f 1395/506/394 2164/506/394 2165/717/394 1396/717/394
f 1089/415/395 1858/415/395 1859/143/395 1090/143/395
f 903/462/396 1672/462/396 1673/463/396 904/463/396
f 1463/747/397 2232/747/397 2233/748/397 1464/748/397
f 1533/78/398 2302/78/398 2303/217/398 1534/217/398
f 835/213/399 1604/213/399 1605/181/399 836/181/399
f 1158/364/62 1927/364/62 1928/345/62 1159/345/62
f 937/529/400 1706/529/400 1707/511/400 938/511/400
f 1090/143/401 1859/143/401 1860/144/401 1091/144/401
f 1192/594/402 1961/594/402 1962/595/402 1193/595/402
f 1019/151/403 1788/151/403 1789/158/403 1020/158/403
f 1447/736/404 2216/736/404 2217/737/404 1448/737/404
f 869/426/405 1638/426/405 1639/427/405 870/427/405
f 833/447/406 1602/447/406 1603/392/406 834/392/406
f 1401/495/407 2170/495/407 2171/365/407 1402/365/407
f 1055/288/408 1824/288/408 1825/261/408 1056/261/408
f 1124/482/409 1893/482/409 1894/435/409 1125/435/409
f 887/284/410 1656/284/410 1657/285/410 888/285/410
f 921/211/411 1690/211/411 1691/212/411 922/212/411
f 1492/470/412 2261/470/412 2262/763/412 1493/763/412
f 1333/547/51 2102/547/51 2103/687/51 1334/687/51
f 798/325/413 1567/325/413 1568/135/413 799/135/413
f 1379/452/414 2148/452/414 2149/442/414 1380/442/414
f 1142/397/415 1911/397/415 1912/703/415 1143/703/415
f 1176/137/416 1945/137/416 1946/628/416 1177/628/416
f 1235/632/417 2004/632/417 2005/633/417 1236/633/417
f 819/257/418 1588/257/418 1589/255/418 820/255/418
f 852/62/419 1621/62/419 1622/458/419 853/458/419
f 1431/712/420 2200/712/420 2201/724/420 1432/724/420
f 978/74/421 1747/74/421 1748/94/421 979/94/421
f 1074/328/80 1843/328/80 1844/238/80 1075/238/80
f 1296/499/51 2065/499/51 2066/500/51 1297/500/51
f 1268/502/422 2037/502/422 2038/369/422 1269/369/422
f 1073/344/210 1842/344/210 1843/328/210 1074/328/210
f 1272/320/423 2041/320/423 2042/243/423 1273/243/423
f 1039/549/424 1808/549/424 1809/497/424 1040/497/424
f 816/437/425 1585/437/425 1586/523/425 817/523/425
f 1476/755/426 2245/755/426 2246/758/426 1477/758/426
f 782/391/427 1551/391/427 1552/303/427 783/303/427
f 853/458/428 1622/458/428 1623/60/428 854/60/428
f 1326/578/51 2095/578/51 2096/579/51 1327/579/51
f 1219/621/429 1988/621/429 1989/622/429 1220/622/429
f 1108/80/430 1877/80/430 1878/81/430 1109/81/430
f 1385/350/431 2154/350/431 2155/174/431 1386/174/431
f 905/297/432 1674/297/432 1675/269/432 906/269/432
f 962/58/433 1731/58/433 1732/59/433 963/59/433
f 1517/768/434 2286/768/434 2287/413/434 1518/413/434
f 1317/246/357 2086/246/357 2087/681/357 1318/681/357
f 1363/84/435 2132/84/435 2133/629/435 1364/629/435
f 871/422/436 1640/422/436 1641/357/436 872/357/436
f 1160/112/437 1929/112/437 1930/113/437 1161/113/437
f 1003/327/368 1772/327/368 1773/339/368 1004/339/368
f 803/121/438 1572/121/438 1573/331/438 804/331/438
f 1057/262/439 1826/262/439 1827/291/439 1058/291/439
f 1126/433/440 1895/433/440 1896/530/440 1127/530/440
f 1415/525/441 2184/525/441 2185/720/441 1416/720/441
f 1258/175/51 2027/175/51 2028/176/51 1259/176/51
f 1058/291/341 1827/291/341 1828/293/341 1059/293/341
f 800/464/442 1569/464/442 1570/274/442 801/274/442
f 837/367/443 1606/367/443 1607/16/443 838/16/443
f 1369/564/444 2138/564/444 2139/504/444 1370/504/444
f 1310/566/445 2079/566/445 2080/677/445 1311/677/445
f 1203/606/446 1972/606/446 1973/607/446 1204/607/446
f 1092/230/161 1861/230/161 1862/401/161 1093/401/161
f 855/142/447 1624/142/447 1625/330/447 856/330/447
f 946/376/448 1715/376/448 1716/424/448 947/424/448
f 1021/160/313 1790/160/313 1791/165/313 1022/165/313
f 1347/692/191 2116/692/191 2117/534/191 1348/534/191
f 1110/296/449 1879/296/449 1880/474/449 1111/474/449
f 1041/99/450 1810/99/450 1811/513/450 1042/513/450
f 1318/681/311 2087/681/311 2088/580/311 1319/580/311
f 1501/540/451 2270/540/451 2271/541/451 1502/541/451
f 784/304/452 1553/304/452 1554/640/452 785/640/452
f 889/289/453 1658/289/453 1659/265/453 890/265/453
f 1444/733/454 2213/733/454 2214/734/454 1445/734/454
f 1301/672/455 2070/672/455 2071/498/455 1302/498/455
f 1144/17/456 1913/17/456 1914/18/456 1145/18/456
f 1187/646/457 1956/646/457 1957/647/457 1188/647/457
f 987/19/51 1756/19/51 1757/20/51 988/20/51
f 787/318/458 1556/318/458 1557/319/458 788/319/458
f 930/3/459 1699/3/459 1700/138/459 931/138/459
f 1242/610/460 2011/610/460 2012/655/460 1243/655/460
f 1042/513/461 1811/513/461 1812/496/461 1043/496/461
f 821/373/462 1590/373/462 1591/374/462 822/374/462
f 1353/85/357 2122/85/357 2123/695/357 1354/695/357
f 1076/295/169 1845/295/169 1846/155/169 1077/155/169
f 1320/519/161 2089/519/161 2090/520/161 1321/520/161
f 839/264/463 1608/264/463 1609/405/463 840/405/463
f 1428/719/464 2197/719/464 2198/708/464 1429/708/464
f 1331/438/51 2100/438/51 2101/546/51 1332/546/51
f 1025/166/51 1794/166/51 1795/161/51 1026/161/51
f 1094/402/341 1863/402/341 1864/403/341 1095/403/341
f 1367/366/465 2136/366/465 2137/308/465 1368/308/465
f 1171/569/466 1940/569/466 1941/487/466 1172/487/466
f 1485/651/467 2254/651/467 2255/558/467 1486/558/467
f 1423/535/468 2192/535/468 2193/536/468 1424/536/468
f 1424/536/469 2193/536/469 2194/713/469 1425/713/469
f 873/417/470 1642/417/470 1643/418/470 874/418/470
f 914/53/471 1683/53/471 1684/280/471 915/280/471
f 971/37/472 1740/37/472 1741/35/472 972/35/472
f 1005/457/153 1774/457/153 1775/104/153 1006/104/153
f 1023/168/51 1792/168/51 1793/167/51 1024/167/51
f 1337/577/473 2106/577/473 2107/545/473 1338/545/473
f 1128/434/474 1897/434/474 1898/484/474 1129/484/474
f 1260/503/51 2029/503/51 2030/557/51 1261/557/51
f 1383/444/475 2152/444/475 2153/453/475 1384/453/475
f 1469/532/476 2238/532/476 2239/533/476 1470/533/476
f 1515/450/477 2284/450/477 2285/389/477 1516/389/477
f 1078/51/177 1847/51/177 1848/419/177 1079/419/177
f 857/110/478 1626/110/478 1627/108/478 858/108/478
f 1412/723/479 2181/723/479 2182/90/479 1413/90/479
f 805/250/480 1574/250/480 1575/563/480 806/563/480
f 1112/508/481 1881/508/481 1882/472/481 1113/472/481
f 1155/507/482 1924/507/482 1925/337/482 1156/337/482
f 955/103/483 1724/103/483 1725/340/483 956/340/483
f 1060/292/51 1829/292/51 1830/263/51 1061/263/51
f 1321/520/130 2090/520/130 2091/683/130 1322/683/130
f 898/299/484 1667/299/484 1668/147/484 899/147/484
f 1210/613/485 1979/613/485 1980/614/485 1211/614/485
f 1315/197/486 2084/197/486 2085/198/486 1316/198/486
f 1510/449/487 2279/449/487 2280/759/487 1511/759/487
f 989/25/51 1758/25/51 1759/56/51 990/56/51
f 807/361/488 1576/361/488 1577/385/488 808/385/488
f 1244/24/489 2013/24/489 2014/22/489 1245/22/489
f 1062/290/51 1831/290/51 1832/286/51 1063/286/51
f 1528/235/392 2297/235/392 2298/690/392 1529/690/392
f 1453/742/490 2222/742/490 2223/743/490 1454/743/490
f 841/341/491 1610/341/491 1611/489/491 842/489/491
f 939/512/492 1708/512/492 1709/100/492 940/100/492
f 1305/543/493 2074/543/493 2075/637/493 1306/637/493
f 1096/404/51 1865/404/51 1866/231/51 1097/231/51
f 1396/717/494 2165/717/494 2166/676/494 1397/676/494
f 1194/596/495 1963/596/495 1964/597/495 1195/597/495
f 973/215/496 1742/215/496 1743/36/496 974/36/496
f 1044/169/497 1813/169/497 1814/406/497 1045/406/497
f 1521/757/498 2290/757/498 2291/321/498 1522/321/498
f 791/105/499 1560/105/499 1561/178/499 792/178/499
f 1351/524/256 2120/524/256 2121/93/256 1352/93/256
f 1139/696/500 1908/696/500 1909/567/500 1140/567/500
f 1437/700/501 2206/700/501 2207/701/501 1438/701/501
f 1228/266/502 1997/266/502 1998/267/502 1229/267/502
f 1299/675/174 2068/675/174 2069/674/174 1300/674/174
f 1007/206/503 1776/206/503 1777/493/503 1008/493/503
f 1046/1/135 1815/1/135 1816/2/135 1047/2/135
f 825/362/504 1594/362/504 1595/363/504 826/363/504
f 882/384/505 1651/384/505 1652/382/505 883/382/505
f 923/372/506 1692/372/506 1693/394/506 924/394/506
f 1483/516/507 2252/516/507 2253/766/507 1484/766/507
f 1500/228/508 2269/228/508 2270/540/508 1501/540/508
f 1262/652/51 2031/652/51 2032/653/51 1263/653/51
f 1080/128/423 1849/128/423 1850/146/423 1081/146/423
f 1280/660/509 2049/660/509 2050/661/509 1281/661/509
f 1178/608/510 1947/608/510 1948/609/510 1179/609/510
f 1276/201/511 2045/201/511 2046/658/511 1277/658/511
f 789/232/512 1558/232/512 1559/233/512 790/233/512
f 1335/688/513 2104/688/513 2105/576/513 1336/576/513
f 1380/442/514 2149/442/514 2150/443/514 1381/443/514
f 1123/481/515 1892/481/515 1893/482/515 1124/482/515
f 1421/716/516 2190/716/516 2191/694/516 1422/694/516
f 957/95/222 1726/95/222 1727/73/222 958/73/222
f 1324/685/51 2093/685/51 2094/521/51 1325/521/51
f 1505/689/517 2274/689/517 2275/412/517 1506/412/517
f 866/425/518 1635/425/518 1636/561/518 867/561/518
f 907/129/519 1676/129/519 1677/130/519 908/130/519
f 1212/615/520 1981/615/520 1982/616/520 1213/616/520
f 991/10/51 1760/10/51 1761/11/51 992/11/51
f 1162/270/521 1931/270/521 1932/332/521 1163/332/521
f 1467/751/522 2236/751/522 2237/752/522 1468/752/522
f 1028/152/51 1797/152/51 1798/6/51 1029/6/51
f 1246/657/523 2015/657/523 2016/642/523 1247/642/523
f 1289/664/51 2058/664/51 2059/668/51 1290/668/51
f 823/38/524 1592/38/524 1593/39/524 824/39/524
f 1283/353/403 2052/353/403 2053/669/403 1284/669/403
f 775/436/525 1544/436/525 1545/106/525 776/106/525
f 1538/70/91 2307/70/91 1539/180/91 770/180/91
f 1030/162/51 1799/162/51 1800/86/51 1031/86/51
f 1405/92/526 2174/92/526 2175/89/526 1406/89/526
f 809/386/527 1578/386/527 1579/40/527 810/40/527
f 1107/97/528 1876/97/528 1877/80/528 1108/80/528
f 891/244/529 1660/244/529 1661/245/529 892/245/529
f 941/87/530 1710/87/530 1711/88/530 942/88/530
f 1064/281/51 1833/281/51 1834/156/51 1065/156/51
f 850/630/531 1619/630/531 1620/61/531 851/61/531
f 1146/445/532 1915/445/532 1916/368/532 1147/368/532
f 1196/571/533 1965/571/533 1966/572/533 1197/572/533
f 1399/309/534 2168/309/534 2169/310/534 1400/310/534
f 1009/131/179 1778/131/179 1779/119/179 1010/119/179
f 1451/740/535 2220/740/535 2221/741/535 1452/741/535
f 975/50/536 1744/50/536 1745/63/536 976/63/536
f 1264/574/143 2033/574/143 2034/575/143 1265/575/143
f 1230/191/537 1999/191/537 2000/192/537 1231/192/537
f 1519/510/538 2288/510/538 2289/509/538 1520/509/538
f 793/179/539 1562/179/539 1563/221/539 794/221/539
f 1348/534/540 2117/534/540 2118/693/540 1349/693/540
f 1048/114/540 1817/114/540 1818/223/540 1049/223/540
f 1091/144/195 1860/144/195 1861/230/195 1092/230/195
f 875/410/541 1644/410/541 1645/408/541 876/408/541
f 925/224/542 1694/224/542 1695/225/542 926/225/542
f 1473/460/543 2242/460/543 2243/272/543 1474/272/543
f 1303/671/544 2072/671/544 2073/184/544 1304/184/544
f 834/392/545 1603/392/545 1604/213/545 835/213/545
f 1130/483/546 1899/483/546 1900/478/546 1131/478/546
f 1180/585/547 1949/585/547 1950/586/547 1181/586/547
f 959/66/548 1728/66/548 1729/64/548 960/64/548
f 1435/721/549 2204/721/549 2205/702/549 1436/702/549
f 1214/617/550 1983/617/550 1984/618/550 1215/618/550
f 1319/580/195 2088/580/195 2089/519/195 1320/519/195
f 1390/315/551 2159/315/551 2160/635/551 1391/635/551
f 1271/268/552 2040/268/552 2041/320/552 1272/320/552
f 1012/125/511 1781/125/511 1782/126/511 1013/126/511
f 1457/638/553 2226/638/553 2227/236/553 1458/236/553
f 1014/423/554 1783/423/554 1784/377/554 1015/377/554
f 993/26/51 1762/26/51 1763/27/51 994/27/51
f 1332/546/51 2101/546/51 2102/547/51 1333/547/51
f 1373/134/555 2142/134/555 2143/132/555 1374/132/555
f 909/639/556 1678/639/556 1679/420/556 910/420/556
f 943/4/557 1712/4/557 1713/390/557 944/390/557
f 1248/29/558 2017/29/558 2018/30/558 1249/30/558
f 777/107/559 1546/107/559 1547/475/559 778/475/559
f 1075/238/368 1844/238/368 1845/295/368 1076/295/368
f 859/399/560 1628/399/560 1629/441/560 860/441/560
f 1164/333/561 1933/333/561 1934/494/561 1165/494/561
f 1198/600/279 1967/600/279 1968/601/279 1199/601/279
f 1503/187/562 2272/187/562 2273/253/562 1504/253/562
f 1032/101/51 1801/101/51 1802/518/51 1033/518/51
f 818/522/563 1587/522/563 1588/257/563 819/257/563
f 1114/473/564 1883/473/564 1884/537/564 1115/537/564
f 1419/670/565 2188/670/565 2189/715/565 1420/715/565
f 1441/730/566 2210/730/566 2211/731/566 1442/731/566
f 1287/666/51 2056/666/51 2057/667/51 1288/667/51
f 1253/31/51 2022/31/51 2023/76/51 1254/76/51
f 927/459/567 1696/459/567 1697/115/567 928/115/567
f 996/14/51 1765/14/51 1766/28/51 997/28/51
f 1182/587/568 1951/587/568 1952/588/568 1183/588/568
f 1316/198/569 2085/198/569 2086/246/569 1317/246/569
f 1357/698/130 2126/698/130 2127/697/130 1358/697/130
f 1506/412/570 2275/412/570 2276/387/570 1507/387/570
f 1425/713/571 2194/713/571 2195/714/571 1426/714/571
f 1059/293/51 1828/293/51 1829/292/51 1060/292/51
f 843/356/572 1612/356/572 1613/476/572 844/476/572
f 893/370/573 1662/370/573 1663/208/573 894/208/573
f 911/421/574 1680/421/574 1681/486/574 912/486/574
f 802/120/575 1571/120/575 1572/121/575 803/121/575
f 1098/145/51 1867/145/51 1868/409/51 1099/409/51
f 1148/706/576 1917/706/576 1918/182/576 1149/182/576
f 1166/122/577 1935/122/577 1936/514/577 1167/514/577
f 1512/760/578 2281/760/578 2282/761/578 1513/761/578
f 1403/7/579 2172/7/579 2173/75/579 1404/75/579
f 1255/23/51 2024/23/51 2025/203/51 1256/203/51
f 977/65/580 1746/65/580 1747/74/580 978/74/580
f 1237/551/581 2006/551/581 2007/634/581 1238/634/581
f 998/34/51 1767/34/51 1768/32/51 999/32/51
f 1232/177/582 2001/177/582 2002/631/582 1233/631/582
f 980/326/367 1749/326/367 1750/47/367 981/47/367
f 1460/744/583 2229/744/583 2230/745/583 1461/745/583
f 1487/559/108 2256/559/108 2257/767/108 1488/767/108
f 1273/243/179 2042/243/179 2043/627/179 1274/627/179
f 1417/454/584 2186/454/584 2187/455/584 1418/455/584
f 1016/395/509 1785/395/509 1786/5/509 1017/5/509
f 1341/323/585 2110/323/585 2111/324/585 1342/324/585
f 1466/750/586 2235/750/586 2236/751/586 1467/751/586
f 1490/650/587 2259/650/587 2260/469/587 1491/469/587
f 1409/301/588 2178/301/588 2179/722/588 1410/722/588
f 1394/505/589 2163/505/589 2164/506/589 1395/506/589
f 1300/674/590 2069/674/590 2070/672/590 1301/672/590
f 827/531/591 1596/531/591 1597/248/591 828/248/591
f 877/307/592 1646/307/592 1647/305/592 878/305/592
f 1043/496/593 1812/496/593 1813/169/593 1044/169/593
f 1082/207/282 1851/207/282 1852/283/282 1083/283/282
f 1132/355/594 1901/355/594 1902/488/594 1133/488/594
f 1221/623/595 1990/623/595 1991/624/595 1222/624/595
f 895/209/596 1664/209/596 1665/485/596 896/485/596
f 961/41/132 1730/41/132 1731/58/132 962/58/132
f 786/302/597 1555/302/597 1556/318/597 787/318/597
f 832/336/598 1601/336/598 1602/447/598 833/447/598
f 964/57/599 1733/57/599 1734/55/599 965/55/599
f 1150/183/600 1919/183/600 1920/214/600 1151/214/600
f 1239/204/601 2008/204/601 2009/202/601 1240/202/601
f 1216/619/602 1985/619/602 1986/620/602 1217/620/602
f 1474/272/603 2243/272/603 2244/273/603 1475/273/603
f 1312/678/540 2081/678/540 2082/679/540 1313/679/540
f 982/48/320 1751/48/320 1752/550/320 983/550/320
f 1471/227/267 2240/227/267 2241/710/267 1472/710/267
f 1284/669/146 2053/669/146 2054/665/146 1285/665/146
f 811/552/604 1580/552/604 1581/573/604 812/573/604
f 1205/583/605 1974/583/605 1975/584/605 1206/584/605
f 1414/91/606 2183/91/606 2184/525/606 1415/525/606
f 1495/754/607 2264/754/607 2265/271/607 1496/271/607
f 1027/159/51 1796/159/51 1797/152/51 1028/152/51
f 1066/157/51 1835/157/51 1836/239/51 1067/239/51
f 948/294/608 1717/294/608 1718/127/608 949/127/608
f 770/180/609 1539/180/609 1540/654/609 771/654/609
f 1458/236/610 2227/236/610 2228/237/610 1459/237/610
f 1393/562/611 2162/562/611 2163/505/611 1394/505/611
f 1480/764/612 2249/764/612 2250/765/612 1481/765/612
f 1493/763/613 2262/763/613 2263/753/613 1494/753/613
f 1342/324/614 2111/324/614 2112/196/614 1343/196/614
f 879/429/615 1648/429/615 1649/539/615 880/539/615
f 1223/625/616 1992/625/616 1993/199/616 1224/199/616
f 945/378/617 1714/378/617 1715/376/617 946/376/617
f 1000/33/143 1769/33/143 1770/49/143 1001/49/143
f 1309/69/618 2078/69/618 2079/566/618 1310/566/618
f 1189/581/619 1958/581/619 1959/582/619 1190/582/619
f 1134/490/620 1903/490/620 1904/491/620 1135/491/620
f 966/42/621 1735/42/621 1736/43/621 967/43/621
f 1200/602/228 1969/602/228 1970/603/228 1201/603/228
f 795/222/622 1564/222/622 1565/656/622 796/656/622
f 932/139/400 1701/139/400 1702/407/400 933/407/400
f 1050/210/70 1819/210/70 1820/258/70 1051/258/70
f 1442/731/623 2211/731/623 2212/732/623 1443/732/623
f 1377/348/624 2146/348/624 2147/349/624 1378/349/624
f 863/416/625 1632/416/625 1633/358/625 864/358/625
f 1464/748/626 2233/748/626 2234/749/626 1465/749/626
f 929/116/627 1698/116/627 1699/3/627 930/3/627
f 1293/544/51 2062/544/51 2063/185/51 1294/185/51
f 1118/466/628 1887/466/628 1888/82/628 1119/82/628
f 1207/649/629 1976/649/629 1977/218/629 1208/218/629
f 1184/568/630 1953/568/630 1954/71/630 1185/71/630
f 779/234/631 1548/234/631 1549/553/631 780/553/631
f 1173/465/632 1942/465/632 1943/554/632 1174/554/632
f 950/123/633 1719/123/633 1720/117/633 951/117/633
f 1439/728/634 2208/728/634 2209/729/634 1440/729/634
f 1241/220/635 2010/220/635 2011/610/635 1242/610/635
f 1034/195/51 1803/195/51 1804/548/51 1035/548/51
f 861/439/636 1630/439/636 1631/411/636 862/411/636
f 916/259/637 1685/259/637 1686/260/637 917/260/637
f 1532/77/638 2301/77/638 2302/78/638 1533/78/638
f 984/15/288 1753/15/288 1754/12/288 985/12/288
f 1116/538/639 1885/538/639 1886/467/639 1117/467/639
f 1426/714/640 2195/714/640 2196/718/640 1427/718/640
f 1361/590/641 2130/590/641 2131/83/641 1362/83/641
f 1388/707/642 2157/707/642 2158/314/642 1389/314/642
f 913/52/643 1682/52/643 1683/53/643 914/53/643
f 1494/753/644 2263/753/644 2264/754/644 1495/754/644
f 1371/316/645 2140/316/645 2141/711/645 1372/711/645
f 847/141/646 1616/141/646 1617/446/646 848/446/646
f 1448/737/647 2217/737/647 2218/738/647 1449/738/647
f 1168/275/648 1937/275/648 1938/276/648 1169/276/648
f 1225/626/649 1994/626/649 1995/241/649 1226/241/649
f 1102/109/51 1871/109/51 1872/371/51 1103/371/51
f 636/92/650 1405/92/650 1406/89/650 637/89/650
f 261/162/51 1030/162/51 1031/86/51 262/86/51
f 769/70/91 1538/70/91 770/180/91 1/180/91
f 512/661/651 1281/661/651 1282/352/651 513/352/651
f 6/436/652 775/436/652 776/106/652 7/106/652
f 514/353/403 1283/353/403 1284/669/403 515/669/403
f 54/38/653 823/38/653 824/39/653 55/39/653
f 520/664/51 1289/664/51 1290/668/51 521/668/51
f 477/657/654 1246/657/654 1247/642/654 478/642/654
f 259/152/51 1028/152/51 1029/6/51 260/6/51
f 698/751/655 1467/751/655 1468/752/655 699/752/655
f 393/270/656 1162/270/656 1163/332/656 394/332/656
f 222/10/51 991/10/51 992/11/51 223/11/51
f 443/615/657 1212/615/657 1213/616/657 444/616/657
f 138/129/658 907/129/658 908/130/658 139/130/658
f 736/689/517 1505/689/517 1506/412/517 737/412/517
f 555/685/51 1324/685/51 1325/521/51 556/521/51
f 188/95/222 957/95/222 958/73/222 189/73/222
f 241/119/659 1010/119/659 1011/124/659 242/124/659
f 652/716/660 1421/716/660 1422/694/660 653/694/660
f 498/501/661 1267/501/661 1268/502/661 499/502/661
f 566/688/662 1335/688/662 1336/576/662 567/576/662
f 20/232/663 789/232/663 790/233/663 21/233/663
f 507/201/664 1276/201/664 1277/658/664 508/658/664
f 755/252/665 1524/252/665 1525/188/665 756/188/665
f 409/608/666 1178/608/666 1179/609/666 410/609/666
f 311/128/667 1080/128/667 1081/146/667 312/146/667
f 493/652/51 1262/652/51 1263/653/51 494/653/51
f 731/228/508 1500/228/508 1501/540/508 732/540/508
f 714/516/668 1483/516/668 1484/766/668 715/766/668
f 154/372/669 923/372/669 924/394/669 155/394/669
f 56/362/504 825/362/504 826/363/504 57/363/504
f 277/1/670 1046/1/670 1047/2/670 278/2/670
f 238/206/671 1007/206/671 1008/493/671 239/493/671
f 530/675/672 1299/675/672 1300/674/672 531/674/672
f 459/266/502 1228/266/502 1229/267/502 460/267/502
f 668/700/673 1437/700/673 1438/701/673 669/701/673
f 582/524/256 1351/524/256 1352/93/256 583/93/256
f 22/105/674 791/105/674 792/178/674 23/178/674
f 752/757/675 1521/757/675 1522/321/675 753/321/675
f 275/169/676 1044/169/676 1045/406/676 276/406/676
f 204/215/677 973/215/677 974/36/677 205/36/677
f 425/596/495 1194/596/495 1195/597/495 426/597/495
f 327/404/51 1096/404/51 1097/231/51 328/231/51
f 536/543/678 1305/543/678 1306/637/678 537/637/678
f 170/512/679 939/512/679 940/100/679 171/100/679
f 72/341/680 841/341/680 842/489/680 73/489/680
f 684/742/681 1453/742/681 1454/743/681 685/743/681
f 293/290/51 1062/290/51 1063/286/51 294/286/51
f 475/24/682 1244/24/682 1245/22/682 476/22/682
f 38/361/683 807/361/683 808/385/683 39/385/683
f 220/25/51 989/25/51 990/56/51 221/56/51
f 741/449/487 1510/449/487 1511/759/487 742/759/487
f 546/197/486 1315/197/486 1316/198/486 547/198/486
f 441/613/485 1210/613/485 1211/614/485 442/614/485
f 552/520/684 1321/520/684 1322/683/684 553/683/684
f 291/292/51 1060/292/51 1061/263/51 292/263/51
f 186/103/685 955/103/685 956/340/685 187/340/685
f 343/508/686 1112/508/686 1113/472/686 344/472/686
f 36/250/687 805/250/687 806/563/687 37/563/687
f 88/110/688 857/110/688 858/108/688 89/108/688
f 309/51/177 1078/51/177 1079/419/177 310/419/177
f 746/450/477 1515/450/477 1516/389/477 747/389/477
f 700/532/689 1469/532/689 1470/533/689 701/533/689
f 614/444/690 1383/444/690 1384/453/690 615/453/690
f 491/503/51 1260/503/51 1261/557/51 492/557/51
f 257/161/51 1026/161/51 1027/159/51 258/159/51
f 359/434/691 1128/434/691 1129/484/691 360/484/691
f 568/577/692 1337/577/692 1338/545/692 569/545/692
f 254/168/51 1023/168/51 1024/167/51 255/167/51
f 236/457/153 1005/457/153 1006/104/153 237/104/153
f 2/654/693 771/654/693 772/254/693 3/254/693
f 202/37/694 971/37/694 972/35/694 203/35/694
f 104/417/695 873/417/695 874/418/695 105/418/695
f 655/536/696 1424/536/696 1425/713/696 656/713/696
f 654/535/697 1423/535/697 1424/536/697 655/536/697
f 516/665/698 1285/665/698 1286/663/698 517/663/698
f 716/651/699 1485/651/699 1486/558/699 717/558/699
f 598/366/700 1367/366/700 1368/308/700 599/308/700
f 325/402/701 1094/402/701 1095/403/701 326/403/701
f 256/166/51 1025/166/51 1026/161/51 257/161/51
f 562/438/51 1331/438/51 1332/546/51 563/546/51
f 70/264/702 839/264/702 840/405/702 71/405/702
f 551/519/703 1320/519/703 1321/520/703 552/520/703
f 307/295/704 1076/295/704 1077/155/704 308/155/704
f 584/85/705 1353/85/705 1354/695/705 585/695/705
f 52/373/706 821/373/706 822/374/706 53/374/706
f 273/513/707 1042/513/707 1043/496/707 274/496/707
f 473/610/708 1242/610/708 1243/655/708 474/655/708
f 18/318/709 787/318/709 788/319/709 19/319/709
f 218/19/51 987/19/51 988/20/51 219/20/51
f 375/17/710 1144/17/710 1145/18/710 376/18/710
f 532/672/711 1301/672/711 1302/498/711 533/498/711
f 120/289/712 889/289/712 890/265/712 121/265/712
f 15/304/713 784/304/713 785/640/713 16/640/713
f 732/540/451 1501/540/451 1502/541/451 733/541/451
f 272/99/450 1041/99/450 1042/513/450 273/513/450
f 341/296/714 1110/296/714 1111/474/714 342/474/714
f 578/692/715 1347/692/715 1348/534/715 579/534/715
f 252/160/698 1021/160/698 1022/165/698 253/165/698
f 86/142/716 855/142/716 856/330/716 87/330/716
f 323/230/703 1092/230/703 1093/401/703 324/401/703
f 541/566/135 1310/566/135 1311/677/135 542/677/135
f 600/564/402 1369/564/402 1370/504/402 601/504/402
f 68/367/717 837/367/717 838/16/717 69/16/717
f 31/464/718 800/464/718 801/274/718 32/274/718
f 289/291/701 1058/291/701 1059/293/701 290/293/701
f 489/175/51 1258/175/51 1259/176/51 490/176/51
f 646/525/719 1415/525/719 1416/720/719 647/720/719
f 357/433/720 1126/433/720 1127/530/720 358/530/720
f 288/262/721 1057/262/721 1058/291/721 289/291/721
f 34/121/722 803/121/722 804/331/722 35/331/722
f 234/327/661 1003/327/661 1004/339/661 235/339/661
f 391/112/437 1160/112/437 1161/113/437 392/113/437
f 102/422/723 871/422/723 872/357/723 103/357/723
f 594/84/449 1363/84/449 1364/629/449 595/629/449
f 548/246/705 1317/246/705 1318/681/705 549/681/705
f 748/768/434 1517/768/434 1518/413/434 749/413/434
f 136/297/724 905/297/724 906/269/724 137/269/724
f 616/350/725 1385/350/725 1386/174/725 617/174/725
f 339/80/726 1108/80/726 1109/81/726 340/81/726
f 557/578/51 1326/578/51 1327/579/51 558/579/51
f 84/458/727 853/458/727 854/60/727 85/60/727
f 13/391/728 782/391/728 783/303/728 14/303/728
f 47/437/729 816/437/729 817/523/729 48/523/729
f 270/549/730 1039/549/730 1040/497/730 271/497/730
f 503/320/667 1272/320/667 1273/243/667 504/243/667
f 304/344/731 1073/344/731 1074/328/731 305/328/731
f 499/502/732 1268/502/732 1269/369/732 500/369/732
f 527/499/51 1296/499/51 1297/500/51 528/500/51
f 305/328/80 1074/328/80 1075/238/80 306/238/80
f 662/712/733 1431/712/733 1432/724/733 663/724/733
f 83/62/734 852/62/734 853/458/734 84/458/734
f 50/257/418 819/257/418 820/255/418 51/255/418
f 407/137/735 1176/137/735 1177/628/735 408/628/735
f 373/397/736 1142/397/736 1143/703/736 374/703/736
f 610/452/414 1379/452/414 1380/442/414 611/442/414
f 29/325/737 798/325/737 799/135/737 30/135/737
f 564/547/51 1333/547/51 1334/687/51 565/687/51
f 152/211/738 921/211/738 922/212/738 153/212/738
f 118/284/739 887/284/739 888/285/739 119/285/739
f 355/482/740 1124/482/740 1125/435/740 356/435/740
f 286/288/741 1055/288/741 1056/261/741 287/261/741
f 632/495/742 1401/495/742 1402/365/742 633/365/742
f 64/447/743 833/447/743 834/392/743 65/392/743
f 100/426/744 869/426/744 870/427/744 101/427/744
f 678/736/745 1447/736/745 1448/737/745 679/737/745
f 250/151/403 1019/151/403 1020/158/403 251/158/403
f 423/594/402 1192/594/402 1193/595/402 424/595/402
f 321/143/746 1090/143/746 1091/144/746 322/144/746
f 168/529/400 937/529/400 938/511/400 169/511/400
f 389/364/747 1158/364/747 1159/345/747 390/345/747
f 66/213/748 835/213/748 836/181/748 67/181/748
f 764/78/398 1533/78/398 1534/217/398 765/217/398
f 694/747/749 1463/747/749 1464/748/749 695/748/749
f 134/462/750 903/462/750 904/463/750 135/463/750
f 320/415/751 1089/415/751 1090/143/751 321/143/751
f 626/506/752 1395/506/752 1396/717/752 627/717/752
f 580/693/753 1349/693/753 1350/456/753 581/456/753
f 439/218/754 1208/218/754 1209/219/754 440/219/754
f 760/690/392 1529/690/392 1530/430/392 761/430/392
f 371/567/755 1140/567/755 1141/396/755 372/396/755
f 45/526/756 814/526/756 815/256/756 46/256/756
f 184/205/389 953/205/389 954/102/389 185/102/389
f 405/554/757 1174/554/757 1175/136/757 406/136/757
f 116/380/387 885/380/387 886/517/387 117/517/387
f 302/351/672 1071/351/672 1072/347/672 303/347/672
f 150/313/758 919/313/758 920/400/758 151/400/758
f 589/697/701 1358/697/701 1359/699/701 590/699/701
f 559/682/51 1328/682/51 1329/247/51 560/247/51
f 710/471/759 1479/471/759 1480/764/759 711/764/759
f 664/725/383 1433/725/383 1434/726/383 665/726/383
f 79/446/760 848/446/760 849/451/760 80/451/760
f 337/96/51 1106/96/51 1107/97/51 338/97/51
f 521/668/51 1290/668/51 1291/354/51 522/354/51
f 455/199/381 1224/199/381 1225/626/381 456/626/381
f 336/163/51 1105/163/51 1106/96/51 337/96/51
f 61/111/761 830/111/761 831/150/761 62/150/761
f 82/61/762 851/61/762 852/62/762 83/62/762
f 11/553/763 780/553/763 781/317/763 12/317/763
f 200/45/764 969/45/764 970/44/764 201/44/764
f 318/360/256 1087/360/256 1088/440/256 319/440/256
f 596/8/765 1365/8/765 1366/9/765 597/9/765
f 268/194/766 1037/194/766 1038/226/766 269/226/766
f 421/582/767 1190/582/767 1191/593/767 422/593/767
f 575/431/497 1344/431/497 1345/432/497 576/432/497
f 471/202/372 1240/202/372 1241/220/372 472/220/372
f 166/171/768 935/171/768 936/598/768 167/598/768
f 500/369/769 1269/369/769 1270/190/769 501/190/769
f 537/637/770 1306/637/770 1307/216/770 538/216/770
f 216/12/367 985/12/367 986/21/367 217/21/367
f 680/738/771 1449/738/771 1450/739/771 681/739/771
f 605/132/772 1374/132/772 1375/172/772 606/172/772
f 642/279/364 1411/279/364 1412/723/364 643/723/364
f 27/656/773 796/656/773 797/468/773 28/468/773
f 638/278/774 1407/278/774 1408/300/774 639/300/774
f 95/358/775 864/358/775 865/359/775 96/359/775
f 387/337/776 1156/337/776 1157/338/776 388/338/776
f 353/480/777 1122/480/777 1123/481/777 354/481/777
f 284/282/705 1053/282/705 1054/287/705 285/287/705
f 352/479/778 1121/479/778 1122/480/778 353/480/778
f 132/527/779 901/527/779 902/528/779 133/528/779
f 98/561/780 867/561/780 868/428/780 99/428/780
f 3/254/781 772/254/781 773/153/781 4/153/781
f 437/584/782 1206/584/782 1207/649/782 438/649/782
f 612/443/783 1381/443/783 1382/705/783 613/705/783
f 182/117/784 951/117/784 952/118/784 183/118/784
f 77/140/349 846/140/349 847/141/349 78/141/349
f 369/343/785 1138/343/785 1139/696/785 370/696/785
f 696/749/786 1465/749/786 1466/750/786 697/750/786
f 334/371/51 1103/371/51 1104/164/51 335/164/51
f 114/382/787 883/382/787 884/379/787 115/379/787
f 111/539/345 880/539/345 881/542/345 112/542/345
f 658/718/788 1427/718/788 1428/719/788 659/719/788
f 591/592/789 1360/592/789 1361/590/789 592/590/789
f 628/676/342 1397/676/342 1398/565/342 629/565/342
f 553/683/701 1322/683/701 1323/684/701 554/684/701
f 368/342/79 1137/342/79 1138/343/79 369/343/79
f 403/487/790 1172/487/790 1173/465/790 404/465/790
f 453/624/791 1222/624/791 1223/625/791 454/625/791
f 148/260/792 917/260/792 918/704/792 149/704/792
f 43/573/793 812/573/793 813/375/793 44/375/793
f 742/759/794 1511/759/794 1512/760/794 743/760/794
f 198/43/795 967/43/795 968/46/795 199/46/795
f 674/732/796 1443/732/796 1444/733/796 675/733/796
f 300/329/51 1069/329/51 1070/346/51 301/346/51
f 487/203/51 1256/203/51 1257/334/51 488/334/51
f 712/765/797 1481/765/797 1482/515/797 713/515/797
f 419/647/331 1188/647/331 1189/581/331 420/581/331
f 385/393/798 1154/393/798 1155/507/798 386/507/798
f 720/560/799 1489/560/799 1490/650/799 721/650/799
f 232/49/731 1001/49/731 1002/54/731 233/54/731
f 164/407/72 933/407/72 934/170/72 165/170/72
f 93/411/800 862/411/800 863/416/800 94/416/800
f 130/147/801 899/147/801 900/148/801 131/148/801
f 569/545/802 1338/545/802 1339/612/802 570/612/802
f 469/634/325 1238/634/325 1239/204/325 470/204/325
f 637/89/803 1406/89/803 1407/278/803 638/278/803
f 690/237/804 1459/237/804 1460/744/804 691/744/804
f 350/82/51 1119/82/51 1120/477/51 351/477/51
f 644/90/805 1413/90/805 1414/91/805 645/91/805
f 59/248/806 828/248/806 829/249/806 60/249/806
f 214/550/320 983/550/320 984/15/320 215/15/320
f 435/607/807 1204/607/807 1205/583/807 436/583/807
f 607/173/808 1376/173/808 1377/348/808 608/348/808
f 316/383/809 1085/383/809 1086/306/809 317/306/809
f 728/461/190 1497/461/190 1498/611/190 729/611/190
f 127/485/810 896/485/810 897/298/810 128/298/810
f 180/127/314 949/127/314 950/123/314 181/123/314
f 384/312/710 1153/312/710 1154/393/710 385/393/710
f 585/695/811 1354/695/811 1355/727/811 586/727/811
f 762/67/310 1531/67/310 1532/77/310 763/77/310
f 109/305/309 878/305/309 879/429/309 110/429/309
f 401/555/812 1170/555/812 1171/569/812 402/569/812
f 75/476/813 844/476/813 845/98/813 76/98/813
f 766/604/306 1535/604/306 1536/599/306 767/599/306
f 451/622/814 1220/622/814 1221/623/814 452/623/814
f 366/491/815 1135/491/815 1136/492/815 367/492/815
f 146/280/241 915/280/241 916/259/241 147/259/241
f 332/398/51 1101/398/51 1102/109/51 333/109/51
f 509/659/816 1278/659/816 1279/589/816 510/589/816
f 653/694/817 1422/694/817 1423/535/817 654/535/817
f 196/55/818 965/55/818 966/42/818 197/42/818
f 623/636/819 1392/636/819 1393/562/819 624/562/819
f 660/708/820 1429/708/820 1430/709/820 661/709/820
f 248/5/651 1017/5/651 1018/149/651 249/149/651
f 485/76/51 1254/76/51 1255/23/51 486/23/51
f 143/486/574 912/486/574 913/52/574 144/52/574
f 230/32/672 999/32/672 1000/33/672 231/33/672
f 400/276/821 1169/276/821 1170/555/821 401/555/821
f 722/469/295 1491/469/295 1492/470/295 723/470/295
f 417/72/822 1186/72/822 1187/646/822 418/646/822
f 744/761/823 1513/761/823 1514/769/823 745/769/823
f 467/633/292 1236/633/292 1237/551/292 468/551/292
f 162/138/824 931/138/824 932/139/824 163/139/824
f 601/504/825 1370/504/825 1371/316/825 602/316/825
f 669/701/826 1438/701/826 1439/728/826 670/728/826
f 212/47/288 981/47/288 982/48/288 213/48/288
f 676/734/287 1445/734/287 1446/735/287 677/735/287
f 91/441/286 860/441/286 861/439/286 92/439/286
f 159/115/285 928/115/285 929/116/285 160/116/285
f 348/467/827 1117/467/827 1118/466/827 349/466/827
f 416/71/212 1185/71/212 1186/72/212 417/72/212
f 125/208/283 894/208/283 895/209/283 126/209/283
f 505/627/659 1274/627/659 1275/200/659 506/200/659
f 685/743/828 1454/743/828 1455/648/828 686/648/828
f 382/214/280 1151/214/280 1152/311/280 383/311/280
f 433/605/829 1202/605/829 1203/606/829 434/606/829
f 617/174/278 1386/174/278 1387/133/278 618/133/278
f 178/424/830 947/424/830 948/294/830 179/294/830
f 107/408/831 876/408/831 877/307/831 108/307/831
f 9/475/275 778/475/275 779/234/275 10/234/275
f 175/390/832 944/390/832 945/378/832 176/378/832
f 692/745/833 1461/745/833 1462/746/833 693/746/833
f 364/488/834 1133/488/834 1134/490/834 365/490/834
f 266/548/835 1035/548/835 1036/193/835 267/193/835
f 432/603/270 1201/603/270 1202/605/270 433/605/270
f 768/570/91 1537/570/91 1538/70/91 769/70/91
f 523/662/51 1292/662/51 1293/544/51 524/544/51
f 761/430/269 1530/430/269 1531/67/269 762/67/269
f 738/387/268 1507/387/268 1508/388/268 739/388/268
f 488/334/51 1257/334/51 1258/175/51 489/175/51
f 501/190/836 1270/190/836 1271/268/836 502/268/836
f 701/533/837 1470/533/837 1471/227/837 702/227/837
f 483/645/51 1252/645/51 1253/31/51 484/31/51
f 449/79/838 1218/79/838 1219/621/838 450/621/838
f 246/377/136 1015/377/136 1016/395/136 247/395/136
f 191/64/685 960/64/685 961/41/685 192/41/685
f 228/28/51 997/28/51 998/34/51 229/34/51
f 194/59/839 963/59/839 964/57/839 195/57/839
f 123/245/840 892/245/840 893/370/840 124/370/840
f 25/221/841 794/221/841 795/222/841 26/222/841
f 448/620/842 1217/620/842 1218/79/842 449/79/842
f 141/420/843 910/420/843 911/421/843 142/421/843
f 708/758/844 1477/758/844 1478/762/844 709/762/844
f 380/182/576 1149/182/576 1150/183/576 381/183/576
f 282/258/256 1051/258/256 1052/277/256 283/277/256
f 618/133/845 1387/133/845 1388/707/845 619/707/845
f 398/514/846 1167/514/846 1168/275/846 399/275/846
f 465/335/847 1234/335/847 1235/632/847 466/632/847
f 539/68/848 1308/68/848 1309/69/848 540/69/848
f 754/251/849 1523/251/849 1524/252/849 755/252/849
f 542/677/715 1311/677/715 1312/678/715 543/678/715
f 210/94/250 979/94/250 980/326/250 211/326/250
f 757/189/850 1526/189/850 1527/229/850 758/229/850
f 717/558/851 1486/558/851 1487/559/851 718/559/851
f 207/63/247 976/63/247 977/65/247 208/65/247
f 244/126/852 1013/126/852 1014/423/852 245/423/852
f 157/225/853 926/225/853 927/459/853 158/459/853
f 649/455/854 1418/455/854 1419/670/854 650/670/854
f 414/588/855 1183/588/855 1184/568/855 415/568/855
f 139/130/856 908/130/856 909/639/856 140/639/856
f 41/40/857 810/40/857 811/552/857 42/552/857
f 671/729/858 1440/729/858 1441/730/858 672/730/858
f 481/643/859 1250/643/859 1251/644/859 482/644/859
f 396/494/860 1165/494/860 1166/122/860 397/122/860
f 298/239/51 1067/239/51 1068/240/51 299/240/51
f 226/13/51 995/13/51 996/14/51 227/14/51
f 517/663/861 1286/663/861 1287/666/861 518/666/861
f 727/271/237 1496/271/237 1497/461/237 728/461/237
f 740/448/862 1509/448/862 1510/449/862 741/449/862
f 665/726/863 1434/726/863 1435/721/863 666/721/863
f 506/200/864 1275/200/864 1276/201/864 507/201/864
f 155/394/234 924/394/234 925/224/234 156/224/234
f 7/106/233 776/106/233 777/107/233 8/107/233
f 733/541/232 1502/541/232 1503/187/232 734/187/232
f 173/88/865 942/88/865 943/4/865 174/4/865
f 412/586/230 1181/586/230 1182/587/230 413/587/230
f 633/365/866 1402/365/866 1403/7/866 634/7/866
f 264/518/51 1033/518/51 1034/195/51 265/195/51
f 223/11/51 992/11/51 993/26/51 224/26/51
f 430/601/270 1199/601/270 1200/602/270 431/602/270
f 57/363/867 826/363/867 827/531/867 58/531/867
f 480/30/868 1249/30/868 1250/643/868 481/643/868
f 687/641/869 1456/641/869 1457/638/869 688/638/869
f 497/556/80 1266/556/80 1267/501/80 498/501/80
f 681/739/870 1450/739/870 1451/740/870 682/740/870
f 314/283/715 1083/283/715 1084/381/715 315/381/715
f 533/498/871 1302/498/871 1303/671/871 534/671/871
f 189/73/222 958/73/222 959/66/222 190/66/222
f 242/124/864 1011/124/864 1012/125/864 243/125/864
f 171/100/872 940/100/872 941/87/872 172/87/872
f 23/178/873 792/178/873 793/179/873 24/179/873
f 446/618/874 1215/618/874 1216/619/874 447/619/874
f 756/188/217 1525/188/217 1526/189/217 757/189/217
f 428/572/216 1197/572/216 1198/600/216 429/600/216
f 280/223/753 1049/223/753 1050/210/753 281/210/753
f 703/710/875 1472/710/875 1473/460/875 704/460/875
f 749/413/876 1518/413/876 1519/510/876 750/510/876
f 73/489/877 842/489/877 843/356/877 74/356/877
f 239/493/878 1008/493/878 1009/131/878 240/131/878
f 5/154/879 774/154/879 775/436/879 6/436/879
f 330/409/51 1099/409/51 1100/414/51 331/414/51
f 496/575/731 1265/575/731 1266/556/731 497/556/731
f 262/86/51 1031/86/51 1032/101/51 263/101/51
f 205/36/209 974/36/209 975/50/209 206/50/209
f 187/340/208 956/340/208 957/95/208 188/95/208
f 587/591/703 1356/591/703 1357/698/703 588/698/703
f 519/667/51 1288/667/51 1289/664/51 520/664/51
f 462/192/207 1231/192/207 1232/177/207 463/177/207
f 444/616/880 1213/616/880 1214/617/880 445/617/880
f 719/767/881 1488/767/881 1489/560/881 720/560/881
f 599/308/882 1368/308/882 1369/564/882 600/564/882
f 39/385/883 808/385/883 809/386/883 40/386/883
f 713/515/884 1482/515/884 1483/516/884 714/516/884
f 89/108/885 858/108/885 859/399/885 90/399/885
f 296/156/51 1065/156/51 1066/157/51 297/157/51
f 203/35/886 972/35/886 973/215/886 204/215/886
f 346/537/199 1115/537/199 1116/538/199 347/538/199
f 221/56/51 990/56/51 991/10/51 222/10/51
f 460/267/198 1229/267/198 1230/191/198 461/191/198
f 603/711/887 1372/711/887 1373/134/887 604/134/887
f 478/642/196 1247/642/196 1248/29/196 479/29/196
f 513/352/888 1282/352/888 1283/353/888 514/353/888
f 586/727/195 1355/727/195 1356/591/195 587/591/195
f 21/233/889 790/233/889 791/105/889 22/105/889
f 735/253/193 1504/253/193 1505/689/193 736/689/193
f 105/418/890 874/418/890 875/410/890 106/410/890
f 278/2/715 1047/2/715 1048/114/715 279/114/715
f 260/6/51 1029/6/51 1030/162/51 261/162/51
f 729/611/190 1498/611/190 1499/756/190 730/756/190
f 362/478/891 1131/478/891 1132/355/891 363/355/891
f 765/217/188 1534/217/188 1535/604/188 766/604/188
f 535/184/892 1304/184/892 1305/543/892 536/543/892
f 745/769/893 1514/769/893 1515/450/893 746/450/893
f 686/648/894 1455/648/894 1456/641/894 687/641/894
f 529/673/51 1298/673/51 1299/675/51 530/675/51
f 219/20/51 988/20/51 989/25/51 220/25/51
f 565/687/51 1334/687/51 1335/688/51 566/688/51
f 255/167/51 1024/167/51 1025/166/51 256/166/51
f 595/629/184 1364/629/184 1365/8/184 596/8/184
f 476/22/895 1245/22/895 1246/657/895 477/657/895
f 55/39/896 824/39/896 825/362/896 56/362/896
f 37/563/897 806/563/897 807/361/897 38/361/897
f 121/265/898 890/265/898 891/244/898 122/244/898
f 312/146/899 1081/146/899 1082/207/899 313/207/899
f 294/286/51 1063/286/51 1064/281/51 295/281/51
f 276/406/900 1045/406/900 1046/1/900 277/1/900
f 378/368/600 1147/368/600 1148/706/600 379/706/600
f 581/456/901 1350/456/901 1351/524/901 582/524/901
f 237/104/177 1006/104/177 1007/206/177 238/206/177
f 545/680/901 1314/680/901 1315/197/901 546/197/901
f 635/75/902 1404/75/902 1405/92/902 636/92/902
f 71/405/903 840/405/903 841/341/903 72/341/903
f 526/186/51 1295/186/51 1296/499/51 527/499/51
f 494/653/672 1263/653/672 1264/574/672 495/574/672
f 35/331/904 804/331/904 805/250/904 36/250/904
f 571/686/905 1340/686/905 1341/323/905 572/323/905
f 328/231/51 1097/231/51 1098/145/51 329/145/51
f 271/497/704 1040/497/704 1041/99/704 272/99/704
f 751/509/906 1520/509/906 1521/757/906 752/757/906
f 292/263/51 1061/263/51 1062/290/51 293/290/51
f 16/640/907 785/640/907 786/302/907 17/302/907
f 235/339/704 1004/339/704 1005/457/704 236/457/704
f 753/321/908 1522/321/908 1523/251/908 754/251/908
f 53/374/909 822/374/909 823/38/909 54/38/909
f 492/557/51 1261/557/51 1262/652/51 493/652/51
f 464/631/166 1233/631/166 1234/335/166 465/335/166
f 310/419/503 1079/419/503 1080/128/503 311/128/503
f 19/319/910 788/319/910 789/232/910 20/232/910
f 137/269/911 906/269/911 907/129/911 138/129/911
f 597/9/162 1366/9/162 1367/366/162 598/366/162
f 287/261/703 1056/261/703 1057/262/703 288/262/703
f 567/576/912 1336/576/912 1337/577/912 568/577/912
f 561/322/51 1330/322/51 1331/438/51 562/438/51
f 394/332/913 1163/332/913 1164/333/913 395/333/913
f 87/330/158 856/330/158 857/110/158 88/110/158
f 32/274/914 801/274/914 802/120/914 33/120/914
f 51/255/915 820/255/915 821/373/915 52/373/915
f 1/180/916 770/180/916 771/654/916 2/654/916
f 651/715/917 1420/715/917 1421/716/917 652/716/917
f 344/472/918 1113/472/918 1114/473/918 345/473/918
f 308/155/153 1077/155/153 1078/51/153 309/51/153
f 258/159/51 1027/159/51 1028/152/51 259/152/51
f 556/521/51 1325/521/51 1326/578/51 557/578/51
f 69/16/919 838/16/919 839/264/919 70/264/919
f 515/669/920 1284/669/920 1285/665/920 516/665/920
f 153/212/151 922/212/151 923/372/151 154/372/151
f 326/403/51 1095/403/51 1096/404/51 327/404/51
f 410/609/150 1179/609/150 1180/585/150 411/585/150
f 4/153/921 773/153/921 774/154/921 5/154/921
f 583/93/100 1352/93/100 1353/85/100 584/85/100
f 667/702/922 1436/702/922 1437/700/922 668/700/922
f 613/705/923 1382/705/923 1383/444/923 614/444/923
f 558/579/51 1327/579/51 1328/682/51 559/682/51
f 251/158/920 1020/158/920 1021/160/920 252/160/920
f 17/302/924 786/302/924 787/318/924 18/318/924
f 169/511/925 938/511/925 939/512/925 170/512/925
f 103/357/926 872/357/926 873/417/926 104/417/926
f 303/347/927 1072/347/927 1073/344/927 304/344/927
f 253/165/861 1022/165/861 1023/168/861 254/168/861
f 706/273/928 1475/273/928 1476/755/928 707/755/928
f 508/658/929 1277/658/929 1278/659/929 509/659/929
f 274/496/930 1043/496/930 1044/169/930 275/169/930
f 426/597/139 1195/597/139 1196/571/139 427/571/139
f 360/484/931 1129/484/931 1130/483/931 361/483/931
f 48/523/137 817/523/137 818/522/137 49/522/137
f 510/589/136 1279/589/136 1280/660/136 511/660/136
f 577/691/670 1346/691/670 1347/692/670 578/692/670
f 531/674/932 1300/674/932 1301/672/932 532/672/932
f 683/741/134 1452/741/134 1453/742/134 684/742/134
f 67/181/933 836/181/933 837/367/933 68/367/933
f 185/102/934 954/102/934 955/103/934 186/103/934
f 457/241/935 1226/241/935 1227/242/935 458/242/935
f 324/401/684 1093/401/684 1094/402/684 325/402/684
f 442/614/936 1211/614/936 1212/615/936 443/615/936
f 574/196/937 1343/196/937 1344/431/937 575/431/937
f 699/752/938 1468/752/938 1469/532/938 700/532/938
f 319/440/100 1088/440/100 1089/415/100 320/415/100
f 85/60/126 854/60/126 855/142/126 86/142/126
f 119/285/939 888/285/939 889/289/939 120/289/939
f 342/474/940 1111/474/940 1112/508/940 343/508/940
f 593/83/941 1362/83/941 1363/84/941 594/84/941
f 201/44/942 970/44/942 971/37/942 202/37/942
f 376/18/943 1145/18/943 1146/445/943 377/445/943
f 269/226/944 1038/226/944 1039/549/944 270/549/944
f 522/354/51 1291/354/51 1292/662/51 523/662/51
f 33/120/945 802/120/945 803/121/945 34/121/945
f 458/242/946 1227/242/946 1228/266/946 459/266/946
f 14/303/947 783/303/947 784/304/947 15/304/947
f 340/81/948 1109/81/948 1110/296/948 341/296/948
f 267/193/949 1036/193/949 1037/194/949 268/194/949
f 290/293/51 1059/293/51 1060/292/51 291/292/51
f 715/766/115 1484/766/115 1485/651/115 716/651/115
f 101/427/950 870/427/950 871/422/950 102/422/950
f 528/500/51 1297/500/51 1298/673/51 529/673/51
f 639/300/951 1408/300/951 1409/301/951 640/301/951
f 12/317/952 781/317/952 782/391/952 13/391/952
f 547/198/953 1316/198/953 1317/246/953 548/246/953
f 554/684/51 1323/684/51 1324/685/51 555/685/51
f 590/699/51 1359/699/51 1360/592/51 591/592/51
f 358/530/954 1127/530/954 1128/434/954 359/434/954
f 285/287/955 1054/287/955 1055/288/955 286/288/955
f 609/349/956 1378/349/956 1379/452/956 610/452/956
f 335/164/51 1104/164/51 1105/163/51 336/163/51
f 615/453/957 1384/453/957 1385/350/957 616/350/957
f 30/135/958 799/135/958 800/464/958 31/464/958
f 99/428/959 868/428/959 869/426/959 100/426/959
f 730/756/105 1499/756/105 1500/228/105 731/228/105
f 80/451/960 849/451/960 850/630/960 81/630/960
f 544/679/753 1313/679/753 1314/680/753 545/680/753
f 356/435/961 1125/435/961 1126/433/961 357/433/961
f 538/216/962 1307/216/962 1308/68/962 539/68/962
f 49/522/963 818/522/963 819/257/963 50/257/963
f 217/21/51 986/21/51 987/19/51 218/19/51
f 283/277/100 1052/277/100 1053/282/100 284/282/100
f 306/238/661 1075/238/661 1076/295/661 307/295/661
f 474/655/99 1243/655/99 1244/24/99 475/24/99
f 620/314/441 1389/314/441 1390/315/441 621/315/441
f 28/468/97 797/468/97 798/325/97 29/325/97
f 563/546/51 1332/546/51 1333/547/51 564/547/51
f 135/463/964 904/463/964 905/297/964 136/297/964
f 117/517/965 886/517/965 887/284/965 118/284/965
f 392/113/966 1161/113/966 1162/270/966 393/270/966
f 606/172/967 1375/172/967 1376/173/967 607/173/967
f 374/703/968 1143/703/968 1144/17/968 375/17/968
f 767/599/91 1536/599/91 1537/570/91 768/570/91
f 661/709/969 1430/709/969 1431/712/969 662/712/969
f 351/477/970 1120/477/970 1121/479/970 352/479/970
f 631/310/89 1400/310/89 1401/495/89 632/495/89
f 151/400/971 920/400/971 921/211/971 152/211/971
f 96/359/972 865/359/972 866/425/972 97/425/972
f 301/346/51 1070/346/51 1071/351/51 302/351/51
f 115/379/86 884/379/86 885/380/86 116/380/86
f 299/240/51 1068/240/51 1069/329/51 300/329/51
f 408/628/85 1177/628/85 1178/608/85 409/608/85
f 622/635/973 1391/635/973 1392/636/973 623/636/973
f 46/256/974 815/256/974 816/437/974 47/437/974
f 372/396/975 1141/396/975 1142/397/975 373/397/975
f 44/375/976 813/375/976 814/526/976 45/526/976
f 65/392/545 834/392/545 835/213/545 66/213/545
f 233/54/80 1002/54/80 1003/327/80 234/327/80
f 367/492/340 1136/492/340 1137/342/340 368/342/340
f 560/247/51 1329/247/51 1330/322/51 561/322/51
f 322/144/195 1091/144/195 1092/230/195 323/230/195
f 490/176/51 1259/176/51 1260/503/51 491/503/51
f 112/542/78 881/542/78 882/384/78 113/384/78
f 133/528/977 902/528/977 903/462/977 134/462/977
f 579/534/978 1348/534/978 1349/693/978 580/693/978
f 747/389/76 1516/389/76 1517/768/76 748/768/76
f 677/735/979 1446/735/979 1447/736/979 678/736/979
f 390/345/833 1159/345/833 1160/112/833 391/112/833
f 570/612/980 1339/612/980 1340/686/980 571/686/980
f 167/598/981 936/598/981 937/529/981 168/529/981
f 647/720/982 1416/720/982 1417/454/982 648/454/982
f 317/306/901 1086/306/901 1087/360/901 318/360/901
f 315/381/983 1084/381/983 1085/383/983 316/383/983
f 424/595/984 1193/595/984 1194/596/984 425/596/984
f 62/150/985 831/150/985 832/336/985 63/336/985
f 60/249/986 829/249/986 830/111/986 61/111/986
f 81/630/987 850/630/987 851/61/987 82/61/987
f 525/185/51 1294/185/51 1295/186/51 526/186/51
f 383/311/988 1152/311/988 1153/312/988 384/312/988
f 629/565/64 1398/565/64 1399/309/64 630/309/64
f 576/432/989 1345/432/989 1346/691/989 577/691/989
f 338/97/990 1107/97/990 1108/80/990 339/80/990
f 693/746/736 1462/746/736 1463/747/736 694/747/736
f 128/298/991 897/298/991 898/299/991 129/299/991
f 149/704/992 918/704/992 919/313/992 150/313/992
f 641/722/993 1410/722/993 1411/279/993 642/279/993
f 183/118/994 952/118/994 953/205/994 184/205/994
f 406/136/995 1175/136/995 1176/137/995 407/137/995
f 131/148/996 900/148/996 901/527/996 132/527/996
f 249/149/888 1018/149/888 1019/151/888 250/151/888
f 440/219/997 1209/219/997 1210/613/997 441/613/997
f 663/724/998 1432/724/998 1433/725/998 664/725/998
f 388/338/999 1157/338/999 1158/364/999 389/364/999
f 331/414/51 1100/414/51 1101/398/51 332/398/51
f 76/98/1000 845/98/1000 846/140/1000 77/140/1000
f 709/762/1001 1478/762/1001 1479/471/1001 710/471/1001
f 165/170/768 934/170/768 935/171/768 166/171/768
f 97/425/1002 866/425/1002 867/561/1002 98/561/1002
f 199/46/1003 968/46/1003 969/45/1003 200/45/1003
f 758/229/392 1527/229/392 1528/235/392 759/235/392
f 422/593/1004 1191/593/1004 1192/594/1004 423/594/1004
f 333/109/51 1102/109/51 1103/371/51 334/371/51
f 354/481/1005 1123/481/1005 1124/482/1005 355/482/1005
f 456/626/1006 1225/626/1006 1226/241/1006 457/241/1006
f 399/275/1007 1168/275/1007 1169/276/1007 400/276/1007
f 679/737/1008 1448/737/1008 1449/738/1008 680/738/1008
f 78/141/646 847/141/646 848/446/646 79/446/646
f 602/316/1009 1371/316/1009 1372/711/1009 603/711/1009
f 611/442/1010 1380/442/1010 1381/443/1010 612/443/1010
f 725/753/644 1494/753/644 1495/754/644 726/754/644
f 144/52/643 913/52/643 914/53/643 145/53/643
f 619/707/1011 1388/707/1011 1389/314/1011 620/314/1011
f 592/590/641 1361/590/641 1362/83/641 593/83/641
f 657/714/1012 1426/714/1012 1427/718/1012 658/718/1012
f 347/538/1013 1116/538/1013 1117/467/1013 348/467/1013
f 511/660/1014 1280/660/1014 1281/661/1014 512/661/1014
f 215/15/288 984/15/288 985/12/288 216/12/288
f 763/77/638 1532/77/638 1533/78/638 764/78/638
f 147/259/1015 916/259/1015 917/260/1015 148/260/1015
f 92/439/636 861/439/636 862/411/636 93/411/636
f 113/384/505 882/384/505 883/382/505 114/382/505
f 265/195/51 1034/195/51 1035/548/51 266/548/51
f 472/220/635 1241/220/635 1242/610/635 473/610/635
f 670/728/1016 1439/728/1016 1440/729/1016 671/729/1016
f 181/123/1017 950/123/1017 951/117/1017 182/117/1017
f 404/465/1018 1173/465/1018 1174/554/1018 405/554/1018
f 370/696/1019 1139/696/1019 1140/567/1019 371/567/1019
f 10/234/1020 779/234/1020 780/553/1020 11/553/1020
f 415/568/630 1184/568/630 1185/71/630 416/71/630
f 438/649/1021 1207/649/1021 1208/218/1021 439/218/1021
f 349/466/1022 1118/466/1022 1119/82/1022 350/82/1022
f 627/717/494 1396/717/494 1397/676/494 628/676/494
f 524/544/51 1293/544/51 1294/185/51 525/185/51
f 160/116/1023 929/116/1023 930/3/1023 161/3/1023
f 695/748/1024 1464/748/1024 1465/749/1024 696/749/1024
f 94/416/1025 863/416/1025 864/358/1025 95/358/1025
f 608/348/52 1377/348/52 1378/349/52 609/349/52
f 673/731/1026 1442/731/1026 1443/732/1026 674/732/1026
f 759/235/392 1528/235/392 1529/690/392 760/690/392
f 281/210/901 1050/210/901 1051/258/901 282/258/901
f 163/139/1027 932/139/1027 933/407/1027 164/407/1027
f 26/222/1028 795/222/1028 796/656/1028 27/656/1028
f 431/602/228 1200/602/228 1201/603/228 432/603/228
f 197/42/1029 966/42/1029 967/43/1029 198/43/1029
f 365/490/846 1134/490/846 1135/491/846 366/491/846
f 420/581/1030 1189/581/1030 1190/582/1030 421/582/1030
f 540/69/1031 1309/69/1031 1310/566/1031 541/566/1031
f 231/33/927 1000/33/927 1001/49/927 232/49/927
f 176/378/1032 945/378/1032 946/376/1032 177/376/1032
f 454/625/616 1223/625/616 1224/199/616 455/199/616
f 110/429/615 879/429/615 880/539/615 111/539/615
f 129/299/1033 898/299/1033 899/147/1033 130/147/1033
f 573/324/614 1342/324/614 1343/196/614 574/196/614
f 724/763/613 1493/763/613 1494/753/613 725/753/613
f 711/764/1034 1480/764/1034 1481/765/1034 712/765/1034
f 624/562/1035 1393/562/1035 1394/505/1035 625/505/1035
f 689/236/1036 1458/236/1036 1459/237/1036 690/237/1036
f 386/507/1037 1155/507/1037 1156/337/1037 387/337/1037
f 179/294/608 948/294/608 949/127/608 180/127/608
f 643/723/1038 1412/723/1038 1413/90/1038 644/90/1038
f 297/157/51 1066/157/51 1067/239/51 298/239/51
f 726/754/607 1495/754/607 1496/271/607 727/271/607
f 645/91/1039 1414/91/1039 1415/525/1039 646/525/1039
f 436/583/1040 1205/583/1040 1206/584/1040 437/584/1040
f 42/552/1041 811/552/1041 812/573/1041 43/573/1041
f 702/227/1042 1471/227/1042 1472/710/1042 703/710/1042
f 213/48/320 982/48/320 983/550/320 214/550/320
f 543/678/978 1312/678/978 1313/679/978 544/679/978
f 705/272/1043 1474/272/1043 1475/273/1043 706/273/1043
f 145/53/471 914/53/471 915/280/471 146/280/471
f 447/619/401 1216/619/401 1217/620/401 448/620/401
f 470/204/1044 1239/204/1044 1240/202/1044 471/202/1044
f 381/183/1045 1150/183/1045 1151/214/1045 382/214/1045
f 195/57/1046 964/57/1046 965/55/1046 196/55/1046
f 402/569/1047 1171/569/1047 1172/487/1047 403/487/1047
f 63/336/1048 832/336/1048 833/447/1048 64/447/1048
f 192/41/934 961/41/934 962/58/934 193/58/934
f 126/209/1049 895/209/1049 896/485/1049 127/485/1049
f 452/623/595 1221/623/595 1222/624/595 453/624/595
f 363/355/966 1132/355/966 1133/488/966 364/488/966
f 659/719/1050 1428/719/1050 1429/708/1050 660/708/1050
f 313/207/659 1082/207/659 1083/283/659 314/283/659
f 108/307/1051 877/307/1051 878/305/1051 109/305/1051
f 58/531/1052 827/531/1052 828/248/1052 59/248/1052
f 625/505/1053 1394/505/1053 1395/506/1053 626/506/1053
f 640/301/1054 1409/301/1054 1410/722/1054 641/722/1054
f 721/650/587 1490/650/587 1491/469/587 722/469/587
f 697/750/586 1466/750/586 1467/751/586 698/751/586
f 161/3/1055 930/3/1055 931/138/1055 162/138/1055
f 572/323/1056 1341/323/1056 1342/324/1056 573/324/1056
f 247/395/1014 1016/395/1014 1017/5/1014 248/5/1014
f 648/454/1057 1417/454/1057 1418/455/1057 649/455/1057
f 418/646/1058 1187/646/1058 1188/647/1058 419/647/1058
f 504/243/899 1273/243/899 1274/627/899 505/627/899
f 718/559/108 1487/559/108 1488/767/108 719/767/108
f 691/744/1059 1460/744/1059 1461/745/1059 692/745/1059
f 211/326/367 980/326/367 981/47/367 212/47/367
f 675/733/1060 1444/733/1060 1445/734/1060 676/734/1060
f 463/177/582 1232/177/582 1233/631/582 464/631/582
f 229/34/51 998/34/51 999/32/51 230/32/51
f 468/551/581 1237/551/581 1238/634/581 469/634/581
f 549/681/811 1318/681/811 1319/580/811 550/580/811
f 208/65/580 977/65/580 978/74/580 209/74/580
f 486/23/51 1255/23/51 1256/203/51 487/203/51
f 634/7/1061 1403/7/1061 1404/75/1061 635/75/1061
f 743/760/1062 1512/760/1062 1513/761/1062 744/761/1062
f 397/122/577 1166/122/577 1167/514/577 398/514/577
f 379/706/1063 1148/706/1063 1149/182/1063 380/182/1063
f 177/376/1064 946/376/1064 947/424/1064 178/424/1064
f 329/145/51 1098/145/51 1099/409/51 330/409/51
f 142/421/297 911/421/297 912/486/297 143/486/297
f 124/370/1065 893/370/1065 894/208/1065 125/208/1065
f 434/606/1066 1203/606/1066 1204/607/1066 435/607/1066
f 74/356/1067 843/356/1067 844/476/1067 75/476/1067
f 656/713/1068 1425/713/1068 1426/714/1068 657/714/1068
f 737/412/570 1506/412/570 1507/387/570 738/387/570
f 588/698/684 1357/698/684 1358/697/684 589/697/684
f 413/587/1069 1182/587/1069 1183/588/1069 414/588/1069
f 227/14/51 996/14/51 997/28/51 228/28/51
f 158/459/567 927/459/567 928/115/567 159/115/567
f 484/31/51 1253/31/51 1254/76/51 485/76/51
f 518/666/51 1287/666/51 1288/667/51 519/667/51
f 672/730/1070 1441/730/1070 1442/731/1070 673/731/1070
f 650/670/1071 1419/670/1071 1420/715/1071 651/715/1071
f 193/58/1072 962/58/1072 963/59/1072 194/59/1072
f 345/473/1073 1114/473/1073 1115/537/1073 346/537/1073
f 263/101/51 1032/101/51 1033/518/51 264/518/51
f 734/187/562 1503/187/562 1504/253/562 735/253/562
f 429/600/279 1198/600/279 1199/601/279 430/601/279
f 395/333/1074 1164/333/1074 1165/494/1074 396/494/1074
f 450/621/1075 1219/621/1075 1220/622/1075 451/622/1075
f 90/399/560 859/399/560 860/441/560 91/441/560
f 8/107/1076 777/107/1076 778/475/1076 9/475/1076
f 479/29/1077 1248/29/1077 1249/30/1077 480/30/1077
f 174/4/1078 943/4/1078 944/390/1078 175/390/1078
f 140/639/1079 909/639/1079 910/420/1079 141/420/1079
f 707/755/1080 1476/755/1080 1477/758/1080 708/758/1080
f 604/134/555 1373/134/555 1374/132/555 605/132/555
f 224/26/51 993/26/51 994/27/51 225/27/51
f 245/423/303 1014/423/303 1015/377/303 246/377/303
f 688/638/1081 1457/638/1081 1458/236/1081 689/236/1081
f 243/125/664 1012/125/664 1013/126/664 244/126/664
f 502/268/1082 1271/268/1082 1272/320/1082 503/320/1082
f 621/315/1083 1390/315/1083 1391/635/1083 622/635/1083
f 209/74/421 978/74/421 979/94/421 210/94/421
f 466/632/1084 1235/632/1084 1236/633/1084 467/633/1084
f 550/580/195 1319/580/195 1320/519/195 551/519/195
f 445/617/1085 1214/617/1085 1215/618/1085 446/618/1085
f 666/721/549 1435/721/549 1436/702/549 667/702/549
f 723/470/412 1492/470/412 1493/763/412 724/763/412
f 190/66/208 959/66/208 960/64/208 191/64/208
f 411/585/1086 1180/585/1086 1181/586/1086 412/586/1086
f 361/483/1087 1130/483/1087 1131/478/1087 362/478/1087
f 534/671/1088 1303/671/1088 1304/184/1088 535/184/1088
f 704/460/1089 1473/460/1089 1474/272/1089 705/272/1089
f 156/224/1090 925/224/1090 926/225/1090 157/225/1090
f 106/410/1091 875/410/1091 876/408/1091 107/408/1091
f 279/114/978 1048/114/978 1049/223/978 280/223/978
f 24/179/539 793/179/539 794/221/539 25/221/539
f 750/510/1092 1519/510/1092 1520/509/1092 751/509/1092
f 461/191/537 1230/191/537 1231/192/537 462/192/537
f 495/574/927 1264/574/927 1265/575/927 496/575/927
f 206/50/536 975/50/536 976/63/536 207/63/536
f 682/740/535 1451/740/535 1452/741/535 683/741/535
f 240/131/899 1009/131/899 1010/119/899 241/119/899
f 630/309/1093 1399/309/1093 1400/310/1093 631/310/1093
f 427/571/1094 1196/571/1094 1197/572/1094 428/572/1094
f 225/27/51 994/27/51 995/13/51 226/13/51
f 377/445/280 1146/445/280 1147/368/280 378/368/280
f 295/281/51 1064/281/51 1065/156/51 296/156/51
f 172/87/1095 941/87/1095 942/88/1095 173/88/1095
f 482/644/51 1251/644/51 1252/645/51 483/645/51
f 122/244/1096 891/244/1096 892/245/1096 123/245/1096
f 40/386/1097 809/386/1097 810/40/1097 41/40/1097
f 739/388/386 1508/388/386 1509/448/386 740/448/386
f 2103/687/2 2872/687/2 2873/688/2 2104/688/2
f 1757/20/2 2526/20/2 2527/25/2 1758/25/2
f 2067/673/2 2836/673/2 2837/675/2 2068/675/2
f 2224/648/1098 2993/648/1098 2994/641/1098 2225/641/1098
f 1602/447/1099 2371/447/1099 2372/392/1099 1603/392/1099
f 2283/769/1100 3052/769/1100 3053/450/1100 2284/450/1100
f 1824/288/1101 2593/288/1101 2594/261/1101 1825/261/1101
f 2073/184/1102 2842/184/1102 2843/543/1102 2074/543/1102
f 1900/478/1103 2669/478/1103 2670/355/1103 1901/355/1103
f 2267/611/1104 3036/611/1104 3037/756/1104 2268/756/1104
f 1798/6/2 2567/6/2 2568/162/2 1799/162/2
f 1567/325/1105 2336/325/1105 2337/135/1105 1568/135/1105
f 1816/2/1106 2585/2/1106 2586/114/1106 1817/114/1106
f 1643/418/1107 2412/418/1107 2413/410/1107 1644/410/1107
f 1559/233/1108 2328/233/1108 2329/105/1108 1560/105/1108
f 1621/62/1109 2390/62/1109 2391/458/1109 1622/458/1109
f 2124/727/1110 2893/727/1110 2894/591/1110 2125/591/1110
f 2051/352/1111 2820/352/1111 2821/353/1111 2052/353/1111
f 2065/499/2 2834/499/2 2835/500/2 2066/500/2
f 1842/344/1112 2611/344/1112 2612/328/1112 1843/328/1112
f 2141/711/1113 2910/711/1113 2911/134/1113 2142/134/1113
f 1998/267/1114 2767/267/1114 2768/191/1114 1999/191/1114
f 1808/549/1115 2577/549/1115 2578/497/1115 1809/497/1115
f 1585/437/1116 2354/437/1116 2355/523/1116 1586/523/1116
f 1884/537/1117 2653/537/1117 2654/538/1117 1885/538/1117
f 1741/35/1118 2510/35/1118 2511/215/1118 1742/215/1118
f 1551/391/1119 2320/391/1119 2321/303/1119 1552/303/1119
f 2095/578/2 2864/578/2 2865/579/2 2096/579/2
f 1834/156/2 2603/156/2 2604/157/2 1835/157/2
f 1627/108/1120 2396/108/1120 2397/399/1120 1628/399/1120
f 2251/515/1121 3020/515/1121 3021/516/1121 2252/516/1121
f 1577/385/1122 2346/385/1122 2347/386/1122 1578/386/1122
f 2137/308/1123 2906/308/1123 2907/564/1123 2138/564/1123
f 1982/616/1124 2751/616/1124 2752/617/1124 1983/617/1124
f 2057/667/2 2826/667/2 2827/664/2 2058/664/2
f 1826/262/1125 2595/262/1125 2596/291/1125 1827/291/1125
f 2125/591/1126 2894/591/1126 2895/698/1126 2126/698/1126
f 1725/340/1127 2494/340/1127 2495/95/1127 1726/95/1127
f 1800/86/2 2569/86/2 2570/101/2 1801/101/2
f 1569/464/1128 2338/464/1128 2339/274/1128 1570/274/1128
f 1868/409/2 2637/409/2 2638/414/2 1869/414/2
f 1543/154/1129 2312/154/1129 2313/436/1129 1544/436/1129
f 1611/489/1130 2380/489/1130 2381/356/1130 1612/356/1130
f 1790/160/1131 2559/160/1131 2560/165/1131 1791/165/1131
f 1818/223/1132 2587/223/1132 2588/210/1132 1819/210/1132
f 1966/572/1133 2735/572/1133 2736/600/1133 1967/600/1133
f 2294/188/1134 3063/188/1134 3064/189/1134 2295/189/1134
f 1810/99/1135 2579/99/1135 2580/513/1135 1811/513/1135
f 1561/178/1136 2330/178/1136 2331/179/1136 1562/179/1136
f 1709/100/1137 2478/100/1137 2479/87/1137 1710/87/1137
f 1780/124/1138 2549/124/1138 2550/125/1138 1781/125/1138
f 1553/304/1139 2322/304/1139 2323/640/1139 1554/640/1139
f 2071/498/1140 2840/498/1140 2841/671/1140 2072/671/1140
f 1852/283/1106 2621/283/1106 2622/381/1106 1853/381/1106
f 2219/739/1141 2988/739/1141 2989/740/1141 2220/740/1141
f 2035/556/1142 2804/556/1142 2805/501/1142 2036/501/1142
f 1595/363/1143 2364/363/1143 2365/531/1143 1596/531/1143
f 1802/518/2 2571/518/2 2572/195/2 1803/195/2
f 2171/365/1144 2940/365/1144 2941/7/1144 2172/7/1144
f 1950/586/1145 2719/586/1145 2720/587/1145 1951/587/1145
f 1545/106/1146 2314/106/1146 2315/107/1146 1546/107/1146
f 1693/394/1147 2462/394/1147 2463/224/1147 1694/224/1147
f 2089/519/1126 2858/519/1126 2859/520/1126 2090/520/1126
f 2203/726/1148 2972/726/1148 2973/721/1148 2204/721/1148
f 2278/448/1149 3047/448/1149 3048/449/1149 2279/449/1149
f 1794/166/2 2563/166/2 2564/161/2 1795/161/2
f 2055/663/1150 2824/663/1150 2825/666/1150 2056/666/1150
f 1764/13/2 2533/13/2 2534/14/2 1765/14/2
f 2192/535/1151 2961/535/1151 2962/536/1151 2193/536/1151
f 1836/239/2 2605/239/2 2606/240/2 1837/240/2
f 1934/494/1152 2703/494/1152 2704/122/1152 1935/122/1152
f 2019/643/1153 2788/643/1153 2789/644/1153 2020/644/1153
f 1774/457/1154 2543/457/1154 2544/104/1154 1775/104/1154
f 1792/168/2 2561/168/2 2562/167/2 1793/167/2
f 1579/40/1155 2348/40/1155 2349/552/1155 1580/552/1155
f 1677/130/1156 2446/130/1156 2447/639/1156 1678/639/1156
f 2029/503/2 2798/503/2 2799/557/2 2030/557/2
f 2187/455/1157 2956/455/1157 2957/670/1157 2188/670/1157
f 2284/450/1158 3053/450/1158 3054/389/1158 2285/389/1158
f 1782/126/1159 2551/126/1159 2552/423/1159 1783/423/1159
f 2295/189/1160 3064/189/1160 3065/229/1160 2296/229/1160
f 1748/94/1161 2517/94/1161 2518/326/1161 1749/326/1161
f 2292/251/1162 3061/251/1162 3062/252/1162 2293/252/1162
f 2077/68/1163 2846/68/1163 2847/69/1163 2078/69/1163
f 2003/335/1164 2772/335/1164 2773/632/1164 2004/632/1164
f 1820/258/1165 2589/258/1165 2590/277/1165 1821/277/1165
f 1918/182/1166 2687/182/1166 2688/183/1166 1919/183/1166
f 2246/758/1167 3015/758/1167 3016/762/1167 2247/762/1167
f 1758/25/2 2527/25/2 2528/56/2 1759/56/2
f 1563/221/1168 2332/221/1168 2333/222/1168 1564/222/1168
f 1661/245/1169 2430/245/1169 2431/370/1169 1662/370/1169
f 1732/59/1170 2501/59/1170 2502/57/1170 1733/57/1170
f 2013/24/1171 2782/24/1171 2783/22/1171 2014/22/1171
f 1766/28/2 2535/28/2 2536/34/2 1767/34/2
f 1784/377/1172 2553/377/1172 2554/395/1172 1785/395/1172
f 1987/79/1173 2756/79/1173 2757/621/1173 1988/621/1173
f 2021/645/2 2790/645/2 2791/31/2 2022/31/2
f 2039/190/1174 2808/190/1174 2809/268/1174 2040/268/1174
f 2026/334/2 2795/334/2 2796/175/2 2027/175/2
f 2276/387/1175 3045/387/1175 3046/388/1175 2277/388/1175
f 2061/662/2 2830/662/2 2831/544/2 2062/544/2
f 1742/215/1176 2511/215/1176 2512/36/1176 1743/36/1176
f 2306/570/1177 3075/570/1177 3076/70/1177 2307/70/1177
f 2290/757/1178 3059/757/1178 3060/321/1178 2291/321/1178
f 1804/548/1179 2573/548/1179 2574/193/1179 1805/193/1179
f 1902/488/1180 2671/488/1180 2672/490/1180 1903/490/1180
f 2230/745/1181 2999/745/1181 3000/746/1181 2231/746/1181
f 1997/266/1182 2766/266/1182 2767/267/1182 1998/267/1182
f 1776/206/1183 2545/206/1183 2546/493/1183 1777/493/1183
f 1547/475/1184 2316/475/1184 2317/234/1184 1548/234/1184
f 1645/408/1185 2414/408/1185 2415/307/1185 1646/307/1185
f 1716/424/1186 2485/424/1186 2486/294/1186 1717/294/1186
f 2252/516/1187 3021/516/1187 3022/766/1187 2253/766/1187
f 2031/652/2 2800/652/2 2801/653/2 2032/653/2
f 2155/174/1188 2924/174/1188 2925/133/1188 2156/133/1188
f 1971/605/1189 2740/605/1189 2741/606/1189 1972/606/1189
f 2045/201/1190 2814/201/1190 2815/658/1190 2046/658/1190
f 1558/232/1191 2327/232/1191 2328/233/1191 1559/233/1191
f 2043/627/1192 2812/627/1192 2813/200/1192 2044/200/1192
f 1886/467/1193 2655/467/1193 2656/466/1193 1887/466/1193
f 1726/95/1194 2495/95/1194 2496/73/1194 1727/73/1194
f 2274/689/1195 3043/689/1195 3044/412/1195 2275/412/1195
f 1629/441/1196 2398/441/1196 2399/439/1196 1630/439/1196
f 2214/734/1197 2983/734/1197 2984/735/1197 2215/735/1197
f 1981/615/1198 2750/615/1198 2751/616/1198 1982/616/1198
f 1750/47/1199 2519/47/1199 2520/48/1199 1751/48/1199
f 1760/10/2 2529/10/2 2530/11/2 1761/11/2
f 2139/504/1200 2908/504/1200 2909/316/1200 2140/316/1200
f 1700/138/1201 2469/138/1201 2470/139/1201 1701/139/1201
f 2236/751/1202 3005/751/1202 3006/752/1202 2237/752/1202
f 2005/633/1203 2774/633/1203 2775/551/1203 2006/551/1203
f 2015/657/1204 2784/657/1204 2785/642/1204 2016/642/1204
f 2282/761/1205 3051/761/1205 3052/769/1205 2283/769/1205
f 1955/72/1206 2724/72/1206 2725/646/1206 1956/646/1206
f 1592/38/1207 2361/38/1207 2362/39/1207 1593/39/1207
f 2260/469/1208 3029/469/1208 3030/470/1208 2261/470/1208
f 1768/32/1209 2537/32/1209 2538/33/1209 1769/33/1209
f 2023/76/2 2792/76/2 2793/23/2 2024/23/2
f 1786/5/1210 2555/5/1210 2556/149/1210 1787/149/1210
f 2198/708/1211 2967/708/1211 2968/709/1211 2199/709/1211
f 1734/55/1212 2503/55/1212 2504/42/1212 1735/42/1212
f 2047/659/1213 2816/659/1213 2817/589/1213 2048/589/1213
f 1870/398/2 2639/398/2 2640/109/2 1871/109/2
f 1684/280/1214 2453/280/1214 2454/259/1214 1685/259/1214
f 1710/87/1215 2479/87/1215 2480/88/1215 1711/88/1215
f 1989/622/1216 2758/622/1216 2759/623/1216 1990/623/1216
f 2304/604/1217 3073/604/1217 3074/599/1217 2305/599/1217
f 1613/476/1218 2382/476/1218 2383/98/1218 1614/98/1218
f 1939/555/1219 2708/555/1219 2709/569/1219 1940/569/1219
f 1965/571/1220 2734/571/1220 2735/572/1220 1966/572/1220
f 2300/67/1221 3069/67/1221 3070/77/1221 2301/77/1221
f 2168/309/1222 2937/309/1222 2938/310/1222 2169/310/1222
f 1778/131/1223 2547/131/1223 2548/119/1223 1779/119/1223
f 2123/695/1224 2892/695/1224 2893/727/1224 2124/727/1224
f 2220/740/1225 2989/740/1225 2990/741/1225 2221/741/1225
f 1744/50/1226 2513/50/1226 2514/63/1226 1745/63/1226
f 2033/574/1227 2802/574/1227 2803/575/1227 2034/575/1227
f 1718/127/1228 2487/127/1228 2488/123/1228 1719/123/1228
f 1999/191/1229 2768/191/1229 2769/192/1229 2000/192/1229
f 2266/461/1104 3035/461/1104 3036/611/1104 2267/611/1104
f 2288/510/1230 3057/510/1230 3058/509/1230 2289/509/1230
f 1854/383/1231 2623/383/1231 2624/306/1231 1855/306/1231
f 1973/607/1232 2742/607/1232 2743/583/1232 1974/583/1232
f 1752/550/1233 2521/550/1233 2522/15/1233 1753/15/1233
f 1597/248/1234 2366/248/1234 2367/249/1234 1598/249/1234
f 2182/90/1235 2951/90/1235 2952/91/1235 2183/91/1235
f 1694/224/1236 2463/224/1236 2464/225/1236 1695/225/1236
f 2228/237/1237 2997/237/1237 2998/744/1237 2229/744/1237
f 2242/460/1238 3011/460/1238 3012/272/1238 2243/272/1238
f 2007/634/1239 2776/634/1239 2777/204/1239 2008/204/1239
f 2107/545/1240 2876/545/1240 2877/612/1240 2108/612/1240
f 1668/147/1241 2437/147/1241 2438/148/1241 1669/148/1241
f 1949/585/1242 2718/585/1242 2719/586/1242 1950/586/1242
f 1702/407/1243 2471/407/1243 2472/170/1243 1703/170/1243
f 1728/66/1244 2497/66/1244 2498/64/1244 1729/64/1244
f 1770/49/1112 2539/49/1112 2540/54/1112 1771/54/1112
f 2258/560/1245 3027/560/1245 3028/650/1245 2259/650/1245
f 1923/393/1246 2692/393/1246 2693/507/1246 1924/507/1246
f 2204/721/1247 2973/721/1247 2974/702/1247 2205/702/1247
f 1957/647/1248 2726/647/1248 2727/581/1248 1958/581/1248
f 1983/617/1249 2752/617/1249 2753/618/1249 1984/618/1249
f 2250/765/1250 3019/765/1250 3020/515/1250 2251/515/1250
f 2025/203/2 2794/203/2 2795/334/2 2026/334/2
f 1838/329/2 2607/329/2 2608/346/2 1839/346/2
f 2212/732/1251 2981/732/1251 2982/733/1251 2213/733/1251
f 1736/43/1252 2505/43/1252 2506/46/1252 1737/46/1252
f 2280/759/1253 3049/759/1253 3050/760/1253 2281/760/1253
f 1581/573/1254 2350/573/1254 2351/375/1254 1582/375/1254
f 2159/315/1255 2928/315/1255 2929/635/1255 2160/635/1255
f 1686/260/1256 2455/260/1256 2456/704/1256 1687/704/1256
f 1991/624/1257 2760/624/1257 2761/625/1257 1992/625/1257
f 1941/487/1258 2710/487/1258 2711/465/1258 1942/465/1258
f 2226/638/1259 2995/638/1259 2996/236/1259 2227/236/1259
f 1762/26/2 2531/26/2 2532/27/2 1763/27/2
f 2091/683/1260 2860/683/1260 2861/684/1260 2092/684/1260
f 2166/676/1261 2935/676/1261 2936/565/1261 2167/565/1261
f 1678/639/1262 2447/639/1262 2448/420/1262 1679/420/1262
f 2196/718/1263 2965/718/1263 2966/719/1263 2197/719/1263
f 1712/4/1264 2481/4/1264 2482/390/1264 1713/390/1264
f 2017/29/1265 2786/29/1265 2787/30/1265 2018/30/1265
f 1652/382/1266 2421/382/1266 2422/379/1266 1653/379/1266
f 1933/333/1267 2702/333/1267 2703/494/1267 1934/494/1267
f 1967/600/1268 2736/600/1268 2737/601/1268 1968/601/1268
f 2234/749/1269 3003/749/1269 3004/750/1269 2235/750/1269
f 2272/187/1270 3041/187/1270 3042/253/1270 2273/253/1270
f 1907/343/1271 2676/343/1271 2677/696/1271 1908/696/1271
f 2188/670/1272 2957/670/1272 2958/715/1272 2189/715/1272
f 2210/730/1273 2979/730/1273 2980/731/1273 2211/731/1273
f 1720/117/1274 2489/117/1274 2490/118/1274 1721/118/1274
f 2150/443/1275 2919/443/1275 2920/705/1275 2151/705/1275
f 1696/459/1276 2465/459/1276 2466/115/1276 1697/115/1276
f 1975/584/1277 2744/584/1277 2745/649/1277 1976/649/1277
f 1541/254/1278 2310/254/1278 2311/153/1278 1542/153/1278
f 1636/561/1279 2405/561/1279 2406/428/1279 1637/428/1279
f 1670/527/1280 2439/527/1280 2440/528/1280 1671/528/1280
f 1951/587/1281 2720/587/1281 2721/588/1281 1952/588/1281
f 1822/282/1282 2591/282/1282 2592/287/1282 1823/287/1282
f 1891/480/1283 2660/480/1283 2661/481/1283 1892/481/1283
f 1925/337/1284 2694/337/1284 2695/338/1284 1926/338/1284
f 2194/713/1285 2963/713/1285 2964/714/1285 2195/714/1285
f 2176/278/1286 2945/278/1286 2946/300/1286 2177/300/1286
f 1565/656/1287 2334/656/1287 2335/468/1287 1566/468/1287
f 1662/370/1288 2431/370/1288 2432/208/1288 1663/208/1288
f 2180/279/1289 2949/279/1289 2950/723/1289 2181/723/1289
f 1680/421/1290 2449/421/1290 2450/486/1290 1681/486/1290
f 2218/738/1291 2987/738/1291 2988/739/1291 2219/739/1291
f 1754/12/1292 2523/12/1292 2524/21/1292 1755/21/1292
f 2075/637/1293 2844/637/1293 2845/216/1293 2076/216/1293
f 1917/706/1166 2686/706/1166 2687/182/1166 1918/182/1166
f 1935/122/1294 2704/122/1294 2705/514/1294 1936/514/1294
f 1704/171/1295 2473/171/1295 2474/598/1295 1705/598/1295
f 2009/202/1296 2778/202/1296 2779/220/1296 2010/220/1296
f 1959/582/1297 2728/582/1297 2729/593/1297 1960/593/1297
f 1746/65/1298 2515/65/1298 2516/74/1298 1747/74/1298
f 1806/194/1299 2575/194/1299 2576/226/1299 1807/226/1299
f 2134/8/1300 2903/8/1300 2904/9/1300 2135/9/1300
f 2001/177/1301 2770/177/1301 2771/631/1301 2002/631/1301
f 1738/45/1302 2507/45/1302 2508/44/1302 1739/44/1302
f 1549/553/1303 2318/553/1303 2319/317/1303 1550/317/1303
f 1620/61/1304 2389/61/1304 2390/62/1304 1621/62/1304
f 2256/559/1305 3025/559/1305 3026/767/1305 2257/767/1305
f 1993/199/1306 2762/199/1306 2763/626/1306 1994/626/1306
f 2059/668/2 2828/668/2 2829/354/2 2060/354/2
f 1875/96/2 2644/96/2 2645/97/2 1876/97/2
f 2202/725/1307 2971/725/1307 2972/726/1307 2203/726/1307
f 2186/454/1308 2955/454/1308 2956/455/1308 2187/455/1308
f 2248/471/1309 3017/471/1309 3018/764/1309 2249/764/1309
f 2235/750/1310 3004/750/1310 3005/751/1310 2236/751/1310
f 2178/301/1311 2947/301/1311 2948/722/1311 2179/722/1311
f 1688/313/1312 2457/313/1312 2458/400/1312 1689/400/1312
f 2163/505/1313 2932/505/1313 2933/506/1313 2164/506/1313
f 1646/307/1314 2415/307/1314 2416/305/1314 1647/305/1314
f 1654/380/1315 2423/380/1315 2424/517/1315 1655/517/1315
f 1943/554/1316 2712/554/1316 2713/136/1316 1944/136/1316
f 1722/205/1317 2491/205/1317 2492/102/1317 1723/102/1317
f 1901/355/1318 2670/355/1318 2671/488/1318 1902/488/1318
f 1909/567/1319 2678/567/1319 2679/396/1319 1910/396/1319
f 1664/209/1320 2433/209/1320 2434/485/1320 1665/485/1320
f 2298/690/1321 3067/690/1321 3068/430/1321 2299/430/1321
f 1730/41/1322 2499/41/1322 2500/58/1322 1731/58/1322
f 1977/218/1323 2746/218/1323 2747/219/1323 1978/219/1323
f 2118/693/1132 2887/693/1132 2888/456/1132 2119/456/1132
f 2164/506/1324 2933/506/1324 2934/717/1324 2165/717/1324
f 1919/183/1325 2688/183/1325 2689/214/1325 1920/214/1325
f 1672/462/1326 2441/462/1326 2442/463/1326 1673/463/1326
f 1985/619/1327 2754/619/1327 2755/620/1327 1986/620/1327
f 2232/747/1328 3001/747/1328 3002/748/1328 2233/748/1328
f 2302/78/1329 3071/78/1329 3072/217/1329 2303/217/1329
f 1604/213/1330 2373/213/1330 2374/181/1330 1605/181/1330
f 2081/678/1331 2850/678/1331 2851/679/1331 2082/679/1331
f 1927/364/1332 2696/364/1332 2697/345/1332 1928/345/1332
f 2240/227/1333 3009/227/1333 3010/710/1333 2241/710/1333
f 1706/529/1334 2475/529/1334 2476/511/1334 1707/511/1334
f 1859/143/1335 2628/143/1335 2629/144/1335 1860/144/1335
f 1961/594/1336 2730/594/1336 2731/595/1336 1962/595/1336
f 1788/151/1337 2557/151/1337 2558/158/1337 1789/158/1337
f 2264/754/1338 3033/754/1338 3034/271/1338 2265/271/1338
f 2216/736/1339 2985/736/1339 2986/737/1339 2217/737/1339
f 1638/426/1340 2407/426/1340 2408/427/1340 1639/427/1340
f 2170/495/1341 2939/495/1341 2940/365/1341 2171/365/1341
f 1893/482/1342 2662/482/1342 2663/435/1342 1894/435/1342
f 2162/562/1343 2931/562/1343 2932/505/1343 2163/505/1343
f 1656/284/1344 2425/284/1344 2426/285/1344 1657/285/1344
f 2262/763/1345 3031/763/1345 3032/753/1345 2263/753/1345
f 1690/211/1346 2459/211/1346 2460/212/1346 1691/212/1346
f 2102/547/2 2871/547/2 2872/687/2 2103/687/2
f 2148/452/1347 2917/452/1347 2918/442/1347 2149/442/1347
f 1648/429/1348 2417/429/1348 2418/539/1348 1649/539/1348
f 1911/397/1349 2680/397/1349 2681/703/1349 1912/703/1349
f 1714/378/1350 2483/378/1350 2484/376/1350 1715/376/1350
f 1945/137/1351 2714/137/1351 2715/628/1351 1946/628/1351
f 1588/257/1352 2357/257/1352 2358/255/1352 1589/255/1352
f 1903/490/1353 2672/490/1353 2673/491/1353 1904/491/1353
f 1969/602/1354 2738/602/1354 2739/603/1354 1970/603/1354
f 2200/712/1355 2969/712/1355 2970/724/1355 2201/724/1355
f 1843/328/1142 2612/328/1142 2613/238/1142 1844/238/1142
f 2037/502/1356 2806/502/1356 2807/369/1356 2038/369/1356
f 2041/320/1357 2810/320/1357 2811/243/1357 2042/243/1357
f 2146/348/1358 2915/348/1358 2916/349/1358 2147/349/1358
f 1622/458/1359 2391/458/1359 2392/60/1359 1623/60/1359
f 1632/416/1360 2401/416/1360 2402/358/1360 1633/358/1360
f 1698/116/1361 2467/116/1361 2468/3/1361 1699/3/1361
f 1877/80/1362 2646/80/1362 2647/81/1362 1878/81/1362
f 1887/466/1363 2656/466/1363 2657/82/1363 1888/82/1363
f 2154/350/1364 2923/350/1364 2924/174/1364 2155/174/1364
f 1953/568/1365 2722/568/1365 2723/71/1365 1954/71/1365
f 1674/297/1366 2443/297/1366 2444/269/1366 1675/269/1366
f 2286/768/1367 3055/768/1367 3056/413/1367 2287/413/1367
f 2086/246/1282 2855/246/1282 2856/681/1282 2087/681/1282
f 2132/84/1368 2901/84/1368 2902/629/1368 2133/629/1368
f 1640/422/1369 2409/422/1369 2410/357/1369 1641/357/1369
f 2208/728/1370 2977/728/1370 2978/729/1370 2209/729/1370
f 1929/112/1371 2698/112/1371 2699/113/1371 1930/113/1371
f 1772/327/1372 2541/327/1372 2542/339/1372 1773/339/1372
f 1572/121/1373 2341/121/1373 2342/331/1373 1573/331/1373
f 1895/433/1374 2664/433/1374 2665/530/1374 1896/530/1374
f 2184/525/1375 2953/525/1375 2954/720/1375 2185/720/1375
f 2027/175/2 2796/175/2 2797/176/2 2028/176/2
f 1827/291/1260 2596/291/1260 2597/293/1260 1828/293/1260
f 2130/590/1376 2899/590/1376 2900/83/1376 2131/83/1376
f 1682/52/1377 2451/52/1377 2452/53/1377 1683/53/1377
f 1606/367/1378 2375/367/1378 2376/16/1378 1607/16/1378
f 1616/141/1379 2385/141/1379 2386/446/1379 1617/446/1379
f 2138/564/1336 2907/564/1336 2908/504/1336 2139/504/1336
f 1937/275/1380 2706/275/1380 2707/276/1380 1938/276/1380
f 2079/566/1381 2848/566/1381 2849/677/1381 2080/677/1381
f 1861/230/1126 2630/230/1126 2631/401/1126 1862/401/1126
f 1871/109/2 2640/109/2 2641/371/2 1872/371/2
f 1624/142/1382 2393/142/1382 2394/330/1382 1625/330/1382
f 2296/229/1321 3065/229/1321 3066/235/1321 2297/235/1321
f 2116/692/1106 2885/692/1106 2886/534/1106 2117/534/1106
f 1879/296/1383 2648/296/1383 2649/474/1383 1880/474/1383
f 2270/540/1384 3039/540/1384 3040/541/1384 2271/541/1384
f 1658/289/1385 2427/289/1385 2428/265/1385 1659/265/1385
f 2070/672/1386 2839/672/1386 2840/498/1386 2071/498/1386
f 1913/17/1387 2682/17/1387 2683/18/1387 1914/18/1387
f 1756/19/2 2525/19/2 2526/20/2 1757/20/2
f 1556/318/1388 2325/318/1388 2326/319/1388 1557/319/1388
f 1666/298/1389 2435/298/1389 2436/299/1389 1667/299/1389
f 2011/610/1390 2780/610/1390 2781/655/1390 2012/655/1390
f 1811/513/1391 2580/513/1391 2581/496/1391 1812/496/1391
f 1590/373/1392 2359/373/1392 2360/374/1392 1591/374/1392
f 2114/432/1393 2883/432/1393 2884/691/1393 2115/691/1393
f 2122/85/1282 2891/85/1282 2892/695/1282 2123/695/1282
f 1921/311/1394 2690/311/1394 2691/312/1394 1922/312/1394
f 1845/295/1395 2614/295/1395 2615/155/1395 1846/155/1395
f 1600/150/1396 2369/150/1396 2370/336/1396 1601/336/1396
f 1608/264/1397 2377/264/1397 2378/405/1397 1609/405/1397
f 2100/438/2 2869/438/2 2870/546/2 2101/546/2
f 1855/306/1398 2624/306/1398 2625/360/1398 1856/360/1398
f 1863/402/1260 2632/402/1260 2633/403/1260 1864/403/1260
f 2136/366/1399 2905/366/1399 2906/308/1399 2137/308/1399
f 2254/651/1400 3023/651/1400 3024/558/1400 2255/558/1400
f 2054/665/1131 2823/665/1131 2824/663/1131 2055/663/1131
f 2193/536/1401 2962/536/1401 2963/713/1401 2194/713/1401
f 1642/417/1402 2411/417/1402 2412/418/1402 1643/418/1402
f 1740/37/1403 2509/37/1403 2510/35/1403 1741/35/1403
f 1540/654/1404 2309/654/1404 2310/254/1404 1541/254/1404
f 2106/577/1405 2875/577/1405 2876/545/1405 2107/545/1405
f 1650/542/1406 2419/542/1406 2420/384/1406 1651/384/1406
f 1897/434/1407 2666/434/1407 2667/484/1407 1898/484/1407
f 1795/161/2 2564/161/2 2565/159/2 1796/159/2
f 2098/247/2 2867/247/2 2868/322/2 2099/322/2
f 1905/492/1408 2674/492/1408 2675/342/1408 1906/342/1408
f 2152/444/1409 2921/444/1409 2922/453/1409 2153/453/1409
f 2238/532/1410 3007/532/1410 3008/533/1410 2239/533/1410
f 1584/256/1411 2353/256/1411 2354/437/1411 1585/437/1411
f 1847/51/1412 2616/51/1412 2617/419/1412 1848/419/1412
f 2160/635/1413 2929/635/1413 2930/636/1413 2161/636/1413
f 1626/110/1414 2395/110/1414 2396/108/1414 1627/108/1414
f 1574/250/1415 2343/250/1415 2344/563/1415 1575/563/1415
f 1839/346/2 2608/346/2 2609/351/2 1840/351/2
f 1634/359/1416 2403/359/1416 2404/425/1416 1635/425/1416
f 1881/508/1417 2650/508/1417 2651/472/1417 1882/472/1417
f 1724/103/1418 2493/103/1418 2494/340/1418 1725/340/1418
f 1829/292/2 2598/292/2 2599/263/2 1830/263/2
f 2090/520/1419 2859/520/1419 2860/683/1419 2091/683/1419
f 1889/477/1420 2658/477/1420 2659/479/1420 1890/479/1420
f 1979/613/1421 2748/613/1421 2749/614/1421 1980/614/1421
f 2084/197/1422 2853/197/1422 2854/198/1422 2085/198/1422
f 2144/172/1423 2913/172/1423 2914/173/1423 2145/173/1423
f 2279/449/1424 3048/449/1424 3049/759/1424 2280/759/1424
f 1576/361/1425 2345/361/1425 2346/385/1425 1577/385/1425
f 1831/290/2 2600/290/2 2601/286/2 1832/286/2
f 2222/742/1426 2991/742/1426 2992/743/1426 2223/743/1426
f 1610/341/1427 2379/341/1427 2380/489/1427 1611/489/1427
f 1708/512/1428 2477/512/1428 2478/100/1428 1709/100/1428
f 2082/679/1132 2851/679/1132 2852/680/1132 2083/680/1132
f 2074/543/1429 2843/543/1429 2844/637/1429 2075/637/1429
f 1618/451/1430 2387/451/1430 2388/630/1430 1619/630/1430
f 1865/404/2 2634/404/2 2635/231/2 1866/231/2
f 1963/596/1431 2732/596/1431 2733/597/1431 1964/597/1431
f 1813/169/1432 2582/169/1432 2583/406/1432 1814/406/1432
f 1568/135/1433 2337/135/1433 2338/464/1433 1569/464/1433
f 1560/105/1434 2329/105/1434 2330/178/1434 1561/178/1434
f 1873/164/2 2642/164/2 2643/163/2 1874/163/2
f 2120/524/1165 2889/524/1165 2890/93/1165 2121/93/1165
f 2206/700/1435 2975/700/1435 2976/701/1435 2207/701/1435
f 2068/675/1209 2837/675/1209 2838/674/1209 2069/674/1209
f 1823/287/1436 2592/287/1436 2593/288/1436 1824/288/1436
f 1815/1/1437 2584/1/1437 2585/2/1437 1816/2/1437
f 2128/699/2 2897/699/2 2898/592/2 2129/592/2
f 1594/362/1438 2363/362/1438 2364/363/1438 1595/363/1438
f 1692/372/1439 2461/372/1439 2462/394/1439 1693/394/1439
f 2269/228/1440 3038/228/1440 3039/540/1440 2270/540/1440
f 2066/500/2 2835/500/2 2836/673/2 2067/673/2
f 1849/128/1357 2618/128/1357 2619/146/1357 1850/146/1357
f 1947/608/1441 2716/608/1441 2717/609/1441 1948/609/1441
f 2293/252/1442 3062/252/1442 3063/188/1442 2294/188/1442
f 1552/303/1443 2321/303/1443 2322/304/1443 1553/304/1443
f 2104/688/1444 2873/688/1444 2874/576/1444 2105/576/1444
f 2036/501/1372 2805/501/1372 2806/502/1372 2037/502/1372
f 1807/226/1445 2576/226/1445 2577/549/1445 1808/549/1445
f 2190/716/1446 2959/716/1446 2960/694/1446 2191/694/1446
f 1779/119/1192 2548/119/1192 2549/124/1192 1780/124/1192
f 2093/685/2 2862/685/2 2863/521/2 2094/521/2
f 1676/129/1447 2445/129/1447 2446/130/1447 1677/130/1447
f 1857/440/1448 2626/440/1448 2627/415/1448 1858/415/1448
f 1931/270/1449 2700/270/1449 2701/332/1449 1932/332/1449
f 1797/152/2 2566/152/2 2567/6/2 1798/6/2
f 2058/664/2 2827/664/2 2828/668/2 2059/668/2
f 2112/196/1450 2881/196/1450 2882/431/1450 2113/431/1450
f 2052/353/1451 2821/353/1451 2822/669/1451 2053/669/1451
f 1544/436/1452 2313/436/1452 2314/106/1452 1545/106/1452
f 1995/241/1453 2764/241/1453 2765/242/1453 1996/242/1453
f 2050/661/1210 2819/661/1210 2820/352/1210 2051/352/1210
f 2307/70/1177 3076/70/1177 2308/180/1177 1539/180/1177
f 1799/162/2 2568/162/2 2569/86/2 1800/86/2
f 2174/92/1454 2943/92/1454 2944/89/1454 2175/89/1454
f 2277/388/1455 3046/388/1455 3047/448/1455 2278/448/1455
f 2048/589/1172 2817/589/1172 2818/660/1172 2049/660/1172
f 1586/523/1456 2355/523/1456 2356/522/1456 1587/522/1456
f 1578/386/1457 2347/386/1457 2348/40/1457 1579/40/1457
f 1660/244/1458 2429/244/1458 2430/245/1458 1661/245/1458
f 2020/644/2 2789/644/2 2790/645/2 2021/645/2
f 1791/165/1150 2560/165/1150 2561/168/1150 1792/168/1150
f 1841/347/1227 2610/347/1227 2611/344/1227 1842/344/1227
f 1833/281/2 2602/281/2 2603/156/2 1834/156/2
f 1915/445/1459 2684/445/1459 2685/368/1459 1916/368/1459
f 1763/27/2 2532/27/2 2533/13/2 1764/13/2
f 2096/579/2 2865/579/2 2866/682/2 2097/682/2
f 1542/153/1460 2311/153/1460 2312/154/1460 1543/154/1460
f 1562/179/1461 2331/179/1461 2332/221/1461 1563/221/1461
f 2094/521/2 2863/521/2 2864/578/2 2095/578/2
f 1817/114/1331 2586/114/1331 2587/223/1331 1818/223/1331
f 1644/410/1462 2413/410/1462 2414/408/1462 1645/408/1462
f 2072/671/1463 2841/671/1463 2842/184/1463 2073/184/1463
f 1899/483/1464 2668/483/1464 2669/478/1464 1900/478/1464
f 1570/274/1465 2339/274/1465 2340/120/1465 1571/120/1465
f 2261/470/1466 3030/470/1466 3031/763/1466 2262/763/1466
f 1825/261/1126 2594/261/1126 2595/262/1126 1826/262/1126
f 2088/580/1110 2857/580/1110 2858/519/1110 2089/519/1110
f 2004/632/1467 2773/632/1467 2774/633/1467 2005/633/1467
f 1747/74/1468 2516/74/1468 2517/94/1468 1748/94/1468
f 2040/268/1469 2809/268/1469 2810/320/1469 2041/320/1469
f 1781/125/1190 2550/125/1190 2551/126/1190 1782/126/1190
f 1783/423/1470 2552/423/1470 2553/377/1470 1784/377/1470
f 1554/640/1471 2323/640/1471 2324/302/1471 1555/302/1471
f 2142/134/1472 2911/134/1472 2912/132/1472 2143/132/1472
f 2245/755/1473 3014/755/1473 3015/758/1473 2246/758/1473
f 2289/509/1474 3058/509/1474 3059/757/1474 2290/757/1474
f 1809/497/1395 2578/497/1395 2579/99/1395 1810/99/1395
f 1546/107/1475 2315/107/1475 2316/475/1475 1547/475/1475
f 1628/399/1476 2397/399/1476 2398/441/1476 1629/441/1476
f 1988/621/1477 2757/621/1477 2758/622/1477 1989/622/1477
f 2032/653/1209 2801/653/1209 2802/574/1209 2033/574/1209
f 2064/186/2 2833/186/2 2834/499/2 2065/499/2
f 1801/101/2 2570/101/2 2571/518/2 1802/518/2
f 1883/473/1478 2652/473/1478 2653/537/1478 1884/537/1478
f 1731/58/1479 2500/58/1479 2501/59/1479 1732/59/1479
f 1775/104/1412 2544/104/1412 2545/206/1412 1776/206/1412
f 2056/666/2 2825/666/2 2826/667/2 2057/667/2
f 2022/31/2 2791/31/2 2792/76/2 2023/76/2
f 1765/14/2 2534/14/2 2535/28/2 1766/28/2
f 2126/698/1419 2895/698/1419 2896/697/1419 2127/697/1419
f 2275/412/1480 3044/412/1480 3045/387/1480 2276/387/1480
f 1793/167/2 2562/167/2 2563/166/2 1794/166/2
f 1612/356/1481 2381/356/1481 2382/476/1481 1613/476/1481
f 1972/606/1482 2741/606/1482 2742/607/1482 1973/607/1482
f 1867/145/2 2636/145/2 2637/409/2 1868/409/2
f 1715/376/1483 2484/376/1483 2485/424/1483 1716/424/1483
f 2281/760/1484 3050/760/1484 3051/761/1484 2282/761/1484
f 2303/217/1485 3072/217/1485 3073/604/1485 2304/604/1485
f 2172/7/1486 2941/7/1486 2942/75/1486 2173/75/1486
f 2024/23/2 2793/23/2 2794/203/2 2025/203/2
f 2087/681/1224 2856/681/1224 2857/580/1224 2088/580/1224
f 2006/551/1487 2775/551/1487 2776/634/1487 2007/634/1487
f 2273/253/1488 3042/253/1488 3043/689/1488 2274/689/1488
f 1767/34/2 2536/34/2 2537/32/2 1768/32/2
f 2213/733/1489 2982/733/1489 2983/734/1489 2214/734/1489
f 1749/326/1292 2518/326/1292 2519/47/1292 1750/47/1292
f 2016/642/1490 2785/642/1490 2786/29/1490 2017/29/1490
f 2229/744/1491 2998/744/1491 2999/745/1491 2230/745/1491
f 2042/243/1223 2811/243/1223 2812/627/1223 2043/627/1223
f 1956/646/1492 2725/646/1492 2726/647/1492 1957/647/1492
f 1759/56/2 2528/56/2 2529/10/2 1760/10/2
f 1785/395/1493 2554/395/1493 2555/5/1493 1786/5/1493
f 2110/323/1494 2879/323/1494 2880/324/1494 2111/324/1494
f 1699/3/1495 2468/3/1495 2469/138/1495 1700/138/1495
f 2259/650/1496 3028/650/1496 3029/469/1496 2260/469/1496
f 1596/531/1497 2365/531/1497 2366/248/1497 1597/248/1497
f 1851/207/1192 2620/207/1192 2621/283/1192 1852/283/1192
f 2197/719/1498 2966/719/1498 2967/708/1498 2198/708/1498
f 1990/623/1499 2759/623/1499 2760/624/1499 1991/624/1499
f 2257/767/1500 3026/767/1500 3027/560/1500 2258/560/1500
f 1601/336/1501 2370/336/1501 2371/447/1501 1602/447/1501
f 1940/569/1502 2709/569/1502 2710/487/1502 1941/487/1502
f 1733/57/1503 2502/57/1503 2503/55/1503 1734/55/1503
f 2000/192/1504 2769/192/1504 2770/177/1504 2001/177/1504
f 2008/204/1505 2777/204/1505 2778/202/1505 2009/202/1505
f 1683/53/1506 2452/53/1506 2453/280/1506 1684/280/1506
f 2243/272/1507 3012/272/1507 3013/273/1507 2244/273/1507
f 1743/36/1508 2512/36/1508 2513/50/1508 1744/50/1508
f 1751/48/1233 2520/48/1233 2521/550/1233 1752/550/1233
f 2034/575/1112 2803/575/1112 2804/556/1112 2035/556/1112
f 1777/493/1509 2546/493/1509 2547/131/1509 1778/131/1509
f 1580/552/1510 2349/552/1510 2350/573/1510 1581/573/1510
f 1974/583/1511 2743/583/1511 2744/584/1511 1975/584/1511
f 2183/91/1512 2952/91/1512 2953/525/1512 2184/525/1512
f 2287/413/1513 3056/413/1513 3057/510/1513 2288/510/1513
f 1835/157/2 2604/157/2 2605/239/2 1836/239/2
f 2181/723/1514 2950/723/1514 2951/90/1514 2182/90/1514
f 1717/294/1515 2486/294/1515 2487/127/1515 1718/127/1515
f 2241/710/1516 3010/710/1516 3011/460/1516 2242/460/1516
f 1924/507/1517 2693/507/1517 2694/337/1517 1925/337/1517
f 2227/236/1518 2996/236/1518 2997/237/1518 2228/237/1518
f 1984/618/1519 2753/618/1519 2754/619/1519 1985/619/1519
f 2249/764/1520 3018/764/1520 3019/765/1520 2250/765/1520
f 2111/324/1521 2880/324/1521 2881/196/1521 2112/196/1521
f 1667/299/1522 2436/299/1522 2437/147/1522 1668/147/1522
f 1727/73/1194 2496/73/1194 2497/66/1194 1728/66/1194
f 1992/625/1523 2761/625/1523 2762/199/1523 1993/199/1523
f 1769/33/1227 2538/33/1227 2539/49/1227 1770/49/1227
f 2078/69/1524 2847/69/1524 2848/566/1524 2079/566/1524
f 1958/581/1525 2727/581/1525 2728/582/1525 1959/582/1525
f 2225/641/1526 2994/641/1526 2995/638/1526 2226/638/1526
f 1735/42/1527 2504/42/1527 2505/43/1527 1736/43/1527
f 2018/30/1528 2787/30/1528 2788/643/1528 2019/643/1528
f 1564/222/1529 2333/222/1529 2334/656/1529 1565/656/1529
f 1701/139/1530 2470/139/1530 2471/407/1530 1702/407/1530
f 1968/601/1354 2737/601/1354 2738/602/1354 1969/602/1354
f 1761/11/2 2530/11/2 2531/26/2 1762/26/2
f 1819/210/1398 2588/210/1398 2589/258/1398 1820/258/1398
f 2297/235/1321 3066/235/1321 3067/690/1321 2298/690/1321
f 2211/731/1531 2980/731/1531 2981/732/1531 2212/732/1531
f 1711/88/1532 2480/88/1532 2481/4/1532 1712/4/1532
f 2271/541/1533 3040/541/1533 3041/187/1533 2272/187/1533
f 2044/200/1138 2813/200/1138 2814/201/1138 2045/201/1138
f 2233/748/1534 3002/748/1534 3003/749/1534 2234/749/1534
f 2062/544/2 2831/544/2 2832/185/2 2063/185/2
f 2165/717/1535 2934/717/1535 2935/676/1535 2166/676/1535
f 1976/649/1536 2745/649/1536 2746/218/1536 1977/218/1536
f 2265/271/1537 3034/271/1537 3035/461/1537 2266/461/1537
f 1548/234/1538 2317/234/1538 2318/553/1538 1549/553/1538
f 1908/696/1539 2677/696/1539 2678/567/1539 1909/567/1539
f 1942/465/1540 2711/465/1540 2712/554/1540 1943/554/1540
f 1719/123/1541 2488/123/1541 2489/117/1541 1720/117/1541
f 2010/220/1542 2779/220/1542 2780/610/1542 2011/610/1542
f 1803/195/2 2572/195/2 2573/548/2 1804/548/2
f 1651/384/1543 2420/384/1543 2421/382/1543 1652/382/1543
f 1630/439/1544 2399/439/1544 2400/411/1544 1631/411/1544
f 1685/259/1545 2454/259/1545 2455/260/1545 1686/260/1545
f 2209/729/1546 2978/729/1546 2979/730/1546 2210/730/1546
f 2301/77/1547 3070/77/1547 3071/78/1547 2302/78/1547
f 1753/15/1199 2522/15/1199 2523/12/1199 1754/12/1199
f 2049/660/1493 2818/660/1493 2819/661/1493 2050/661/1493
f 1885/538/1548 2654/538/1548 2655/467/1548 1886/467/1548
f 2195/714/1549 2964/714/1549 2965/718/1549 2196/718/1549
f 1952/588/1550 2721/588/1550 2722/568/1550 1953/568/1550
f 2157/707/1551 2926/707/1551 2927/314/1551 2158/314/1551
f 2263/753/1552 3032/753/1552 3033/754/1552 2264/754/1552
f 2149/442/1553 2918/442/1553 2919/443/1553 2150/443/1553
f 2140/316/1554 2909/316/1554 2910/711/1554 2141/711/1554
f 1695/225/1555 2464/225/1555 2465/459/1555 1696/459/1555
f 2217/737/1556 2986/737/1556 2987/738/1556 2218/738/1556
f 1745/63/1557 2514/63/1557 2515/65/1557 1746/65/1557
f 1994/626/1558 2763/626/1558 2764/241/1558 1995/241/1558
f 1892/481/1559 2661/481/1559 2662/482/1559 1893/482/1559
f 1960/593/1560 2729/593/1560 2730/594/1560 1961/594/1560
f 2255/558/1561 3024/558/1561 3025/559/1561 2256/559/1561
f 1737/46/1562 2506/46/1562 2507/45/1562 1738/45/1562
f 1635/425/1563 2404/425/1563 2405/561/1563 1636/561/1563
f 2080/677/1106 2849/677/1106 2850/678/1106 2081/678/1106
f 1703/170/1295 2472/170/1295 2473/171/1295 1704/171/1295
f 2247/762/1564 3016/762/1564 3017/471/1564 2248/471/1564
f 1614/98/1565 2383/98/1565 2384/140/1565 1615/140/1565
f 1936/514/1353 2705/514/1353 2706/275/1353 1937/275/1353
f 2156/133/1566 2925/133/1566 2926/707/1566 2157/707/1566
f 1869/414/2 2638/414/2 2639/398/2 1870/398/2
f 1926/338/1567 2695/338/1567 2696/364/1567 1927/364/1567
f 1679/420/1568 2448/420/1568 2449/421/1568 1680/421/1568
f 2201/724/1569 2970/724/1569 2971/725/1569 2202/725/1569
f 1986/620/1570 2755/620/1570 2756/79/1570 1987/79/1570
f 1978/219/1571 2747/219/1571 2748/613/1571 1979/613/1571
f 1787/149/1111 2556/149/1111 2557/151/1111 1788/151/1111
f 1669/148/1572 2438/148/1572 2439/527/1572 1670/527/1572
f 1944/136/1573 2713/136/1573 2714/137/1573 1945/137/1573
f 1729/64/1418 2498/64/1418 2499/41/1418 1730/41/1418
f 1721/118/1574 2490/118/1574 2491/205/1574 1722/205/1574
f 2179/722/1575 2948/722/1575 2949/279/1575 2180/279/1575
f 1687/704/1576 2456/704/1576 2457/313/1576 1688/313/1576
f 2239/533/1577 3008/533/1577 3009/227/1577 2240/227/1577
f 2231/746/1578 3000/746/1578 3001/747/1578 2232/747/1578
f 1876/97/1579 2645/97/1579 2646/80/1579 1877/80/1579
f 2167/565/1580 2936/565/1580 2937/309/1580 2168/309/1580
f 2299/430/1581 3068/430/1581 3069/67/1581 2300/67/1581
f 2063/185/2 2832/185/2 2833/186/2 2064/186/2
f 1619/630/1582 2388/630/1582 2389/61/1582 1620/61/1582
f 1598/249/1583 2367/249/1583 2368/111/1583 1599/111/1583
f 1970/603/1584 2739/603/1584 2740/605/1584 1971/605/1584
f 1962/595/1585 2731/595/1585 2732/596/1585 1963/596/1585
f 1853/381/1586 2622/381/1586 2623/383/1586 1854/383/1586
f 2185/720/1587 2954/720/1587 2955/454/1587 2186/454/1587
f 1713/390/1588 2482/390/1588 2483/378/1588 1714/378/1588
f 1705/598/1243 2474/598/1243 2475/529/1243 1706/529/1243
f 2108/612/1589 2877/612/1589 2878/686/1589 2109/686/1589
f 1928/345/1590 2697/345/1590 2698/112/1590 1929/112/1590
f 2215/735/1591 2984/735/1591 2985/736/1591 2216/736/1591
f 2285/389/1592 3054/389/1592 3055/768/1592 2286/768/1592
f 2117/534/1331 2886/534/1331 2887/693/1331 2118/693/1331
f 1920/214/1593 2689/214/1593 2690/311/1593 1921/311/1593
f 1671/528/1594 2440/528/1594 2441/462/1594 1672/462/1594
f 2223/743/1595 2992/743/1595 2993/648/1595 2224/648/1595
f 2028/176/2 2797/176/2 2798/503/2 2029/503/2
f 1860/144/1110 2629/144/1110 2630/230/1110 1861/230/1110
f 1663/208/1596 2432/208/1596 2433/209/1596 1664/209/1596
f 1954/71/1597 2723/71/1597 2724/72/1597 1955/72/1597
f 1771/54/1142 2540/54/1142 2541/327/1142 1772/327/1142
f 1603/392/1598 2372/392/1598 2373/213/1598 1604/213/1598
f 1582/375/1599 2351/375/1599 2352/526/1599 1583/526/1599
f 1910/396/1318 2679/396/1318 2680/397/1318 1911/397/1318
f 1697/115/1600 2466/115/1600 2467/116/1600 1698/116/1600
f 1946/628/1187 2715/628/1187 2716/608/1187 1947/608/1187
f 1837/240/2 2606/240/2 2607/329/2 1838/329/2
f 1653/379/1601 2422/379/1601 2423/380/1601 1654/380/1601
f 2207/701/1602 2976/701/1602 2977/728/1602 2208/728/1602
f 1689/400/1603 2458/400/1603 2459/211/1603 1690/211/1603
f 2169/310/1604 2938/310/1604 2939/495/1604 2170/495/1604
f 2199/709/1605 2968/709/1605 2969/712/1605 2200/712/1605
f 2305/599/1177 3074/599/1177 3075/570/1177 2306/570/1177
f 1912/703/1246 2681/703/1246 2682/17/1246 1913/17/1246
f 1938/276/1606 2707/276/1606 2708/555/1606 1939/555/1606
f 1930/113/1607 2699/113/1607 2700/270/1607 1931/270/1607
f 1655/517/1608 2424/517/1608 2425/284/1608 1656/284/1608
f 1681/486/1609 2450/486/1609 2451/52/1609 1682/52/1609
f 1673/463/1610 2442/463/1610 2443/297/1610 1674/297/1610
f 2101/546/2 2870/546/2 2871/547/2 2102/547/2
f 1566/468/1611 2335/468/1611 2336/325/1611 1567/325/1611
f 2158/314/1612 2927/314/1612 2928/315/1612 2159/315/1612
f 2161/636/1613 2930/636/1613 2931/562/1613 2162/562/1613
f 2191/694/1614 2960/694/1614 2961/535/1614 2192/535/1614
f 2012/655/1615 2781/655/1615 2782/24/1615 2013/24/1615
f 1844/238/1372 2613/238/1372 2614/295/1372 1845/295/1372
f 1821/277/1448 2590/277/1448 2591/282/1448 1822/282/1448
f 1904/491/1616 2673/491/1616 2674/492/1616 1905/492/1616
f 1755/21/2 2524/21/2 2525/19/2 1756/19/2
f 1587/522/1617 2356/522/1617 2357/257/1617 1588/257/1617
f 2076/216/1618 2845/216/1618 2846/68/1618 2077/68/1618
f 1894/435/1619 2663/435/1619 2664/433/1619 1895/433/1619
f 1647/305/1620 2416/305/1620 2417/429/1620 1648/429/1620
f 2268/756/1621 3037/756/1621 3038/228/1621 2269/228/1621
f 1637/428/1622 2406/428/1622 2407/426/1622 1638/426/1622
f 2153/453/1623 2922/453/1623 2923/350/1623 2154/350/1623
f 1922/312/1387 2691/312/1387 2692/393/1387 1923/393/1387
f 2147/349/1624 2916/349/1624 2917/452/1624 2148/452/1624
f 1896/530/1624 2665/530/1624 2666/434/1624 1897/434/1624
f 1665/485/1625 2434/485/1625 2435/298/1625 1666/298/1625
f 2092/684/2 2861/684/2 2862/685/2 2093/685/2
f 2085/198/1626 2854/198/1626 2855/246/1626 2086/246/1626
f 1550/317/1627 2319/317/1627 2320/391/1627 1551/391/1627
f 2177/300/1628 2946/300/1628 2947/301/1628 2178/301/1628
f 2145/173/1629 2914/173/1629 2915/348/1629 2146/348/1629
f 1639/427/1630 2408/427/1630 2409/422/1630 1640/422/1630
f 2253/766/1631 3022/766/1631 3023/651/1631 2254/651/1631
f 1828/293/2 2597/293/2 2598/292/2 1829/292/2
f 1805/193/1632 2574/193/1632 2575/194/1632 1806/194/1632
f 1878/81/1633 2647/81/1633 2648/296/1633 1879/296/1633
f 1888/82/2 2657/82/2 2658/477/2 1889/477/2
f 2175/89/1634 2944/89/1634 2945/278/1634 2176/278/1634
f 1996/242/1635 2765/242/1635 2766/266/1635 1997/266/1635
f 1571/120/1636 2340/120/1636 2341/121/1636 1572/121/1636
f 2060/354/2 2829/354/2 2830/662/2 2061/662/2
f 1631/411/1637 2400/411/1637 2401/416/1637 1632/416/1637
f 1914/18/1394 2683/18/1394 2684/445/1394 1915/445/1394
f 1739/44/1638 2508/44/1638 2509/37/1638 1740/37/1638
f 2131/83/1639 2900/83/1639 2901/84/1639 2132/84/1639
f 1880/474/1640 2649/474/1640 2650/508/1640 1881/508/1640
f 1657/285/1641 2426/285/1641 2427/289/1641 1658/289/1641
f 1623/60/1642 2392/60/1642 2393/142/1642 1624/142/1642
f 2237/752/1643 3006/752/1643 3007/532/1643 2238/532/1643
f 1980/614/1644 2749/614/1644 2750/615/1644 1981/615/1644
f 1862/401/1419 2631/401/1419 2632/402/1419 1863/402/1419
f 1906/342/1645 2675/342/1645 2676/343/1645 1907/343/1645
f 1723/102/1322 2492/102/1322 2493/103/1322 1724/103/1322
f 1605/181/1646 2374/181/1646 2375/367/1646 1606/367/1646
f 2129/592/1647 2898/592/1647 2899/590/1647 2130/590/1647
f 1649/539/1648 2418/539/1648 2419/542/1648 1650/542/1648
f 2221/741/1649 2990/741/1649 2991/742/1649 2222/742/1649
f 2069/674/1650 2838/674/1650 2839/672/1650 2070/672/1650
f 2115/691/1437 2884/691/1437 2885/692/1437 2116/692/1437
f 1872/371/2 2641/371/2 2642/164/2 1873/164/2
f 1898/484/1651 2667/484/1651 2668/483/1651 1899/483/1651
f 1964/597/1652 2733/597/1652 2734/571/1652 1965/571/1652
f 1812/496/1653 2581/496/1653 2582/169/1653 1813/169/1653
f 2046/658/1654 2815/658/1654 2816/659/1654 2047/659/1654
f 2244/273/1655 3013/273/1655 3014/755/1655 2245/755/1655
f 1615/140/1656 2384/140/1656 2385/141/1656 1616/141/1656
f 1641/357/1657 2410/357/1657 2411/417/1657 1642/417/1657
f 1707/511/1658 2476/511/1658 2477/512/1658 1708/512/1658
f 1555/302/1659 2324/302/1659 2325/318/1659 1556/318/1659
f 1789/158/1660 2558/158/1660 2559/160/1660 1790/160/1660
f 2151/705/1661 2920/705/1661 2921/444/1661 2152/444/1661
f 2205/702/1662 2974/702/1662 2975/700/1662 2206/700/1662
f 2121/93/1448 2890/93/1448 2891/85/1448 2122/85/1448
f 1890/479/1663 2659/479/1663 2660/480/1663 1891/480/1663
f 1948/609/1664 2717/609/1664 2718/585/1664 1949/585/1664
f 1864/403/2 2633/403/2 2634/404/2 1865/404/2
f 1633/358/1665 2402/358/1665 2403/359/1665 1634/359/1665
f 1691/212/1666 2460/212/1666 2461/372/1666 1692/372/1666
f 2053/669/1660 2822/669/1660 2823/665/1660 2054/665/1660
f 1607/16/1667 2376/16/1667 2377/264/1667 1608/264/1667
f 2143/132/1668 2912/132/1668 2913/172/1668 2144/172/1668
f 1796/159/2 2565/159/2 2566/152/2 1797/152/2
f 1846/155/1154 2615/155/1154 2616/51/1154 1847/51/1154
f 2038/369/1669 2807/369/1669 2808/190/1669 2039/190/1669
f 1882/472/1670 2651/472/1670 2652/473/1670 1883/473/1670
f 2189/715/1671 2958/715/1671 2959/716/1671 2190/716/1671
f 1539/180/1672 2308/180/1672 2309/654/1672 1540/654/1672
f 1589/255/1673 2358/255/1673 2359/373/1673 1590/373/1673
f 2113/431/1674 2882/431/1674 2883/432/1674 2114/432/1674
f 1625/330/1675 2394/330/1675 2395/110/1675 1626/110/1675
f 1932/332/1676 2701/332/1676 2702/333/1676 1933/333/1676
f 2099/322/2 2868/322/2 2869/438/2 2100/438/2
f 1856/360/1165 2625/360/1165 2626/440/1165 1857/440/1165
f 2105/576/1677 2874/576/1677 2875/577/1677 2106/577/1677
f 2135/9/1678 2904/9/1678 2905/366/1678 2136/366/1678
f 1675/269/1679 2444/269/1679 2445/129/1679 1676/129/1679
f 1557/319/1680 2326/319/1680 2327/232/1680 1558/232/1680
f 1599/111/1681 2368/111/1681 2369/150/1681 1600/150/1681
f 1848/419/1682 2617/419/1682 2618/128/1682 1849/128/1682
f 1874/163/2 2643/163/2 2644/96/2 1875/96/2
f 2002/631/1683 2771/631/1683 2772/335/1683 2003/335/1683
f 2030/557/2 2799/557/2 2800/652/2 2031/652/2
f 1591/374/1684 2360/374/1684 2361/38/1684 1592/38/1684
f 1617/446/1685 2386/446/1685 2387/451/1685 1618/451/1685
f 2291/321/1686 3060/321/1686 3061/251/1686 2292/251/1686
f 1773/339/1395 2542/339/1395 2543/457/1395 1774/457/1395
f 2097/682/2 2866/682/2 2867/247/2 2098/247/2
f 2127/697/1260 2896/697/1260 2897/699/1260 2128/699/1260
f 1830/263/2 2599/263/2 2600/290/2 1831/290/2
f 1840/351/1209 2609/351/1209 2610/347/1209 1841/347/1209
f 1866/231/2 2635/231/2 2636/145/2 1867/145/2
f 2109/686/1687 2878/686/1687 2879/323/1687 2110/323/1687
f 1573/331/1688 2342/331/1688 2343/250/1688 1574/250/1688
f 1583/526/1689 2352/526/1689 2353/256/1689 1584/256/1689
f 1609/405/1690 2378/405/1690 2379/341/1690 1610/341/1690
f 2173/75/1691 2942/75/1691 2943/92/1691 2174/92/1691
f 2083/680/1398 2852/680/1398 2853/197/1398 2084/197/1398
f 1858/415/1692 2627/415/1692 2628/143/1692 1859/143/1692
f 2119/456/1398 2888/456/1398 2889/524/1398 2120/524/1398
f 1916/368/1325 2685/368/1325 2686/706/1325 1917/706/1325
f 1814/406/1393 2583/406/1393 2584/1/1393 1815/1/1393
f 1832/286/2 2601/286/2 2602/281/2 1833/281/2
f 1850/146/1223 2619/146/1223 2620/207/1223 1851/207/1223
f 1659/265/1693 2428/265/1693 2429/244/1693 1660/244/1693
f 1575/563/1694 2344/563/1694 2345/361/1694 1576/361/1694
f 1593/39/1695 2362/39/1695 2363/362/1695 1594/362/1695
f 1527/229/392 2296/229/392 2297/235/392 1528/235/392
f 1191/593/1696 1960/593/1696 1961/594/1696 1192/594/1696
f 3062/252/1442 3831/252/1442 3832/188/1442 3063/188/1442
f 2814/201/1190 3583/201/1190 3584/658/1190 2815/658/1190
f 2873/688/1697 3642/688/1697 3643/576/1697 2874/576/1697
f 2805/501/1372 3574/501/1372 3575/502/1372 2806/502/1372
f 2959/716/1698 3728/716/1698 3729/694/1698 2960/694/1698
f 2548/119/1192 3317/119/1192 3318/124/1192 2549/124/1192
f 2495/95/1194 3264/95/1194 3265/73/1194 2496/73/1194
f 2862/685/2 3631/685/2 3632/521/2 2863/521/2
f 2445/129/1447 3214/129/1447 3215/130/1447 2446/130/1447
f 2750/615/1198 3519/615/1198 3520/616/1198 2751/616/1198
f 2700/270/1449 3469/270/1449 3470/332/1449 2701/332/1449
f 3005/751/1202 3774/751/1202 3775/752/1202 3006/752/1202
f 2566/152/2 3335/152/2 3336/6/2 2567/6/2
f 2827/664/2 3596/664/2 3597/668/2 2828/668/2
f 2361/38/1207 3130/38/1207 3131/39/1207 2362/39/1207
f 2821/353/1337 3590/353/1337 3591/669/1337 2822/669/1337
f 2313/436/1452 3082/436/1452 3083/106/1452 2314/106/1452
f 2819/661/1210 3588/661/1210 3589/352/1210 2820/352/1210
f 3076/70/1177 3845/70/1177 3077/180/1177 2308/180/1177
f 2568/162/2 3337/162/2 3338/86/2 2569/86/2
f 2943/92/1454 3712/92/1454 3713/89/1454 2944/89/1454
f 3046/388/1455 3815/388/1455 3816/448/1455 3047/448/1455
f 2347/386/1457 3116/386/1457 3117/40/1457 2348/40/1457
f 2429/244/1458 3198/244/1458 3199/245/1458 2430/245/1458
f 2789/644/2 3558/644/2 3559/645/2 2790/645/2
f 2479/87/1699 3248/87/1699 3249/88/1699 2480/88/1699
f 2602/281/2 3371/281/2 3372/156/2 2603/156/2
f 2684/445/1459 3453/445/1459 3454/368/1459 2685/368/1459
f 3059/757/1178 3828/757/1178 3829/321/1178 3060/321/1178
f 2532/27/2 3301/27/2 3302/13/2 2533/13/2
f 2734/571/1220 3503/571/1220 3504/572/1220 2735/572/1220
f 2545/206/1700 3314/206/1700 3315/493/1700 2546/493/1700
f 2989/740/1225 3758/740/1225 3759/741/1225 2990/741/1225
f 2800/652/2 3569/652/2 3570/653/2 2801/653/2
f 2331/179/1701 3100/179/1701 3101/221/1701 2332/221/1701
f 2327/232/1191 3096/232/1191 3097/233/1191 2328/233/1191
f 2586/114/1331 3355/114/1331 3356/223/1331 2587/223/1331
f 2413/410/1462 3182/410/1462 3183/408/1462 2414/408/1462
f 2463/224/1236 3232/224/1236 3233/225/1236 2464/225/1236
f 2841/671/1463 3610/671/1463 3611/184/1463 2842/184/1463
f 2668/483/1702 3437/483/1702 3438/478/1702 2669/478/1702
f 3043/689/1195 3812/689/1195 3813/412/1195 3044/412/1195
f 2718/585/1242 3487/585/1242 3488/586/1242 2719/586/1242
f 2529/10/2 3298/10/2 3299/11/2 2530/11/2
f 3030/470/1466 3799/470/1466 3800/763/1466 3031/763/1466
f 2973/721/1703 3742/721/1703 3743/702/1703 2974/702/1703
f 2857/580/1110 3626/580/1110 3627/519/1110 2858/519/1110
f 2784/657/1204 3553/657/1204 3554/642/1204 2785/642/1204
f 2773/632/1467 3542/632/1467 3543/633/1467 2774/633/1467
f 2516/74/1468 3285/74/1468 3286/94/1468 2517/94/1468
f 2928/315/1255 3697/315/1255 3698/635/1255 2929/635/1255
f 2809/268/1469 3578/268/1469 3579/320/1469 2810/320/1469
f 2550/125/1190 3319/125/1190 3320/126/1190 2551/126/1190
f 2552/423/1470 3321/423/1470 3322/377/1470 2553/377/1470
f 2911/134/1472 3680/134/1472 3681/132/1472 2912/132/1472
f 3014/755/1473 3783/755/1473 3784/758/1473 3015/758/1473
f 2447/639/1704 3216/639/1704 3217/420/1704 2448/420/1704
f 2315/107/1475 3084/107/1475 3085/475/1475 2316/475/1475
f 2397/399/1476 3166/399/1476 3167/441/1476 2398/441/1476
f 2757/621/1477 3526/621/1477 3527/622/1477 2758/622/1477
f 2702/333/1267 3471/333/1267 3472/494/1267 2703/494/1267
f 2570/101/2 3339/101/2 3340/518/2 2571/518/2
f 2652/473/1478 3421/473/1478 3422/537/1478 2653/537/1478
f 2937/309/1705 3706/309/1705 3707/310/1705 2938/310/1705
f 2500/58/1479 3269/58/1479 3270/59/1479 2501/59/1479
f 2957/670/1272 3726/670/1272 3727/715/1272 2958/715/1272
f 2547/131/1223 3316/131/1223 3317/119/1223 2548/119/1223
f 2825/666/2 3594/666/2 3595/667/2 2826/667/2
f 2513/50/1226 3282/50/1226 3283/63/1226 2514/63/1226
f 2802/574/1227 3571/574/1227 3572/575/1227 2803/575/1227
f 2791/31/2 3560/31/2 3561/76/2 2792/76/2
f 2768/191/1229 3537/191/1229 3538/192/1229 2769/192/1229
f 3057/510/1230 3826/510/1230 3827/509/1230 3058/509/1230
f 2534/14/2 3303/14/2 3304/28/2 2535/28/2
f 2895/698/1419 3664/698/1419 3665/697/1419 2896/697/1419
f 3044/412/1480 3813/412/1480 3814/387/1480 3045/387/1480
f 2381/356/1481 3150/356/1481 3151/476/1481 2382/476/1481
f 3011/460/1238 3780/460/1238 3781/272/1238 3012/272/1238
f 2741/606/1482 3510/606/1482 3511/607/1482 2742/607/1482
f 2431/370/1288 3200/370/1288 3201/208/1288 2432/208/1288
f 2636/145/2 3405/145/2 3406/409/2 2637/409/2
f 2497/66/1244 3266/66/1244 3267/64/1244 2498/64/1244
f 2484/376/1483 3253/376/1483 3254/424/1483 2485/424/1483
f 2686/706/1166 3455/706/1166 3456/182/1166 2687/182/1166
f 3050/760/1706 3819/760/1706 3820/761/1706 3051/761/1706
f 2752/617/1249 3521/617/1249 3522/618/1249 2753/618/1249
f 2941/7/1486 3710/7/1486 3711/75/1486 2942/75/1486
f 2793/23/2 3562/23/2 3563/203/2 2794/203/2
f 2856/681/1224 3625/681/1224 3626/580/1224 2857/580/1224
f 2775/551/1487 3544/551/1487 3545/634/1487 2776/634/1487
f 2536/34/2 3305/34/2 3306/32/2 2537/32/2
f 2982/733/1489 3751/733/1489 3752/734/1489 2983/734/1489
f 2518/326/1292 3287/326/1292 3288/47/1292 2519/47/1292
f 2998/744/1491 3767/744/1491 3768/745/1491 2999/745/1491
f 2811/243/1223 3580/243/1223 3581/627/1223 2812/627/1223
f 2995/638/1259 3764/638/1259 3765/236/1259 2996/236/1259
f 2725/646/1492 3494/646/1492 3495/647/1492 2726/647/1492
f 2531/26/2 3300/26/2 3301/27/2 2532/27/2
f 2554/395/1493 3323/395/1493 3324/5/1493 2555/5/1493
f 2879/323/1494 3648/323/1494 3649/324/1494 2880/324/1494
f 2481/4/1264 3250/4/1264 3251/390/1264 2482/390/1264
f 2468/3/1495 3237/3/1495 3238/138/1495 2469/138/1495
f 3004/750/1310 3773/750/1310 3774/751/1310 3005/751/1310
f 2786/29/1265 3555/29/1265 3556/30/1265 2787/30/1265
f 3028/650/1496 3797/650/1496 3798/469/1496 3029/469/1496
f 2365/531/1707 3134/531/1707 3135/248/1707 2366/248/1707
f 2736/600/1268 3505/600/1268 3506/601/1268 2737/601/1268
f 2415/307/1314 3184/307/1314 3185/305/1314 2416/305/1314
f 3041/187/1270 3810/187/1270 3811/253/1270 3042/253/1270
f 2620/207/1192 3389/207/1192 3390/283/1192 2621/283/1192
f 2979/730/1273 3748/730/1273 3749/731/1273 2980/731/1273
f 2966/719/1498 3735/719/1498 3736/708/1498 2967/708/1498
f 2670/355/1318 3439/355/1318 3440/488/1318 2671/488/1318
f 2759/623/1499 3528/623/1499 3529/624/1499 2760/624/1499
f 2370/336/1501 3139/336/1501 3140/447/1501 2371/447/1501
f 2465/459/1276 3234/459/1276 3235/115/1276 2466/115/1276
f 2709/569/1502 3478/569/1502 3479/487/1502 2710/487/1502
f 2502/57/1503 3271/57/1503 3272/55/1503 2503/55/1503
f 2777/204/1505 3546/204/1505 3547/202/1505 2778/202/1505
f 2720/587/1281 3489/587/1281 3490/588/1281 2721/588/1281
f 2452/53/1506 3221/53/1506 3222/280/1506 2453/280/1506
f 3012/272/1507 3781/272/1507 3782/273/1507 3013/273/1507
f 2520/48/1233 3289/48/1233 3290/550/1233 2521/550/1233
f 2963/713/1285 3732/713/1285 3733/714/1285 2964/714/1285
f 2349/552/1510 3118/552/1510 3119/573/1510 2350/573/1510
f 2449/421/1290 3218/421/1290 3219/486/1290 2450/486/1290
f 2743/583/1511 3512/583/1511 3513/584/1511 2744/584/1511
f 2952/91/1512 3721/91/1512 3722/525/1512 2953/525/1512
f 2604/157/2 3373/157/2 3374/239/2 2605/239/2
f 2704/122/1294 3473/122/1294 3474/514/1294 2705/514/1294
f 2950/723/1514 3719/723/1514 3720/90/1514 2951/90/1514
f 2486/294/1515 3255/294/1515 3256/127/1515 2487/127/1515
f 2693/507/1517 3462/507/1517 3463/337/1517 2694/337/1517
f 2515/65/1298 3284/65/1298 3285/74/1298 2516/74/1298
f 2996/236/1518 3765/236/1518 3766/237/1518 2997/237/1518
f 3018/764/1520 3787/764/1520 3788/765/1520 3019/765/1520
f 2880/324/1521 3649/324/1521 3650/196/1521 2881/196/1521
f 2436/299/1522 3205/299/1522 3206/147/1522 2437/147/1522
f 2770/177/1301 3539/177/1301 3540/631/1301 2771/631/1301
f 2761/625/1523 3530/625/1523 3531/199/1523 2762/199/1523
f 2538/33/1227 3307/33/1227 3308/49/1227 2539/49/1227
f 2847/69/1524 3616/69/1524 3617/566/1524 2848/566/1524
f 3025/559/1305 3794/559/1305 3795/767/1305 3026/767/1305
f 2727/581/1525 3496/581/1525 3497/582/1525 2728/582/1525
f 2504/42/1527 3273/42/1527 3274/43/1527 2505/43/1527
f 2333/222/1529 3102/222/1529 3103/656/1529 2334/656/1529
f 2955/454/1308 3724/454/1308 3725/455/1308 2956/455/1308
f 2470/139/1530 3239/139/1530 3240/407/1530 2471/407/1530
f 2588/210/1398 3357/210/1398 3358/258/1398 2589/258/1398
f 2947/301/1708 3716/301/1708 3717/722/1708 2948/722/1708
f 3066/235/1321 3835/235/1321 3836/690/1321 3067/690/1321
f 2932/505/1313 3701/505/1313 3702/506/1313 2933/506/1313
f 2980/731/1531 3749/731/1531 3750/732/1531 2981/732/1531
f 3002/748/1534 3771/748/1534 3772/749/1534 3003/749/1534
f 2831/544/2 3600/544/2 3601/185/2 2832/185/2
f 2433/209/1320 3202/209/1320 3203/485/1320 2434/485/1320
f 2934/717/1535 3703/717/1535 3704/676/1535 2935/676/1535
f 2499/41/1322 3268/41/1322 3269/58/1322 2500/58/1322
f 2745/649/1536 3514/649/1536 3515/218/1536 2746/218/1536
f 2317/234/1538 3086/234/1538 3087/553/1538 2318/553/1538
f 2688/183/1325 3457/183/1325 3458/214/1325 2689/214/1325
f 2677/696/1539 3446/696/1539 3447/567/1539 2678/567/1539
f 2754/619/1327 3523/619/1327 3524/620/1327 2755/620/1327
f 2711/465/1540 3480/465/1540 3481/554/1540 2712/554/1540
f 2488/123/1541 3257/123/1541 3258/117/1541 2489/117/1541
f 2779/220/1542 3548/220/1542 3549/610/1542 2780/610/1542
f 2572/195/2 3341/195/2 3342/548/2 2573/548/2
f 2850/678/1331 3619/678/1331 3620/679/1331 2851/679/1331
f 2420/384/1543 3189/384/1543 3190/382/1543 2421/382/1543
f 2399/439/1544 3168/439/1544 3169/411/1544 2400/411/1544
f 3009/227/1333 3778/227/1333 3779/710/1333 3010/710/1333
f 2454/259/1545 3223/259/1545 3224/260/1545 2455/260/1545
f 3070/77/1547 3839/77/1547 3840/78/1547 3071/78/1547
f 2522/15/1199 3291/15/1199 3292/12/1199 2523/12/1199
f 2818/660/1493 3587/660/1493 3588/661/1493 2819/661/1493
f 2654/538/1548 3423/538/1548 3424/467/1548 2655/467/1548
f 2964/714/1549 3733/714/1549 3734/718/1549 2965/718/1549
f 2926/707/1709 3695/707/1709 3696/314/1709 2927/314/1709
f 3032/753/1552 3801/753/1552 3802/754/1552 3033/754/1552
f 2918/442/1553 3687/442/1553 3688/443/1553 2919/443/1553
f 2909/316/1554 3678/316/1554 3679/711/1554 2910/711/1554
f 3033/754/1338 3802/754/1338 3803/271/1338 3034/271/1338
f 2986/737/1556 3755/737/1556 3756/738/1556 2987/738/1556
f 2763/626/1558 3532/626/1558 3533/241/1558 2764/241/1558
f 2661/481/1559 3430/481/1559 3431/482/1559 2662/482/1559
f 2729/593/1560 3498/593/1560 3499/594/1560 2730/594/1560
f 2506/46/1710 3275/46/1710 3276/45/1710 2507/45/1710
f 2931/562/1343 3700/562/1343 3701/505/1343 2932/505/1343
f 2404/425/1563 3173/425/1563 3174/561/1563 2405/561/1563
f 3031/763/1345 3800/763/1345 3801/753/1345 3032/753/1345
f 2472/170/1295 3241/170/1295 3242/171/1295 2473/171/1295
f 3016/762/1564 3785/762/1564 3786/471/1564 3017/471/1564
f 2417/429/1348 3186/429/1348 3187/539/1348 2418/539/1348
f 2383/98/1565 3152/98/1565 3153/140/1565 2384/140/1565
f 2483/378/1350 3252/378/1350 3253/376/1350 2484/376/1350
f 2672/490/1353 3441/490/1353 3442/491/1353 2673/491/1353
f 2638/414/2 3407/414/2 3408/398/2 2639/398/2
f 2738/602/1354 3507/602/1354 3508/603/1354 2739/603/1354
f 2695/338/1567 3464/338/1567 3465/364/1567 2696/364/1567
f 2970/724/1711 3739/724/1711 3740/725/1711 2971/725/1711
f 2747/219/1571 3516/219/1571 3517/613/1571 2748/613/1571
f 2556/149/1111 3325/149/1111 3326/151/1111 2557/151/1111
f 2438/148/1572 3207/148/1572 3208/527/1572 2439/527/1572
f 2713/136/1573 3482/136/1573 3483/137/1573 2714/137/1573
f 2490/118/1574 3259/118/1574 3260/205/1574 2491/205/1574
f 2915/348/1358 3684/348/1358 3685/349/1358 2916/349/1358
f 2948/722/1575 3717/722/1575 3718/279/1575 2949/279/1575
f 2456/704/1576 3225/704/1576 3226/313/1576 2457/313/1576
f 3000/746/1578 3769/746/1578 3770/747/1578 3001/747/1578
f 2401/416/1360 3170/416/1360 3171/358/1360 2402/358/1360
f 2645/97/1579 3414/97/1579 3415/80/1579 2646/80/1579
f 2467/116/1361 3236/116/1361 3237/3/1361 2468/3/1361
f 2936/565/1580 3705/565/1580 3706/309/1580 2937/309/1580
f 2832/185/2 3601/185/2 3602/186/2 2833/186/2
f 2656/466/1363 3425/466/1363 3426/82/1363 2657/82/1363
f 2388/630/1582 3157/630/1582 3158/61/1582 2389/61/1582
f 2367/249/1583 3136/249/1583 3137/111/1583 2368/111/1583
f 2722/568/1365 3491/568/1365 3492/71/1365 2723/71/1365
f 2731/595/1585 3500/595/1585 3501/596/1585 2732/596/1585
f 2622/381/1586 3391/381/1586 3392/383/1586 2623/383/1586
f 2977/728/1370 3746/728/1370 3747/729/1370 2978/729/1370
f 2954/720/1587 3723/720/1587 3724/454/1587 2955/454/1587
f 2474/598/1243 3243/598/1243 3244/529/1243 2475/529/1243
f 2877/612/1589 3646/612/1589 3647/686/1589 2878/686/1589
f 2697/345/1590 3466/345/1590 3467/112/1590 2698/112/1590
f 2984/735/1591 3753/735/1591 3754/736/1591 2985/736/1591
f 3054/389/1592 3823/389/1592 3824/768/1592 3055/768/1592
f 2899/590/1376 3668/590/1376 3669/83/1376 2900/83/1376
f 2886/534/1331 3655/534/1331 3656/693/1331 2887/693/1331
f 2451/52/1377 3220/52/1377 3221/53/1377 2452/53/1377
f 2440/528/1594 3209/528/1594 3210/462/1594 2441/462/1594
f 2797/176/2 3566/176/2 3567/503/2 2798/503/2
f 2385/141/1379 3154/141/1379 3155/446/1379 2386/446/1379
f 2629/144/1110 3398/144/1110 3399/230/1110 2630/230/1110
f 2706/275/1380 3475/275/1380 3476/276/1380 2707/276/1380
f 2540/54/1142 3309/54/1142 3310/327/1142 2541/327/1142
f 2640/109/2 3409/109/2 3410/371/2 2641/371/2
f 2372/392/1598 3141/392/1598 3142/213/1598 2373/213/1598
f 2351/375/1599 3120/375/1599 3121/526/1599 2352/526/1599
f 3065/229/1321 3834/229/1321 3835/235/1321 3066/235/1321
f 2679/396/1318 3448/396/1318 3449/397/1318 2680/397/1318
f 2715/628/1187 3484/628/1187 3485/608/1187 2716/608/1187
f 2606/240/2 3375/240/2 3376/329/2 2607/329/2
f 2422/379/1601 3191/379/1601 3192/380/1601 2423/380/1601
f 2458/400/1603 3227/400/1603 3228/211/1603 2459/211/1603
f 2938/310/1604 3707/310/1604 3708/495/1604 2939/495/1604
f 2968/709/1605 3737/709/1605 3738/712/1605 2969/712/1605
f 3074/599/1177 3843/599/1177 3844/570/1177 3075/570/1177
f 2681/703/1246 3450/703/1246 3451/17/1246 2682/17/1246
f 2699/113/1607 3468/113/1607 3469/270/1607 2700/270/1607
f 2424/517/1608 3193/517/1608 3194/284/1608 2425/284/1608
f 2442/463/1610 3211/463/1610 3212/297/1610 2443/297/1610
f 2870/546/2 3639/546/2 3640/547/2 2871/547/2
f 2335/468/1611 3104/468/1611 3105/325/1611 2336/325/1611
f 2435/298/1389 3204/298/1389 3205/299/1389 2436/299/1389
f 2927/314/1612 3696/314/1612 3697/315/1612 2928/315/1612
f 2781/655/1615 3550/655/1615 3551/24/1615 2782/24/1615
f 2883/432/1393 3652/432/1393 3653/691/1393 2884/691/1393
f 2613/238/1372 3382/238/1372 3383/295/1372 2614/295/1372
f 2590/277/1448 3359/277/1448 3360/282/1448 2591/282/1448
f 2690/311/1394 3459/311/1394 3460/312/1394 2691/312/1394
f 2524/21/2 3293/21/2 3294/19/2 2525/19/2
f 2369/150/1396 3138/150/1396 3139/336/1396 2370/336/1396
f 2356/522/1617 3125/522/1617 3126/257/1617 2357/257/1617
f 2845/216/1618 3614/216/1618 3615/68/1618 2846/68/1618
f 2663/435/1619 3432/435/1619 3433/433/1619 2664/433/1619
f 3037/756/1621 3806/756/1621 3807/228/1621 3038/228/1621
f 2624/306/1398 3393/306/1398 3394/360/1398 2625/360/1398
f 2406/428/1622 3175/428/1622 3176/426/1622 2407/426/1622
f 2922/453/1623 3691/453/1623 3692/350/1623 2923/350/1623
f 2916/349/1624 3685/349/1624 3686/452/1624 2917/452/1624
f 2665/530/1712 3434/530/1712 3435/434/1712 2666/434/1712
f 2861/684/2 3630/684/2 3631/685/2 2862/685/2
f 2854/198/1626 3623/198/1626 3624/246/1626 2855/246/1626
f 2319/317/1627 3088/317/1627 3089/391/1627 2320/391/1627
f 2419/542/1406 3188/542/1406 3189/384/1406 2420/384/1406
f 2946/300/1628 3715/300/1628 3716/301/1628 2947/301/1628
f 2408/427/1630 3177/427/1630 3178/422/1630 2409/422/1630
f 3022/766/1631 3791/766/1631 3792/651/1631 3023/651/1631
f 2867/247/2 3636/247/2 3637/322/2 2868/322/2
f 2597/293/2 3366/293/2 3367/292/2 2598/292/2
f 2574/193/1632 3343/193/1632 3344/194/1632 2575/194/1632
f 2674/492/1408 3443/492/1408 3444/342/1408 2675/342/1408
f 2647/81/1633 3416/81/1633 3417/296/1633 2648/296/1633
f 2765/242/1635 3534/242/1635 3535/266/1635 2766/266/1635
f 2353/256/1411 3122/256/1411 3123/437/1411 2354/437/1411
f 2340/120/1636 3109/120/1636 3110/121/1636 2341/121/1636
f 2829/354/2 3598/354/2 3599/662/2 2830/662/2
f 2929/635/1713 3698/635/1713 3699/636/1713 2930/636/1713
f 2683/18/1394 3452/18/1394 3453/445/1394 2684/445/1394
f 2508/44/1638 3277/44/1638 3278/37/1638 2509/37/1638
f 2608/346/2 3377/346/2 3378/351/2 2609/351/2
f 2403/359/1416 3172/359/1416 3173/425/1416 2404/425/1416
f 2900/83/1639 3669/83/1639 3670/84/1639 2901/84/1639
f 2649/474/1640 3418/474/1640 3419/508/1640 2650/508/1640
f 2426/285/1641 3195/285/1641 3196/289/1641 2427/289/1641
f 2658/477/1420 3427/477/1420 3428/479/1420 2659/479/1420
f 2392/60/1642 3161/60/1642 3162/142/1642 2393/142/1642
f 3006/752/1643 3775/752/1643 3776/532/1643 3007/532/1643
f 2913/172/1423 3682/172/1423 3683/173/1423 2914/173/1423
f 2749/614/1644 3518/614/1644 3519/615/1644 2750/615/1644
f 2631/401/1714 3400/401/1714 3401/402/1714 2632/402/1714
f 2492/102/1322 3261/102/1322 3262/103/1322 2493/103/1322
f 2374/181/1646 3143/181/1646 3144/367/1646 2375/367/1646
f 2990/741/1649 3759/741/1649 3760/742/1649 2991/742/1649
f 2838/674/1650 3607/674/1650 3608/672/1650 2839/672/1650
f 2884/691/1437 3653/691/1437 3654/692/1437 2885/692/1437
f 2667/484/1715 3436/484/1715 3437/483/1715 2668/483/1715
f 2733/597/1652 3502/597/1652 3503/571/1652 2734/571/1652
f 2851/679/1132 3620/679/1132 3621/680/1132 2852/680/1132
f 2581/496/1653 3350/496/1653 3351/169/1653 2582/169/1653
f 2815/658/1654 3584/658/1654 3585/659/1654 2816/659/1654
f 2387/451/1430 3156/451/1430 3157/630/1430 2388/630/1430
f 3013/273/1655 3782/273/1655 3783/755/1655 3014/755/1655
f 2410/357/1657 3179/357/1657 3180/417/1657 2411/417/1657
f 2476/511/1658 3245/511/1658 3246/512/1658 2477/512/1658
f 2337/135/1433 3106/135/1433 3107/464/1433 2338/464/1433
f 2324/302/1659 3093/302/1659 3094/318/1659 2325/318/1659
f 2558/158/1660 3327/158/1660 3328/160/1660 2559/160/1660
f 2642/164/2 3411/164/2 3412/163/2 2643/163/2
f 2920/705/1716 3689/705/1716 3690/444/1716 2921/444/1716
f 2974/702/1662 3743/702/1662 3744/700/1662 2975/700/1662
f 2592/287/1436 3361/287/1436 3362/288/1436 2593/288/1436
f 2897/699/2 3666/699/2 3667/592/2 2898/592/2
f 2890/93/1448 3659/93/1448 3660/85/1448 2891/85/1448
f 2717/609/1664 3486/609/1664 3487/585/1664 2718/585/1664
f 2835/500/2 3604/500/2 3605/673/2 2836/673/2
f 2633/403/2 3402/403/2 3403/404/2 2634/404/2
f 2460/212/1666 3229/212/1666 3230/372/1666 2461/372/1666
f 2321/303/1443 3090/303/1443 3091/304/1443 2322/304/1443
f 2822/669/1660 3591/669/1660 3592/665/1660 2823/665/1660
f 2376/16/1667 3145/16/1667 3146/264/1667 2377/264/1667
f 2576/226/1445 3345/226/1445 3346/549/1445 2577/549/1445
f 2565/159/2 3334/159/2 3335/152/2 2566/152/2
f 2615/155/1154 3384/155/1154 3385/51/1154 2616/51/1154
f 2651/472/1670 3420/472/1670 3421/473/1670 2652/473/1670
f 2958/715/1671 3727/715/1671 3728/716/1671 2959/716/1671
f 2308/180/1672 3077/180/1672 3078/654/1672 2309/654/1672
f 2358/255/1673 3127/255/1673 3128/373/1673 2359/373/1673
f 2394/330/1675 3163/330/1675 3164/110/1675 2395/110/1675
f 2701/332/1676 3470/332/1676 3471/333/1676 2702/333/1676
f 2626/440/1448 3395/440/1448 3396/415/1448 2627/415/1448
f 2868/322/2 3637/322/2 3638/438/2 2869/438/2
f 2874/576/1677 3643/576/1677 3644/577/1677 2875/577/1677
f 2904/9/1678 3673/9/1678 3674/366/1678 2905/366/1678
f 2444/269/1679 3213/269/1679 3214/129/1679 2445/129/1679
f 2326/319/1680 3095/319/1680 3096/232/1680 2327/232/1680
f 2881/196/1450 3650/196/1450 3651/431/1450 2882/431/1450
f 2617/419/1682 3386/419/1682 3387/128/1682 2618/128/1682
f 2771/631/1683 3540/631/1683 3541/335/1683 2772/335/1683
f 2799/557/2 3568/557/2 3569/652/2 2800/652/2
f 2764/241/1453 3533/241/1453 3534/242/1453 2765/242/1453
f 2360/374/1684 3129/374/1684 3130/38/1684 2361/38/1684
f 3060/321/1686 3829/321/1686 3830/251/1686 3061/251/1686
f 2542/339/1395 3311/339/1395 3312/457/1395 2543/457/1395
f 2817/589/1172 3586/589/1172 3587/660/1172 2818/660/1172
f 2355/523/1456 3124/523/1456 3125/522/1456 2356/522/1456
f 2599/263/2 3368/263/2 3369/290/2 2600/290/2
f 2635/231/2 3404/231/2 3405/145/2 2636/145/2
f 2560/165/1717 3329/165/1717 3330/168/1717 2561/168/1717
f 2878/686/1687 3647/686/1687 3648/323/1687 2879/323/1687
f 2610/347/1227 3379/347/1227 3380/344/1227 2611/344/1227
f 2342/331/1688 3111/331/1688 3112/250/1688 2343/250/1688
f 2378/405/1690 3147/405/1690 3148/341/1690 2379/341/1690
f 2942/75/1691 3711/75/1691 3712/92/1691 2943/92/1691
f 2865/579/2 3634/579/2 3635/682/2 2866/682/2
f 2852/680/1398 3621/680/1398 3622/197/1398 2853/197/1398
f 2888/456/1398 3657/456/1398 3658/524/1398 2889/524/1398
f 2685/368/1325 3454/368/1325 3455/706/1325 2686/706/1325
f 2311/153/1460 3080/153/1460 3081/154/1460 2312/154/1460
f 2583/406/1718 3352/406/1718 3353/1/1718 2584/1/1718
f 2601/286/2 3370/286/2 3371/281/2 2602/281/2
f 2619/146/1223 3388/146/1223 3389/207/1223 2620/207/1223
f 2428/265/1693 3197/265/1693 3198/244/1693 2429/244/1693
f 2344/563/1694 3113/563/1694 3114/361/1694 2345/361/1694
f 2362/39/1695 3131/39/1695 3132/362/1695 2363/362/1695
f 2783/22/1719 3552/22/1719 3553/657/1719 2784/657/1719
f 2863/521/2 3632/521/2 3633/578/2 2864/578/2
f 2902/629/1431 3671/629/1431 3672/8/1431 2903/8/1431
f 2872/687/2 3641/687/2 3642/688/2 2873/688/2
f 2526/20/2 3295/20/2 3296/25/2 2527/25/2
f 2836/673/2 3605/673/2 3606/675/2 2837/675/2
f 2993/648/1098 3762/648/1098 3763/641/1098 2994/641/1098
f 3052/769/1100 3821/769/1100 3822/450/1100 3053/450/1100
f 2339/274/1465 3108/274/1465 3109/120/1465 2340/120/1465
f 2842/184/1102 3611/184/1102 3612/543/1102 2843/543/1102
f 2669/478/1103 3438/478/1103 3439/355/1103 2670/355/1103
f 3036/611/1104 3805/611/1104 3806/756/1104 3037/756/1104
f 2594/261/1126 3363/261/1126 3364/262/1126 2595/262/1126
f 2567/6/2 3336/6/2 3337/162/2 2568/162/2
f 2585/2/1106 3354/2/1106 3355/114/1106 2586/114/1106
f 2412/418/1107 3181/418/1107 3182/410/1107 2413/410/1107
f 2328/233/1108 3097/233/1108 3098/105/1108 2329/105/1108
f 2893/727/1110 3662/727/1110 3663/591/1110 2894/591/1110
f 2820/352/1111 3589/352/1111 3590/353/1111 2821/353/1111
f 2910/711/1113 3679/711/1113 3680/134/1113 2911/134/1113
f 2767/267/1114 3536/267/1114 3537/191/1114 2768/191/1114
f 2323/640/1471 3092/640/1471 3093/302/1471 2324/302/1471
f 2653/537/1117 3422/537/1117 3423/538/1117 2654/538/1117
f 3058/509/1474 3827/509/1474 3828/757/1474 3059/757/1474
f 2510/35/1118 3279/35/1118 3280/215/1118 2511/215/1118
f 2578/497/1395 3347/497/1395 3348/99/1395 2579/99/1395
f 2603/156/2 3372/156/2 3373/157/2 2604/157/2
f 2396/108/1120 3165/108/1120 3166/399/1120 2397/399/1120
f 2801/653/1209 3570/653/1209 3571/574/1209 2802/574/1209
f 3020/515/1121 3789/515/1121 3790/516/1121 3021/516/1121
f 2833/186/2 3602/186/2 3603/499/2 2834/499/2
f 2346/385/1122 3115/385/1122 3116/386/1122 2347/386/1122
f 2906/308/1123 3675/308/1123 3676/564/1123 2907/564/1123
f 2544/104/1412 3313/104/1412 3314/206/1412 2545/206/1412
f 2751/616/1124 3520/616/1124 3521/617/1124 2752/617/1124
f 2826/667/2 3595/667/2 3596/664/2 2827/664/2
f 2894/591/1126 3663/591/1126 3664/698/1126 2895/698/1126
f 2494/340/1127 3263/340/1127 3264/95/1127 2495/95/1127
f 2569/86/2 3338/86/2 3339/101/2 2570/101/2
f 2637/409/2 3406/409/2 3407/414/2 2638/414/2
f 2562/167/2 3331/167/2 3332/166/2 2563/166/2
f 2312/154/1129 3081/154/1129 3082/436/1129 2313/436/1129
f 2380/489/1130 3149/489/1130 3150/356/1130 2381/356/1130
f 3072/217/1485 3841/217/1485 3842/604/1485 3073/604/1485
f 2587/223/1132 3356/223/1132 3357/210/1132 2588/210/1132
f 2735/572/1133 3504/572/1133 3505/600/1133 2736/600/1133
f 3063/188/1134 3832/188/1134 3833/189/1134 3064/189/1134
f 2330/178/1136 3099/178/1136 3100/179/1136 2331/179/1136
f 3042/253/1488 3811/253/1488 3812/689/1488 3043/689/1488
f 2478/100/1137 3247/100/1137 3248/87/1137 2479/87/1137
f 2549/124/1138 3318/124/1138 3319/125/1138 2550/125/1138
f 2840/498/1140 3609/498/1140 3610/671/1140 2841/671/1140
f 2621/283/1106 3390/283/1106 3391/381/1106 2622/381/1106
f 2785/642/1490 3554/642/1490 3555/29/1490 2786/29/1490
f 2988/739/1141 3757/739/1141 3758/740/1141 2989/740/1141
f 2804/556/1142 3573/556/1142 3574/501/1142 2805/501/1142
f 2364/363/1143 3133/363/1143 3134/531/1143 2365/531/1143
f 2528/56/2 3297/56/2 3298/10/2 2529/10/2
f 2571/518/2 3340/518/2 3341/195/2 2572/195/2
f 2940/365/1144 3709/365/1144 3710/7/1144 2941/7/1144
f 2719/586/1145 3488/586/1145 3489/587/1145 2720/587/1145
f 2314/106/1146 3083/106/1146 3084/107/1146 2315/107/1146
f 2462/394/1147 3231/394/1147 3232/224/1147 2463/224/1147
f 3026/767/1500 3795/767/1500 3796/560/1500 3027/560/1500
f 2972/726/1148 3741/726/1148 3742/721/1148 2973/721/1148
f 3047/448/1149 3816/448/1149 3817/449/1149 3048/449/1149
f 2824/663/1150 3593/663/1150 3594/666/1150 2825/666/1150
f 2769/192/1504 3538/192/1504 3539/177/1504 2770/177/1504
f 2533/13/2 3302/13/2 3303/14/2 2534/14/2
f 2605/239/2 3374/239/2 3375/240/2 2606/240/2
f 2512/36/1508 3281/36/1508 3282/50/1508 2513/50/1508
f 2703/494/1152 3472/494/1152 3473/122/1152 2704/122/1152
f 2803/575/1112 3572/575/1112 3573/556/1112 2804/556/1112
f 2788/643/1153 3557/643/1153 3558/644/1153 2789/644/1153
f 2348/40/1155 3117/40/1155 3118/552/1155 2349/552/1155
f 2446/130/1156 3215/130/1156 3216/639/1156 2447/639/1156
f 2546/493/1509 3315/493/1509 3316/131/1509 2547/131/1509
f 2956/455/1157 3725/455/1157 3726/670/1157 2957/670/1157
f 3056/413/1513 3825/413/1513 3826/510/1513 3057/510/1513
f 2551/126/1159 3320/126/1159 3321/423/1159 2552/423/1159
f 3010/710/1516 3779/710/1516 3780/460/1516 3011/460/1516
f 2753/618/1519 3522/618/1519 3523/619/1519 2754/619/1519
f 3064/189/1160 3833/189/1160 3834/229/1160 3065/229/1160
f 2517/94/1161 3286/94/1161 3287/326/1161 2518/326/1161
f 3061/251/1162 3830/251/1162 3831/252/1162 3062/252/1162
f 2846/68/1163 3615/68/1163 3616/69/1163 2847/69/1163
f 2496/73/1194 3265/73/1194 3266/66/1194 2497/66/1194
f 2772/335/1164 3541/335/1164 3542/632/1164 2773/632/1164
f 2589/258/1165 3358/258/1165 3359/277/1165 2590/277/1165
f 2994/641/1526 3763/641/1526 3764/638/1526 2995/638/1526
f 2687/182/1166 3456/182/1166 3457/183/1166 2688/183/1166
f 2787/30/1528 3556/30/1528 3557/643/1528 2788/643/1528
f 3015/758/1167 3784/758/1167 3785/762/1167 3016/762/1167
f 2332/221/1168 3101/221/1168 3102/222/1168 2333/222/1168
f 2737/601/1354 3506/601/1354 3507/602/1354 2738/602/1354
f 2430/245/1169 3199/245/1169 3200/370/1169 2431/370/1169
f 2530/11/2 3299/11/2 3300/26/2 2531/26/2
f 2501/59/1170 3270/59/1170 3271/57/1170 2502/57/1170
f 2535/28/2 3304/28/2 3305/34/2 2536/34/2
f 2553/377/1172 3322/377/1172 3323/395/1172 2554/395/1172
f 2480/88/1532 3249/88/1532 3250/4/1532 2481/4/1532
f 3040/541/1533 3809/541/1533 3810/187/1533 3041/187/1533
f 2756/79/1173 3525/79/1173 3526/621/1173 2757/621/1173
f 2790/645/2 3559/645/2 3560/31/2 2791/31/2
f 2808/190/1174 3577/190/1174 3578/268/1174 2809/268/1174
f 2813/200/1138 3582/200/1138 3583/201/1138 2814/201/1138
f 2795/334/2 3564/334/2 3565/175/2 2796/175/2
f 3045/387/1720 3814/387/1720 3815/388/1720 3046/388/1720
f 2830/662/2 3599/662/2 3600/544/2 2831/544/2
f 3034/271/1537 3803/271/1537 3804/461/1537 3035/461/1537
f 3075/570/1177 3844/570/1177 3845/70/1177 3076/70/1177
f 2573/548/1179 3342/548/1179 3343/193/1179 2574/193/1179
f 2671/488/1180 3440/488/1180 3441/490/1180 2672/490/1180
f 2999/745/1181 3768/745/1181 3769/746/1181 3000/746/1181
f 2316/475/1184 3085/475/1184 3086/234/1184 2317/234/1184
f 2978/729/1546 3747/729/1546 3748/730/1546 2979/730/1546
f 2414/408/1185 3183/408/1185 3184/307/1185 2415/307/1185
f 2485/424/1186 3254/424/1186 3255/294/1186 2486/294/1186
f 2721/588/1550 3490/588/1550 3491/568/1550 2722/568/1550
f 2924/174/1721 3693/174/1721 3694/133/1721 2925/133/1721
f 2740/605/1189 3509/605/1189 3510/606/1189 2741/606/1189
f 2464/225/1555 3233/225/1555 3234/459/1555 2465/459/1555
f 2514/63/1557 3283/63/1557 3284/65/1557 2515/65/1557
f 2812/627/1192 3581/627/1192 3582/200/1192 2813/200/1192
f 2655/467/1193 3424/467/1193 3425/466/1193 2656/466/1193
f 3024/558/1561 3793/558/1561 3794/559/1561 3025/559/1561
f 2849/677/1106 3618/677/1106 3619/678/1106 2850/678/1106
f 2398/441/1196 3167/441/1196 3168/439/1196 2399/439/1196
f 2983/734/1197 3752/734/1197 3753/735/1197 2984/735/1197
f 2519/47/1199 3288/47/1199 3289/48/1199 2520/48/1199
f 2705/514/1353 3474/514/1353 3475/275/1353 2706/275/1353
f 2908/504/1200 3677/504/1200 3678/316/1200 2909/316/1200
f 2925/133/1566 3694/133/1566 3695/707/1566 2926/707/1566
f 2469/138/1201 3238/138/1201 3239/139/1201 2470/139/1201
f 2774/633/1203 3543/633/1203 3544/551/1203 2775/551/1203
f 3051/761/1205 3820/761/1205 3821/769/1205 3052/769/1205
f 2448/420/1568 3217/420/1568 3218/421/1568 2449/421/1568
f 2755/620/1570 3524/620/1570 3525/79/1570 2756/79/1570
f 2724/72/1206 3493/72/1206 3494/646/1206 2725/646/1206
f 3029/469/1208 3798/469/1208 3799/470/1208 3030/470/1208
f 2537/32/1209 3306/32/1209 3307/33/1209 2538/33/1209
f 2498/64/1418 3267/64/1418 3268/41/1418 2499/41/1418
f 2792/76/2 3561/76/2 3562/23/2 2793/23/2
f 2555/5/1210 3324/5/1210 3325/149/1210 2556/149/1210
f 3008/533/1577 3777/533/1577 3778/227/1577 3009/227/1577
f 2967/708/1211 3736/708/1211 3737/709/1211 2968/709/1211
f 2503/55/1212 3272/55/1212 3273/42/1212 2504/42/1212
f 2816/659/1213 3585/659/1213 3586/589/1213 2817/589/1213
f 2639/398/2 3408/398/2 3409/109/2 2640/109/2
f 3068/430/1581 3837/430/1581 3838/67/1581 3069/67/1581
f 2453/280/1214 3222/280/1214 3223/259/1214 2454/259/1214
f 2758/622/1216 3527/622/1216 3528/623/1216 2759/623/1216
f 3073/604/1217 3842/604/1217 3843/599/1217 3074/599/1217
f 2382/476/1218 3151/476/1218 3152/98/1218 2383/98/1218
f 2739/603/1584 3508/603/1584 3509/605/1584 2740/605/1584
f 2708/555/1219 3477/555/1219 3478/569/1219 2709/569/1219
f 3069/67/1221 3838/67/1221 3839/77/1221 3070/77/1221
f 2892/695/1224 3661/695/1224 3662/727/1224 2893/727/1224
f 2482/390/1588 3251/390/1588 3252/378/1588 2483/378/1588
f 2487/127/1228 3256/127/1228 3257/123/1228 2488/123/1228
f 3035/461/1104 3804/461/1104 3805/611/1104 3036/611/1104
f 2689/214/1593 3458/214/1593 3459/311/1593 2690/311/1593
f 2623/383/1231 3392/383/1231 3393/306/1231 2624/306/1231
f 2992/743/1595 3761/743/1595 3762/648/1595 2993/648/1595
f 2742/607/1232 3511/607/1232 3512/583/1232 2743/583/1232
f 2521/550/1233 3290/550/1233 3291/15/1233 2522/15/1233
f 2432/208/1596 3201/208/1596 3202/209/1596 2433/209/1596
f 2366/248/1234 3135/248/1234 3136/249/1234 2367/249/1234
f 2723/71/1597 3492/71/1597 3493/72/1597 2724/72/1597
f 2951/90/1235 3720/90/1235 3721/91/1235 2952/91/1235
f 2997/237/1237 3766/237/1237 3767/744/1237 2998/744/1237
f 2776/634/1239 3545/634/1239 3546/204/1239 2777/204/1239
f 2876/545/1240 3645/545/1240 3646/612/1240 2877/612/1240
f 2466/115/1722 3235/115/1722 3236/116/1722 2467/116/1722
f 2437/147/1241 3206/147/1241 3207/148/1241 2438/148/1241
f 2471/407/1243 3240/407/1243 3241/170/1243 2472/170/1243
f 2539/49/1112 3308/49/1112 3309/54/1112 2540/54/1112
f 3027/560/1245 3796/560/1245 3797/650/1245 3028/650/1245
f 2976/701/1723 3745/701/1723 3746/728/1723 2977/728/1723
f 2692/393/1246 3461/393/1246 3462/507/1246 2693/507/1246
f 2726/647/1248 3495/647/1248 3496/581/1248 2727/581/1248
f 3019/765/1250 3788/765/1250 3789/515/1250 3020/515/1250
f 2794/203/2 3563/203/2 3564/334/2 2795/334/2
f 2607/329/2 3376/329/2 3377/346/2 2608/346/2
f 2981/732/1251 3750/732/1251 3751/733/1251 2982/733/1251
f 2505/43/1724 3274/43/1724 3275/46/1724 2506/46/1724
f 3049/759/1725 3818/759/1725 3819/760/1725 3050/760/1725
f 2350/573/1254 3119/573/1254 3120/375/1254 2351/375/1254
f 2707/276/1606 3476/276/1606 3477/555/1606 2708/555/1606
f 2455/260/1256 3224/260/1256 3225/704/1256 2456/704/1256
f 2760/624/1257 3529/624/1257 3530/625/1257 2761/625/1257
f 2450/486/1609 3219/486/1609 3220/52/1609 2451/52/1609
f 2710/487/1258 3479/487/1258 3480/465/1258 2711/465/1258
f 2930/636/1613 3699/636/1613 3700/562/1613 2931/562/1613
f 2860/683/1260 3629/683/1260 3630/684/1260 2861/684/1260
f 2960/694/1726 3729/694/1726 3730/535/1726 2961/535/1726
f 2935/676/1727 3704/676/1727 3705/565/1727 2936/565/1727
f 2898/592/1647 3667/592/1647 3668/590/1647 2899/590/1647
f 2965/718/1728 3734/718/1728 3735/719/1728 2966/719/1728
f 2673/491/1616 3442/491/1616 3443/492/1616 2674/492/1616
f 2421/382/1266 3190/382/1266 3191/379/1266 2422/379/1266
f 2641/371/2 3410/371/2 3411/164/2 2642/164/2
f 3003/749/1269 3772/749/1269 3773/750/1269 3004/750/1269
f 2416/305/1620 3185/305/1620 3186/429/1620 2417/429/1620
f 2676/343/1271 3445/343/1271 3446/696/1271 2677/696/1271
f 2384/140/1656 3153/140/1656 3154/141/1656 2385/141/1656
f 2489/117/1274 3258/117/1274 3259/118/1274 2490/118/1274
f 2691/312/1387 3460/312/1387 3461/393/1387 2692/393/1387
f 2919/443/1729 3688/443/1729 3689/705/1729 2920/705/1729
f 2744/584/1277 3513/584/1277 3514/649/1277 2745/649/1277
f 2310/254/1278 3079/254/1278 3080/153/1278 2311/153/1278
f 2434/485/1625 3203/485/1625 3204/298/1625 2435/298/1625
f 2405/561/1279 3174/561/1279 3175/428/1279 2406/428/1279
f 2439/527/1280 3208/527/1280 3209/528/1280 2440/528/1280
f 2914/173/1629 3683/173/1629 3684/348/1629 2915/348/1629
f 2591/282/1282 3360/282/1282 3361/287/1282 2592/287/1282
f 2660/480/1283 3429/480/1283 3430/481/1283 2661/481/1283
f 2694/337/1284 3463/337/1284 3464/338/1284 2695/338/1284
f 2945/278/1286 3714/278/1286 3715/300/1286 2946/300/1286
f 2657/82/2 3426/82/2 3427/477/2 2658/477/2
f 2334/656/1287 3103/656/1287 3104/468/1287 2335/468/1287
f 2944/89/1634 3713/89/1634 3714/278/1634 2945/278/1634
f 2949/279/1289 3718/279/1289 3719/723/1289 2950/723/1289
f 2987/738/1291 3756/738/1291 3757/739/1291 2988/739/1291
f 2523/12/1292 3292/12/1292 3293/21/1292 2524/21/1292
f 2400/411/1637 3169/411/1637 3170/416/1637 2401/416/1637
f 2844/637/1293 3613/637/1293 3614/216/1293 2845/216/1293
f 2473/171/1295 3242/171/1295 3243/598/1295 2474/598/1295
f 2778/202/1296 3547/202/1296 3548/220/1296 2779/220/1296
f 2882/431/1674 3651/431/1674 3652/432/1674 2883/432/1674
f 2728/582/1297 3497/582/1297 3498/593/1297 2729/593/1297
f 2575/194/1299 3344/194/1299 3345/226/1299 2576/226/1299
f 2903/8/1300 3672/8/1300 3673/9/1300 2904/9/1300
f 2625/360/1165 3394/360/1165 3395/440/1165 2626/440/1165
f 2507/45/1302 3276/45/1302 3277/44/1302 2508/44/1302
f 2318/553/1303 3087/553/1303 3088/317/1303 2319/317/1303
f 2389/61/1304 3158/61/1304 3159/62/1304 2390/62/1304
f 2368/111/1681 3137/111/1681 3138/150/1681 2369/150/1681
f 2762/199/1306 3531/199/1306 3532/626/1306 2763/626/1306
f 2828/668/2 3597/668/2 3598/354/2 2829/354/2
f 2675/342/1645 3444/342/1645 3445/343/1645 2676/343/1645
f 2644/96/2 3413/96/2 3414/97/2 2645/97/2
f 2971/725/1730 3740/725/1730 3741/726/1730 2972/726/1730
f 3017/471/1309 3786/471/1309 3787/764/1309 3018/764/1309
f 2418/539/1648 3187/539/1648 3188/542/1648 2419/542/1648
f 2866/682/2 3635/682/2 3636/247/2 2867/247/2
f 2457/313/1312 3226/313/1312 3227/400/1312 2458/400/1312
f 2609/351/1209 3378/351/1209 3379/347/1209 2610/347/1209
f 2423/380/1315 3192/380/1315 3193/517/1315 2424/517/1315
f 2712/554/1316 3481/554/1316 3482/136/1316 2713/136/1316
f 2491/205/1317 3260/205/1317 3261/102/1317 2492/102/1317
f 2352/526/1689 3121/526/1689 3122/256/1689 2353/256/1689
f 2678/567/1319 3447/567/1319 3448/396/1319 2679/396/1319
f 3067/690/1321 3836/690/1321 3837/430/1321 3068/430/1321
f 2746/218/1323 3515/218/1323 3516/219/1323 2747/219/1323
f 2887/693/1132 3656/693/1132 3657/456/1132 2888/456/1132
f 2933/506/1324 3702/506/1324 3703/717/1324 2934/717/1324
f 2441/462/1326 3210/462/1326 3211/463/1326 2442/463/1326
f 3001/747/1328 3770/747/1328 3771/748/1328 3002/748/1328
f 3071/78/1329 3840/78/1329 3841/217/1329 3072/217/1329
f 2659/479/1663 3428/479/1663 3429/480/1663 2660/480/1663
f 2373/213/1330 3142/213/1330 3143/181/1330 2374/181/1330
f 2696/364/1332 3465/364/1332 3466/345/1332 2697/345/1332
f 2475/529/1334 3244/529/1334 3245/511/1334 2476/511/1334
f 2402/358/1665 3171/358/1665 3172/359/1665 2403/359/1665
f 2628/143/1335 3397/143/1335 3398/144/1335 2629/144/1335
f 2730/594/1336 3499/594/1336 3500/595/1336 2731/595/1336
f 2557/151/1337 3326/151/1337 3327/158/1337 2558/158/1337
f 2912/132/1668 3681/132/1668 3682/172/1668 2913/172/1668
f 2985/736/1339 3754/736/1339 3755/737/1339 2986/737/1339
f 2807/369/1669 3576/369/1669 3577/190/1669 2808/190/1669
f 2407/426/1340 3176/426/1340 3177/427/1340 2408/427/1340
f 2939/495/1341 3708/495/1341 3709/365/1341 2940/365/1341
f 2593/288/1101 3362/288/1101 3363/261/1101 2594/261/1101
f 2662/482/1342 3431/482/1342 3432/435/1342 2663/435/1342
f 2425/284/1344 3194/284/1344 3195/285/1344 2426/285/1344
f 2459/211/1346 3228/211/1346 3229/212/1346 2460/212/1346
f 2871/547/2 3640/547/2 3641/687/2 2872/687/2
f 2336/325/1105 3105/325/1105 3106/135/1105 2337/135/1105
f 2917/452/1347 3686/452/1347 3687/442/1347 2918/442/1347
f 2680/397/1349 3449/397/1349 3450/703/1349 2681/703/1349
f 2714/137/1351 3483/137/1351 3484/628/1351 2715/628/1351
f 2643/163/2 3412/163/2 3413/96/2 2644/96/2
f 2357/257/1352 3126/257/1352 3127/255/1352 2358/255/1352
f 2969/712/1355 3738/712/1355 3739/724/1355 2970/724/1355
f 2386/446/1685 3155/446/1685 3156/451/1685 2387/451/1685
f 2612/328/1142 3381/328/1142 3382/238/1142 2613/238/1142
f 2834/499/2 3603/499/2 3604/500/2 2835/500/2
f 2806/502/1356 3575/502/1356 3576/369/1356 2807/369/1356
f 2810/320/1357 3579/320/1357 3580/243/1357 2811/243/1357
f 2896/697/1260 3665/697/1260 3666/699/1260 2897/699/1260
f 2577/549/1115 3346/549/1115 3347/497/1115 2578/497/1115
f 2320/391/1119 3089/391/1119 3090/303/1119 2321/303/1119
f 2391/458/1359 3160/458/1359 3161/60/1359 2392/60/1359
f 2646/80/1362 3415/80/1362 3416/81/1362 2647/81/1362
f 2923/350/1364 3692/350/1364 3693/174/1364 2924/174/1364
f 2443/297/1366 3212/297/1366 3213/269/1366 2444/269/1366
f 3055/768/1367 3824/768/1367 3825/413/1367 3056/413/1367
f 2627/415/1692 3396/415/1692 3397/143/1692 2628/143/1692
f 2855/246/1282 3624/246/1282 3625/681/1282 2856/681/1282
f 2901/84/1368 3670/84/1368 3671/629/1368 2902/629/1368
f 2409/422/1369 3178/422/1369 3179/357/1369 2410/357/1369
f 2698/112/1371 3467/112/1371 3468/113/1371 2699/113/1371
f 2541/327/1372 3310/327/1372 3311/339/1372 2542/339/1372
f 2341/121/1373 3110/121/1373 3111/331/1373 2342/331/1373
f 2664/433/1731 3433/433/1731 3434/530/1731 2665/530/1731
f 2953/525/1375 3722/525/1375 3723/720/1375 2954/720/1375
f 2796/175/2 3565/175/2 3566/176/2 2797/176/2
f 2596/291/1260 3365/291/1260 3366/293/1260 2597/293/1260
f 2375/367/1378 3144/367/1378 3145/16/1378 2376/16/1378
f 2907/564/1336 3676/564/1336 3677/504/1336 2908/504/1336
f 2848/566/1381 3617/566/1381 3618/677/1381 2849/677/1381
f 2371/447/1099 3140/447/1099 3141/392/1099 2372/392/1099
f 2630/230/1126 3399/230/1126 3400/401/1126 2631/401/1126
f 2393/142/1382 3162/142/1382 3163/330/1382 2394/330/1382
f 2559/160/1131 3328/160/1131 3329/165/1131 2560/165/1131
f 2885/692/1106 3654/692/1106 3655/534/1106 2886/534/1106
f 2648/296/1383 3417/296/1383 3418/474/1383 2649/474/1383
f 3039/540/1384 3808/540/1384 3809/541/1384 3040/541/1384
f 2390/62/1109 3159/62/1109 3160/458/1109 2391/458/1109
f 2427/289/1385 3196/289/1385 3197/265/1385 2428/265/1385
f 2611/344/1112 3380/344/1112 3381/328/1112 2612/328/1112
f 2839/672/1732 3608/672/1732 3609/498/1732 2840/498/1732
f 2682/17/1387 3451/17/1387 3452/18/1387 2683/18/1387
f 2525/19/2 3294/19/2 3295/20/2 2526/20/2
f 2354/437/1116 3123/437/1116 3124/523/1116 2355/523/1116
f 2325/318/1388 3094/318/1388 3095/319/1388 2326/319/1388
f 2780/610/1390 3549/610/1390 3550/655/1390 2781/655/1390
f 2864/578/2 3633/578/2 3634/579/2 2865/579/2
f 2580/513/1391 3349/513/1391 3350/496/1391 2581/496/1391
f 2359/373/1392 3128/373/1392 3129/374/1392 2360/374/1392
f 2891/85/1282 3660/85/1282 3661/695/1282 2892/695/1282
f 2614/295/1395 3383/295/1395 3384/155/1395 2615/155/1395
f 2377/264/1397 3146/264/1397 3147/405/1397 2378/405/1397
f 2869/438/2 3638/438/2 3639/546/2 2870/546/2
f 2632/402/1260 3401/402/1260 3402/403/1260 2633/403/1260
f 2905/366/1399 3674/366/1399 3675/308/1399 2906/308/1399
f 3023/651/1400 3792/651/1400 3793/558/1400 3024/558/1400
f 2595/262/1125 3364/262/1125 3365/291/1125 2596/291/1125
f 2823/665/1131 3592/665/1131 3593/663/1131 2824/663/1131
f 2961/535/1151 3730/535/1151 3731/536/1151 2962/536/1151
f 2962/536/1401 3731/536/1401 3732/713/1401 2963/713/1401
f 2411/417/1402 3180/417/1402 3181/418/1402 2412/418/1402
f 2509/37/1403 3278/37/1403 3279/35/1403 2510/35/1403
f 2338/464/1128 3107/464/1128 3108/274/1128 2339/274/1128
f 2309/654/1404 3078/654/1404 3079/254/1404 2310/254/1404
f 2543/457/1154 3312/457/1154 3313/104/1154 2544/104/1154
f 2875/577/1405 3644/577/1405 3645/545/1405 2876/545/1405
f 2666/434/1733 3435/434/1733 3436/484/1733 2667/484/1733
f 2564/161/2 3333/161/2 3334/159/2 2565/159/2
f 2798/503/2 3567/503/2 3568/557/2 2799/557/2
f 2921/444/1734 3690/444/1734 3691/453/1734 2922/453/1734
f 3007/532/1410 3776/532/1410 3777/533/1410 3008/533/1410
f 3053/450/1158 3822/450/1158 3823/389/1158 3054/389/1158
f 2616/51/1412 3385/51/1412 3386/419/1412 2617/419/1412
f 2395/110/1414 3164/110/1414 3165/108/1414 2396/108/1414
f 2343/250/1415 3112/250/1415 3113/563/1415 2344/563/1415
f 2650/508/1417 3419/508/1417 3420/472/1417 2651/472/1417
f 2493/103/1418 3262/103/1418 3263/340/1418 2494/340/1418
f 2579/99/1135 3348/99/1135 3349/513/1135 2580/513/1135
f 2598/292/2 3367/292/2 3368/263/2 2599/263/2
f 2859/520/1714 3628/520/1714 3629/683/1714 2860/683/1714
f 2748/613/1421 3517/613/1421 3518/614/1421 2749/614/1421
f 2322/304/1139 3091/304/1139 3092/640/1139 2323/640/1139
f 2853/197/1422 3622/197/1422 3623/198/1422 2854/198/1422
f 3048/449/1735 3817/449/1735 3818/759/1735 3049/759/1735
f 2527/25/2 3296/25/2 3297/56/2 2528/56/2
f 2345/361/1425 3114/361/1425 3115/385/1425 2346/385/1425
f 2782/24/1171 3551/24/1171 3552/22/1171 2783/22/1171
f 2600/290/2 3369/290/2 3370/286/2 2601/286/2
f 2991/742/1426 3760/742/1426 3761/743/1426 2992/743/1426
f 2379/341/1427 3148/341/1427 3149/489/1427 2380/489/1427
f 2477/512/1428 3246/512/1428 3247/100/1428 2478/100/1428
f 2858/519/1126 3627/519/1126 3628/520/1126 2859/520/1126
f 2843/543/1429 3612/543/1429 3613/637/1429 2844/637/1429
f 2634/404/2 3403/404/2 3404/231/2 2635/231/2
f 2732/596/1431 3501/596/1431 3502/597/1431 2733/597/1431
f 2563/166/2 3332/166/2 3333/161/2 2564/161/2
f 2511/215/1176 3280/215/1176 3281/36/1176 2512/36/1176
f 2582/169/1432 3351/169/1432 3352/406/1432 2583/406/1432
f 2329/105/1434 3098/105/1434 3099/178/1434 2330/178/1434
f 2889/524/1165 3658/524/1165 3659/93/1165 2890/93/1165
f 2975/700/1435 3744/700/1435 3745/701/1435 2976/701/1435
f 2766/266/1182 3535/266/1182 3536/267/1182 2767/267/1182
f 2837/675/1209 3606/675/1209 3607/674/1209 2838/674/1209
f 2584/1/1437 3353/1/1437 3354/2/1437 2585/2/1437
f 2363/362/1438 3132/362/1438 3133/363/1438 2364/363/1438
f 2461/372/1439 3230/372/1439 3231/394/1439 2462/394/1439
f 2561/168/2 3330/168/2 3331/167/2 2562/167/2
f 3021/516/1736 3790/516/1736 3791/766/1736 3022/766/1736
f 3038/228/1440 3807/228/1440 3808/540/1440 3039/540/1440
f 2133/629/1431 2902/629/1431 2903/8/1431 2134/8/1431
f 2014/22/1719 2783/22/1719 2784/657/1719 2015/657/1719
f 3353/1/51 3237/3/51 3354/2/51
f 3250/4/51 3336/6/51 3324/5/51
f 3710/7/51 3673/9/51 3672/8/51
f 3298/10/51 3292/12/51 3299/11/51
f 3302/13/51 3291/15/51 3303/14/51
f 3145/16/1737 3452/18/1737 3451/17/1737
f 3294/19/51 3292/12/51 3295/20/51
f 3293/21/51 3292/12/51 3294/19/51
f 3552/22/51 3551/24/51 3562/23/51
f 3295/20/51 3292/12/51 3296/25/51
f 3300/26/51 3292/12/51 3301/27/51
f 3299/11/51 3292/12/51 3300/26/51
f 3303/14/51 3291/15/51 3304/28/51
f 3555/29/1738 3560/31/1738 3556/30/1738
f 3306/32/51 3305/34/51 3307/33/51
f 3279/35/1739 3278/37/1739 3281/36/1739
f 3130/38/51 3117/40/51 3131/39/51
f 3268/41/51 3274/43/51 3273/42/51
f 3277/44/51 3276/45/51 3281/36/51
f 3304/28/51 3291/15/51 3305/34/51
f 3276/45/51 3275/46/51 3281/36/51
f 3288/47/1740 3308/49/1740 3289/48/1740
f 3282/50/51 3275/46/51 3268/41/51
f 3385/51/343 3221/53/343 3220/52/343
f 3308/49/51 3288/47/51 3309/54/51
f 3301/27/51 3292/12/51 3302/13/51
f 3308/49/51 3307/33/51 3289/48/51
f 3268/41/1741 3273/42/1741 3272/55/1741
f 3297/56/51 3292/12/51 3298/10/51
f 3268/41/51 3272/55/51 3271/57/51
f 3268/41/51 3270/59/51 3269/58/51
f 3268/41/51 3271/57/51 3270/59/51
f 3161/60/1742 3159/62/1742 3158/61/1742
f 3277/44/1743 3281/36/1743 3278/37/1743
f 3283/63/51 3282/50/51 3267/64/51
f 3283/63/51 3266/66/51 3284/65/51
f 3838/67/1744 3616/69/1744 3615/68/1744
f 3845/70/1745 3493/72/1745 3492/71/1745
f 3267/64/51 3266/66/51 3283/63/51
f 3266/66/51 3265/73/51 3284/65/51
f 3284/65/51 3265/73/51 3285/74/51
f 3672/8/1746 3711/75/1746 3710/7/1746
f 3561/76/51 3552/22/51 3562/23/51
f 3839/77/51 3525/79/51 3840/78/51
f 3415/80/51 3426/82/51 3416/81/51
f 3669/83/51 3660/85/51 3670/84/51
f 3338/86/1737 3249/88/1737 3248/87/1737
f 3713/89/1747 3721/91/1747 3720/90/1747
f 3712/92/1737 3660/85/1737 3659/93/1737
f 3285/74/343 3264/95/343 3286/94/343
f 3413/96/51 3152/98/51 3414/97/51
f 3348/99/51 3339/101/51 3247/100/51
f 3261/102/1745 3313/104/1745 3262/103/1745
f 3098/105/533 3084/107/533 3083/106/533
f 3165/108/533 3164/110/533 3409/109/533
f 3137/111/1745 3468/113/1745 3467/112/1745
f 3355/114/1737 3236/116/1737 3235/115/1737
f 3258/117/343 3317/119/343 3259/118/343
f 3109/120/51 3473/122/51 3110/121/51
f 3257/123/51 3318/124/51 3258/117/51
f 3319/125/51 3318/124/51 3257/123/51
f 3320/126/51 3319/125/51 3256/127/51
f 3387/128/51 3215/130/51 3214/129/51
f 3259/118/1740 3317/119/1740 3316/131/1740
f 3681/132/51 3680/134/51 3694/133/51
f 3106/135/1748 3483/137/1748 3482/136/1748
f 3353/1/343 3239/139/343 3238/138/343
f 3153/140/51 3162/142/51 3154/141/51
f 3397/143/51 3405/145/51 3398/144/51
f 3388/146/1749 3207/148/1749 3206/147/1749
f 3324/5/51 3336/6/51 3325/149/51
f 3467/112/343 3138/150/343 3137/111/343
f 3325/149/51 3335/152/51 3326/151/51
f 3098/105/789 3081/154/789 3080/153/789
f 3384/155/51 3373/157/51 3372/156/51
f 3326/151/51 3334/159/51 3327/158/51
f 3327/158/51 3333/161/51 3328/160/51
f 3249/88/1750 3337/162/1750 3250/4/1750
f 3412/163/51 3411/164/51 3162/142/51
f 3328/160/51 3332/166/51 3329/165/51
f 3329/165/51 3332/166/51 3331/167/51
f 3329/165/51 3331/167/51 3330/168/51
f 3333/161/51 3332/166/51 3328/160/51
f 3334/159/51 3333/161/51 3327/158/51
f 3335/152/51 3334/159/51 3326/151/51
f 3337/162/51 3249/88/51 3338/86/51
f 3351/169/51 3242/171/51 3241/170/51
f 3682/172/51 3693/174/51 3683/173/51
f 3384/155/51 3372/156/51 3385/51/51
f 3565/175/51 3539/177/51 3566/176/51
f 3099/178/941 3077/180/941 3100/179/941
f 3143/181/51 3457/183/51 3456/182/51
f 3611/184/51 3602/186/51 3601/185/51
f 3810/187/1737 3833/189/1737 3832/188/1737
f 3577/190/1737 3538/192/1737 3537/191/1737
f 3343/193/51 3341/195/51 3344/194/51
f 3650/196/51 3623/198/51 3622/197/51
f 3531/199/1737 3583/201/1737 3582/200/1737
f 3547/202/51 3546/204/51 3563/203/51
f 3260/205/51 3314/206/51 3261/102/51
f 3389/207/1740 3202/209/1740 3201/208/1740
f 3357/210/533 3229/212/533 3228/211/533
f 3838/67/51 3531/199/51 3839/77/51
f 3142/213/51 3458/214/51 3143/181/51
f 3279/35/51 3281/36/51 3280/215/51
f 3838/67/533 3615/68/533 3614/216/533
f 3841/217/1751 3516/219/1751 3515/218/1751
f 3548/220/51 3547/202/51 3563/203/51
f 3101/221/1752 3077/180/1752 3102/222/1752
f 3356/223/343 3233/225/343 3232/224/343
f 3344/194/51 3341/195/51 3345/226/51
f 3778/227/51 3834/229/51 3807/228/51
f 3405/145/51 3404/231/51 3399/230/51
f 3096/232/51 3086/234/51 3097/233/51
f 3835/235/533 3766/237/533 3765/236/533
f 3382/238/51 3375/240/51 3374/239/51
f 3412/163/51 3162/142/51 3153/140/51
f 3533/241/51 3580/243/51 3534/242/51
f 3389/207/1749 3199/245/1749 3198/244/1749
f 3623/198/51 3636/247/51 3624/246/51
f 3135/248/51 3112/250/51 3136/249/51
f 3830/251/1742 3811/253/1742 3831/252/1742
f 3099/178/1745 3080/153/1745 3079/254/1745
f 3127/255/51 3126/257/51 3122/256/51
f 3358/258/1748 3224/260/1748 3223/259/1748
f 3363/261/51 3368/263/51 3364/262/51
f 3145/16/641 3451/17/641 3146/264/641
f 3389/207/1740 3198/244/1740 3197/265/1740
f 3535/266/51 3578/268/51 3536/267/51
f 3247/100/1751 3339/101/1751 3248/87/1751
f 3387/128/1745 3214/129/1745 3213/269/1745
f 3137/111/789 3469/270/789 3468/113/789
f 3803/271/1737 3782/273/1737 3781/272/1737
f 3108/274/789 3476/276/789 3475/275/789
f 3358/258/51 3223/259/51 3359/277/51
f 3713/89/51 3718/279/51 3714/278/51
f 3222/280/51 3372/156/51 3359/277/51
f 3371/281/51 3360/282/51 3372/156/51
f 3390/283/1740 3195/285/1740 3194/284/1740
f 3370/286/51 3361/287/51 3371/281/51
f 3362/288/51 3361/287/51 3370/286/51
f 3390/283/1749 3196/289/1749 3195/285/1749
f 3363/261/51 3362/288/51 3369/290/51
f 3369/290/51 3362/288/51 3370/286/51
f 3221/53/51 3372/156/51 3222/280/51
f 3364/262/51 3368/263/51 3365/291/51
f 3365/291/51 3368/263/51 3367/292/51
f 3365/291/51 3367/292/51 3366/293/51
f 3369/290/51 3368/263/51 3363/261/51
f 3255/294/1751 3320/126/1751 3256/127/1751
f 3383/295/51 3373/157/51 3384/155/51
f 3416/81/51 3426/82/51 3417/296/51
f 3387/128/51 3212/297/51 3388/146/51
f 3388/146/1742 3205/299/1742 3204/298/1742
f 3714/278/1753 3716/301/1753 3715/300/1753
f 3093/302/1754 3091/304/1754 3090/303/1754
f 3185/305/51 3184/307/51 3393/306/51
f 3675/308/343 3707/310/343 3706/309/343
f 3385/51/1740 3372/156/1740 3221/53/1740
f 3142/213/1748 3460/312/1748 3459/311/1748
f 3357/210/51 3226/313/51 3358/258/51
f 3696/314/714 3678/316/714 3697/315/714
f 3088/317/1094 3095/319/1094 3094/318/1094
f 3534/242/51 3579/320/51 3535/266/51
f 3829/321/51 3811/253/51 3830/251/51
f 3637/322/1737 3649/324/1737 3648/323/1737
f 3105/325/1755 3077/180/1755 3106/135/1755
f 3287/326/51 3310/327/51 3309/54/51
f 3381/328/51 3376/329/51 3375/240/51
f 3162/142/51 3411/164/51 3163/330/51
f 3111/331/343 3471/333/343 3470/332/343
f 3564/334/51 3541/335/51 3565/175/51
f 3139/336/1749 3464/338/1749 3463/337/1749
f 3311/339/51 3286/94/51 3263/340/51
f 3148/341/789 3445/343/789 3444/342/789
f 3380/344/51 3376/329/51 3381/328/51
f 3110/121/51 3471/333/51 3111/331/51
f 3466/345/1748 3138/150/1748 3467/112/1748
f 3376/329/51 3379/347/51 3377/346/51
f 3684/348/51 3692/350/51 3685/349/51
f 3378/351/51 3377/346/51 3379/347/51
f 3589/352/51 3598/354/51 3590/353/51
f 3426/82/1748 3150/356/1748 3439/355/1748
f 3179/357/51 3172/359/51 3171/358/51
f 3393/306/51 3184/307/51 3394/360/51
f 3114/361/343 3133/363/343 3132/362/343
f 3139/336/1749 3465/364/1749 3464/338/1749
f 3709/365/343 3674/366/343 3673/9/343
f 3388/146/1756 3206/147/1756 3205/299/1756
f 3144/367/51 3454/368/51 3145/16/51
f 3576/369/51 3566/176/51 3538/192/51
f 3389/207/1746 3201/208/1746 3200/370/1746
f 3163/330/51 3410/371/51 3164/110/51
f 3098/105/51 3080/153/51 3099/178/51
f 3356/223/51 3230/372/51 3357/210/51
f 3354/2/343 3237/3/343 3236/116/343
f 3128/373/51 3120/375/51 3129/374/51
f 3253/376/1750 3252/378/1750 3322/377/1750
f 3191/379/51 3391/381/51 3192/380/51
f 3391/381/51 3191/379/51 3190/382/51
f 3392/383/1757 3391/381/1757 3190/382/1757
f 3392/383/51 3190/382/51 3189/384/51
f 3132/362/1748 3116/386/1748 3115/385/1748
f 3814/387/51 3823/389/51 3815/388/51
f 3251/390/51 3250/4/51 3324/5/51
f 3088/317/1758 3090/303/1758 3089/391/1758
f 3141/392/1737 3461/393/1737 3460/312/1737
f 3356/223/51 3231/394/51 3230/372/51
f 3252/378/51 3251/390/51 3323/395/51
f 3146/264/51 3449/397/51 3448/396/51
f 3289/48/51 3307/33/51 3305/34/51
f 3408/398/51 3166/399/51 3409/109/51
f 3357/210/1746 3228/211/1746 3227/400/1746
f 3309/54/51 3288/47/51 3287/326/51
f 3400/401/51 3404/231/51 3401/402/51
f 3402/403/51 3401/402/51 3403/404/51
f 3401/402/51 3404/231/51 3403/404/51
f 3147/405/51 3445/343/51 3148/341/51
f 3352/406/1749 3241/170/1749 3240/407/1749
f 3184/307/51 3183/408/51 3394/360/51
f 3406/409/51 3405/145/51 3397/143/51
f 3183/408/51 3182/410/51 3394/360/51
f 3182/410/1740 3169/411/1740 3394/360/1740
f 3813/412/51 3825/413/51 3814/387/51
f 3407/414/51 3406/409/51 3396/415/51
f 3356/223/1745 3232/224/1745 3231/394/1745
f 3169/411/51 3182/410/51 3170/416/51
f 3180/417/51 3171/358/51 3181/418/51
f 3386/419/343 3218/421/343 3217/420/343
f 3178/422/51 3172/359/51 3179/357/51
f 3320/126/51 3254/424/51 3321/423/51
f 3173/425/51 3177/427/51 3176/426/51
f 3173/425/1737 3176/426/1737 3175/428/1737
f 3177/427/51 3172/359/51 3178/422/51
f 3172/359/1749 3177/427/1749 3173/425/1749
f 3186/429/51 3185/305/51 3393/306/51
f 3837/430/1759 3652/432/1759 3651/431/1759
f 3433/433/51 3432/435/51 3435/434/51
f 3098/105/1749 3082/436/1749 3081/154/1749
f 3122/256/51 3126/257/51 3123/437/51
f 3648/323/51 3638/438/51 3637/322/51
f 3168/439/51 3167/441/51 3395/440/51
f 3810/187/1749 3834/229/1749 3833/189/1749
f 3389/207/343 3197/265/343 3196/289/343
f 3166/399/51 3165/108/51 3409/109/51
f 3687/442/1760 3690/444/1760 3688/443/1760
f 3353/1/1737 3238/138/1737 3237/3/1737
f 3145/16/1749 3454/368/1749 3453/445/1749
f 3098/105/1748 3083/106/1748 3082/436/1748
f 3413/96/51 3412/163/51 3152/98/51
f 3537/191/1744 3578/268/1744 3577/190/1744
f 3154/141/1746 3162/142/1746 3155/446/1746
f 3140/447/51 3461/393/51 3141/392/51
f 3816/448/51 3822/450/51 3817/449/51
f 3156/451/1756 3162/142/1756 3161/60/1756
f 3261/102/1744 3314/206/1744 3313/104/1744
f 3409/109/51 3164/110/51 3410/371/51
f 3685/349/51 3691/453/51 3686/452/51
f 3724/454/1746 3657/456/1746 3725/455/1746
f 3262/103/51 3312/457/51 3311/339/51
f 3160/458/51 3159/62/51 3161/60/51
f 3355/114/51 3235/115/51 3234/459/51
f 3780/460/51 3804/461/51 3781/272/51
f 3357/210/1740 3227/400/1740 3226/313/1740
f 3388/146/789 3211/463/789 3210/462/789
f 3106/135/51 3480/465/51 3107/464/51
f 3425/466/1761 3424/467/1761 3426/82/1761
f 3385/51/51 3220/52/51 3386/419/51
f 3104/468/1762 3077/180/1762 3105/325/1762
f 3798/469/51 3786/471/51 3799/470/51
f 3426/82/1748 3421/473/1748 3420/472/1748
f 3417/296/641 3426/82/641 3418/474/641
f 3097/233/1742 3086/234/1742 3085/475/1742
f 3152/98/51 3151/476/51 3414/97/51
f 3427/477/51 3426/82/51 3438/478/51
f 3428/479/51 3427/477/51 3438/478/51
f 3429/480/51 3428/479/51 3438/478/51
f 3430/481/51 3429/480/51 3438/478/51
f 3431/482/51 3430/481/51 3437/483/51
f 3432/435/51 3431/482/51 3436/484/51
f 3389/207/789 3203/485/789 3202/209/789
f 3152/98/51 3412/163/51 3153/140/51
f 3372/156/789 3360/282/789 3359/277/789
f 3435/434/1763 3432/435/1763 3436/484/1763
f 3386/419/343 3220/52/343 3219/486/343
f 3426/82/1764 3439/355/1764 3438/478/1764
f 3107/464/343 3480/465/343 3479/487/343
f 3151/476/51 3150/356/51 3426/82/51
f 3440/488/51 3439/355/51 3149/489/51
f 3387/128/789 3213/269/789 3212/297/789
f 3441/490/51 3440/488/51 3149/489/51
f 3441/490/533 3149/489/533 3442/491/533
f 3143/181/51 3458/214/51 3457/183/51
f 3442/491/533 3148/341/533 3443/492/533
f 3260/205/533 3315/493/533 3314/206/533
f 3398/144/51 3405/145/51 3399/230/51
f 3354/2/51 3236/116/51 3355/114/51
f 3110/121/51 3473/122/51 3472/494/51
f 3469/270/51 3136/249/51 3112/250/51
f 3675/308/1094 3708/495/1094 3707/310/1094
f 3155/446/51 3162/142/51 3156/451/51
f 3350/496/1765 3242/171/1765 3351/169/1765
f 3708/495/51 3674/366/51 3709/365/51
f 3255/294/51 3254/424/51 3320/126/51
f 3262/103/1745 3311/339/1745 3263/340/1745
f 3347/497/51 3339/101/51 3348/99/51
f 3395/440/51 3407/414/51 3396/415/51
f 3609/498/51 3604/500/51 3603/499/51
f 3167/441/51 3166/399/51 3408/398/51
f 3574/501/51 3567/503/51 3575/502/51
f 3677/504/1756 3702/506/1756 3701/505/1756
f 3140/447/1756 3462/507/1756 3461/393/1756
f 3108/274/51 3475/275/51 3109/120/51
f 3426/82/1737 3420/472/1737 3419/508/1737
f 3827/509/1738 3826/510/1738 3813/412/1738
f 3148/341/789 3444/342/789 3443/492/789
f 3258/117/1742 3318/124/1742 3317/119/1742
f 3245/511/1751 3349/513/1751 3246/512/1751
f 3259/118/1748 3316/131/1748 3315/493/1748
f 3109/120/1748 3475/275/1748 3474/514/1748
f 3798/469/1755 3790/516/1755 3789/515/1755
f 3262/103/641 3313/104/641 3312/457/641
f 3390/283/1737 3194/284/1737 3193/517/1737
f 3169/411/1746 3168/439/1746 3394/360/1746
f 3132/362/1756 3115/385/1756 3114/361/1756
f 3347/497/51 3340/518/51 3339/101/51
f 3627/519/51 3632/521/51 3628/520/51
f 3125/522/51 3124/523/51 3126/257/51
f 3124/523/51 3123/437/51 3126/257/51
f 3658/524/51 3722/525/51 3659/93/51
f 3575/502/51 3566/176/51 3576/369/51
f 3122/256/51 3121/526/51 3127/255/51
f 3127/255/51 3121/526/51 3128/373/51
f 3388/146/789 3209/528/789 3208/527/789
f 3302/13/1737 3292/12/1737 3291/15/1737
f 3250/4/51 3337/162/51 3336/6/51
f 3348/99/1740 3247/100/1740 3246/512/1740
f 3268/41/1750 3275/46/1750 3274/43/1750
f 3408/398/51 3407/414/51 3395/440/51
f 3349/513/789 3245/511/789 3244/529/789
f 3831/252/139 3811/253/139 3810/187/139
f 3433/433/51 3435/434/51 3434/530/51
f 3131/39/1757 3117/40/1757 3116/386/1757
f 3134/531/279 3112/250/279 3135/248/279
f 3776/532/51 3834/229/51 3777/533/51
f 3128/373/1766 3121/526/1766 3120/375/1766
f 3138/150/51 3465/364/51 3139/336/51
f 3383/295/51 3374/239/51 3373/157/51
f 3655/534/533 3731/536/533 3730/535/533
f 3426/82/1744 3423/538/1744 3422/537/1744
f 3281/36/51 3275/46/51 3282/50/51
f 3187/539/51 3186/429/51 3393/306/51
f 3808/540/51 3834/229/51 3809/541/51
f 3188/542/1094 3392/383/1094 3189/384/1094
f 3612/543/51 3601/185/51 3600/544/51
f 3418/474/51 3426/82/51 3419/508/51
f 3382/238/51 3374/239/51 3383/295/51
f 3389/207/51 3196/289/51 3390/283/51
f 3645/545/51 3640/547/51 3639/546/51
f 3342/548/51 3341/195/51 3343/193/51
f 3436/484/51 3431/482/51 3437/483/51
f 3346/549/51 3341/195/51 3340/518/51
f 3323/395/51 3251/390/51 3324/5/51
f 3146/264/51 3448/396/51 3147/405/51
f 3305/34/51 3291/15/51 3290/550/51
f 3321/423/1741 3253/376/1741 3322/377/1741
f 3563/203/51 3544/551/51 3564/334/51
f 3130/38/216 3118/552/216 3117/40/216
f 3087/553/1767 3095/319/1767 3088/317/1767
f 3106/135/1748 3481/554/1748 3480/465/1748
f 3131/39/1768 3116/386/1768 3132/362/1768
f 3437/483/51 3430/481/51 3438/478/51
f 3167/441/51 3408/398/51 3395/440/51
f 3357/210/343 3230/372/343 3229/212/343
f 3108/274/1740 3477/555/1740 3476/276/1740
f 3088/317/51 3094/318/51 3090/303/51
f 3110/121/51 3472/494/51 3471/333/51
f 3810/187/51 3832/188/51 3831/252/51
f 3426/82/1746 3422/537/1746 3421/473/1746
f 3573/556/51 3568/557/51 3567/503/51
f 3793/558/1769 3796/560/1769 3794/559/1769
f 3095/319/51 3087/553/51 3096/232/51
f 3173/425/1740 3175/428/1740 3174/561/1740
f 3677/504/1741 3701/505/1741 3700/562/1741
f 3359/277/343 3223/259/343 3222/280/343
f 3112/250/51 3134/531/51 3113/563/51
f 3111/331/51 3470/332/51 3112/250/51
f 3676/564/1742 3706/309/1742 3705/565/1742
f 3562/23/51 3548/220/51 3563/203/51
f 3721/91/51 3659/93/51 3722/525/51
f 3838/67/343 3617/566/343 3616/69/343
f 3109/120/51 3474/514/51 3473/122/51
f 3147/405/1749 3448/396/1749 3447/567/1749
f 3845/70/1740 3492/71/1740 3491/568/1740
f 3107/464/51 3478/569/51 3108/274/51
f 3267/64/51 3282/50/51 3268/41/51
f 3351/169/51 3241/170/51 3352/406/51
f 3844/570/51 3504/572/51 3503/571/51
f 3129/374/1770 3119/573/1770 3130/38/1770
f 3113/563/1749 3134/531/1749 3133/363/1749
f 3568/557/51 3572/575/51 3571/574/51
f 3640/547/51 3644/577/51 3643/576/51
f 3633/578/51 3626/580/51 3634/579/51
f 3322/377/1741 3252/378/1741 3323/395/1741
f 3305/34/1746 3290/550/1746 3289/48/1746
f 3380/344/51 3379/347/51 3376/329/51
f 3845/70/789 3497/582/789 3496/581/789
f 3841/217/1756 3513/584/1756 3512/583/1756
f 3336/6/51 3335/152/51 3325/149/51
f 3845/70/51 3487/585/51 3077/180/51
f 3488/586/51 3487/585/51 3845/70/51
f 3489/587/51 3488/586/51 3845/70/51
f 3489/587/51 3845/70/51 3490/588/51
f 3845/70/51 3491/568/51 3490/588/51
f 3838/67/51 3614/216/51 3586/589/51
f 3668/590/51 3667/592/51 3663/591/51
f 3310/327/51 3287/326/51 3311/339/51
f 3392/383/51 3187/539/51 3393/306/51
f 3580/243/51 3579/320/51 3534/242/51
f 3692/350/184 3691/453/184 3685/349/184
f 3844/570/51 3497/582/51 3845/70/51
f 3498/593/51 3497/582/51 3844/570/51
f 3499/594/51 3498/593/51 3844/570/51
f 3500/595/51 3499/594/51 3844/570/51
f 3501/596/51 3500/595/51 3844/570/51
f 3502/597/51 3501/596/51 3844/570/51
f 3502/597/51 3844/570/51 3503/571/51
f 3350/496/51 3243/598/51 3242/171/51
f 3843/599/51 3504/572/51 3844/570/51
f 3505/600/1740 3504/572/1740 3843/599/1740
f 3506/601/1749 3505/600/1749 3843/599/1749
f 3506/601/51 3843/599/51 3507/602/51
f 3107/464/1740 3479/487/1740 3478/569/1740
f 3508/603/1749 3507/602/1749 3842/604/1749
f 3509/605/51 3508/603/51 3842/604/51
f 3509/605/51 3842/604/51 3841/217/51
f 3510/606/51 3509/605/51 3841/217/51
f 3510/606/51 3841/217/51 3511/607/51
f 3077/180/1745 3486/609/1745 3485/608/1745
f 3549/610/51 3548/220/51 3562/23/51
f 3805/611/51 3804/461/51 3780/460/51
f 3646/612/51 3639/546/51 3638/438/51
f 3840/78/51 3516/219/51 3841/217/51
f 3517/613/51 3516/219/51 3840/78/51
f 3518/614/51 3517/613/51 3840/78/51
f 3519/615/1771 3518/614/1771 3840/78/1771
f 3520/616/51 3519/615/51 3840/78/51
f 3521/617/1772 3520/616/1772 3840/78/1772
f 3522/618/51 3521/617/51 3840/78/51
f 3523/619/51 3522/618/51 3840/78/51
f 3524/620/51 3523/619/51 3840/78/51
f 3525/79/51 3524/620/51 3840/78/51
f 3526/621/51 3525/79/51 3839/77/51
f 3527/622/51 3526/621/51 3839/77/51
f 3528/623/51 3527/622/51 3839/77/51
f 3529/624/51 3528/623/51 3839/77/51
f 3530/625/51 3529/624/51 3839/77/51
f 3531/199/51 3530/625/51 3839/77/51
f 3112/250/1740 3470/332/1740 3469/270/1740
f 3532/626/343 3582/200/343 3581/627/343
f 3077/180/789 3484/628/789 3483/137/789
f 3671/629/51 3670/84/51 3712/92/51
f 3391/381/1748 3193/517/1748 3192/380/1748
f 3158/61/51 3157/630/51 3161/60/51
f 3394/360/51 3168/439/51 3395/440/51
f 3396/415/51 3406/409/51 3397/143/51
f 3573/556/51 3567/503/51 3574/501/51
f 3539/177/51 3538/192/51 3566/176/51
f 3540/631/51 3539/177/51 3565/175/51
f 3541/335/1748 3540/631/1748 3565/175/1748
f 3542/632/51 3541/335/51 3564/334/51
f 3543/633/51 3542/632/51 3564/334/51
f 3544/551/51 3543/633/51 3564/334/51
f 3545/634/51 3544/551/51 3563/203/51
f 3546/204/51 3545/634/51 3563/203/51
f 3698/635/123 3677/504/123 3699/636/123
f 3586/589/51 3614/216/51 3613/637/51
f 3835/235/1744 3765/236/1744 3764/638/1744
f 3387/128/1749 3216/639/1749 3215/130/1749
f 3092/640/51 3091/304/51 3093/302/51
f 3835/235/1737 3764/638/1737 3763/641/1737
f 3623/198/51 3649/324/51 3636/247/51
f 3680/134/51 3678/316/51 3694/133/51
f 3554/642/51 3561/76/51 3555/29/51
f 3557/643/51 3556/30/51 3560/31/51
f 3558/644/51 3557/643/51 3559/645/51
f 3557/643/51 3560/31/51 3559/645/51
f 3561/76/51 3560/31/51 3555/29/51
f 3845/70/1740 3495/647/1740 3494/646/1740
f 3387/128/343 3217/420/343 3216/639/343
f 3136/249/51 3469/270/51 3137/111/51
f 3531/199/51 3582/200/51 3532/626/51
f 3835/235/1756 3763/641/1756 3762/648/1756
f 3841/217/1740 3514/649/1740 3513/584/1740
f 3386/419/1737 3219/486/1737 3218/421/1737
f 3572/575/51 3568/557/51 3573/556/51
f 3797/650/1773 3792/651/1773 3798/469/1773
f 3569/652/51 3568/557/51 3571/574/51
f 3570/653/51 3569/652/51 3571/574/51
f 3442/491/1744 3149/489/1744 3148/341/1744
f 3077/180/51 3099/178/51 3078/654/51
f 3143/181/51 3456/182/51 3144/367/51
f 3355/114/1767 3234/459/1767 3356/223/1767
f 3579/320/51 3578/268/51 3535/266/51
f 3536/267/51 3578/268/51 3537/191/51
f 3550/655/51 3549/610/51 3562/23/51
f 3845/70/1749 3496/581/1749 3495/647/1749
f 3102/222/1774 3077/180/1774 3103/656/1774
f 3553/657/1775 3552/22/1775 3561/76/1775
f 3551/24/51 3550/655/51 3562/23/51
f 3345/226/51 3341/195/51 3346/549/51
f 3838/67/51 3583/201/51 3531/199/51
f 3584/658/51 3583/201/51 3838/67/51
f 3585/659/51 3584/658/51 3838/67/51
f 3586/589/51 3585/659/51 3838/67/51
f 3587/660/51 3586/589/51 3613/637/51
f 3588/661/51 3587/660/51 3599/662/51
f 3170/416/51 3182/410/51 3181/418/51
f 3386/419/1741 3217/420/1741 3387/128/1741
f 3599/662/51 3587/660/51 3600/544/51
f 3352/406/51 3239/139/51 3353/1/51
f 3593/663/51 3592/665/51 3596/664/51
f 3594/666/51 3593/663/51 3595/667/51
f 3593/663/51 3596/664/51 3595/667/51
f 3597/668/51 3596/664/51 3591/669/51
f 3598/354/51 3597/668/51 3590/353/51
f 3599/662/51 3598/354/51 3588/661/51
f 3100/179/51 3077/180/51 3101/221/51
f 3657/456/1745 3726/670/1745 3725/455/1745
f 3141/392/641 3460/312/641 3142/213/641
f 3611/184/51 3601/185/51 3612/543/51
f 3610/671/51 3602/186/51 3611/184/51
f 3609/498/51 3603/499/51 3610/671/51
f 3608/672/51 3604/500/51 3609/498/51
f 3605/673/51 3604/500/51 3607/674/51
f 3606/675/51 3605/673/51 3607/674/51
f 3681/132/51 3694/133/51 3682/172/51
f 3142/213/1749 3459/311/1749 3458/214/1749
f 3676/564/641 3705/565/641 3704/676/641
f 3130/38/1766 3119/573/1766 3118/552/1766
f 3587/660/51 3613/637/51 3600/544/51
f 3356/223/1748 3234/459/1748 3233/225/1748
f 3389/207/533 3200/370/533 3199/245/533
f 3841/217/641 3515/218/641 3514/649/641
f 3837/430/139 3651/431/139 3650/196/139
f 3311/339/51 3287/326/51 3286/94/51
f 3837/430/51 3617/566/51 3838/67/51
f 3618/677/51 3617/566/51 3837/430/51
f 3619/678/51 3618/677/51 3837/430/51
f 3620/679/51 3619/678/51 3837/430/51
f 3621/680/1754 3620/679/1754 3837/430/1754
f 3622/197/1776 3621/680/1776 3837/430/1776
f 3649/324/51 3623/198/51 3650/196/51
f 3636/247/51 3649/324/51 3637/322/51
f 3625/681/51 3624/246/51 3635/682/51
f 3626/580/51 3625/681/51 3634/579/51
f 3627/519/51 3626/580/51 3633/578/51
f 3414/97/51 3426/82/51 3415/80/51
f 3629/683/51 3628/520/51 3632/521/51
f 3630/684/51 3629/683/51 3631/685/51
f 3629/683/51 3632/521/51 3631/685/51
f 3633/578/51 3632/521/51 3627/519/51
f 3106/135/1756 3482/136/1756 3481/554/1756
f 3634/579/51 3625/681/51 3635/682/51
f 3346/549/51 3340/518/51 3347/497/51
f 3077/180/1745 3485/608/1745 3484/628/1745
f 3188/542/51 3187/539/51 3392/383/51
f 3588/661/51 3598/354/51 3589/352/51
f 3646/612/51 3638/438/51 3647/686/51
f 3645/545/51 3639/546/51 3646/612/51
f 3644/577/51 3640/547/51 3645/545/51
f 3641/687/51 3640/547/51 3643/576/51
f 3642/688/51 3641/687/51 3643/576/51
f 3635/682/51 3624/246/51 3636/247/51
f 3591/669/51 3596/664/51 3592/665/51
f 3590/353/51 3597/668/51 3591/669/51
f 3604/500/51 3608/672/51 3607/674/51
f 3812/689/1777 3827/509/1777 3813/412/1777
f 3296/25/51 3292/12/51 3297/56/51
f 3650/196/51 3622/197/51 3837/430/51
f 3371/281/1745 3361/287/1745 3360/282/1745
f 3826/510/51 3825/413/51 3813/412/51
f 3836/690/51 3652/432/51 3837/430/51
f 3653/691/51 3652/432/51 3836/690/51
f 3654/692/51 3653/691/51 3836/690/51
f 3655/534/51 3654/692/51 3836/690/51
f 3656/693/51 3655/534/51 3729/694/51
f 3657/456/51 3656/693/51 3726/670/51
f 3658/524/51 3657/456/51 3724/454/51
f 3388/146/1746 3204/298/1746 3203/485/1746
f 3179/357/51 3171/358/51 3180/417/51
f 3661/695/1757 3660/85/1757 3669/83/1757
f 3390/283/1757 3193/517/1757 3391/381/1757
f 3381/328/51 3375/240/51 3382/238/51
f 3286/94/51 3264/95/51 3263/340/51
f 3147/405/1749 3447/567/1749 3446/696/1749
f 3665/697/51 3664/698/51 3667/592/51
f 3666/699/51 3665/697/51 3667/592/51
f 3845/70/1749 3494/646/1749 3493/72/1749
f 3669/83/51 3668/590/51 3661/695/51
f 3841/217/1737 3512/583/1737 3511/607/1737
f 3094/318/1752 3093/302/1752 3090/303/1752
f 3655/534/139 3730/535/139 3729/694/139
f 3097/233/51 3084/107/51 3098/105/51
f 3836/690/1737 3745/701/1737 3744/700/1737
f 3676/564/51 3704/676/51 3677/504/51
f 3836/690/343 3744/700/343 3743/702/343
f 3103/656/1778 3077/180/1778 3104/468/1778
f 3699/636/51 3677/504/51 3700/562/51
f 3678/316/51 3677/504/51 3698/635/51
f 3388/146/1740 3212/297/1740 3211/463/1740
f 3181/418/51 3171/358/51 3170/416/51
f 3692/350/51 3683/173/51 3693/174/51
f 3146/264/1740 3451/17/1740 3450/703/1740
f 3426/82/1752 3424/467/1752 3423/538/1752
f 3684/348/51 3683/173/51 3692/350/51
f 3161/60/1737 3157/630/1737 3156/451/1737
f 3358/258/1740 3226/313/1740 3225/704/1740
f 3687/442/51 3686/452/51 3691/453/51
f 3129/374/123 3120/375/123 3119/573/123
f 3689/705/1779 3688/443/1779 3690/444/1779
f 3691/453/1780 3690/444/1780 3687/442/1780
f 3694/133/51 3693/174/51 3682/172/51
f 3144/367/51 3456/182/51 3455/706/51
f 3350/496/1749 3244/529/1749 3243/598/1749
f 3694/133/51 3678/316/51 3695/707/51
f 3695/707/1781 3678/316/1781 3696/314/1781
f 3097/233/1765 3085/475/1765 3084/107/1765
f 3698/635/1782 3697/315/1782 3678/316/1782
f 3836/690/1094 3737/709/1094 3736/708/1094
f 3671/629/1742 3712/92/1742 3711/75/1742
f 3709/365/51 3673/9/51 3710/7/51
f 3674/366/51 3708/495/51 3675/308/51
f 3778/227/51 3807/228/51 3779/710/51
f 3140/447/1737 3463/337/1737 3462/507/1737
f 3678/316/1783 3680/134/1783 3679/711/1783
f 3836/690/1744 3738/712/1744 3737/709/1744
f 3610/671/51 3603/499/51 3602/186/51
f 3836/690/51 3733/714/51 3732/713/51
f 3656/693/641 3728/716/641 3727/715/641
f 3677/504/1749 3703/717/1749 3702/506/1749
f 3712/92/51 3670/84/51 3660/85/51
f 3675/308/51 3706/309/51 3676/564/51
f 3836/690/789 3735/719/789 3734/718/789
f 3713/89/51 3659/93/51 3721/91/51
f 3723/720/51 3722/525/51 3658/524/51
f 3581/627/51 3580/243/51 3533/241/51
f 3836/690/1094 3743/702/1094 3742/721/1094
f 3388/146/1741 3203/485/1741 3389/207/1741
f 3145/16/789 3453/445/789 3452/18/789
f 3836/690/51 3731/536/51 3655/534/51
f 3714/278/1784 3717/722/1784 3716/301/1784
f 3719/723/51 3718/279/51 3713/89/51
f 3113/563/51 3133/363/51 3114/361/51
f 3714/278/1785 3718/279/1785 3717/722/1785
f 3151/476/51 3426/82/51 3414/97/51
f 3724/454/51 3723/720/51 3658/524/51
f 3720/90/51 3719/723/51 3713/89/51
f 3575/502/51 3567/503/51 3566/176/51
f 3388/146/1740 3210/462/1740 3209/528/1740
f 3399/230/51 3404/231/51 3400/401/51
f 3836/690/1740 3732/713/1740 3731/536/1740
f 3836/690/1749 3734/718/1749 3733/714/1749
f 3659/93/789 3713/89/789 3712/92/789
f 3836/690/343 3736/708/343 3735/719/343
f 3656/693/1745 3727/715/1745 3726/670/1745
f 3671/629/51 3711/75/51 3672/8/51
f 3836/690/51 3739/724/51 3738/712/51
f 3836/690/51 3740/725/51 3739/724/51
f 3836/690/51 3741/726/51 3740/725/51
f 3836/690/1749 3742/721/1749 3741/726/1749
f 3656/693/1738 3729/694/1738 3728/716/1738
f 3411/164/51 3410/371/51 3163/330/51
f 3677/504/1742 3704/676/1742 3703/717/1742
f 3661/695/51 3668/590/51 3662/727/51
f 3835/235/51 3745/701/51 3836/690/51
f 3835/235/1765 3746/728/1765 3745/701/1765
f 3835/235/1740 3747/729/1740 3746/728/1740
f 3835/235/789 3748/730/789 3747/729/789
f 3835/235/1094 3749/731/1094 3748/730/1094
f 3835/235/641 3750/732/641 3749/731/641
f 3835/235/1748 3751/733/1748 3750/732/1748
f 3835/235/343 3752/734/343 3751/733/343
f 3835/235/1737 3753/735/1737 3752/734/1737
f 3835/235/1745 3754/736/1745 3753/735/1745
f 3835/235/51 3755/737/51 3754/736/51
f 3835/235/1749 3756/738/1749 3755/737/1749
f 3835/235/343 3757/739/343 3756/738/343
f 3835/235/1740 3758/740/1740 3757/739/1740
f 3835/235/1748 3759/741/1748 3758/740/1748
f 3835/235/1746 3760/742/1746 3759/741/1746
f 3835/235/1748 3761/743/1748 3760/742/1748
f 3835/235/1740 3762/648/1740 3761/743/1740
f 3554/642/51 3553/657/51 3561/76/51
f 3077/180/51 3483/137/51 3106/135/51
f 3576/369/51 3538/192/51 3577/190/51
f 3254/424/51 3253/376/51 3321/423/51
f 3349/513/51 3244/529/51 3350/496/51
f 3834/229/51 3766/237/51 3835/235/51
f 3767/744/51 3766/237/51 3834/229/51
f 3768/745/51 3767/744/51 3834/229/51
f 3769/746/51 3768/745/51 3834/229/51
f 3770/747/51 3769/746/51 3834/229/51
f 3771/748/1744 3770/747/1744 3834/229/1744
f 3772/749/51 3771/748/51 3834/229/51
f 3773/750/51 3772/749/51 3834/229/51
f 3774/751/51 3773/750/51 3834/229/51
f 3775/752/51 3774/751/51 3834/229/51
f 3775/752/1744 3834/229/1744 3776/532/1744
f 3256/127/139 3319/125/139 3257/123/139
f 3139/336/51 3463/337/51 3140/447/51
f 3777/533/51 3834/229/51 3778/227/51
f 3144/367/51 3455/706/51 3454/368/51
f 3108/274/1740 3478/569/1740 3477/555/1740
f 3807/228/51 3834/229/51 3808/540/51
f 3779/710/51 3805/611/51 3780/460/51
f 3600/544/1745 3613/637/1745 3612/543/1745
f 3801/753/1746 3783/755/1746 3802/754/1746
f 3807/228/51 3806/756/51 3779/710/51
f 3815/388/51 3822/450/51 3816/448/51
f 3802/754/51 3782/273/51 3803/271/51
f 3829/321/51 3828/757/51 3812/689/51
f 3782/273/1094 3802/754/1094 3783/755/1094
f 3784/758/51 3783/755/51 3801/753/51
f 3818/759/51 3820/761/51 3819/760/51
f 3358/258/1746 3225/704/1746 3224/260/1746
f 3785/762/51 3784/758/51 3800/763/51
f 3786/471/51 3785/762/51 3799/470/51
f 3663/591/51 3667/592/51 3664/698/51
f 3787/764/51 3786/471/51 3798/469/51
f 3388/146/1737 3208/527/1737 3207/148/1737
f 3789/515/51 3788/765/51 3798/469/51
f 3788/765/51 3787/764/51 3798/469/51
f 3246/512/1744 3349/513/1744 3348/99/1744
f 3791/766/1786 3790/516/1786 3798/469/1786
f 3647/686/51 3638/438/51 3648/323/51
f 3794/559/1787 3796/560/1787 3795/767/1787
f 3096/232/1788 3087/553/1788 3086/234/1788
f 3824/768/51 3823/389/51 3814/387/51
f 3793/558/51 3792/651/51 3797/650/51
f 3823/389/1752 3822/450/1752 3815/388/1752
f 3259/118/51 3315/493/51 3260/205/51
f 3799/470/1765 3785/762/1765 3800/763/1765
f 3820/761/444 3818/759/444 3821/769/444
f 3818/759/51 3817/449/51 3821/769/51
f 3800/763/51 3784/758/51 3801/753/51
f 3825/413/51 3824/768/51 3814/387/51
f 3662/727/51 3668/590/51 3663/591/51
f 3532/626/51 3581/627/51 3533/241/51
f 3077/180/51 3487/585/51 3486/609/51
f 3465/364/51 3138/150/51 3466/345/51
f 3147/405/1748 3446/696/1748 3445/343/1748
f 3099/178/51 3079/254/51 3078/654/51
f 3781/272/789 3804/461/789 3803/271/789
f 3248/87/51 3339/101/51 3338/86/51
f 3812/689/1789 3811/253/1789 3829/321/1789
f 3817/449/1783 3822/450/1783 3821/769/1783
f 3146/264/51 3450/703/51 3449/397/51
f 3806/756/51 3805/611/51 3779/710/51
f 3792/651/1782 3791/766/1782 3798/469/1782
f 3809/541/51 3834/229/51 3810/187/51
f 3797/650/51 3796/560/51 3793/558/51
f 3828/757/51 3827/509/51 3812/689/51
f 3352/406/1745 3240/407/1745 3239/139/1745
f 3149/489/1744 3439/355/1744 3150/356/1744
f 3285/74/1749 3265/73/1749 3264/95/1749
f 3507/602/51 3843/599/51 3842/604/51
f 2716/608/1441 3485/608/1441 3486/609/1441 2717/609/1441
f 2618/128/1357 3387/128/1357 3388/146/1357 2619/146/1357
