# Blender 4.0.2
# www.blender.org
mtllib Stella_L_corner.mtl
o Stella_L_corner
v 0.368569 0.026186 -0.596679
v 0.368569 0.026283 -0.596681
v 0.368569 0.026381 -0.596687
v 0.368569 0.026478 -0.596698
v 0.368569 0.026576 -0.596712
v 0.368569 0.026672 -0.596730
v 0.368569 0.026768 -0.596751
v 0.368569 0.026862 -0.596776
v 0.368569 0.026954 -0.596804
v 0.368569 0.027044 -0.596835
v 0.368569 0.027131 -0.596869
v 0.368569 0.027216 -0.596905
v 0.368569 0.027297 -0.596943
v 0.368569 0.027455 -0.597033
v 0.368569 0.027589 -0.597133
v 0.368569 0.027700 -0.597242
v 0.368569 0.027793 -0.597358
v 0.368569 0.027869 -0.597481
v 0.368569 0.027932 -0.597609
v 0.368569 0.027984 -0.597741
v 0.368569 0.028030 -0.597875
v 0.368569 0.028071 -0.598010
v 0.368569 0.028110 -0.598145
v 0.368569 0.028151 -0.598278
v 0.368569 0.028196 -0.598407
v 0.368569 0.028226 -0.598503
v 0.368569 0.028256 -0.598597
v 0.368569 0.028287 -0.598687
v 0.368569 0.028322 -0.598775
v 0.368569 0.028361 -0.598859
v 0.368569 0.028408 -0.598939
v 0.368569 0.028463 -0.599015
v 0.368569 0.028529 -0.599087
v 0.368569 0.028608 -0.599154
v 0.368569 0.028701 -0.599216
v 0.368569 0.028810 -0.599273
v 0.368569 0.028937 -0.599325
v 0.368569 0.029021 -0.599353
v 0.368569 0.029105 -0.599383
v 0.368569 0.029189 -0.599417
v 0.368569 0.029273 -0.599453
v 0.368569 0.029355 -0.599491
v 0.368569 0.029435 -0.599532
v 0.368569 0.029513 -0.599575
v 0.368569 0.029589 -0.599620
v 0.368569 0.029661 -0.599667
v 0.368569 0.029730 -0.599716
v 0.368569 0.029794 -0.599766
v 0.368569 0.029854 -0.599819
v 0.368569 0.029923 -0.599886
v 0.368569 0.029987 -0.599956
v 0.368569 0.030048 -0.600029
v 0.368569 0.030106 -0.600103
v 0.368569 0.030162 -0.600180
v 0.368569 0.030216 -0.600257
v 0.368569 0.030268 -0.600336
v 0.368569 0.030319 -0.600416
v 0.368569 0.030370 -0.600496
v 0.368569 0.030421 -0.600576
v 0.368569 0.030472 -0.600656
v 0.368569 0.030524 -0.600736
v 0.368569 0.030609 -0.600830
v 0.368569 0.030720 -0.600918
v 0.368569 0.030852 -0.600998
v 0.368569 0.031002 -0.601069
v 0.368569 0.031164 -0.601130
v 0.368569 0.031336 -0.601179
v 0.368569 0.031511 -0.601216
v 0.368569 0.031687 -0.601238
v 0.368569 0.031859 -0.601245
v 0.368569 0.032022 -0.601235
v 0.368569 0.032172 -0.601207
v 0.368569 0.032306 -0.601159
v 0.368569 0.032494 -0.601073
v 0.368569 0.032679 -0.600984
v 0.368569 0.032864 -0.600893
v 0.368569 0.033049 -0.600803
v 0.368569 0.033236 -0.600716
v 0.368569 0.033426 -0.600632
v 0.368569 0.033620 -0.600555
v 0.368569 0.033820 -0.600486
v 0.368569 0.034027 -0.600428
v 0.368569 0.034242 -0.600381
v 0.368569 0.034468 -0.600348
v 0.368569 0.034704 -0.600330
v 0.368569 0.034885 -0.600318
v 0.368569 0.035066 -0.600298
v 0.368569 0.035247 -0.600273
v 0.368569 0.035428 -0.600243
v 0.368569 0.035609 -0.600211
v 0.368569 0.035791 -0.600176
v 0.368569 0.035973 -0.600140
v 0.368569 0.036156 -0.600105
v 0.368569 0.036339 -0.600072
v 0.368569 0.036522 -0.600042
v 0.368569 0.036706 -0.600016
v 0.368569 0.036891 -0.599995
v 0.368569 0.036985 -0.599989
v 0.368569 0.037080 -0.599990
v 0.368569 0.037177 -0.599995
v 0.368569 0.037276 -0.600004
v 0.368569 0.037375 -0.600017
v 0.368569 0.037475 -0.600033
v 0.368569 0.037576 -0.600050
v 0.368569 0.037676 -0.600068
v 0.368569 0.037777 -0.600087
v 0.368569 0.037876 -0.600105
v 0.368569 0.037975 -0.600122
v 0.368569 0.038073 -0.600136
v 0.368569 0.038245 -0.600154
v 0.368569 0.038417 -0.600170
v 0.368569 0.038589 -0.600187
v 0.368569 0.038761 -0.600203
v 0.368569 0.038933 -0.600220
v 0.368569 0.039105 -0.600238
v 0.368569 0.039276 -0.600256
v 0.368569 0.039448 -0.600275
v 0.368569 0.039620 -0.600295
v 0.368569 0.039792 -0.600317
v 0.368569 0.039964 -0.600340
v 0.368569 0.040136 -0.600366
v 0.368569 0.040264 -0.600388
v 0.368569 0.040393 -0.600413
v 0.368569 0.040522 -0.600439
v 0.368569 0.040651 -0.600466
v 0.368569 0.040780 -0.600495
v 0.368569 0.040908 -0.600526
v 0.368569 0.041035 -0.600559
v 0.368569 0.041162 -0.600594
v 0.368569 0.041287 -0.600631
v 0.368569 0.041411 -0.600670
v 0.368569 0.041533 -0.600711
v 0.368569 0.041653 -0.600754
v 0.368569 0.041798 -0.600808
v 0.368569 0.041941 -0.600864
v 0.368569 0.042083 -0.600921
v 0.368569 0.042225 -0.600981
v 0.368569 0.042365 -0.601042
v 0.368569 0.042504 -0.601104
v 0.368569 0.042643 -0.601168
v 0.368569 0.042780 -0.601232
v 0.368569 0.042918 -0.601297
v 0.368569 0.043055 -0.601362
v 0.368569 0.043192 -0.601428
v 0.368569 0.043328 -0.601494
v 0.368569 0.043553 -0.601601
v 0.368569 0.043774 -0.601710
v 0.368569 0.043994 -0.601821
v 0.368569 0.044210 -0.601936
v 0.368569 0.044422 -0.602055
v 0.368569 0.044629 -0.602178
v 0.368569 0.044832 -0.602306
v 0.368569 0.045028 -0.602441
v 0.368569 0.045218 -0.602581
v 0.368569 0.045402 -0.602728
v 0.368569 0.045577 -0.602884
v 0.368569 0.045745 -0.603047
v 0.368569 0.045875 -0.603178
v 0.368569 0.046009 -0.603307
v 0.368569 0.046146 -0.603435
v 0.368569 0.046286 -0.603561
v 0.368569 0.046429 -0.603686
v 0.368569 0.046574 -0.603810
v 0.368569 0.046720 -0.603933
v 0.368569 0.046867 -0.604056
v 0.368569 0.047015 -0.604178
v 0.368569 0.047162 -0.604300
v 0.368569 0.047309 -0.604423
v 0.368569 0.047455 -0.604546
v 0.368569 0.047518 -0.604598
v 0.368569 0.047582 -0.604646
v 0.368569 0.047649 -0.604691
v 0.368569 0.047719 -0.604732
v 0.368569 0.047791 -0.604769
v 0.368569 0.047868 -0.604802
v 0.368569 0.047948 -0.604831
v 0.368569 0.048033 -0.604855
v 0.368569 0.048123 -0.604874
v 0.368569 0.048218 -0.604888
v 0.368569 0.048318 -0.604896
v 0.368569 0.048425 -0.604899
v 0.368569 0.048809 -0.604891
v 0.368569 0.049194 -0.604886
v 0.368569 0.049579 -0.604881
v 0.368569 0.049964 -0.604879
v 0.368569 0.050350 -0.604877
v 0.368569 0.050736 -0.604877
v 0.368569 0.051122 -0.604877
v 0.368569 0.051507 -0.604878
v 0.368569 0.051893 -0.604879
v 0.368569 0.052278 -0.604880
v 0.368569 0.052662 -0.604881
v 0.368569 0.053046 -0.604881
v 0.368569 0.053088 -0.604938
v 0.368569 0.053133 -0.604993
v 0.368569 0.053179 -0.605048
v 0.368569 0.053227 -0.605101
v 0.368569 0.053273 -0.605154
v 0.368569 0.053317 -0.605206
v 0.368569 0.053358 -0.605257
v 0.368569 0.053395 -0.605309
v 0.368569 0.053426 -0.605360
v 0.368569 0.053449 -0.605412
v 0.368569 0.053464 -0.605464
v 0.368569 0.053469 -0.605516
v 0.368569 0.053477 -0.605896
v 0.368569 0.053483 -0.606277
v 0.368569 0.053487 -0.606658
v 0.368569 0.053490 -0.607041
v 0.368569 0.053491 -0.607425
v 0.368569 0.053492 -0.607810
v 0.368569 0.053491 -0.608196
v 0.368569 0.053490 -0.608585
v 0.368569 0.053489 -0.608975
v 0.368569 0.053488 -0.609366
v 0.368569 0.053487 -0.609760
v 0.368569 0.053487 -0.610156
v 0.368569 0.053474 -0.610156
v 0.368569 0.053439 -0.610156
v 0.368569 0.053385 -0.610156
v 0.368569 0.053318 -0.610156
v 0.368569 0.053242 -0.610156
v 0.368569 0.053161 -0.610156
v 0.368569 0.053080 -0.610156
v 0.368569 0.053004 -0.610156
v 0.368569 0.052937 -0.610156
v 0.368569 0.052883 -0.610156
v 0.368569 0.052847 -0.610156
v 0.368569 0.052835 -0.610156
v 0.368569 0.052801 -0.610156
v 0.368569 0.052704 -0.610156
v 0.368569 0.052550 -0.610156
v 0.368569 0.052343 -0.610156
v 0.368569 0.052091 -0.610156
v 0.368569 0.051798 -0.610156
v 0.368569 0.051471 -0.610156
v 0.368569 0.051115 -0.610156
v 0.368569 0.050736 -0.610156
v 0.368569 0.050340 -0.610156
v 0.368569 0.049932 -0.610156
v 0.368569 0.049519 -0.610156
v 0.368569 0.049463 -0.610088
v 0.368569 0.049403 -0.610024
v 0.368569 0.049338 -0.609965
v 0.368569 0.049269 -0.609912
v 0.368569 0.049195 -0.609863
v 0.368569 0.049118 -0.609821
v 0.368569 0.049037 -0.609784
v 0.368569 0.048952 -0.609753
v 0.368569 0.048864 -0.609729
v 0.368569 0.048773 -0.609712
v 0.368569 0.048680 -0.609701
v 0.368569 0.048584 -0.609697
v 0.368569 0.048488 -0.609701
v 0.368569 0.048395 -0.609712
v 0.368569 0.048304 -0.609729
v 0.368569 0.048216 -0.609753
v 0.368569 0.048132 -0.609784
v 0.368569 0.048051 -0.609821
v 0.368569 0.047973 -0.609863
v 0.368569 0.047900 -0.609912
v 0.368569 0.047830 -0.609965
v 0.368569 0.047765 -0.610024
v 0.368569 0.047705 -0.610088
v 0.368569 0.047649 -0.610156
v 0.368569 0.047593 -0.610156
v 0.368569 0.047437 -0.610156
v 0.368569 0.047200 -0.610156
v 0.368569 0.046904 -0.610156
v 0.368569 0.046568 -0.610156
v 0.368569 0.046212 -0.610156
v 0.368569 0.045856 -0.610156
v 0.368569 0.045520 -0.610156
v 0.368569 0.045224 -0.610156
v 0.368569 0.044988 -0.610156
v 0.368569 0.044831 -0.610156
v 0.368569 0.044775 -0.610156
v 0.368569 0.044719 -0.610088
v 0.368569 0.044659 -0.610024
v 0.368569 0.044594 -0.609965
v 0.368569 0.044524 -0.609912
v 0.368569 0.044451 -0.609863
v 0.368569 0.044373 -0.609821
v 0.368569 0.044292 -0.609784
v 0.368569 0.044208 -0.609753
v 0.368569 0.044120 -0.609729
v 0.368569 0.044029 -0.609712
v 0.368569 0.043936 -0.609701
v 0.368569 0.043840 -0.609697
v 0.368569 0.043748 -0.609701
v 0.368569 0.043658 -0.609712
v 0.368569 0.043570 -0.609729
v 0.368569 0.043484 -0.609753
v 0.368569 0.043400 -0.609784
v 0.368569 0.043320 -0.609821
v 0.368569 0.043242 -0.609863
v 0.368569 0.043167 -0.609912
v 0.368569 0.043096 -0.609965
v 0.368569 0.043028 -0.610024
v 0.368569 0.042965 -0.610088
v 0.368569 0.042905 -0.610156
v 0.368569 0.042849 -0.610156
v 0.368569 0.042694 -0.610156
v 0.368569 0.042459 -0.610156
v 0.368569 0.042165 -0.610156
v 0.368569 0.041830 -0.610156
v 0.368569 0.041477 -0.610156
v 0.368569 0.041123 -0.610156
v 0.368569 0.040789 -0.610156
v 0.368569 0.040495 -0.610156
v 0.368569 0.040260 -0.610156
v 0.368569 0.040104 -0.610156
v 0.368569 0.040048 -0.610156
v 0.368569 0.039993 -0.610088
v 0.368569 0.039932 -0.610024
v 0.368569 0.039867 -0.609965
v 0.368569 0.039798 -0.609912
v 0.368569 0.039724 -0.609863
v 0.368569 0.039647 -0.609821
v 0.368569 0.039566 -0.609784
v 0.368569 0.039481 -0.609753
v 0.368569 0.039393 -0.609729
v 0.368569 0.039303 -0.609712
v 0.368569 0.039209 -0.609701
v 0.368569 0.039113 -0.609697
v 0.368569 0.039017 -0.609701
v 0.368569 0.038924 -0.609712
v 0.368569 0.038833 -0.609729
v 0.368569 0.038746 -0.609753
v 0.368569 0.038661 -0.609784
v 0.368569 0.038580 -0.609821
v 0.368569 0.038502 -0.609863
v 0.368569 0.038429 -0.609912
v 0.368569 0.038359 -0.609965
v 0.368569 0.038294 -0.610024
v 0.368569 0.038234 -0.610088
v 0.368569 0.038179 -0.610156
v 0.368569 0.038146 -0.610156
v 0.368569 0.038052 -0.610156
v 0.368569 0.037903 -0.610156
v 0.368569 0.037703 -0.610156
v 0.368569 0.037459 -0.610156
v 0.368569 0.037176 -0.610156
v 0.368569 0.036859 -0.610156
v 0.368569 0.036514 -0.610156
v 0.368569 0.036147 -0.610156
v 0.368569 0.035764 -0.610156
v 0.368569 0.035369 -0.610156
v 0.368569 0.034969 -0.610156
v 0.368569 0.034779 -0.610158
v 0.368569 0.034588 -0.610161
v 0.368569 0.034397 -0.610164
v 0.368569 0.034208 -0.610164
v 0.368569 0.034022 -0.610159
v 0.368569 0.033838 -0.610145
v 0.368569 0.033658 -0.610120
v 0.368569 0.033483 -0.610083
v 0.368569 0.033315 -0.610029
v 0.368569 0.033152 -0.609958
v 0.368569 0.032998 -0.609866
v 0.368569 0.032852 -0.609750
v 0.368569 0.032848 -0.609746
v 0.368569 0.032844 -0.609743
v 0.368569 0.032839 -0.609740
v 0.368569 0.032835 -0.609738
v 0.368569 0.032830 -0.609736
v 0.368569 0.032826 -0.609735
v 0.368569 0.032821 -0.609734
v 0.368569 0.032817 -0.609733
v 0.368569 0.032813 -0.609733
v 0.368569 0.032808 -0.609733
v 0.368569 0.032804 -0.609733
v 0.368569 0.032799 -0.609733
v 0.368569 0.032592 -0.609644
v 0.368569 0.032384 -0.609556
v 0.368569 0.032175 -0.609468
v 0.368569 0.031966 -0.609380
v 0.368569 0.031757 -0.609291
v 0.368569 0.031547 -0.609203
v 0.368569 0.031338 -0.609115
v 0.368569 0.031129 -0.609027
v 0.368569 0.030919 -0.608939
v 0.368569 0.030711 -0.608850
v 0.368569 0.030503 -0.608762
v 0.368569 0.030295 -0.608674
v 0.368569 0.030084 -0.608581
v 0.368569 0.029873 -0.608488
v 0.368569 0.029663 -0.608393
v 0.368569 0.029453 -0.608299
v 0.368569 0.029244 -0.608204
v 0.368569 0.029034 -0.608110
v 0.368569 0.028825 -0.608015
v 0.368569 0.028615 -0.607920
v 0.368569 0.028405 -0.607826
v 0.368569 0.028195 -0.607732
v 0.368569 0.027984 -0.607638
v 0.368569 0.027773 -0.607545
v 0.368569 0.027473 -0.607414
v 0.368569 0.027172 -0.607283
v 0.368569 0.026871 -0.607154
v 0.368569 0.026569 -0.607026
v 0.368569 0.026267 -0.606898
v 0.368569 0.025965 -0.606771
v 0.368569 0.025663 -0.606645
v 0.368569 0.025361 -0.606518
v 0.368569 0.025060 -0.606392
v 0.368569 0.024759 -0.606265
v 0.368569 0.024458 -0.606138
v 0.368569 0.024158 -0.606010
v 0.368569 0.023936 -0.605919
v 0.368569 0.023712 -0.605829
v 0.368569 0.023486 -0.605740
v 0.368569 0.023259 -0.605652
v 0.368569 0.023033 -0.605563
v 0.368569 0.022806 -0.605475
v 0.368569 0.022581 -0.605385
v 0.368569 0.022357 -0.605293
v 0.368569 0.022136 -0.605199
v 0.368569 0.021918 -0.605103
v 0.368569 0.021704 -0.605003
v 0.368569 0.021494 -0.604899
v 0.368569 0.021201 -0.604752
v 0.368569 0.020904 -0.604618
v 0.368569 0.020602 -0.604498
v 0.368569 0.020295 -0.604391
v 0.368569 0.019984 -0.604297
v 0.368569 0.019669 -0.604216
v 0.368569 0.019349 -0.604147
v 0.368569 0.019025 -0.604090
v 0.368569 0.018697 -0.604046
v 0.368569 0.018364 -0.604013
v 0.368569 0.018027 -0.603992
v 0.368569 0.017685 -0.603982
v 0.368569 0.017279 -0.603978
v 0.368569 0.016872 -0.603976
v 0.368569 0.016465 -0.603974
v 0.368569 0.016058 -0.603974
v 0.368569 0.015650 -0.603974
v 0.368569 0.015242 -0.603975
v 0.368569 0.014834 -0.603976
v 0.368569 0.014427 -0.603978
v 0.368569 0.014019 -0.603979
v 0.368569 0.013612 -0.603981
v 0.368569 0.013206 -0.603981
v 0.368569 0.012800 -0.603982
v 0.368569 0.010405 -0.603982
v 0.368569 0.008011 -0.603982
v 0.368569 0.005617 -0.603982
v 0.368569 0.003223 -0.603982
v 0.368569 0.000829 -0.603982
v 0.368569 -0.001565 -0.603982
v 0.368569 -0.003960 -0.603982
v 0.368569 -0.006354 -0.603982
v 0.368569 -0.008748 -0.603982
v 0.368569 -0.011142 -0.603982
v 0.368569 -0.013536 -0.603982
v 0.368569 -0.015930 -0.603982
v 0.368569 -0.016029 -0.603983
v 0.368569 -0.016129 -0.603986
v 0.368569 -0.016231 -0.603993
v 0.368569 -0.016333 -0.604001
v 0.368569 -0.016434 -0.604013
v 0.368569 -0.016534 -0.604028
v 0.368569 -0.016632 -0.604046
v 0.368569 -0.016727 -0.604068
v 0.368569 -0.016818 -0.604093
v 0.368569 -0.016904 -0.604123
v 0.368569 -0.016985 -0.604156
v 0.368569 -0.017059 -0.604193
v 0.368569 -0.017244 -0.604303
v 0.368569 -0.017413 -0.604421
v 0.368569 -0.017565 -0.604546
v 0.368569 -0.017701 -0.604678
v 0.368569 -0.017823 -0.604817
v 0.368569 -0.017930 -0.604963
v 0.368569 -0.018024 -0.605115
v 0.368569 -0.018104 -0.605273
v 0.368569 -0.018173 -0.605436
v 0.368569 -0.018230 -0.605605
v 0.368569 -0.018276 -0.605779
v 0.368569 -0.018311 -0.605958
v 0.368569 -0.018341 -0.606174
v 0.368569 -0.018361 -0.606391
v 0.368569 -0.018375 -0.606609
v 0.368569 -0.018383 -0.606826
v 0.368569 -0.018389 -0.607045
v 0.368569 -0.018395 -0.607263
v 0.368569 -0.018403 -0.607481
v 0.368569 -0.018416 -0.607699
v 0.368569 -0.018435 -0.607917
v 0.368569 -0.018464 -0.608135
v 0.368569 -0.018504 -0.608352
v 0.368569 -0.018558 -0.608568
v 0.368569 -0.018593 -0.608709
v 0.368569 -0.018629 -0.608848
v 0.368569 -0.018665 -0.608985
v 0.368569 -0.018704 -0.609121
v 0.368569 -0.018746 -0.609255
v 0.368569 -0.018792 -0.609389
v 0.368569 -0.018843 -0.609520
v 0.368569 -0.018901 -0.609650
v 0.368569 -0.018965 -0.609779
v 0.368569 -0.019038 -0.609906
v 0.368569 -0.019119 -0.610032
v 0.368569 -0.019211 -0.610156
v 0.368569 -0.019290 -0.610156
v 0.368569 -0.019509 -0.610156
v 0.368569 -0.019839 -0.610156
v 0.368569 -0.020253 -0.610156
v 0.368569 -0.020723 -0.610156
v 0.368569 -0.021221 -0.610156
v 0.368569 -0.021719 -0.610156
v 0.368569 -0.022189 -0.610156
v 0.368569 -0.022604 -0.610156
v 0.368569 -0.022934 -0.610156
v 0.368569 -0.023153 -0.610156
v 0.368569 -0.023232 -0.610156
v 0.368569 -0.023287 -0.610088
v 0.368569 -0.023348 -0.610024
v 0.368569 -0.023413 -0.609965
v 0.368569 -0.023482 -0.609912
v 0.368569 -0.023556 -0.609863
v 0.368569 -0.023633 -0.609821
v 0.368569 -0.023714 -0.609784
v 0.368569 -0.023799 -0.609753
v 0.368569 -0.023887 -0.609729
v 0.368569 -0.023977 -0.609712
v 0.368569 -0.024071 -0.609701
v 0.368569 -0.024167 -0.609697
v 0.368569 -0.024258 -0.609701
v 0.368569 -0.024349 -0.609712
v 0.368569 -0.024437 -0.609729
v 0.368569 -0.024523 -0.609753
v 0.368569 -0.024606 -0.609784
v 0.368569 -0.024687 -0.609821
v 0.368569 -0.024765 -0.609863
v 0.368569 -0.024839 -0.609912
v 0.368569 -0.024911 -0.609965
v 0.368569 -0.024978 -0.610024
v 0.368569 -0.025042 -0.610088
v 0.368569 -0.025101 -0.610156
v 0.368569 -0.025158 -0.610156
v 0.368569 -0.025313 -0.610156
v 0.368569 -0.025548 -0.610156
v 0.368569 -0.025842 -0.610156
v 0.368569 -0.026176 -0.610156
v 0.368569 -0.026530 -0.610156
v 0.368569 -0.026884 -0.610156
v 0.368569 -0.027218 -0.610156
v 0.368569 -0.027512 -0.610156
v 0.368569 -0.027747 -0.610156
v 0.368569 -0.027902 -0.610156
v 0.368569 -0.027959 -0.610156
v 0.368569 -0.028014 -0.610088
v 0.368569 -0.028074 -0.610024
v 0.368569 -0.028139 -0.609965
v 0.368569 -0.028209 -0.609912
v 0.368569 -0.028282 -0.609863
v 0.368569 -0.028360 -0.609821
v 0.368569 -0.028441 -0.609784
v 0.368569 -0.028526 -0.609753
v 0.368569 -0.028613 -0.609729
v 0.368569 -0.028704 -0.609712
v 0.368569 -0.028797 -0.609701
v 0.368569 -0.028893 -0.609697
v 0.368569 -0.028989 -0.609701
v 0.368569 -0.029083 -0.609712
v 0.368569 -0.029173 -0.609729
v 0.368569 -0.029261 -0.609753
v 0.368569 -0.029346 -0.609784
v 0.368569 -0.029427 -0.609821
v 0.368569 -0.029504 -0.609863
v 0.368569 -0.029578 -0.609912
v 0.368569 -0.029647 -0.609965
v 0.368569 -0.029712 -0.610024
v 0.368569 -0.029773 -0.610088
v 0.368569 -0.029828 -0.610156
v 0.368569 -0.029884 -0.610156
v 0.368569 -0.030040 -0.610156
v 0.368569 -0.030274 -0.610156
v 0.368569 -0.030569 -0.610156
v 0.368569 -0.030903 -0.610156
v 0.368569 -0.031257 -0.610156
v 0.368569 -0.031610 -0.610156
v 0.368569 -0.031944 -0.610156
v 0.368569 -0.032239 -0.610156
v 0.368569 -0.032474 -0.610156
v 0.368569 -0.032629 -0.610156
v 0.368569 -0.032685 -0.610156
v 0.368569 -0.032745 -0.610088
v 0.368569 -0.032808 -0.610024
v 0.368569 -0.032876 -0.609965
v 0.368569 -0.032947 -0.609912
v 0.368569 -0.033022 -0.609863
v 0.368569 -0.033100 -0.609821
v 0.368569 -0.033180 -0.609784
v 0.368569 -0.033264 -0.609753
v 0.368569 -0.033350 -0.609729
v 0.368569 -0.033438 -0.609712
v 0.368569 -0.033528 -0.609701
v 0.368569 -0.033620 -0.609697
v 0.368569 -0.033716 -0.609701
v 0.368569 -0.033809 -0.609712
v 0.368569 -0.033900 -0.609729
v 0.368569 -0.033988 -0.609753
v 0.368569 -0.034072 -0.609784
v 0.368569 -0.034153 -0.609821
v 0.368569 -0.034231 -0.609863
v 0.368569 -0.034304 -0.609912
v 0.368569 -0.034374 -0.609965
v 0.368569 -0.034439 -0.610024
v 0.368569 -0.034499 -0.610088
v 0.368569 -0.034555 -0.610156
v 0.368569 -0.034586 -0.610156
v 0.368569 -0.034675 -0.610156
v 0.368569 -0.034818 -0.610156
v 0.368569 -0.035009 -0.610156
v 0.368569 -0.035243 -0.610156
v 0.368569 -0.035514 -0.610156
v 0.368569 -0.035816 -0.610156
v 0.368569 -0.036146 -0.610156
v 0.368569 -0.036497 -0.610156
v 0.368569 -0.036863 -0.610156
v 0.368569 -0.037241 -0.610156
v 0.368569 -0.037623 -0.610156
v 0.368569 -0.037665 -0.610154
v 0.368569 -0.037709 -0.610148
v 0.368569 -0.037755 -0.610138
v 0.368569 -0.037802 -0.610125
v 0.368569 -0.037849 -0.610108
v 0.368569 -0.037895 -0.610090
v 0.368569 -0.037939 -0.610069
v 0.368569 -0.037980 -0.610046
v 0.368569 -0.038018 -0.610022
v 0.368569 -0.038051 -0.609997
v 0.368569 -0.038078 -0.609971
v 0.368569 -0.038100 -0.609944
v 0.368569 -0.038129 -0.609899
v 0.368569 -0.038156 -0.609852
v 0.368569 -0.038180 -0.609803
v 0.368569 -0.038202 -0.609753
v 0.368569 -0.038222 -0.609703
v 0.368569 -0.038241 -0.609651
v 0.368569 -0.038258 -0.609599
v 0.368569 -0.038273 -0.609547
v 0.368569 -0.038288 -0.609495
v 0.368569 -0.038302 -0.609444
v 0.368569 -0.038316 -0.609394
v 0.368569 -0.038329 -0.609344
v 0.368569 -0.038349 -0.609230
v 0.368569 -0.038366 -0.609115
v 0.368569 -0.038382 -0.609001
v 0.368569 -0.038397 -0.608887
v 0.368569 -0.038415 -0.608774
v 0.368569 -0.038435 -0.608661
v 0.368569 -0.038459 -0.608549
v 0.368569 -0.038490 -0.608438
v 0.368569 -0.038527 -0.608327
v 0.368569 -0.038574 -0.608218
v 0.368569 -0.038631 -0.608110
v 0.368569 -0.038699 -0.608004
v 0.368569 -0.038766 -0.607905
v 0.368569 -0.038824 -0.607804
v 0.368569 -0.038876 -0.607701
v 0.368569 -0.038923 -0.607596
v 0.368569 -0.038966 -0.607490
v 0.368569 -0.039006 -0.607382
v 0.368569 -0.039043 -0.607274
v 0.368569 -0.039081 -0.607165
v 0.368569 -0.039118 -0.607056
v 0.368569 -0.039158 -0.606948
v 0.368569 -0.039200 -0.606840
v 0.368569 -0.039246 -0.606734
v 0.368569 -0.039277 -0.606663
v 0.368569 -0.039311 -0.606593
v 0.368569 -0.039345 -0.606523
v 0.368569 -0.039381 -0.606453
v 0.368569 -0.039419 -0.606383
v 0.368569 -0.039458 -0.606315
v 0.368569 -0.039498 -0.606247
v 0.368569 -0.039540 -0.606180
v 0.368569 -0.039583 -0.606113
v 0.368569 -0.039628 -0.606048
v 0.368569 -0.039674 -0.605985
v 0.368569 -0.039722 -0.605922
v 0.368569 -0.039802 -0.605821
v 0.368569 -0.039881 -0.605721
v 0.368569 -0.039961 -0.605622
v 0.368569 -0.040042 -0.605523
v 0.368569 -0.040124 -0.605425
v 0.368569 -0.040207 -0.605329
v 0.368569 -0.040292 -0.605234
v 0.368569 -0.040378 -0.605139
v 0.368569 -0.040466 -0.605047
v 0.368569 -0.040557 -0.604955
v 0.368569 -0.040649 -0.604865
v 0.368569 -0.040745 -0.604776
v 0.368569 -0.040900 -0.604635
v 0.368569 -0.041055 -0.604494
v 0.368569 -0.041212 -0.604353
v 0.368569 -0.041370 -0.604214
v 0.368569 -0.041530 -0.604075
v 0.368569 -0.041691 -0.603938
v 0.368569 -0.041854 -0.603802
v 0.368569 -0.042019 -0.603667
v 0.368569 -0.042186 -0.603535
v 0.368569 -0.042356 -0.603405
v 0.368569 -0.042528 -0.603278
v 0.368569 -0.042703 -0.603153
v 0.368569 -0.042808 -0.603085
v 0.368569 -0.042919 -0.603021
v 0.368569 -0.043035 -0.602961
v 0.368569 -0.043156 -0.602904
v 0.368569 -0.043280 -0.602849
v 0.368569 -0.043406 -0.602795
v 0.368569 -0.043533 -0.602743
v 0.368569 -0.043660 -0.602690
v 0.368569 -0.043787 -0.602637
v 0.368569 -0.043911 -0.602582
v 0.368569 -0.044032 -0.602525
v 0.368569 -0.044149 -0.602465
v 0.368569 -0.044286 -0.602387
v 0.368569 -0.044424 -0.602314
v 0.368569 -0.044564 -0.602245
v 0.368569 -0.044707 -0.602182
v 0.368569 -0.044852 -0.602124
v 0.368569 -0.045000 -0.602072
v 0.368569 -0.045152 -0.602027
v 0.368569 -0.045308 -0.601989
v 0.368569 -0.045468 -0.601959
v 0.368569 -0.045634 -0.601936
v 0.368569 -0.045806 -0.601923
v 0.368569 -0.045983 -0.601918
v 0.368569 -0.046049 -0.601919
v 0.368569 -0.046114 -0.601913
v 0.368569 -0.046177 -0.601901
v 0.368569 -0.046237 -0.601882
v 0.368569 -0.046293 -0.601856
v 0.368569 -0.046345 -0.601823
v 0.368569 -0.046390 -0.601783
v 0.368569 -0.046429 -0.601736
v 0.368569 -0.046459 -0.601682
v 0.368569 -0.046481 -0.601621
v 0.368569 -0.046493 -0.601553
v 0.368569 -0.046495 -0.601477
v 0.368569 -0.046487 -0.601265
v 0.368569 -0.046482 -0.601055
v 0.368569 -0.046479 -0.600845
v 0.368569 -0.046478 -0.600635
v 0.368569 -0.046478 -0.600425
v 0.368569 -0.046479 -0.600216
v 0.368569 -0.046480 -0.600006
v 0.368569 -0.046481 -0.599796
v 0.368569 -0.046482 -0.599587
v 0.368569 -0.046482 -0.599376
v 0.368569 -0.046480 -0.599166
v 0.368569 -0.046477 -0.598954
v 0.368569 -0.046477 -0.598854
v 0.368569 -0.046476 -0.598754
v 0.368569 -0.046473 -0.598656
v 0.368569 -0.046468 -0.598558
v 0.368569 -0.046460 -0.598462
v 0.368569 -0.046448 -0.598366
v 0.368569 -0.046431 -0.598270
v 0.368569 -0.046409 -0.598174
v 0.368569 -0.046380 -0.598079
v 0.368569 -0.046344 -0.597983
v 0.368569 -0.046300 -0.597887
v 0.368569 -0.046248 -0.597790
v 0.368569 -0.046150 -0.597638
v 0.368569 -0.046035 -0.597492
v 0.368569 -0.045903 -0.597353
v 0.368569 -0.045755 -0.597223
v 0.368569 -0.045593 -0.597103
v 0.368569 -0.045419 -0.596994
v 0.368569 -0.045232 -0.596898
v 0.368569 -0.045035 -0.596817
v 0.368569 -0.044829 -0.596751
v 0.368569 -0.044615 -0.596702
v 0.368569 -0.044393 -0.596671
v 0.368569 -0.044167 -0.596661
v 0.368569 -0.038302 -0.596661
v 0.368569 -0.032438 -0.596661
v 0.368569 -0.026574 -0.596661
v 0.368569 -0.020711 -0.596662
v 0.368569 -0.014847 -0.596662
v 0.368569 -0.008984 -0.596663
v 0.368569 -0.003121 -0.596665
v 0.368569 0.002742 -0.596666
v 0.368569 0.008603 -0.596668
v 0.368569 0.014465 -0.596671
v 0.368569 0.020326 -0.596675
v 0.382569 0.026186 -0.596679
v 0.382569 0.026283 -0.596681
v 0.382569 0.026381 -0.596687
v 0.382569 0.026478 -0.596698
v 0.382569 0.026576 -0.596712
v 0.382569 0.026672 -0.596730
v 0.382569 0.026768 -0.596751
v 0.382569 0.026862 -0.596776
v 0.382569 0.026954 -0.596804
v 0.382569 0.027044 -0.596835
v 0.382569 0.027131 -0.596869
v 0.382569 0.027216 -0.596905
v 0.382569 0.027297 -0.596943
v 0.382569 0.027455 -0.597033
v 0.382569 0.027589 -0.597133
v 0.382569 0.027700 -0.597242
v 0.382569 0.027793 -0.597358
v 0.382569 0.027869 -0.597481
v 0.382569 0.027932 -0.597609
v 0.382569 0.027984 -0.597741
v 0.382569 0.028030 -0.597875
v 0.382569 0.028071 -0.598010
v 0.382569 0.028110 -0.598145
v 0.382569 0.028151 -0.598278
v 0.382569 0.028196 -0.598407
v 0.382569 0.028226 -0.598503
v 0.382569 0.028256 -0.598597
v 0.382569 0.028287 -0.598687
v 0.382569 0.028322 -0.598775
v 0.382569 0.028361 -0.598859
v 0.382569 0.028408 -0.598939
v 0.382569 0.028463 -0.599015
v 0.382569 0.028529 -0.599087
v 0.382569 0.028608 -0.599154
v 0.382569 0.028701 -0.599216
v 0.382569 0.028810 -0.599273
v 0.382569 0.028937 -0.599325
v 0.382569 0.029021 -0.599353
v 0.382569 0.029105 -0.599383
v 0.382569 0.029189 -0.599417
v 0.382569 0.029273 -0.599453
v 0.382569 0.029355 -0.599491
v 0.382569 0.029435 -0.599532
v 0.382569 0.029513 -0.599575
v 0.382569 0.029589 -0.599620
v 0.382569 0.029661 -0.599667
v 0.382569 0.029730 -0.599716
v 0.382569 0.029794 -0.599766
v 0.382569 0.029854 -0.599819
v 0.382569 0.029923 -0.599886
v 0.382569 0.029987 -0.599956
v 0.382569 0.030048 -0.600029
v 0.382569 0.030106 -0.600103
v 0.382569 0.030162 -0.600180
v 0.382569 0.030216 -0.600257
v 0.382569 0.030268 -0.600336
v 0.382569 0.030319 -0.600416
v 0.382569 0.030370 -0.600496
v 0.382569 0.030421 -0.600576
v 0.382569 0.030472 -0.600656
v 0.382569 0.030524 -0.600736
v 0.382569 0.030609 -0.600830
v 0.382569 0.030720 -0.600918
v 0.382569 0.030852 -0.600998
v 0.382569 0.031002 -0.601069
v 0.382569 0.031164 -0.601130
v 0.382569 0.031336 -0.601179
v 0.382569 0.031511 -0.601215
v 0.382569 0.031687 -0.601238
v 0.382569 0.031859 -0.601244
v 0.382569 0.032022 -0.601235
v 0.382569 0.032172 -0.601207
v 0.382569 0.032306 -0.601159
v 0.382569 0.032494 -0.601073
v 0.382569 0.032679 -0.600984
v 0.382569 0.032864 -0.600893
v 0.382569 0.033049 -0.600803
v 0.382569 0.033236 -0.600716
v 0.382569 0.033426 -0.600632
v 0.382569 0.033620 -0.600555
v 0.382569 0.033820 -0.600486
v 0.382569 0.034027 -0.600428
v 0.382569 0.034242 -0.600381
v 0.382569 0.034468 -0.600348
v 0.382569 0.034704 -0.600330
v 0.382569 0.034885 -0.600318
v 0.382569 0.035066 -0.600298
v 0.382569 0.035247 -0.600273
v 0.382569 0.035428 -0.600243
v 0.382569 0.035609 -0.600211
v 0.382569 0.035791 -0.600176
v 0.382569 0.035973 -0.600140
v 0.382569 0.036156 -0.600105
v 0.382569 0.036339 -0.600072
v 0.382569 0.036522 -0.600042
v 0.382569 0.036706 -0.600016
v 0.382569 0.036891 -0.599995
v 0.382569 0.036985 -0.599989
v 0.382569 0.037080 -0.599990
v 0.382569 0.037177 -0.599995
v 0.382569 0.037276 -0.600004
v 0.382569 0.037375 -0.600017
v 0.382569 0.037475 -0.600033
v 0.382569 0.037576 -0.600050
v 0.382569 0.037676 -0.600068
v 0.382569 0.037777 -0.600087
v 0.382569 0.037876 -0.600105
v 0.382569 0.037975 -0.600122
v 0.382569 0.038073 -0.600136
v 0.382569 0.038245 -0.600153
v 0.382569 0.038417 -0.600170
v 0.382569 0.038589 -0.600187
v 0.382569 0.038761 -0.600203
v 0.382569 0.038933 -0.600220
v 0.382569 0.039105 -0.600238
v 0.382569 0.039276 -0.600256
v 0.382569 0.039448 -0.600275
v 0.382569 0.039620 -0.600295
v 0.382569 0.039792 -0.600317
v 0.382569 0.039964 -0.600340
v 0.382569 0.040136 -0.600366
v 0.382569 0.040264 -0.600388
v 0.382569 0.040393 -0.600413
v 0.382569 0.040522 -0.600439
v 0.382569 0.040651 -0.600466
v 0.382569 0.040780 -0.600495
v 0.382569 0.040908 -0.600526
v 0.382569 0.041035 -0.600559
v 0.382569 0.041162 -0.600594
v 0.382569 0.041287 -0.600631
v 0.382569 0.041411 -0.600670
v 0.382569 0.041533 -0.600711
v 0.382569 0.041653 -0.600754
v 0.382569 0.041798 -0.600808
v 0.382569 0.041941 -0.600864
v 0.382569 0.042083 -0.600921
v 0.382569 0.042225 -0.600981
v 0.382569 0.042365 -0.601042
v 0.382569 0.042504 -0.601104
v 0.382569 0.042643 -0.601168
v 0.382569 0.042780 -0.601232
v 0.382569 0.042918 -0.601297
v 0.382569 0.043055 -0.601362
v 0.382569 0.043192 -0.601428
v 0.382569 0.043328 -0.601494
v 0.382569 0.043553 -0.601601
v 0.382569 0.043774 -0.601710
v 0.382569 0.043994 -0.601821
v 0.382569 0.044210 -0.601936
v 0.382569 0.044422 -0.602055
v 0.382569 0.044629 -0.602178
v 0.382569 0.044832 -0.602306
v 0.382569 0.045028 -0.602440
v 0.382569 0.045218 -0.602581
v 0.382569 0.045402 -0.602728
v 0.382569 0.045577 -0.602884
v 0.382569 0.045745 -0.603047
v 0.382569 0.045875 -0.603178
v 0.382569 0.046009 -0.603307
v 0.382569 0.046146 -0.603435
v 0.382569 0.046286 -0.603561
v 0.382569 0.046429 -0.603686
v 0.382569 0.046574 -0.603810
v 0.382569 0.046720 -0.603933
v 0.382569 0.046867 -0.604056
v 0.382569 0.047015 -0.604178
v 0.382569 0.047162 -0.604300
v 0.382569 0.047309 -0.604423
v 0.382569 0.047455 -0.604546
v 0.382569 0.047518 -0.604598
v 0.382569 0.047582 -0.604646
v 0.382569 0.047649 -0.604691
v 0.382569 0.047719 -0.604732
v 0.382569 0.047791 -0.604769
v 0.382569 0.047868 -0.604802
v 0.382569 0.047948 -0.604831
v 0.382569 0.048033 -0.604855
v 0.382569 0.048123 -0.604874
v 0.382569 0.048218 -0.604888
v 0.382569 0.048318 -0.604896
v 0.382569 0.048425 -0.604899
v 0.382569 0.048809 -0.604891
v 0.382569 0.049194 -0.604886
v 0.382569 0.049579 -0.604881
v 0.382569 0.049964 -0.604879
v 0.382569 0.050350 -0.604877
v 0.382569 0.050736 -0.604877
v 0.382569 0.051122 -0.604877
v 0.382569 0.051507 -0.604878
v 0.382569 0.051893 -0.604879
v 0.382569 0.052278 -0.604880
v 0.382569 0.052662 -0.604881
v 0.382569 0.053046 -0.604881
v 0.382569 0.053088 -0.604938
v 0.382569 0.053133 -0.604993
v 0.382569 0.053179 -0.605048
v 0.382569 0.053227 -0.605101
v 0.382569 0.053273 -0.605154
v 0.382569 0.053317 -0.605206
v 0.382569 0.053358 -0.605257
v 0.382569 0.053395 -0.605309
v 0.382569 0.053426 -0.605360
v 0.382569 0.053449 -0.605412
v 0.382569 0.053464 -0.605464
v 0.382569 0.053469 -0.605516
v 0.382569 0.053477 -0.605896
v 0.382569 0.053483 -0.606277
v 0.382569 0.053487 -0.606658
v 0.382569 0.053490 -0.607041
v 0.382569 0.053491 -0.607425
v 0.382569 0.053492 -0.607810
v 0.382569 0.053491 -0.608196
v 0.382569 0.053490 -0.608585
v 0.382569 0.053489 -0.608975
v 0.382569 0.053488 -0.609366
v 0.382569 0.053487 -0.609760
v 0.382569 0.053487 -0.610156
v 0.382569 0.053474 -0.610156
v 0.382569 0.053439 -0.610156
v 0.382569 0.053385 -0.610156
v 0.382569 0.053318 -0.610156
v 0.382569 0.053242 -0.610156
v 0.382569 0.053161 -0.610156
v 0.382569 0.053080 -0.610156
v 0.382569 0.053004 -0.610156
v 0.382569 0.052937 -0.610156
v 0.382569 0.052883 -0.610156
v 0.382569 0.052847 -0.610156
v 0.382569 0.052835 -0.610156
v 0.382569 0.052801 -0.610156
v 0.382569 0.052704 -0.610156
v 0.382569 0.052550 -0.610156
v 0.382569 0.052343 -0.610156
v 0.382569 0.052091 -0.610156
v 0.382569 0.051798 -0.610156
v 0.382569 0.051471 -0.610156
v 0.382569 0.051115 -0.610156
v 0.382569 0.050736 -0.610156
v 0.382569 0.050340 -0.610156
v 0.382569 0.049932 -0.610156
v 0.382569 0.049519 -0.610156
v 0.382569 0.049463 -0.610088
v 0.382569 0.049403 -0.610024
v 0.382569 0.049338 -0.609965
v 0.382569 0.049269 -0.609912
v 0.382569 0.049195 -0.609863
v 0.382569 0.049118 -0.609821
v 0.382569 0.049037 -0.609784
v 0.382569 0.048952 -0.609753
v 0.382569 0.048864 -0.609729
v 0.382569 0.048773 -0.609712
v 0.382569 0.048680 -0.609701
v 0.382569 0.048584 -0.609697
v 0.382569 0.048488 -0.609701
v 0.382569 0.048395 -0.609712
v 0.382569 0.048304 -0.609729
v 0.382569 0.048216 -0.609753
v 0.382569 0.048132 -0.609784
v 0.382569 0.048051 -0.609821
v 0.382569 0.047973 -0.609863
v 0.382569 0.047900 -0.609912
v 0.382569 0.047830 -0.609965
v 0.382569 0.047765 -0.610024
v 0.382569 0.047705 -0.610088
v 0.382569 0.047649 -0.610156
v 0.382569 0.047593 -0.610156
v 0.382569 0.047437 -0.610156
v 0.382569 0.047200 -0.610156
v 0.382569 0.046904 -0.610156
v 0.382569 0.046568 -0.610156
v 0.382569 0.046212 -0.610156
v 0.382569 0.045856 -0.610156
v 0.382569 0.045520 -0.610156
v 0.382569 0.045224 -0.610156
v 0.382569 0.044988 -0.610156
v 0.382569 0.044831 -0.610156
v 0.382569 0.044775 -0.610156
v 0.382569 0.044719 -0.610088
v 0.382569 0.044659 -0.610024
v 0.382569 0.044594 -0.609965
v 0.382569 0.044524 -0.609912
v 0.382569 0.044451 -0.609863
v 0.382569 0.044373 -0.609821
v 0.382569 0.044292 -0.609784
v 0.382569 0.044208 -0.609753
v 0.382569 0.044120 -0.609729
v 0.382569 0.044029 -0.609712
v 0.382569 0.043936 -0.609701
v 0.382569 0.043840 -0.609697
v 0.382569 0.043748 -0.609701
v 0.382569 0.043658 -0.609712
v 0.382569 0.043570 -0.609729
v 0.382569 0.043484 -0.609753
v 0.382569 0.043400 -0.609784
v 0.382569 0.043320 -0.609821
v 0.382569 0.043242 -0.609863
v 0.382569 0.043167 -0.609912
v 0.382569 0.043096 -0.609965
v 0.382569 0.043028 -0.610024
v 0.382569 0.042965 -0.610088
v 0.382569 0.042905 -0.610156
v 0.382569 0.042849 -0.610156
v 0.382569 0.042694 -0.610156
v 0.382569 0.042459 -0.610156
v 0.382569 0.042165 -0.610156
v 0.382569 0.041830 -0.610156
v 0.382569 0.041477 -0.610156
v 0.382569 0.041123 -0.610156
v 0.382569 0.040789 -0.610156
v 0.382569 0.040495 -0.610156
v 0.382569 0.040260 -0.610156
v 0.382569 0.040104 -0.610156
v 0.382569 0.040048 -0.610156
v 0.382569 0.039993 -0.610088
v 0.382569 0.039932 -0.610024
v 0.382569 0.039867 -0.609965
v 0.382569 0.039798 -0.609912
v 0.382569 0.039724 -0.609863
v 0.382569 0.039647 -0.609821
v 0.382569 0.039566 -0.609784
v 0.382569 0.039481 -0.609753
v 0.382569 0.039393 -0.609729
v 0.382569 0.039303 -0.609712
v 0.382569 0.039209 -0.609701
v 0.382569 0.039113 -0.609697
v 0.382569 0.039017 -0.609701
v 0.382569 0.038924 -0.609712
v 0.382569 0.038833 -0.609729
v 0.382569 0.038746 -0.609753
v 0.382569 0.038661 -0.609784
v 0.382569 0.038580 -0.609821
v 0.382569 0.038502 -0.609863
v 0.382569 0.038429 -0.609912
v 0.382569 0.038359 -0.609965
v 0.382569 0.038294 -0.610024
v 0.382569 0.038234 -0.610088
v 0.382569 0.038179 -0.610156
v 0.382569 0.038146 -0.610156
v 0.382569 0.038052 -0.610156
v 0.382569 0.037903 -0.610156
v 0.382569 0.037703 -0.610156
v 0.382569 0.037459 -0.610156
v 0.382569 0.037176 -0.610156
v 0.382569 0.036859 -0.610156
v 0.382569 0.036514 -0.610156
v 0.382569 0.036147 -0.610156
v 0.382569 0.035764 -0.610156
v 0.382569 0.035369 -0.610156
v 0.382569 0.034969 -0.610156
v 0.382569 0.034779 -0.610158
v 0.382569 0.034588 -0.610161
v 0.382569 0.034397 -0.610164
v 0.382569 0.034208 -0.610164
v 0.382569 0.034022 -0.610159
v 0.382569 0.033838 -0.610145
v 0.382569 0.033658 -0.610120
v 0.382569 0.033483 -0.610083
v 0.382569 0.033315 -0.610029
v 0.382569 0.033152 -0.609958
v 0.382569 0.032998 -0.609866
v 0.382569 0.032852 -0.609750
v 0.382569 0.032848 -0.609746
v 0.382569 0.032844 -0.609743
v 0.382569 0.032839 -0.609740
v 0.382569 0.032835 -0.609738
v 0.382569 0.032830 -0.609736
v 0.382569 0.032826 -0.609735
v 0.382569 0.032821 -0.609734
v 0.382569 0.032817 -0.609733
v 0.382569 0.032813 -0.609733
v 0.382569 0.032808 -0.609733
v 0.382569 0.032804 -0.609733
v 0.382569 0.032799 -0.609733
v 0.382569 0.032592 -0.609644
v 0.382569 0.032384 -0.609556
v 0.382569 0.032175 -0.609468
v 0.382569 0.031966 -0.609380
v 0.382569 0.031757 -0.609291
v 0.382569 0.031547 -0.609203
v 0.382569 0.031338 -0.609115
v 0.382569 0.031129 -0.609027
v 0.382569 0.030919 -0.608939
v 0.382569 0.030711 -0.608850
v 0.382569 0.030503 -0.608762
v 0.382569 0.030295 -0.608674
v 0.382569 0.030084 -0.608581
v 0.382569 0.029873 -0.608488
v 0.382569 0.029663 -0.608393
v 0.382569 0.029453 -0.608299
v 0.382569 0.029244 -0.608204
v 0.382569 0.029034 -0.608110
v 0.382569 0.028825 -0.608015
v 0.382569 0.028615 -0.607920
v 0.382569 0.028405 -0.607826
v 0.382569 0.028195 -0.607732
v 0.382569 0.027984 -0.607638
v 0.382569 0.027773 -0.607545
v 0.382569 0.027473 -0.607414
v 0.382569 0.027172 -0.607283
v 0.382569 0.026871 -0.607154
v 0.382569 0.026569 -0.607026
v 0.382569 0.026267 -0.606898
v 0.382569 0.025965 -0.606771
v 0.382569 0.025663 -0.606645
v 0.382569 0.025361 -0.606518
v 0.382569 0.025060 -0.606392
v 0.382569 0.024759 -0.606265
v 0.382569 0.024458 -0.606138
v 0.382569 0.024158 -0.606010
v 0.382569 0.023936 -0.605919
v 0.382569 0.023712 -0.605829
v 0.382569 0.023486 -0.605740
v 0.382569 0.023259 -0.605652
v 0.382569 0.023033 -0.605563
v 0.382569 0.022806 -0.605475
v 0.382569 0.022581 -0.605385
v 0.382569 0.022357 -0.605293
v 0.382569 0.022136 -0.605199
v 0.382569 0.021918 -0.605103
v 0.382569 0.021704 -0.605003
v 0.382569 0.021494 -0.604899
v 0.382569 0.021201 -0.604752
v 0.382569 0.020904 -0.604618
v 0.382569 0.020602 -0.604498
v 0.382569 0.020295 -0.604391
v 0.382569 0.019984 -0.604297
v 0.382569 0.019669 -0.604216
v 0.382569 0.019349 -0.604147
v 0.382569 0.019025 -0.604090
v 0.382569 0.018697 -0.604046
v 0.382569 0.018364 -0.604013
v 0.382569 0.018027 -0.603992
v 0.382569 0.017685 -0.603982
v 0.382569 0.017279 -0.603978
v 0.382569 0.016872 -0.603976
v 0.382569 0.016465 -0.603974
v 0.382569 0.016058 -0.603974
v 0.382569 0.015650 -0.603974
v 0.382569 0.015242 -0.603975
v 0.382569 0.014834 -0.603976
v 0.382569 0.014427 -0.603978
v 0.382569 0.014019 -0.603979
v 0.382569 0.013612 -0.603981
v 0.382569 0.013206 -0.603981
v 0.382569 0.012800 -0.603982
v 0.382569 0.010405 -0.603982
v 0.382569 0.008011 -0.603982
v 0.382569 0.005617 -0.603982
v 0.382569 0.003223 -0.603982
v 0.382569 0.000829 -0.603982
v 0.382569 -0.001565 -0.603982
v 0.382569 -0.003960 -0.603982
v 0.382569 -0.006354 -0.603982
v 0.382569 -0.008748 -0.603982
v 0.382569 -0.011142 -0.603982
v 0.382569 -0.013536 -0.603982
v 0.382569 -0.015930 -0.603982
v 0.382569 -0.016029 -0.603983
v 0.382569 -0.016129 -0.603986
v 0.382569 -0.016231 -0.603993
v 0.382569 -0.016333 -0.604001
v 0.382569 -0.016434 -0.604013
v 0.382569 -0.016534 -0.604028
v 0.382569 -0.016632 -0.604046
v 0.382569 -0.016727 -0.604068
v 0.382569 -0.016818 -0.604093
v 0.382569 -0.016904 -0.604123
v 0.382569 -0.016985 -0.604156
v 0.382569 -0.017059 -0.604193
v 0.382569 -0.017244 -0.604303
v 0.382569 -0.017413 -0.604421
v 0.382569 -0.017565 -0.604546
v 0.382569 -0.017701 -0.604678
v 0.382569 -0.017823 -0.604817
v 0.382569 -0.017930 -0.604963
v 0.382569 -0.018024 -0.605115
v 0.382569 -0.018104 -0.605273
v 0.382569 -0.018173 -0.605436
v 0.382569 -0.018230 -0.605605
v 0.382569 -0.018276 -0.605779
v 0.382569 -0.018311 -0.605958
v 0.382569 -0.018341 -0.606174
v 0.382569 -0.018361 -0.606391
v 0.382569 -0.018375 -0.606609
v 0.382569 -0.018383 -0.606826
v 0.382569 -0.018389 -0.607045
v 0.382569 -0.018395 -0.607263
v 0.382569 -0.018403 -0.607481
v 0.382569 -0.018416 -0.607699
v 0.382569 -0.018435 -0.607917
v 0.382569 -0.018464 -0.608135
v 0.382569 -0.018504 -0.608352
v 0.382569 -0.018558 -0.608568
v 0.382569 -0.018593 -0.608709
v 0.382569 -0.018629 -0.608848
v 0.382569 -0.018665 -0.608985
v 0.382569 -0.018704 -0.609121
v 0.382569 -0.018746 -0.609255
v 0.382569 -0.018792 -0.609389
v 0.382569 -0.018843 -0.609520
v 0.382569 -0.018901 -0.609650
v 0.382569 -0.018965 -0.609779
v 0.382569 -0.019038 -0.609906
v 0.382569 -0.019119 -0.610032
v 0.382569 -0.019211 -0.610156
v 0.382569 -0.019290 -0.610156
v 0.382569 -0.019509 -0.610156
v 0.382569 -0.019839 -0.610156
v 0.382569 -0.020253 -0.610156
v 0.382569 -0.020723 -0.610156
v 0.382569 -0.021221 -0.610156
v 0.382569 -0.021719 -0.610156
v 0.382569 -0.022189 -0.610156
v 0.382569 -0.022604 -0.610156
v 0.382569 -0.022934 -0.610156
v 0.382569 -0.023153 -0.610156
v 0.382569 -0.023232 -0.610156
v 0.382569 -0.023287 -0.610088
v 0.382569 -0.023348 -0.610024
v 0.382569 -0.023413 -0.609965
v 0.382569 -0.023482 -0.609912
v 0.382569 -0.023556 -0.609863
v 0.382569 -0.023633 -0.609821
v 0.382569 -0.023714 -0.609784
v 0.382569 -0.023799 -0.609753
v 0.382569 -0.023887 -0.609729
v 0.382569 -0.023977 -0.609712
v 0.382569 -0.024071 -0.609701
v 0.382569 -0.024167 -0.609697
v 0.382569 -0.024258 -0.609701
v 0.382569 -0.024349 -0.609712
v 0.382569 -0.024437 -0.609729
v 0.382569 -0.024523 -0.609753
v 0.382569 -0.024606 -0.609784
v 0.382569 -0.024687 -0.609821
v 0.382569 -0.024765 -0.609863
v 0.382569 -0.024839 -0.609912
v 0.382569 -0.024911 -0.609965
v 0.382569 -0.024978 -0.610024
v 0.382569 -0.025042 -0.610088
v 0.382569 -0.025101 -0.610156
v 0.382569 -0.025158 -0.610156
v 0.382569 -0.025313 -0.610156
v 0.382569 -0.025548 -0.610156
v 0.382569 -0.025842 -0.610156
v 0.382569 -0.026176 -0.610156
v 0.382569 -0.026530 -0.610156
v 0.382569 -0.026884 -0.610156
v 0.382569 -0.027218 -0.610156
v 0.382569 -0.027512 -0.610156
v 0.382569 -0.027747 -0.610156
v 0.382569 -0.027902 -0.610156
v 0.382569 -0.027959 -0.610156
v 0.382569 -0.028014 -0.610088
v 0.382569 -0.028074 -0.610024
v 0.382569 -0.028139 -0.609965
v 0.382569 -0.028209 -0.609912
v 0.382569 -0.028282 -0.609863
v 0.382569 -0.028360 -0.609821
v 0.382569 -0.028441 -0.609784
v 0.382569 -0.028526 -0.609753
v 0.382569 -0.028613 -0.609729
v 0.382569 -0.028704 -0.609712
v 0.382569 -0.028797 -0.609701
v 0.382569 -0.028893 -0.609697
v 0.382569 -0.028989 -0.609701
v 0.382569 -0.029083 -0.609712
v 0.382569 -0.029173 -0.609729
v 0.382569 -0.029261 -0.609753
v 0.382569 -0.029346 -0.609784
v 0.382569 -0.029427 -0.609821
v 0.382569 -0.029504 -0.609863
v 0.382569 -0.029578 -0.609912
v 0.382569 -0.029647 -0.609965
v 0.382569 -0.029712 -0.610024
v 0.382569 -0.029773 -0.610088
v 0.382569 -0.029828 -0.610156
v 0.382569 -0.029884 -0.610156
v 0.382569 -0.030040 -0.610156
v 0.382569 -0.030274 -0.610156
v 0.382569 -0.030569 -0.610156
v 0.382569 -0.030903 -0.610156
v 0.382569 -0.031257 -0.610156
v 0.382569 -0.031610 -0.610156
v 0.382569 -0.031944 -0.610156
v 0.382569 -0.032239 -0.610156
v 0.382569 -0.032474 -0.610156
v 0.382569 -0.032629 -0.610156
v 0.382569 -0.032685 -0.610156
v 0.382569 -0.032745 -0.610088
v 0.382569 -0.032808 -0.610024
v 0.382569 -0.032876 -0.609965
v 0.382569 -0.032947 -0.609912
v 0.382569 -0.033022 -0.609863
v 0.382569 -0.033100 -0.609821
v 0.382569 -0.033180 -0.609784
v 0.382569 -0.033264 -0.609753
v 0.382569 -0.033350 -0.609729
v 0.382569 -0.033438 -0.609712
v 0.382569 -0.033528 -0.609701
v 0.382569 -0.033620 -0.609697
v 0.382569 -0.033716 -0.609701
v 0.382569 -0.033809 -0.609712
v 0.382569 -0.033900 -0.609729
v 0.382569 -0.033988 -0.609753
v 0.382569 -0.034072 -0.609784
v 0.382569 -0.034153 -0.609821
v 0.382569 -0.034231 -0.609863
v 0.382569 -0.034304 -0.609912
v 0.382569 -0.034374 -0.609965
v 0.382569 -0.034439 -0.610024
v 0.382569 -0.034499 -0.610088
v 0.382569 -0.034555 -0.610156
v 0.382569 -0.034586 -0.610156
v 0.382569 -0.034675 -0.610156
v 0.382569 -0.034818 -0.610156
v 0.382569 -0.035009 -0.610156
v 0.382569 -0.035243 -0.610156
v 0.382569 -0.035514 -0.610156
v 0.382569 -0.035816 -0.610156
v 0.382569 -0.036146 -0.610156
v 0.382569 -0.036497 -0.610156
v 0.382569 -0.036863 -0.610156
v 0.382569 -0.037241 -0.610156
v 0.382569 -0.037623 -0.610156
v 0.382569 -0.037665 -0.610154
v 0.382569 -0.037709 -0.610148
v 0.382569 -0.037755 -0.610138
v 0.382569 -0.037802 -0.610125
v 0.382569 -0.037849 -0.610108
v 0.382569 -0.037895 -0.610090
v 0.382569 -0.037939 -0.610069
v 0.382569 -0.037980 -0.610046
v 0.382569 -0.038018 -0.610022
v 0.382569 -0.038051 -0.609997
v 0.382569 -0.038078 -0.609971
v 0.382569 -0.038100 -0.609944
v 0.382569 -0.038129 -0.609899
v 0.382569 -0.038156 -0.609852
v 0.382569 -0.038180 -0.609803
v 0.382569 -0.038202 -0.609753
v 0.382569 -0.038222 -0.609703
v 0.382569 -0.038241 -0.609651
v 0.382569 -0.038258 -0.609599
v 0.382569 -0.038273 -0.609547
v 0.382569 -0.038288 -0.609495
v 0.382569 -0.038302 -0.609444
v 0.382569 -0.038316 -0.609394
v 0.382569 -0.038329 -0.609344
v 0.382569 -0.038349 -0.609230
v 0.382569 -0.038366 -0.609115
v 0.382569 -0.038382 -0.609001
v 0.382569 -0.038397 -0.608887
v 0.382569 -0.038415 -0.608774
v 0.382569 -0.038435 -0.608661
v 0.382569 -0.038459 -0.608549
v 0.382569 -0.038490 -0.608438
v 0.382569 -0.038527 -0.608327
v 0.382569 -0.038574 -0.608218
v 0.382569 -0.038631 -0.608110
v 0.382569 -0.038699 -0.608004
v 0.382569 -0.038766 -0.607905
v 0.382569 -0.038824 -0.607804
v 0.382569 -0.038876 -0.607701
v 0.382569 -0.038923 -0.607596
v 0.382569 -0.038966 -0.607490
v 0.382569 -0.039006 -0.607382
v 0.382569 -0.039043 -0.607274
v 0.382569 -0.039081 -0.607165
v 0.382569 -0.039118 -0.607056
v 0.382569 -0.039158 -0.606948
v 0.382569 -0.039200 -0.606840
v 0.382569 -0.039246 -0.606734
v 0.382569 -0.039277 -0.606663
v 0.382569 -0.039311 -0.606593
v 0.382569 -0.039345 -0.606523
v 0.382569 -0.039381 -0.606453
v 0.382569 -0.039419 -0.606383
v 0.382569 -0.039458 -0.606315
v 0.382569 -0.039498 -0.606247
v 0.382569 -0.039540 -0.606180
v 0.382569 -0.039583 -0.606113
v 0.382569 -0.039628 -0.606048
v 0.382569 -0.039674 -0.605985
v 0.382569 -0.039722 -0.605922
v 0.382569 -0.039802 -0.605821
v 0.382569 -0.039881 -0.605721
v 0.382569 -0.039961 -0.605622
v 0.382569 -0.040042 -0.605523
v 0.382569 -0.040124 -0.605425
v 0.382569 -0.040207 -0.605329
v 0.382569 -0.040292 -0.605234
v 0.382569 -0.040378 -0.605139
v 0.382569 -0.040466 -0.605047
v 0.382569 -0.040557 -0.604955
v 0.382569 -0.040649 -0.604865
v 0.382569 -0.040745 -0.604776
v 0.382569 -0.040900 -0.604635
v 0.382569 -0.041055 -0.604494
v 0.382569 -0.041212 -0.604353
v 0.382569 -0.041370 -0.604214
v 0.382569 -0.041530 -0.604075
v 0.382569 -0.041691 -0.603938
v 0.382569 -0.041854 -0.603802
v 0.382569 -0.042019 -0.603667
v 0.382569 -0.042186 -0.603535
v 0.382569 -0.042356 -0.603405
v 0.382569 -0.042528 -0.603278
v 0.382569 -0.042703 -0.603153
v 0.382569 -0.042808 -0.603085
v 0.382569 -0.042919 -0.603021
v 0.382569 -0.043035 -0.602961
v 0.382569 -0.043156 -0.602904
v 0.382569 -0.043280 -0.602849
v 0.382569 -0.043406 -0.602795
v 0.382569 -0.043533 -0.602743
v 0.382569 -0.043660 -0.602690
v 0.382569 -0.043787 -0.602637
v 0.382569 -0.043911 -0.602582
v 0.382569 -0.044032 -0.602525
v 0.382569 -0.044149 -0.602465
v 0.382569 -0.044286 -0.602387
v 0.382569 -0.044424 -0.602314
v 0.382569 -0.044564 -0.602245
v 0.382569 -0.044707 -0.602182
v 0.382569 -0.044852 -0.602124
v 0.382569 -0.045000 -0.602072
v 0.382569 -0.045152 -0.602027
v 0.382569 -0.045308 -0.601989
v 0.382569 -0.045468 -0.601959
v 0.382569 -0.045634 -0.601936
v 0.382569 -0.045806 -0.601923
v 0.382569 -0.045983 -0.601918
v 0.382569 -0.046049 -0.601919
v 0.382569 -0.046114 -0.601913
v 0.382569 -0.046177 -0.601901
v 0.382569 -0.046237 -0.601882
v 0.382569 -0.046293 -0.601856
v 0.382569 -0.046345 -0.601823
v 0.382569 -0.046390 -0.601783
v 0.382569 -0.046429 -0.601736
v 0.382569 -0.046459 -0.601682
v 0.382569 -0.046481 -0.601621
v 0.382569 -0.046493 -0.601553
v 0.382569 -0.046495 -0.601477
v 0.382569 -0.046487 -0.601265
v 0.382569 -0.046482 -0.601055
v 0.382569 -0.046479 -0.600845
v 0.382569 -0.046478 -0.600635
v 0.382569 -0.046478 -0.600425
v 0.382569 -0.046479 -0.600216
v 0.382569 -0.046480 -0.600006
v 0.382569 -0.046481 -0.599796
v 0.382569 -0.046482 -0.599587
v 0.382569 -0.046482 -0.599376
v 0.382569 -0.046480 -0.599166
v 0.382569 -0.046477 -0.598954
v 0.382569 -0.046477 -0.598854
v 0.382569 -0.046476 -0.598754
v 0.382569 -0.046473 -0.598656
v 0.382569 -0.046468 -0.598558
v 0.382569 -0.046460 -0.598462
v 0.382569 -0.046448 -0.598366
v 0.382569 -0.046431 -0.598270
v 0.382569 -0.046409 -0.598174
v 0.382569 -0.046380 -0.598079
v 0.382569 -0.046344 -0.597983
v 0.382569 -0.046300 -0.597887
v 0.382569 -0.046248 -0.597790
v 0.382569 -0.046150 -0.597638
v 0.382569 -0.046035 -0.597492
v 0.382569 -0.045903 -0.597353
v 0.382569 -0.045755 -0.597223
v 0.382569 -0.045593 -0.597103
v 0.382569 -0.045419 -0.596994
v 0.382569 -0.045232 -0.596898
v 0.382569 -0.045035 -0.596817
v 0.382569 -0.044829 -0.596751
v 0.382569 -0.044615 -0.596702
v 0.382569 -0.044393 -0.596671
v 0.382569 -0.044167 -0.596661
v 0.382569 -0.038302 -0.596661
v 0.382569 -0.032438 -0.596661
v 0.382569 -0.026574 -0.596661
v 0.382569 -0.020711 -0.596662
v 0.382569 -0.014847 -0.596662
v 0.382569 -0.008984 -0.596663
v 0.382569 -0.003121 -0.596665
v 0.382569 0.002742 -0.596666
v 0.382569 0.008603 -0.596668
v 0.382569 0.014465 -0.596671
v 0.382569 0.020326 -0.596675
v 0.405544 0.026186 -0.596679
v 0.405541 0.026283 -0.596681
v 0.405535 0.026381 -0.596687
v 0.405525 0.026478 -0.596698
v 0.405510 0.026576 -0.596712
v 0.405492 0.026672 -0.596730
v 0.405471 0.026768 -0.596751
v 0.405446 0.026862 -0.596776
v 0.405418 0.026954 -0.596804
v 0.405387 0.027044 -0.596835
v 0.405354 0.027131 -0.596869
v 0.405318 0.027216 -0.596905
v 0.405279 0.027297 -0.596943
v 0.405189 0.027455 -0.597033
v 0.405090 0.027589 -0.597133
v 0.404981 0.027700 -0.597242
v 0.404864 0.027793 -0.597358
v 0.404741 0.027869 -0.597481
v 0.404613 0.027932 -0.597609
v 0.404481 0.027984 -0.597741
v 0.404347 0.028030 -0.597875
v 0.404212 0.028071 -0.598010
v 0.404078 0.028110 -0.598145
v 0.403945 0.028151 -0.598278
v 0.403815 0.028196 -0.598407
v 0.403719 0.028226 -0.598503
v 0.403626 0.028256 -0.598597
v 0.403535 0.028287 -0.598687
v 0.403448 0.028322 -0.598775
v 0.403364 0.028361 -0.598859
v 0.403283 0.028408 -0.598939
v 0.403207 0.028463 -0.599015
v 0.403135 0.028529 -0.599087
v 0.403068 0.028608 -0.599154
v 0.403006 0.028701 -0.599216
v 0.402949 0.028810 -0.599273
v 0.402898 0.028937 -0.599325
v 0.402870 0.029021 -0.599353
v 0.402839 0.029105 -0.599383
v 0.402805 0.029189 -0.599417
v 0.402769 0.029273 -0.599453
v 0.402731 0.029355 -0.599491
v 0.402690 0.029435 -0.599532
v 0.402647 0.029513 -0.599575
v 0.402602 0.029589 -0.599620
v 0.402555 0.029661 -0.599667
v 0.402506 0.029730 -0.599716
v 0.402456 0.029794 -0.599766
v 0.402404 0.029854 -0.599819
v 0.402336 0.029923 -0.599886
v 0.402266 0.029987 -0.599956
v 0.402193 0.030048 -0.600029
v 0.402119 0.030106 -0.600103
v 0.402042 0.030162 -0.600180
v 0.401965 0.030216 -0.600257
v 0.401886 0.030268 -0.600336
v 0.401806 0.030319 -0.600416
v 0.401726 0.030370 -0.600496
v 0.401646 0.030421 -0.600576
v 0.401566 0.030472 -0.600656
v 0.401486 0.030524 -0.600736
v 0.401392 0.030609 -0.600830
v 0.401304 0.030720 -0.600918
v 0.401224 0.030852 -0.600998
v 0.401153 0.031002 -0.601069
v 0.401092 0.031164 -0.601130
v 0.401043 0.031336 -0.601179
v 0.401007 0.031511 -0.601215
v 0.400984 0.031687 -0.601238
v 0.400978 0.031859 -0.601244
v 0.400988 0.032022 -0.601235
v 0.401016 0.032172 -0.601207
v 0.401063 0.032306 -0.601159
v 0.401149 0.032494 -0.601073
v 0.401238 0.032679 -0.600984
v 0.401329 0.032864 -0.600893
v 0.401419 0.033049 -0.600803
v 0.401507 0.033236 -0.600716
v 0.401590 0.033426 -0.600632
v 0.401667 0.033620 -0.600555
v 0.401736 0.033820 -0.600486
v 0.401795 0.034027 -0.600428
v 0.401842 0.034242 -0.600381
v 0.401875 0.034468 -0.600348
v 0.401892 0.034704 -0.600330
v 0.401905 0.034885 -0.600318
v 0.401924 0.035066 -0.600298
v 0.401949 0.035247 -0.600273
v 0.401979 0.035428 -0.600243
v 0.402012 0.035609 -0.600211
v 0.402046 0.035791 -0.600176
v 0.402082 0.035973 -0.600140
v 0.402117 0.036156 -0.600105
v 0.402150 0.036339 -0.600072
v 0.402180 0.036522 -0.600042
v 0.402206 0.036706 -0.600016
v 0.402227 0.036891 -0.599995
v 0.402233 0.036985 -0.599989
v 0.402233 0.037080 -0.599990
v 0.402227 0.037177 -0.599995
v 0.402218 0.037276 -0.600004
v 0.402205 0.037375 -0.600017
v 0.402190 0.037475 -0.600033
v 0.402172 0.037576 -0.600050
v 0.402154 0.037676 -0.600068
v 0.402135 0.037777 -0.600087
v 0.402117 0.037876 -0.600105
v 0.402101 0.037975 -0.600122
v 0.402086 0.038073 -0.600136
v 0.402069 0.038245 -0.600153
v 0.402052 0.038417 -0.600170
v 0.402035 0.038589 -0.600187
v 0.402019 0.038761 -0.600203
v 0.402002 0.038933 -0.600220
v 0.401985 0.039105 -0.600238
v 0.401967 0.039276 -0.600256
v 0.401948 0.039448 -0.600275
v 0.401927 0.039620 -0.600295
v 0.401906 0.039792 -0.600317
v 0.401882 0.039964 -0.600340
v 0.401857 0.040136 -0.600366
v 0.401834 0.040264 -0.600388
v 0.401810 0.040393 -0.600413
v 0.401784 0.040522 -0.600439
v 0.401756 0.040651 -0.600466
v 0.401727 0.040780 -0.600495
v 0.401696 0.040908 -0.600526
v 0.401663 0.041035 -0.600559
v 0.401628 0.041162 -0.600594
v 0.401591 0.041287 -0.600631
v 0.401553 0.041411 -0.600670
v 0.401512 0.041533 -0.600711
v 0.401469 0.041653 -0.600754
v 0.401415 0.041798 -0.600808
v 0.401359 0.041941 -0.600864
v 0.401301 0.042083 -0.600921
v 0.401241 0.042225 -0.600981
v 0.401180 0.042365 -0.601042
v 0.401118 0.042504 -0.601104
v 0.401055 0.042643 -0.601168
v 0.400990 0.042780 -0.601232
v 0.400925 0.042918 -0.601297
v 0.400860 0.043055 -0.601362
v 0.400794 0.043192 -0.601428
v 0.400728 0.043328 -0.601494
v 0.400621 0.043553 -0.601601
v 0.400512 0.043774 -0.601710
v 0.400401 0.043994 -0.601821
v 0.400286 0.044210 -0.601936
v 0.400167 0.044422 -0.602055
v 0.400044 0.044629 -0.602178
v 0.399916 0.044832 -0.602306
v 0.399782 0.045028 -0.602440
v 0.399641 0.045218 -0.602581
v 0.399494 0.045402 -0.602728
v 0.399339 0.045577 -0.602884
v 0.399175 0.045745 -0.603047
v 0.399044 0.045875 -0.603178
v 0.398915 0.046009 -0.603307
v 0.398787 0.046146 -0.603435
v 0.398661 0.046286 -0.603561
v 0.398536 0.046429 -0.603686
v 0.398412 0.046574 -0.603810
v 0.398289 0.046720 -0.603933
v 0.398167 0.046867 -0.604056
v 0.398044 0.047015 -0.604178
v 0.397922 0.047162 -0.604300
v 0.397799 0.047309 -0.604423
v 0.397676 0.047455 -0.604546
v 0.397625 0.047518 -0.604598
v 0.397576 0.047582 -0.604646
v 0.397532 0.047649 -0.604691
v 0.397490 0.047719 -0.604732
v 0.397453 0.047791 -0.604769
v 0.397420 0.047868 -0.604802
v 0.397392 0.047948 -0.604831
v 0.397368 0.048033 -0.604855
v 0.397349 0.048123 -0.604874
v 0.397335 0.048218 -0.604888
v 0.397326 0.048318 -0.604896
v 0.397323 0.048425 -0.604899
v 0.397331 0.048809 -0.604891
v 0.397337 0.049194 -0.604885
v 0.397341 0.049579 -0.604881
v 0.397343 0.049964 -0.604879
v 0.397345 0.050350 -0.604877
v 0.397345 0.050736 -0.604877
v 0.397345 0.051122 -0.604877
v 0.397344 0.051507 -0.604878
v 0.397343 0.051893 -0.604879
v 0.397342 0.052278 -0.604880
v 0.397341 0.052662 -0.604881
v 0.397341 0.053046 -0.604881
v 0.397284 0.053088 -0.604938
v 0.397229 0.053133 -0.604993
v 0.397175 0.053179 -0.605048
v 0.397121 0.053227 -0.605101
v 0.397069 0.053273 -0.605154
v 0.397017 0.053317 -0.605206
v 0.396965 0.053358 -0.605257
v 0.396914 0.053395 -0.605309
v 0.396862 0.053426 -0.605360
v 0.396810 0.053449 -0.605412
v 0.396758 0.053464 -0.605464
v 0.396706 0.053469 -0.605516
v 0.396326 0.053477 -0.605896
v 0.395946 0.053483 -0.606277
v 0.395564 0.053487 -0.606658
v 0.395182 0.053490 -0.607041
v 0.394798 0.053491 -0.607424
v 0.394413 0.053492 -0.607810
v 0.394026 0.053491 -0.608196
v 0.393638 0.053490 -0.608585
v 0.393248 0.053489 -0.608975
v 0.392856 0.053488 -0.609366
v 0.392462 0.053487 -0.609760
v 0.392066 0.053487 -0.610156
v 0.392066 0.053474 -0.610156
v 0.392066 0.053439 -0.610156
v 0.392066 0.053385 -0.610156
v 0.392066 0.053318 -0.610156
v 0.392066 0.053242 -0.610156
v 0.392066 0.053161 -0.610156
v 0.392066 0.053080 -0.610156
v 0.392066 0.053004 -0.610156
v 0.392066 0.052937 -0.610156
v 0.392066 0.052883 -0.610156
v 0.392066 0.052847 -0.610156
v 0.392066 0.052835 -0.610156
v 0.392066 0.052801 -0.610156
v 0.392066 0.052704 -0.610156
v 0.392066 0.052550 -0.610156
v 0.392066 0.052343 -0.610156
v 0.392066 0.052091 -0.610156
v 0.392066 0.051798 -0.610156
v 0.392066 0.051471 -0.610156
v 0.392066 0.051115 -0.610156
v 0.392066 0.050736 -0.610156
v 0.392066 0.050340 -0.610156
v 0.392066 0.049932 -0.610156
v 0.392066 0.049519 -0.610156
v 0.392135 0.049463 -0.610088
v 0.392198 0.049403 -0.610024
v 0.392257 0.049338 -0.609965
v 0.392311 0.049269 -0.609912
v 0.392359 0.049195 -0.609863
v 0.392402 0.049118 -0.609821
v 0.392438 0.049037 -0.609784
v 0.392469 0.048952 -0.609753
v 0.392493 0.048864 -0.609729
v 0.392511 0.048773 -0.609712
v 0.392521 0.048680 -0.609701
v 0.392525 0.048584 -0.609697
v 0.392521 0.048488 -0.609701
v 0.392511 0.048395 -0.609712
v 0.392493 0.048304 -0.609729
v 0.392469 0.048216 -0.609753
v 0.392438 0.048132 -0.609784
v 0.392402 0.048051 -0.609821
v 0.392359 0.047973 -0.609863
v 0.392311 0.047900 -0.609912
v 0.392257 0.047830 -0.609965
v 0.392198 0.047765 -0.610024
v 0.392135 0.047705 -0.610088
v 0.392066 0.047649 -0.610156
v 0.392066 0.047593 -0.610156
v 0.392066 0.047437 -0.610156
v 0.392066 0.047200 -0.610156
v 0.392066 0.046904 -0.610156
v 0.392066 0.046568 -0.610156
v 0.392066 0.046212 -0.610156
v 0.392066 0.045856 -0.610156
v 0.392066 0.045520 -0.610156
v 0.392066 0.045224 -0.610156
v 0.392066 0.044988 -0.610156
v 0.392066 0.044831 -0.610156
v 0.392066 0.044775 -0.610156
v 0.392135 0.044719 -0.610088
v 0.392198 0.044659 -0.610024
v 0.392257 0.044594 -0.609965
v 0.392311 0.044524 -0.609912
v 0.392359 0.044451 -0.609863
v 0.392402 0.044373 -0.609821
v 0.392438 0.044292 -0.609784
v 0.392469 0.044208 -0.609753
v 0.392493 0.044120 -0.609729
v 0.392511 0.044029 -0.609712
v 0.392521 0.043936 -0.609701
v 0.392525 0.043840 -0.609697
v 0.392521 0.043748 -0.609701
v 0.392511 0.043658 -0.609712
v 0.392493 0.043570 -0.609729
v 0.392469 0.043484 -0.609753
v 0.392438 0.043400 -0.609784
v 0.392402 0.043320 -0.609821
v 0.392359 0.043242 -0.609863
v 0.392311 0.043167 -0.609912
v 0.392257 0.043096 -0.609965
v 0.392198 0.043028 -0.610024
v 0.392135 0.042965 -0.610088
v 0.392066 0.042905 -0.610156
v 0.392066 0.042849 -0.610156
v 0.392066 0.042694 -0.610156
v 0.392066 0.042459 -0.610156
v 0.392066 0.042165 -0.610156
v 0.392066 0.041830 -0.610156
v 0.392066 0.041477 -0.610156
v 0.392066 0.041123 -0.610156
v 0.392066 0.040789 -0.610156
v 0.392066 0.040495 -0.610156
v 0.392066 0.040260 -0.610156
v 0.392066 0.040104 -0.610156
v 0.392066 0.040048 -0.610156
v 0.392135 0.039993 -0.610088
v 0.392198 0.039932 -0.610024
v 0.392257 0.039867 -0.609965
v 0.392311 0.039798 -0.609912
v 0.392359 0.039724 -0.609863
v 0.392402 0.039647 -0.609821
v 0.392438 0.039566 -0.609784
v 0.392469 0.039481 -0.609753
v 0.392493 0.039393 -0.609729
v 0.392511 0.039303 -0.609712
v 0.392521 0.039209 -0.609701
v 0.392525 0.039113 -0.609697
v 0.392521 0.039017 -0.609701
v 0.392511 0.038924 -0.609712
v 0.392493 0.038833 -0.609729
v 0.392469 0.038746 -0.609753
v 0.392438 0.038661 -0.609784
v 0.392402 0.038580 -0.609821
v 0.392359 0.038502 -0.609863
v 0.392311 0.038429 -0.609912
v 0.392257 0.038359 -0.609965
v 0.392198 0.038294 -0.610024
v 0.392135 0.038234 -0.610088
v 0.392066 0.038179 -0.610156
v 0.392066 0.038146 -0.610156
v 0.392066 0.038052 -0.610156
v 0.392066 0.037903 -0.610156
v 0.392066 0.037703 -0.610156
v 0.392066 0.037459 -0.610156
v 0.392066 0.037176 -0.610156
v 0.392066 0.036859 -0.610156
v 0.392066 0.036514 -0.610156
v 0.392066 0.036147 -0.610156
v 0.392066 0.035764 -0.610156
v 0.392066 0.035369 -0.610156
v 0.392066 0.034969 -0.610156
v 0.392065 0.034779 -0.610158
v 0.392061 0.034588 -0.610161
v 0.392058 0.034397 -0.610164
v 0.392058 0.034208 -0.610164
v 0.392064 0.034022 -0.610159
v 0.392077 0.033838 -0.610145
v 0.392102 0.033658 -0.610120
v 0.392140 0.033483 -0.610083
v 0.392193 0.033315 -0.610029
v 0.392264 0.033152 -0.609958
v 0.392357 0.032998 -0.609866
v 0.392472 0.032852 -0.609750
v 0.392476 0.032848 -0.609746
v 0.392480 0.032844 -0.609743
v 0.392482 0.032839 -0.609740
v 0.392485 0.032835 -0.609738
v 0.392486 0.032830 -0.609736
v 0.392488 0.032826 -0.609735
v 0.392488 0.032821 -0.609734
v 0.392489 0.032817 -0.609733
v 0.392489 0.032813 -0.609733
v 0.392490 0.032808 -0.609733
v 0.392490 0.032804 -0.609733
v 0.392490 0.032799 -0.609733
v 0.392578 0.032592 -0.609644
v 0.392666 0.032384 -0.609556
v 0.392754 0.032175 -0.609468
v 0.392843 0.031966 -0.609380
v 0.392931 0.031757 -0.609291
v 0.393019 0.031547 -0.609203
v 0.393107 0.031338 -0.609115
v 0.393195 0.031129 -0.609027
v 0.393284 0.030919 -0.608939
v 0.393372 0.030711 -0.608850
v 0.393460 0.030503 -0.608762
v 0.393548 0.030295 -0.608674
v 0.393641 0.030084 -0.608581
v 0.393735 0.029873 -0.608488
v 0.393829 0.029663 -0.608393
v 0.393923 0.029453 -0.608299
v 0.394018 0.029244 -0.608204
v 0.394113 0.029034 -0.608110
v 0.394207 0.028825 -0.608015
v 0.394302 0.028615 -0.607920
v 0.394397 0.028405 -0.607826
v 0.394491 0.028195 -0.607732
v 0.394584 0.027984 -0.607638
v 0.394677 0.027773 -0.607545
v 0.394809 0.027473 -0.607413
v 0.394939 0.027172 -0.607283
v 0.395068 0.026871 -0.607154
v 0.395197 0.026569 -0.607026
v 0.395324 0.026267 -0.606898
v 0.395451 0.025965 -0.606771
v 0.395578 0.025663 -0.606645
v 0.395704 0.025361 -0.606518
v 0.395831 0.025060 -0.606392
v 0.395957 0.024759 -0.606265
v 0.396084 0.024458 -0.606138
v 0.396212 0.024158 -0.606010
v 0.396303 0.023936 -0.605919
v 0.396393 0.023712 -0.605829
v 0.396482 0.023486 -0.605740
v 0.396571 0.023259 -0.605652
v 0.396659 0.023033 -0.605563
v 0.396748 0.022806 -0.605475
v 0.396838 0.022581 -0.605385
v 0.396929 0.022357 -0.605293
v 0.397023 0.022136 -0.605199
v 0.397120 0.021918 -0.605103
v 0.397219 0.021704 -0.605003
v 0.397323 0.021494 -0.604899
v 0.397471 0.021201 -0.604752
v 0.397604 0.020904 -0.604618
v 0.397724 0.020602 -0.604498
v 0.397831 0.020295 -0.604391
v 0.397925 0.019984 -0.604297
v 0.398007 0.019669 -0.604216
v 0.398075 0.019349 -0.604147
v 0.398132 0.019025 -0.604090
v 0.398177 0.018697 -0.604046
v 0.398209 0.018364 -0.604013
v 0.398231 0.018027 -0.603992
v 0.398240 0.017685 -0.603982
v 0.398244 0.017279 -0.603978
v 0.398247 0.016872 -0.603976
v 0.398248 0.016465 -0.603974
v 0.398248 0.016058 -0.603974
v 0.398248 0.015650 -0.603974
v 0.398247 0.015242 -0.603975
v 0.398246 0.014834 -0.603976
v 0.398244 0.014427 -0.603978
v 0.398243 0.014019 -0.603979
v 0.398242 0.013612 -0.603981
v 0.398241 0.013206 -0.603981
v 0.398240 0.012800 -0.603982
v 0.398240 0.010405 -0.603982
v 0.398240 0.008011 -0.603982
v 0.398240 0.005617 -0.603982
v 0.398240 0.003223 -0.603982
v 0.398240 0.000829 -0.603982
v 0.398240 -0.001565 -0.603982
v 0.398240 -0.003960 -0.603982
v 0.398240 -0.006354 -0.603982
v 0.398240 -0.008748 -0.603982
v 0.398240 -0.011142 -0.603982
v 0.398240 -0.013536 -0.603982
v 0.398240 -0.015930 -0.603982
v 0.398239 -0.016029 -0.603983
v 0.398236 -0.016129 -0.603986
v 0.398230 -0.016231 -0.603992
v 0.398221 -0.016333 -0.604001
v 0.398209 -0.016434 -0.604013
v 0.398194 -0.016534 -0.604028
v 0.398176 -0.016632 -0.604046
v 0.398154 -0.016727 -0.604068
v 0.398129 -0.016818 -0.604093
v 0.398100 -0.016904 -0.604123
v 0.398066 -0.016985 -0.604156
v 0.398029 -0.017059 -0.604193
v 0.397919 -0.017244 -0.604303
v 0.397801 -0.017413 -0.604421
v 0.397676 -0.017565 -0.604546
v 0.397544 -0.017701 -0.604678
v 0.397405 -0.017823 -0.604817
v 0.397259 -0.017930 -0.604963
v 0.397107 -0.018024 -0.605115
v 0.396949 -0.018104 -0.605273
v 0.396786 -0.018173 -0.605436
v 0.396617 -0.018230 -0.605605
v 0.396443 -0.018276 -0.605779
v 0.396265 -0.018311 -0.605958
v 0.396048 -0.018341 -0.606174
v 0.395831 -0.018361 -0.606391
v 0.395614 -0.018375 -0.606609
v 0.395396 -0.018383 -0.606826
v 0.395178 -0.018389 -0.607045
v 0.394959 -0.018395 -0.607263
v 0.394741 -0.018403 -0.607481
v 0.394523 -0.018416 -0.607699
v 0.394305 -0.018435 -0.607917
v 0.394087 -0.018464 -0.608135
v 0.393870 -0.018504 -0.608352
v 0.393654 -0.018558 -0.608568
v 0.393514 -0.018593 -0.608709
v 0.393375 -0.018629 -0.608847
v 0.393237 -0.018665 -0.608985
v 0.393101 -0.018704 -0.609121
v 0.392967 -0.018746 -0.609255
v 0.392834 -0.018792 -0.609388
v 0.392702 -0.018843 -0.609520
v 0.392572 -0.018901 -0.609650
v 0.392443 -0.018965 -0.609779
v 0.392316 -0.019038 -0.609906
v 0.392191 -0.019119 -0.610032
v 0.392066 -0.019211 -0.610156
v 0.392066 -0.019290 -0.610156
v 0.392066 -0.019509 -0.610156
v 0.392066 -0.019839 -0.610156
v 0.392066 -0.020253 -0.610156
v 0.392066 -0.020723 -0.610156
v 0.392066 -0.021221 -0.610156
v 0.392066 -0.021719 -0.610156
v 0.392066 -0.022189 -0.610156
v 0.392066 -0.022604 -0.610156
v 0.392066 -0.022934 -0.610156
v 0.392066 -0.023153 -0.610156
v 0.392066 -0.023232 -0.610156
v 0.392135 -0.023287 -0.610088
v 0.392198 -0.023348 -0.610024
v 0.392257 -0.023413 -0.609965
v 0.392311 -0.023482 -0.609912
v 0.392359 -0.023556 -0.609863
v 0.392402 -0.023633 -0.609821
v 0.392438 -0.023714 -0.609784
v 0.392469 -0.023799 -0.609753
v 0.392493 -0.023887 -0.609729
v 0.392511 -0.023977 -0.609712
v 0.392521 -0.024071 -0.609701
v 0.392525 -0.024167 -0.609697
v 0.392521 -0.024258 -0.609701
v 0.392511 -0.024349 -0.609712
v 0.392493 -0.024437 -0.609729
v 0.392469 -0.024523 -0.609753
v 0.392438 -0.024606 -0.609784
v 0.392402 -0.024687 -0.609821
v 0.392359 -0.024765 -0.609863
v 0.392311 -0.024839 -0.609912
v 0.392257 -0.024911 -0.609965
v 0.392198 -0.024978 -0.610024
v 0.392135 -0.025042 -0.610088
v 0.392066 -0.025101 -0.610156
v 0.392066 -0.025158 -0.610156
v 0.392066 -0.025313 -0.610156
v 0.392066 -0.025548 -0.610156
v 0.392066 -0.025842 -0.610156
v 0.392066 -0.026176 -0.610156
v 0.392066 -0.026530 -0.610156
v 0.392066 -0.026884 -0.610156
v 0.392066 -0.027218 -0.610156
v 0.392066 -0.027512 -0.610156
v 0.392066 -0.027747 -0.610156
v 0.392066 -0.027902 -0.610156
v 0.392066 -0.027959 -0.610156
v 0.392135 -0.028014 -0.610088
v 0.392198 -0.028074 -0.610024
v 0.392257 -0.028139 -0.609965
v 0.392311 -0.028209 -0.609912
v 0.392359 -0.028282 -0.609863
v 0.392402 -0.028360 -0.609821
v 0.392438 -0.028441 -0.609784
v 0.392469 -0.028526 -0.609753
v 0.392493 -0.028613 -0.609729
v 0.392511 -0.028704 -0.609712
v 0.392521 -0.028797 -0.609701
v 0.392525 -0.028893 -0.609697
v 0.392521 -0.028989 -0.609701
v 0.392511 -0.029083 -0.609712
v 0.392493 -0.029173 -0.609729
v 0.392469 -0.029261 -0.609753
v 0.392438 -0.029346 -0.609784
v 0.392402 -0.029427 -0.609821
v 0.392359 -0.029504 -0.609863
v 0.392311 -0.029578 -0.609912
v 0.392257 -0.029647 -0.609965
v 0.392198 -0.029712 -0.610024
v 0.392135 -0.029773 -0.610088
v 0.392066 -0.029828 -0.610156
v 0.392066 -0.029884 -0.610156
v 0.392066 -0.030040 -0.610156
v 0.392066 -0.030274 -0.610156
v 0.392066 -0.030569 -0.610156
v 0.392066 -0.030903 -0.610156
v 0.392066 -0.031257 -0.610156
v 0.392066 -0.031610 -0.610156
v 0.392066 -0.031944 -0.610156
v 0.392066 -0.032239 -0.610156
v 0.392066 -0.032474 -0.610156
v 0.392066 -0.032629 -0.610156
v 0.392066 -0.032685 -0.610156
v 0.392135 -0.032745 -0.610088
v 0.392198 -0.032808 -0.610024
v 0.392257 -0.032876 -0.609965
v 0.392311 -0.032947 -0.609912
v 0.392359 -0.033022 -0.609863
v 0.392402 -0.033100 -0.609821
v 0.392438 -0.033180 -0.609784
v 0.392469 -0.033264 -0.609753
v 0.392493 -0.033350 -0.609729
v 0.392511 -0.033438 -0.609712
v 0.392521 -0.033528 -0.609701
v 0.392525 -0.033620 -0.609697
v 0.392521 -0.033716 -0.609701
v 0.392511 -0.033809 -0.609712
v 0.392493 -0.033900 -0.609729
v 0.392469 -0.033988 -0.609753
v 0.392438 -0.034072 -0.609784
v 0.392402 -0.034153 -0.609821
v 0.392359 -0.034231 -0.609863
v 0.392311 -0.034304 -0.609912
v 0.392257 -0.034374 -0.609965
v 0.392198 -0.034439 -0.610024
v 0.392135 -0.034499 -0.610088
v 0.392066 -0.034555 -0.610156
v 0.392066 -0.034586 -0.610156
v 0.392066 -0.034675 -0.610156
v 0.392066 -0.034818 -0.610156
v 0.392066 -0.035009 -0.610156
v 0.392066 -0.035243 -0.610156
v 0.392066 -0.035514 -0.610156
v 0.392066 -0.035816 -0.610156
v 0.392066 -0.036146 -0.610156
v 0.392066 -0.036497 -0.610156
v 0.392066 -0.036863 -0.610156
v 0.392066 -0.037241 -0.610156
v 0.392066 -0.037623 -0.610156
v 0.392069 -0.037665 -0.610154
v 0.392075 -0.037709 -0.610148
v 0.392085 -0.037755 -0.610138
v 0.392098 -0.037802 -0.610124
v 0.392114 -0.037849 -0.610108
v 0.392132 -0.037895 -0.610090
v 0.392153 -0.037939 -0.610069
v 0.392176 -0.037980 -0.610046
v 0.392200 -0.038018 -0.610022
v 0.392226 -0.038051 -0.609997
v 0.392252 -0.038078 -0.609971
v 0.392278 -0.038100 -0.609944
v 0.392323 -0.038129 -0.609899
v 0.392370 -0.038156 -0.609852
v 0.392419 -0.038180 -0.609803
v 0.392469 -0.038202 -0.609753
v 0.392520 -0.038222 -0.609702
v 0.392571 -0.038241 -0.609651
v 0.392623 -0.038258 -0.609599
v 0.392675 -0.038273 -0.609547
v 0.392727 -0.038288 -0.609495
v 0.392778 -0.038302 -0.609444
v 0.392829 -0.038316 -0.609394
v 0.392878 -0.038329 -0.609344
v 0.392992 -0.038349 -0.609230
v 0.393107 -0.038366 -0.609115
v 0.393221 -0.038382 -0.609001
v 0.393335 -0.038397 -0.608887
v 0.393449 -0.038415 -0.608774
v 0.393561 -0.038435 -0.608661
v 0.393673 -0.038459 -0.608549
v 0.393785 -0.038490 -0.608438
v 0.393895 -0.038527 -0.608327
v 0.394004 -0.038574 -0.608218
v 0.394112 -0.038631 -0.608110
v 0.394218 -0.038699 -0.608004
v 0.394317 -0.038766 -0.607905
v 0.394418 -0.038824 -0.607804
v 0.394521 -0.038876 -0.607701
v 0.394626 -0.038923 -0.607596
v 0.394733 -0.038966 -0.607490
v 0.394840 -0.039006 -0.607382
v 0.394949 -0.039043 -0.607274
v 0.395057 -0.039081 -0.607165
v 0.395166 -0.039118 -0.607056
v 0.395274 -0.039158 -0.606948
v 0.395382 -0.039200 -0.606840
v 0.395489 -0.039246 -0.606734
v 0.395559 -0.039277 -0.606663
v 0.395630 -0.039311 -0.606593
v 0.395700 -0.039345 -0.606523
v 0.395770 -0.039381 -0.606453
v 0.395839 -0.039419 -0.606383
v 0.395908 -0.039458 -0.606315
v 0.395976 -0.039498 -0.606247
v 0.396043 -0.039540 -0.606180
v 0.396109 -0.039583 -0.606113
v 0.396174 -0.039628 -0.606048
v 0.396238 -0.039674 -0.605985
v 0.396300 -0.039722 -0.605922
v 0.396401 -0.039802 -0.605821
v 0.396501 -0.039881 -0.605721
v 0.396601 -0.039961 -0.605621
v 0.396699 -0.040042 -0.605523
v 0.396797 -0.040124 -0.605425
v 0.396893 -0.040207 -0.605329
v 0.396989 -0.040292 -0.605234
v 0.397083 -0.040378 -0.605139
v 0.397176 -0.040466 -0.605047
v 0.397267 -0.040557 -0.604955
v 0.397358 -0.040649 -0.604864
v 0.397447 -0.040745 -0.604776
v 0.397588 -0.040900 -0.604634
v 0.397729 -0.041055 -0.604494
v 0.397869 -0.041212 -0.604353
v 0.398009 -0.041370 -0.604214
v 0.398147 -0.041530 -0.604075
v 0.398285 -0.041691 -0.603938
v 0.398420 -0.041854 -0.603802
v 0.398555 -0.042019 -0.603667
v 0.398687 -0.042186 -0.603535
v 0.398817 -0.042356 -0.603405
v 0.398945 -0.042528 -0.603278
v 0.399070 -0.042703 -0.603153
v 0.399138 -0.042808 -0.603085
v 0.399201 -0.042919 -0.603021
v 0.399261 -0.043035 -0.602961
v 0.399318 -0.043156 -0.602904
v 0.399373 -0.043280 -0.602849
v 0.399427 -0.043406 -0.602795
v 0.399479 -0.043533 -0.602743
v 0.399532 -0.043660 -0.602690
v 0.399586 -0.043787 -0.602637
v 0.399640 -0.043911 -0.602582
v 0.399698 -0.044032 -0.602525
v 0.399758 -0.044149 -0.602465
v 0.399835 -0.044286 -0.602387
v 0.399908 -0.044424 -0.602314
v 0.399977 -0.044564 -0.602245
v 0.400040 -0.044707 -0.602182
v 0.400098 -0.044852 -0.602124
v 0.400150 -0.045000 -0.602072
v 0.400195 -0.045152 -0.602027
v 0.400233 -0.045308 -0.601989
v 0.400264 -0.045468 -0.601959
v 0.400286 -0.045634 -0.601936
v 0.400300 -0.045806 -0.601923
v 0.400304 -0.045983 -0.601918
v 0.400303 -0.046049 -0.601919
v 0.400309 -0.046114 -0.601913
v 0.400321 -0.046177 -0.601901
v 0.400340 -0.046237 -0.601882
v 0.400366 -0.046293 -0.601856
v 0.400399 -0.046345 -0.601823
v 0.400439 -0.046390 -0.601783
v 0.400486 -0.046429 -0.601736
v 0.400540 -0.046459 -0.601682
v 0.400601 -0.046481 -0.601621
v 0.400670 -0.046493 -0.601553
v 0.400745 -0.046495 -0.601477
v 0.400957 -0.046487 -0.601265
v 0.401167 -0.046482 -0.601055
v 0.401378 -0.046479 -0.600845
v 0.401588 -0.046478 -0.600635
v 0.401797 -0.046478 -0.600425
v 0.402007 -0.046479 -0.600216
v 0.402216 -0.046480 -0.600006
v 0.402426 -0.046481 -0.599796
v 0.402636 -0.046482 -0.599587
v 0.402846 -0.046482 -0.599376
v 0.403057 -0.046480 -0.599166
v 0.403268 -0.046477 -0.598954
v 0.403369 -0.046477 -0.598854
v 0.403468 -0.046476 -0.598754
v 0.403566 -0.046473 -0.598656
v 0.403664 -0.046468 -0.598558
v 0.403761 -0.046460 -0.598462
v 0.403857 -0.046448 -0.598365
v 0.403952 -0.046431 -0.598270
v 0.404048 -0.046409 -0.598174
v 0.404144 -0.046380 -0.598079
v 0.404239 -0.046344 -0.597983
v 0.404336 -0.046300 -0.597887
v 0.404432 -0.046248 -0.597790
v 0.404584 -0.046150 -0.597638
v 0.404730 -0.046035 -0.597492
v 0.404869 -0.045903 -0.597353
v 0.404999 -0.045755 -0.597223
v 0.405120 -0.045593 -0.597103
v 0.405228 -0.045419 -0.596994
v 0.405324 -0.045232 -0.596898
v 0.405406 -0.045035 -0.596817
v 0.405472 -0.044829 -0.596751
v 0.405520 -0.044615 -0.596702
v 0.405551 -0.044393 -0.596671
v 0.405561 -0.044167 -0.596661
v 0.405561 -0.038302 -0.596661
v 0.405561 -0.032438 -0.596661
v 0.405561 -0.026574 -0.596661
v 0.405561 -0.020711 -0.596662
v 0.405560 -0.014847 -0.596662
v 0.405559 -0.008984 -0.596663
v 0.405558 -0.003121 -0.596665
v 0.405556 0.002742 -0.596666
v 0.405554 0.008603 -0.596668
v 0.405551 0.014465 -0.596671
v 0.405548 0.020326 -0.596675
v 0.405544 0.026186 -0.619653
v 0.405541 0.026283 -0.619653
v 0.405535 0.026381 -0.619653
v 0.405525 0.026478 -0.619653
v 0.405510 0.026576 -0.619653
v 0.405492 0.026672 -0.619653
v 0.405471 0.026768 -0.619653
v 0.405446 0.026862 -0.619653
v 0.405418 0.026954 -0.619653
v 0.405387 0.027044 -0.619653
v 0.405354 0.027131 -0.619653
v 0.405318 0.027216 -0.619653
v 0.405279 0.027297 -0.619653
v 0.405189 0.027455 -0.619653
v 0.405090 0.027589 -0.619653
v 0.404981 0.027700 -0.619653
v 0.404864 0.027793 -0.619653
v 0.404741 0.027869 -0.619653
v 0.404613 0.027932 -0.619653
v 0.404481 0.027984 -0.619653
v 0.404347 0.028030 -0.619653
v 0.404212 0.028071 -0.619653
v 0.404078 0.028110 -0.619653
v 0.403945 0.028151 -0.619653
v 0.403815 0.028196 -0.619653
v 0.403719 0.028226 -0.619653
v 0.403626 0.028256 -0.619653
v 0.403535 0.028287 -0.619653
v 0.403448 0.028322 -0.619653
v 0.403364 0.028361 -0.619653
v 0.403283 0.028408 -0.619653
v 0.403207 0.028463 -0.619653
v 0.403135 0.028529 -0.619653
v 0.403068 0.028608 -0.619653
v 0.403006 0.028701 -0.619653
v 0.402949 0.028810 -0.619653
v 0.402898 0.028937 -0.619653
v 0.402870 0.029021 -0.619653
v 0.402839 0.029105 -0.619653
v 0.402805 0.029189 -0.619653
v 0.402769 0.029273 -0.619653
v 0.402731 0.029355 -0.619653
v 0.402690 0.029435 -0.619653
v 0.402647 0.029513 -0.619653
v 0.402602 0.029589 -0.619653
v 0.402555 0.029661 -0.619653
v 0.402506 0.029730 -0.619653
v 0.402456 0.029794 -0.619653
v 0.402404 0.029854 -0.619653
v 0.402336 0.029923 -0.619653
v 0.402266 0.029987 -0.619653
v 0.402193 0.030048 -0.619653
v 0.402119 0.030106 -0.619653
v 0.402042 0.030162 -0.619653
v 0.401965 0.030216 -0.619653
v 0.401886 0.030268 -0.619653
v 0.401806 0.030319 -0.619653
v 0.401726 0.030370 -0.619653
v 0.401646 0.030421 -0.619653
v 0.401566 0.030472 -0.619653
v 0.401486 0.030524 -0.619653
v 0.401392 0.030609 -0.619653
v 0.401304 0.030720 -0.619653
v 0.401224 0.030852 -0.619653
v 0.401153 0.031002 -0.619653
v 0.401092 0.031164 -0.619653
v 0.401043 0.031336 -0.619653
v 0.401007 0.031511 -0.619653
v 0.400984 0.031687 -0.619653
v 0.400978 0.031859 -0.619653
v 0.400988 0.032022 -0.619653
v 0.401016 0.032172 -0.619653
v 0.401063 0.032306 -0.619653
v 0.401149 0.032494 -0.619653
v 0.401238 0.032679 -0.619653
v 0.401329 0.032864 -0.619653
v 0.401419 0.033049 -0.619653
v 0.401507 0.033236 -0.619653
v 0.401590 0.033426 -0.619653
v 0.401667 0.033620 -0.619653
v 0.401736 0.033820 -0.619653
v 0.401795 0.034027 -0.619653
v 0.401842 0.034242 -0.619653
v 0.401875 0.034468 -0.619653
v 0.401892 0.034704 -0.619653
v 0.401905 0.034885 -0.619653
v 0.401924 0.035066 -0.619653
v 0.401949 0.035247 -0.619653
v 0.401979 0.035428 -0.619653
v 0.402012 0.035609 -0.619653
v 0.402046 0.035791 -0.619653
v 0.402082 0.035973 -0.619653
v 0.402117 0.036156 -0.619653
v 0.402150 0.036339 -0.619653
v 0.402180 0.036522 -0.619653
v 0.402206 0.036706 -0.619653
v 0.402227 0.036891 -0.619653
v 0.402233 0.036985 -0.619653
v 0.402233 0.037080 -0.619653
v 0.402227 0.037177 -0.619653
v 0.402218 0.037276 -0.619653
v 0.402205 0.037375 -0.619653
v 0.402190 0.037475 -0.619653
v 0.402172 0.037576 -0.619653
v 0.402154 0.037676 -0.619653
v 0.402135 0.037777 -0.619653
v 0.402117 0.037876 -0.619653
v 0.402101 0.037975 -0.619653
v 0.402086 0.038073 -0.619653
v 0.402069 0.038245 -0.619653
v 0.402052 0.038417 -0.619653
v 0.402035 0.038589 -0.619653
v 0.402019 0.038761 -0.619653
v 0.402002 0.038933 -0.619653
v 0.401985 0.039105 -0.619653
v 0.401967 0.039276 -0.619653
v 0.401948 0.039448 -0.619653
v 0.401927 0.039620 -0.619653
v 0.401906 0.039792 -0.619653
v 0.401882 0.039964 -0.619653
v 0.401857 0.040136 -0.619653
v 0.401834 0.040264 -0.619653
v 0.401810 0.040393 -0.619653
v 0.401784 0.040522 -0.619653
v 0.401756 0.040651 -0.619653
v 0.401727 0.040780 -0.619653
v 0.401696 0.040908 -0.619653
v 0.401663 0.041035 -0.619653
v 0.401628 0.041162 -0.619653
v 0.401591 0.041287 -0.619653
v 0.401553 0.041411 -0.619653
v 0.401512 0.041533 -0.619653
v 0.401469 0.041653 -0.619653
v 0.401415 0.041798 -0.619653
v 0.401359 0.041941 -0.619653
v 0.401301 0.042083 -0.619653
v 0.401241 0.042225 -0.619653
v 0.401180 0.042365 -0.619653
v 0.401118 0.042504 -0.619653
v 0.401055 0.042643 -0.619653
v 0.400990 0.042780 -0.619653
v 0.400925 0.042918 -0.619653
v 0.400860 0.043055 -0.619653
v 0.400794 0.043192 -0.619653
v 0.400728 0.043328 -0.619653
v 0.400621 0.043553 -0.619653
v 0.400512 0.043774 -0.619653
v 0.400401 0.043994 -0.619653
v 0.400286 0.044210 -0.619653
v 0.400167 0.044422 -0.619653
v 0.400044 0.044629 -0.619653
v 0.399916 0.044832 -0.619653
v 0.399782 0.045028 -0.619653
v 0.399641 0.045218 -0.619653
v 0.399494 0.045402 -0.619653
v 0.399339 0.045577 -0.619653
v 0.399175 0.045745 -0.619653
v 0.399044 0.045875 -0.619653
v 0.398915 0.046009 -0.619653
v 0.398787 0.046146 -0.619653
v 0.398661 0.046286 -0.619653
v 0.398536 0.046429 -0.619653
v 0.398412 0.046574 -0.619653
v 0.398289 0.046720 -0.619653
v 0.398167 0.046867 -0.619653
v 0.398044 0.047015 -0.619653
v 0.397922 0.047162 -0.619653
v 0.397799 0.047309 -0.619653
v 0.397676 0.047455 -0.619653
v 0.397625 0.047518 -0.619653
v 0.397576 0.047582 -0.619653
v 0.397532 0.047649 -0.619653
v 0.397490 0.047719 -0.619653
v 0.397453 0.047791 -0.619653
v 0.397420 0.047868 -0.619653
v 0.397392 0.047948 -0.619653
v 0.397368 0.048033 -0.619653
v 0.397349 0.048123 -0.619653
v 0.397335 0.048218 -0.619653
v 0.397326 0.048318 -0.619653
v 0.397323 0.048425 -0.619653
v 0.397331 0.048809 -0.619653
v 0.397337 0.049194 -0.619653
v 0.397341 0.049579 -0.619653
v 0.397343 0.049964 -0.619653
v 0.397345 0.050350 -0.619653
v 0.397345 0.050736 -0.619653
v 0.397345 0.051122 -0.619653
v 0.397344 0.051507 -0.619653
v 0.397343 0.051893 -0.619653
v 0.397342 0.052278 -0.619653
v 0.397341 0.052662 -0.619653
v 0.397341 0.053046 -0.619653
v 0.397284 0.053088 -0.619653
v 0.397229 0.053133 -0.619653
v 0.397175 0.053179 -0.619653
v 0.397121 0.053227 -0.619653
v 0.397069 0.053273 -0.619653
v 0.397017 0.053317 -0.619653
v 0.396965 0.053358 -0.619653
v 0.396914 0.053395 -0.619653
v 0.396862 0.053426 -0.619653
v 0.396810 0.053449 -0.619653
v 0.396758 0.053464 -0.619653
v 0.396706 0.053469 -0.619653
v 0.396326 0.053477 -0.619653
v 0.395946 0.053483 -0.619653
v 0.395564 0.053487 -0.619653
v 0.395182 0.053490 -0.619653
v 0.394798 0.053491 -0.619653
v 0.394413 0.053492 -0.619653
v 0.394026 0.053491 -0.619653
v 0.393638 0.053490 -0.619653
v 0.393248 0.053489 -0.619653
v 0.392856 0.053488 -0.619653
v 0.392462 0.053487 -0.619653
v 0.392066 0.053487 -0.619653
v 0.392066 0.053474 -0.619653
v 0.392066 0.053439 -0.619653
v 0.392066 0.053385 -0.619653
v 0.392066 0.053318 -0.619653
v 0.392066 0.053242 -0.619653
v 0.392066 0.053161 -0.619653
v 0.392066 0.053080 -0.619653
v 0.392066 0.053004 -0.619653
v 0.392066 0.052937 -0.619653
v 0.392066 0.052883 -0.619653
v 0.392066 0.052847 -0.619653
v 0.392066 0.052835 -0.619653
v 0.392066 0.052801 -0.619653
v 0.392066 0.052704 -0.619653
v 0.392066 0.052550 -0.619653
v 0.392066 0.052343 -0.619653
v 0.392066 0.052091 -0.619653
v 0.392066 0.051798 -0.619653
v 0.392066 0.051471 -0.619653
v 0.392066 0.051115 -0.619653
v 0.392066 0.050736 -0.619653
v 0.392066 0.050340 -0.619653
v 0.392066 0.049932 -0.619653
v 0.392066 0.049519 -0.619653
v 0.392135 0.049463 -0.619653
v 0.392198 0.049403 -0.619653
v 0.392257 0.049338 -0.619653
v 0.392311 0.049269 -0.619653
v 0.392359 0.049195 -0.619653
v 0.392402 0.049118 -0.619653
v 0.392438 0.049037 -0.619653
v 0.392469 0.048952 -0.619653
v 0.392493 0.048864 -0.619653
v 0.392511 0.048773 -0.619653
v 0.392521 0.048680 -0.619653
v 0.392525 0.048584 -0.619653
v 0.392521 0.048488 -0.619653
v 0.392511 0.048395 -0.619653
v 0.392493 0.048304 -0.619653
v 0.392469 0.048216 -0.619653
v 0.392438 0.048132 -0.619653
v 0.392402 0.048051 -0.619653
v 0.392359 0.047973 -0.619653
v 0.392311 0.047900 -0.619653
v 0.392257 0.047830 -0.619653
v 0.392198 0.047765 -0.619653
v 0.392135 0.047705 -0.619653
v 0.392066 0.047649 -0.619653
v 0.392066 0.047593 -0.619653
v 0.392066 0.047437 -0.619653
v 0.392066 0.047200 -0.619653
v 0.392066 0.046904 -0.619653
v 0.392066 0.046568 -0.619653
v 0.392066 0.046212 -0.619653
v 0.392066 0.045856 -0.619653
v 0.392066 0.045520 -0.619653
v 0.392066 0.045224 -0.619653
v 0.392066 0.044988 -0.619653
v 0.392066 0.044831 -0.619653
v 0.392066 0.044775 -0.619653
v 0.392135 0.044719 -0.619653
v 0.392198 0.044659 -0.619653
v 0.392257 0.044594 -0.619653
v 0.392311 0.044524 -0.619653
v 0.392359 0.044451 -0.619653
v 0.392402 0.044373 -0.619653
v 0.392438 0.044292 -0.619653
v 0.392469 0.044208 -0.619653
v 0.392493 0.044120 -0.619653
v 0.392511 0.044029 -0.619653
v 0.392521 0.043936 -0.619653
v 0.392525 0.043840 -0.619653
v 0.392521 0.043748 -0.619653
v 0.392511 0.043658 -0.619653
v 0.392493 0.043570 -0.619653
v 0.392469 0.043484 -0.619653
v 0.392438 0.043400 -0.619653
v 0.392402 0.043320 -0.619653
v 0.392359 0.043242 -0.619653
v 0.392311 0.043167 -0.619653
v 0.392257 0.043096 -0.619653
v 0.392198 0.043028 -0.619653
v 0.392135 0.042965 -0.619653
v 0.392066 0.042905 -0.619653
v 0.392066 0.042849 -0.619653
v 0.392066 0.042694 -0.619653
v 0.392066 0.042459 -0.619653
v 0.392066 0.042165 -0.619653
v 0.392066 0.041830 -0.619653
v 0.392066 0.041477 -0.619653
v 0.392066 0.041123 -0.619653
v 0.392066 0.040789 -0.619653
v 0.392066 0.040495 -0.619653
v 0.392066 0.040260 -0.619653
v 0.392066 0.040104 -0.619653
v 0.392066 0.040048 -0.619653
v 0.392135 0.039993 -0.619653
v 0.392198 0.039932 -0.619653
v 0.392257 0.039867 -0.619653
v 0.392311 0.039798 -0.619653
v 0.392359 0.039724 -0.619653
v 0.392402 0.039647 -0.619653
v 0.392438 0.039566 -0.619653
v 0.392469 0.039481 -0.619653
v 0.392493 0.039393 -0.619653
v 0.392511 0.039303 -0.619653
v 0.392521 0.039209 -0.619653
v 0.392525 0.039113 -0.619653
v 0.392521 0.039017 -0.619653
v 0.392511 0.038924 -0.619653
v 0.392493 0.038833 -0.619653
v 0.392469 0.038746 -0.619653
v 0.392438 0.038661 -0.619653
v 0.392402 0.038580 -0.619653
v 0.392359 0.038502 -0.619653
v 0.392311 0.038429 -0.619653
v 0.392257 0.038359 -0.619653
v 0.392198 0.038294 -0.619653
v 0.392135 0.038234 -0.619653
v 0.392066 0.038179 -0.619653
v 0.392066 0.038146 -0.619653
v 0.392066 0.038052 -0.619653
v 0.392066 0.037903 -0.619653
v 0.392066 0.037703 -0.619653
v 0.392066 0.037459 -0.619653
v 0.392066 0.037176 -0.619653
v 0.392066 0.036859 -0.619653
v 0.392066 0.036514 -0.619653
v 0.392066 0.036147 -0.619653
v 0.392066 0.035764 -0.619653
v 0.392066 0.035369 -0.619653
v 0.392066 0.034969 -0.619653
v 0.392065 0.034779 -0.619653
v 0.392061 0.034588 -0.619653
v 0.392058 0.034397 -0.619653
v 0.392058 0.034208 -0.619653
v 0.392064 0.034022 -0.619653
v 0.392077 0.033838 -0.619653
v 0.392102 0.033658 -0.619653
v 0.392140 0.033483 -0.619653
v 0.392193 0.033315 -0.619653
v 0.392264 0.033152 -0.619653
v 0.392357 0.032998 -0.619653
v 0.392472 0.032852 -0.619653
v 0.392476 0.032848 -0.619653
v 0.392480 0.032844 -0.619653
v 0.392482 0.032839 -0.619653
v 0.392485 0.032835 -0.619653
v 0.392486 0.032830 -0.619653
v 0.392488 0.032826 -0.619653
v 0.392488 0.032821 -0.619653
v 0.392489 0.032817 -0.619653
v 0.392489 0.032813 -0.619653
v 0.392490 0.032808 -0.619653
v 0.392490 0.032804 -0.619653
v 0.392490 0.032799 -0.619653
v 0.392578 0.032592 -0.619653
v 0.392666 0.032384 -0.619653
v 0.392754 0.032175 -0.619653
v 0.392843 0.031966 -0.619653
v 0.392931 0.031757 -0.619653
v 0.393019 0.031547 -0.619653
v 0.393107 0.031338 -0.619653
v 0.393195 0.031129 -0.619653
v 0.393284 0.030919 -0.619653
v 0.393372 0.030711 -0.619653
v 0.393460 0.030503 -0.619653
v 0.393548 0.030295 -0.619653
v 0.393641 0.030084 -0.619653
v 0.393735 0.029873 -0.619653
v 0.393829 0.029663 -0.619653
v 0.393923 0.029453 -0.619653
v 0.394018 0.029244 -0.619653
v 0.394113 0.029034 -0.619653
v 0.394207 0.028825 -0.619653
v 0.394302 0.028615 -0.619653
v 0.394397 0.028405 -0.619653
v 0.394491 0.028195 -0.619653
v 0.394584 0.027984 -0.619653
v 0.394677 0.027773 -0.619653
v 0.394809 0.027473 -0.619653
v 0.394939 0.027172 -0.619653
v 0.395068 0.026871 -0.619653
v 0.395197 0.026569 -0.619653
v 0.395324 0.026267 -0.619653
v 0.395451 0.025965 -0.619653
v 0.395578 0.025663 -0.619653
v 0.395704 0.025361 -0.619653
v 0.395831 0.025060 -0.619653
v 0.395957 0.024759 -0.619653
v 0.396084 0.024458 -0.619653
v 0.396212 0.024158 -0.619653
v 0.396303 0.023936 -0.619653
v 0.396393 0.023712 -0.619653
v 0.396482 0.023486 -0.619653
v 0.396571 0.023259 -0.619653
v 0.396659 0.023033 -0.619653
v 0.396748 0.022806 -0.619653
v 0.396838 0.022581 -0.619653
v 0.396929 0.022357 -0.619653
v 0.397023 0.022136 -0.619653
v 0.397120 0.021918 -0.619653
v 0.397219 0.021704 -0.619653
v 0.397323 0.021494 -0.619653
v 0.397471 0.021201 -0.619653
v 0.397604 0.020904 -0.619653
v 0.397724 0.020602 -0.619653
v 0.397831 0.020295 -0.619653
v 0.397925 0.019984 -0.619653
v 0.398007 0.019669 -0.619653
v 0.398075 0.019349 -0.619653
v 0.398132 0.019025 -0.619653
v 0.398177 0.018697 -0.619653
v 0.398209 0.018364 -0.619653
v 0.398231 0.018027 -0.619653
v 0.398240 0.017685 -0.619653
v 0.398244 0.017279 -0.619653
v 0.398247 0.016872 -0.619653
v 0.398248 0.016465 -0.619653
v 0.398248 0.016058 -0.619653
v 0.398248 0.015650 -0.619653
v 0.398247 0.015242 -0.619653
v 0.398246 0.014834 -0.619653
v 0.398244 0.014427 -0.619653
v 0.398243 0.014019 -0.619653
v 0.398242 0.013612 -0.619653
v 0.398241 0.013206 -0.619653
v 0.398240 0.012800 -0.619653
v 0.398240 0.010405 -0.619653
v 0.398240 0.008011 -0.619653
v 0.398240 0.005617 -0.619653
v 0.398240 0.003223 -0.619653
v 0.398240 0.000829 -0.619653
v 0.398240 -0.001565 -0.619653
v 0.398240 -0.003960 -0.619653
v 0.398240 -0.006354 -0.619653
v 0.398240 -0.008748 -0.619653
v 0.398240 -0.011142 -0.619653
v 0.398240 -0.013536 -0.619653
v 0.398240 -0.015930 -0.619653
v 0.398239 -0.016029 -0.619653
v 0.398236 -0.016129 -0.619653
v 0.398230 -0.016231 -0.619653
v 0.398221 -0.016333 -0.619653
v 0.398209 -0.016434 -0.619653
v 0.398194 -0.016534 -0.619653
v 0.398176 -0.016632 -0.619653
v 0.398154 -0.016727 -0.619653
v 0.398129 -0.016818 -0.619653
v 0.398100 -0.016904 -0.619653
v 0.398066 -0.016985 -0.619653
v 0.398029 -0.017059 -0.619653
v 0.397919 -0.017244 -0.619653
v 0.397801 -0.017413 -0.619653
v 0.397676 -0.017565 -0.619653
v 0.397544 -0.017701 -0.619653
v 0.397405 -0.017823 -0.619653
v 0.397259 -0.017930 -0.619653
v 0.397107 -0.018024 -0.619653
v 0.396949 -0.018104 -0.619653
v 0.396786 -0.018173 -0.619653
v 0.396617 -0.018230 -0.619653
v 0.396443 -0.018276 -0.619653
v 0.396265 -0.018311 -0.619653
v 0.396048 -0.018341 -0.619653
v 0.395831 -0.018361 -0.619653
v 0.395614 -0.018375 -0.619653
v 0.395396 -0.018383 -0.619653
v 0.395178 -0.018389 -0.619653
v 0.394959 -0.018395 -0.619653
v 0.394741 -0.018403 -0.619653
v 0.394523 -0.018416 -0.619653
v 0.394305 -0.018435 -0.619653
v 0.394087 -0.018464 -0.619653
v 0.393870 -0.018504 -0.619653
v 0.393654 -0.018558 -0.619653
v 0.393514 -0.018593 -0.619653
v 0.393375 -0.018629 -0.619653
v 0.393237 -0.018665 -0.619653
v 0.393101 -0.018704 -0.619653
v 0.392967 -0.018746 -0.619653
v 0.392834 -0.018792 -0.619653
v 0.392702 -0.018843 -0.619653
v 0.392572 -0.018901 -0.619653
v 0.392443 -0.018965 -0.619653
v 0.392316 -0.019038 -0.619653
v 0.392191 -0.019119 -0.619653
v 0.392066 -0.019211 -0.619653
v 0.392066 -0.019290 -0.619653
v 0.392066 -0.019509 -0.619653
v 0.392066 -0.019839 -0.619653
v 0.392066 -0.020253 -0.619653
v 0.392066 -0.020723 -0.619653
v 0.392066 -0.021221 -0.619653
v 0.392066 -0.021719 -0.619653
v 0.392066 -0.022189 -0.619653
v 0.392066 -0.022604 -0.619653
v 0.392066 -0.022934 -0.619653
v 0.392066 -0.023153 -0.619653
v 0.392066 -0.023232 -0.619653
v 0.392135 -0.023287 -0.619653
v 0.392198 -0.023348 -0.619653
v 0.392257 -0.023413 -0.619653
v 0.392311 -0.023482 -0.619653
v 0.392359 -0.023556 -0.619653
v 0.392402 -0.023633 -0.619653
v 0.392438 -0.023714 -0.619653
v 0.392469 -0.023799 -0.619653
v 0.392493 -0.023887 -0.619653
v 0.392511 -0.023977 -0.619653
v 0.392521 -0.024071 -0.619653
v 0.392525 -0.024167 -0.619653
v 0.392521 -0.024258 -0.619653
v 0.392511 -0.024349 -0.619653
v 0.392493 -0.024437 -0.619653
v 0.392469 -0.024523 -0.619653
v 0.392438 -0.024606 -0.619653
v 0.392402 -0.024687 -0.619653
v 0.392359 -0.024765 -0.619653
v 0.392311 -0.024839 -0.619653
v 0.392257 -0.024911 -0.619653
v 0.392198 -0.024978 -0.619653
v 0.392135 -0.025042 -0.619653
v 0.392066 -0.025101 -0.619653
v 0.392066 -0.025158 -0.619653
v 0.392066 -0.025313 -0.619653
v 0.392066 -0.025548 -0.619653
v 0.392066 -0.025842 -0.619653
v 0.392066 -0.026176 -0.619653
v 0.392066 -0.026530 -0.619653
v 0.392066 -0.026884 -0.619653
v 0.392066 -0.027218 -0.619653
v 0.392066 -0.027512 -0.619653
v 0.392066 -0.027747 -0.619653
v 0.392066 -0.027902 -0.619653
v 0.392066 -0.027959 -0.619653
v 0.392135 -0.028014 -0.619653
v 0.392198 -0.028074 -0.619653
v 0.392257 -0.028139 -0.619653
v 0.392311 -0.028209 -0.619653
v 0.392359 -0.028282 -0.619653
v 0.392402 -0.028360 -0.619653
v 0.392438 -0.028441 -0.619653
v 0.392469 -0.028526 -0.619653
v 0.392493 -0.028613 -0.619653
v 0.392511 -0.028704 -0.619653
v 0.392521 -0.028797 -0.619653
v 0.392525 -0.028893 -0.619653
v 0.392521 -0.028989 -0.619653
v 0.392511 -0.029083 -0.619653
v 0.392493 -0.029173 -0.619653
v 0.392469 -0.029261 -0.619653
v 0.392438 -0.029346 -0.619653
v 0.392402 -0.029427 -0.619653
v 0.392359 -0.029504 -0.619653
v 0.392311 -0.029578 -0.619653
v 0.392257 -0.029647 -0.619653
v 0.392198 -0.029712 -0.619653
v 0.392135 -0.029773 -0.619653
v 0.392066 -0.029828 -0.619653
v 0.392066 -0.029884 -0.619653
v 0.392066 -0.030040 -0.619653
v 0.392066 -0.030274 -0.619653
v 0.392066 -0.030569 -0.619653
v 0.392066 -0.030903 -0.619653
v 0.392066 -0.031257 -0.619653
v 0.392066 -0.031610 -0.619653
v 0.392066 -0.031944 -0.619653
v 0.392066 -0.032239 -0.619653
v 0.392066 -0.032474 -0.619653
v 0.392066 -0.032629 -0.619653
v 0.392066 -0.032685 -0.619653
v 0.392135 -0.032745 -0.619653
v 0.392198 -0.032808 -0.619653
v 0.392257 -0.032876 -0.619653
v 0.392311 -0.032947 -0.619653
v 0.392359 -0.033022 -0.619653
v 0.392402 -0.033100 -0.619653
v 0.392438 -0.033180 -0.619653
v 0.392469 -0.033264 -0.619653
v 0.392493 -0.033350 -0.619653
v 0.392511 -0.033438 -0.619653
v 0.392521 -0.033528 -0.619653
v 0.392525 -0.033620 -0.619653
v 0.392521 -0.033716 -0.619653
v 0.392511 -0.033809 -0.619653
v 0.392493 -0.033900 -0.619653
v 0.392469 -0.033988 -0.619653
v 0.392438 -0.034072 -0.619653
v 0.392402 -0.034153 -0.619653
v 0.392359 -0.034231 -0.619653
v 0.392311 -0.034304 -0.619653
v 0.392257 -0.034374 -0.619653
v 0.392198 -0.034439 -0.619653
v 0.392135 -0.034499 -0.619653
v 0.392066 -0.034555 -0.619653
v 0.392066 -0.034586 -0.619653
v 0.392066 -0.034675 -0.619653
v 0.392066 -0.034818 -0.619653
v 0.392066 -0.035009 -0.619653
v 0.392066 -0.035243 -0.619653
v 0.392066 -0.035514 -0.619653
v 0.392066 -0.035816 -0.619653
v 0.392066 -0.036146 -0.619653
v 0.392066 -0.036497 -0.619653
v 0.392066 -0.036863 -0.619653
v 0.392066 -0.037241 -0.619653
v 0.392066 -0.037623 -0.619653
v 0.392069 -0.037665 -0.619653
v 0.392075 -0.037709 -0.619653
v 0.392085 -0.037755 -0.619653
v 0.392098 -0.037802 -0.619653
v 0.392114 -0.037849 -0.619653
v 0.392132 -0.037895 -0.619653
v 0.392153 -0.037939 -0.619653
v 0.392176 -0.037980 -0.619653
v 0.392200 -0.038018 -0.619653
v 0.392226 -0.038051 -0.619653
v 0.392252 -0.038078 -0.619653
v 0.392278 -0.038100 -0.619653
v 0.392323 -0.038129 -0.619653
v 0.392370 -0.038156 -0.619653
v 0.392419 -0.038180 -0.619653
v 0.392469 -0.038202 -0.619653
v 0.392520 -0.038222 -0.619653
v 0.392571 -0.038241 -0.619653
v 0.392623 -0.038258 -0.619653
v 0.392675 -0.038273 -0.619653
v 0.392727 -0.038288 -0.619653
v 0.392778 -0.038302 -0.619653
v 0.392829 -0.038316 -0.619653
v 0.392878 -0.038329 -0.619653
v 0.392992 -0.038349 -0.619653
v 0.393107 -0.038366 -0.619653
v 0.393221 -0.038382 -0.619653
v 0.393335 -0.038397 -0.619653
v 0.393449 -0.038415 -0.619653
v 0.393561 -0.038435 -0.619653
v 0.393673 -0.038459 -0.619653
v 0.393785 -0.038490 -0.619653
v 0.393895 -0.038527 -0.619653
v 0.394004 -0.038574 -0.619653
v 0.394112 -0.038631 -0.619653
v 0.394218 -0.038699 -0.619653
v 0.394317 -0.038766 -0.619653
v 0.394418 -0.038824 -0.619653
v 0.394521 -0.038876 -0.619653
v 0.394626 -0.038923 -0.619653
v 0.394733 -0.038966 -0.619653
v 0.394840 -0.039006 -0.619653
v 0.394949 -0.039043 -0.619653
v 0.395057 -0.039081 -0.619653
v 0.395166 -0.039118 -0.619653
v 0.395274 -0.039158 -0.619653
v 0.395382 -0.039200 -0.619653
v 0.395489 -0.039246 -0.619653
v 0.395559 -0.039277 -0.619653
v 0.395630 -0.039311 -0.619653
v 0.395700 -0.039345 -0.619653
v 0.395770 -0.039381 -0.619653
v 0.395839 -0.039419 -0.619653
v 0.395908 -0.039458 -0.619653
v 0.395976 -0.039498 -0.619653
v 0.396043 -0.039540 -0.619653
v 0.396109 -0.039583 -0.619653
v 0.396174 -0.039628 -0.619653
v 0.396238 -0.039674 -0.619653
v 0.396300 -0.039722 -0.619653
v 0.396401 -0.039802 -0.619653
v 0.396501 -0.039881 -0.619653
v 0.396601 -0.039961 -0.619653
v 0.396699 -0.040042 -0.619653
v 0.396797 -0.040124 -0.619653
v 0.396893 -0.040207 -0.619653
v 0.396989 -0.040292 -0.619653
v 0.397083 -0.040378 -0.619653
v 0.397176 -0.040466 -0.619653
v 0.397267 -0.040557 -0.619653
v 0.397358 -0.040649 -0.619653
v 0.397447 -0.040745 -0.619653
v 0.397588 -0.040900 -0.619653
v 0.397729 -0.041055 -0.619653
v 0.397869 -0.041212 -0.619653
v 0.398009 -0.041370 -0.619653
v 0.398147 -0.041530 -0.619653
v 0.398285 -0.041691 -0.619653
v 0.398420 -0.041854 -0.619653
v 0.398555 -0.042019 -0.619653
v 0.398687 -0.042186 -0.619653
v 0.398817 -0.042356 -0.619653
v 0.398945 -0.042528 -0.619653
v 0.399070 -0.042703 -0.619653
v 0.399138 -0.042808 -0.619653
v 0.399201 -0.042919 -0.619653
v 0.399261 -0.043035 -0.619653
v 0.399318 -0.043156 -0.619653
v 0.399373 -0.043280 -0.619653
v 0.399427 -0.043406 -0.619653
v 0.399479 -0.043533 -0.619653
v 0.399532 -0.043660 -0.619653
v 0.399586 -0.043787 -0.619653
v 0.399640 -0.043911 -0.619653
v 0.399698 -0.044032 -0.619653
v 0.399758 -0.044149 -0.619653
v 0.399835 -0.044286 -0.619653
v 0.399908 -0.044424 -0.619653
v 0.399977 -0.044564 -0.619653
v 0.400040 -0.044707 -0.619653
v 0.400098 -0.044852 -0.619653
v 0.400150 -0.045000 -0.619653
v 0.400195 -0.045152 -0.619653
v 0.400233 -0.045308 -0.619653
v 0.400264 -0.045468 -0.619653
v 0.400286 -0.045634 -0.619653
v 0.400300 -0.045806 -0.619653
v 0.400304 -0.045983 -0.619653
v 0.400303 -0.046049 -0.619653
v 0.400309 -0.046114 -0.619653
v 0.400321 -0.046177 -0.619653
v 0.400340 -0.046237 -0.619653
v 0.400366 -0.046293 -0.619653
v 0.400399 -0.046345 -0.619653
v 0.400439 -0.046390 -0.619653
v 0.400486 -0.046429 -0.619653
v 0.400540 -0.046459 -0.619653
v 0.400601 -0.046481 -0.619653
v 0.400670 -0.046493 -0.619653
v 0.400745 -0.046495 -0.619653
v 0.400957 -0.046487 -0.619653
v 0.401167 -0.046482 -0.619653
v 0.401378 -0.046479 -0.619653
v 0.401588 -0.046478 -0.619653
v 0.401797 -0.046478 -0.619653
v 0.402007 -0.046479 -0.619653
v 0.402216 -0.046480 -0.619653
v 0.402426 -0.046481 -0.619653
v 0.402636 -0.046482 -0.619653
v 0.402846 -0.046482 -0.619653
v 0.403057 -0.046480 -0.619653
v 0.403268 -0.046477 -0.619653
v 0.403369 -0.046477 -0.619653
v 0.403468 -0.046476 -0.619653
v 0.403566 -0.046473 -0.619653
v 0.403664 -0.046468 -0.619653
v 0.403761 -0.046460 -0.619653
v 0.403857 -0.046448 -0.619653
v 0.403952 -0.046431 -0.619653
v 0.404048 -0.046409 -0.619653
v 0.404144 -0.046380 -0.619653
v 0.404239 -0.046344 -0.619653
v 0.404336 -0.046300 -0.619653
v 0.404432 -0.046248 -0.619653
v 0.404584 -0.046150 -0.619653
v 0.404730 -0.046035 -0.619653
v 0.404869 -0.045903 -0.619653
v 0.404999 -0.045755 -0.619653
v 0.405120 -0.045593 -0.619653
v 0.405228 -0.045419 -0.619653
v 0.405324 -0.045232 -0.619653
v 0.405406 -0.045035 -0.619653
v 0.405472 -0.044829 -0.619653
v 0.405520 -0.044615 -0.619653
v 0.405551 -0.044393 -0.619653
v 0.405561 -0.044167 -0.619653
v 0.405561 -0.038302 -0.619653
v 0.405561 -0.032438 -0.619653
v 0.405561 -0.026574 -0.619653
v 0.405561 -0.020711 -0.619653
v 0.405560 -0.014847 -0.619653
v 0.405559 -0.008984 -0.619653
v 0.405558 -0.003121 -0.619653
v 0.405556 0.002742 -0.619653
v 0.405554 0.008603 -0.619653
v 0.405551 0.014465 -0.619653
v 0.405548 0.020326 -0.619653
v 0.405544 0.026186 -0.633653
v 0.405541 0.026283 -0.633653
v 0.405535 0.026381 -0.633653
v 0.405525 0.026478 -0.633653
v 0.405510 0.026576 -0.633653
v 0.405492 0.026672 -0.633653
v 0.405471 0.026768 -0.633653
v 0.405446 0.026862 -0.633653
v 0.405418 0.026954 -0.633653
v 0.405387 0.027044 -0.633653
v 0.405354 0.027131 -0.633653
v 0.405318 0.027216 -0.633653
v 0.405279 0.027297 -0.633653
v 0.405189 0.027455 -0.633653
v 0.405090 0.027589 -0.633653
v 0.404981 0.027700 -0.633653
v 0.404864 0.027793 -0.633653
v 0.404741 0.027869 -0.633653
v 0.404613 0.027932 -0.633653
v 0.404481 0.027984 -0.633653
v 0.404347 0.028030 -0.633653
v 0.404212 0.028071 -0.633653
v 0.404078 0.028110 -0.633653
v 0.403945 0.028151 -0.633653
v 0.403815 0.028196 -0.633653
v 0.403719 0.028226 -0.633653
v 0.403626 0.028256 -0.633653
v 0.403535 0.028287 -0.633653
v 0.403448 0.028322 -0.633653
v 0.403364 0.028361 -0.633653
v 0.403283 0.028408 -0.633653
v 0.403207 0.028463 -0.633653
v 0.403135 0.028529 -0.633653
v 0.403068 0.028608 -0.633653
v 0.403006 0.028701 -0.633653
v 0.402949 0.028810 -0.633653
v 0.402898 0.028937 -0.633653
v 0.402870 0.029021 -0.633653
v 0.402839 0.029105 -0.633653
v 0.402805 0.029189 -0.633653
v 0.402769 0.029273 -0.633653
v 0.402731 0.029355 -0.633653
v 0.402690 0.029435 -0.633653
v 0.402647 0.029513 -0.633653
v 0.402602 0.029589 -0.633653
v 0.402555 0.029661 -0.633653
v 0.402506 0.029730 -0.633653
v 0.402456 0.029794 -0.633653
v 0.402404 0.029854 -0.633653
v 0.402336 0.029923 -0.633653
v 0.402266 0.029987 -0.633653
v 0.402193 0.030048 -0.633653
v 0.402119 0.030106 -0.633653
v 0.402042 0.030162 -0.633653
v 0.401965 0.030216 -0.633653
v 0.401886 0.030268 -0.633653
v 0.401806 0.030319 -0.633653
v 0.401726 0.030370 -0.633653
v 0.401646 0.030421 -0.633653
v 0.401566 0.030472 -0.633653
v 0.401486 0.030524 -0.633653
v 0.401392 0.030609 -0.633653
v 0.401304 0.030720 -0.633653
v 0.401224 0.030852 -0.633653
v 0.401153 0.031002 -0.633653
v 0.401092 0.031164 -0.633653
v 0.401043 0.031336 -0.633653
v 0.401007 0.031511 -0.633653
v 0.400984 0.031687 -0.633653
v 0.400978 0.031859 -0.633653
v 0.400988 0.032022 -0.633653
v 0.401016 0.032172 -0.633653
v 0.401063 0.032306 -0.633653
v 0.401149 0.032494 -0.633653
v 0.401238 0.032679 -0.633653
v 0.401329 0.032864 -0.633653
v 0.401419 0.033049 -0.633653
v 0.401507 0.033236 -0.633653
v 0.401590 0.033426 -0.633653
v 0.401667 0.033620 -0.633653
v 0.401736 0.033820 -0.633653
v 0.401795 0.034027 -0.633653
v 0.401842 0.034242 -0.633653
v 0.401875 0.034468 -0.633653
v 0.401892 0.034704 -0.633653
v 0.401905 0.034885 -0.633653
v 0.401924 0.035066 -0.633653
v 0.401949 0.035247 -0.633653
v 0.401979 0.035428 -0.633653
v 0.402012 0.035609 -0.633653
v 0.402046 0.035791 -0.633653
v 0.402082 0.035973 -0.633653
v 0.402117 0.036156 -0.633653
v 0.402150 0.036339 -0.633653
v 0.402180 0.036522 -0.633653
v 0.402206 0.036706 -0.633653
v 0.402227 0.036891 -0.633653
v 0.402233 0.036985 -0.633653
v 0.402233 0.037080 -0.633653
v 0.402227 0.037177 -0.633653
v 0.402218 0.037276 -0.633653
v 0.402205 0.037375 -0.633653
v 0.402190 0.037475 -0.633653
v 0.402172 0.037576 -0.633653
v 0.402154 0.037676 -0.633653
v 0.402135 0.037777 -0.633653
v 0.402117 0.037876 -0.633653
v 0.402101 0.037975 -0.633653
v 0.402086 0.038073 -0.633653
v 0.402069 0.038245 -0.633653
v 0.402052 0.038417 -0.633653
v 0.402035 0.038589 -0.633653
v 0.402019 0.038761 -0.633653
v 0.402002 0.038933 -0.633653
v 0.401985 0.039105 -0.633653
v 0.401967 0.039276 -0.633653
v 0.401948 0.039448 -0.633653
v 0.401927 0.039620 -0.633653
v 0.401906 0.039792 -0.633653
v 0.401882 0.039964 -0.633653
v 0.401857 0.040136 -0.633653
v 0.401834 0.040264 -0.633653
v 0.401810 0.040393 -0.633653
v 0.401784 0.040522 -0.633653
v 0.401756 0.040651 -0.633653
v 0.401727 0.040780 -0.633653
v 0.401696 0.040908 -0.633653
v 0.401663 0.041035 -0.633653
v 0.401628 0.041162 -0.633653
v 0.401591 0.041287 -0.633653
v 0.401553 0.041411 -0.633653
v 0.401512 0.041533 -0.633653
v 0.401469 0.041653 -0.633653
v 0.401415 0.041798 -0.633653
v 0.401359 0.041941 -0.633653
v 0.401301 0.042083 -0.633653
v 0.401241 0.042225 -0.633653
v 0.401180 0.042365 -0.633653
v 0.401118 0.042504 -0.633653
v 0.401055 0.042643 -0.633653
v 0.400990 0.042780 -0.633653
v 0.400925 0.042918 -0.633653
v 0.400860 0.043055 -0.633653
v 0.400794 0.043192 -0.633653
v 0.400728 0.043328 -0.633653
v 0.400621 0.043553 -0.633653
v 0.400512 0.043774 -0.633653
v 0.400401 0.043994 -0.633653
v 0.400286 0.044210 -0.633653
v 0.400167 0.044422 -0.633653
v 0.400044 0.044629 -0.633653
v 0.399916 0.044832 -0.633653
v 0.399782 0.045028 -0.633653
v 0.399641 0.045218 -0.633653
v 0.399494 0.045402 -0.633653
v 0.399339 0.045577 -0.633653
v 0.399175 0.045745 -0.633653
v 0.399044 0.045875 -0.633653
v 0.398915 0.046009 -0.633653
v 0.398787 0.046146 -0.633653
v 0.398661 0.046286 -0.633653
v 0.398536 0.046429 -0.633653
v 0.398412 0.046574 -0.633653
v 0.398289 0.046720 -0.633653
v 0.398167 0.046867 -0.633653
v 0.398044 0.047015 -0.633653
v 0.397922 0.047162 -0.633653
v 0.397799 0.047309 -0.633653
v 0.397676 0.047455 -0.633653
v 0.397625 0.047518 -0.633653
v 0.397576 0.047582 -0.633653
v 0.397532 0.047649 -0.633653
v 0.397490 0.047719 -0.633653
v 0.397453 0.047791 -0.633653
v 0.397420 0.047868 -0.633653
v 0.397392 0.047948 -0.633653
v 0.397368 0.048033 -0.633653
v 0.397349 0.048123 -0.633653
v 0.397335 0.048218 -0.633653
v 0.397326 0.048318 -0.633653
v 0.397323 0.048425 -0.633653
v 0.397331 0.048809 -0.633653
v 0.397337 0.049194 -0.633653
v 0.397341 0.049579 -0.633653
v 0.397343 0.049964 -0.633653
v 0.397345 0.050350 -0.633653
v 0.397345 0.050736 -0.633653
v 0.397345 0.051122 -0.633653
v 0.397344 0.051507 -0.633653
v 0.397343 0.051893 -0.633653
v 0.397342 0.052278 -0.633653
v 0.397341 0.052662 -0.633653
v 0.397341 0.053046 -0.633653
v 0.397284 0.053088 -0.633653
v 0.397229 0.053133 -0.633653
v 0.397175 0.053179 -0.633653
v 0.397121 0.053227 -0.633653
v 0.397069 0.053273 -0.633653
v 0.397017 0.053317 -0.633653
v 0.396965 0.053358 -0.633653
v 0.396914 0.053395 -0.633653
v 0.396862 0.053426 -0.633653
v 0.396810 0.053449 -0.633653
v 0.396758 0.053464 -0.633653
v 0.396706 0.053469 -0.633653
v 0.396326 0.053477 -0.633653
v 0.395946 0.053483 -0.633653
v 0.395564 0.053487 -0.633653
v 0.395182 0.053490 -0.633653
v 0.394798 0.053491 -0.633653
v 0.394413 0.053492 -0.633653
v 0.394026 0.053491 -0.633653
v 0.393638 0.053490 -0.633653
v 0.393248 0.053489 -0.633653
v 0.392856 0.053488 -0.633653
v 0.392462 0.053487 -0.633653
v 0.392066 0.053487 -0.633653
v 0.392066 0.053474 -0.633653
v 0.392066 0.053439 -0.633653
v 0.392066 0.053385 -0.633653
v 0.392066 0.053318 -0.633653
v 0.392066 0.053242 -0.633653
v 0.392066 0.053161 -0.633653
v 0.392066 0.053080 -0.633653
v 0.392066 0.053004 -0.633653
v 0.392066 0.052937 -0.633653
v 0.392066 0.052883 -0.633653
v 0.392066 0.052847 -0.633653
v 0.392066 0.052835 -0.633653
v 0.392066 0.052801 -0.633653
v 0.392066 0.052704 -0.633653
v 0.392066 0.052550 -0.633653
v 0.392066 0.052343 -0.633653
v 0.392066 0.052091 -0.633653
v 0.392066 0.051798 -0.633653
v 0.392066 0.051471 -0.633653
v 0.392066 0.051115 -0.633653
v 0.392066 0.050736 -0.633653
v 0.392066 0.050340 -0.633653
v 0.392066 0.049932 -0.633653
v 0.392066 0.049519 -0.633653
v 0.392135 0.049463 -0.633653
v 0.392198 0.049403 -0.633653
v 0.392257 0.049338 -0.633653
v 0.392311 0.049269 -0.633653
v 0.392359 0.049195 -0.633653
v 0.392402 0.049118 -0.633653
v 0.392438 0.049037 -0.633653
v 0.392469 0.048952 -0.633653
v 0.392493 0.048864 -0.633653
v 0.392511 0.048773 -0.633653
v 0.392521 0.048680 -0.633653
v 0.392525 0.048584 -0.633653
v 0.392521 0.048488 -0.633653
v 0.392511 0.048395 -0.633653
v 0.392493 0.048304 -0.633653
v 0.392469 0.048216 -0.633653
v 0.392438 0.048132 -0.633653
v 0.392402 0.048051 -0.633653
v 0.392359 0.047973 -0.633653
v 0.392311 0.047900 -0.633653
v 0.392257 0.047830 -0.633653
v 0.392198 0.047765 -0.633653
v 0.392135 0.047705 -0.633653
v 0.392066 0.047649 -0.633653
v 0.392066 0.047593 -0.633653
v 0.392066 0.047437 -0.633653
v 0.392066 0.047200 -0.633653
v 0.392066 0.046904 -0.633653
v 0.392066 0.046568 -0.633653
v 0.392066 0.046212 -0.633653
v 0.392066 0.045856 -0.633653
v 0.392066 0.045520 -0.633653
v 0.392066 0.045224 -0.633653
v 0.392066 0.044988 -0.633653
v 0.392066 0.044831 -0.633653
v 0.392066 0.044775 -0.633653
v 0.392135 0.044719 -0.633653
v 0.392198 0.044659 -0.633653
v 0.392257 0.044594 -0.633653
v 0.392311 0.044524 -0.633653
v 0.392359 0.044451 -0.633653
v 0.392402 0.044373 -0.633653
v 0.392438 0.044292 -0.633653
v 0.392469 0.044208 -0.633653
v 0.392493 0.044120 -0.633653
v 0.392511 0.044029 -0.633653
v 0.392521 0.043936 -0.633653
v 0.392525 0.043840 -0.633653
v 0.392521 0.043748 -0.633653
v 0.392511 0.043658 -0.633653
v 0.392493 0.043570 -0.633653
v 0.392469 0.043484 -0.633653
v 0.392438 0.043400 -0.633653
v 0.392402 0.043320 -0.633653
v 0.392359 0.043242 -0.633653
v 0.392311 0.043167 -0.633653
v 0.392257 0.043096 -0.633653
v 0.392198 0.043028 -0.633653
v 0.392135 0.042965 -0.633653
v 0.392066 0.042905 -0.633653
v 0.392066 0.042849 -0.633653
v 0.392066 0.042694 -0.633653
v 0.392066 0.042459 -0.633653
v 0.392066 0.042165 -0.633653
v 0.392066 0.041830 -0.633653
v 0.392066 0.041477 -0.633653
v 0.392066 0.041123 -0.633653
v 0.392066 0.040789 -0.633653
v 0.392066 0.040495 -0.633653
v 0.392066 0.040260 -0.633653
v 0.392066 0.040104 -0.633653
v 0.392066 0.040048 -0.633653
v 0.392135 0.039993 -0.633653
v 0.392198 0.039932 -0.633653
v 0.392257 0.039867 -0.633653
v 0.392311 0.039798 -0.633653
v 0.392359 0.039724 -0.633653
v 0.392402 0.039647 -0.633653
v 0.392438 0.039566 -0.633653
v 0.392469 0.039481 -0.633653
v 0.392493 0.039393 -0.633653
v 0.392511 0.039303 -0.633653
v 0.392521 0.039209 -0.633653
v 0.392525 0.039113 -0.633653
v 0.392521 0.039017 -0.633653
v 0.392511 0.038924 -0.633653
v 0.392493 0.038833 -0.633653
v 0.392469 0.038746 -0.633653
v 0.392438 0.038661 -0.633653
v 0.392402 0.038580 -0.633653
v 0.392359 0.038502 -0.633653
v 0.392311 0.038429 -0.633653
v 0.392257 0.038359 -0.633653
v 0.392198 0.038294 -0.633653
v 0.392135 0.038234 -0.633653
v 0.392066 0.038179 -0.633653
v 0.392066 0.038146 -0.633653
v 0.392066 0.038052 -0.633653
v 0.392066 0.037903 -0.633653
v 0.392066 0.037703 -0.633653
v 0.392066 0.037459 -0.633653
v 0.392066 0.037176 -0.633653
v 0.392066 0.036859 -0.633653
v 0.392066 0.036514 -0.633653
v 0.392066 0.036147 -0.633653
v 0.392066 0.035764 -0.633653
v 0.392066 0.035369 -0.633653
v 0.392066 0.034969 -0.633653
v 0.392065 0.034779 -0.633653
v 0.392061 0.034588 -0.633653
v 0.392058 0.034397 -0.633653
v 0.392058 0.034208 -0.633653
v 0.392064 0.034022 -0.633653
v 0.392077 0.033838 -0.633653
v 0.392102 0.033658 -0.633653
v 0.392140 0.033483 -0.633653
v 0.392193 0.033315 -0.633653
v 0.392264 0.033152 -0.633653
v 0.392357 0.032998 -0.633653
v 0.392472 0.032852 -0.633653
v 0.392476 0.032848 -0.633653
v 0.392480 0.032844 -0.633653
v 0.392482 0.032839 -0.633653
v 0.392485 0.032835 -0.633653
v 0.392486 0.032830 -0.633653
v 0.392488 0.032826 -0.633653
v 0.392488 0.032821 -0.633653
v 0.392489 0.032817 -0.633653
v 0.392489 0.032813 -0.633653
v 0.392490 0.032808 -0.633653
v 0.392490 0.032804 -0.633653
v 0.392490 0.032799 -0.633653
v 0.392578 0.032592 -0.633653
v 0.392666 0.032384 -0.633653
v 0.392754 0.032175 -0.633653
v 0.392843 0.031966 -0.633653
v 0.392931 0.031757 -0.633653
v 0.393019 0.031547 -0.633653
v 0.393107 0.031338 -0.633653
v 0.393195 0.031129 -0.633653
v 0.393284 0.030919 -0.633653
v 0.393372 0.030711 -0.633653
v 0.393460 0.030503 -0.633653
v 0.393548 0.030295 -0.633653
v 0.393641 0.030084 -0.633653
v 0.393735 0.029873 -0.633653
v 0.393829 0.029663 -0.633653
v 0.393923 0.029453 -0.633653
v 0.394018 0.029244 -0.633653
v 0.394113 0.029034 -0.633653
v 0.394207 0.028825 -0.633653
v 0.394302 0.028615 -0.633653
v 0.394397 0.028405 -0.633653
v 0.394491 0.028195 -0.633653
v 0.394584 0.027984 -0.633653
v 0.394677 0.027773 -0.633653
v 0.394809 0.027473 -0.633653
v 0.394939 0.027172 -0.633653
v 0.395068 0.026871 -0.633653
v 0.395197 0.026569 -0.633653
v 0.395324 0.026267 -0.633653
v 0.395451 0.025965 -0.633653
v 0.395578 0.025663 -0.633653
v 0.395704 0.025361 -0.633653
v 0.395831 0.025060 -0.633653
v 0.395957 0.024759 -0.633653
v 0.396084 0.024458 -0.633653
v 0.396212 0.024158 -0.633653
v 0.396303 0.023936 -0.633653
v 0.396393 0.023712 -0.633653
v 0.396482 0.023486 -0.633653
v 0.396571 0.023259 -0.633653
v 0.396659 0.023033 -0.633653
v 0.396748 0.022806 -0.633653
v 0.396838 0.022581 -0.633653
v 0.396929 0.022357 -0.633653
v 0.397023 0.022136 -0.633653
v 0.397120 0.021918 -0.633653
v 0.397219 0.021704 -0.633653
v 0.397323 0.021494 -0.633653
v 0.397471 0.021201 -0.633653
v 0.397604 0.020904 -0.633653
v 0.397724 0.020602 -0.633653
v 0.397831 0.020295 -0.633653
v 0.397925 0.019984 -0.633653
v 0.398007 0.019669 -0.633653
v 0.398075 0.019349 -0.633653
v 0.398132 0.019025 -0.633653
v 0.398177 0.018697 -0.633653
v 0.398209 0.018364 -0.633653
v 0.398231 0.018027 -0.633653
v 0.398240 0.017685 -0.633653
v 0.398244 0.017279 -0.633653
v 0.398247 0.016872 -0.633653
v 0.398248 0.016465 -0.633653
v 0.398248 0.016058 -0.633653
v 0.398248 0.015650 -0.633653
v 0.398247 0.015242 -0.633653
v 0.398246 0.014834 -0.633653
v 0.398244 0.014427 -0.633653
v 0.398243 0.014019 -0.633653
v 0.398242 0.013612 -0.633653
v 0.398241 0.013206 -0.633653
v 0.398240 0.012800 -0.633653
v 0.398240 0.010405 -0.633653
v 0.398240 0.008011 -0.633653
v 0.398240 0.005617 -0.633653
v 0.398240 0.003223 -0.633653
v 0.398240 0.000829 -0.633653
v 0.398240 -0.001565 -0.633653
v 0.398240 -0.003960 -0.633653
v 0.398240 -0.006354 -0.633653
v 0.398240 -0.008748 -0.633653
v 0.398240 -0.011142 -0.633653
v 0.398240 -0.013536 -0.633653
v 0.398240 -0.015930 -0.633653
v 0.398239 -0.016029 -0.633653
v 0.398236 -0.016129 -0.633653
v 0.398230 -0.016231 -0.633653
v 0.398221 -0.016333 -0.633653
v 0.398209 -0.016434 -0.633653
v 0.398194 -0.016534 -0.633653
v 0.398176 -0.016632 -0.633653
v 0.398154 -0.016727 -0.633653
v 0.398129 -0.016818 -0.633653
v 0.398100 -0.016904 -0.633653
v 0.398066 -0.016985 -0.633653
v 0.398029 -0.017059 -0.633653
v 0.397919 -0.017244 -0.633653
v 0.397801 -0.017413 -0.633653
v 0.397676 -0.017565 -0.633653
v 0.397544 -0.017701 -0.633653
v 0.397405 -0.017823 -0.633653
v 0.397259 -0.017930 -0.633653
v 0.397107 -0.018024 -0.633653
v 0.396949 -0.018104 -0.633653
v 0.396786 -0.018173 -0.633653
v 0.396617 -0.018230 -0.633653
v 0.396443 -0.018276 -0.633653
v 0.396265 -0.018311 -0.633653
v 0.396048 -0.018341 -0.633653
v 0.395831 -0.018361 -0.633653
v 0.395614 -0.018375 -0.633653
v 0.395396 -0.018383 -0.633653
v 0.395178 -0.018389 -0.633653
v 0.394959 -0.018395 -0.633653
v 0.394741 -0.018403 -0.633653
v 0.394523 -0.018416 -0.633653
v 0.394305 -0.018435 -0.633653
v 0.394087 -0.018464 -0.633653
v 0.393870 -0.018504 -0.633653
v 0.393654 -0.018558 -0.633653
v 0.393514 -0.018593 -0.633653
v 0.393375 -0.018629 -0.633653
v 0.393237 -0.018665 -0.633653
v 0.393101 -0.018704 -0.633653
v 0.392967 -0.018746 -0.633653
v 0.392834 -0.018792 -0.633653
v 0.392702 -0.018843 -0.633653
v 0.392572 -0.018901 -0.633653
v 0.392443 -0.018965 -0.633653
v 0.392316 -0.019038 -0.633653
v 0.392191 -0.019119 -0.633653
v 0.392066 -0.019211 -0.633653
v 0.392066 -0.019290 -0.633653
v 0.392066 -0.019509 -0.633653
v 0.392066 -0.019839 -0.633653
v 0.392066 -0.020253 -0.633653
v 0.392066 -0.020723 -0.633653
v 0.392066 -0.021221 -0.633653
v 0.392066 -0.021719 -0.633653
v 0.392066 -0.022189 -0.633653
v 0.392066 -0.022604 -0.633653
v 0.392066 -0.022934 -0.633653
v 0.392066 -0.023153 -0.633653
v 0.392066 -0.023232 -0.633653
v 0.392135 -0.023287 -0.633653
v 0.392198 -0.023348 -0.633653
v 0.392257 -0.023413 -0.633653
v 0.392311 -0.023482 -0.633653
v 0.392359 -0.023556 -0.633653
v 0.392402 -0.023633 -0.633653
v 0.392438 -0.023714 -0.633653
v 0.392469 -0.023799 -0.633653
v 0.392493 -0.023887 -0.633653
v 0.392511 -0.023977 -0.633653
v 0.392521 -0.024071 -0.633653
v 0.392525 -0.024167 -0.633653
v 0.392521 -0.024258 -0.633653
v 0.392511 -0.024349 -0.633653
v 0.392493 -0.024437 -0.633653
v 0.392469 -0.024523 -0.633653
v 0.392438 -0.024606 -0.633653
v 0.392402 -0.024687 -0.633653
v 0.392359 -0.024765 -0.633653
v 0.392311 -0.024839 -0.633653
v 0.392257 -0.024911 -0.633653
v 0.392198 -0.024978 -0.633653
v 0.392135 -0.025042 -0.633653
v 0.392066 -0.025101 -0.633653
v 0.392066 -0.025158 -0.633653
v 0.392066 -0.025313 -0.633653
v 0.392066 -0.025548 -0.633653
v 0.392066 -0.025842 -0.633653
v 0.392066 -0.026176 -0.633653
v 0.392066 -0.026530 -0.633653
v 0.392066 -0.026884 -0.633653
v 0.392066 -0.027218 -0.633653
v 0.392066 -0.027512 -0.633653
v 0.392066 -0.027747 -0.633653
v 0.392066 -0.027902 -0.633653
v 0.392066 -0.027959 -0.633653
v 0.392135 -0.028014 -0.633653
v 0.392198 -0.028074 -0.633653
v 0.392257 -0.028139 -0.633653
v 0.392311 -0.028209 -0.633653
v 0.392359 -0.028282 -0.633653
v 0.392402 -0.028360 -0.633653
v 0.392438 -0.028441 -0.633653
v 0.392469 -0.028526 -0.633653
v 0.392493 -0.028613 -0.633653
v 0.392511 -0.028704 -0.633653
v 0.392521 -0.028797 -0.633653
v 0.392525 -0.028893 -0.633653
v 0.392521 -0.028989 -0.633653
v 0.392511 -0.029083 -0.633653
v 0.392493 -0.029173 -0.633653
v 0.392469 -0.029261 -0.633653
v 0.392438 -0.029346 -0.633653
v 0.392402 -0.029427 -0.633653
v 0.392359 -0.029504 -0.633653
v 0.392311 -0.029578 -0.633653
v 0.392257 -0.029647 -0.633653
v 0.392198 -0.029712 -0.633653
v 0.392135 -0.029773 -0.633653
v 0.392066 -0.029828 -0.633653
v 0.392066 -0.029884 -0.633653
v 0.392066 -0.030040 -0.633653
v 0.392066 -0.030274 -0.633653
v 0.392066 -0.030569 -0.633653
v 0.392066 -0.030903 -0.633653
v 0.392066 -0.031257 -0.633653
v 0.392066 -0.031610 -0.633653
v 0.392066 -0.031944 -0.633653
v 0.392066 -0.032239 -0.633653
v 0.392066 -0.032474 -0.633653
v 0.392066 -0.032629 -0.633653
v 0.392066 -0.032685 -0.633653
v 0.392135 -0.032745 -0.633653
v 0.392198 -0.032808 -0.633653
v 0.392257 -0.032876 -0.633653
v 0.392311 -0.032947 -0.633653
v 0.392359 -0.033022 -0.633653
v 0.392402 -0.033100 -0.633653
v 0.392438 -0.033180 -0.633653
v 0.392469 -0.033264 -0.633653
v 0.392493 -0.033350 -0.633653
v 0.392511 -0.033438 -0.633653
v 0.392521 -0.033528 -0.633653
v 0.392525 -0.033620 -0.633653
v 0.392521 -0.033716 -0.633653
v 0.392511 -0.033809 -0.633653
v 0.392493 -0.033900 -0.633653
v 0.392469 -0.033988 -0.633653
v 0.392438 -0.034072 -0.633653
v 0.392402 -0.034153 -0.633653
v 0.392359 -0.034231 -0.633653
v 0.392311 -0.034304 -0.633653
v 0.392257 -0.034374 -0.633653
v 0.392198 -0.034439 -0.633653
v 0.392135 -0.034499 -0.633653
v 0.392066 -0.034555 -0.633653
v 0.392066 -0.034586 -0.633653
v 0.392066 -0.034675 -0.633653
v 0.392066 -0.034818 -0.633653
v 0.392066 -0.035009 -0.633653
v 0.392066 -0.035243 -0.633653
v 0.392066 -0.035514 -0.633653
v 0.392066 -0.035816 -0.633653
v 0.392066 -0.036146 -0.633653
v 0.392066 -0.036497 -0.633653
v 0.392066 -0.036863 -0.633653
v 0.392066 -0.037241 -0.633653
v 0.392066 -0.037623 -0.633653
v 0.392069 -0.037665 -0.633653
v 0.392075 -0.037709 -0.633653
v 0.392085 -0.037755 -0.633653
v 0.392098 -0.037802 -0.633653
v 0.392114 -0.037849 -0.633653
v 0.392132 -0.037895 -0.633653
v 0.392153 -0.037939 -0.633653
v 0.392176 -0.037980 -0.633653
v 0.392200 -0.038018 -0.633653
v 0.392226 -0.038051 -0.633653
v 0.392252 -0.038078 -0.633653
v 0.392278 -0.038100 -0.633653
v 0.392323 -0.038129 -0.633653
v 0.392370 -0.038156 -0.633653
v 0.392419 -0.038180 -0.633653
v 0.392469 -0.038202 -0.633653
v 0.392520 -0.038222 -0.633653
v 0.392571 -0.038241 -0.633653
v 0.392623 -0.038258 -0.633653
v 0.392675 -0.038273 -0.633653
v 0.392727 -0.038288 -0.633653
v 0.392778 -0.038302 -0.633653
v 0.392829 -0.038316 -0.633653
v 0.392878 -0.038329 -0.633653
v 0.392992 -0.038349 -0.633653
v 0.393107 -0.038366 -0.633653
v 0.393221 -0.038382 -0.633653
v 0.393335 -0.038397 -0.633653
v 0.393449 -0.038415 -0.633653
v 0.393561 -0.038435 -0.633653
v 0.393673 -0.038459 -0.633653
v 0.393785 -0.038490 -0.633653
v 0.393895 -0.038527 -0.633653
v 0.394004 -0.038574 -0.633653
v 0.394112 -0.038631 -0.633653
v 0.394218 -0.038699 -0.633653
v 0.394317 -0.038766 -0.633653
v 0.394418 -0.038824 -0.633653
v 0.394521 -0.038876 -0.633653
v 0.394626 -0.038923 -0.633653
v 0.394733 -0.038966 -0.633653
v 0.394840 -0.039006 -0.633653
v 0.394949 -0.039043 -0.633653
v 0.395057 -0.039081 -0.633653
v 0.395166 -0.039118 -0.633653
v 0.395274 -0.039158 -0.633653
v 0.395382 -0.039200 -0.633653
v 0.395489 -0.039246 -0.633653
v 0.395559 -0.039277 -0.633653
v 0.395630 -0.039311 -0.633653
v 0.395700 -0.039345 -0.633653
v 0.395770 -0.039381 -0.633653
v 0.395839 -0.039419 -0.633653
v 0.395908 -0.039458 -0.633653
v 0.395976 -0.039498 -0.633653
v 0.396043 -0.039540 -0.633653
v 0.396109 -0.039583 -0.633653
v 0.396174 -0.039628 -0.633653
v 0.396238 -0.039674 -0.633653
v 0.396300 -0.039722 -0.633653
v 0.396401 -0.039802 -0.633653
v 0.396501 -0.039881 -0.633653
v 0.396601 -0.039961 -0.633653
v 0.396699 -0.040042 -0.633653
v 0.396797 -0.040124 -0.633653
v 0.396893 -0.040207 -0.633653
v 0.396989 -0.040292 -0.633653
v 0.397083 -0.040378 -0.633653
v 0.397176 -0.040466 -0.633653
v 0.397267 -0.040557 -0.633653
v 0.397358 -0.040649 -0.633653
v 0.397447 -0.040745 -0.633653
v 0.397588 -0.040900 -0.633653
v 0.397729 -0.041055 -0.633653
v 0.397869 -0.041212 -0.633653
v 0.398009 -0.041370 -0.633653
v 0.398147 -0.041530 -0.633653
v 0.398285 -0.041691 -0.633653
v 0.398420 -0.041854 -0.633653
v 0.398555 -0.042019 -0.633653
v 0.398687 -0.042186 -0.633653
v 0.398817 -0.042356 -0.633653
v 0.398945 -0.042528 -0.633653
v 0.399070 -0.042703 -0.633653
v 0.399138 -0.042808 -0.633653
v 0.399201 -0.042919 -0.633653
v 0.399261 -0.043035 -0.633653
v 0.399318 -0.043156 -0.633653
v 0.399373 -0.043280 -0.633653
v 0.399427 -0.043406 -0.633653
v 0.399479 -0.043533 -0.633653
v 0.399532 -0.043660 -0.633653
v 0.399586 -0.043787 -0.633653
v 0.399640 -0.043911 -0.633653
v 0.399698 -0.044032 -0.633653
v 0.399758 -0.044149 -0.633653
v 0.399835 -0.044286 -0.633653
v 0.399908 -0.044424 -0.633653
v 0.399977 -0.044564 -0.633653
v 0.400040 -0.044707 -0.633653
v 0.400098 -0.044852 -0.633653
v 0.400150 -0.045000 -0.633653
v 0.400195 -0.045152 -0.633653
v 0.400233 -0.045308 -0.633653
v 0.400264 -0.045468 -0.633653
v 0.400286 -0.045634 -0.633653
v 0.400300 -0.045806 -0.633653
v 0.400304 -0.045983 -0.633653
v 0.400303 -0.046049 -0.633653
v 0.400309 -0.046114 -0.633653
v 0.400321 -0.046177 -0.633653
v 0.400340 -0.046237 -0.633653
v 0.400366 -0.046293 -0.633653
v 0.400399 -0.046345 -0.633653
v 0.400439 -0.046390 -0.633653
v 0.400486 -0.046429 -0.633653
v 0.400540 -0.046459 -0.633653
v 0.400601 -0.046481 -0.633653
v 0.400670 -0.046493 -0.633653
v 0.400745 -0.046495 -0.633653
v 0.400957 -0.046487 -0.633653
v 0.401167 -0.046482 -0.633653
v 0.401378 -0.046479 -0.633653
v 0.401588 -0.046478 -0.633653
v 0.401797 -0.046478 -0.633653
v 0.402007 -0.046479 -0.633653
v 0.402216 -0.046480 -0.633653
v 0.402426 -0.046481 -0.633653
v 0.402636 -0.046482 -0.633653
v 0.402846 -0.046482 -0.633653
v 0.403057 -0.046480 -0.633653
v 0.403268 -0.046477 -0.633653
v 0.403369 -0.046477 -0.633653
v 0.403468 -0.046476 -0.633653
v 0.403566 -0.046473 -0.633653
v 0.403664 -0.046468 -0.633653
v 0.403761 -0.046460 -0.633653
v 0.403857 -0.046448 -0.633653
v 0.403952 -0.046431 -0.633653
v 0.404048 -0.046409 -0.633653
v 0.404144 -0.046380 -0.633653
v 0.404239 -0.046344 -0.633653
v 0.404336 -0.046300 -0.633653
v 0.404432 -0.046248 -0.633653
v 0.404584 -0.046150 -0.633653
v 0.404730 -0.046035 -0.633653
v 0.404869 -0.045903 -0.633653
v 0.404999 -0.045755 -0.633653
v 0.405120 -0.045593 -0.633653
v 0.405228 -0.045419 -0.633653
v 0.405324 -0.045232 -0.633653
v 0.405406 -0.045035 -0.633653
v 0.405472 -0.044829 -0.633653
v 0.405520 -0.044615 -0.633653
v 0.405551 -0.044393 -0.633653
v 0.405561 -0.044167 -0.633653
v 0.405561 -0.038302 -0.633653
v 0.405561 -0.032438 -0.633653
v 0.405561 -0.026574 -0.633653
v 0.405561 -0.020711 -0.633653
v 0.405560 -0.014847 -0.633653
v 0.405559 -0.008984 -0.633653
v 0.405558 -0.003121 -0.633653
v 0.405556 0.002742 -0.633653
v 0.405554 0.008603 -0.633653
v 0.405551 0.014465 -0.633653
v 0.405548 0.020326 -0.633653
vn -1.0000 -0.0000 -0.0000
vn -1.0000 -0.0000 0.0005
vn -1.0000 -0.0000 -0.0007
vn -1.0000 -0.0000 0.0009
vn -1.0000 -0.0000 0.0013
vn -1.0000 -0.0000 0.0010
vn -1.0000 -0.0000 0.0011
vn -1.0000 -0.0000 -0.0006
vn -1.0000 -0.0000 0.0019
vn -1.0000 -0.0000 -0.0015
vn -1.0000 -0.0000 0.0001
vn -1.0000 -0.0000 0.0025
vn -1.0000 -0.0000 -0.0001
vn -1.0000 -0.0000 -0.0002
vn -1.0000 -0.0000 0.0004
vn -1.0000 -0.0000 -0.0003
vn -1.0000 -0.0000 0.0003
vn -1.0000 -0.0000 -0.0008
vn -1.0000 -0.0000 0.0002
vn -1.0000 -0.0000 0.0014
vn -0.9999 -0.0000 0.0130
vn -0.9999 -0.0000 -0.0103
vn -1.0000 -0.0000 -0.0005
vn -1.0000 -0.0000 0.0031
vn -1.0000 -0.0000 -0.0019
vn -1.0000 -0.0000 -0.0027
vn -1.0000 -0.0000 -0.0014
vn -1.0000 -0.0000 0.0053
vn -1.0000 -0.0000 -0.0011
vn -1.0000 -0.0000 -0.0009
vn -1.0000 -0.0000 0.0006
vn -1.0000 -0.0000 0.0007
vn -1.0000 -0.0000 -0.0010
vn -1.0000 -0.0000 -0.0012
vn -1.0000 -0.0000 -0.0004
vn -1.0000 -0.0000 -0.0043
vn -1.0000 -0.0000 0.0023
vn -1.0000 -0.0000 0.0034
vn -1.0000 -0.0000 -0.0075
vn -1.0000 -0.0000 0.0022
vn -0.9984 -0.0000 0.0563
vn -0.9993 -0.0000 0.0386
vn -0.9877 -0.0000 0.1565
vn -1.0000 -0.0000 -0.0013
vn -1.0000 -0.0000 0.0012
vn -1.0000 -0.0000 0.0017
vn -1.0000 -0.0000 -0.0029
vn -1.0000 -0.0000 -0.0026
vn -1.0000 -0.0000 0.0033
vn -0.9999 -0.0000 0.0156
vn -1.0000 -0.0000 -0.0020
vn -1.0000 -0.0000 -0.0038
vn -1.0000 -0.0000 0.0052
vn -1.0000 -0.0000 -0.0033
vn -1.0000 -0.0000 -0.0096
vn -0.9999 -0.0000 0.0158
vn -1.0000 -0.0000 0.0015
vn -1.0000 -0.0000 -0.0025
vn -1.0000 -0.0000 0.0027
vn -1.0000 -0.0000 -0.0032
vn -0.0000 -0.1784 0.9840
vn -0.0000 -0.7255 -0.6882
vn -0.0000 0.9571 0.2898
vn -0.0000 -0.4125 -0.9110
vn -0.0000 -0.0000 -1.0000
vn -0.0000 0.3241 0.9460
vn -0.0000 0.6705 -0.7419
vn -0.0000 -0.3825 0.9240
vn -0.0000 0.7255 -0.6882
vn -0.0000 -0.6705 -0.7419
vn -0.0000 -0.4815 -0.8764
vn -0.0000 0.7431 0.6692
vn -0.0000 -0.3407 -0.9402
vn -0.0000 0.1832 0.9831
vn -0.0000 0.8386 -0.5447
vn -0.0000 -1.0000 0.0096
vn -0.0000 -0.6113 -0.7914
vn -0.0000 0.5459 0.8379
vn -0.0000 0.9318 -0.3630
vn -0.0000 -1.0000 0.0011
vn -0.0000 -0.9414 -0.3374
vn -0.0000 0.0004 1.0000
vn -0.0000 -0.1904 -0.9817
vn -0.0000 -0.8694 -0.4940
vn -0.0000 0.9982 -0.0607
vn -0.0000 0.9043 0.4268
vn -0.0000 1.0000 -0.0009
vn -0.0000 -0.1333 -0.9911
vn -0.0000 0.6352 -0.7723
vn -0.0000 -0.3300 -0.9440
vn -0.0000 0.8154 0.5789
vn -0.0000 1.0000 -0.0020
vn -0.0000 0.3815 -0.9244
vn -0.0000 -0.4974 -0.8675
vn -0.0000 -0.4677 -0.8839
vn -0.0000 -0.0067 1.0000
vn -0.0000 0.7488 0.6627
vn -0.0000 0.4915 0.8709
vn -0.0000 0.0031 -1.0000
vn -0.0000 -0.7116 -0.7025
vn -0.0000 -0.0000 1.0000
vn -0.0000 0.6444 0.7647
vn -0.0000 0.0271 0.9996
vn -0.0000 -0.3699 -0.9291
vn -0.0000 -0.0031 -1.0000
vn -0.0000 -0.8702 -0.4927
vn -0.0000 -0.7578 -0.6525
vn -0.0000 -0.0370 -0.9993
vn -0.0000 0.6405 0.7679
vn -0.0000 -0.4226 -0.9063
vn -0.0000 -0.9922 0.1244
vn -0.0000 0.5636 0.8261
vn -0.0000 -0.9051 -0.4251
vn -0.0000 -0.3890 -0.9212
vn -0.0000 -0.8646 -0.5025
vn -0.0000 0.4691 0.8832
vn -0.0000 -0.3866 -0.9222
vn -0.0000 -0.9198 -0.3924
vn -0.0000 0.8513 -0.5247
vn -0.0000 -0.0371 -0.9993
vn -0.0000 0.9951 0.0993
vn -0.0000 0.0602 -0.9982
vn -0.0000 0.3885 0.9215
vn -0.0000 -0.3902 -0.9207
vn -0.0000 -0.4124 -0.9110
vn -0.0000 -0.9360 0.3519
vn -0.0000 0.3367 0.9416
vn -0.0000 -0.0804 -0.9968
vn -0.0000 -0.4084 -0.9128
vn -0.0000 0.0020 1.0000
vn -0.0000 0.0020 -1.0000
vn -0.0000 -0.6710 -0.7414
vn -0.0000 0.1460 0.9893
vn -0.0000 -0.3893 -0.9211
vn -0.0000 -0.3755 -0.9268
vn -0.0000 0.1099 0.9939
vn -0.0000 0.5094 0.8606
vn -0.0000 0.1796 0.9837
vn -0.0000 0.9665 -0.2568
vn -0.0000 -0.0106 -0.9999
vn -0.0000 -0.2103 -0.9776
vn -0.0000 -0.5131 -0.8583
vn -0.0000 -0.6561 -0.7546
vn -0.0000 -0.1376 -0.9905
vn -0.0000 -0.8232 -0.5678
vn -0.0000 0.0954 0.9954
vn -0.0000 0.1150 -0.9934
vn -0.0000 -0.1351 -0.9908
vn -0.0000 0.6978 0.7163
vn -0.0000 -0.1611 0.9869
vn -0.0000 -0.9382 -0.3461
vn -0.0000 -0.1957 -0.9807
vn -0.0000 -0.8925 -0.4510
vn -0.0000 0.9668 -0.2555
vn -0.0000 0.4222 0.9065
vn -0.0000 -0.3335 0.9427
vn -0.0000 -0.0853 -0.9964
vn -0.0000 -0.0730 0.9973
vn -0.0000 -0.4059 -0.9139
vn -0.0000 0.1902 -0.9817
vn -0.0000 -0.4798 -0.8774
vn -0.0000 0.5800 0.8146
vn -0.0000 -0.1149 -0.9934
vn -0.0000 0.2092 0.9779
vn -0.0000 0.8410 0.5411
vn -0.0000 1.0000 0.0069
vn -0.0000 -0.3879 -0.9217
vn -0.0000 0.1832 -0.9831
vn -0.0000 0.7882 0.6154
vn -0.0000 -0.6061 -0.7954
vn -0.0000 -0.4040 -0.9148
vn -0.0000 -0.9769 -0.2136
vn -0.0000 0.3968 0.9179
vn -0.0000 0.0008 1.0000
vn -0.0000 0.4798 -0.8774
vn -0.0000 -0.6492 -0.7607
vn -0.0000 0.3749 0.9271
vn -0.0000 0.1956 -0.9807
vn -0.0000 0.0005 1.0000
vn -0.0000 -0.4078 -0.9131
vn -0.0000 0.9441 0.3295
vn -0.0000 0.2712 0.9625
vn -0.0000 -0.0627 -0.9980
vn -0.0000 -0.7830 -0.6221
vn -0.0000 0.1474 0.9891
vn -0.0000 0.6684 0.7438
vn -0.0000 0.0007 1.0000
vn -0.0000 -0.5385 -0.8426
vn -0.0000 -0.3711 -0.9286
vn -0.0000 -0.9400 -0.3411
vn -0.0000 0.9474 0.3202
vn -0.0000 0.4351 0.9004
vn -0.0000 -0.3940 -0.9191
vn -0.0000 0.1192 -0.9929
vn -0.0000 -0.1883 0.9821
vn -0.0000 -0.9845 -0.1753
vn -0.0000 0.0001 1.0000
vn -0.0000 -0.4247 0.9054
vn -0.0000 -0.3044 0.9525
vn -0.0000 0.0006 1.0000
vn -0.0000 0.2653 0.9642
vn -0.0000 -0.4377 0.8991
vn -0.0000 0.2898 0.9571
vn -0.0000 -0.3902 -0.9208
vn -0.0000 0.4815 -0.8764
vn -0.0000 0.7259 -0.6878
vn -0.0000 0.1452 0.9894
vn -0.0000 -0.7259 -0.6878
vn -0.0000 -0.9997 0.0235
vn -0.0000 -0.5965 0.8026
vn -0.0000 0.0961 0.9954
vn -0.0000 -0.2082 -0.9781
vn -0.0000 -0.8414 0.5405
vn -0.0000 0.8363 0.5483
vn -0.0000 0.8046 -0.5938
vn -0.0000 0.9150 -0.4034
vn -0.0000 -0.6708 -0.7416
vn -0.0000 -0.1114 0.9938
vn -0.0000 0.4122 -0.9111
vn -0.0000 0.0162 -0.9999
vn -0.0000 0.4125 -0.9110
vn -0.0000 -1.0000 -0.0031
vn -0.0000 0.9992 -0.0388
vn -0.0000 -0.4188 -0.9081
vn -0.0000 -0.3257 0.9455
vn -0.0000 -0.6085 -0.7936
vn -0.0000 0.5125 0.8587
vn -0.0000 -0.9890 -0.1477
vn -0.0000 -0.7071 -0.7071
vn -0.0000 0.7071 -0.7071
vn -0.0000 0.4520 -0.8920
vn -0.0000 1.0000 -0.0008
vn -0.0000 0.9983 -0.0578
vn -0.0000 -0.4921 -0.8706
vn -0.0000 0.9302 0.3670
vn -0.0000 -0.4122 -0.9111
vn -0.0000 -0.8697 -0.4936
vn -0.0000 0.6561 -0.7546
vn -0.0000 -0.3666 -0.9304
vn -0.0000 0.4294 0.9031
vn -0.0000 0.7583 0.6518
vn -0.0000 0.6708 -0.7416
vn -0.0000 -0.6205 -0.7842
vn -0.0000 0.6960 -0.7180
vn -0.0000 -0.0012 -1.0000
vn -0.0000 1.0000 -0.0021
vn -0.0000 0.0848 0.9964
vn -0.0000 -0.3705 -0.9288
vn -0.0000 0.6573 0.7536
vn -0.0000 -0.7658 -0.6430
vn -0.0000 -0.4433 -0.8964
vn -0.0000 0.4285 0.9035
vn -0.0000 0.7824 0.6228
vn -0.0000 0.6441 0.7650
vn -0.0000 -0.5439 -0.8391
vn -0.0000 -0.9126 -0.4088
vn -0.0000 0.9993 -0.0371
vn -0.0000 -0.3865 -0.9223
vn -0.0000 0.6993 0.7148
vn -0.0000 0.4531 0.8914
vn -0.0000 0.0035 -1.0000
vn -0.0000 -0.0105 0.9999
vn -0.0000 0.7361 0.6769
vn -0.0000 -0.7253 -0.6884
vn -0.0000 -0.1150 -0.9934
vn -0.0000 -0.9965 0.0835
vn -0.0000 0.9833 -0.1819
vn -0.0000 -0.3298 -0.9441
vn -0.0000 0.6404 0.7680
vn -0.0000 -0.8796 -0.4758
vn -0.0000 -0.1075 0.9942
vn -0.0000 0.7837 0.6211
vn -0.0000 -0.4106 -0.9118
vn -0.0000 0.3174 0.9483
vn -0.0000 -0.1902 -0.9817
vn -0.0000 -0.9994 0.0350
vn -0.0000 -0.3910 -0.9204
vn -0.0000 -0.5479 -0.8366
vn -0.0000 0.8903 -0.4553
vn -0.0000 0.5355 0.8445
vn -0.0000 -0.8295 -0.5586
vn -0.0000 -0.1859 -0.9826
vn -0.0000 0.1044 0.9945
vn -0.0000 0.0866 -0.9962
vn -0.0000 -0.9575 0.2883
vn -0.0000 0.9607 0.2774
vn -0.0000 -0.4119 -0.9112
vn -0.0000 -0.0521 -0.9986
vn -0.0000 0.3770 0.9262
vn -0.0000 0.1252 0.9921
vn -0.0000 -0.9658 -0.2594
vn -0.0000 -0.2109 -0.9775
vn -0.0000 0.0536 0.9986
vn -0.0000 0.6113 -0.7914
vn -0.0000 0.0009 -1.0000
vn -0.0000 0.0010 1.0000
vn -0.0000 -0.3887 -0.9214
vn -0.0000 0.9617 -0.2740
vn -0.0000 -0.2710 -0.9626
vn -0.0000 0.1352 0.9908
vn -0.0000 -0.6737 -0.7390
vn -0.0000 -0.3249 -0.9458
vn -0.0000 -0.6208 -0.7840
vn -0.0000 -1.0000 -0.0003
vn -0.0000 -0.1718 -0.9851
vn -0.0000 0.1696 0.9855
vn -0.0000 -0.1452 0.9894
vn -0.0000 0.5568 0.8307
vn -0.0000 -0.5423 -0.8402
vn -0.0000 -0.8367 -0.5477
vn -0.0000 -0.3628 -0.9319
vn -0.0000 0.9805 -0.1963
vn -0.0000 0.6619 0.7496
vn -0.0000 -0.1377 0.9905
vn -0.0000 0.0159 -0.9999
vn -0.0000 -0.9283 -0.3718
vn -0.0000 -0.4026 -0.9154
vn -0.0000 0.2227 -0.9749
vn -0.0000 0.7650 0.6440
vn -0.0000 0.4163 0.9092
vn -0.0000 0.2657 -0.9641
vn -0.0000 0.9999 0.0106
vn -0.0000 -0.1832 0.9831
vn -0.0000 -0.3895 -0.9210
vn -0.0000 -0.2658 -0.9640
vn -0.0000 -0.9850 -0.1727
vn -0.0000 0.2711 -0.9625
vn -0.0000 -1.0000 0.0012
vn -0.0000 0.4628 0.8864
vn -0.0000 -0.6561 -0.7547
vn -0.0000 -0.3885 -0.9215
vn -0.0000 0.1971 0.9804
vn -0.0000 -0.0292 -0.9996
vn -0.0000 -0.5406 -0.8413
vn -0.0000 0.3356 0.9420
vn -0.0000 -0.4399 -0.8981
vn -0.0000 0.0370 -0.9993
vn -0.0000 0.1663 0.9861
vn -0.0000 -0.7865 -0.6176
vn -0.0000 -0.3790 -0.9254
vn -0.0000 0.5426 -0.8400
vn -0.0000 0.6807 0.7326
vn -0.0000 0.9285 0.3714
vn -0.0000 0.3692 0.9294
vn -0.0000 -0.9449 -0.3274
vn -0.0000 0.0002 1.0000
vn -0.0000 -0.8375 -0.5465
vn -0.0000 0.0387 -0.9993
vn -0.0000 -0.3916 -0.9201
vn -0.0000 -0.1908 0.9816
vn -0.0000 0.4344 0.9007
vn -0.0000 0.9558 0.2940
vn -0.0000 0.3447 -0.9387
vn -0.0000 -0.3912 -0.9203
vn -0.0000 0.5482 -0.8364
vn -0.0000 0.2498 0.9683
vn -0.0000 0.1061 0.9944
vn -0.0000 -0.4408 0.8976
vn -0.0000 -0.7847 0.6198
vn -0.0000 -0.1474 -0.9891
vn -0.0000 -0.6109 -0.7917
vn -0.0000 0.0958 0.9954
vn -0.0000 0.8425 0.5386
vn -0.0000 0.3409 -0.9401
vn -0.0000 -0.9987 0.0501
vn -0.0000 -0.9999 0.0161
vn -0.0000 0.9546 -0.2979
vn -0.0000 -0.9648 -0.2630
vn -0.0000 0.7764 -0.6302
vn -0.0000 -0.7727 -0.6347
vn -0.0000 0.7541 -0.6568
vn -0.0000 0.2549 0.9670
vn -0.0000 -0.0003 -1.0000
vn -0.0000 0.4814 0.8765
vn -0.0000 -0.5285 0.8489
vn -0.0000 -0.1406 0.9901
vn -0.0000 -0.7764 -0.6302
vn -0.0000 0.9906 -0.1364
vn -0.0000 -0.3409 -0.9401
vn -0.0000 0.3407 -0.9402
vn -0.0000 0.9457 0.3249
vn -0.0000 0.6012 -0.7991
vn -0.0000 1.0000 0.0009
vn -0.0000 0.8941 -0.4478
vn -0.0000 0.2690 -0.9631
vn -0.0000 0.9702 -0.2422
vn -0.0000 -0.3686 0.9296
vn -0.0000 0.2710 -0.9626
vn -0.0000 -0.7541 -0.6568
vn -0.0000 -0.5813 -0.8137
vn -0.0000 0.7768 0.6297
vn -0.0000 -0.9999 -0.0173
vn -0.0000 0.3943 0.9190
vn -0.0000 -0.2222 0.9750
vn -0.0000 0.5180 0.8554
vn -0.0000 0.9996 -0.0276
vn -0.0000 0.6109 -0.7917
vn -0.0000 0.1450 0.9894
vn -0.0000 -0.0092 -1.0000
vn -0.0000 -0.2367 -0.9716
vn -0.0000 0.6501 0.7598
vn -0.0000 1.0000 -0.0027
vn -0.0000 -0.8888 -0.4583
vn -0.0000 0.5098 -0.8603
vn -0.0000 0.6505 0.7595
vn -0.0000 -0.9736 0.2283
vn -0.0000 0.6173 0.7867
vn -0.0000 -0.3906 -0.9206
vn -0.0000 -0.9505 -0.3107
vn -0.0000 -0.4060 -0.9139
vn -0.0000 0.7604 0.6495
vn -0.0000 0.2818 0.9595
vn -0.0000 -1.0000 0.0057
vn -0.0000 -0.0460 0.9989
vn -0.0000 0.8090 0.5878
vn -0.0000 0.4400 0.8980
vn -0.0000 0.9960 -0.0891
vn -0.0000 -0.6815 -0.7319
vn -0.0000 -0.3892 -0.9212
vn -0.0000 -0.2081 -0.9781
vn -0.0000 -0.0153 0.9999
vn -0.0000 -0.0425 -0.9991
vn -0.0000 0.0007 -1.0000
vn -0.0000 -0.0260 -0.9997
vn -0.0000 0.0976 0.9952
vn -0.0000 -0.9575 -0.2883
vn -0.0000 0.2992 0.9542
vn -0.0000 0.7533 -0.6576
vn -0.0000 -0.0750 -0.9972
vn -0.0000 -0.8481 -0.5298
vn -0.0000 -0.7375 -0.6754
vn -0.0000 -0.4025 -0.9154
vn -0.0000 -0.3830 -0.9238
vn -0.0000 -0.0601 0.9982
vn -0.0000 -0.9420 -0.3356
vn -0.0000 0.9107 0.4131
vn -0.0000 0.6382 0.7698
vn -0.0000 0.0121 -0.9999
vn -0.0000 -0.4491 -0.8935
vn -0.0000 -0.2722 -0.9622
vn -0.0000 -0.6403 -0.7681
vn -0.0000 -0.2657 -0.9641
vn -0.0000 0.1001 0.9950
vn -0.0000 -0.4140 -0.9103
vn -0.0000 -0.0743 -0.9972
vn -0.0000 -0.6621 -0.7494
vn -0.0000 -0.4047 -0.9144
vn -0.0000 -0.9461 -0.3238
vn -0.0000 -0.0010 1.0000
vn -0.0000 -0.2735 0.9619
vn -0.0000 -0.9131 -0.4078
vn -0.0000 0.0371 -0.9993
vn -0.0000 0.5106 0.8598
vn -0.0000 -0.3867 -0.9222
vn -0.0000 0.0015 1.0000
vn -0.0000 -0.7942 -0.6077
vn -0.0000 -0.0304 -0.9995
vn -0.0000 0.5987 0.8010
vn -0.0000 -0.2893 -0.9573
vn -0.0000 0.3504 0.9366
vn -0.0000 -0.3447 -0.9387
vn -0.0000 -0.9462 -0.3237
vn -0.0000 -0.9654 -0.2607
vn -0.0000 -0.2128 0.9771
vn -0.0000 0.6269 0.7791
vn -0.0000 -1.0000 -0.0054
vn -0.0000 -0.3819 -0.9242
vn -0.0000 0.3639 0.9314
vn -0.0000 0.7022 0.7119
vn -0.0000 -0.4117 -0.9113
vn -0.0000 0.9701 -0.2425
vn -0.0000 -0.9907 -0.1358
vn -0.0000 0.4078 0.9131
vn -0.0000 -0.4276 -0.9040
vn -0.0000 -0.4102 -0.9120
vn -0.0000 -0.3043 -0.9526
vn -0.0000 0.1191 -0.9929
vn -0.0000 -0.4805 -0.8770
vn -0.0000 0.2760 0.9612
vn -0.0000 -0.7805 -0.6252
vn -0.0000 0.1253 0.9921
vn -0.0000 0.9225 -0.3861
vn -0.0000 -0.6012 -0.7991
vn -0.0000 0.1858 0.9826
vn -0.0000 -0.3883 -0.9215
vn -0.0000 -0.4568 -0.8896
vn -0.0000 0.0003 1.0000
vn -0.0000 0.1527 0.9883
vn -0.0000 0.9999 0.0152
vn -0.0000 0.7366 0.6764
vn -0.0000 -0.3014 -0.9535
vn -0.0000 0.1153 -0.9933
vn -0.0000 0.8502 0.5264
vn -0.0000 -0.6310 -0.7757
vn -0.0000 0.0029 1.0000
vn -0.0000 0.1785 0.9839
vn -0.0000 -0.0387 -0.9993
vn -0.0000 -0.6757 -0.7372
vn -0.0000 -0.7728 -0.6347
vn -0.0000 0.3971 0.9178
vn -0.0000 -0.1343 -0.9909
vn -0.0000 0.2658 -0.9640
vn -0.0000 0.0229 0.9997
vn -0.0000 -0.0603 0.9982
vn -0.0000 -0.1876 0.9822
vn -0.0000 -0.9176 -0.3976
vn -0.0000 0.6947 0.7193
vn -0.0000 0.8974 0.4412
vn -0.0000 -0.3630 -0.9318
vn -0.0000 -0.6618 0.7497
vn -0.0000 -0.4335 0.9012
vn -0.0000 -0.9646 -0.2637
vn -0.0000 0.8224 0.5689
vn -0.0000 0.4319 0.9019
vn -0.0000 -0.4015 -0.9159
vn -0.0000 0.8450 0.5348
vn -0.0000 -0.9144 -0.4049
vn -0.0000 0.3426 0.9395
vn -0.0000 0.2353 0.9719
vn -0.0000 -0.3886 -0.9214
vn -0.0000 0.4519 0.8921
vn -0.0000 0.3587 0.9335
vn -0.0000 0.6009 -0.7993
vn -0.0000 0.5423 -0.8402
vn -0.0000 -1.0000 0.0076
vn -0.0000 0.9449 -0.3272
vn -0.0000 0.9597 0.2811
vn -0.0000 0.0977 0.9952
vn -0.0000 -0.7761 -0.6306
vn -0.0000 0.9528 0.3036
vn -0.0000 -0.3665 -0.9304
vn -0.0000 -0.5482 -0.8364
vn -0.0000 0.0651 0.9979
vn -0.0000 0.9956 -0.0932
vn -0.0000 0.2029 0.9792
vn -0.0000 -0.1630 0.9866
vn -0.0000 0.0095 -1.0000
vn -0.0000 -0.4399 -0.8980
vn -0.0000 0.3212 -0.9470
vn -0.0000 1.0000 0.0037
vn -0.0000 -0.4574 0.8893
vn -0.0000 -0.1355 0.9908
vn -0.0000 0.2194 0.9756
vn -0.0000 0.8330 0.5532
vn -0.0000 -0.5953 -0.8035
vn -0.0000 -0.4019 0.9157
vn -0.0000 0.8056 0.5924
vn -0.0000 -0.9848 0.1735
vn -0.0000 -0.7482 -0.6634
vn -0.0000 -0.0058 -1.0000
vn -0.0000 0.6209 0.7839
vn -0.0000 0.2087 0.9780
vn -0.0000 -0.9887 -0.1497
vn -0.0000 -0.8971 -0.4418
vn -0.0000 -0.9997 0.0254
vn -0.0000 -0.4051 -0.9143
vn -0.0000 0.8685 -0.4957
vn -0.0000 0.6585 0.7526
vn -0.0000 -0.9999 0.0133
vn -0.0000 -0.9298 -0.3680
vn -0.0000 0.9914 -0.1309
vn -0.0000 -0.8849 -0.4659
vn -0.0000 -0.9849 -0.1732
vn -0.0000 0.8647 0.5023
vn -0.0000 -0.3876 -0.9218
vn -0.0000 0.8054 -0.5927
vn -0.0000 0.9996 -0.0270
vn -0.0000 0.4299 0.9029
vn -0.0000 -0.7247 0.6891
vn -0.0000 -0.3828 -0.9238
vn -0.0000 -0.2848 -0.9586
vn -0.0000 0.0343 -0.9994
vn -0.0000 0.5729 -0.8196
vn -0.0000 0.8590 0.5119
vn -0.0000 1.0000 -0.0028
vn -0.0000 -0.9615 -0.2747
vn -0.0000 -0.6670 -0.7450
vn -0.0000 0.0032 -1.0000
vn -0.0000 -0.4580 -0.8890
vn -0.0000 0.5988 0.8009
vn -0.0000 -0.0036 1.0000
vn -0.0000 0.7499 0.6615
vn -0.0000 -0.8092 -0.5875
vn -0.0000 -0.2495 -0.9684
vn -0.0000 -0.8781 0.4785
vn -0.0000 0.6353 0.7722
vn -0.0000 -0.6973 -0.7168
vn -0.0000 0.0023 -1.0000
vn -0.0000 -0.0202 0.9998
vn -0.0000 -0.9098 0.4151
vn -0.0000 -0.9441 -0.3298
vn -0.0000 -0.3723 -0.9281
vn -0.0000 0.5943 0.8042
vn -0.0000 -0.8596 -0.5110
vn -0.0000 -0.4098 -0.9122
vn -0.0000 -0.9907 -0.1364
vn -0.0000 -1.0000 -0.0060
vn -0.0000 -0.4086 -0.9127
vn -0.0000 0.9692 -0.2463
vn -0.0000 0.3989 0.9170
vn -0.0000 -0.3874 -0.9219
vn -0.0000 0.4886 0.8725
vn -0.0000 -0.1913 -0.9815
vn -0.0000 -0.6873 -0.7264
vn -0.0000 0.9476 -0.3196
vn -0.0000 0.1748 0.9846
vn -0.0000 -0.4121 -0.9111
vn -0.0000 -0.6596 -0.7516
vn -0.0000 0.3495 0.9369
vn -0.0000 -1.0000 -0.0040
vn -0.0000 -0.4263 -0.9046
vn -0.0000 0.1470 -0.9891
vn -0.0000 0.9998 0.0206
vn -0.0000 -0.4293 -0.9032
vn -0.0000 -0.6087 -0.7934
vn -0.0000 0.1824 0.9832
vn -0.0000 0.1172 0.9931
vn -0.0000 0.0028 1.0000
vn -0.0000 -0.7788 -0.6273
vn -0.0000 -0.0978 -0.9952
vn -0.0000 0.4553 0.8904
vn -0.0000 -0.1779 0.9840
vn -0.0000 -0.4035 -0.9150
vn -0.0000 -0.9313 -0.3641
vn -0.0000 -0.0697 0.9976
vn -0.0000 0.1282 0.9918
vn -0.0000 -0.3649 -0.9310
vn -0.0000 0.7106 0.7036
vn -0.0000 -0.4162 0.9093
vn -0.0000 -0.1191 -0.9929
vn -0.0000 -0.3977 -0.9175
vn -0.0000 0.4277 0.9039
vn -0.0000 0.8441 0.5362
vn -0.0000 0.0392 0.9992
vn -0.0000 0.6565 -0.7544
vn -0.0000 0.4246 0.9054
vn -0.0000 -0.3894 -0.9211
vn -0.0000 0.2217 0.9751
vn -0.0000 0.8079 0.5893
vn -0.0000 -0.8948 -0.4464
vn -0.0000 0.7074 -0.7068
vn -0.0000 -0.8408 -0.5414
vn -0.0000 0.9542 0.2993
vn -0.0000 -0.2856 -0.9583
vn -0.0000 0.1000 0.9950
vn -0.0000 0.4140 -0.9103
vn -0.0000 0.4137 -0.9104
vn -0.0000 0.3148 0.9492
vn -0.0000 -0.2719 -0.9623
vn -0.0000 -0.3888 -0.9213
vn -0.0000 0.0008 -1.0000
vn -0.0000 0.6115 -0.7913
vn -0.0000 0.0540 0.9985
vn -0.0000 -0.2107 -0.9776
vn -0.0000 -0.9657 -0.2595
vn -0.0000 0.1254 0.9921
vn -0.0000 0.3769 0.9262
vn -0.0000 -0.0514 -0.9987
vn -0.0000 0.9607 0.2777
vn -0.0000 -0.9575 0.2884
vn -0.0000 0.0858 -0.9963
vn -0.0000 0.1043 0.9945
vn -0.0000 0.1901 -0.9818
vn -0.0000 -0.1860 -0.9826
vn -0.0000 -0.8293 -0.5588
vn -0.0000 0.5357 0.8444
vn -0.0000 0.8904 -0.4552
vn -0.0000 -0.5480 -0.8365
vn -0.0000 -0.1901 -0.9818
vn -0.0000 0.3173 0.9483
vn -0.0000 -0.4105 -0.9118
vn -0.0000 0.7837 0.6212
vn -0.0000 -0.8796 -0.4757
vn -0.0000 0.6403 0.7681
vn -0.0000 -0.3296 -0.9441
vn -0.0000 0.9833 -0.1820
vn -0.0000 -0.9965 0.0836
vn -0.0000 -0.1146 -0.9934
vn -0.0000 0.7362 0.6767
vn -0.0000 0.0034 -1.0000
vn -0.0000 0.4532 0.8914
vn -0.0000 0.6992 0.7149
vn -0.0000 -0.3864 -0.9223
vn -0.0000 -0.9127 -0.4085
vn -0.0000 -0.5444 -0.8388
vn -0.0000 0.7825 0.6226
vn -0.0000 0.4289 0.9033
vn -0.0000 -0.4436 -0.8962
vn -0.0000 -0.7658 -0.6431
vn -0.0000 0.6574 0.7536
vn -0.0000 -0.3707 -0.9288
vn -0.0000 -0.0010 -1.0000
vn -0.0000 0.6958 -0.7182
vn -0.0000 -0.6206 -0.7841
vn -0.0000 0.6711 -0.7414
vn -0.0000 0.7587 0.6515
vn -0.0000 0.4293 0.9032
vn -0.0000 -0.3664 -0.9304
vn -0.0000 0.6564 -0.7544
vn -0.0000 -0.8696 -0.4938
vn -0.0000 -0.4916 -0.8708
vn -0.0000 -0.7256 -0.6882
vn -0.0000 0.4518 -0.8921
vn -0.0000 0.5130 0.8584
vn -0.0000 -0.6084 -0.7936
vn -0.0000 -0.3258 0.9454
vn -0.0000 -0.4182 -0.9084
vn -0.0000 0.4124 -0.9110
vn -0.0000 0.0161 -0.9999
vn -0.0000 0.4121 -0.9111
vn -0.0000 -0.6711 -0.7414
vn -0.0000 -0.1116 0.9938
vn -0.0000 0.9151 -0.4033
vn -0.0000 0.8046 -0.5939
vn -0.0000 -0.8413 0.5405
vn -0.0000 -0.2066 -0.9784
vn -0.0000 0.0959 0.9954
vn -0.0000 -0.5964 0.8027
vn -0.0000 0.1454 0.9894
vn -0.0000 -0.3901 -0.9208
vn -0.0000 0.2895 0.9572
vn -0.0000 -0.4376 0.8992
vn -0.0000 0.2652 0.9642
vn -0.0000 -0.4247 0.9053
vn -0.0000 -0.9845 -0.1754
vn -0.0000 0.1188 -0.9929
vn -0.0000 -0.3941 -0.9191
vn -0.0000 0.4348 0.9005
vn -0.0000 -0.9400 -0.3412
vn -0.0000 -0.3710 -0.9286
vn -0.0000 -0.5259 -0.8505
vn -0.0000 0.6685 0.7437
vn -0.0000 0.1469 0.9891
vn -0.0000 -0.7830 -0.6220
vn -0.0000 -0.0628 -0.9980
vn -0.0000 -0.6707 -0.7417
vn -0.0000 0.2717 0.9624
vn -0.0000 0.9442 0.3294
vn -0.0000 -0.4077 -0.9131
vn -0.0000 0.1954 -0.9807
vn -0.0000 0.3747 0.9272
vn -0.0000 -0.6488 -0.7609
vn -0.0000 0.0009 1.0000
vn -0.0000 0.3965 0.9180
vn -0.0000 -0.9769 -0.2135
vn -0.0000 -0.4041 -0.9147
vn -0.0000 -0.6065 -0.7951
vn -0.0000 0.1830 -0.9831
vn -0.0000 -0.3882 -0.9216
vn -0.0000 0.8408 0.5413
vn -0.0000 0.2088 0.9780
vn -0.0000 -0.1145 -0.9934
vn -0.0000 0.5795 0.8150
vn -0.0000 -0.4057 -0.9140
vn -0.0000 -0.0727 0.9974
vn -0.0000 -0.0866 -0.9962
vn -0.0000 -0.3338 0.9427
vn -0.0000 0.4220 0.9066
vn -0.0000 -0.8925 -0.4511
vn -0.0000 -0.1955 -0.9807
vn -0.0000 -0.9382 -0.3462
vn -0.0000 0.6707 -0.7417
vn -0.0000 -0.1612 0.9869
vn -0.0000 0.6981 0.7160
vn -0.0000 -0.1353 -0.9908
vn -0.0000 0.1146 -0.9934
vn -0.0000 0.0949 0.9955
vn -0.0000 -0.8235 -0.5673
vn -0.0000 -0.1389 -0.9903
vn -0.0000 -0.6564 -0.7544
vn -0.0000 -0.5129 -0.8584
vn -0.0000 -0.2104 -0.9776
vn -0.0000 -0.0151 -0.9999
vn -0.0000 0.9664 -0.2569
vn -0.0000 0.1797 0.9837
vn -0.0000 0.5097 0.8603
vn -0.0000 0.1103 0.9939
vn -0.0000 -0.3756 -0.9268
vn -0.0000 -0.3891 -0.9212
vn -0.0000 0.1462 0.9893
vn -0.0000 -0.6710 -0.7415
vn -0.0000 0.0019 1.0000
vn -0.0000 -0.4083 -0.9129
vn -0.0000 -0.0805 -0.9968
vn -0.0000 0.3370 0.9415
vn -0.0000 -0.9361 0.3518
vn -0.0000 -0.4123 -0.9110
vn -0.0000 -0.3903 -0.9207
vn -0.0000 0.3883 0.9215
vn -0.0000 0.0601 -0.9982
vn -0.0000 0.9951 0.0992
vn -0.0000 -0.0375 -0.9993
vn -0.0000 -0.9199 -0.3923
vn -0.0000 -0.3866 -0.9223
vn -0.0000 0.4693 0.8831
vn -0.0000 -0.8647 -0.5022
vn -0.0000 -0.9050 -0.4254
vn -0.0000 0.5635 0.8261
vn -0.0000 -0.4227 -0.9063
vn -0.0000 0.6402 0.7682
vn -0.0000 -0.0374 -0.9993
vn -0.0000 -0.7577 -0.6526
vn -0.0000 -0.8699 -0.4932
vn -0.0000 -0.0033 -1.0000
vn -0.0000 -0.3698 -0.9291
vn -0.0000 0.0267 0.9996
vn -0.0000 0.6443 0.7648
vn -0.0000 -0.7117 -0.7025
vn -0.0000 0.4916 0.8708
vn -0.0000 0.7485 0.6631
vn -0.0000 -0.0069 1.0000
vn -0.0000 -0.4682 -0.8836
vn -0.0000 0.3822 -0.9241
vn -0.0000 0.8155 0.5787
vn -0.0000 -0.3299 -0.9440
vn -0.0000 0.6354 -0.7722
vn -0.0000 -0.1332 -0.9911
vn -0.0000 0.9043 0.4269
vn -0.0000 -0.9415 -0.3371
vn -0.0000 0.5458 0.8379
vn -0.0000 -0.6115 -0.7913
vn -0.0000 0.8387 -0.5446
vn -0.0000 0.1829 0.9831
vn -0.0000 -0.3394 -0.9407
vn -0.0000 0.7429 0.6694
vn -0.0000 0.7256 -0.6882
vn -0.0000 -0.3825 0.9239
vn -0.0000 0.3238 0.9461
vn -0.0000 0.9570 0.2899
vn -0.0000 -0.1785 0.9839
vn -0.0000 0.0195 -0.9998
vn -0.0000 0.4813 -0.8766
vn -0.0000 0.4136 -0.9104
vn -0.0000 0.4139 -0.9103
vn -0.0000 -0.2888 -0.9574
vn -0.0000 0.9541 0.2996
vn -0.0000 -0.8408 -0.5413
vn -0.0000 0.7075 -0.7067
vn -0.0000 0.8078 0.5894
vn -0.0000 0.2219 0.9751
vn -0.0000 0.4248 0.9053
vn -0.0000 0.6567 -0.7541
vn -0.0000 0.0225 0.9997
vn -0.0000 0.0391 0.9992
vn -0.0000 0.8443 0.5359
vn -0.0000 0.4278 0.9039
vn -0.0000 -0.3976 -0.9176
vn -0.0000 -0.1187 -0.9929
vn -0.0000 0.8503 0.5263
vn -0.0000 -0.4164 0.9092
vn -0.0000 0.7106 0.7035
vn -0.0000 -0.3651 -0.9310
vn -0.0000 0.1287 0.9917
vn -0.0000 -0.9313 -0.3643
vn -0.0000 -0.4036 -0.9149
vn -0.0000 0.4553 0.8903
vn -0.0000 0.1187 -0.9929
vn -0.0000 -0.7786 -0.6276
vn -0.0000 0.1168 0.9932
vn -0.0000 0.1820 0.9833
vn -0.0000 -0.6097 -0.7926
vn -0.0000 -0.4279 -0.9038
vn -0.0000 -0.4280 -0.9038
vn -0.0000 0.7024 0.7118
vn -0.0000 0.1471 -0.9891
vn -0.0000 -0.4259 -0.9048
vn -0.0000 0.3494 0.9370
vn -0.0000 -0.6601 -0.7512
vn -0.0000 0.3505 0.9366
vn -0.0000 0.1747 0.9846
vn -0.0000 -0.3881 -0.9216
vn -0.0000 0.9476 -0.3195
vn -0.0000 -0.6867 -0.7270
vn -0.0000 -0.1907 -0.9816
vn -0.0000 0.4884 0.8726
vn -0.0000 0.3991 0.9169
vn -0.0000 -0.2734 0.9619
vn -0.0000 0.9692 -0.2462
vn -0.0000 -0.4085 -0.9128
vn -0.0000 0.6384 0.7697
vn -0.0000 -0.9906 -0.1365
vn -0.0000 -0.4139 -0.9103
vn -0.0000 -0.8598 -0.5106
vn -0.0000 0.5942 0.8043
vn -0.0000 0.0375 -0.9993
vn -0.0000 -0.3724 -0.9281
vn -0.0000 -0.0596 0.9982
vn -0.0000 -0.9441 -0.3297
vn -0.0000 -0.0751 -0.9972
vn -0.0000 -0.9097 0.4152
vn -0.0000 -0.0203 0.9998
vn -0.0000 -0.6970 -0.7170
vn -0.0000 0.6357 0.7719
vn -0.0000 0.0974 0.9952
vn -0.0000 -0.8780 0.4786
vn -0.0000 -0.2497 -0.9683
vn -0.0000 -0.0602 -0.9982
vn -0.0000 -0.2092 -0.9779
vn -0.0000 0.7498 0.6616
vn -0.0000 -0.0034 1.0000
vn -0.0000 0.5989 0.8008
vn -0.0000 -0.4578 -0.8891
vn -0.0000 0.0029 -1.0000
vn -0.0000 -0.6671 -0.7450
vn -0.0000 -0.9616 -0.2743
vn -0.0000 0.2819 0.9595
vn -0.0000 0.8589 0.5121
vn -0.0000 0.5728 -0.8197
vn -0.0000 0.0351 -0.9994
vn -0.0000 -0.9505 -0.3108
vn -0.0000 -0.2847 -0.9586
vn -0.0000 0.4300 0.9028
vn -0.0000 -0.2665 -0.9638
vn -0.0000 0.8054 -0.5928
vn -0.0000 -0.3878 -0.9218
vn -0.0000 0.8647 0.5024
vn -0.0000 -0.9849 -0.1734
vn -0.0000 -0.8848 -0.4661
vn -0.0000 -0.9298 -0.3681
vn -0.0000 -0.4049 -0.9144
vn -0.0000 -0.8972 -0.4415
vn -0.0000 -0.9887 -0.1496
vn -0.0000 -0.5483 -0.8363
vn -0.0000 0.2082 0.9781
vn -0.0000 0.6210 0.7838
vn -0.0000 -0.2667 -0.9638
vn -0.0000 -0.0059 -1.0000
vn -0.0000 0.7762 -0.6304
vn -0.0000 -0.9848 0.1734
vn -0.0000 0.8054 0.5927
vn -0.0000 -0.4018 0.9157
vn -0.0000 -0.5955 -0.8034
vn -0.0000 0.8330 0.5533
vn -0.0000 0.6112 -0.7915
vn -0.0000 0.2197 0.9756
vn -0.0000 -0.1356 0.9908
vn -0.0000 -0.4575 0.8892
vn -0.0000 -0.3396 -0.9406
vn -0.0000 0.3209 -0.9471
vn -0.0000 -0.4398 -0.8981
vn -0.0000 0.0094 -1.0000
vn -0.0000 -0.1631 0.9866
vn -0.0000 0.5483 -0.8363
vn -0.0000 0.0653 0.9979
vn -0.0000 -0.7762 -0.6304
vn -0.0000 -0.7759 -0.6308
vn -0.0000 0.0978 0.9952
vn -0.0000 0.7539 -0.6570
vn -0.0000 0.9449 -0.3274
vn -0.0000 0.5425 -0.8401
vn -0.0000 0.6011 -0.7992
vn -0.0000 0.3589 0.9334
vn -0.0000 0.4517 0.8922
vn -0.0000 0.3396 -0.9406
vn -0.0000 0.2355 0.9719
vn -0.0000 0.3434 -0.9392
vn -0.0000 0.3430 0.9393
vn -0.0000 -0.9142 -0.4052
vn -0.0000 0.8449 0.5348
vn -0.0000 -0.4017 -0.9158
vn -0.0000 0.4318 0.9020
vn -0.0000 0.8226 0.5686
vn -0.0000 -0.9646 -0.2638
vn -0.0000 0.2667 -0.9638
vn -0.0000 -0.4333 0.9012
vn -0.0000 -0.3626 -0.9319
vn -0.0000 0.8974 0.4413
vn -0.0000 0.6944 0.7196
vn -0.0000 -0.9176 -0.3975
vn -0.0000 -0.1874 0.9823
vn -0.0000 -0.0602 0.9982
vn -0.0000 0.0391 -0.9992
vn -0.0000 0.3976 0.9176
vn -0.0000 0.5565 0.8309
vn -0.0000 -0.7729 -0.6345
vn -0.0000 -0.6771 -0.7359
vn -0.0000 -0.0391 -0.9992
vn -0.0000 0.1792 0.9838
vn -0.0000 -0.6310 -0.7758
vn -0.0000 0.1159 -0.9933
vn -0.0000 -0.3013 -0.9535
vn -0.0000 0.7366 0.6763
vn -0.0000 0.1531 0.9882
vn -0.0000 -0.4571 -0.8894
vn -0.0000 -0.3884 -0.9215
vn -0.0000 -0.5405 -0.8414
vn -0.0000 0.1859 0.9826
vn -0.0000 -0.6014 -0.7989
vn -0.0000 0.9224 -0.3862
vn -0.0000 0.1251 0.9921
vn -0.0000 -0.7804 -0.6253
vn -0.0000 0.2758 0.9612
vn -0.0000 -0.4819 -0.8762
vn -0.0000 -0.3048 -0.9524
vn -0.0000 -0.4104 -0.9119
vn -0.0000 0.4077 0.9131
vn -0.0000 0.9701 -0.2426
vn -0.0000 0.3638 0.9315
vn -0.0000 -0.3817 -0.9243
vn -0.0000 -0.2126 0.9771
vn -0.0000 -0.9462 -0.3236
vn -0.0000 -0.3434 -0.9392
vn -0.0000 -0.2895 -0.9572
vn -0.0000 0.5984 0.8012
vn -0.0000 -0.0302 -0.9995
vn -0.0000 0.2665 -0.9638
vn -0.0000 -0.7938 -0.6081
vn -0.0000 0.0014 1.0000
vn -0.0000 0.0036 -1.0000
vn -0.0000 -0.9132 -0.4076
vn -0.0000 -0.0012 1.0000
vn -0.0000 -0.4045 -0.9145
vn -0.0000 -0.6620 -0.7495
vn -0.0000 -0.0752 -0.9972
vn -0.0000 -0.6405 -0.7679
vn -0.0000 -0.2707 -0.9627
vn -0.0000 0.0115 -0.9999
vn -0.0000 0.9104 0.4136
vn -0.0000 -0.9422 -0.3351
vn -0.0000 -0.3827 -0.9239
vn -0.0000 -0.4028 -0.9153
vn -0.0000 -0.7375 -0.6753
vn -0.0000 -0.8483 -0.5296
vn -0.0000 0.7532 -0.6578
vn -0.0000 0.2989 0.9543
vn -0.0000 -0.9575 -0.2885
vn -0.0000 -0.0262 -0.9997
vn -0.0000 -0.0150 0.9999
vn -0.0000 -0.6814 -0.7320
vn -0.0000 0.4401 0.8979
vn -0.0000 0.8089 0.5880
vn -0.0000 0.7602 0.6497
vn -0.0000 0.6504 0.7596
vn -0.0000 0.5100 -0.8602
vn -0.0000 -0.8887 -0.4585
vn -0.0000 0.6503 0.7596
vn -0.0000 -0.2370 -0.9715
vn -0.0000 0.1447 0.9895
vn -0.0000 -0.2221 0.9750
vn -0.0000 0.3938 0.9192
vn -0.0000 0.7771 0.6293
vn -0.0000 -0.5810 -0.8139
vn -0.0000 -0.7539 -0.6570
vn -0.0000 0.2719 -0.9623
vn -0.0000 -0.3687 0.9295
vn -0.0000 0.9703 -0.2421
vn -0.0000 0.2689 -0.9632
vn -0.0000 0.8940 -0.4480
vn -0.0000 0.6014 -0.7989
vn -0.0000 0.9457 0.3250
vn -0.0000 0.3394 -0.9407
vn -0.0000 -0.1409 0.9900
vn -0.0000 0.4810 0.8767
vn -0.0000 -0.0004 -1.0000
vn -0.0000 0.2552 0.9669
vn -0.0000 -0.7728 -0.6346
vn -0.0000 0.9547 -0.2977
vn -0.0000 0.8425 0.5387
vn -0.0000 -0.6112 -0.7915
vn -0.0000 -0.1345 -0.9909
vn -0.0000 -0.7849 0.6197
vn -0.0000 0.1063 0.9943
vn -0.0000 0.2501 0.9682
vn -0.0000 -0.3909 -0.9204
vn -0.0000 0.4343 0.9007
vn -0.0000 -0.3915 -0.9202
vn -0.0000 -0.8374 -0.5467
vn -0.0000 0.3693 0.9293
vn -0.0000 0.9285 0.3713
vn -0.0000 0.6805 0.7328
vn -0.0000 0.5428 -0.8399
vn -0.0000 -0.3792 -0.9253
vn -0.0000 0.1665 0.9860
vn -0.0000 0.0374 -0.9993
vn -0.0000 -0.4456 -0.8952
vn -0.0000 0.3354 0.9421
vn -0.0000 -0.5407 -0.8412
vn -0.0000 0.1974 0.9803
vn -0.0000 -0.6562 -0.7546
vn -0.0000 0.4632 0.8862
vn -0.0000 0.0021 1.0000
vn -0.0000 0.2720 -0.9623
vn -0.0000 -0.9850 -0.1726
vn -0.0000 -0.3897 -0.9209
vn -0.0000 -0.1830 0.9831
vn -0.0000 0.4165 0.9091
vn -0.0000 0.2228 -0.9749
vn -0.0000 -0.9282 -0.3720
vn -0.0000 0.0171 -0.9999
vn -0.0000 -0.1376 0.9905
vn -0.0000 0.9805 -0.1964
vn -0.0000 -0.3631 -0.9318
vn -0.0000 -0.8361 -0.5485
vn -0.0000 -0.5425 -0.8401
vn -0.0000 0.5570 0.8305
vn -0.0000 -0.1454 0.9894
vn -0.0000 0.1697 0.9855
vn -0.0000 -0.1717 -0.9852
vn -0.0000 -0.6211 -0.7838
vn -0.0000 -0.3258 -0.9454
vn -0.0000 -0.6738 -0.7389
vn -0.0000 0.1353 0.9908
vn -0.1358 -0.9907 -0.0000
vn 0.9130 0.4079 -0.0000
vn -0.9120 -0.4103 -0.0000
vn -0.9176 -0.3975 -0.0000
vn -0.8766 -0.4812 -0.0000
vn 0.9039 0.4277 -0.0000
vn 0.9612 0.2759 -0.0000
vn -0.6253 -0.7804 -0.0000
vn 0.9921 0.1255 -0.0000
vn -0.9640 -0.2659 -0.0000
vn -0.7991 -0.6012 -0.0000
vn -0.9204 -0.3910 -0.0000
vn 0.9826 0.1857 -0.0000
vn -0.8416 -0.5402 -0.0000
vn -0.9216 -0.3882 -0.0000
vn 0.9882 0.1530 -0.0000
vn 0.6765 0.7365 -0.0000
vn -0.9535 -0.3012 -0.0000
vn -0.9212 -0.3891 -0.0000
vn 0.9750 0.2223 -0.0000
vn 0.9840 0.1782 -0.0000
vn -0.9992 -0.0389 -0.0000
vn -0.4463 -0.8949 -0.0000
vn -0.7365 -0.6764 -0.0000
vn -0.5413 -0.8408 -0.0000
vn 0.8307 0.5567 -0.0000
vn -0.9992 0.0389 -0.0000
vn -0.9585 -0.2850 -0.0000
vn -0.9640 0.2659 -0.0000
vn 0.9950 0.1000 -0.0000
vn 0.9981 -0.0609 -0.0000
vn 0.9823 -0.1876 -0.0000
vn -0.9993 0.0373 -0.0000
vn 0.4412 0.8974 -0.0000
vn -0.8764 0.4816 -0.0000
vn 0.7495 -0.6620 -0.0000
vn -0.9998 0.0194 -0.0000
vn 0.9012 -0.4334 -0.0000
vn 0.9839 -0.1788 -0.0000
vn -0.9404 0.3400 -0.0000
vn 0.5685 0.8227 -0.0000
vn -0.8363 0.5483 -0.0000
vn 0.5348 0.8450 -0.0000
vn -0.6301 -0.7765 -0.0000
vn -0.7419 0.6705 -0.0000
vn 0.9395 0.3426 -0.0000
vn 0.9240 -0.3825 -0.0000
vn -0.9390 0.3438 -0.0000
vn -0.7914 -0.6113 -0.0000
vn -0.6882 0.7255 -0.0000
vn 0.8919 0.4522 -0.0000
vn -0.8762 -0.4819 -0.0000
vn -0.7994 0.6009 -0.0000
vn 0.6695 0.7428 -0.0000
vn -0.8401 0.5424 -0.0000
vn 0.0076 -1.0000 -0.0000
vn -0.3273 0.9449 -0.0000
vn -0.6567 0.7541 -0.0000
vn 0.2812 0.9596 -0.0000
vn -0.9110 -0.4123 -0.0000
vn -0.6305 -0.7762 -0.0000
vn 0.3036 0.9528 -0.0000
vn -0.8363 -0.5483 -0.0000
vn -0.8771 0.4802 -0.0000
vn 0.8383 0.5452 -0.0000
vn 0.9978 0.0658 -0.0000
vn -0.0932 0.9956 -0.0000
vn 1.0000 0.0004 -0.0000
vn -0.9817 -0.1904 -0.0000
vn 0.4268 0.9043 -0.0000
vn -0.8979 -0.4402 -0.0000
vn -0.9910 -0.1336 -0.0000
vn -0.9469 0.3215 -0.0000
vn 0.0037 1.0000 -0.0000
vn -0.9404 -0.3400 -0.0000
vn 0.8893 -0.4574 -0.0000
vn 0.9908 -0.1356 -0.0000
vn 0.9755 0.2200 -0.0000
vn -0.7917 0.6109 -0.0000
vn 0.5531 0.8331 -0.0000
vn -0.8033 -0.5955 -0.0000
vn 0.5927 0.8054 -0.0000
vn 0.8708 0.4916 -0.0000
vn 0.1735 -0.9848 -0.0000
vn -0.6635 -0.7482 -0.0000
vn -1.0000 -0.0060 -0.0000
vn 0.9781 0.2080 -0.0000
vn -0.4420 -0.8970 -0.0000
vn 0.0254 -0.9997 -0.0000
vn -0.9143 -0.4050 -0.0000
vn -0.4957 0.8685 -0.0000
vn -0.9993 -0.0373 -0.0000
vn 0.7525 0.6585 -0.0000
vn -0.8365 -0.5480 -0.0000
vn 0.0133 -0.9999 -0.0000
vn 0.1243 -0.9922 -0.0000
vn -0.3680 -0.9298 -0.0000
vn -0.1309 0.9914 -0.0000
vn -0.4659 -0.8848 -0.0000
vn -0.1733 -0.9849 -0.0000
vn -0.9218 -0.3877 -0.0000
vn -0.5928 0.8053 -0.0000
vn -0.0270 0.9996 -0.0000
vn 0.9029 0.4299 -0.0000
vn -0.5248 0.8512 -0.0000
vn 0.0993 0.9951 -0.0000
vn -0.9238 -0.3829 -0.0000
vn -0.9586 -0.2848 -0.0000
vn -0.9982 0.0597 -0.0000
vn -0.3107 -0.9505 -0.0000
vn -0.9994 0.0350 -0.0000
vn -0.8198 0.5727 -0.0000
vn -0.9207 -0.3902 -0.0000
vn -0.9139 -0.4059 -0.0000
vn 0.5120 0.8590 -0.0000
vn 0.3518 -0.9361 -0.0000
vn -0.0027 1.0000 -0.0000
vn 0.9595 0.2818 -0.0000
vn -0.9968 -0.0801 -0.0000
vn -0.2747 -0.9615 -0.0000
vn 1.0000 0.0022 -0.0000
vn -0.7451 -0.6669 -0.0000
vn -1.0000 0.0021 -0.0000
vn 0.9989 -0.0459 -0.0000
vn -1.0000 0.0032 -0.0000
vn -0.8890 -0.4579 -0.0000
vn -0.7414 -0.6710 -0.0000
vn 1.0000 -0.0036 -0.0000
vn 0.6620 0.7495 -0.0000
vn -0.9777 -0.2102 -0.0000
vn -0.5876 -0.8092 -0.0000
vn 0.8606 0.5093 -0.0000
vn -0.9992 -0.0405 -0.0000
vn -0.9684 -0.2495 -0.0000
vn -0.2569 0.9664 -0.0000
vn 0.4785 -0.8781 -0.0000
vn -0.9776 -0.2104 -0.0000
vn 0.9953 0.0973 -0.0000
vn 0.7726 0.6349 -0.0000
vn -0.7546 -0.6562 -0.0000
vn -0.7167 -0.6974 -0.0000
vn -0.5675 -0.8234 -0.0000
vn -1.0000 0.0022 -0.0000
vn -0.6878 0.7259 -0.0000
vn 0.9998 -0.0202 -0.0000
vn -0.9934 0.1147 -0.0000
vn -0.9972 -0.0750 -0.0000
vn -0.3299 -0.9440 -0.0000
vn 0.7161 0.6980 -0.0000
vn 0.9982 -0.0598 -0.0000
vn -0.9281 -0.3725 -0.0000
vn 1.0000 0.0001 -0.0000
vn 0.8044 0.5941 -0.0000
vn -0.3460 -0.9382 -0.0000
vn -0.5111 -0.8595 -0.0000
vn -0.4509 -0.8926 -0.0000
vn -0.9122 -0.4098 -0.0000
vn -0.9103 -0.4139 -0.0000
vn -0.1364 -0.9907 -0.0000
vn 0.7698 0.6383 -0.0000
vn -0.9127 -0.4087 -0.0000
vn -0.2556 0.9668 -0.0000
vn 0.9065 0.4223 -0.0000
vn 0.9620 -0.2732 -0.0000
vn 0.9170 0.3990 -0.0000
vn -0.9963 -0.0858 -0.0000
vn -0.9140 -0.4057 -0.0000
vn -0.9219 -0.3874 -0.0000
vn 0.8725 0.4886 -0.0000
vn -0.9807 0.1956 -0.0000
vn -0.7265 -0.6872 -0.0000
vn -0.9817 -0.1903 -0.0000
vn 0.9845 0.1753 -0.0000
vn -0.9111 -0.4122 -0.0000
vn 0.9780 0.2088 -0.0000
vn 0.9366 0.3504 -0.0000
vn -0.7510 -0.6603 -0.0000
vn 0.0069 1.0000 -0.0000
vn 0.9370 0.3494 -0.0000
vn -0.9831 0.1831 -0.0000
vn -0.7952 -0.6064 -0.0000
vn -0.9147 -0.4042 -0.0000
vn -0.0040 -1.0000 -0.0000
vn 0.7117 0.7024 -0.0000
vn 1.0000 0.0009 -0.0000
vn -0.9035 -0.4285 -0.0000
vn -0.9039 -0.4276 -0.0000
vn -0.7973 -0.6036 -0.0000
vn -0.9208 -0.3901 -0.0000
vn 0.9832 0.1824 -0.0000
vn -0.7608 -0.6490 -0.0000
vn 0.9932 0.1167 -0.0000
vn -0.9929 0.1189 -0.0000
vn -0.9132 -0.4074 -0.0000
vn 0.9623 0.2719 -0.0000
vn 0.9841 -0.1779 -0.0000
vn -0.9980 -0.0630 -0.0000
vn -0.6220 -0.7830 -0.0000
vn -0.9149 -0.4036 -0.0000
vn 0.9976 -0.0697 -0.0000
vn 0.9918 0.1278 -0.0000
vn 0.9890 0.1479 -0.0000
vn 1.0000 0.0003 -0.0000
vn 0.7437 0.6685 -0.0000
vn -0.8441 -0.5362 -0.0000
vn -0.9111 0.4121 -0.0000
vn -0.9287 -0.3708 -0.0000
vn 0.9093 -0.4162 -0.0000
vn -0.3413 -0.9400 -0.0000
vn 0.5264 0.8502 -0.0000
vn 0.9004 0.4351 -0.0000
vn -0.9929 -0.1189 -0.0000
vn -0.8762 0.4819 -0.0000
vn -0.9190 -0.3942 -0.0000
vn 0.9822 -0.1880 -0.0000
vn -0.6878 -0.7259 -0.0000
vn -0.1753 -0.9845 -0.0000
vn 0.5359 0.8443 -0.0000
vn 0.9053 -0.4248 -0.0000
vn 0.9525 -0.3044 -0.0000
vn 0.9992 0.0392 -0.0000
vn 1.0000 0.0006 -0.0000
vn 0.9998 0.0220 -0.0000
vn 0.9642 0.2653 -0.0000
vn 0.8991 -0.4378 -0.0000
vn -0.7416 -0.6708 -0.0000
vn -0.9110 0.4123 -0.0000
vn -0.7543 0.6565 -0.0000
vn 0.9056 0.4242 -0.0000
vn 0.0235 -0.9997 -0.0000
vn -0.9817 0.1903 -0.0000
vn 0.9954 0.0959 -0.0000
vn -0.9801 -0.1987 -0.0000
vn 0.5897 0.8076 -0.0000
vn -0.7068 0.7074 -0.0000
vn 0.5480 0.8365 -0.0000
vn 0.2994 0.9541 -0.0000
vn 0.9938 -0.1115 -0.0000
vn -0.9999 0.0163 -0.0000
vn -0.9103 0.4138 -0.0000
vn -0.9105 0.4136 -0.0000
vn 0.9491 0.3150 -0.0000
vn 0.9454 -0.3258 -0.0000
vn -0.7936 -0.6084 -0.0000
vn 0.8586 0.5127 -0.0000
vn -0.7071 -0.7071 -0.0000
vn -0.6882 -0.7255 -0.0000
vn -0.7071 0.7071 -0.0000
vn 0.2899 0.9571 -0.0000
vn 0.3671 0.9302 -0.0000
vn 0.9459 0.3245 -0.0000
vn -0.9111 -0.4121 -0.0000
vn -0.7546 0.6561 -0.0000
vn 0.9032 0.4293 -0.0000
vn -0.7416 0.6708 -0.0000
vn -0.7419 -0.6705 -0.0000
vn -0.9405 -0.3398 -0.0000
vn 0.7532 0.6578 -0.0000
vn 0.9832 0.1827 -0.0000
vn -0.5446 0.8387 -0.0000
vn 0.0096 -1.0000 -0.0000
vn 0.9031 0.4293 -0.0000
vn -0.3629 0.9318 -0.0000
vn 0.0011 -1.0000 -0.0000
vn -0.3374 -0.9414 -0.0000
vn 0.6769 0.7361 -0.0000
vn -0.4946 -0.8691 -0.0000
vn -0.9934 -0.1147 -0.0000
vn -0.0607 0.9982 -0.0000
vn -0.0009 1.0000 -0.0000
vn 0.0835 -0.9965 -0.0000
vn -0.7722 0.6354 -0.0000
vn -0.1820 0.9833 -0.0000
vn -0.9441 -0.3298 -0.0000
vn 0.5791 0.8153 -0.0000
vn -0.0020 1.0000 -0.0000
vn 0.6211 0.7838 -0.0000
vn -0.9244 0.3815 -0.0000
vn -0.8678 -0.4970 -0.0000
vn -0.8838 -0.4680 -0.0000
vn 1.0000 -0.0068 -0.0000
vn 0.6627 0.7489 -0.0000
vn 0.0350 -0.9994 -0.0000
vn -1.0000 0.0031 -0.0000
vn -0.4551 0.8904 -0.0000
vn -0.7025 -0.7117 -0.0000
vn 1.0000 -0.0000 -0.0000
vn 0.7646 0.6445 -0.0000
vn 0.9996 0.0273 -0.0000
vn -0.9826 -0.1859 -0.0000
vn -0.9291 -0.3698 -0.0000
vn -1.0000 -0.0032 -0.0000
vn -0.4928 -0.8701 -0.0000
vn -0.6524 -0.7578 -0.0000
vn -0.9962 0.0868 -0.0000
vn 0.2885 -0.9575 -0.0000
vn 0.2773 0.9608 -0.0000
vn 0.7680 0.6404 -0.0000
vn -0.9062 -0.4228 -0.0000
vn -0.2594 -0.9658 -0.0000
vn 0.8261 0.5635 -0.0000
vn -0.4250 -0.9052 -0.0000
vn -0.9212 -0.3890 -0.0000
vn -0.5023 -0.8647 -0.0000
vn 0.8831 0.4692 -0.0000
vn -1.0000 0.0009 -0.0000
vn -0.9222 -0.3867 -0.0000
vn 1.0000 0.0008 -0.0000
vn -0.2739 0.9617 -0.0000
vn -0.3923 -0.9198 -0.0000
vn -0.7389 -0.6738 -0.0000
vn -0.0003 -1.0000 -0.0000
vn -0.9851 -0.1717 -0.0000
vn 0.9215 0.3884 -0.0000
vn 0.8302 0.5574 -0.0000
vn -0.9110 -0.4125 -0.0000
vn 0.9415 0.3371 -0.0000
vn -0.5479 -0.8365 -0.0000
vn -0.9128 -0.4085 -0.0000
vn -0.9318 -0.3630 -0.0000
vn -0.1964 0.9805 -0.0000
vn 0.7496 0.6619 -0.0000
vn 0.9893 0.1461 -0.0000
vn -0.9211 -0.3894 -0.0000
vn -0.9999 0.0172 -0.0000
vn -0.3719 -0.9283 -0.0000
vn -0.9266 -0.3762 -0.0000
vn 0.9939 0.1102 -0.0000
vn 0.9837 0.1797 -0.0000
vn -0.9999 -0.0135 -0.0000
vn -0.9153 -0.4028 -0.0000
vn -0.8583 -0.5132 -0.0000
vn -0.9748 0.2229 -0.0000
vn -0.9905 -0.1379 -0.0000
vn 0.9092 0.4163 -0.0000
vn 0.0106 0.9999 -0.0000
vn -0.9210 -0.3896 -0.0000
vn 0.9955 0.0953 -0.0000
vn -0.1726 -0.9850 -0.0000
vn -0.9909 -0.1347 -0.0000
vn 0.9869 -0.1610 -0.0000
vn 0.0012 -1.0000 -0.0000
vn 1.0000 0.0020 -0.0000
vn -0.9807 -0.1957 -0.0000
vn -0.7549 -0.6559 -0.0000
vn -0.9215 -0.3884 -0.0000
vn 0.9804 0.1973 -0.0000
vn -0.9996 -0.0291 -0.0000
vn -0.8413 -0.5405 -0.0000
vn 0.9426 -0.3340 -0.0000
vn 0.9421 0.3354 -0.0000
vn 0.9973 -0.0732 -0.0000
vn -0.8944 -0.4473 -0.0000
vn 0.9861 0.1664 -0.0000
vn -0.6179 -0.7863 -0.0000
vn -0.8772 -0.4802 -0.0000
vn 0.8147 0.5799 -0.0000
vn -0.9253 -0.3792 -0.0000
vn 0.7327 0.6805 -0.0000
vn -0.3274 -0.9449 -0.0000
vn 0.5416 0.8407 -0.0000
vn -0.5460 -0.8378 -0.0000
vn -0.9202 -0.3914 -0.0000
vn 0.6151 0.7884 -0.0000
vn 0.9816 -0.1912 -0.0000
vn 0.9008 0.4343 -0.0000
vn -0.2136 -0.9769 -0.0000
vn 0.9180 0.3966 -0.0000
vn -0.9203 -0.3912 -0.0000
vn 0.9271 0.3748 -0.0000
vn 0.9683 0.2499 -0.0000
vn 0.8977 -0.4407 -0.0000
vn 1.0000 0.0005 -0.0000
vn 0.3293 0.9442 -0.0000
vn -0.9891 -0.1472 -0.0000
vn -0.7917 -0.6109 -0.0000
vn 0.5390 0.8423 -0.0000
vn 0.0501 -0.9987 -0.0000
vn 1.0000 0.0007 -0.0000
vn 0.3201 0.9474 -0.0000
vn -1.0000 -0.0003 -0.0000
vn 0.8764 0.4816 -0.0000
vn 0.9901 -0.1407 -0.0000
vn -0.9405 0.3398 -0.0000
vn 0.3250 0.9457 -0.0000
vn -0.7991 0.6012 -0.0000
vn 0.9571 0.2897 -0.0000
vn -0.6301 0.7765 -0.0000
vn 0.9894 0.1454 -0.0000
vn 0.9295 -0.3689 -0.0000
vn 0.8027 -0.5964 -0.0000
vn -0.6567 -0.7541 -0.0000
vn 0.5404 -0.8414 -0.0000
vn 0.9192 0.3938 -0.0000
vn -0.5938 0.8046 -0.0000
vn -0.4034 0.9150 -0.0000
vn 0.9750 -0.2223 -0.0000
vn 0.8553 0.5181 -0.0000
vn -0.0031 -1.0000 -0.0000
vn -0.0388 0.9992 -0.0000
vn -0.9080 -0.4189 -0.0000
vn 0.2282 -0.9736 -0.0000
vn 0.7868 0.6172 -0.0000
vn -0.1478 -0.9890 -0.0000
vn -0.8920 0.4521 -0.0000
vn -0.0008 1.0000 -0.0000
vn 0.0057 -1.0000 -0.0000
vn -0.0578 0.9983 -0.0000
vn -0.8707 -0.4919 -0.0000
vn 0.5880 0.8089 -0.0000
vn -0.0891 0.9960 -0.0000
vn -0.4934 -0.8698 -0.0000
vn -0.9304 -0.3664 -0.0000
vn 0.6518 0.7584 -0.0000
vn -0.9996 -0.0265 -0.0000
vn -0.7843 -0.6204 -0.0000
vn -0.7180 0.6960 -0.0000
vn -1.0000 -0.0009 -0.0000
vn -0.0021 1.0000 -0.0000
vn 0.9964 0.0843 -0.0000
vn -0.6577 0.7533 -0.0000
vn -0.9288 -0.3707 -0.0000
vn -0.6754 -0.7375 -0.0000
vn -0.9240 -0.3823 -0.0000
vn -0.6431 -0.7658 -0.0000
vn 0.4137 0.9104 -0.0000
vn -0.9999 0.0115 -0.0000
vn -0.8964 -0.4433 -0.0000
vn 0.6227 0.7824 -0.0000
vn -0.9641 -0.2657 -0.0000
vn 0.7649 0.6442 -0.0000
vn -0.8388 -0.5444 -0.0000
vn -0.4088 -0.9126 -0.0000
vn -0.7493 -0.6622 -0.0000
vn -0.0371 0.9993 -0.0000
vn 1.0000 -0.0011 -0.0000
vn -0.9224 -0.3863 -0.0000
vn -1.0000 0.0035 -0.0000
vn 0.7149 0.6992 -0.0000
vn 0.8915 0.4531 -0.0000
vn 0.9999 -0.0105 -0.0000
vn -0.6077 -0.7942 -0.0000
vn -0.6883 -0.7255 -0.0000
vn -0.9641 0.2657 -0.0000
vn 0.8009 0.5988 -0.0000
vn -0.9441 -0.3296 -0.0000
vn 0.7681 0.6403 -0.0000
vn -0.4758 -0.8796 -0.0000
vn -0.0054 -1.0000 -0.0000
vn 0.9942 -0.1072 -0.0000
vn -0.9118 -0.4106 -0.0000
vn -0.2425 0.9701 -0.0000
vn 0.9482 0.3176 -0.0000
vn -0.9203 -0.3911 -0.0000
vn 1.0000 0.0002 -0.0000
vn 0.8445 0.5356 -0.0000
vn -0.9529 -0.3034 -0.0000
vn -0.5587 -0.8293 -0.0000
vn -0.3861 0.9225 -0.0000
vn 0.9946 0.1041 -0.0000
vn -0.8898 -0.4564 -0.0000
vn -0.9114 -0.4116 -0.0000
vn 0.0152 0.9999 -0.0000
vn -0.9987 -0.0518 -0.0000
vn 0.9262 0.3769 -0.0000
vn -0.9933 0.1155 -0.0000
vn 0.9921 0.1254 -0.0000
vn -0.9775 -0.2108 -0.0000
vn -0.7757 -0.6311 -0.0000
vn 0.9985 0.0539 -0.0000
vn 1.0000 0.0028 -0.0000
vn -0.7914 0.6113 -0.0000
vn -0.9213 -0.3888 -0.0000
vn -0.6347 -0.7727 -0.0000
vn -0.9626 -0.2710 -0.0000
vn 0.9908 0.1350 -0.0000
vn 0.9177 0.3972 -0.0000
vn -0.9459 -0.3245 -0.0000
vn -0.9909 -0.1343 -0.0000
vn -0.7838 -0.6210 -0.0000
vn 0.9854 0.1702 -0.0000
vn 0.9894 -0.1452 -0.0000
vn -0.3975 -0.9176 -0.0000
vn -0.8401 -0.5424 -0.0000
vn 0.7195 0.6945 -0.0000
vn -0.9319 -0.3626 -0.0000
vn 0.9905 -0.1377 -0.0000
vn -0.2636 -0.9646 -0.0000
vn 0.9021 0.4316 -0.0000
vn -0.9158 -0.4015 -0.0000
vn 0.6442 0.7649 -0.0000
vn -0.9640 0.2657 -0.0000
vn 0.9832 -0.1827 -0.0000
vn -0.4048 -0.9144 -0.0000
vn -0.9625 0.2712 -0.0000
vn 0.9719 0.2354 -0.0000
vn 0.8863 0.4630 -0.0000
vn -0.9214 -0.3887 -0.0000
vn 0.9335 0.3585 -0.0000
vn 0.9952 0.0977 -0.0000
vn -0.9311 -0.3648 -0.0000
vn -0.8399 0.5427 -0.0000
vn 0.3714 0.9285 -0.0000
vn 0.9294 0.3691 -0.0000
vn 0.9792 0.2028 -0.0000
vn 0.9867 -0.1628 -0.0000
vn -1.0000 0.0094 -0.0000
vn 0.2940 0.9558 -0.0000
vn 0.9943 0.1062 -0.0000
vn 0.6198 -0.7847 -0.0000
vn 0.9158 -0.4017 -0.0000
vn -0.6302 0.7765 -0.0000
vn 0.0161 -0.9999 -0.0000
vn 0.7836 0.6212 -0.0000
vn -0.2979 0.9546 -0.0000
vn -0.1496 -0.9887 -0.0000
vn -0.2628 -0.9648 -0.0000
vn -0.6351 -0.7725 -0.0000
vn 0.9671 0.2545 -0.0000
vn 0.8490 -0.5284 -0.0000
vn -0.1364 0.9907 -0.0000
vn 0.5024 0.8647 -0.0000
vn 0.0009 1.0000 -0.0000
vn -0.4479 0.8941 -0.0000
vn 0.6892 -0.7246 -0.0000
vn -0.9632 0.2687 -0.0000
vn -0.2421 0.9703 -0.0000
vn -0.9626 0.2710 -0.0000
vn -0.8138 -0.5812 -0.0000
vn 0.6296 0.7770 -0.0000
vn -0.0173 -0.9999 -0.0000
vn -0.0276 0.9996 -0.0000
vn 0.9894 0.1452 -0.0000
vn -1.0000 -0.0091 -0.0000
vn -0.9715 -0.2368 -0.0000
vn 0.7597 0.6502 -0.0000
vn -0.4584 -0.8888 -0.0000
vn -0.8603 0.5098 -0.0000
vn 0.7595 0.6506 -0.0000
vn -0.9206 -0.3904 -0.0000
vn 0.6491 0.7607 -0.0000
vn 0.4152 -0.9097 -0.0000
vn 0.8979 0.4402 -0.0000
vn -0.7320 -0.6813 -0.0000
vn -0.9212 -0.3892 -0.0000
vn 0.9999 -0.0152 -0.0000
vn -0.0060 -1.0000 -0.0000
vn -1.0000 0.0007 -0.0000
vn -0.2463 0.9692 -0.0000
vn -0.2884 -0.9575 -0.0000
vn 0.9544 0.2987 -0.0000
vn -0.5296 -0.8482 -0.0000
vn -0.9814 -0.1922 -0.0000
vn -0.9154 -0.4026 -0.0000
vn -0.3355 -0.9421 -0.0000
vn -0.3195 0.9476 -0.0000
vn -0.8935 -0.4491 -0.0000
vn -0.9627 -0.2707 -0.0000
vn -0.7681 -0.6403 -0.0000
vn 0.9950 0.1004 -0.0000
vn -0.9967 -0.0808 -0.0000
vn -0.9045 -0.4264 -0.0000
vn -0.3239 -0.9461 -0.0000
vn -0.4078 -0.9131 -0.0000
vn -0.9891 0.1471 -0.0000
vn 0.8598 0.5106 -0.0000
vn 0.0206 0.9998 -0.0000
vn 1.0000 0.0012 -0.0000
vn -0.9995 -0.0306 -0.0000
vn -0.6274 -0.7787 -0.0000
vn -0.9572 -0.2895 -0.0000
vn -0.9952 -0.0978 -0.0000
vn 0.8903 0.4554 -0.0000
vn -0.9390 -0.3438 -0.0000
vn -0.3237 -0.9462 -0.0000
vn -0.2607 -0.9654 -0.0000
vn 0.9771 -0.2127 -0.0000
vn 0.7790 0.6270 -0.0000
vn -0.3641 -0.9314 -0.0000
vn -0.9243 -0.3818 -0.0000
vn 0.9314 0.3639 -0.0000
vn -0.9309 -0.3653 -0.0000
vn -0.0000 0.0193 -0.9998
vn -0.0000 0.4812 -0.8766
vn -0.9318 -0.3631 -0.0000
vn 0.7496 0.6618 -0.0000
vn 0.6296 0.7769 -0.0000
vn -0.9715 -0.2369 -0.0000
vn -0.4584 -0.8887 -0.0000
vn 0.9421 0.3355 -0.0000
vn 0.7327 0.6806 -0.0000
vn -0.3354 -0.9421 -0.0000
vn 0.8976 -0.4407 -0.0000
vn -0.9891 -0.1471 -0.0000
vn -0.2606 -0.9655 -0.0000
vn -0.6254 -0.7803 -0.0000
vn -0.9204 -0.3909 -0.0000
vn -0.7364 -0.6766 -0.0000
vn 0.5348 0.8449 -0.0000
vn -0.3272 0.9449 -0.0000
vn -0.8772 0.4802 -0.0000
vn 0.5927 0.8055 -0.0000
vn -0.3974 -0.9176 -0.0000
vn -0.8197 0.5727 -0.0000
vn -0.0028 1.0000 -0.0000
vn -0.2748 -0.9615 -0.0000
vn -0.5112 -0.8595 -0.0000
vn -0.1364 -0.9906 -0.0000
vn 0.9370 0.3493 -0.0000
vn -0.7974 -0.6034 -0.0000
vn 0.9093 -0.4161 -0.0000
vn -0.7544 0.6565 -0.0000
vn 0.8009 0.5989 -0.0000
vn 0.5898 0.8076 -0.0000
vn 0.2995 0.9541 -0.0000
vn 0.4151 -0.9098 -0.0000
vn -0.9103 0.4139 -0.0000
vn -0.5447 0.8387 -0.0000
vn -0.7914 -0.6112 -0.0000
vn -0.3373 -0.9414 -0.0000
vn 0.7036 0.7106 -0.0000
vn -0.4928 -0.8702 -0.0000
vn -0.9585 -0.2849 -0.0000
vn -0.3924 -0.9198 -0.0000
vn -0.7546 -0.6561 -0.0000
vn -0.1477 -0.9890 -0.0000
vn -0.4935 -0.8698 -0.0000
vn -0.4089 -0.9126 -0.0000
vn -0.9132 -0.4075 -0.0000
vn 0.8914 0.4531 -0.0000
vn -0.8442 -0.5361 -0.0000
vn -0.4757 -0.8796 -0.0000
vn -0.9204 -0.3911 -0.0000
vn -0.9801 -0.1986 -0.0000
vn 0.5480 0.8364 -0.0000
vn 0.9455 -0.3258 -0.0000
vn 0.0836 -0.9965 -0.0000
vn 0.2774 0.9608 -0.0000
vn -0.2595 -0.9657 -0.0000
vn -0.2628 -0.9649 -0.0000
vn -0.6350 -0.7725 -0.0000
vn -0.7390 -0.6738 -0.0000
vn 0.7035 0.7106 -0.0000
vn -0.0000 0.0002 -1.0000
vn -0.0000 0.0003 -1.0000
vn -0.0000 0.0103 -0.9999
vn -0.0000 0.0011 -1.0000
vn -0.0000 0.0049 -1.0000
vn -0.0000 0.0001 -1.0000
vn -0.0000 -0.0002 -1.0000
vn -0.0000 0.0004 -1.0000
vn -0.0000 -0.0007 -1.0000
vn -0.0000 0.0006 -1.0000
vn -0.0000 -0.0006 -1.0000
vn -0.0000 -0.0011 -1.0000
vn -0.0000 0.0017 -1.0000
vn -0.0000 -0.0005 -1.0000
vn -0.0000 -0.0014 -1.0000
vn -0.0000 0.0005 -1.0000
vn -0.0000 -0.0206 -0.9998
vn -0.0000 0.0012 -1.0000
vn -0.0000 0.0014 -1.0000
vn -0.0000 -0.0009 -1.0000
vn -0.0000 0.0039 -1.0000
vn -0.0000 0.0013 -1.0000
vn -0.0000 0.0010 -1.0000
vn -0.0000 -0.0001 -1.0000
vn -0.0000 0.0018 -1.0000
vn -0.0000 -0.0024 -1.0000
vn -0.0000 -0.0043 -1.0000
vn -0.0000 -0.0023 -1.0000
vn -0.0000 -0.0384 -0.9993
vn -0.0000 -0.0099 -1.0000
vn -0.0000 -0.0020 -1.0000
vn -0.0000 -0.0157 -0.9999
vn -0.0000 0.0028 -1.0000
vn -0.0000 -0.0013 -1.0000
vn -0.0000 -0.0008 -1.0000
vn -0.0000 0.0157 -0.9999
vn -0.0000 -0.0016 -1.0000
vn -0.0000 0.0016 -1.0000
vn -0.0000 -0.0017 -1.0000
vn -0.0000 0.0058 -1.0000
vn -0.0000 -0.0075 -1.0000
vn -0.0000 -0.0025 -1.0000
vn -0.0000 -0.0029 -1.0000
vn -0.0000 -0.0066 -1.0000
vn -0.0000 -0.0030 -1.0000
vn -0.0000 0.0015 -1.0000
vn -0.0000 0.0072 -1.0000
vn -0.5479 -0.8366 -0.0000
vt 0.269279 0.000000
vt 0.270544 0.000000
vt 0.292035 0.000000
vt 0.265487 0.000000
vt 0.266751 0.000000
vt 0.297092 0.000000
vt 0.288243 0.000000
vt 0.289507 0.000000
vt 0.279393 0.000000
vt 0.280657 0.000000
vt 0.271808 0.000000
vt 0.284450 0.000000
vt 0.285714 0.000000
vt 0.758533 0.000000
vt 0.854614 0.000000
vt 0.855879 0.000000
vt 0.274336 0.000000
vt 0.275600 0.000000
vt 0.273072 0.000000
vt 0.106195 0.000000
vt 0.102402 0.000000
vt 0.103666 0.000000
vt 0.276865 0.000000
vt 0.281922 0.000000
vt 0.283186 0.000000
vt 0.286979 0.000000
vt 0.989886 0.000000
vt 0.711757 0.000000
vt 0.713022 0.000000
vt 0.255373 0.000000
vt 0.257901 0.000000
vt 0.254109 0.000000
vt 0.290771 0.000000
vt 0.241466 0.000000
vt 0.247788 0.000000
vt 0.249052 0.000000
vt 0.252845 0.000000
vt 0.251580 0.000000
vt 0.250316 0.000000
vt 0.293300 0.000000
vt 0.294564 0.000000
vt 0.259166 0.000000
vt 0.268015 0.000000
vt 0.027813 0.000000
vt 0.001264 0.000000
vt 0.002528 0.000000
vt 0.295828 0.000000
vt 0.278129 0.000000
vt 0.245259 0.000000
vt 0.246523 0.000000
vt 0.242731 0.000000
vt 0.243995 0.000000
vt 0.260430 0.000000
vt 0.240202 0.000000
vt 0.298357 0.000000
vt 0.264223 0.000000
vt 0.299621 0.000000
vt 0.262958 0.000000
vt 0.236410 0.000000
vt 0.237674 0.000000
vt 0.235145 0.000000
vt 0.238938 0.000000
vt 0.261694 0.000000
vt 0.300885 0.000000
vt 0.233881 0.000000
vt 0.367889 0.000000
vt 0.192162 0.000000
vt 0.193426 0.000000
vt 0.939317 0.000000
vt 0.930468 0.000000
vt 0.931732 0.000000
vt 0.305942 0.000000
vt 0.307206 0.000000
vt 0.302149 0.000000
vt 0.408344 0.000000
vt 0.154235 0.000000
vt 0.155499 0.000000
vt 0.303413 0.000000
vt 0.304678 0.000000
vt 0.613148 0.000000
vt 0.646018 0.000000
vt 0.611884 0.000000
vt 0.041719 0.000000
vt 0.042984 0.000000
vt 0.513274 0.000000
vt 0.352718 0.000000
vt 0.345133 0.000000
vt 0.346397 0.000000
vt 0.972187 0.000000
vt 0.973451 0.000000
vt 0.962073 0.000000
vt 0.769912 0.000000
vt 0.771176 0.000000
vt 0.777497 0.000000
vt 0.030341 0.000000
vt 0.031606 0.000000
vt 0.000000 0.000000
vt 0.338812 0.000000
vt 0.328698 0.000000
vt 0.337547 0.000000
vt 0.929204 0.000000
vt 0.940582 0.000000
vt 0.112516 0.000000
vt 0.434893 0.000000
vt 0.111252 0.000000
vt 0.360303 0.000000
vt 0.206068 0.000000
vt 0.207332 0.000000
vt 0.228824 0.000000
vt 0.230089 0.000000
vt 0.316056 0.000000
vt 0.317320 0.000000
vt 0.831858 0.000000
vt 0.781290 0.000000
vt 0.782554 0.000000
vt 0.227560 0.000000
vt 0.318584 0.000000
vt 0.319848 0.000000
vt 0.321113 0.000000
vt 0.226296 0.000000
vt 0.403287 0.000000
vt 0.179520 0.000000
vt 0.180784 0.000000
vt 0.322377 0.000000
vt 0.225032 0.000000
vt 0.407080 0.000000
vt 0.159292 0.000000
vt 0.323641 0.000000
vt 0.223767 0.000000
vt 0.807838 0.000000
vt 0.809102 0.000000
vt 0.793932 0.000000
vt 0.324905 0.000000
vt 0.222503 0.000000
vt 0.158028 0.000000
vt 0.357775 0.000000
vt 0.211125 0.000000
vt 0.212389 0.000000
vt 0.984829 0.000000
vt 0.986094 0.000000
vt 0.955752 0.000000
vt 0.140329 0.000000
vt 0.412137 0.000000
vt 0.139064 0.000000
vt 0.433628 0.000000
vt 0.113780 0.000000
vt 0.327434 0.000000
vt 0.405815 0.000000
vt 0.171934 0.000000
vt 0.173198 0.000000
vt 0.329962 0.000000
vt 0.331226 0.000000
vt 0.336283 0.000000
vt 0.083439 0.000000
vt 0.493047 0.000000
vt 0.494311 0.000000
vt 0.326169 0.000000
vt 0.340076 0.000000
vt 0.332491 0.000000
vt 0.333755 0.000000
vt 0.335019 0.000000
vt 0.920354 0.000000
vt 0.921618 0.000000
vt 0.945638 0.000000
vt 0.218710 0.000000
vt 0.341340 0.000000
vt 0.217446 0.000000
vt 0.182048 0.000000
vt 0.386852 0.000000
vt 0.161820 0.000000
vt 0.163085 0.000000
vt 0.026549 0.000000
vt 0.003793 0.000000
vt 0.005057 0.000000
vt 0.036662 0.000000
vt 0.525917 0.000000
vt 0.121365 0.000000
vt 0.122630 0.000000
vt 0.123894 0.000000
vt 0.988622 0.000000
vt 0.857143 0.000000
vt 0.614412 0.000000
vt 0.658660 0.000000
vt 0.659924 0.000000
vt 0.647282 0.000000
vt 0.719343 0.000000
vt 0.752212 0.000000
vt 0.753477 0.000000
vt 0.954488 0.000000
vt 0.848293 0.000000
vt 0.849558 0.000000
vt 0.761062 0.000000
vt 0.356511 0.000000
vt 0.342604 0.000000
vt 0.343869 0.000000
vt 0.721871 0.000000
vt 0.723135 0.000000
vt 0.733249 0.000000
vt 0.663717 0.000000
vt 0.664981 0.000000
vt 0.606827 0.000000
vt 0.801517 0.000000
vt 0.802781 0.000000
vt 0.804045 0.000000
vt 0.654867 0.000000
vt 0.649810 0.000000
vt 0.651075 0.000000
vt 0.101138 0.000000
vt 0.642225 0.000000
vt 0.643489 0.000000
vt 0.623262 0.000000
vt 0.308470 0.000000
vt 0.221239 0.000000
vt 0.219975 0.000000
vt 0.116308 0.000000
vt 0.132743 0.000000
vt 0.134008 0.000000
vt 0.351454 0.000000
vt 0.747155 0.000000
vt 0.739570 0.000000
vt 0.740834 0.000000
vt 0.413401 0.000000
vt 0.137800 0.000000
vt 0.084703 0.000000
vt 0.489254 0.000000
vt 0.490518 0.000000
vt 0.348925 0.000000
vt 0.350190 0.000000
vt 0.347661 0.000000
vt 0.404551 0.000000
vt 0.040455 0.000000
vt 0.515803 0.000000
vt 0.959545 0.000000
vt 0.975980 0.000000
vt 0.977244 0.000000
vt 0.640961 0.000000
vt 0.628319 0.000000
vt 0.917826 0.000000
vt 0.919090 0.000000
vt 0.948167 0.000000
vt 0.075853 0.000000
vt 0.077118 0.000000
vt 0.506953 0.000000
vt 0.512010 0.000000
vt 0.068268 0.000000
vt 0.046776 0.000000
vt 0.048040 0.000000
vt 0.366625 0.000000
vt 0.195954 0.000000
vt 0.197219 0.000000
vt 0.414665 0.000000
vt 0.415929 0.000000
vt 0.115044 0.000000
vt 0.029077 0.000000
vt 0.523388 0.000000
vt 0.524652 0.000000
vt 0.916561 0.000000
vt 0.949431 0.000000
vt 0.079646 0.000000
vt 0.080910 0.000000
vt 0.499368 0.000000
vt 0.126422 0.000000
vt 0.125158 0.000000
vt 0.385588 0.000000
vt 0.370417 0.000000
vt 0.369153 0.000000
vt 0.185841 0.000000
vt 0.187105 0.000000
vt 0.044248 0.000000
vt 0.510746 0.000000
vt 0.437421 0.000000
vt 0.438685 0.000000
vt 0.108723 0.000000
vt 0.517067 0.000000
vt 0.518331 0.000000
vt 0.409608 0.000000
vt 0.146650 0.000000
vt 0.147914 0.000000
vt 0.183312 0.000000
vt 0.371681 0.000000
vt 0.475348 0.000000
vt 0.089760 0.000000
vt 0.091024 0.000000
vt 0.372946 0.000000
vt 0.384324 0.000000
vt 0.374210 0.000000
vt 0.375474 0.000000
vt 0.383059 0.000000
vt 0.376738 0.000000
vt 0.381795 0.000000
vt 0.378003 0.000000
vt 0.380531 0.000000
vt 0.379267 0.000000
vt 0.045512 0.000000
vt 0.070796 0.000000
vt 0.072061 0.000000
vt 0.175727 0.000000
vt 0.176991 0.000000
vt 0.946903 0.000000
vt 0.022756 0.000000
vt 0.013906 0.000000
vt 0.015171 0.000000
vt 0.610619 0.000000
vt 0.049305 0.000000
vt 0.456384 0.000000
vt 0.447535 0.000000
vt 0.448799 0.000000
vt 0.792668 0.000000
vt 0.166877 0.000000
vt 0.168142 0.000000
vt 0.085967 0.000000
vt 0.087231 0.000000
vt 0.486726 0.000000
vt 0.189633 0.000000
vt 0.120101 0.000000
vt 0.156764 0.000000
vt 0.508217 0.000000
vt 0.361568 0.000000
vt 0.690265 0.000000
vt 0.691530 0.000000
vt 0.706700 0.000000
vt 0.439949 0.000000
vt 0.441214 0.000000
vt 0.093552 0.000000
vt 0.398230 0.000000
vt 0.390645 0.000000
vt 0.391909 0.000000
vt 0.117573 0.000000
vt 0.118837 0.000000
vt 0.131479 0.000000
vt 0.067004 0.000000
vt 0.050569 0.000000
vt 0.188369 0.000000
vt 0.457649 0.000000
vt 0.443742 0.000000
vt 0.445006 0.000000
vt 0.814159 0.000000
vt 0.815423 0.000000
vt 0.787611 0.000000
vt 0.136536 0.000000
vt 0.396966 0.000000
vt 0.365360 0.000000
vt 0.198483 0.000000
vt 0.912769 0.000000
vt 0.914033 0.000000
vt 0.393173 0.000000
vt 0.395702 0.000000
vt 0.394437 0.000000
vt 0.756005 0.000000
vt 0.757269 0.000000
vt 0.149178 0.000000
vt 0.150442 0.000000
vt 0.099874 0.000000
vt 0.867257 0.000000
vt 0.868521 0.000000
vt 0.213654 0.000000
vt 0.795196 0.000000
vt 0.082174 0.000000
vt 0.495575 0.000000
vt 0.661188 0.000000
vt 0.662453 0.000000
vt 0.609355 0.000000
vt 0.364096 0.000000
vt 0.201011 0.000000
vt 0.202276 0.000000
vt 0.174463 0.000000
vt 0.500632 0.000000
vt 0.501896 0.000000
vt 0.024020 0.000000
vt 0.025284 0.000000
vt 0.012642 0.000000
vt 0.096081 0.000000
vt 0.190898 0.000000
vt 0.796460 0.000000
vt 0.037927 0.000000
vt 0.520860 0.000000
vt 0.522124 0.000000
vt 0.144121 0.000000
vt 0.145386 0.000000
vt 0.410872 0.000000
vt 0.142857 0.000000
vt 0.141593 0.000000
vt 0.450063 0.000000
vt 0.451327 0.000000
vt 0.452592 0.000000
vt 0.750948 0.000000
vt 0.737042 0.000000
vt 0.738306 0.000000
vt 0.431100 0.000000
vt 0.419722 0.000000
vt 0.429836 0.000000
vt 0.705436 0.000000
vt 0.692794 0.000000
vt 0.498104 0.000000
vt 0.032870 0.000000
vt 0.034134 0.000000
vt 0.505689 0.000000
vt 0.428571 0.000000
vt 0.420986 0.000000
vt 0.422250 0.000000
vt 0.088496 0.000000
vt 0.479140 0.000000
vt 0.423515 0.000000
vt 0.427307 0.000000
vt 0.424779 0.000000
vt 0.426043 0.000000
vt 0.214918 0.000000
vt 0.135272 0.000000
vt 0.402023 0.000000
vt 0.388116 0.000000
vt 0.432364 0.000000
vt 0.418458 0.000000
vt 0.130215 0.000000
vt 0.446271 0.000000
vt 0.127686 0.000000
vt 0.069532 0.000000
vt 0.184576 0.000000
vt 0.232617 0.000000
vt 0.312263 0.000000
vt 0.313527 0.000000
vt 0.216182 0.000000
vt 0.073325 0.000000
vt 0.974716 0.000000
vt 0.056890 0.000000
vt 0.058154 0.000000
vt 0.061947 0.000000
vt 0.436157 0.000000
vt 0.109987 0.000000
vt 0.514539 0.000000
vt 0.810367 0.000000
vt 0.788875 0.000000
vt 0.107459 0.000000
vt 0.938053 0.000000
vt 0.932996 0.000000
vt 0.934260 0.000000
vt 0.169406 0.000000
vt 0.231353 0.000000
vt 0.092288 0.000000
vt 0.471555 0.000000
vt 0.476612 0.000000
vt 0.477876 0.000000
vt 0.845765 0.000000
vt 0.763590 0.000000
vt 0.844501 0.000000
vt 0.104930 0.000000
vt 0.035398 0.000000
vt 0.826802 0.000000
vt 0.785082 0.000000
vt 0.786346 0.000000
vt 0.455120 0.000000
vt 0.453856 0.000000
vt 0.797724 0.000000
vt 0.806574 0.000000
vt 0.766119 0.000000
vt 0.767383 0.000000
vt 0.098609 0.000000
vt 0.608091 0.000000
vt 0.833123 0.000000
vt 0.843236 0.000000
vt 0.094817 0.000000
vt 0.442478 0.000000
vt 0.458913 0.000000
vt 0.834387 0.000000
vt 0.460177 0.000000
vt 0.461441 0.000000
vt 0.463970 0.000000
vt 0.462705 0.000000
vt 0.465234 0.000000
vt 0.466498 0.000000
vt 0.467762 0.000000
vt 0.469027 0.000000
vt 0.470291 0.000000
vt 0.178255 0.000000
vt 0.472819 0.000000
vt 0.064475 0.000000
vt 0.054362 0.000000
vt 0.055626 0.000000
vt 0.474083 0.000000
vt 0.164349 0.000000
vt 0.165613 0.000000
vt 0.644753 0.000000
vt 0.399494 0.000000
vt 0.400759 0.000000
vt 0.389381 0.000000
vt 0.170670 0.000000
vt 0.702908 0.000000
vt 0.704172 0.000000
vt 0.097345 0.000000
vt 0.694058 0.000000
vt 0.509482 0.000000
vt 0.504425 0.000000
vt 0.078382 0.000000
vt 0.828066 0.000000
vt 0.967130 0.000000
vt 0.968394 0.000000
vt 0.969659 0.000000
vt 0.051833 0.000000
vt 0.925411 0.000000
vt 0.926675 0.000000
vt 0.128951 0.000000
vt 0.915297 0.000000
vt 0.951960 0.000000
vt 0.496839 0.000000
vt 0.480405 0.000000
vt 0.481669 0.000000
vt 0.359039 0.000000
vt 0.209861 0.000000
vt 0.074589 0.000000
vt 0.762326 0.000000
vt 0.847029 0.000000
vt 0.060683 0.000000
vt 0.059418 0.000000
vt 0.362832 0.000000
vt 0.203540 0.000000
vt 0.204804 0.000000
vt 0.714286 0.000000
vt 0.063211 0.000000
vt 0.605563 0.000000
vt 0.666245 0.000000
vt 0.006321 0.000000
vt 0.310999 0.000000
vt 0.820480 0.000000
vt 0.817952 0.000000
vt 0.768647 0.000000
vt 0.778761 0.000000
vt 0.021492 0.000000
vt 0.016435 0.000000
vt 0.491783 0.000000
vt 0.689001 0.000000
vt 0.673831 0.000000
vt 0.735777 0.000000
vt 0.639697 0.000000
vt 0.632111 0.000000
vt 0.065740 0.000000
vt 0.800253 0.000000
vt 0.314791 0.000000
vt 0.208597 0.000000
vt 0.007585 0.000000
vt 0.008850 0.000000
vt 0.309735 0.000000
vt 0.484197 0.000000
vt 0.485461 0.000000
vt 0.835651 0.000000
vt 0.836915 0.000000
vt 0.160556 0.000000
vt 0.482933 0.000000
vt 0.618205 0.000000
vt 0.991150 0.000000
vt 0.600506 0.000000
vt 1.000000 0.000000
vt 0.539823 0.000000
vt 0.541087 0.000000
vt 0.998736 0.000000
vt 0.558786 0.000000
vt 0.560051 0.000000
vt 0.542351 0.000000
vt 0.355247 0.000000
vt 0.417193 0.000000
vt 0.543616 0.000000
vt 0.544880 0.000000
vt 0.710493 0.000000
vt 0.858407 0.000000
vt 0.724400 0.000000
vt 0.725664 0.000000
vt 0.730721 0.000000
vt 0.718078 0.000000
vt 0.199747 0.000000
vt 0.151707 0.000000
vt 0.754741 0.000000
vt 0.604298 0.000000
vt 0.018963 0.000000
vt 0.020228 0.000000
vt 0.017699 0.000000
vt 0.532238 0.000000
vt 0.533502 0.000000
vt 0.534766 0.000000
vt 0.536030 0.000000
vt 0.537295 0.000000
vt 0.791403 0.000000
vt 0.557522 0.000000
vt 0.561315 0.000000
vt 0.667509 0.000000
vt 0.603034 0.000000
vt 0.987358 0.000000
vt 0.895070 0.000000
vt 0.896334 0.000000
vt 0.958281 0.000000
vt 0.547408 0.000000
vt 0.548673 0.000000
vt 0.549937 0.000000
vt 0.551201 0.000000
vt 0.552465 0.000000
vt 0.553729 0.000000
vt 0.554994 0.000000
vt 0.556258 0.000000
vt 0.538559 0.000000
vt 0.970923 0.000000
vt 0.965866 0.000000
vt 0.992415 0.000000
vt 0.579014 0.000000
vt 0.580278 0.000000
vt 0.997472 0.000000
vt 0.562579 0.000000
vt 0.563843 0.000000
vt 0.565107 0.000000
vt 0.571429 0.000000
vt 0.993679 0.000000
vt 0.994943 0.000000
vt 0.566372 0.000000
vt 0.996207 0.000000
vt 0.567636 0.000000
vt 0.568900 0.000000
vt 0.570164 0.000000
vt 0.572693 0.000000
vt 0.573957 0.000000
vt 0.575221 0.000000
vt 0.576485 0.000000
vt 0.577750 0.000000
vt 0.960809 0.000000
vt 0.530973 0.000000
vt 0.656132 0.000000
vt 0.657396 0.000000
vt 0.256637 0.000000
vt 0.624526 0.000000
vt 0.701643 0.000000
vt 0.695322 0.000000
vt 0.586599 0.000000
vt 0.587863 0.000000
vt 0.589128 0.000000
vt 0.590392 0.000000
vt 0.591656 0.000000
vt 0.592920 0.000000
vt 0.594185 0.000000
vt 0.595449 0.000000
vt 0.596713 0.000000
vt 0.597977 0.000000
vt 0.599241 0.000000
vt 0.601770 0.000000
vt 0.627054 0.000000
vt 0.699115 0.000000
vt 0.700379 0.000000
vt 0.653603 0.000000
vt 0.783818 0.000000
vt 0.829330 0.000000
vt 0.830594 0.000000
vt 0.648546 0.000000
vt 0.764855 0.000000
vt 0.616941 0.000000
vt 0.615676 0.000000
vt 0.619469 0.000000
vt 0.620733 0.000000
vt 0.621997 0.000000
vt 0.194690 0.000000
vt 0.625790 0.000000
vt 0.709229 0.000000
vt 0.629583 0.000000
vt 0.581542 0.000000
vt 0.582807 0.000000
vt 0.630847 0.000000
vt 0.707965 0.000000
vt 0.546144 0.000000
vt 0.635904 0.000000
vt 0.634640 0.000000
vt 0.637168 0.000000
vt 0.638432 0.000000
vt 0.053097 0.000000
vt 0.584071 0.000000
vt 0.823009 0.000000
vt 0.759798 0.000000
vt 0.487990 0.000000
vt 0.652339 0.000000
vt 0.039191 0.000000
vt 0.893805 0.000000
vt 0.957016 0.000000
vt 0.978508 0.000000
vt 0.353982 0.000000
vt 0.668774 0.000000
vt 0.670038 0.000000
vt 0.671302 0.000000
vt 0.672566 0.000000
vt 0.675095 0.000000
vt 0.748420 0.000000
vt 0.681416 0.000000
vt 0.685209 0.000000
vt 0.680152 0.000000
vt 0.682680 0.000000
vt 0.683944 0.000000
vt 0.686473 0.000000
vt 0.678887 0.000000
vt 0.687737 0.000000
vt 0.677623 0.000000
vt 0.527181 0.000000
vt 0.731985 0.000000
vt 0.696587 0.000000
vt 0.697851 0.000000
vt 0.943110 0.000000
vt 0.944374 0.000000
vt 0.922882 0.000000
vt 0.863464 0.000000
vt 0.864728 0.000000
vt 0.528445 0.000000
vt 0.529709 0.000000
vt 0.897598 0.000000
vt 0.780025 0.000000
vt 0.519595 0.000000
vt 0.715550 0.000000
vt 0.716814 0.000000
vt 0.720607 0.000000
vt 0.734513 0.000000
vt 0.749684 0.000000
vt 0.726928 0.000000
vt 0.728192 0.000000
vt 0.729456 0.000000
vt 0.676359 0.000000
vt 0.745891 0.000000
vt 0.744627 0.000000
vt 0.742099 0.000000
vt 0.743363 0.000000
vt 0.776233 0.000000
vt 0.633375 0.000000
vt 0.852086 0.000000
vt 0.853350 0.000000
vt 0.152971 0.000000
vt 0.773704 0.000000
vt 0.774968 0.000000
vt 0.772440 0.000000
vt 0.825537 0.000000
vt 0.503161 0.000000
vt 0.790139 0.000000
vt 0.805310 0.000000
vt 0.798989 0.000000
vt 0.811631 0.000000
vt 0.812895 0.000000
vt 0.011378 0.000000
vt 0.816688 0.000000
vt 0.819216 0.000000
vt 0.862200 0.000000
vt 0.850822 0.000000
vt 0.585335 0.000000
vt 0.824273 0.000000
vt 0.821745 0.000000
vt 0.010114 0.000000
vt 0.838180 0.000000
vt 0.839444 0.000000
vt 0.840708 0.000000
vt 0.841972 0.000000
vt 0.859671 0.000000
vt 0.860936 0.000000
vt 0.865992 0.000000
vt 0.898862 0.000000
vt 0.869785 0.000000
vt 0.871049 0.000000
vt 0.872313 0.000000
vt 0.873578 0.000000
vt 0.874842 0.000000
vt 0.876106 0.000000
vt 0.877370 0.000000
vt 0.878635 0.000000
vt 0.879899 0.000000
vt 0.881163 0.000000
vt 0.882427 0.000000
vt 0.883692 0.000000
vt 0.884956 0.000000
vt 0.886220 0.000000
vt 0.887484 0.000000
vt 0.888748 0.000000
vt 0.890013 0.000000
vt 0.891277 0.000000
vt 0.892541 0.000000
vt 0.900126 0.000000
vt 0.901391 0.000000
vt 0.902655 0.000000
vt 0.903919 0.000000
vt 0.905183 0.000000
vt 0.906448 0.000000
vt 0.907712 0.000000
vt 0.908976 0.000000
vt 0.910240 0.000000
vt 0.911504 0.000000
vt 0.983565 0.000000
vt 0.982301 0.000000
vt 0.950695 0.000000
vt 0.981037 0.000000
vt 0.979772 0.000000
vt 0.953224 0.000000
vt 0.924147 0.000000
vt 0.941846 0.000000
vt 0.927939 0.000000
vt 0.936789 0.000000
vt 0.963338 0.000000
vt 0.935525 0.000000
vt 0.964602 0.000000
s 0
g Stella_L_corner_SVGMat
usemtl SVGMat
f 214/1/1 215/2/1 232/3/1
f 211/4/1 212/5/1 236/6/1
f 215/2/2 229/7/2 230/8/2
f 222/9/1 223/10/1 216/11/1
f 226/12/3 227/13/3 215/2/3
f 601/14/4 677/15/4 678/16/4
f 218/17/1 219/18/1 216/11/1
f 217/19/1 218/17/1 216/11/1
f 85/20/5 82/21/5 83/22/5
f 219/18/1 220/23/1 216/11/1
f 224/24/1 225/25/1 216/11/1
f 223/10/1 224/24/1 216/11/1
f 227/13/6 228/26/6 215/2/6
f 784/27/1 564/28/1 565/29/1
f 225/25/7 226/12/7 216/11/7
f 203/30/1 205/31/1 202/32/1
f 215/2/1 231/33/1 232/3/1
f 192/34/8 197/35/8 198/36/8
f 201/37/9 205/31/9 200/38/9
f 228/26/1 229/7/1 215/2/1
f 200/38/10 205/31/10 199/39/10
f 214/1/11 233/40/11 234/41/11
f 199/39/12 205/31/12 198/36/12
f 206/42/11 192/34/11 198/36/11
f 213/43/1 214/1/1 234/41/1
f 23/44/1 2/45/1 3/46/1
f 214/1/13 232/3/13 233/40/13
f 212/5/11 235/47/11 236/6/11
f 221/48/1 222/9/1 216/11/1
f 192/34/4 195/49/4 196/50/4
f 192/34/1 193/51/1 194/52/1
f 192/34/14 194/52/14 195/49/14
f 192/34/15 196/50/15 197/35/15
f 201/37/1 202/32/1 205/31/1
f 207/53/13 191/54/13 206/42/13
f 211/4/13 236/6/13 237/55/13
f 215/2/1 230/8/1 231/33/1
f 210/56/13 237/55/13 238/57/13
f 210/56/1 211/4/1 237/55/1
f 209/58/1 188/59/1 189/60/1
f 191/54/1 192/34/1 206/42/1
f 210/56/1 238/57/1 187/61/1
f 191/54/1 207/53/1 190/62/1
f 210/56/13 187/61/13 188/59/13
f 190/62/14 208/63/14 189/60/14
f 207/53/1 208/63/1 190/62/1
f 208/63/1 209/58/1 189/60/1
f 212/5/1 213/43/1 235/47/1
f 209/58/1 210/56/1 188/59/1
f 213/43/1 234/41/1 235/47/1
f 239/64/1 186/65/1 238/57/1
f 292/66/11 153/67/11 154/68/11
f 744/69/16 737/70/16 738/71/16
f 243/72/1 244/73/1 240/74/1
f 324/75/1 123/76/1 124/77/1
f 241/78/1 242/79/1 240/74/1
f 486/80/17 512/81/17 485/82/17
f 242/79/1 243/72/1 240/74/1
f 34/83/1 35/84/1 407/85/1
f 280/86/17 274/87/17 275/88/17
f 770/89/1 771/90/1 762/91/1
f 610/92/1 611/93/1 616/94/1
f 25/95/18 26/96/18 1/97/18
f 269/98/1 261/99/1 268/100/1
f 736/101/1 737/70/1 745/102/1
f 90/103/1 345/104/1 89/105/1
f 286/106/11 164/107/11 165/108/11
f 182/109/1 183/110/1 251/111/1
f 251/111/1 252/112/1 182/109/1
f 659/113/1 619/114/1 620/115/1
f 181/116/1 182/109/1 253/117/1
f 254/118/1 181/116/1 253/117/1
f 255/119/1 180/120/1 254/118/1
f 320/121/1 143/122/1 144/123/1
f 256/124/1 179/125/1 255/119/1
f 323/126/1 324/75/1 127/127/1
f 257/128/1 178/129/1 256/124/1
f 640/130/1 641/131/1 629/132/1
f 258/133/1 177/134/1 257/128/1
f 324/75/11 126/135/11 127/127/11
f 284/136/14 168/137/14 169/138/14
f 780/139/19 781/140/19 757/141/19
f 112/142/1 327/143/1 111/144/1
f 344/145/1 345/104/1 91/146/1
f 260/147/1 261/99/1 269/98/1
f 322/148/1 137/149/1 138/150/1
f 261/99/1 262/151/1 268/100/1
f 262/151/20 263/152/20 267/153/20
f 67/154/1 391/155/1 392/156/1
f 259/157/2 269/98/2 270/158/2
f 263/152/1 264/159/1 267/153/1
f 265/160/1 266/161/1 264/159/1
f 729/162/17 730/163/17 749/164/17
f 174/165/1 259/157/1 270/158/1
f 268/100/1 262/151/1 267/153/1
f 270/158/1 271/166/1 173/167/1
f 320/121/1 145/168/1 307/169/1
f 323/126/1 129/170/1 130/171/1
f 22/172/13 4/173/13 5/174/13
f 220/23/1 221/48/1 216/11/1
f 30/175/1 417/176/1 1/97/1
f 97/177/21 98/178/21 99/179/21
f 783/180/1 678/16/1 679/181/1
f 487/182/1 512/81/1 486/80/1
f 522/183/1 523/184/1 513/185/1
f 570/186/19 596/187/19 597/188/19
f 756/189/1 757/141/1 781/140/1
f 672/190/1 673/191/1 603/192/1
f 283/193/2 272/194/2 273/195/2
f 572/196/1 573/197/1 581/198/1
f 526/199/1 527/200/1 481/201/1
f 23/44/8 3/46/8 4/173/8
f 635/202/22 636/203/22 637/204/22
f 519/205/23 515/206/23 516/207/23
f 82/21/1 85/20/1 81/208/1
f 509/209/19 510/210/19 494/211/19
f 244/73/24 245/212/24 240/74/24
f 176/213/1 258/133/1 175/214/1
f 93/215/25 106/216/25 107/217/25
f 279/218/26 280/86/26 275/88/26
f 226/12/1 215/2/1 216/11/1
f 592/219/1 586/220/1 587/221/1
f 111/144/1 328/222/1 110/223/1
f 68/224/1 388/225/1 389/226/1
f 277/227/1 278/228/1 276/229/1
f 266/161/27 267/153/27 264/159/27
f 320/121/1 321/230/1 143/122/1
f 33/231/1 34/83/1 409/232/1
f 760/233/11 773/234/11 774/235/11
f 508/236/17 509/209/17 498/237/17
f 727/238/2 728/239/2 751/240/2
f 61/241/1 62/242/1 402/243/1
f 35/84/1 406/244/1 407/85/1
f 55/245/19 38/246/19 39/247/19
f 291/248/1 156/249/1 157/250/1
f 329/251/16 330/252/16 92/253/16
f 23/44/1 24/254/1 1/97/1
f 30/175/11 415/255/11 416/256/11
f 726/257/1 727/238/1 752/258/1
f 64/259/1 65/260/1 396/261/1
f 101/262/28 97/177/28 100/263/28
f 306/264/4 307/169/4 294/265/4
f 293/266/1 148/267/1 149/268/1
f 35/84/14 36/269/14 405/270/14
f 347/271/1 348/272/1 87/273/1
f 33/231/1 410/274/1 411/275/1
f 325/276/1 117/277/1 118/278/1
f 146/279/1 294/265/1 307/169/1
f 295/280/1 306/264/1 294/265/1
f 377/281/1 72/282/1 73/283/1
f 296/284/1 305/285/1 295/280/1
f 297/286/1 305/285/1 296/284/1
f 305/285/1 306/264/1 295/280/1
f 298/287/1 304/288/1 297/286/1
f 304/288/1 305/285/1 297/286/1
f 298/287/1 299/289/1 303/290/1
f 299/289/29 300/291/29 303/290/29
f 300/291/1 302/292/1 303/290/1
f 300/291/30 301/293/30 302/292/30
f 304/288/1 298/287/1 303/290/1
f 37/294/30 57/295/30 58/296/30
f 321/230/13 140/297/13 141/298/13
f 145/168/1 146/279/1 307/169/1
f 728/239/1 729/162/1 750/299/1
f 19/300/31 12/301/31 13/302/31
f 484/303/1 485/82/1 513/185/1
f 55/245/1 39/247/1 40/304/1
f 362/305/31 355/306/31 356/307/31
f 629/132/1 641/131/1 628/308/1
f 323/126/13 133/309/13 134/310/13
f 69/311/1 70/312/1 386/313/1
f 292/66/13 293/266/13 151/314/13
f 101/262/10 96/315/10 97/177/10
f 258/133/1 259/157/1 175/214/1
f 324/75/1 124/77/1 125/316/1
f 61/241/1 402/243/1 403/317/1
f 286/106/1 287/318/1 164/107/1
f 547/319/4 548/320/4 560/321/4
f 349/322/1 350/323/1 75/324/1
f 316/325/1 310/326/1 311/327/1
f 94/328/10 95/329/10 105/330/10
f 54/331/1 55/245/1 41/332/1
f 293/266/1 150/333/1 151/314/1
f 363/334/19 352/335/19 353/336/19
f 645/337/1 646/338/1 624/339/1
f 328/222/1 329/251/1 109/340/1
f 315/341/1 316/325/1 311/327/1
f 110/223/1 328/222/1 109/340/1
f 290/342/1 291/248/1 158/343/1
f 723/344/1 724/345/1 781/140/1
f 311/327/32 312/346/32 314/347/32
f 313/348/1 314/347/1 312/346/1
f 783/180/1 599/349/1 600/350/1
f 325/276/1 119/351/1 120/352/1
f 85/20/33 80/353/33 81/208/33
f 783/180/13 687/354/13 688/355/13
f 169/138/1 170/356/1 284/136/1
f 630/357/1 640/130/1 629/132/1
f 66/358/1 392/156/1 393/359/1
f 524/360/1 525/361/1 483/362/1
f 289/363/11 160/364/11 161/365/11
f 322/148/11 138/150/11 139/366/11
f 64/259/1 397/367/1 398/368/1
f 30/175/1 416/256/1 417/176/1
f 20/369/1 21/370/1 11/371/1
f 349/322/1 77/372/1 348/272/1
f 292/66/1 152/373/1 153/67/1
f 630/357/1 631/374/1 640/130/1
f 31/375/1 413/376/1 414/377/1
f 115/378/1 116/379/1 326/380/1
f 326/380/1 114/381/1 115/378/1
f 327/143/1 114/381/1 326/380/1
f 327/143/1 113/382/1 114/381/1
f 362/305/31 357/383/31 358/384/31
f 325/276/1 326/380/1 117/277/1
f 362/305/34 358/384/34 359/385/34
f 595/386/1 584/387/1 585/388/1
f 342/389/1 333/390/1 341/391/1
f 175/214/1 259/157/1 174/165/1
f 559/392/1 548/320/1 549/393/1
f 65/260/1 395/394/1 396/261/1
f 27/395/30 28/396/30 1/97/30
f 62/242/1 401/397/1 402/243/1
f 340/398/1 334/399/1 335/400/1
f 71/401/1 72/282/1 380/402/1
f 335/400/1 336/403/1 339/404/1
f 337/405/1 338/406/1 336/403/1
f 336/403/1 338/406/1 339/404/1
f 270/158/11 173/167/11 174/165/11
f 283/193/1 171/407/1 272/194/1
f 334/399/35 340/398/35 341/391/35
f 108/408/13 329/251/13 107/217/13
f 319/409/36 320/121/36 308/410/36
f 107/217/1 329/251/1 93/215/1
f 524/360/14 483/362/14 484/303/14
f 343/411/1 332/412/1 342/389/1
f 93/215/37 94/328/37 106/216/37
f 106/216/1 94/328/1 105/330/1
f 104/413/1 105/330/1 95/329/1
f 363/334/1 354/414/1 355/306/1
f 104/413/23 95/329/23 96/315/23
f 66/358/1 67/154/1 392/156/1
f 102/415/38 96/315/38 101/262/38
f 176/213/1 177/134/1 258/133/1
f 320/121/1 144/123/1 145/168/1
f 37/294/7 56/416/7 57/295/7
f 294/265/1 146/279/1 147/417/1
f 185/418/1 248/419/1 249/420/1
f 37/294/1 38/246/1 56/416/1
f 293/266/1 294/265/1 148/267/1
f 271/166/1 272/194/1 172/421/1
f 37/294/17 58/296/17 59/422/17
f 93/215/11 329/251/11 92/253/11
f 22/172/1 23/44/1 4/173/1
f 178/129/1 179/125/1 256/124/1
f 91/146/1 345/104/1 90/103/1
f 760/233/1 772/423/1 773/234/1
f 46/424/1 47/425/1 50/426/1
f 89/105/1 346/427/1 88/428/1
f 34/83/1 408/429/1 409/232/1
f 641/131/1 642/430/1 625/431/1
f 87/273/1 348/272/1 86/432/1
f 271/166/14 172/421/14 173/167/14
f 743/433/1 739/434/1 740/435/1
f 322/148/1 323/126/1 135/436/1
f 184/437/1 185/418/1 249/420/1
f 30/175/1 31/375/1 415/255/1
f 73/283/1 74/438/1 374/439/1
f 72/282/1 378/440/1 379/441/1
f 108/408/1 109/340/1 329/251/1
f 670/442/1 605/443/1 669/444/1
f 84/445/39 85/20/39 83/22/39
f 28/396/1 29/446/1 1/97/1
f 19/300/1 20/369/1 12/301/1
f 320/121/15 307/169/15 308/410/15
f 655/447/13 622/448/13 623/449/13
f 323/126/1 134/310/1 135/436/1
f 361/450/1 362/305/1 360/451/1
f 631/374/1 632/452/1 639/453/1
f 607/454/1 608/455/1 619/114/1
f 79/456/1 80/353/1 85/20/1
f 525/361/14 482/457/14 483/362/14
f 605/443/11 660/458/11 668/459/11
f 321/230/13 139/366/13 140/297/13
f 76/460/1 349/322/1 75/324/1
f 351/461/1 352/335/1 364/462/1
f 660/458/40 661/463/40 668/459/40
f 363/334/1 353/336/1 354/414/1
f 75/324/1 350/323/1 365/464/1
f 366/465/1 74/438/1 365/464/1
f 55/245/1 40/304/1 41/332/1
f 368/466/1 374/439/1 367/467/1
f 369/468/41 374/439/41 368/466/41
f 370/469/1 374/439/1 369/468/1
f 371/470/1 374/439/1 370/469/1
f 372/471/42 374/439/42 371/470/42
f 373/472/1 374/439/1 372/471/1
f 321/230/1 141/298/1 142/473/1
f 366/465/43 367/467/43 374/439/43
f 375/474/1 73/283/1 374/439/1
f 52/475/15 44/476/15 45/477/15
f 376/478/1 73/283/1 375/474/1
f 376/478/1 377/281/1 73/283/1
f 323/126/1 131/479/1 132/480/1
f 377/281/1 378/440/1 72/282/1
f 170/356/17 283/193/17 284/136/17
f 511/481/1 512/81/1 487/182/1
f 179/125/1 180/120/1 255/119/1
f 317/482/1 318/483/1 309/484/1
f 68/224/1 69/311/1 388/225/1
f 332/412/1 333/390/1 342/389/1
f 322/148/1 136/485/1 137/149/1
f 549/393/19 557/486/19 558/487/19
f 78/488/34 79/456/34 85/20/34
f 557/486/1 549/393/1 550/489/1
f 61/241/1 403/317/1 404/490/1
f 62/242/1 400/491/1 401/397/1
f 323/126/1 130/171/1 131/479/1
f 63/492/14 64/259/14 398/368/14
f 523/184/1 524/360/1 484/303/1
f 112/142/1 113/382/1 327/143/1
f 622/448/14 655/447/14 656/493/14
f 766/494/1 767/495/1 768/496/1
f 346/427/1 347/271/1 88/428/1
f 54/331/33 41/332/33 42/497/33
f 733/498/1 734/499/1 745/102/1
f 350/323/44 351/461/44 364/462/44
f 103/500/1 104/413/1 96/315/1
f 62/242/1 63/492/1 400/491/1
f 325/276/1 118/278/1 119/351/1
f 326/380/1 116/379/1 117/277/1
f 725/501/35 726/257/35 754/502/35
f 65/260/1 66/358/1 394/503/1
f 71/401/1 381/504/1 382/505/1
f 285/506/1 167/507/1 168/137/1
f 29/446/45 30/175/45 1/97/45
f 60/508/1 61/241/1 36/269/1
f 672/190/1 604/509/1 671/510/1
f 49/511/1 50/426/1 48/512/1
f 48/512/1 50/426/1 47/425/1
f 288/513/1 162/514/1 163/515/1
f 784/27/1 565/29/1 566/516/1
f 46/424/1 51/517/1 45/477/1
f 51/517/1 52/475/1 45/477/1
f 480/518/14 527/200/14 528/519/14
f 77/372/46 78/488/46 86/432/46
f 548/320/3 559/392/3 560/321/3
f 288/513/1 161/365/1 162/514/1
f 22/172/31 5/174/31 6/520/31
f 185/418/11 247/521/11 248/419/11
f 650/522/1 624/339/1 648/523/1
f 292/66/1 151/314/1 152/373/1
f 725/501/1 754/502/1 781/140/1
f 322/148/1 135/436/1 136/485/1
f 36/269/1 37/294/1 59/422/1
f 77/372/1 349/322/1 76/460/1
f 526/199/11 481/201/11 482/457/11
f 324/75/1 125/316/1 126/135/1
f 609/524/20 610/92/20 617/525/20
f 333/390/5 334/399/5 341/391/5
f 88/428/1 347/271/1 87/273/1
f 71/401/1 380/402/1 381/504/1
f 18/526/14 13/302/14 14/527/14
f 67/154/1 68/224/1 390/528/1
f 546/529/1 547/319/1 534/530/1
f 584/387/47 595/386/47 596/187/47
f 51/517/1 46/424/1 50/426/1
f 92/253/1 330/252/1 91/146/1
f 318/483/1 319/409/1 309/484/1
f 321/230/1 322/148/1 139/366/1
f 409/232/1 410/274/1 33/231/1
f 523/184/1 484/303/1 513/185/1
f 583/531/1 596/187/1 570/186/1
f 507/532/1 508/236/1 501/533/1
f 287/318/1 163/515/1 164/107/1
f 583/531/1 584/387/1 596/187/1
f 52/475/1 53/534/1 44/476/1
f 288/513/14 289/363/14 161/365/14
f 634/535/1 635/202/1 637/204/1
f 19/300/1 13/302/1 18/526/1
f 180/120/1 181/116/1 254/118/1
f 184/437/1 249/420/1 250/536/1
f 183/110/1 250/536/1 251/111/1
f 65/260/1 394/503/1 395/394/1
f 285/506/1 166/537/1 167/507/1
f 22/172/17 7/538/17 8/539/17
f 68/224/1 389/226/1 390/528/1
f 59/422/9 60/508/9 36/269/9
f 246/540/1 247/521/1 239/64/1
f 70/312/1 384/541/1 385/542/1
f 661/463/1 662/543/1 663/544/1
f 35/84/1 405/270/1 406/244/1
f 86/432/1 78/488/1 85/20/1
f 275/88/3 276/229/3 278/228/3
f 34/83/1 407/85/1 408/429/1
f 283/193/11 170/356/11 171/407/11
f 284/136/1 285/506/1 168/137/1
f 323/126/1 127/127/1 128/545/1
f 70/312/1 383/546/1 384/541/1
f 510/210/1 511/481/1 490/547/1
f 53/534/1 54/331/1 42/497/1
f 183/110/1 184/437/1 250/536/1
f 784/27/1 785/548/1 476/549/1
f 792/550/1 428/551/1 429/552/1
f 791/553/1 443/554/1 444/555/1
f 792/550/1 429/552/1 430/556/1
f 282/557/48 283/193/48 273/195/48
f 344/145/1 331/558/1 343/411/1
f 792/550/1 431/559/1 432/560/1
f 784/27/13 563/561/13 564/28/13
f 525/361/1 526/199/1 482/457/1
f 783/180/11 679/181/11 680/562/11
f 574/563/1 575/564/1 579/565/1
f 597/188/1 783/180/1 569/566/1
f 290/342/1 159/567/1 160/364/1
f 324/75/1 120/352/1 121/568/1
f 783/180/1 598/569/1 599/349/1
f 479/570/8 480/518/8 528/519/8
f 16/571/1 17/572/1 15/573/1
f 792/550/1 1/97/1 422/574/1
f 423/575/1 792/550/1 422/574/1
f 424/576/1 792/550/1 423/575/1
f 425/577/1 792/550/1 424/576/1
f 425/577/1 426/578/1 792/550/1
f 625/431/1 627/579/1 628/308/1
f 791/553/1 442/580/1 443/554/1
f 331/558/1 332/412/1 343/411/1
f 791/553/1 444/555/1 445/581/1
f 529/582/19 478/583/19 479/570/19
f 61/241/1 404/490/1 36/269/1
f 782/584/11 709/585/11 710/586/11
f 759/587/1 760/233/1 774/235/1
f 791/553/1 792/550/1 434/588/1
f 435/589/1 791/553/1 434/588/1
f 436/590/1 791/553/1 435/589/1
f 437/591/1 791/553/1 436/590/1
f 438/592/1 791/553/1 437/591/1
f 439/593/1 791/553/1 438/592/1
f 440/594/1 791/553/1 439/593/1
f 441/595/1 791/553/1 440/594/1
f 441/595/1 442/580/1 791/553/1
f 792/550/1 426/578/1 427/596/1
f 768/496/1 769/597/1 765/598/1
f 792/550/1 430/556/1 431/559/1
f 786/599/1 459/600/1 460/601/1
f 790/602/1 791/553/1 446/603/1
f 447/604/1 790/602/1 446/603/1
f 447/604/1 448/605/1 790/602/1
f 453/606/1 787/607/1 788/608/1
f 449/609/1 789/610/1 448/605/1
f 450/611/1 789/610/1 449/609/1
f 450/611/1 788/608/1 789/610/1
f 451/612/1 788/608/1 450/611/1
f 452/613/1 788/608/1 451/612/1
f 452/613/1 453/606/1 788/608/1
f 792/550/1 427/596/1 428/551/1
f 454/614/1 787/607/1 453/606/1
f 455/615/1 787/607/1 454/614/1
f 455/615/1 786/599/1 787/607/1
f 456/616/1 786/599/1 455/615/1
f 457/617/1 786/599/1 456/616/1
f 457/617/1 458/618/1 786/599/1
f 772/423/1 760/233/1 761/619/1
f 1/97/1 421/620/1 422/574/1
f 515/206/1 520/621/1 521/622/1
f 203/30/1 204/623/1 205/31/1
f 495/624/1 509/209/1 494/211/1
f 327/143/1 328/222/1 111/144/1
f 556/625/1 550/489/1 551/626/1
f 785/548/1 786/599/1 465/627/1
f 466/628/1 785/548/1 465/627/1
f 467/629/1 785/548/1 466/628/1
f 468/630/1 785/548/1 467/629/1
f 469/631/1 785/548/1 468/630/1
f 470/632/1 785/548/1 469/631/1
f 471/633/11 785/548/11 470/632/11
f 472/634/1 785/548/1 471/633/1
f 473/635/1 785/548/1 472/634/1
f 474/636/1 785/548/1 473/635/1
f 475/637/19 785/548/19 474/636/19
f 476/549/1 785/548/1 475/637/1
f 477/638/1 784/27/1 476/549/1
f 478/583/1 784/27/1 477/638/1
f 528/519/1 529/582/1 479/570/1
f 498/237/3 509/209/3 497/639/3
f 551/626/16 554/640/16 555/641/16
f 518/642/49 519/205/49 516/207/49
f 604/509/1 605/443/1 670/442/1
f 621/643/15 657/644/15 658/645/15
f 514/646/1 515/206/1 521/622/1
f 605/443/1 606/647/1 660/458/1
f 521/622/1 522/183/1 514/646/1
f 36/269/11 404/490/11 405/270/11
f 489/648/1 511/481/1 488/649/1
f 490/547/1 511/481/1 489/648/1
f 491/650/1 510/210/1 490/547/1
f 492/651/17 510/210/17 491/650/17
f 493/652/16 510/210/16 492/651/16
f 494/211/1 510/210/1 493/652/1
f 291/248/1 155/653/1 156/249/1
f 496/654/1 509/209/1 495/624/1
f 497/639/32 509/209/32 496/654/32
f 784/27/1 562/655/1 563/561/1
f 499/656/1 508/236/1 498/237/1
f 786/599/1 461/657/1 462/658/1
f 501/533/8 508/236/8 500/659/8
f 784/27/1 561/660/1 562/655/1
f 792/550/1 433/661/1 434/588/1
f 504/662/3 507/532/3 503/663/3
f 505/664/1 506/665/1 504/662/1
f 504/662/2 506/665/2 507/532/2
f 53/534/32 43/666/32 44/476/32
f 786/599/1 462/658/1 463/667/1
f 623/449/1 624/339/1 652/668/1
f 245/212/1 246/540/1 239/64/1
f 294/265/1 147/417/1 148/267/1
f 602/669/27 677/15/27 601/14/27
f 259/157/48 260/147/48 269/98/48
f 522/183/2 513/185/2 514/646/2
f 350/323/50 364/462/50 365/464/50
f 31/375/11 414/377/11 415/255/11
f 69/311/1 387/670/1 388/225/1
f 517/671/1 518/642/1 516/207/1
f 621/643/1 658/645/1 620/115/1
f 32/672/16 33/231/16 411/275/16
f 53/534/51 42/497/51 43/666/51
f 323/126/11 132/480/11 133/309/11
f 291/248/1 292/66/1 155/653/1
f 782/584/13 708/673/13 709/585/13
f 758/674/1 759/587/1 775/675/1
f 280/86/1 281/676/1 274/87/1
f 38/246/11 55/245/11 56/416/11
f 500/659/1 508/236/1 499/656/1
f 245/212/16 239/64/16 240/74/16
f 784/27/1 478/583/1 529/582/1
f 530/677/1 784/27/1 529/582/1
f 531/678/1 784/27/1 530/677/1
f 532/679/1 784/27/1 531/678/1
f 533/680/1 784/27/1 532/679/1
f 534/530/1 560/321/1 533/680/1
f 535/681/1 546/529/1 534/530/1
f 74/438/1 75/324/1 365/464/1
f 281/676/1 282/557/1 273/195/1
f 586/220/23 592/219/23 593/682/23
f 281/676/19 273/195/19 274/87/19
f 540/683/1 543/684/1 539/685/1
f 541/686/1 542/687/1 540/683/1
f 540/683/1 542/687/1 543/684/1
f 544/688/1 538/689/1 543/684/1
f 545/690/1 537/691/1 544/688/1
f 546/529/23 535/681/23 545/690/23
f 1/97/1 417/176/1 418/692/1
f 786/599/1 458/618/1 459/600/1
f 319/409/1 308/410/1 309/484/1
f 573/197/1 574/563/1 580/693/1
f 1/97/1 2/45/1 23/44/1
f 279/218/7 275/88/7 278/228/7
f 555/641/1 556/625/1 551/626/1
f 552/694/1 554/640/1 551/626/1
f 553/695/1 554/640/1 552/694/1
f 362/305/18 356/307/18 357/383/18
f 792/550/1 432/560/1 433/661/1
f 558/487/1 559/392/1 549/393/1
f 783/180/1 597/188/1 598/569/1
f 747/696/1 748/697/1 731/698/1
f 783/180/19 684/699/19 685/700/19
f 1/97/13 419/701/13 420/702/13
f 315/341/1 311/327/1 314/347/1
f 783/180/1 600/350/1 601/14/1
f 782/584/1 710/586/1 711/703/1
f 608/455/1 609/524/1 618/704/1
f 32/672/1 411/275/1 412/705/1
f 783/180/1 784/27/1 566/516/1
f 567/706/1 783/180/1 566/516/1
f 568/707/19 783/180/19 567/706/19
f 569/566/1 783/180/1 568/707/1
f 570/186/25 597/188/25 569/566/25
f 571/708/36 582/709/36 570/186/36
f 64/259/1 396/261/1 397/367/1
f 594/710/1 595/386/1 585/388/1
f 72/282/1 379/441/1 380/402/1
f 185/418/1 186/65/1 247/521/1
f 576/711/7 579/565/7 575/564/7
f 577/712/1 578/713/1 576/711/1
f 576/711/1 578/713/1 579/565/1
f 580/693/1 574/563/1 579/565/1
f 581/198/1 573/197/1 580/693/1
f 582/709/2 571/708/2 581/198/2
f 606/647/1 659/113/1 660/458/1
f 527/200/15 480/518/15 481/201/15
f 535/681/1 536/714/1 545/690/1
f 593/682/1 594/710/1 585/388/1
f 538/689/1 539/685/1 543/684/1
f 591/715/1 592/219/1 587/221/1
f 590/716/1 591/715/1 587/221/1
f 588/717/1 590/716/1 587/221/1
f 589/718/25 590/716/25 588/717/25
f 536/714/1 537/691/1 545/690/1
f 585/388/1 586/220/1 593/682/1
f 26/96/4 27/395/4 1/97/4
f 515/206/1 519/205/1 520/621/1
f 534/530/13 547/319/13 560/321/13
f 616/94/18 611/93/18 615/719/18
f 20/369/16 11/371/16 12/301/16
f 791/553/1 445/581/1 446/603/1
f 786/599/1 460/601/1 461/657/1
f 1/97/1 420/702/1 421/620/1
f 18/526/1 14/527/1 17/572/1
f 502/720/32 503/663/32 507/532/32
f 675/721/1 676/722/1 602/669/1
f 603/192/1 675/721/1 602/669/1
f 604/509/1 672/190/1 603/192/1
f 324/75/1 121/568/1 122/723/1
f 91/146/1 330/252/1 344/145/1
f 102/415/1 103/500/1 96/315/1
f 658/645/1 659/113/1 620/115/1
f 737/70/1 744/69/1 745/102/1
f 247/521/1 186/65/1 239/64/1
f 512/81/1 513/185/1 485/82/1
f 537/691/1 538/689/1 544/688/1
f 613/724/1 614/725/1 612/726/1
f 612/726/1 614/725/1 615/719/1
f 1/97/11 418/692/11 419/701/11
f 617/525/1 610/92/1 616/94/1
f 618/704/1 609/524/1 617/525/1
f 619/114/1 608/455/1 618/704/1
f 70/312/1 71/401/1 383/546/1
f 784/27/1 533/680/1 561/660/1
f 556/625/1 557/486/1 550/489/1
f 70/312/1 385/542/1 386/313/1
f 654/727/1 655/447/1 623/449/1
f 67/154/1 390/528/1 391/155/1
f 625/431/14 645/337/14 624/339/14
f 628/308/1 641/131/1 625/431/1
f 63/492/1 399/728/1 400/491/1
f 74/438/1 366/465/1 374/439/1
f 625/431/1 626/729/1 627/579/1
f 290/342/1 158/343/1 159/567/1
f 287/318/14 288/513/14 163/515/14
f 31/375/1 32/672/1 413/376/1
f 186/65/1 187/61/1 238/57/1
f 634/535/52 638/730/52 633/731/52
f 291/248/1 157/250/1 158/343/1
f 638/730/53 634/535/53 637/204/53
f 639/453/54 632/452/54 638/730/54
f 640/130/1 631/374/1 639/453/1
f 643/732/1 644/733/1 625/431/1
f 21/370/15 10/734/15 11/371/15
f 71/401/1 382/505/1 383/546/1
f 642/430/1 643/732/1 625/431/1
f 97/177/55 99/179/55 100/263/55
f 645/337/1 625/431/1 644/733/1
f 624/339/14 647/735/14 648/523/14
f 624/339/1 646/338/1 647/735/1
f 352/335/56 363/334/56 364/462/56
f 649/736/1 650/522/1 648/523/1
f 488/649/1 511/481/1 487/182/1
f 783/180/11 683/737/11 684/699/11
f 324/75/1 122/723/1 123/76/1
f 606/647/18 607/454/18 659/113/18
f 323/126/1 128/545/1 129/170/1
f 603/192/3 673/191/3 674/738/3
f 621/643/1 622/448/1 656/493/1
f 786/599/1 464/739/1 465/627/1
f 783/180/1 601/14/1 678/16/1
f 653/740/1 654/727/1 623/449/1
f 22/172/23 6/520/23 7/538/23
f 624/339/1 650/522/1 651/741/1
f 652/668/1 624/339/1 651/741/1
f 653/740/1 623/449/1 652/668/1
f 603/192/45 674/738/45 675/721/45
f 786/599/1 463/667/1 464/739/1
f 671/510/1 604/509/1 670/442/1
f 21/370/14 8/539/14 9/742/14
f 661/463/57 663/544/57 664/743/57
f 661/463/46 665/744/46 666/745/46
f 321/230/1 142/473/1 143/122/1
f 661/463/58 664/743/58 665/744/58
f 661/463/15 667/746/15 668/459/15
f 63/492/1 398/368/1 399/728/1
f 661/463/29 666/745/29 667/746/29
f 17/572/1 14/527/1 15/573/1
f 66/358/1 393/359/1 394/503/1
f 669/444/1 605/443/1 668/459/1
f 621/643/14 656/493/14 657/644/14
f 783/180/16 680/562/16 681/747/16
f 783/180/1 681/747/1 682/748/1
f 783/180/1 682/748/1 683/737/1
f 759/587/1 774/235/1 775/675/1
f 659/113/1 607/454/1 619/114/1
f 783/180/1 685/700/1 686/749/1
f 782/584/11 711/703/11 712/750/11
f 32/672/1 412/705/1 413/376/1
f 177/134/1 178/129/1 257/128/1
f 782/584/1 783/180/1 688/355/1
f 782/584/13 688/355/13 689/751/13
f 782/584/11 689/751/11 690/752/11
f 782/584/13 690/752/13 691/753/13
f 782/584/11 691/753/11 692/754/11
f 782/584/13 692/754/13 693/755/13
f 782/584/11 693/755/11 694/756/11
f 782/584/1 694/756/1 695/757/1
f 782/584/1 695/757/1 696/758/1
f 782/584/13 696/758/13 697/759/13
f 782/584/11 697/759/11 698/760/11
f 782/584/1 698/760/1 699/761/1
f 782/584/1 699/761/1 700/762/1
f 782/584/1 700/762/1 701/763/1
f 782/584/11 701/763/11 702/764/11
f 782/584/13 702/764/13 703/765/13
f 782/584/11 703/765/11 704/766/11
f 782/584/13 704/766/13 705/767/13
f 782/584/1 705/767/1 706/768/1
f 782/584/1 706/768/1 707/769/1
f 782/584/11 707/769/11 708/673/11
f 345/104/1 346/427/1 89/105/1
f 24/254/1 25/95/1 1/97/1
f 502/720/1 507/532/1 501/533/1
f 783/180/13 686/749/13 687/354/13
f 182/109/1 252/112/1 253/117/1
f 781/140/1 782/584/1 712/750/1
f 713/770/13 781/140/13 712/750/13
f 714/771/1 781/140/1 713/770/1
f 715/772/1 781/140/1 714/771/1
f 716/773/1 781/140/1 715/772/1
f 717/774/1 781/140/1 716/773/1
f 718/775/1 781/140/1 717/774/1
f 719/776/1 781/140/1 718/775/1
f 720/777/1 781/140/1 719/776/1
f 721/778/1 781/140/1 720/777/1
f 722/779/1 781/140/1 721/778/1
f 722/779/1 723/344/1 781/140/1
f 289/363/14 290/342/14 160/364/14
f 582/709/1 583/531/1 570/186/1
f 724/345/1 725/501/1 781/140/1
f 316/325/1 317/482/1 310/326/1
f 780/139/16 757/141/16 779/780/16
f 632/452/59 633/731/59 638/730/59
f 779/780/1 757/141/1 778/781/1
f 339/404/1 340/398/1 335/400/1
f 317/482/19 309/484/19 310/326/19
f 754/502/1 726/257/1 753/782/1
f 730/163/15 731/698/15 748/697/15
f 777/783/1 758/674/1 776/784/1
f 755/785/1 756/189/1 781/140/1
f 776/784/14 758/674/14 775/675/14
f 362/305/1 363/334/1 355/306/1
f 205/31/14 206/42/14 198/36/14
f 533/680/8 560/321/8 561/660/8
f 732/786/1 747/696/1 731/698/1
f 733/498/1 746/787/1 732/786/1
f 348/272/1 77/372/1 86/432/1
f 330/252/60 331/558/60 344/145/60
f 739/434/18 743/433/18 744/69/18
f 736/101/1 745/102/1 735/788/1
f 742/789/1 743/433/1 740/435/1
f 21/370/13 9/742/13 10/734/13
f 738/71/1 739/434/1 744/69/1
f 778/781/15 758/674/15 777/783/15
f 770/89/1 763/790/1 769/597/1
f 745/102/29 734/499/29 735/788/29
f 21/370/1 22/172/1 8/539/1
f 292/66/1 154/68/1 155/653/1
f 741/791/1 742/789/1 740/435/1
f 766/494/1 768/496/1 765/598/1
f 69/311/1 386/313/1 387/670/1
f 765/598/1 769/597/1 764/792/1
f 750/299/1 729/162/1 749/164/1
f 571/708/1 572/196/1 581/198/1
f 763/790/1 770/89/1 762/91/1
f 324/75/1 325/276/1 120/352/1
f 762/91/1 771/90/1 761/619/1
f 752/258/35 727/238/35 751/240/35
f 771/90/1 772/423/1 761/619/1
f 272/194/11 171/407/11 172/421/11
f 746/787/1 747/696/1 732/786/1
f 362/305/1 359/385/1 360/451/1
f 751/240/35 728/239/35 750/299/35
f 754/502/1 755/785/1 781/140/1
f 749/164/1 730/163/1 748/697/1
f 757/141/1 758/674/1 778/781/1
f 753/782/1 726/257/1 752/258/1
f 285/506/35 286/106/35 166/537/35
f 763/790/1 764/792/1 769/597/1
f 286/106/1 165/108/1 166/537/1
f 611/93/1 612/726/1 615/719/1
f 293/266/1 149/268/1 150/333/1
f 602/669/32 676/722/32 677/15/32
f 746/787/1 733/498/1 745/102/1
f 448/605/1 789/610/1 790/602/1
f 885/215/61 1677/215/61 1678/328/61 886/328/61
f 1070/228/62 1862/228/62 1863/218/62 1071/218/62
f 813/370/63 1605/370/63 1606/172/63 814/172/63
f 1315/184/64 2107/184/64 2108/360/64 1316/360/64
f 1058/161/65 1850/161/65 1851/153/65 1059/153/65
f 801/742/66 1593/742/66 1594/734/66 802/734/66
f 1126/399/67 1918/399/67 1919/400/67 1127/400/67
f 1568/784/68 2360/784/68 2361/783/68 1569/783/68
f 1367/564/69 2159/564/69 2160/711/69 1368/711/69
f 1311/205/70 2103/205/70 2104/621/70 1312/621/70
f 1110/483/71 1902/483/71 1903/409/71 1111/409/71
f 1054/151/67 1846/151/67 1847/152/67 1055/152/67
f 853/241/72 1645/241/72 1646/242/72 854/242/72
f 1040/419/73 1832/419/73 1833/420/73 1041/420/73
f 797/174/74 1589/174/74 1590/520/74 798/520/74
f 1295/663/75 2087/663/75 2088/662/75 1296/662/75
f 1550/674/76 2342/674/76 2343/587/76 1551/587/76
f 1351/392/64 2143/392/64 2144/321/64 1352/321/64
f 1094/292/65 1886/292/65 1887/290/65 1095/290/65
f 1036/73/77 1828/73/77 1829/212/77 1037/212/77
f 837/477/78 1629/477/78 1630/424/78 838/424/78
f 1024/3/65 1816/3/65 1817/40/65 1025/40/65
f 1291/656/79 2083/656/79 2084/659/79 1292/659/79
f 1546/502/80 2338/502/80 2339/785/80 1547/785/80
f 1534/789/81 2326/789/81 2327/433/81 1535/433/81
f 1581/610/82 2373/610/82 2374/602/82 1582/602/82
f 1335/684/65 2127/684/65 2128/688/65 1336/688/65
f 1020/26/65 1812/26/65 1813/7/65 1021/7/65
f 1078/106/83 1870/106/83 1871/318/83 1079/318/83
f 1430/730/84 2222/730/84 2223/453/84 1431/453/84
f 1275/362/85 2067/362/85 2068/303/85 1276/303/85
f 821/446/86 1613/446/86 1614/175/86 822/175/86
f 1008/11/87 1800/11/87 1801/19/87 1009/19/87
f 1522/163/88 2314/163/88 2315/698/88 1523/698/88
f 1263/633/89 2055/633/89 2056/634/89 1264/634/89
f 1518/257/90 2310/257/90 2311/238/90 1519/238/90
f 992/38/91 1784/38/91 1785/37/91 993/37/91
f 1004/5/92 1796/5/92 1797/43/92 1005/43/92
f 1247/615/65 2039/615/65 2040/616/65 1248/616/65
f 1259/629/93 2051/629/93 2052/630/93 1260/630/93
f 1502/586/94 2294/586/94 2295/703/94 1503/703/94
f 1514/779/95 2306/779/95 2307/344/95 1515/344/95
f 1062/158/65 1854/158/65 1855/166/65 1063/166/65
f 976/437/96 1768/437/96 1769/418/96 977/418/96
f 988/50/97 1780/50/97 1781/35/97 989/35/97
f 805/302/98 1597/302/98 1598/527/98 806/527/98
f 1231/593/99 2023/593/99 2024/594/99 1232/594/99
f 1243/612/65 2035/612/65 2036/613/65 1244/613/65
f 1486/756/100 2278/756/100 2279/757/100 1487/757/100
f 1573/140/101 2365/140/101 2366/584/101 1574/584/101
f 960/137/102 1752/137/102 1753/138/102 961/138/102
f 972/120/103 1764/120/103 1765/116/103 973/116/103
f 1215/575/104 2007/575/104 2008/576/104 1216/576/104
f 1227/589/105 2019/589/105 2020/590/105 1228/590/105
f 1470/16/106 2262/16/106 2263/181/106 1471/181/106
f 1482/752/107 2274/752/107 2275/753/107 1483/753/107
f 1044/112/108 1836/112/108 1837/117/108 1045/117/108
f 956/107/109 1748/107/109 1749/108/109 957/108/109
f 1299/532/65 2091/532/65 2092/236/65 1300/236/65
f 1211/701/110 2003/701/110 2004/702/110 1212/702/110
f 1554/91/111 2346/91/111 2347/790/111 1555/790/111
f 944/373/112 1736/373/112 1737/67/112 945/67/112
f 1466/738/113 2258/738/113 2259/721/113 1467/721/113
f 1199/85/114 1991/85/114 1992/429/114 1200/429/114
f 1028/6/65 1820/6/65 1821/55/65 1029/55/65
f 1454/543/115 2246/543/115 2247/544/115 1455/544/115
f 940/267/116 1732/267/116 1733/268/116 941/268/116
f 1195/317/117 1987/317/117 1988/490/117 1196/490/117
f 1012/23/65 1804/23/65 1805/48/65 1013/48/65
f 1450/645/118 2242/645/118 2243/113/118 1451/113/118
f 1267/637/119 2059/637/119 2060/549/119 1268/549/119
f 1356/28/120 2148/28/120 2149/29/120 1357/29/120
f 996/623/121 1788/623/121 1789/31/121 997/31/121
f 1251/600/122 2043/600/122 2044/601/122 1252/601/122
f 928/485/123 1720/485/123 1721/149/123 929/149/123
f 1303/481/65 2095/481/65 2096/81/65 1304/81/65
f 1506/771/124 2298/771/124 2299/772/124 1507/772/124
f 1183/155/125 1975/155/125 1976/156/125 1184/156/125
f 1558/494/126 2350/494/126 2351/495/126 1559/495/126
f 924/480/127 1716/480/127 1717/309/127 925/309/127
f 1523/698/128 2315/698/128 2316/786/128 1524/786/128
f 1179/670/129 1971/670/129 1972/225/129 1180/225/129
f 980/59/130 1772/59/130 1773/60/130 981/60/130
f 1235/554/131 2027/554/131 2028/555/131 1236/555/131
f 1490/760/132 2282/760/132 2283/761/132 1491/761/132
f 912/352/133 1704/352/133 1705/568/133 913/568/133
f 1337/690/65 2129/690/65 2130/529/65 1338/529/65
f 1167/474/134 1959/474/134 1960/478/134 1168/478/134
f 1422/357/135 2214/357/135 2215/374/135 1423/374/135
f 1032/74/65 1824/74/65 1825/78/65 1033/78/65
f 908/379/136 1700/379/136 1701/277/136 909/277/136
f 964/421/137 1756/421/137 1757/167/137 965/167/137
f 896/413/138 1688/413/138 1689/330/138 897/330/138
f 1287/624/139 2079/624/139 2080/654/139 1288/654/139
f 1163/470/140 1955/470/140 1956/471/140 1164/471/140
f 1219/596/141 2011/596/141 2012/551/141 1220/551/141
f 1151/385/142 1943/385/142 1944/451/142 1152/451/142
f 1383/715/143 2175/715/143 2176/219/143 1384/219/143
f 1418/729/144 2210/729/144 2211/579/144 1419/579/144
f 1474/748/145 2266/748/145 2267/737/145 1475/737/145
f 1406/725/65 2198/725/65 2199/719/65 1407/719/65
f 892/263/146 1684/263/146 1685/262/146 893/262/146
f 1394/669/147 2186/669/147 2187/192/147 1395/192/147
f 1147/306/148 1939/306/148 1940/307/148 1148/307/148
f 948/249/149 1740/249/149 1741/250/149 949/250/149
f 880/428/150 1672/428/150 1673/105/150 881/105/150
f 1402/92/67 2194/92/67 2195/93/67 1403/93/67
f 1135/411/65 1927/411/65 1928/145/65 1136/145/65
f 1458/745/151 2250/745/151 2251/746/151 1459/746/151
f 1390/569/152 2182/569/152 2183/349/152 1391/349/152
f 1455/544/153 2247/544/153 2248/743/153 1456/743/153
f 1016/24/65 1808/24/65 1809/25/65 1017/25/65
f 1271/570/154 2063/570/154 2064/518/154 1272/518/154
f 932/297/155 1724/297/155 1725/298/155 933/298/155
f 864/282/156 1656/282/156 1657/283/156 865/283/156
f 1526/499/157 2318/499/157 2319/788/157 1527/788/157
f 876/445/158 1668/445/158 1669/20/158 877/20/158
f 1187/394/159 1979/394/159 1980/261/159 1188/261/159
f 1119/143/160 1911/143/160 1912/222/160 1120/222/160
f 1131/404/65 1923/404/65 1924/398/65 1132/398/65
f 1374/709/65 2166/709/65 2167/531/65 1375/531/65
f 1386/710/161 2178/710/161 2179/386/161 1387/386/161
f 838/424/162 1630/424/162 1631/425/162 839/425/162
f 1115/126/163 1907/126/163 1908/75/163 1116/75/163
f 916/77/164 1708/77/164 1709/316/164 917/316/164
f 848/416/165 1640/416/165 1641/295/165 849/295/165
f 1000/63/166 1792/63/166 1793/58/166 1001/58/166
f 1370/713/65 2162/713/65 2163/565/65 1371/565/65
f 1171/441/167 1963/441/167 1964/402/167 1172/402/167
f 1103/327/65 1895/327/65 1896/346/65 1104/346/65
f 1255/667/168 2047/667/168 2048/739/168 1256/739/168
f 844/475/169 1636/475/169 1637/534/169 845/534/169
f 1426/535/170 2218/535/170 2219/202/170 1427/202/170
f 1510/775/171 2302/775/171 2303/776/171 1511/776/171
f 1099/169/65 1891/169/65 1892/410/65 1100/410/65
f 1447/447/172 2239/447/172 2240/493/172 1448/493/172
f 832/304/173 1624/304/173 1625/332/173 833/332/173
f 984/34/174 1776/34/174 1777/51/174 985/51/174
f 1087/280/175 1879/280/175 1880/284/175 1088/284/175
f 1239/604/65 2031/604/65 2032/605/65 1240/605/65
f 1342/489/65 2134/489/65 2135/626/65 1343/626/65
f 1494/764/176 2286/764/176 2287/765/176 1495/765/176
f 828/269/177 1620/269/177 1621/294/177 829/294/177
f 1083/248/178 1875/248/178 1876/66/178 1084/66/178
f 1582/602/179 2374/602/179 2375/553/179 1583/553/179
f 1516/345/180 2308/345/180 2309/501/180 1517/501/180
f 1338/529/65 2130/529/65 2131/319/65 1339/319/65
f 816/254/181 1608/254/181 1609/95/181 817/95/181
f 968/213/182 1760/213/182 1761/134/182 969/134/182
f 1071/218/70 1863/218/70 1864/86/70 1072/86/70
f 1223/559/183 2015/559/183 2016/560/183 1224/560/183
f 1478/749/184 2270/749/184 2271/354/184 1479/354/184
f 900/408/185 1692/408/185 1693/340/185 901/340/185
f 952/364/186 1744/364/186 1745/365/186 953/365/186
f 1584/550/187 2376/550/187 1585/97/187 793/97/187
f 1155/334/188 1947/334/188 1948/462/188 1156/462/188
f 1207/255/189 1999/255/189 2000/256/189 1208/256/189
f 1462/442/190 2254/442/190 2255/510/190 1463/510/190
f 812/369/191 1604/369/191 1605/370/191 813/370/191
f 936/123/192 1728/123/192 1729/168/192 937/168/192
f 1067/88/65 1859/88/65 1860/229/65 1068/229/65
f 1191/728/193 1983/728/193 1984/491/193 1192/491/193
f 1322/677/194 2114/677/194 2115/678/194 1323/678/194
f 884/253/195 1676/253/195 1677/215/195 885/215/195
f 1446/727/196 2238/727/196 2239/447/196 1447/447/196
f 1577/548/197 2369/548/197 2370/599/197 1578/599/197
f 1139/271/65 1931/271/65 1932/272/65 1140/272/65
f 869/372/198 1661/372/198 1662/488/198 870/488/198
f 1569/783/199 2361/783/199 2362/781/199 1570/781/199
f 1583/553/200 2375/553/200 2376/550/200 1584/550/200
f 920/545/201 1712/545/201 1713/170/201 921/170/201
f 868/460/202 1660/460/202 1661/372/202 869/372/202
f 800/539/203 1592/539/203 1593/742/203 801/742/203
f 1175/546/204 1967/546/204 1968/541/204 1176/541/204
f 1123/558/205 1915/558/205 1916/412/205 1124/412/205
f 1055/152/206 1847/152/206 1848/159/206 1056/159/206
f 796/173/207 1588/173/207 1589/174/207 797/174/207
f 1378/220/65 2170/220/65 2171/221/65 1379/221/65
f 1310/642/208 2102/642/208 2103/205/208 1311/205/208
f 1538/787/209 2330/787/209 2331/696/209 1539/696/209
f 1051/157/205 1843/157/205 1844/147/205 1052/147/205
f 1565/234/210 2357/234/210 2358/235/210 1566/235/210
f 904/142/211 1696/142/211 1697/382/211 905/382/211
f 1306/646/65 2098/646/65 2099/206/65 1307/206/65
f 1159/467/212 1951/467/212 1952/466/212 1160/466/212
f 1561/597/213 2353/597/213 2354/89/213 1562/89/213
f 1414/448/65 2206/448/65 2207/449/65 1415/449/65
f 852/508/214 1644/508/214 1645/241/214 853/241/214
f 1296/662/215 2088/662/215 2089/664/215 1297/664/215
f 1292/659/216 2084/659/216 2085/533/216 1293/533/216
f 1107/341/217 1899/341/217 1900/325/217 1108/325/217
f 1039/521/64 1831/521/64 1832/419/64 1040/419/64
f 888/315/218 1680/315/218 1681/177/218 889/177/218
f 1035/72/217 1827/72/217 1828/73/217 1036/73/217
f 1362/186/219 2154/186/219 2155/708/219 1363/708/219
f 1143/461/220 1935/461/220 1936/335/220 1144/335/220
f 1398/647/221 2190/647/221 2191/454/221 1399/454/221
f 1545/782/222 2337/782/222 2338/502/222 1546/502/222
f 1276/303/223 2068/303/223 2069/82/223 1277/82/223
f 1019/13/65 1811/13/65 1812/26/65 1020/26/65
f 1529/70/224 2321/70/224 2322/71/224 1530/71/224
f 872/353/225 1664/353/225 1665/208/225 873/208/225
f 1498/768/226 2290/768/226 2291/769/226 1499/769/226
f 1127/400/206 1919/400/206 1920/403/206 1128/403/206
f 836/476/227 1628/476/227 1629/477/227 837/477/227
f 1442/522/228 2234/522/228 2235/741/228 1443/741/228
f 1382/716/229 2174/716/229 2175/715/229 1383/715/229
f 1091/289/230 1883/289/230 1884/291/230 1092/291/230
f 1260/630/231 2052/630/231 2053/631/231 1261/631/231
f 1346/640/62 2138/640/62 2139/641/62 1347/641/62
f 1003/4/232 1795/4/232 1796/5/232 1004/5/232
f 1280/649/233 2072/649/233 2073/648/233 1281/648/233
f 1513/778/234 2305/778/234 2306/779/234 1514/779/234
f 820/396/235 1612/396/235 1613/446/235 821/446/235
f 1023/33/65 1815/33/65 1816/3/65 1024/3/65
f 1075/193/236 1867/193/236 1868/136/236 1076/136/236
f 1533/791/237 2325/791/237 2326/789/237 1534/789/237
f 1395/192/160 2187/192/160 2188/509/160 1396/509/160
f 1244/613/65 2036/613/65 2037/606/65 1245/606/65
f 1330/689/238 2122/689/238 2123/685/238 1331/685/238
f 1203/275/239 1995/275/239 1996/705/239 1204/705/239
f 856/259/240 1648/259/240 1649/260/240 857/260/240
f 987/49/241 1779/49/241 1780/50/241 988/50/241
f 1111/409/236 1903/409/236 1904/121/236 1112/121/236
f 1366/563/242 2158/563/242 2159/564/242 1367/564/242
f 1497/767/243 2289/767/243 2290/768/243 1498/768/243
f 1264/634/244 2056/634/244 2057/635/244 1265/635/244
f 1228/590/245 2020/590/245 2021/591/245 1229/591/245
f 1007/2/246 1799/2/246 1800/11/246 1008/11/246
f 971/125/247 1763/125/247 1764/120/247 972/120/247
f 1517/501/248 2309/501/248 2310/257/248 1518/257/248
f 840/512/249 1632/512/249 1633/511/249 841/511/249
f 1095/290/65 1887/290/65 1888/288/65 1096/288/65
f 1481/751/250 2273/751/250 2274/752/250 1482/752/250
f 1350/487/71 2142/487/71 2143/392/71 1351/392/71
f 1248/616/65 2040/616/65 2041/617/65 1249/617/65
f 1212/702/251 2004/702/251 2005/620/251 1213/620/251
f 804/301/252 1596/301/252 1597/302/252 805/302/252
f 991/39/253 1783/39/253 1784/38/253 992/38/253
f 955/515/254 1747/515/254 1748/107/254 956/107/254
f 1059/153/65 1851/153/65 1852/100/65 1060/100/65
f 1501/585/255 2293/585/255 2294/586/255 1502/586/255
f 1465/191/256 2257/191/256 2258/738/256 1466/738/256
f 1279/182/257 2071/182/257 2072/649/257 1280/649/257
f 1340/320/65 2132/320/65 2133/393/65 1341/393/65
f 1314/183/71 2106/183/71 2107/184/71 1315/184/71
f 1196/490/258 1988/490/258 1989/270/258 1197/270/258
f 807/573/259 1599/573/259 1600/571/259 808/571/259
f 939/417/260 1731/417/260 1732/267/260 940/267/260
f 1232/594/261 2024/594/261 2025/595/261 1233/595/261
f 975/110/262 1767/110/262 1768/437/262 976/437/262
f 824/672/263 1616/672/263 1617/231/263 825/231/263
f 1300/236/65 2092/236/65 2093/209/65 1301/209/65
f 1485/755/264 2277/755/264 2278/756/264 1486/756/264
f 1079/318/265 1871/318/265 1872/513/265 1080/513/265
f 1043/111/265 1835/111/265 1836/112/265 1044/112/265
f 1334/687/65 2126/687/65 2127/684/65 1335/684/65
f 1553/619/266 2345/619/266 2346/91/266 1554/91/266
f 1283/650/267 2075/650/267 2076/651/267 1284/651/267
f 1216/576/268 2008/576/268 2009/577/268 1217/577/268
f 959/507/269 1751/507/269 1752/137/269 960/137/269
f 1469/15/270 2261/15/270 2262/16/270 1470/16/270
f 878/432/271 1670/432/271 1671/273/271 879/273/271
f 808/571/272 1600/571/272 1601/572/272 809/572/272
f 1180/225/273 1972/225/273 1973/226/273 1181/226/273
f 1063/166/65 1855/166/65 1856/194/65 1064/194/65
f 923/479/274 1715/479/274 1716/480/274 924/480/274
f 1318/199/275 2110/199/275 2111/200/275 1319/200/275
f 1027/47/65 1819/47/65 1820/6/65 1028/6/65
f 1537/102/276 2329/102/276 2330/787/276 1538/787/276
f 1200/429/277 1992/429/277 1993/232/277 1201/232/277
f 1313/622/278 2105/622/278 2106/183/278 1314/183/278
f 1268/549/279 2060/549/279 2061/638/279 1269/638/279
f 943/314/280 1735/314/280 1736/373/280 944/373/280
f 1011/18/65 1803/18/65 1804/23/65 1012/23/65
f 1453/463/281 2245/463/281 2246/543/281 1454/543/281
f 1521/162/282 2313/162/282 2314/163/282 1522/163/282
f 1164/471/65 1956/471/65 1957/472/65 1165/472/65
f 1047/119/160 1839/119/160 1840/124/160 1048/124/160
f 907/378/283 1699/378/283 1700/379/283 908/379/283
f 1252/601/284 2044/601/284 2045/657/284 1253/657/284
f 1557/598/285 2349/598/285 2350/494/285 1558/494/285
f 995/30/286 1787/30/286 1788/623/286 996/623/286
f 1184/156/287 1976/156/287 1977/359/287 1185/359/287
f 1417/431/288 2209/431/288 2210/729/288 1418/729/288
f 927/436/289 1719/436/289 1720/485/289 928/485/289
f 860/224/290 1652/224/290 1653/311/290 861/311/290
f 1439/735/291 2231/735/291 2232/523/291 1440/523/291
f 1148/307/292 1940/307/292 1941/383/292 1149/383/292
f 891/179/293 1683/179/293 1684/263/293 892/263/293
f 1401/524/294 2193/524/294 2194/92/294 1402/92/294
f 1236/555/295 2028/555/295 2029/581/295 1237/581/295
f 979/61/296 1771/61/296 1772/59/296 980/59/296
f 1168/478/297 1960/478/297 1961/281/297 1169/281/297
f 1288/654/298 2080/654/298 2081/639/298 1289/639/298
f 1389/188/299 2181/188/299 2182/569/299 1390/569/299
f 911/351/300 1703/351/300 1704/352/300 912/352/300
f 1031/64/65 1823/64/65 1824/74/65 1032/74/65
f 1489/759/301 2281/759/301 2282/760/301 1490/760/301
f 1421/132/302 2213/132/302 2214/357/302 1422/357/302
f 1152/451/303 1944/451/303 1945/450/303 1153/450/303
f 1541/164/304 2333/164/304 2334/299/304 1542/299/304
f 1132/398/65 1924/398/65 1925/391/65 1133/391/65
f 1220/551/305 2012/551/305 2013/552/305 1221/552/305
f 895/500/306 1687/500/306 1688/413/306 896/413/306
f 875/22/307 1667/22/307 1668/445/307 876/445/307
f 963/407/308 1755/407/308 1756/421/308 964/421/308
f 1405/724/65 2197/724/65 2198/725/65 1406/725/65
f 1385/682/309 2177/682/309 2178/710/309 1386/710/309
f 1473/747/310 2265/747/310 2266/748/310 1474/748/310
f 1116/75/120 1908/75/120 1909/276/120 1117/276/120
f 1204/705/311 1996/705/311 1997/376/311 1205/376/311
f 1136/145/65 1928/145/65 1929/104/65 1137/104/65
f 1272/518/312 2064/518/312 2065/201/312 1273/201/312
f 947/653/313 1739/653/313 1740/249/313 948/249/313
f 879/273/314 1671/273/314 1672/428/314 880/428/314
f 1015/10/65 1807/10/65 1808/24/65 1016/24/65
f 1525/498/315 2317/498/315 2318/499/315 1526/499/315
f 1457/744/316 2249/744/316 2250/745/316 1458/745/316
f 1100/410/65 1892/410/65 1893/484/65 1101/484/65
f 1188/261/317 1980/261/317 1981/367/317 1189/367/317
f 1256/739/318 2048/739/318 2049/627/318 1257/627/318
f 843/517/319 1635/517/319 1636/475/319 844/475/319
f 931/366/320 1723/366/320 1724/297/320 932/297/320
f 1120/222/321 1912/222/321 1913/251/321 1121/251/321
f 999/53/322 1791/53/322 1792/63/322 1000/63/322
f 863/401/323 1655/401/323 1656/282/323 864/282/323
f 1509/774/324 2301/774/324 2302/775/324 1510/775/324
f 1353/660/325 2145/660/325 2146/655/325 1354/655/325
f 1441/736/326 2233/736/326 2234/522/326 1442/522/326
f 1373/198/65 2165/198/65 2166/709/65 1374/709/65
f 1410/704/65 2202/704/65 2203/114/65 1411/114/65
f 1240/605/65 2032/605/65 2033/609/65 1241/609/65
f 1084/66/327 1876/66/327 1877/266/327 1085/266/327
f 1549/141/328 2341/141/328 2342/674/328 1550/674/328
f 983/54/130 1775/54/130 1776/34/130 984/34/130
f 827/84/329 1619/84/329 1620/269/329 828/269/329
f 1493/763/330 2285/763/330 2286/764/330 1494/764/330
f 1172/402/331 1964/402/331 1965/504/331 1173/504/331
f 1574/584/101 2366/584/101 2367/180/101 1575/180/101
f 915/76/332 1707/76/332 1708/77/332 916/77/332
f 1104/346/65 1896/346/65 1897/348/65 1105/348/65
f 1224/560/333 2016/560/333 2017/661/333 1225/661/333
f 1425/731/334 2217/731/334 2218/535/334 1426/535/334
f 967/214/335 1759/214/335 1760/213/335 968/213/335
f 1156/462/336 1948/462/336 1949/464/336 1157/464/336
f 1357/29/337 2149/29/337 2150/516/337 1358/516/337
f 899/217/338 1691/217/338 1692/408/338 900/408/338
f 1477/700/339 2269/700/339 2270/749/339 1478/749/339
f 1409/525/65 2201/525/65 2202/704/65 1410/704/65
f 1208/256/340 2000/256/340 2001/176/340 1209/176/340
f 1068/229/65 1860/229/65 1861/227/65 1069/227/65
f 1088/284/341 1880/284/341 1881/286/341 1089/286/341
f 951/567/342 1743/567/342 1744/364/342 952/364/342
f 811/300/343 1603/300/343 1604/369/343 812/369/343
f 831/247/344 1623/247/344 1624/304/344 832/304/344
f 1461/444/345 2253/444/345 2254/442/345 1462/442/345
f 1578/599/346 2370/599/346 2371/607/346 1579/607/346
f 1341/393/65 2133/393/65 2134/489/65 1342/489/65
f 1429/204/347 2221/204/347 2222/730/347 1430/730/347
f 1321/582/348 2113/582/348 2114/677/348 1322/677/348
f 1140/272/65 1932/272/65 1933/322/65 1141/322/65
f 1192/491/349 1984/491/349 1985/397/349 1193/397/349
f 883/146/350 1675/146/350 1676/253/350 884/253/350
f 935/122/351 1727/122/351 1728/123/351 936/123/351
f 1072/86/77 1864/86/77 1865/676/77 1073/676/77
f 815/44/352 1607/44/352 1608/254/352 816/254/352
f 1325/680/353 2117/680/353 2118/530/353 1326/530/353
f 1343/626/65 2135/626/65 2136/694/65 1344/694/65
f 1176/541/354 1968/541/354 1969/542/354 1177/542/354
f 1052/147/355 1844/147/355 1845/99/355 1053/99/355
f 1124/412/355 1916/412/355 1917/390/355 1125/390/355
f 919/127/356 1711/127/356 1712/545/356 920/545/356
f 795/46/357 1587/46/357 1588/173/357 796/173/357
f 867/324/358 1659/324/358 1660/460/358 868/460/358
f 1562/89/359 2354/89/359 2355/90/359 1563/90/359
f 1305/185/65 2097/185/65 2098/646/65 1306/646/65
f 1160/466/360 1952/466/360 1953/468/360 1161/468/360
f 1108/325/361 1900/325/361 1901/482/361 1109/482/361
f 903/144/362 1695/144/362 1696/142/362 904/142/362
f 851/422/363 1643/422/363 1644/508/363 852/508/363
f 1413/643/65 2205/643/65 2206/448/65 1414/448/65
f 1361/566/364 2153/566/364 2154/186/364 1362/186/364
f 1552/233/365 2344/233/365 2345/619/365 1553/619/365
f 1548/189/366 2340/189/366 2341/141/366 1549/141/366
f 1034/79/208 1826/79/208 1827/72/208 1035/72/208
f 1289/639/367 2081/639/367 2082/237/367 1290/237/367
f 1438/338/368 2230/338/368 2231/735/368 1439/735/368
f 1056/159/369 1848/159/369 1849/160/369 1057/160/369
f 1532/435/370 2324/435/370 2325/791/370 1533/791/370
f 1092/291/371 1884/291/371 1885/293/371 1093/293/371
f 799/538/372 1591/538/372 1592/539/372 800/539/372
f 1144/335/373 1936/335/373 1937/336/373 1145/336/373
f 835/666/374 1627/666/374 1628/476/374 836/476/374
f 1566/235/375 2358/235/375 2359/675/375 1567/675/375
f 887/329/376 1679/329/376 1680/315/376 888/315/376
f 1018/12/65 1810/12/65 1811/13/65 1019/13/65
f 1345/695/377 2137/695/377 2138/640/377 1346/640/377
f 1309/671/377 2101/671/377 2102/642/377 1310/642/377
f 1273/201/378 2065/201/378 2066/457/378 1274/457/378
f 1076/136/379 1868/136/379 1869/506/379 1077/506/379
f 1397/443/380 2189/443/380 2190/647/380 1398/647/380
f 819/395/381 1611/395/381 1612/396/381 820/396/381
f 1329/691/382 2121/691/382 2122/689/382 1330/689/382
f 1038/540/71 1830/540/71 1831/521/71 1039/521/71
f 1002/56/383 1794/56/383 1795/4/383 1003/4/383
f 1293/533/384 2085/533/384 2086/720/384 1294/720/384
f 1128/403/369 1920/403/369 1921/405/369 1129/405/369
f 1257/627/385 2049/627/385 2050/628/385 1258/628/385
f 1284/651/386 2076/651/386 2077/652/386 1285/652/386
f 871/456/387 1663/456/387 1664/353/387 872/353/387
f 1324/679/388 2116/679/388 2117/680/388 1325/680/388
f 1381/718/389 2173/718/389 2174/716/389 1382/716/389
f 1500/673/390 2292/673/390 2293/585/390 1501/585/390
f 986/52/391 1778/52/391 1779/49/391 987/49/391
f 1241/609/65 2033/609/65 2034/611/65 1242/611/65
f 1060/100/65 1852/100/65 1853/98/65 1061/98/65
f 1536/69/392 2328/69/392 2329/102/392 1537/102/392
f 1320/519/120 2112/519/120 2113/582/120 1321/582/120
f 803/371/393 1595/371/393 1596/301/393 804/301/393
f 1112/121/379 1904/121/379 1905/230/379 1113/230/379
f 1570/781/394 2362/781/394 2363/780/394 1571/780/394
f 1022/8/65 1814/8/65 1815/33/65 1023/33/65
f 855/492/395 1647/492/395 1648/259/395 856/259/395
f 1277/82/396 2069/82/396 2070/80/396 1278/80/396
f 1365/197/397 2157/197/397 2158/563/397 1366/563/397
f 970/129/398 1762/129/398 1763/125/398 971/125/398
f 1225/661/399 2017/661/399 2018/588/399 1226/588/399
f 1520/239/400 2312/239/400 2313/162/400 1521/162/400
f 825/231/401 1617/231/401 1618/83/401 826/83/401
f 1006/1/402 1798/1/402 1799/2/402 1007/2/402
f 1468/722/403 2260/722/403 2261/15/403 1469/15/403
f 1261/631/404 2053/631/404 2054/632/404 1262/632/404
f 1096/288/65 1888/288/65 1889/285/65 1097/285/65
f 954/514/405 1746/514/405 1747/515/405 955/515/405
f 1556/792/406 2348/792/406 2349/598/406 1557/598/406
f 839/425/407 1631/425/407 1632/512/407 840/512/407
f 1209/176/408 2001/176/408 2002/692/408 1210/692/408
f 1042/536/275 1834/536/275 1835/111/275 1043/111/275
f 1435/732/409 2227/732/409 2228/733/409 1436/733/409
f 1358/516/147 2150/516/147 2151/706/147 1359/706/147
f 1349/486/278 2141/486/278 2142/487/278 1350/487/278
f 1297/664/65 2089/664/65 2090/665/65 1298/665/65
f 1178/313/410 1970/313/410 1971/670/410 1179/670/410
f 990/36/411 1782/36/411 1783/39/411 991/39/411
f 921/170/412 1713/170/412 1714/171/412 922/171/412
f 1245/606/65 2037/606/65 2038/614/65 1246/614/65
f 1540/697/413 2332/697/413 2333/164/413 1541/164/413
f 1572/139/414 2364/139/414 2365/140/414 1573/140/414
f 1377/388/65 2169/388/65 2170/220/65 1378/220/65
f 1080/513/120 1872/513/120 1873/363/120 1081/363/120
f 1026/41/65 1818/41/65 1819/47/65 1027/47/65
f 823/375/415 1615/375/415 1616/672/415 824/672/415
f 938/279/416 1730/279/416 1731/417/416 939/417/416
f 1281/648/417 2073/648/417 2074/547/417 1282/547/417
f 1488/758/418 2280/758/418 2281/759/418 1489/759/418
f 1333/686/65 2125/686/65 2126/687/65 1334/687/65
f 1193/397/419 1985/397/419 1986/243/419 1194/243/419
f 1419/579/420 2211/579/420 2212/308/420 1420/308/420
f 974/109/421 1766/109/421 1767/110/421 975/110/421
f 1162/469/422 1954/469/422 1955/470/422 1163/470/422
f 1229/591/423 2021/591/423 2022/592/423 1230/592/423
f 1524/786/424 2316/786/424 2317/498/424 1525/498/424
f 905/382/425 1697/382/425 1698/381/425 906/381/425
f 1436/733/426 2228/733/426 2229/337/426 1437/337/426
f 1010/17/65 1802/17/65 1803/18/65 1011/18/65
f 1403/93/206 2195/93/206 2196/726/206 1404/726/206
f 922/171/427 1714/171/427 1715/479/427 923/479/427
f 1265/635/428 2057/635/428 2058/636/428 1266/636/428
f 1146/414/429 1938/414/429 1939/306/429 1147/306/429
f 1472/562/430 2264/562/430 2265/747/430 1473/747/430
f 1484/754/431 2276/754/431 2277/755/431 1485/755/431
f 1177/542/432 1969/542/432 1970/313/432 1178/313/432
f 1508/773/433 2300/773/433 2301/774/433 1509/774/433
f 889/177/434 1681/177/434 1682/178/434 890/178/434
f 1434/430/435 2226/430/435 2227/732/435 1435/732/435
f 1064/194/65 1856/194/65 1857/195/65 1065/195/65
f 994/32/436 1786/32/436 1787/30/436 995/30/436
f 958/537/437 1750/537/437 1751/507/437 959/507/437
f 1249/617/438 2041/617/438 2042/618/438 1250/618/438
f 1213/620/439 2005/620/439 2006/574/439 1214/574/439
f 1420/308/440 2212/308/440 2213/132/440 1421/132/440
f 1495/765/441 2287/765/441 2288/766/441 1496/766/441
f 1317/361/442 2109/361/442 2110/199/442 1318/199/442
f 906/381/443 1698/381/443 1699/378/443 907/378/443
f 1387/386/444 2179/386/444 2180/187/444 1388/187/444
f 1161/468/445 1953/468/445 1954/469/445 1162/469/445
f 1492/762/446 2284/762/446 2285/763/446 1493/763/446
f 1130/406/65 1922/406/65 1923/404/65 1131/404/65
f 1505/770/447 2297/770/447 2298/771/447 1506/771/447
f 1449/644/448 2241/644/448 2242/645/448 1450/645/448
f 978/65/449 1770/65/449 1771/61/449 979/61/449
f 873/208/450 1665/208/450 1666/21/450 874/21/450
f 1456/743/451 2248/743/451 2249/744/451 1457/744/451
f 1393/14/452 2185/14/452 2186/669/452 1394/669/452
f 1233/595/261 2025/595/261 2026/580/261 1234/580/261
f 942/333/453 1734/333/453 1735/314/453 943/314/453
f 1404/726/369 2196/726/369 2197/724/369 1405/724/369
f 1575/180/101 2367/180/101 2368/27/101 1576/27/101
f 1197/270/454 1989/270/454 1990/244/454 1198/244/454
f 890/178/455 1682/178/455 1683/179/455 891/179/455
f 1476/699/456 2268/699/456 2269/700/456 1477/700/456
f 1048/124/321 1840/124/321 1841/128/321 1049/128/321
f 1145/336/457 1937/336/457 1938/414/457 1146/414/457
f 962/356/458 1754/356/458 1755/407/458 963/407/458
f 1371/565/65 2163/565/65 2164/693/65 1372/693/65
f 1046/118/147 1838/118/147 1839/119/147 1047/119/147
f 1217/577/459 2009/577/459 2010/578/459 1218/578/459
f 1114/148/275 1906/148/275 1907/126/275 1115/126/275
f 1301/209/65 2093/209/65 2094/210/65 1302/210/65
f 857/260/460 1649/260/460 1650/358/460 858/358/460
f 1388/187/461 2180/187/461 2181/188/461 1389/188/461
f 1460/459/462 2252/459/462 2253/444/462 1461/444/462
f 1440/523/463 2232/523/463 2233/736/463 1441/736/463
f 874/21/464 1666/21/464 1667/22/464 875/22/464
f 946/68/465 1738/68/465 1739/653/465 947/653/465
f 1544/258/466 2336/258/466 2337/782/466 1545/782/466
f 1129/405/65 1921/405/65 1922/406/65 1130/406/65
f 1201/232/467 1993/232/467 1994/274/467 1202/274/467
f 1098/264/65 1890/264/65 1891/169/65 1099/169/65
f 926/310/468 1718/310/468 1719/436/468 927/436/468
f 1030/57/65 1822/57/65 1823/64/65 1031/64/65
f 841/511/469 1633/511/469 1634/426/469 842/426/469
f 1181/226/470 1973/226/470 1974/528/470 1182/528/470
f 1285/652/471 2077/652/471 2078/211/471 1286/211/471
f 1444/668/472 2236/668/472 2237/740/472 1445/740/472
f 930/150/473 1722/150/473 1723/366/473 931/366/473
f 1504/750/474 2296/750/474 2297/770/474 1505/770/474
f 1185/359/475 1977/359/475 1978/503/475 1186/503/475
f 1579/607/346 2371/607/346 2372/608/346 1580/608/346
f 1528/101/476 2320/101/476 2321/70/476 1529/70/476
f 1372/693/65 2164/693/65 2165/198/65 1373/198/65
f 1082/342/477 1874/342/477 1875/248/477 1083/248/477
f 1424/452/478 2216/452/478 2217/731/478 1425/731/478
f 1014/9/65 1806/9/65 1807/10/65 1015/10/65
f 858/358/479 1650/358/479 1651/154/479 859/154/479
f 1428/203/480 2220/203/480 2221/204/480 1429/204/480
f 910/278/481 1702/278/481 1703/351/481 911/351/481
f 1269/638/482 2061/638/482 2062/583/482 1270/583/482
f 1113/230/325 1905/230/325 1906/148/325 1114/148/325
f 1384/219/483 2176/219/483 2177/682/483 1385/682/483
f 1165/472/354 1957/472/354 1958/439/354 1166/439/354
f 914/723/484 1706/723/484 1707/76/484 915/76/484
f 1530/71/334 2322/71/334 2323/434/334 1531/434/334
f 1169/281/485 1961/281/485 1962/440/485 1170/440/485
f 1408/94/65 2200/94/65 2201/525/65 1409/525/65
f 1512/777/486 2304/777/486 2305/778/486 1513/778/486
f 1580/608/487 2372/608/487 2373/610/487 1581/610/487
f 894/415/488 1686/415/488 1687/500/488 895/500/488
f 998/42/489 1790/42/489 1791/53/489 999/53/489
f 842/426/490 1634/426/490 1635/517/490 843/517/490
f 1149/383/491 1941/383/491 1942/384/491 1150/384/491
f 1253/657/492 2045/657/492 2046/658/492 1254/658/492
f 1097/285/65 1889/285/65 1890/264/65 1098/264/65
f 1066/87/65 1858/87/65 1859/88/65 1067/88/65
f 809/572/493 1601/572/493 1602/526/493 810/526/493
f 1496/766/494 2288/766/494 2289/767/494 1497/767/494
f 982/62/495 1774/62/495 1775/54/495 983/54/495
f 1412/115/65 2204/115/65 2205/643/65 1413/643/65
f 1237/581/65 2029/581/65 2030/603/65 1238/603/65
f 898/216/496 1690/216/496 1691/217/496 899/217/496
f 1392/350/497 2184/350/497 2185/14/497 1393/14/497
f 1153/450/498 1945/450/498 1946/305/498 1154/305/498
f 1480/355/499 2272/355/499 2273/751/499 1481/751/499
f 826/83/308 1618/83/308 1619/84/308 827/84/308
f 1133/391/65 1925/391/65 1926/389/65 1134/389/65
f 966/165/500 1758/165/500 1759/214/500 967/214/500
f 1081/363/348 1873/363/348 1874/342/348 1082/342/348
f 1376/387/65 2168/387/65 2169/388/65 1377/388/65
f 1221/552/501 2013/552/501 2014/556/501 1222/556/501
f 1396/509/502 2188/509/502 2189/443/502 1397/443/502
f 793/97/503 1585/97/503 1586/45/503 794/45/503
f 862/312/504 1654/312/504 1655/401/504 863/401/504
f 882/103/505 1674/103/505 1675/146/505 883/146/505
f 1307/206/65 2099/206/65 2100/207/65 1308/207/65
f 1117/276/452 1909/276/452 1910/380/452 1118/380/452
f 1464/190/506 2256/190/506 2257/191/506 1465/191/506
f 1137/104/65 1929/104/65 1930/427/65 1138/427/65
f 1050/133/221 1842/133/221 1843/157/221 1051/157/221
f 950/343/507 1742/343/507 1743/567/507 951/567/507
f 810/526/508 1602/526/508 1603/300/508 811/300/508
f 1205/376/509 1997/376/509 1998/377/509 1206/377/509
f 1065/195/65 1857/195/65 1858/87/65 1066/87/65
f 1380/717/65 2172/717/65 2173/718/65 1381/718/65
f 1564/423/510 2356/423/510 2357/234/510 1565/234/510
f 866/438/511 1658/438/511 1659/324/511 867/324/511
f 1360/707/502 2152/707/502 2153/566/502 1361/566/502
f 1448/493/512 2240/493/512 2241/644/512 1449/644/512
f 1121/251/364 1913/251/364 1914/252/364 1122/252/364
f 846/331/513 1638/331/513 1639/245/513 847/245/513
f 934/473/514 1726/473/514 1727/122/514 935/122/514
f 1364/196/355 2156/196/355 2157/197/355 1365/197/355
f 1101/484/65 1893/484/65 1894/326/65 1102/326/65
f 1189/367/515 1981/367/515 1982/368/515 1190/368/515
f 850/296/516 1642/296/516 1643/422/516 851/422/516
f 1105/348/377 1897/348/377 1898/347/377 1106/347/377
f 1308/207/65 2100/207/65 2101/671/65 1309/671/65
f 1344/694/65 2136/694/65 2137/695/65 1345/695/65
f 1432/130/517 2224/130/517 2225/131/517 1433/131/517
f 830/246/518 1622/246/518 1623/247/518 831/247/518
f 1085/266/353 1877/266/353 1878/265/353 1086/265/353
f 918/135/519 1710/135/519 1711/127/519 919/127/519
f 1049/128/364 1841/128/364 1842/133/364 1050/133/364
f 1348/625/77 2140/625/77 2141/486/77 1349/486/77
f 1173/504/520 1965/504/520 1966/505/520 1174/505/520
f 834/497/521 1626/497/521 1627/666/521 835/666/521
f 802/734/522 1594/734/522 1595/371/522 803/371/522
f 1089/286/523 1881/286/523 1882/287/523 1090/287/523
f 1328/714/524 2120/714/524 2121/691/524 1329/691/524
f 1547/785/525 2339/785/525 2340/189/525 1548/189/525
f 1416/339/65 2208/339/65 2209/431/65 1417/431/65
f 1290/237/526 2082/237/526 2083/656/526 1291/656/526
f 1332/683/371 2124/683/371 2125/686/371 1333/686/371
f 814/172/527 1606/172/527 1607/44/527 815/44/527
f 902/223/528 1694/223/528 1695/144/528 903/144/528
f 1033/78/529 1825/78/529 1826/79/529 1034/79/529
f 818/96/530 1610/96/530 1611/395/530 819/395/530
f 1069/227/377 1861/227/377 1862/228/377 1070/228/377
f 1157/464/531 1949/464/531 1950/465/531 1158/465/531
f 1073/676/532 1865/676/532 1866/557/532 1074/557/532
f 1327/681/175 2119/681/175 2120/714/175 1328/714/175
f 794/45/533 1586/45/533 1587/46/533 795/46/533
f 1274/457/534 2066/457/534 2067/362/534 1275/362/534
f 1017/25/65 1809/25/65 1810/12/65 1018/12/65
f 859/154/535 1651/154/535 1652/224/535 860/224/535
f 1400/455/355 2192/455/355 2193/524/355 1401/524/355
f 886/328/536 1678/328/536 1679/329/536 887/329/536
f 1141/322/537 1933/322/537 1934/323/537 1142/323/537
f 1515/344/538 2307/344/538 2308/345/538 1516/345/538
f 1258/628/539 2050/628/539 2051/629/539 1259/629/539
f 1312/621/77 2104/621/77 2105/622/77 1313/622/77
f 1001/58/540 1793/58/540 1794/56/540 1002/56/540
f 1316/360/379 2108/360/379 2109/361/379 1317/361/379
f 1567/675/541 2359/675/541 2360/784/541 1568/784/541
f 1369/712/65 2161/712/65 2162/713/65 1370/713/65
f 1571/780/542 2363/780/542 2364/139/542 1572/139/542
f 798/520/543 1590/520/543 1591/538/543 799/538/543
f 1053/99/397 1845/99/397 1846/151/397 1054/151/397
f 847/245/544 1639/245/544 1640/416/544 848/416/544
f 1057/160/65 1849/160/65 1850/161/65 1058/161/65
f 1499/769/545 2291/769/545 2292/673/545 1500/673/545
f 1242/611/65 2034/611/65 2035/612/65 1243/612/65
f 870/488/546 1662/488/546 1663/456/546 871/456/546
f 985/51/547 1777/51/547 1778/52/547 986/52/547
f 1339/319/65 2131/319/65 2132/320/65 1340/320/65
f 1125/390/294 1917/390/294 1918/399/294 1126/399/294
f 1555/790/548 2347/790/548 2348/792/548 1556/792/548
f 1368/711/369 2160/711/369 2161/712/369 1369/712/369
f 1483/753/549 2275/753/549 2276/754/549 1484/754/549
f 1298/665/65 2090/665/65 2091/532/65 1299/532/65
f 1226/588/550 2018/588/550 2019/589/550 1227/589/550
f 1041/420/325 1833/420/325 1834/536/325 1042/536/325
f 854/242/551 1646/242/551 1647/492/551 855/492/551
f 969/134/552 1761/134/552 1762/129/552 970/129/552
f 1109/482/532 1901/482/532 1902/483/532 1110/483/532
f 1445/740/553 2237/740/553 2238/727/553 1446/727/553
f 1467/721/554 2259/721/554 2260/722/554 1468/722/554
f 1551/587/555 2343/587/555 2344/233/555 1552/233/555
f 1210/692/556 2002/692/556 2003/701/556 1211/701/556
f 1294/720/557 2086/720/557 2087/663/557 1295/663/557
f 1352/321/73 2144/321/73 2145/660/73 1353/660/73
f 953/365/558 1745/365/558 1746/514/558 954/514/558
f 1037/212/278 1829/212/278 1830/540/278 1038/540/278
f 1539/696/559 2331/696/559 2332/697/559 1540/697/559
f 1093/293/65 1885/293/65 1886/292/65 1094/292/65
f 1433/131/560 2225/131/560 2226/430/560 1434/430/560
f 1282/547/561 2074/547/561 2075/650/561 1283/650/561
f 1025/40/65 1817/40/65 1818/41/65 1026/41/65
f 1336/688/65 2128/688/65 2129/690/65 1337/690/65
f 1451/113/562 2243/113/562 2244/458/562 1452/458/562
f 1535/433/563 2327/433/563 2328/69/563 1536/69/563
f 822/175/564 1614/175/564 1615/375/564 823/375/564
f 1194/243/565 1986/243/565 1987/317/565 1195/317/565
f 1266/636/566 2058/636/566 2059/637/566 1267/637/566
f 1278/80/567 2070/80/567 2071/182/567 1279/182/567
f 1077/506/442 1869/506/442 1870/106/442 1078/106/442
f 937/168/568 1729/168/568 1730/279/568 938/279/568
f 1009/19/65 1801/19/65 1802/17/65 1010/17/65
f 1021/7/65 1813/7/65 1814/8/65 1022/8/65
f 1563/90/569 2355/90/569 2356/423/569 1564/423/569
f 1507/772/570 2299/772/570 2300/773/570 1508/773/570
f 1519/238/571 2311/238/571 2312/239/571 1520/239/571
f 1250/618/572 2042/618/572 2043/600/572 1251/600/572
f 1262/632/573 2054/632/573 2055/633/573 1263/633/573
f 993/37/574 1785/37/574 1786/32/574 994/32/574
f 1005/43/575 1797/43/575 1798/1/575 1006/1/575
f 1355/561/265 2147/561/265 2148/28/265 1356/28/265
f 1437/337/576 2229/337/576 2230/338/576 1438/338/576
f 1491/761/577 2283/761/577 2284/762/577 1492/762/577
f 1234/580/578 2026/580/578 2027/554/578 1235/554/578
f 1503/703/579 2295/703/579 2296/750/579 1504/750/579
f 806/527/580 1598/527/580 1599/573/580 807/573/580
f 977/418/581 1769/418/581 1770/65/581 978/65/581
f 1246/614/65 2038/614/65 2039/615/65 1247/615/65
f 1061/98/65 1853/98/65 1854/158/65 1062/158/65
f 989/35/582 1781/35/582 1782/36/582 990/36/582
f 1475/737/583 2267/737/583 2268/699/583 1476/699/583
f 1218/578/584 2010/578/584 2011/596/584 1219/596/584
f 1560/496/585 2352/496/585 2353/597/585 1561/597/585
f 961/138/586 1753/138/586 1754/356/586 962/356/586
f 1487/757/587 2279/757/587 2280/758/587 1488/758/587
f 1230/592/588 2022/592/588 2023/593/588 1231/593/588
f 1304/81/65 2096/81/65 2097/185/65 1305/185/65
f 973/116/589 1765/116/589 1766/109/589 974/109/589
f 1559/495/590 2351/495/590 2352/496/590 1560/496/590
f 1459/746/591 2251/746/591 2252/459/591 1460/459/591
f 1302/210/65 2094/210/65 2095/481/65 1303/481/65
f 1202/274/592 1994/274/592 1995/275/592 1203/275/592
f 1576/27/197 2368/27/197 2369/548/197 1577/548/197
f 1045/117/452 1837/117/452 1838/118/452 1046/118/452
f 945/67/593 1737/67/593 1738/68/593 946/68/593
f 1471/181/594 2263/181/594 2264/562/594 1472/562/594
f 1214/574/595 2006/574/595 2007/575/595 1215/575/595
f 1443/741/596 2235/741/596 2236/668/596 1444/668/596
f 957/108/437 1749/108/437 1750/537/437 958/537/437
f 1543/240/597 2335/240/597 2336/258/597 1544/258/597
f 1186/503/598 1978/503/598 1979/394/598 1187/394/598
f 1286/211/599 2078/211/599 2079/624/599 1287/624/599
f 929/149/600 1721/149/600 1722/150/600 930/150/600
f 1029/55/65 1821/55/65 1822/57/65 1030/57/65
f 1198/244/601 1990/244/601 1991/85/601 1199/85/601
f 941/268/602 1733/268/602 1734/333/602 942/333/602
f 1323/678/178 2115/678/178 2116/679/178 1324/679/178
f 1527/788/603 2319/788/603 2320/101/603 1528/101/603
f 1427/202/604 2219/202/604 2220/203/604 1428/203/604
f 1270/583/605 2062/583/605 2063/570/605 1271/570/605
f 1170/440/485 1962/440/485 1963/441/485 1171/441/485
f 1013/48/65 1805/48/65 1806/9/65 1014/9/65
f 913/568/606 1705/568/606 1706/723/606 914/723/606
f 1182/528/607 1974/528/607 1975/155/607 1183/155/607
f 1531/434/608 2323/434/608 2324/435/608 1532/435/608
f 925/309/609 1717/309/609 1718/310/609 926/310/609
f 1542/299/610 2334/299/610 2335/240/610 1543/240/610
f 1511/776/611 2303/776/611 2304/777/611 1512/777/611
f 1354/655/275 2146/655/275 2147/561/275 1355/561/275
f 1254/658/612 2046/658/612 2047/667/612 1255/667/612
f 997/31/613 1789/31/613 1790/42/613 998/42/613
f 1411/114/65 2203/114/65 2204/115/65 1412/115/65
f 1423/374/614 2215/374/614 2216/452/614 1424/452/614
f 1154/305/615 1946/305/615 1947/334/615 1155/334/615
f 1166/439/124 1958/439/124 1959/474/124 1167/474/124
f 1238/603/65 2030/603/65 2031/604/65 1239/604/65
f 897/330/616 1689/330/616 1690/216/616 898/216/616
f 909/277/617 1701/277/617 1702/278/617 910/278/617
f 981/60/618 1773/60/618 1774/62/618 982/62/618
f 1479/354/619 2271/354/619 2272/355/619 1480/355/619
f 1222/556/620 2014/556/620 2015/559/620 1223/559/620
f 1138/427/65 1930/427/65 1931/271/65 1139/271/65
f 965/167/621 1757/167/621 1758/165/621 966/165/621
f 881/105/622 1673/105/622 1674/103/622 882/103/622
f 1407/719/65 2199/719/65 2200/94/65 1408/94/65
f 1319/200/265 2111/200/265 2112/519/265 1320/519/265
f 1150/384/623 1942/384/623 1943/385/623 1151/385/623
f 1463/510/624 2255/510/624 2256/190/624 1464/190/624
f 877/20/625 1669/20/625 1670/432/625 878/432/625
f 893/262/626 1685/262/626 1686/415/626 894/415/626
f 1206/377/627 1998/377/627 1999/255/627 1207/255/627
f 1379/221/65 2171/221/65 2172/717/65 1380/717/65
f 949/250/628 1741/250/628 1742/343/628 950/343/628
f 1122/252/219 1914/252/219 1915/558/219 1123/558/219
f 865/283/629 1657/283/629 1658/438/629 866/438/629
f 1391/349/630 2183/349/630 2184/350/630 1392/350/630
f 1363/708/205 2155/708/205 2156/196/205 1364/196/205
f 1134/389/65 1926/389/65 1927/411/65 1135/411/65
f 1190/368/631 1982/368/631 1983/728/631 1191/728/631
f 1106/347/208 1898/347/208 1899/341/208 1107/341/208
f 933/298/632 1725/298/632 1726/473/632 934/473/632
f 849/295/633 1641/295/633 1642/296/633 850/296/633
f 1375/531/65 2167/531/65 2168/387/65 1376/387/65
f 1118/380/147 1910/380/147 1911/143/147 1119/143/147
f 861/311/634 1653/311/634 1654/312/634 862/312/634
f 1347/641/217 2139/641/217 2140/625/217 1348/625/217
f 1090/287/635 1882/287/635 1883/289/635 1091/289/635
f 833/332/636 1625/332/636 1626/497/636 834/497/636
f 1359/706/160 2151/706/160 2152/707/160 1360/707/160
f 1174/505/637 1966/505/637 1967/546/637 1175/546/637
f 1102/326/65 1894/326/65 1895/327/65 1103/327/65
f 917/316/638 1709/316/638 1710/135/638 918/135/638
f 845/534/639 1637/534/639 1638/331/639 846/331/639
f 1431/453/640 2223/453/640 2224/130/640 1432/130/640
f 1331/685/641 2123/685/641 2124/683/641 1332/683/641
f 1452/458/642 2244/458/642 2245/463/642 1453/463/642
f 1074/557/71 1866/557/71 1867/193/71 1075/193/71
f 1415/449/65 2207/449/65 2208/339/65 1416/339/65
f 817/95/643 1609/95/643 1610/96/643 818/96/643
f 1158/465/644 1950/465/644 1951/467/644 1159/467/644
f 901/340/645 1693/340/645 1694/223/645 902/223/645
f 1326/530/646 2118/530/646 2119/681/646 1327/681/646
f 1086/265/647 1878/265/647 1879/280/647 1087/280/647
f 829/294/648 1621/294/648 1622/246/648 830/246/648
f 597/188/649 1389/188/649 1390/569/649 598/569/649
f 496/654/298 1288/654/298 1289/639/298 497/639/298
f 376/478/650 1168/478/650 1169/281/650 377/281/650
f 187/61/296 979/61/296 980/59/296 188/59/296
f 444/555/651 1236/555/651 1237/581/651 445/581/651
f 609/524/652 1401/524/652 1402/92/652 610/92/652
f 99/179/653 891/179/653 892/263/653 100/263/653
f 356/307/654 1148/307/654 1149/383/654 357/383/654
f 647/735/655 1439/735/655 1440/523/655 648/523/655
f 68/224/656 860/224/656 861/311/656 69/311/656
f 135/436/657 927/436/657 928/485/657 136/485/657
f 625/431/658 1417/431/658 1418/729/658 626/729/658
f 392/156/470 1184/156/470 1185/359/470 393/359/470
f 203/30/659 995/30/659 996/623/659 204/623/659
f 765/598/660 1557/598/660 1558/494/660 766/494/660
f 460/601/661 1252/601/661 1253/657/661 461/657/661
f 115/378/662 907/378/662 908/379/662 116/379/662
f 255/119/663 1047/119/663 1048/124/663 256/124/663
f 372/471/65 1164/471/65 1165/472/65 373/472/65
f 729/162/664 1521/162/664 1522/163/664 730/163/664
f 661/463/665 1453/463/665 1454/543/665 662/543/665
f 219/18/65 1011/18/65 1012/23/65 220/23/65
f 151/314/666 943/314/666 944/373/666 152/373/666
f 476/549/667 1268/549/667 1269/638/667 477/638/667
f 521/622/668 1313/622/668 1314/183/668 522/183/668
f 408/429/277 1200/429/277 1201/232/277 409/232/277
f 745/102/276 1537/102/276 1538/787/276 746/787/276
f 235/47/65 1027/47/65 1028/6/65 236/6/65
f 526/199/669 1318/199/669 1319/200/669 527/200/669
f 131/479/670 923/479/670 924/480/670 132/480/670
f 271/166/65 1063/166/65 1064/194/65 272/194/65
f 388/225/671 1180/225/671 1181/226/671 389/226/671
f 16/571/672 808/571/672 809/572/672 17/572/672
f 86/432/271 878/432/271 879/273/271 87/273/271
f 677/15/673 1469/15/673 1470/16/673 678/16/673
f 167/507/674 959/507/674 960/137/674 168/137/674
f 424/576/675 1216/576/675 1217/577/675 425/577/675
f 491/650/676 1283/650/676 1284/651/676 492/651/676
f 761/619/677 1553/619/677 1554/91/677 762/91/677
f 542/687/65 1334/687/65 1335/684/65 543/684/65
f 251/111/678 1043/111/678 1044/112/678 252/112/678
f 287/318/678 1079/318/678 1080/513/678 288/513/678
f 693/755/62 1485/755/62 1486/756/62 694/756/62
f 508/236/65 1300/236/65 1301/209/65 509/209/65
f 32/672/679 824/672/679 825/231/679 33/231/679
f 183/110/262 975/110/262 976/437/262 184/437/262
f 440/594/680 1232/594/680 1233/595/680 441/595/680
f 147/417/681 939/417/681 940/267/681 148/267/681
f 15/573/682 807/573/682 808/571/682 16/571/682
f 404/490/683 1196/490/683 1197/270/683 405/270/683
f 522/183/71 1314/183/71 1315/184/71 523/184/71
f 548/320/65 1340/320/65 1341/393/65 549/393/65
f 487/182/257 1279/182/257 1280/649/257 488/649/257
f 673/191/684 1465/191/684 1466/738/684 674/738/684
f 709/585/685 1501/585/685 1502/586/685 710/586/685
f 267/153/65 1059/153/65 1060/100/65 268/100/65
f 163/515/102 955/515/102 956/107/102 164/107/102
f 199/39/686 991/39/686 992/38/686 200/38/686
f 12/301/687 804/301/687 805/302/687 13/302/687
f 420/702/688 1212/702/688 1213/620/688 421/620/688
f 456/616/65 1248/616/65 1249/617/65 457/617/65
f 558/487/71 1350/487/71 1351/392/71 559/392/71
f 689/751/689 1481/751/689 1482/752/689 690/752/689
f 303/290/65 1095/290/65 1096/288/65 304/288/65
f 48/512/690 840/512/690 841/511/690 49/511/690
f 725/501/691 1517/501/691 1518/257/691 726/257/691
f 179/125/247 971/125/247 972/120/247 180/120/247
f 215/2/246 1007/2/246 1008/11/246 216/11/246
f 436/590/692 1228/590/692 1229/591/692 437/591/692
f 472/634/693 1264/634/693 1265/635/693 473/635/693
f 705/767/694 1497/767/694 1498/768/694 706/768/694
f 574/563/695 1366/563/695 1367/564/695 575/564/695
f 319/409/607 1111/409/607 1112/121/607 320/121/607
f 195/49/696 987/49/696 988/50/696 196/50/696
f 64/259/697 856/259/697 857/260/697 65/260/697
f 411/275/698 1203/275/698 1204/705/698 412/705/698
f 538/689/699 1330/689/699 1331/685/699 539/685/699
f 452/613/65 1244/613/65 1245/606/65 453/606/65
f 603/192/663 1395/192/663 1396/509/663 604/509/663
f 741/791/700 1533/791/700 1534/789/700 742/789/700
f 283/193/607 1075/193/607 1076/136/607 284/136/607
f 231/33/65 1023/33/65 1024/3/65 232/3/65
f 28/396/235 820/396/235 821/446/235 29/446/235
f 721/778/701 1513/778/701 1514/779/701 722/779/701
f 488/649/233 1280/649/233 1281/648/233 489/648/233
f 211/4/232 1003/4/232 1004/5/232 212/5/232
f 554/640/702 1346/640/702 1347/641/702 555/641/702
f 468/630/703 1260/630/703 1261/631/703 469/631/703
f 299/289/230 1091/289/230 1092/291/230 300/291/230
f 590/716/229 1382/716/229 1383/715/229 591/715/229
f 650/522/228 1442/522/228 1443/741/228 651/741/228
f 44/476/704 836/476/704 837/477/704 45/477/704
f 335/400/206 1127/400/206 1128/403/206 336/403/206
f 706/768/705 1498/768/705 1499/769/705 707/769/705
f 80/353/706 872/353/706 873/208/706 81/208/706
f 737/70/707 1529/70/707 1530/71/707 738/71/707
f 227/13/65 1019/13/65 1020/26/65 228/26/65
f 484/303/223 1276/303/223 1277/82/223 485/82/223
f 753/782/222 1545/782/222 1546/502/222 754/502/222
f 606/647/708 1398/647/708 1399/454/708 607/454/708
f 351/461/709 1143/461/709 1144/335/709 352/335/709
f 570/186/710 1362/186/710 1363/708/710 571/708/710
f 243/72/711 1035/72/711 1036/73/711 244/73/711
f 96/315/712 888/315/712 889/177/712 97/177/712
f 247/521/125 1039/521/125 1040/419/125 248/419/125
f 315/341/711 1107/341/711 1108/325/711 316/325/711
f 500/659/713 1292/659/713 1293/533/713 501/533/713
f 504/662/714 1296/662/714 1297/664/714 505/664/714
f 60/508/214 852/508/214 853/241/214 61/241/214
f 622/448/65 1414/448/65 1415/449/65 623/449/65
f 769/597/715 1561/597/715 1562/89/715 770/89/715
f 367/467/716 1159/467/716 1160/466/716 368/466/716
f 514/646/65 1306/646/65 1307/206/65 515/206/65
f 112/142/717 904/142/717 905/382/717 113/382/717
f 773/234/718 1565/234/718 1566/235/718 774/235/718
f 259/157/205 1051/157/205 1052/147/205 260/147/205
f 746/787/209 1538/787/209 1539/696/209 747/696/209
f 518/642/208 1310/642/208 1311/205/208 519/205/208
f 586/220/65 1378/220/65 1379/221/65 587/221/65
f 4/173/719 796/173/719 797/174/719 5/174/719
f 263/152/206 1055/152/206 1056/159/206 264/159/206
f 331/558/205 1123/558/205 1124/412/205 332/412/205
f 383/546/720 1175/546/720 1176/541/720 384/541/720
f 8/539/721 800/539/721 801/742/721 9/742/721
f 76/460/722 868/460/722 869/372/722 77/372/722
f 128/545/723 920/545/723 921/170/723 129/170/723
f 791/553/200 1583/553/200 1584/550/200 792/550/200
f 777/783/199 1569/783/199 1570/781/199 778/781/199
f 77/372/724 869/372/724 870/488/724 78/488/724
f 347/271/65 1139/271/65 1140/272/65 348/272/65
f 785/548/197 1577/548/197 1578/599/197 786/599/197
f 654/727/725 1446/727/725 1447/447/725 655/447/725
f 92/253/195 884/253/195 885/215/195 93/215/195
f 530/677/726 1322/677/726 1323/678/726 531/678/726
f 399/728/727 1191/728/727 1192/491/727 400/491/727
f 275/88/65 1067/88/65 1068/229/65 276/229/65
f 144/123/728 936/123/728 937/168/728 145/168/728
f 20/369/191 812/369/191 813/370/191 21/370/191
f 670/442/729 1462/442/729 1463/510/729 671/510/729
f 415/255/730 1207/255/730 1208/256/730 416/256/730
f 363/334/731 1155/334/731 1156/462/731 364/462/731
f 792/550/187 1584/550/187 793/97/187 1/97/187
f 160/364/732 952/364/732 953/365/732 161/365/732
f 108/408/733 900/408/733 901/340/733 109/340/733
f 686/749/734 1478/749/734 1479/354/734 687/354/734
f 431/559/735 1223/559/735 1224/560/735 432/560/735
f 279/218/736 1071/218/736 1072/86/736 280/86/736
f 176/213/737 968/213/737 969/134/737 177/134/737
f 24/254/738 816/254/738 817/95/738 25/95/738
f 546/529/65 1338/529/65 1339/319/65 547/319/65
f 724/345/739 1516/345/739 1517/501/739 725/501/739
f 790/602/179 1582/602/179 1583/553/179 791/553/179
f 291/248/740 1083/248/740 1084/66/740 292/66/740
f 36/269/741 828/269/741 829/294/741 37/294/741
f 702/764/742 1494/764/742 1495/765/742 703/765/742
f 550/489/65 1342/489/65 1343/626/65 551/626/65
f 447/604/65 1239/604/65 1240/605/65 448/605/65
f 295/280/175 1087/280/175 1088/284/175 296/284/175
f 192/34/743 984/34/743 985/51/743 193/51/743
f 40/304/744 832/304/744 833/332/744 41/332/744
f 655/447/745 1447/447/745 1448/493/745 656/493/745
f 307/169/65 1099/169/65 1100/410/65 308/410/65
f 718/775/746 1510/775/746 1511/776/746 719/776/746
f 634/535/747 1426/535/747 1427/202/747 635/202/747
f 52/475/169 844/475/169 845/534/169 53/534/169
f 463/667/748 1255/667/748 1256/739/748 464/739/748
f 311/327/65 1103/327/65 1104/346/65 312/346/65
f 379/441/749 1171/441/749 1172/402/749 380/402/749
f 578/713/65 1370/713/65 1371/565/65 579/565/65
f 208/63/166 1000/63/166 1001/58/166 209/58/166
f 56/416/750 848/416/750 849/295/750 57/295/750
f 124/77/751 916/77/751 917/316/751 125/316/751
f 323/126/752 1115/126/752 1116/75/752 324/75/752
f 46/424/753 838/424/753 839/425/753 47/425/753
f 594/710/161 1386/710/161 1387/386/161 595/386/161
f 582/709/65 1374/709/65 1375/531/65 583/531/65
f 339/404/65 1131/404/65 1132/398/65 340/398/65
f 327/143/663 1119/143/663 1120/222/663 328/222/663
f 395/394/754 1187/394/754 1188/261/754 396/261/754
f 84/445/755 876/445/755 877/20/755 85/20/755
f 734/499/756 1526/499/756 1527/788/756 735/788/756
f 72/282/757 864/282/757 865/283/757 73/283/757
f 140/297/758 932/297/758 933/298/758 141/298/758
f 479/570/154 1271/570/154 1272/518/154 480/518/154
f 224/24/65 1016/24/65 1017/25/65 225/25/65
f 663/544/759 1455/544/759 1456/743/759 664/743/759
f 598/569/760 1390/569/760 1391/349/760 599/349/760
f 666/745/761 1458/745/761 1459/746/761 667/746/761
f 343/411/65 1135/411/65 1136/145/65 344/145/65
f 610/92/762 1402/92/762 1403/93/762 611/93/762
f 88/428/763 880/428/763 881/105/763 89/105/763
f 156/249/764 948/249/764 949/250/764 157/250/764
f 355/306/765 1147/306/765 1148/307/765 356/307/765
f 602/669/766 1394/669/766 1395/192/766 603/192/766
f 100/263/767 892/263/767 893/262/767 101/262/767
f 614/725/65 1406/725/65 1407/719/65 615/719/65
f 682/748/768 1474/748/768 1475/737/768 683/737/768
f 626/729/769 1418/729/769 1419/579/769 627/579/769
f 591/715/770 1383/715/770 1384/219/770 592/219/770
f 359/385/771 1151/385/771 1152/451/771 360/451/771
f 427/596/772 1219/596/772 1220/551/772 428/551/772
f 371/470/773 1163/470/773 1164/471/773 372/471/773
f 495/624/774 1287/624/774 1288/654/774 496/654/774
f 104/413/775 896/413/775 897/330/775 105/330/775
f 172/421/776 964/421/776 965/167/776 173/167/776
f 116/379/777 908/379/777 909/277/777 117/277/777
f 240/74/65 1032/74/65 1033/78/65 241/78/65
f 630/357/778 1422/357/778 1423/374/778 631/374/778
f 375/474/779 1167/474/779 1168/478/779 376/478/779
f 545/690/65 1337/690/65 1338/529/65 546/529/65
f 120/352/780 912/352/780 913/568/780 121/568/780
f 698/760/781 1490/760/781 1491/761/781 699/761/781
f 443/554/588 1235/554/588 1236/555/588 444/555/588
f 188/59/782 980/59/782 981/60/782 189/60/782
f 387/670/783 1179/670/783 1180/225/783 388/225/783
f 731/698/784 1523/698/784 1524/786/784 732/786/784
f 132/480/785 924/480/785 925/309/785 133/309/785
f 766/494/786 1558/494/786 1559/495/786 767/495/786
f 391/155/787 1183/155/787 1184/156/787 392/156/787
f 714/771/788 1506/771/788 1507/772/788 715/772/788
f 511/481/65 1303/481/65 1304/81/65 512/81/65
f 136/485/789 928/485/789 929/149/789 137/149/789
f 459/600/790 1251/600/790 1252/601/790 460/601/790
f 204/623/791 996/623/791 997/31/791 205/31/791
f 564/28/792 1356/28/792 1357/29/792 565/29/792
f 475/637/119 1267/637/119 1268/549/119 476/549/119
f 658/645/793 1450/645/793 1451/113/793 659/113/793
f 220/23/65 1012/23/65 1013/48/65 221/48/65
f 403/317/794 1195/317/794 1196/490/794 404/490/794
f 148/267/795 940/267/795 941/268/795 149/268/795
f 662/543/796 1454/543/796 1455/544/796 663/544/796
f 236/6/65 1028/6/65 1029/55/65 237/55/65
f 407/85/779 1199/85/779 1200/429/779 408/429/779
f 674/738/797 1466/738/797 1467/721/797 675/721/797
f 152/373/798 944/373/798 945/67/798 153/67/798
f 762/91/111 1554/91/111 1555/790/111 763/790/111
f 419/701/799 1211/701/799 1212/702/799 420/702/799
f 507/532/65 1299/532/65 1300/236/65 508/236/65
f 164/107/800 956/107/800 957/108/800 165/108/800
f 252/112/801 1044/112/801 1045/117/801 253/117/801
f 690/752/802 1482/752/802 1483/753/802 691/753/802
f 678/16/803 1470/16/803 1471/181/803 679/181/803
f 435/589/804 1227/589/804 1228/590/804 436/590/804
f 423/575/805 1215/575/805 1216/576/805 424/576/805
f 180/120/806 972/120/806 973/116/806 181/116/806
f 168/137/807 960/137/807 961/138/807 169/138/807
f 781/140/101 1573/140/101 1574/584/101 782/584/101
f 694/756/808 1486/756/808 1487/757/808 695/757/808
f 451/612/65 1243/612/65 1244/613/65 452/613/65
f 439/593/99 1231/593/99 1232/594/99 440/594/99
f 13/302/809 805/302/809 806/527/809 14/527/809
f 196/50/810 988/50/810 989/35/810 197/35/810
f 184/437/811 976/437/811 977/418/811 185/418/811
f 270/158/65 1062/158/65 1063/166/65 271/166/65
f 722/779/812 1514/779/812 1515/344/812 723/344/812
f 710/586/94 1502/586/94 1503/703/94 711/703/94
f 467/629/813 1259/629/813 1260/630/813 468/630/813
f 455/615/65 1247/615/65 1248/616/65 456/616/65
f 212/5/92 1004/5/92 1005/43/92 213/43/92
f 200/38/814 992/38/814 993/37/814 201/37/814
f 726/257/815 1518/257/815 1519/238/815 727/238/815
f 471/633/816 1263/633/816 1264/634/816 472/634/816
f 730/163/817 1522/163/817 1523/698/817 731/698/817
f 216/11/87 1008/11/87 1009/19/87 217/19/87
f 29/446/818 821/446/818 822/175/818 30/175/818
f 483/362/85 1275/362/85 1276/303/85 484/303/85
f 638/730/84 1430/730/84 1431/453/84 639/453/84
f 286/106/275 1078/106/275 1079/318/275 287/318/275
f 228/26/65 1020/26/65 1021/7/65 229/7/65
f 543/684/65 1335/684/65 1336/688/65 544/688/65
f 789/610/82 1581/610/82 1582/602/82 790/602/82
f 742/789/819 1534/789/819 1535/433/819 743/433/819
f 754/502/80 1546/502/80 1547/785/80 755/785/80
f 499/656/79 1291/656/79 1292/659/79 500/659/79
f 232/3/65 1024/3/65 1025/40/65 233/40/65
f 45/477/820 837/477/820 838/424/820 46/424/820
f 244/73/821 1036/73/821 1037/212/821 245/212/821
f 302/292/65 1094/292/65 1095/290/65 303/290/65
f 559/392/125 1351/392/125 1352/321/125 560/321/125
f 758/674/76 1550/674/76 1551/587/76 759/587/76
f 503/663/822 1295/663/822 1296/662/822 504/662/822
f 5/174/823 797/174/823 798/520/823 6/520/823
f 248/419/824 1040/419/824 1041/420/824 249/420/824
f 61/241/825 853/241/825 854/242/825 62/242/825
f 262/151/762 1054/151/762 1055/152/762 263/152/762
f 318/483/71 1110/483/71 1111/409/71 319/409/71
f 519/205/736 1311/205/736 1312/621/736 520/621/736
f 575/564/826 1367/564/826 1368/711/826 576/711/826
f 776/784/827 1568/784/827 1569/783/827 777/783/827
f 334/399/762 1126/399/762 1127/400/762 335/400/762
f 9/742/828 801/742/828 802/734/828 10/734/828
f 266/161/65 1058/161/65 1059/153/65 267/153/65
f 523/184/125 1315/184/125 1316/360/125 524/360/125
f 21/370/829 813/370/829 814/172/829 22/172/829
f 278/228/702 1070/228/702 1071/218/702 279/218/702
f 93/215/830 885/215/830 886/328/830 94/328/830
f 350/323/831 1142/323/831 1143/461/831 351/461/831
f 607/454/832 1399/454/832 1400/455/832 608/455/832
f 37/294/648 829/294/648 830/246/648 38/246/648
f 294/265/833 1086/265/833 1087/280/833 295/280/833
f 534/530/834 1326/530/834 1327/681/834 535/681/834
f 109/340/645 901/340/645 902/223/645 110/223/645
f 366/465/835 1158/465/835 1159/467/835 367/467/835
f 25/95/836 817/95/836 818/96/836 26/96/836
f 623/449/65 1415/449/65 1416/339/65 624/339/65
f 282/557/71 1074/557/71 1075/193/71 283/193/71
f 660/458/837 1452/458/837 1453/463/837 661/463/837
f 539/685/838 1331/685/838 1332/683/838 540/683/838
f 639/453/640 1431/453/640 1432/130/640 640/130/640
f 53/534/839 845/534/839 846/331/839 54/331/839
f 125/316/840 917/316/840 918/135/840 126/135/840
f 310/326/65 1102/326/65 1103/327/65 311/327/65
f 382/505/637 1174/505/637 1175/546/637 383/546/637
f 567/706/663 1359/706/663 1360/707/663 568/707/663
f 41/332/841 833/332/841 834/497/841 42/497/841
f 298/287/842 1090/287/842 1091/289/842 299/289/842
f 258/133/708 1050/133/708 1051/157/708 259/157/708
f 555/641/711 1347/641/711 1348/625/711 556/625/711
f 515/206/65 1307/206/65 1308/207/65 516/207/65
f 1/97/843 793/97/843 794/45/843 2/45/843
f 69/311/844 861/311/844 862/312/844 70/312/844
f 326/380/766 1118/380/766 1119/143/766 327/143/766
f 583/531/65 1375/531/65 1376/387/65 584/387/65
f 57/295/845 849/295/845 850/296/845 58/296/845
f 141/298/846 933/298/846 934/473/846 142/473/846
f 314/347/208 1106/347/208 1107/341/208 315/341/208
f 398/368/847 1190/368/847 1191/728/847 399/728/847
f 342/389/65 1134/389/65 1135/411/65 343/411/65
f 571/708/205 1363/708/205 1364/196/205 572/196/205
f 599/349/848 1391/349/848 1392/350/848 600/350/848
f 17/572/849 809/572/849 810/526/849 18/526/849
f 73/283/850 865/283/850 866/438/850 74/438/850
f 274/87/65 1066/87/65 1067/88/65 275/88/65
f 330/252/710 1122/252/710 1123/558/710 331/558/710
f 157/250/851 949/250/851 950/343/851 158/343/851
f 587/221/65 1379/221/65 1380/717/65 588/717/65
f 788/608/487 1580/608/487 1581/610/487 789/610/487
f 414/377/852 1206/377/852 1207/255/852 415/255/852
f 101/262/853 893/262/853 894/415/853 102/415/853
f 85/20/625 877/20/625 878/432/625 86/432/625
f 671/510/854 1463/510/854 1464/190/854 672/190/854
f 358/384/855 1150/384/855 1151/385/855 359/385/855
f 527/200/678 1319/200/678 1320/519/678 528/519/678
f 615/719/65 1407/719/65 1408/94/65 616/94/65
f 89/105/622 881/105/622 882/103/622 90/103/622
f 173/167/856 965/167/856 966/165/856 174/165/856
f 346/427/65 1138/427/65 1139/271/65 347/271/65
f 430/556/620 1222/556/620 1223/559/620 431/559/620
f 290/342/857 1082/342/857 1083/248/857 291/248/857
f 687/354/858 1479/354/858 1480/355/858 688/355/858
f 189/60/618 981/60/618 982/62/618 190/62/618
f 117/277/859 909/277/859 910/278/859 118/278/859
f 105/330/860 897/330/860 898/216/860 106/216/860
f 446/603/65 1238/603/65 1239/604/65 447/604/65
f 374/439/720 1166/439/720 1167/474/720 375/474/720
f 362/305/861 1154/305/861 1155/334/861 363/334/861
f 712/750/862 1504/750/862 1505/770/862 713/770/862
f 631/374/863 1423/374/863 1424/452/863 632/452/863
f 619/114/65 1411/114/65 1412/115/65 620/115/65
f 205/31/613 997/31/613 998/42/613 206/42/613
f 49/511/864 841/511/864 842/426/864 50/426/864
f 462/658/865 1254/658/865 1255/667/865 463/667/865
f 562/655/669 1354/655/669 1355/561/669 563/561/669
f 306/264/65 1098/264/65 1099/169/65 307/169/65
f 719/776/866 1511/776/866 1512/777/866 720/777/866
f 750/299/610 1542/299/610 1543/240/610 751/240/610
f 133/309/867 925/309/867 926/310/867 134/310/867
f 739/434/868 1531/434/868 1532/435/868 740/435/868
f 65/260/869 857/260/869 858/358/869 66/358/869
f 390/528/787 1182/528/787 1183/155/787 391/155/787
f 121/568/870 913/568/870 914/723/870 122/723/870
f 322/148/669 1114/148/669 1115/126/669 323/126/669
f 221/48/65 1013/48/65 1014/9/65 222/9/65
f 378/440/871 1170/440/871 1171/441/871 379/441/871
f 579/565/65 1371/565/65 1372/693/65 580/693/65
f 478/583/872 1270/583/872 1271/570/872 479/570/872
f 635/202/873 1427/202/873 1428/203/873 636/203/873
f 735/788/874 1527/788/874 1528/101/874 736/101/874
f 531/678/740 1323/678/740 1324/679/740 532/679/740
f 149/268/875 941/268/875 942/333/875 150/333/875
f 406/244/565 1198/244/565 1199/85/565 407/85/565
f 237/55/65 1029/55/65 1030/57/65 238/57/65
f 137/149/876 929/149/876 930/150/876 138/150/876
f 81/208/877 873/208/877 874/21/877 82/21/877
f 494/211/878 1286/211/878 1287/624/878 495/624/878
f 394/503/879 1186/503/879 1187/394/879 395/394/879
f 338/406/65 1130/406/65 1131/404/65 339/404/65
f 751/240/597 1543/240/597 1544/258/597 752/258/597
f 165/108/880 957/108/880 958/537/880 166/537/880
f 651/741/881 1443/741/881 1444/668/881 652/668/881
f 595/386/882 1387/386/882 1388/187/882 596/187/882
f 422/574/595 1214/574/595 1215/575/595 423/575/595
f 679/181/883 1471/181/883 1472/562/883 680/562/883
f 153/67/884 945/67/884 946/68/884 154/68/884
f 253/117/885 1045/117/885 1046/118/885 254/118/885
f 784/27/197 1576/27/197 1577/548/197 785/548/197
f 410/274/886 1202/274/886 1203/275/886 411/275/886
f 97/177/887 889/177/887 890/178/887 98/178/887
f 510/210/65 1302/210/65 1303/481/65 511/481/65
f 667/746/888 1459/746/888 1460/459/888 668/459/888
f 354/414/889 1146/414/889 1147/306/889 355/306/889
f 767/495/890 1559/495/890 1560/496/890 768/496/890
f 181/116/891 973/116/891 974/109/891 182/109/891
f 611/93/206 1403/93/206 1404/726/206 612/726/206
f 512/81/65 1304/81/65 1305/185/65 513/185/65
f 438/592/588 1230/592/588 1231/593/588 439/593/588
f 695/757/892 1487/757/892 1488/758/892 696/758/892
f 169/138/893 961/138/893 962/356/893 170/356/893
f 113/382/894 905/382/894 906/381/894 114/381/894
f 768/496/895 1560/496/895 1561/597/895 769/597/895
f 426/578/896 1218/578/896 1219/596/896 427/596/896
f 370/469/897 1162/469/897 1163/470/897 371/470/897
f 683/737/583 1475/737/583 1476/699/583 684/699/583
f 627/579/898 1419/579/898 1420/308/898 628/308/898
f 197/35/899 989/35/899 990/36/899 198/36/899
f 269/98/65 1061/98/65 1062/158/65 270/158/65
f 454/614/65 1246/614/65 1247/615/65 455/615/65
f 185/418/900 977/418/900 978/65/900 186/65/900
f 14/527/901 806/527/901 807/573/901 15/573/901
f 711/703/902 1503/703/902 1504/750/902 712/750/902
f 442/580/903 1234/580/903 1235/554/903 443/554/903
f 780/139/414 1572/139/414 1573/140/414 781/140/414
f 699/761/904 1491/761/904 1492/762/904 700/762/904
f 645/337/905 1437/337/905 1438/338/905 646/338/905
f 129/170/906 921/170/906 922/171/906 130/171/906
f 563/561/678 1355/561/678 1356/28/678 564/28/678
f 213/43/575 1005/43/575 1006/1/575 214/1/575
f 201/37/907 993/37/907 994/32/907 202/32/907
f 386/313/410 1178/313/410 1179/670/410 387/670/410
f 470/632/908 1262/632/908 1263/633/908 471/633/908
f 458/618/909 1250/618/909 1251/600/909 459/600/909
f 643/732/910 1435/732/910 1436/733/910 644/733/910
f 727/238/911 1519/238/911 1520/239/911 728/239/911
f 715/772/570 1507/772/570 1508/773/570 716/773/570
f 771/90/569 1563/90/569 1564/423/569 772/423/569
f 229/7/65 1021/7/65 1022/8/65 230/8/65
f 217/19/65 1009/19/65 1010/17/65 218/17/65
f 145/168/912 937/168/912 938/279/912 146/279/912
f 285/506/913 1077/506/913 1078/106/913 286/106/913
f 486/80/567 1278/80/567 1279/182/567 487/182/567
f 474/636/914 1266/636/914 1267/637/914 475/637/914
f 402/243/915 1194/243/915 1195/317/915 403/317/915
f 30/175/916 822/175/916 823/375/916 31/375/916
f 743/433/917 1535/433/917 1536/69/917 744/69/917
f 659/113/918 1451/113/918 1452/458/918 660/458/918
f 544/688/65 1336/688/65 1337/690/65 545/690/65
f 233/40/65 1025/40/65 1026/41/65 234/41/65
f 490/547/561 1282/547/561 1283/650/561 491/650/561
f 641/131/919 1433/131/919 1434/430/919 642/430/919
f 301/293/65 1093/293/65 1094/292/65 302/292/65
f 747/696/559 1539/696/559 1540/697/559 748/697/559
f 245/212/668 1037/212/668 1038/540/668 246/540/668
f 161/365/558 953/365/558 954/514/558 162/514/558
f 560/321/824 1352/321/824 1353/660/824 561/660/824
f 502/720/557 1294/720/557 1295/663/557 503/663/557
f 418/692/920 1210/692/920 1211/701/920 419/701/920
f 759/587/555 1551/587/555 1552/233/555 760/233/555
f 675/721/921 1467/721/921 1468/722/921 676/722/921
f 653/740/922 1445/740/922 1446/727/922 654/727/922
f 317/482/923 1109/482/923 1110/483/923 318/483/923
f 177/134/924 969/134/924 970/129/924 178/129/924
f 62/242/925 854/242/925 855/492/925 63/492/925
f 249/420/926 1041/420/926 1042/536/926 250/536/926
f 434/588/927 1226/588/927 1227/589/927 435/589/927
f 506/665/65 1298/665/65 1299/532/65 507/532/65
f 691/753/549 1483/753/549 1484/754/549 692/754/549
f 576/711/928 1368/711/928 1369/712/928 577/712/928
f 763/790/929 1555/790/929 1556/792/929 764/792/929
f 333/390/652 1125/390/652 1126/399/652 334/399/652
f 547/319/65 1339/319/65 1340/320/65 548/320/65
f 193/51/930 985/51/930 986/52/930 194/52/930
f 78/488/931 870/488/931 871/456/931 79/456/931
f 450/611/65 1242/611/65 1243/612/65 451/612/65
f 707/769/932 1499/769/932 1500/673/932 708/673/932
f 265/160/65 1057/160/65 1058/161/65 266/161/65
f 55/245/933 847/245/933 848/416/933 56/416/933
f 261/99/934 1053/99/934 1054/151/934 262/151/934
f 6/520/935 798/520/935 799/538/935 7/538/935
f 779/780/936 1571/780/936 1572/139/936 780/139/936
f 577/712/65 1369/712/65 1370/713/65 578/713/65
f 775/675/937 1567/675/937 1568/784/937 776/784/937
f 524/360/938 1316/360/938 1317/361/938 525/361/938
f 209/58/540 1001/58/540 1002/56/540 210/56/540
f 520/621/821 1312/621/821 1313/622/821 521/622/821
f 466/628/939 1258/628/939 1259/629/939 467/629/939
f 723/344/940 1515/344/940 1516/345/940 724/345/940
f 349/322/941 1141/322/941 1142/323/941 350/323/941
f 94/328/942 886/328/942 887/329/942 95/329/942
f 608/455/943 1400/455/943 1401/524/943 609/524/943
f 67/154/535 859/154/535 860/224/535 68/224/535
f 225/25/65 1017/25/65 1018/12/65 226/12/65
f 482/457/534 1274/457/534 1275/362/534 483/362/534
f 2/45/944 794/45/944 795/46/944 3/46/944
f 535/681/175 1327/681/175 1328/714/175 536/714/175
f 281/676/923 1073/676/923 1074/557/923 282/557/923
f 365/464/852 1157/464/852 1158/465/852 366/465/852
f 277/227/945 1069/227/945 1070/228/945 278/228/945
f 26/96/530 818/96/530 819/395/530 27/395/530
f 241/78/946 1033/78/946 1034/79/946 242/79/946
f 110/223/947 902/223/947 903/144/947 111/144/947
f 22/172/527 814/172/527 815/44/527 23/44/527
f 540/683/948 1332/683/948 1333/686/948 541/686/948
f 498/237/949 1290/237/949 1291/656/949 499/656/949
f 624/339/65 1416/339/65 1417/431/65 625/431/65
f 755/785/525 1547/785/525 1548/189/525 756/189/525
f 536/714/950 1328/714/950 1329/691/950 537/691/950
f 297/286/951 1089/286/951 1090/287/951 298/287/951
f 10/734/952 802/734/952 803/371/952 11/371/952
f 42/497/953 834/497/953 835/666/953 43/666/953
f 381/504/297 1173/504/297 1174/505/297 382/505/297
f 556/625/821 1348/625/821 1349/486/821 557/486/821
f 257/128/954 1049/128/954 1050/133/954 258/133/954
f 126/135/955 918/135/955 919/127/955 127/127/955
f 293/266/956 1085/266/956 1086/265/956 294/265/956
f 38/246/957 830/246/957 831/247/957 39/247/957
f 640/130/958 1432/130/958 1433/131/958 641/131/958
f 552/694/65 1344/694/65 1345/695/65 553/695/65
f 516/207/65 1308/207/65 1309/671/65 517/671/65
f 313/348/945 1105/348/945 1106/347/945 314/347/945
f 58/296/959 850/296/959 851/422/959 59/422/959
f 397/367/960 1189/367/960 1190/368/960 398/368/960
f 309/484/65 1101/484/65 1102/326/65 310/326/65
f 572/196/943 1364/196/943 1365/197/943 573/197/943
f 142/473/961 934/473/961 935/122/961 143/122/961
f 54/331/962 846/331/962 847/245/962 55/245/962
f 329/251/954 1121/251/954 1122/252/954 330/252/954
f 656/493/963 1448/493/963 1449/644/963 657/644/963
f 568/707/964 1360/707/964 1361/566/964 569/566/964
f 74/438/965 866/438/965 867/324/965 75/324/965
f 772/423/510 1564/423/510 1565/234/510 773/234/510
f 588/717/65 1380/717/65 1381/718/65 589/718/65
f 273/195/65 1065/195/65 1066/87/65 274/87/65
f 413/376/966 1205/376/966 1206/377/966 414/377/966
f 18/526/967 810/526/967 811/300/967 19/300/967
f 158/343/968 950/343/968 951/567/968 159/567/968
f 345/104/65 1137/104/65 1138/427/65 346/427/65
f 672/190/969 1464/190/969 1465/191/969 673/191/969
f 325/276/885 1117/276/885 1118/380/885 326/380/885
f 90/103/970 882/103/970 883/146/970 91/146/970
f 70/312/971 862/312/971 863/401/971 71/401/971
f 604/509/964 1396/509/964 1397/443/964 605/443/964
f 429/552/501 1221/552/501 1222/556/501 430/556/501
f 584/387/65 1376/387/65 1377/388/65 585/388/65
f 289/363/972 1081/363/972 1082/342/972 290/342/972
f 174/165/973 966/165/973 967/214/973 175/214/973
f 341/391/65 1133/391/65 1134/389/65 342/389/65
f 34/83/974 826/83/974 827/84/974 35/84/974
f 688/355/975 1480/355/975 1481/751/975 689/751/975
f 361/450/976 1153/450/976 1154/305/976 362/305/976
f 600/350/977 1392/350/977 1393/14/977 601/14/977
f 106/216/978 898/216/978 899/217/978 107/217/978
f 445/581/65 1237/581/65 1238/603/65 446/603/65
f 620/115/65 1412/115/65 1413/643/65 621/643/65
f 190/62/495 982/62/495 983/54/495 191/54/495
f 704/766/979 1496/766/979 1497/767/979 705/767/979
f 305/285/65 1097/285/65 1098/264/65 306/264/65
f 461/657/980 1253/657/980 1254/658/980 462/658/980
f 357/383/981 1149/383/981 1150/384/981 358/384/981
f 50/426/982 842/426/982 843/517/982 51/517/982
f 206/42/489 998/42/489 999/53/489 207/53/489
f 102/415/983 894/415/983 895/500/983 103/500/983
f 720/777/984 1512/777/984 1513/778/984 721/778/984
f 616/94/65 1408/94/65 1409/525/65 617/525/65
f 377/281/985 1169/281/985 1170/440/985 378/440/985
f 738/71/986 1530/71/986 1531/434/986 739/434/986
f 122/723/987 914/723/987 915/76/987 123/76/987
f 373/472/354 1165/472/354 1166/439/354 374/439/354
f 592/219/988 1384/219/988 1385/682/988 593/682/988
f 321/230/926 1113/230/926 1114/148/926 322/148/926
f 477/638/989 1269/638/989 1270/583/989 478/583/989
f 118/278/990 910/278/990 911/351/990 119/351/990
f 636/203/991 1428/203/991 1429/204/991 637/204/991
f 66/358/992 858/358/992 859/154/992 67/154/992
f 222/9/65 1014/9/65 1015/10/65 223/10/65
f 632/452/993 1424/452/993 1425/731/993 633/731/993
f 580/693/65 1372/693/65 1373/198/65 581/198/65
f 736/101/994 1528/101/994 1529/70/994 737/70/994
f 787/607/346 1579/607/346 1580/608/346 788/608/346
f 393/359/995 1185/359/995 1186/503/995 394/503/995
f 138/150/996 930/150/996 931/366/996 139/366/996
f 652/668/472 1444/668/472 1445/740/472 653/740/472
f 493/652/997 1285/652/997 1286/211/997 494/211/997
f 389/226/470 1181/226/470 1182/528/470 390/528/470
f 238/57/65 1030/57/65 1031/64/65 239/64/65
f 134/310/998 926/310/998 927/436/998 135/436/998
f 409/232/999 1201/232/999 1202/274/999 410/274/999
f 337/405/65 1129/405/65 1130/406/65 338/406/65
f 752/258/466 1544/258/466 1545/782/466 753/782/466
f 154/68/465 946/68/465 947/653/465 155/653/465
f 82/21/1000 874/21/1000 875/22/1000 83/22/1000
f 648/523/463 1440/523/463 1441/736/463 649/736/463
f 668/459/1001 1460/459/1001 1461/444/1001 669/444/1001
f 596/187/1002 1388/187/1002 1389/188/1002 597/188/1002
f 509/209/65 1301/209/65 1302/210/65 510/210/65
f 425/577/1003 1217/577/1003 1218/578/1003 426/578/1003
f 254/118/766 1046/118/766 1047/119/766 255/119/766
f 170/356/1004 962/356/1004 963/407/1004 171/407/1004
f 353/336/1005 1145/336/1005 1146/414/1005 354/414/1005
f 256/124/1006 1048/124/1006 1049/128/1006 257/128/1006
f 684/699/1007 1476/699/1007 1477/700/1007 685/700/1007
f 98/178/1008 890/178/1008 891/179/1008 99/179/1008
f 405/270/258 1197/270/258 1198/244/258 406/244/258
f 783/180/101 1575/180/101 1576/27/101 784/27/101
f 612/726/928 1404/726/928 1405/724/928 613/724/928
f 150/333/453 942/333/453 943/314/453 151/314/453
f 441/595/1009 1233/595/1009 1234/580/1009 442/580/1009
f 601/14/885 1393/14/885 1394/669/885 602/669/885
f 664/743/1010 1456/743/1010 1457/744/1010 665/744/1010
f 186/65/1011 978/65/1011 979/61/1011 187/61/1011
f 657/644/462 1449/644/462 1450/645/462 658/645/462
f 713/770/1012 1505/770/1012 1506/771/1012 714/771/1012
f 700/762/1013 1492/762/1013 1493/763/1013 701/763/1013
f 369/468/1014 1161/468/1014 1162/469/1014 370/469/1014
f 114/381/443 906/381/443 907/378/443 115/378/443
f 525/361/913 1317/361/913 1318/199/913 526/199/913
f 703/765/1015 1495/765/1015 1496/766/1015 704/766/1015
f 628/308/1016 1420/308/1016 1421/132/1016 629/132/1016
f 421/620/439 1213/620/439 1214/574/439 422/574/439
f 457/617/1017 1249/617/1017 1250/618/1017 458/618/1017
f 166/537/880 958/537/880 959/507/880 167/507/880
f 202/32/1018 994/32/1018 995/30/1018 203/30/1018
f 272/194/65 1064/194/65 1065/195/65 273/195/65
f 642/430/1019 1434/430/1019 1435/732/1019 643/732/1019
f 716/773/1020 1508/773/1020 1509/774/1020 717/774/1020
f 385/542/1021 1177/542/1021 1178/313/1021 386/313/1021
f 692/754/1022 1484/754/1022 1485/755/1022 693/755/1022
f 680/562/1023 1472/562/1023 1473/747/1023 681/747/1023
f 473/635/1024 1265/635/1024 1266/636/1024 474/636/1024
f 130/171/1025 922/171/1025 923/479/1025 131/479/1025
f 218/17/65 1010/17/65 1011/18/65 219/18/65
f 644/733/1026 1436/733/1026 1437/337/1026 645/337/1026
f 732/786/1027 1524/786/1027 1525/498/1027 733/498/1027
f 437/591/651 1229/591/651 1230/592/651 438/592/651
f 182/109/1028 974/109/1028 975/110/1028 183/110/1028
f 401/397/779 1193/397/779 1194/243/779 402/243/779
f 541/686/65 1333/686/65 1334/687/65 542/687/65
f 696/758/1029 1488/758/1029 1489/759/1029 697/759/1029
f 489/648/417 1281/648/417 1282/547/417 490/547/417
f 146/279/1030 938/279/1030 939/417/1030 147/417/1030
f 31/375/1031 823/375/1031 824/672/1031 32/672/1031
f 234/41/65 1026/41/65 1027/47/65 235/47/65
f 288/513/792 1080/513/792 1081/363/792 289/363/792
f 585/388/65 1377/388/65 1378/220/65 586/220/65
f 748/697/413 1540/697/413 1541/164/413 749/164/413
f 453/606/65 1245/606/65 1246/614/65 454/614/65
f 198/36/1032 990/36/1032 991/39/1032 199/39/1032
f 505/664/65 1297/664/65 1298/665/65 506/665/65
f 557/486/668 1349/486/668 1350/487/668 558/487/668
f 566/516/766 1358/516/766 1359/706/766 567/706/766
f 250/536/669 1042/536/669 1043/111/669 251/111/669
f 417/176/408 1209/176/408 1210/692/408 418/692/408
f 47/425/407 839/425/407 840/512/407 48/512/407
f 764/792/406 1556/792/406 1557/598/406 765/598/406
f 162/514/1033 954/514/1033 955/515/1033 163/515/1033
f 304/288/65 1096/288/65 1097/285/65 305/285/65
f 469/631/1034 1261/631/1034 1262/632/1034 470/632/1034
f 676/722/1035 1468/722/1035 1469/15/1035 677/15/1035
f 214/1/402 1006/1/402 1007/2/402 215/2/402
f 33/231/1036 825/231/1036 826/83/1036 34/83/1036
f 728/239/1037 1520/239/1037 1521/162/1037 729/162/1037
f 433/661/399 1225/661/399 1226/588/399 434/588/399
f 178/129/1038 970/129/1038 971/125/1038 179/125/1038
f 573/197/934 1365/197/934 1366/563/934 574/563/934
f 485/82/396 1277/82/396 1278/80/396 486/80/396
f 63/492/395 855/492/395 856/259/395 64/259/395
f 230/8/65 1022/8/65 1023/33/65 231/33/65
f 778/781/1039 1570/781/1039 1571/780/1039 779/780/1039
f 320/121/938 1112/121/938 1113/230/938 321/230/938
f 11/371/1040 803/371/1040 804/301/1040 12/301/1040
f 528/519/792 1320/519/792 1321/582/792 529/582/792
f 744/69/392 1536/69/392 1537/102/392 745/102/392
f 268/100/65 1060/100/65 1061/98/65 269/98/65
f 449/609/65 1241/609/65 1242/611/65 450/611/65
f 194/52/1041 986/52/1041 987/49/1041 195/49/1041
f 708/673/1042 1500/673/1042 1501/585/1042 709/585/1042
f 589/718/1043 1381/718/1043 1382/716/1043 590/716/1043
f 532/679/1044 1324/679/1044 1325/680/1044 533/680/1044
f 79/456/1045 871/456/1045 872/353/1045 80/353/1045
f 492/651/1046 1284/651/1046 1285/652/1046 493/652/1046
f 465/627/1047 1257/627/1047 1258/628/1047 466/628/1047
f 336/403/928 1128/403/928 1129/405/928 337/405/928
f 501/533/1048 1293/533/1048 1294/720/1048 502/720/1048
f 210/56/383 1002/56/383 1003/4/383 211/4/383
f 246/540/71 1038/540/71 1039/521/71 247/521/71
f 537/691/1049 1329/691/1049 1330/689/1049 538/689/1049
f 27/395/1050 819/395/1050 820/396/1050 28/396/1050
f 605/443/1051 1397/443/1051 1398/647/1051 606/647/1051
f 284/136/938 1076/136/938 1077/506/938 285/506/938
f 481/201/378 1273/201/378 1274/457/378 482/457/378
f 517/671/945 1309/671/945 1310/642/945 518/642/945
f 553/695/945 1345/695/945 1346/640/945 554/640/945
f 226/12/65 1018/12/65 1019/13/65 227/13/65
f 95/329/1052 887/329/1052 888/315/1052 96/315/1052
f 774/235/375 1566/235/375 1567/675/375 775/675/375
f 43/666/1053 835/666/1053 836/476/1053 44/476/1053
f 352/335/1054 1144/335/1054 1145/336/1054 353/336/1054
f 7/538/1055 799/538/1055 800/539/1055 8/539/1055
f 300/291/948 1092/291/948 1093/293/948 301/293/948
f 740/435/1056 1532/435/1056 1533/791/1056 741/791/1056
f 264/159/928 1056/159/928 1057/160/928 265/160/928
f 646/338/368 1438/338/368 1439/735/368 647/735/368
f 497/639/1057 1289/639/1057 1290/237/1057 498/237/1057
f 242/79/208 1034/79/208 1035/72/208 243/72/208
f 756/189/366 1548/189/366 1549/141/366 757/141/366
f 760/233/365 1552/233/365 1553/619/365 761/619/365
f 569/566/954 1361/566/954 1362/186/954 570/186/954
f 621/643/65 1413/643/65 1414/448/65 622/448/65
f 59/422/1058 851/422/1058 852/508/1058 60/508/1058
f 111/144/717 903/144/717 904/142/717 112/142/717
f 316/325/1059 1108/325/1059 1109/482/1059 317/482/1059
f 368/466/1060 1160/466/1060 1161/468/1060 369/468/1060
f 513/185/65 1305/185/65 1306/646/65 514/646/65
f 770/89/1061 1562/89/1061 1563/90/1061 771/90/1061
f 75/324/358 867/324/358 868/460/358 76/460/358
f 3/46/1062 795/46/1062 796/173/1062 4/173/1062
f 127/127/1063 919/127/1063 920/545/1063 128/545/1063
f 332/412/943 1124/412/943 1125/390/943 333/390/943
f 260/147/943 1052/147/943 1053/99/943 261/99/943
f 384/541/1064 1176/541/1064 1177/542/1064 385/542/1064
f 551/626/65 1343/626/65 1344/694/65 552/694/65
f 533/680/956 1325/680/956 1326/530/956 534/530/956
f 23/44/352 815/44/352 816/254/352 24/254/352
f 280/86/821 1072/86/821 1073/676/821 281/676/821
f 143/122/1065 935/122/1065 936/123/1065 144/123/1065
f 91/146/350 883/146/350 884/253/350 92/253/350
f 400/491/1066 1192/491/1066 1193/397/1066 401/397/1066
f 348/272/65 1140/272/65 1141/322/65 349/322/65
f 529/582/972 1321/582/972 1322/677/972 530/677/972
f 637/204/1067 1429/204/1067 1430/730/1067 638/730/1067
f 549/393/65 1341/393/65 1342/489/65 550/489/65
f 786/599/346 1578/599/346 1579/607/346 787/607/346
f 669/444/345 1461/444/345 1462/442/345 670/442/345
f 39/247/1068 831/247/1068 832/304/1068 40/304/1068
f 19/300/1069 811/300/1069 812/369/1069 20/369/1069
f 159/567/1070 951/567/1070 952/364/1070 160/364/1070
f 296/284/1071 1088/284/1071 1089/286/1071 297/286/1071
f 276/229/65 1068/229/65 1069/227/65 277/227/65
f 416/256/1072 1208/256/1072 1209/176/1072 417/176/1072
f 617/525/65 1409/525/65 1410/704/65 618/704/65
f 685/700/339 1477/700/339 1478/749/339 686/749/339
f 107/217/1073 899/217/1073 900/408/1073 108/408/1073
f 565/29/1074 1357/29/1074 1358/516/1074 566/516/1074
f 364/462/1075 1156/462/1075 1157/464/1075 365/464/1075
f 175/214/1076 967/214/1076 968/213/1076 176/213/1076
f 633/731/1077 1425/731/1077 1426/535/1077 634/535/1077
f 432/560/333 1224/560/333 1225/661/333 433/661/333
f 312/346/65 1104/346/65 1105/348/65 313/348/65
f 123/76/1078 915/76/1078 916/77/1078 124/77/1078
f 782/584/101 1574/584/101 1575/180/101 783/180/101
f 380/402/985 1172/402/985 1173/504/985 381/504/985
f 701/763/1079 1493/763/1079 1494/764/1079 702/764/1079
f 35/84/1080 827/84/1080 828/269/1080 36/269/1080
f 191/54/1081 983/54/1081 984/34/1081 192/34/1081
f 757/141/328 1549/141/328 1550/674/328 758/674/328
f 292/66/1082 1084/66/1082 1085/266/1082 293/266/1082
f 448/605/65 1240/605/65 1241/609/65 449/609/65
f 618/704/65 1410/704/65 1411/114/65 619/114/65
f 581/198/65 1373/198/65 1374/709/65 582/709/65
f 649/736/1083 1441/736/1083 1442/522/1083 650/522/1083
f 561/660/926 1353/660/926 1354/655/926 562/655/926
f 717/774/1084 1509/774/1084 1510/775/1084 718/775/1084
f 71/401/1085 863/401/1085 864/282/1085 72/282/1085
f 207/53/322 999/53/322 1000/63/322 208/63/322
f 328/222/1006 1120/222/1006 1121/251/1006 329/251/1006
f 139/366/1086 931/366/1086 932/297/1086 140/297/1086
f 51/517/319 843/517/319 844/475/319 52/475/319
f 464/739/1087 1256/739/1087 1257/627/1087 465/627/1087
f 396/261/317 1188/261/317 1189/367/317 397/367/317
f 308/410/65 1100/410/65 1101/484/65 309/484/65
f 665/744/1088 1457/744/1088 1458/745/1088 666/745/1088
f 733/498/1089 1525/498/1089 1526/499/1089 734/499/1089
f 223/10/65 1015/10/65 1016/24/65 224/24/65
f 87/273/1090 879/273/1090 880/428/1090 88/428/1090
f 155/653/313 947/653/313 948/249/313 156/249/313
f 480/518/1091 1272/518/1091 1273/201/1091 481/201/1091
f 344/145/65 1136/145/65 1137/104/65 345/104/65
f 412/705/1092 1204/705/1092 1205/376/1092 413/376/1092
f 324/75/792 1116/75/792 1117/276/792 325/276/792
f 681/747/1093 1473/747/1093 1474/748/1093 682/748/1093
f 593/682/1094 1385/682/1094 1386/710/1094 594/710/1094
f 613/724/65 1405/724/65 1406/725/65 614/725/65
f 171/407/1095 963/407/1095 964/421/1095 172/421/1095
f 83/22/1096 875/22/1096 876/445/1096 84/445/1096
f 103/500/1097 895/500/1097 896/413/1097 104/413/1097
f 428/551/1098 1220/551/1098 1221/552/1098 429/552/1098
f 340/398/65 1132/398/65 1133/391/65 341/391/65
f 749/164/304 1541/164/304 1542/299/304 750/299/304
f 360/451/1099 1152/451/1099 1153/450/1099 361/450/1099
f 629/132/1100 1421/132/1100 1422/357/1100 630/357/1100
f 697/759/1101 1489/759/1101 1490/760/1101 698/760/1101
f 239/64/65 1031/64/65 1032/74/65 240/74/65
f 119/351/1102 911/351/1102 912/352/1102 120/352/1102
f 2236/668/1103 3028/668/1103 3029/740/1103 2237/740/1103
f 1722/150/1104 2514/150/1104 2515/366/1104 1723/366/1104
f 1977/359/1105 2769/359/1105 2770/503/1105 1978/503/1105
f 1982/368/1106 2774/368/1106 2775/728/1106 1983/728/1106
f 2164/693/1 2956/693/1 2957/198/1 2165/198/1
f 2216/452/1107 3008/452/1107 3009/731/1107 2217/731/1107
f 1725/298/1108 2517/298/1108 2518/473/1108 1726/473/1108
f 1650/358/1109 2442/358/1109 2443/154/1109 1651/154/1109
f 2220/203/1110 3012/203/1110 3013/204/1110 2221/204/1110
f 1702/278/1111 2494/278/1111 2495/351/1111 1703/351/1111
f 1905/230/1112 2697/230/1112 2698/148/1112 1906/148/1112
f 2176/219/1113 2968/219/1113 2969/682/1113 2177/682/1113
f 1957/472/1114 2749/472/1114 2750/439/1114 1958/439/1114
f 1706/723/1115 2498/723/1115 2499/76/1115 1707/76/1115
f 2322/71/1116 3114/71/1116 3115/434/1116 2323/434/1116
f 1961/281/1117 2753/281/1117 2754/440/1117 1962/440/1117
f 2200/94/1 2992/94/1 2993/525/1 2201/525/1
f 1686/415/1118 2478/415/1118 2479/500/1118 1687/500/1118
f 1634/426/1119 2426/426/1119 2427/517/1119 1635/517/1119
f 1941/383/1120 2733/383/1120 2734/384/1120 1942/384/1120
f 1889/285/1 2681/285/1 2682/264/1 1890/264/1
f 1966/505/1121 2758/505/1121 2759/546/1121 1967/546/1121
f 2204/115/1 2996/115/1 2997/643/1 2205/643/1
f 1709/316/1122 2501/316/1122 2502/135/1122 1710/135/1122
f 1690/216/1123 2482/216/1123 2483/217/1123 1691/217/1123
f 2184/350/1124 2976/350/1124 2977/14/1124 2185/14/1124
f 2223/453/1125 3015/453/1125 3016/130/1125 2224/130/1125
f 1945/450/1126 2737/450/1126 2738/305/1126 1946/305/1126
f 2244/458/1127 3036/458/1127 3037/463/1127 2245/463/1127
f 1618/83/1128 2410/83/1128 2411/84/1128 1619/84/1128
f 1925/391/1 2717/391/1 2718/389/1 1926/389/1
f 2207/449/1 2999/449/1 3000/339/1 2208/339/1
f 1873/363/1129 2665/363/1129 2666/342/1129 1874/342/1129
f 2168/387/1 2960/387/1 2961/388/1 2169/388/1
f 1950/465/1130 2742/465/1130 2743/467/1130 1951/467/1130
f 2188/509/1131 2980/509/1131 2981/443/1131 2189/443/1131
f 1693/340/1132 2485/340/1132 2486/223/1132 1694/223/1132
f 1654/312/1133 2446/312/1133 2447/401/1133 1655/401/1133
f 1674/103/1134 2466/103/1134 2467/146/1134 1675/146/1134
f 1909/276/1135 2701/276/1135 2702/380/1135 1910/380/1135
f 1929/104/1 2721/104/1 2722/427/1 1930/427/1
f 1602/526/1136 2394/526/1136 2395/300/1136 1603/300/1136
f 1857/195/1 2649/195/1 2650/87/1 1858/87/1
f 2191/454/1137 2983/454/1137 2984/455/1137 2192/455/1137
f 2172/717/1 2964/717/1 2965/718/1 2173/718/1
f 2356/423/1138 3148/423/1138 3149/234/1138 2357/234/1138
f 1934/323/1139 2726/323/1139 2727/461/1139 1935/461/1139
f 1658/438/1140 2450/438/1140 2451/324/1140 1659/324/1140
f 2152/707/1131 2944/707/1131 2945/566/1131 2153/566/1131
f 1677/215/1141 2469/215/1141 2470/328/1141 1678/328/1141
f 1913/251/1142 2705/251/1142 2706/252/1142 1914/252/1142
f 1638/331/1143 2430/331/1143 2431/245/1143 1639/245/1143
f 2156/196/1144 2948/196/1144 2949/197/1144 2157/197/1144
f 1893/484/1 2685/484/1 2686/326/1 1894/326/1
f 1642/296/1145 2434/296/1145 2435/422/1145 1643/422/1145
f 1897/348/1146 2689/348/1146 2690/347/1146 1898/347/1146
f 1918/399/1147 2710/399/1147 2711/400/1147 1919/400/1147
f 2100/207/1 2892/207/1 2893/671/1 2101/671/1
f 2136/694/1 2928/694/1 2929/695/1 2137/695/1
f 1622/246/1148 2414/246/1148 2415/247/1148 1623/247/1148
f 2360/784/1149 3152/784/1149 3153/783/1149 2361/783/1149
f 1877/266/1150 2669/266/1150 2670/265/1150 1878/265/1150
f 1841/128/1142 2633/128/1142 2634/133/1142 1842/133/1142
f 2140/625/1151 2932/625/1151 2933/486/1151 2141/486/1151
f 2159/564/1152 2951/564/1152 2952/711/1152 2160/711/1152
f 1626/497/1153 2418/497/1153 2419/666/1153 1627/666/1153
f 1902/483/1154 2694/483/1154 2695/409/1154 1903/409/1154
f 1881/286/1155 2673/286/1155 2674/287/1155 1882/287/1155
f 1645/241/1156 2437/241/1156 2438/242/1156 1646/242/1156
f 2120/714/1157 2912/714/1157 2913/691/1157 2121/691/1157
f 2339/785/1158 3131/785/1158 3132/189/1158 2340/189/1158
f 2082/237/1159 2874/237/1159 2875/656/1159 2083/656/1159
f 2124/683/1160 2916/683/1160 2917/686/1160 2125/686/1160
f 1606/172/1161 2398/172/1161 2399/44/1161 1607/44/1161
f 2143/392/1162 2935/392/1162 2936/321/1162 2144/321/1162
f 1825/78/1163 2617/78/1163 2618/79/1163 1826/79/1163
f 1610/96/1164 2402/96/1164 2403/395/1164 1611/395/1164
f 1861/227/1146 2653/227/1146 2654/228/1146 1862/228/1146
f 1886/292/1 2678/292/1 2679/290/1 1887/290/1
f 1865/676/1165 2657/676/1165 2658/557/1165 1866/557/1165
f 2119/681/1166 2911/681/1166 2912/714/1166 2120/714/1166
f 1629/477/1167 2421/477/1167 2422/424/1167 1630/424/1167
f 1586/45/1168 2378/45/1168 2379/46/1168 1587/46/1168
f 2066/457/1169 2858/457/1169 2859/362/1169 2067/362/1169
f 1809/25/1 2601/25/1 2602/12/1 1810/12/1
f 2373/610/1170 3165/610/1170 3166/602/1170 2374/602/1170
f 2127/684/1 2919/684/1 2920/688/1 2128/688/1
f 1870/106/1171 2662/106/1171 2663/318/1171 1871/318/1171
f 1613/446/1172 2405/446/1172 2406/175/1172 1614/175/1172
f 2307/344/1173 3099/344/1173 3100/345/1173 2308/345/1173
f 2314/163/1174 3106/163/1174 3107/698/1174 2315/698/1174
f 2050/628/1175 2842/628/1175 2843/629/1175 2051/629/1175
f 2104/621/1151 2896/621/1151 2897/622/1151 2105/622/1151
f 1793/58/1176 2585/58/1176 2586/56/1176 1794/56/1176
f 2108/360/1177 2900/360/1177 2901/361/1177 2109/361/1177
f 2359/675/1178 3151/675/1178 3152/784/1178 2360/784/1178
f 2363/780/1179 3155/780/1179 3156/139/1179 2364/139/1179
f 1590/520/1180 2382/520/1180 2383/538/1180 1591/538/1180
f 1845/99/1181 2637/99/1181 2638/151/1181 1846/151/1181
f 1639/245/1182 2431/245/1182 2432/416/1182 1640/416/1182
f 1849/160/1 2641/160/1 2642/161/1 1850/161/1
f 2291/769/1183 3083/769/1183 3084/673/1183 2292/673/1183
f 2034/611/1 2826/611/1 2827/612/1 2035/612/1
f 1854/158/1 2646/158/1 2647/166/1 1855/166/1
f 1777/51/1184 2569/51/1184 2570/52/1184 1778/52/1184
f 2131/319/1 2923/319/1 2924/320/1 2132/320/1
f 1597/302/1185 2389/302/1185 2390/527/1185 1598/527/1185
f 2347/790/1186 3139/790/1186 3140/792/1186 2348/792/1186
f 2275/753/1187 3067/753/1187 3068/754/1187 2276/754/1187
f 2090/665/1 2882/665/1 2883/532/1 2091/532/1
f 2018/588/1188 2810/588/1188 2811/589/1188 2019/589/1188
f 1833/420/1112 2625/420/1112 2626/536/1112 1834/536/1112
f 1761/134/1189 2553/134/1189 2554/129/1189 1762/129/1189
f 2259/721/1190 3051/721/1190 3052/722/1190 2260/722/1190
f 2343/587/1191 3135/587/1191 3136/233/1191 2344/233/1191
f 2002/692/1192 2794/692/1192 2795/701/1192 2003/701/1192
f 2086/720/1193 2878/720/1193 2879/663/1193 2087/663/1193
f 1836/112/1194 2628/112/1194 2629/117/1194 1837/117/1194
f 1745/365/1195 2537/365/1195 2538/514/1195 1746/514/1195
f 1829/212/1196 2621/212/1196 2622/540/1196 1830/540/1196
f 2091/532/1 2883/532/1 2884/236/1 2092/236/1
f 2331/696/1197 3123/696/1197 3124/697/1197 2332/697/1197
f 2346/91/1198 3138/91/1198 3139/790/1198 2347/790/1198
f 2225/131/1199 3017/131/1199 3018/430/1199 2226/430/1199
f 2074/547/1200 2866/547/1200 2867/650/1200 2075/650/1200
f 1817/40/1 2609/40/1 2610/41/1 1818/41/1
f 1820/6/1 2612/6/1 2613/55/1 1821/55/1
f 2243/113/1201 3035/113/1201 3036/458/1201 2244/458/1201
f 2327/433/1202 3119/433/1202 3120/69/1202 2328/69/1202
f 1986/243/1203 2778/243/1203 2779/317/1203 1987/317/1203
f 2058/636/1204 2850/636/1204 2851/637/1204 2059/637/1204
f 2070/80/1205 2862/80/1205 2863/182/1205 2071/182/1205
f 1729/168/1206 2521/168/1206 2522/279/1206 1730/279/1206
f 1801/19/1 2593/19/1 2594/17/1 1802/17/1
f 1813/7/1 2605/7/1 2606/8/1 1814/8/1
f 1804/23/1 2596/23/1 2597/48/1 1805/48/1
f 2059/637/1207 2851/637/1207 2852/549/1207 2060/549/1207
f 1788/623/1208 2580/623/1208 2581/31/1208 1789/31/1208
f 2299/772/1209 3091/772/1209 3092/773/1209 2300/773/1209
f 2311/238/1210 3103/238/1210 3104/239/1210 2312/239/1210
f 2043/600/1211 2835/600/1211 2836/601/1211 2044/601/1211
f 2227/732/1212 3019/732/1212 3020/733/1212 2228/733/1212
f 2042/618/1213 2834/618/1213 2835/600/1213 2043/600/1213
f 2095/481/1 2887/481/1 2888/81/1 2096/81/1
f 2054/632/1214 2846/632/1214 2847/633/1214 2055/633/1214
f 2298/771/1215 3090/771/1215 3091/772/1215 2299/772/1215
f 1970/313/1216 2762/313/1216 2763/670/1216 1971/670/1216
f 1785/37/1217 2577/37/1217 2578/32/1217 1786/32/1217
f 2350/494/1218 3142/494/1218 3143/495/1218 2351/495/1218
f 1797/43/1219 2589/43/1219 2590/1/1219 1798/1/1219
f 1713/170/1220 2505/170/1220 2506/171/1220 1714/171/1220
f 2315/698/1221 3107/698/1221 3108/786/1221 2316/786/1221
f 2229/337/1222 3021/337/1222 3022/338/1222 2230/338/1222
f 1772/59/1223 2564/59/1223 2565/60/1223 1773/60/1223
f 2283/761/1224 3075/761/1224 3076/762/1224 2284/762/1224
f 2027/554/1225 2819/554/1225 2820/555/1225 2028/555/1225
f 2364/139/1226 3156/139/1226 3157/140/1226 2365/140/1226
f 2026/580/1227 2818/580/1227 2819/554/1227 2027/554/1227
f 2295/703/1228 3087/703/1228 3088/750/1228 2296/750/1228
f 2282/760/1229 3074/760/1229 3075/761/1229 2283/761/1229
f 1769/418/1230 2561/418/1230 2562/65/1230 1770/65/1230
f 2038/614/1 2830/614/1 2831/615/1 2039/615/1
f 2129/690/1 2921/690/1 2922/529/1 2130/529/1
f 1781/35/1231 2573/35/1231 2574/36/1231 1782/36/1231
f 2211/579/1232 3003/579/1232 3004/308/1232 2212/308/1232
f 2267/737/1233 3059/737/1233 3060/699/1233 2268/699/1233
f 1824/74/1 2616/74/1 2617/78/1 1825/78/1
f 1756/421/1234 2548/421/1234 2549/167/1234 1757/167/1234
f 1954/469/1235 2746/469/1235 2747/470/1235 1955/470/1235
f 2010/578/1236 2802/578/1236 2803/596/1236 2011/596/1236
f 2079/624/1237 2871/624/1237 2872/654/1237 2080/654/1237
f 2352/496/1238 3144/496/1238 3145/597/1238 2353/597/1238
f 2011/596/1239 2803/596/1239 2804/551/1239 2012/551/1239
f 1697/382/1240 2489/382/1240 2490/381/1240 1698/381/1240
f 1753/138/1241 2545/138/1241 2546/356/1241 1754/356/1241
f 2175/715/1242 2967/715/1242 2968/219/1242 2176/219/1242
f 2279/757/1243 3071/757/1243 3072/758/1243 2280/758/1243
f 2266/748/1244 3058/748/1244 3059/737/1244 2267/737/1244
f 2022/592/1245 2814/592/1245 2815/593/1245 2023/593/1245
f 2195/93/1246 2987/93/1246 2988/726/1246 2196/726/1246
f 1765/116/1247 2557/116/1247 2558/109/1247 1766/109/1247
f 2186/669/1248 2978/669/1248 2979/192/1248 2187/192/1248
f 1938/414/1249 2730/414/1249 2731/306/1249 1939/306/1249
f 2251/746/1250 3043/746/1250 3044/459/1250 2252/459/1250
f 1740/249/1251 2532/249/1251 2533/250/1251 1741/250/1251
f 1681/177/1252 2473/177/1252 2474/178/1252 1682/178/1252
f 1994/274/1253 2786/274/1253 2787/275/1253 1995/275/1253
f 2368/27/1254 3160/27/1254 3161/548/1254 2369/548/1254
f 1737/67/1255 2529/67/1255 2530/68/1255 1738/68/1255
f 2250/745/1256 3042/745/1256 3043/746/1256 2251/746/1256
f 2263/181/1257 3055/181/1257 3056/562/1257 2264/562/1257
f 2247/544/1258 3039/544/1258 3040/743/1258 2248/743/1258
f 2006/574/1259 2798/574/1259 2799/575/1259 2007/575/1259
f 2179/386/1260 2971/386/1260 2972/187/1260 2180/187/1260
f 2235/741/1261 3027/741/1261 3028/668/1261 2236/668/1261
f 1808/24/1 2600/24/1 2601/25/1 1809/25/1
f 1749/108/1262 2541/108/1262 2542/537/1262 1750/537/1262
f 1922/406/1 2714/406/1 2715/404/1 1923/404/1
f 1978/503/1263 2770/503/1263 2771/394/1263 1979/394/1263
f 2063/570/1264 2855/570/1264 2856/518/1264 2064/518/1264
f 1724/297/1265 2516/297/1265 2517/298/1265 1725/298/1265
f 1665/208/1266 2457/208/1266 2458/21/1266 1666/21/1266
f 1721/149/1267 2513/149/1267 2514/150/1267 1722/150/1267
f 2318/499/1268 3110/499/1268 3111/788/1268 2319/788/1268
f 1979/394/1269 2771/394/1269 2772/261/1269 1980/261/1269
f 1990/244/1270 2782/244/1270 2783/85/1270 1991/85/1270
f 1733/268/1271 2525/268/1271 2526/333/1271 1734/333/1271
f 2115/678/1272 2907/678/1272 2908/679/1272 2116/679/1272
f 2219/202/1273 3011/202/1273 3012/203/1273 2220/203/1273
f 2163/565/1 2955/565/1 2956/693/1 2164/693/1
f 1962/440/1117 2754/440/1117 2755/441/1117 1963/441/1117
f 1906/148/1274 2698/148/1274 2699/126/1274 1907/126/1274
f 1705/568/1275 2497/568/1275 2498/723/1275 1706/723/1275
f 1974/528/1276 2766/528/1276 2767/155/1276 1975/155/1276
f 1708/77/1277 2500/77/1277 2501/316/1277 1709/316/1277
f 1649/260/1278 2441/260/1278 2442/358/1278 1650/358/1278
f 2323/434/1279 3115/434/1279 3116/435/1279 2324/435/1279
f 1792/63/1280 2584/63/1280 2585/58/1280 1793/58/1280
f 1717/309/1281 2509/309/1281 2510/310/1281 1718/310/1281
f 1963/441/1117 2755/441/1117 2756/402/1117 1964/402/1117
f 2047/667/1282 2839/667/1282 2840/739/1282 2048/739/1282
f 2218/535/1283 3010/535/1283 3011/202/1283 2219/202/1283
f 2302/775/1284 3094/775/1284 3095/776/1284 2303/776/1284
f 2334/299/1285 3126/299/1285 3127/240/1285 2335/240/1285
f 1890/264/1 2682/264/1 2683/169/1 1891/169/1
f 2146/655/1274 2938/655/1274 2939/561/1274 2147/561/1274
f 1633/511/1286 2425/511/1286 2426/426/1286 1634/426/1286
f 2203/114/1 2995/114/1 2996/115/1 2204/115/1
f 1776/34/1287 2568/34/1287 2569/51/1287 1777/51/1287
f 2215/374/1288 3007/374/1288 3008/452/1288 2216/452/1288
f 2296/750/1289 3088/750/1289 3089/770/1289 2297/770/1289
f 1946/305/1290 2738/305/1290 2739/334/1290 1947/334/1290
f 2031/604/1 2823/604/1 2824/605/1 2032/605/1
f 1958/439/1291 2750/439/1291 2751/474/1291 1959/474/1291
f 1689/330/1292 2481/330/1292 2482/216/1292 1690/216/1292
f 2286/764/1293 3078/764/1293 3079/765/1293 2287/765/1293
f 1701/277/1294 2493/277/1294 2494/278/1294 1702/278/1294
f 1874/342/1295 2666/342/1295 2667/248/1295 1875/248/1295
f 2308/345/1296 3100/345/1296 3101/501/1296 2309/501/1296
f 1930/427/1 2722/427/1 2723/271/1 1931/271/1
f 1760/213/1297 2552/213/1297 2553/134/1297 1761/134/1297
f 1673/105/1298 2465/105/1298 2466/103/1298 1674/103/1298
f 2015/559/1299 2807/559/1299 2808/560/1299 2016/560/1299
f 2199/719/1 2991/719/1 2992/94/1 2200/94/1
f 2270/749/1300 3062/749/1300 3063/354/1300 2271/354/1300
f 1942/384/1301 2734/384/1301 2735/385/1301 1943/385/1301
f 1669/20/1302 2461/20/1302 2462/432/1302 1670/432/1302
f 1685/262/1303 2477/262/1303 2478/415/1303 1686/415/1303
f 1692/408/1304 2484/408/1304 2485/340/1304 1693/340/1304
f 2372/608/1305 3164/608/1305 3165/610/1305 2373/610/1305
f 2171/221/1 2963/221/1 2964/717/1 2172/717/1
f 1744/364/1306 2536/364/1306 2537/365/1306 1745/365/1306
f 1947/334/1307 2739/334/1307 2740/462/1307 1948/462/1307
f 1914/252/1308 2706/252/1308 2707/558/1308 1915/558/1308
f 1999/255/1309 2791/255/1309 2792/256/1309 2000/256/1309
f 1858/87/1 2650/87/1 2651/88/1 1859/88/1
f 1657/283/1310 2449/283/1310 2450/438/1310 1658/438/1310
f 2254/442/1311 3046/442/1311 3047/510/1311 2255/510/1311
f 1601/572/1312 2393/572/1312 2394/526/1312 1602/526/1312
f 1728/123/1313 2520/123/1313 2521/168/1313 1729/168/1313
f 2183/349/1314 2975/349/1314 2976/350/1314 2184/350/1314
f 2155/708/1315 2947/708/1315 2948/196/1315 2156/196/1315
f 1983/728/1316 2775/728/1316 2776/491/1316 1984/491/1316
f 1926/389/1 2718/389/1 2719/411/1 1927/411/1
f 1676/253/1317 2468/253/1317 2469/215/1317 1677/215/1317
f 1898/347/1318 2690/347/1318 2691/341/1318 1899/341/1318
f 2238/727/1319 3030/727/1319 3031/447/1319 2239/447/1319
f 1931/271/1 2723/271/1 2724/272/1 1932/272/1
f 1641/295/1320 2433/295/1320 2434/296/1320 1642/296/1320
f 2167/531/1 2959/531/1 2960/387/1 2168/387/1
f 1661/372/1321 2453/372/1321 2454/488/1321 1662/488/1321
f 1910/380/1248 2702/380/1248 2703/143/1248 1911/143/1248
f 2361/783/1322 3153/783/1322 3154/781/1322 2362/781/1322
f 1653/311/1323 2445/311/1323 2446/312/1323 1654/312/1323
f 2375/553/1324 3167/553/1324 3168/550/1324 2376/550/1324
f 1585/97/1325 2377/97/1325 2378/45/1325 1586/45/1325
f 1712/545/1326 2504/545/1326 2505/170/1326 1713/170/1326
f 1660/460/1327 2452/460/1327 2453/372/1327 1661/372/1327
f 2099/206/1 2891/206/1 2892/207/1 2100/207/1
f 2139/641/1328 2931/641/1328 2932/625/1328 2140/625/1328
f 1967/546/1291 2759/546/1291 2760/541/1291 1968/541/1291
f 1915/558/1315 2707/558/1315 2708/412/1315 1916/412/1315
f 1842/133/1329 2634/133/1329 2635/157/1329 1843/157/1329
f 1882/287/1330 2674/287/1330 2675/289/1330 1883/289/1330
f 2170/220/1 2962/220/1 2963/221/1 2171/221/1
f 1625/332/1331 2417/332/1331 2418/497/1331 1626/497/1331
f 2330/787/1332 3122/787/1332 3123/696/1332 2331/696/1332
f 2151/706/1333 2943/706/1333 2944/707/1333 2152/707/1333
f 1696/142/1334 2488/142/1334 2489/382/1334 1697/382/1334
f 1894/326/1 2686/326/1 2687/327/1 1895/327/1
f 1951/467/1335 2743/467/1335 2744/466/1335 1952/466/1335
f 1637/534/1336 2429/534/1336 2430/331/1336 1638/331/1336
f 2123/685/1337 2915/685/1337 2916/683/1337 2124/683/1337
f 2206/448/1 2998/448/1 2999/449/1 2207/449/1
f 1866/557/1154 2658/557/1154 2659/193/1154 1867/193/1154
f 1644/508/1338 2436/508/1338 2437/241/1338 1645/241/1338
f 1609/95/1339 2401/95/1339 2402/96/1339 1610/96/1339
f 1899/341/1328 2691/341/1328 2692/325/1328 1900/325/1328
f 1680/315/1340 2472/315/1340 2473/177/1340 1681/177/1340
f 2154/186/1308 2946/186/1308 2947/708/1308 2155/708/1308
f 1935/461/1341 2727/461/1341 2728/335/1341 1936/335/1341
f 2118/530/1342 2910/530/1342 2911/681/1342 2119/681/1342
f 2190/647/1329 2982/647/1329 2983/454/1329 2191/454/1329
f 1878/265/1343 2670/265/1343 2671/280/1343 1879/280/1343
f 1621/294/1344 2413/294/1344 2414/246/1344 1622/246/1344
f 1664/353/1345 2456/353/1345 2457/208/1345 1665/208/1345
f 2290/768/1346 3082/768/1346 3083/769/1346 2291/769/1346
f 1919/400/1246 2711/400/1246 2712/403/1246 1920/403/1246
f 1628/476/1347 2420/476/1347 2421/477/1347 1629/477/1347
f 2174/716/1348 2966/716/1348 2967/715/1348 2175/715/1348
f 1862/228/1349 2654/228/1349 2655/218/1349 1863/218/1349
f 1883/289/1350 2675/289/1350 2676/291/1350 1884/291/1350
f 1605/370/1351 2397/370/1351 2398/172/1351 1606/172/1351
f 2138/640/1349 2930/640/1349 2931/641/1349 2139/641/1349
f 2107/184/1162 2899/184/1162 2900/360/1162 2108/360/1162
f 1850/161/1 2642/161/1 2643/153/1 1851/153/1
f 1612/396/1352 2404/396/1352 2405/446/1352 1613/446/1352
f 1593/742/1353 2385/742/1353 2386/734/1353 1594/734/1353
f 1867/193/1354 2659/193/1354 2660/136/1354 1868/136/1354
f 2187/192/1333 2979/192/1333 2980/509/1333 2188/509/1333
f 2122/689/1355 2914/689/1355 2915/685/1355 2123/685/1355
f 1648/259/1356 2440/259/1356 2441/260/1356 1649/260/1356
f 1903/409/1354 2695/409/1354 2696/121/1354 1904/121/1354
f 2158/563/1357 2950/563/1357 2951/564/1357 2159/564/1357
f 2103/205/1358 2895/205/1358 2896/621/1358 2104/621/1358
f 1846/151/1147 2638/151/1147 2639/152/1147 1847/152/1147
f 1832/419/1359 2624/419/1359 2625/420/1359 1833/420/1359
f 1632/512/1360 2424/512/1360 2425/511/1360 1633/511/1360
f 1589/174/1361 2381/174/1361 2382/520/1361 1590/520/1361
f 2087/663/1362 2879/663/1362 2880/662/1362 2088/662/1362
f 1887/290/1 2679/290/1 2680/288/1 1888/288/1
f 2342/674/1363 3134/674/1363 3135/587/1363 2343/587/1363
f 2142/487/1154 2934/487/1154 2935/392/1154 2143/392/1154
f 1596/301/1364 2388/301/1364 2389/302/1364 1597/302/1364
f 1828/73/1151 2620/73/1151 2621/212/1151 1829/212/1151
f 1851/153/1 2643/153/1 2644/100/1 1852/100/1
f 1816/3/1 2608/3/1 2609/40/1 1817/40/1
f 2083/656/1365 2875/656/1365 2876/659/1365 2084/659/1365
f 2338/502/1366 3130/502/1366 3131/785/1366 2339/785/1366
f 2326/789/1367 3118/789/1367 3119/433/1367 2327/433/1367
f 2106/183/1154 2898/183/1154 2899/184/1154 2107/184/1154
f 1616/672/1368 2408/672/1368 2409/231/1368 1617/231/1368
f 1812/26/1 2604/26/1 2605/7/1 1813/7/1
f 2092/236/1 2884/236/1 2885/209/1 2093/209/1
f 2222/730/1369 3014/730/1369 3015/453/1369 2223/453/1369
f 1871/318/1370 2663/318/1370 2664/513/1370 1872/513/1370
f 2067/362/1371 2859/362/1371 2860/303/1371 2068/303/1371
f 1835/111/1370 2627/111/1370 2628/112/1370 1836/112/1370
f 1800/11/1372 2592/11/1372 2593/19/1372 1801/19/1372
f 2126/687/1 2918/687/1 2919/684/1 2127/684/1
f 2345/619/1373 3137/619/1373 3138/91/1373 2346/91/1373
f 2055/633/1374 2847/633/1374 2848/634/1374 2056/634/1374
f 2075/650/1375 2867/650/1375 2868/651/1375 2076/651/1375
f 2310/257/1376 3102/257/1376 3103/238/1376 2311/238/1376
f 1784/38/1377 2576/38/1377 2577/37/1377 1785/37/1377
f 1796/5/1378 2588/5/1378 2589/43/1378 1797/43/1378
f 2039/615/1 2831/615/1 2832/616/1 2040/616/1
f 1600/571/1379 2392/571/1379 2393/572/1379 1601/572/1379
f 2051/629/1380 2843/629/1380 2844/630/1380 2052/630/1380
f 2294/586/1381 3086/586/1381 3087/703/1381 2295/703/1381
f 1855/166/1 2647/166/1 2648/194/1 1856/194/1
f 2306/779/1382 3098/779/1382 3099/344/1382 2307/344/1382
f 2110/199/1274 2902/199/1274 2903/200/1274 2111/200/1274
f 1819/47/1 2611/47/1 2612/6/1 1820/6/1
f 1768/437/1383 2560/437/1383 2561/418/1383 1769/418/1383
f 1780/50/1384 2572/50/1384 2573/35/1384 1781/35/1384
f 2329/102/1385 3121/102/1385 3122/787/1385 2330/787/1385
f 2023/593/1386 2815/593/1386 2816/594/1386 2024/594/1386
f 2035/612/1 2827/612/1 2828/613/1 2036/613/1
f 2060/549/1387 2852/549/1387 2853/638/1387 2061/638/1387
f 2278/756/1388 3070/756/1388 3071/757/1388 2279/757/1388
f 1803/18/1 2595/18/1 2596/23/1 1804/23/1
f 2365/140/1389 3157/140/1389 3158/584/1389 2366/584/1389
f 1752/137/1390 2544/137/1390 2545/138/1390 1753/138/1390
f 1764/120/1391 2556/120/1391 2557/116/1391 1765/116/1391
f 2313/162/1392 3105/162/1392 3106/163/1392 2314/163/1392
f 2007/575/1393 2799/575/1393 2800/576/1393 2008/576/1393
f 2019/589/1394 2811/589/1394 2812/590/1394 2020/590/1394
f 2262/16/1395 3054/16/1395 3055/181/1395 2263/181/1395
f 1839/119/1333 2631/119/1333 2632/124/1333 1840/124/1333
f 2274/752/1396 3066/752/1396 3067/753/1396 2275/753/1396
f 2044/601/1397 2836/601/1397 2837/657/1397 2045/657/1397
f 2349/598/1398 3141/598/1398 3142/494/1398 2350/494/1398
f 1787/30/1399 2579/30/1399 2580/623/1399 1788/623/1399
f 1748/107/1400 2540/107/1400 2541/108/1400 1749/108/1400
f 2003/701/1401 2795/701/1401 2796/702/1401 2004/702/1401
f 2231/735/1402 3023/735/1402 3024/523/1402 2232/523/1402
f 1736/373/1403 2528/373/1403 2529/67/1403 1737/67/1403
f 2258/738/1404 3050/738/1404 3051/721/1404 2259/721/1404
f 1991/85/1405 2783/85/1405 2784/429/1405 1992/429/1405
f 2246/543/1406 3038/543/1406 3039/544/1406 2247/544/1406
f 1732/267/1407 2524/267/1407 2525/268/1407 1733/268/1407
f 2028/555/1408 2820/555/1408 2821/581/1408 2029/581/1408
f 1987/317/1409 2779/317/1409 2780/490/1409 1988/490/1409
f 1771/61/1410 2563/61/1410 2564/59/1410 1772/59/1410
f 2080/654/1411 2872/654/1411 2873/639/1411 2081/639/1411
f 2242/645/1412 3034/645/1412 3035/113/1412 2243/113/1412
f 2148/28/1194 2940/28/1194 2941/29/1194 2149/29/1194
f 1823/64/1 2615/64/1 2616/74/1 1824/74/1
f 2281/759/1413 3073/759/1413 3074/760/1413 2282/760/1413
f 2333/164/1414 3125/164/1414 3126/299/1414 2334/299/1414
f 2012/551/1415 2804/551/1415 2805/552/1415 2013/552/1415
f 1720/485/1416 2512/485/1416 2513/149/1416 1721/149/1416
f 1755/407/1417 2547/407/1417 2548/421/1417 1756/421/1417
f 1975/155/1418 2767/155/1418 2768/156/1418 1976/156/1418
f 1716/480/1419 2508/480/1419 2509/309/1419 1717/309/1419
f 2265/747/1420 3057/747/1420 3058/748/1420 2266/748/1420
f 1971/670/1421 2763/670/1421 2764/225/1421 1972/225/1421
f 1996/705/1422 2788/705/1422 2789/376/1422 1997/376/1422
f 2064/518/1423 2856/518/1423 2857/201/1423 2065/201/1423
f 1739/653/1424 2531/653/1424 2532/249/1424 1740/249/1424
f 1704/352/1425 2496/352/1425 2497/568/1425 1705/568/1425
f 1807/10/1 2599/10/1 2600/24/1 1808/24/1
f 1959/474/1426 2751/474/1426 2752/478/1426 1960/478/1426
f 2317/498/1427 3109/498/1427 3110/499/1427 2318/499/1427
f 2249/744/1428 3041/744/1428 3042/745/1428 2250/745/1428
f 2214/357/1429 3006/357/1429 3007/374/1429 2215/374/1429
f 1700/379/1430 2492/379/1430 2493/277/1430 1701/277/1430
f 1688/413/1431 2480/413/1431 2481/330/1431 1689/330/1431
f 1955/470/1432 2747/470/1432 2748/471/1432 1956/471/1432
f 1980/261/1433 2772/261/1433 2773/367/1433 1981/367/1433
f 1943/385/1434 2735/385/1434 2736/451/1434 1944/451/1434
f 2048/739/1435 2840/739/1435 2841/627/1435 2049/627/1435
f 2210/729/1436 3002/729/1436 3003/579/1436 2211/579/1436
f 1723/366/1437 2515/366/1437 2516/297/1437 1724/297/1437
f 2198/725/1 2990/725/1 2991/719/1 2199/719/1
f 1791/53/1438 2583/53/1438 2584/63/1438 1792/63/1438
f 2301/774/1439 3093/774/1439 3094/775/1439 2302/775/1439
f 1684/263/1440 2476/263/1440 2477/262/1440 1685/262/1440
f 2233/736/1441 3025/736/1441 3026/522/1441 2234/522/1441
f 2202/704/1 2994/704/1 2995/114/1 2203/114/1
f 1939/306/1442 2731/306/1442 2732/307/1442 1940/307/1442
f 1672/428/1443 2464/428/1443 2465/105/1443 1673/105/1443
f 2032/605/1 2824/605/1 2825/609/1 2033/609/1
f 2194/92/1147 2986/92/1147 2987/93/1147 2195/93/1147
f 2341/141/1444 3133/141/1444 3134/674/1444 2342/674/1444
f 1927/411/1 2719/411/1 2720/145/1 1928/145/1
f 1775/54/1445 2567/54/1445 2568/34/1445 1776/34/1445
f 2182/569/1446 2974/569/1446 2975/349/1446 2183/349/1446
f 2285/763/1447 3077/763/1447 3078/764/1447 2286/764/1447
f 1964/402/1448 2756/402/1448 2757/504/1448 1965/504/1448
f 2366/584/1389 3158/584/1389 3159/180/1389 2367/180/1389
f 1707/76/1449 2499/76/1449 2500/77/1449 1708/77/1449
f 2016/560/1450 2808/560/1450 2809/661/1450 2017/661/1450
f 2217/731/1451 3009/731/1451 3010/535/1451 2218/535/1451
f 1656/282/1452 2448/282/1452 2449/283/1452 1657/283/1452
f 1759/214/1453 2551/214/1453 2552/213/1453 1760/213/1453
f 1668/445/1454 2460/445/1454 2461/20/1454 1669/20/1454
f 1948/462/1455 2740/462/1455 2741/464/1455 1949/464/1455
f 1911/143/1333 2703/143/1333 2704/222/1333 1912/222/1333
f 1923/404/1 2715/404/1 2716/398/1 1924/398/1
f 1691/217/1456 2483/217/1456 2484/408/1456 1692/408/1456
f 2166/709/1 2958/709/1 2959/531/1 2167/531/1
f 2269/700/1457 3061/700/1457 3062/749/1457 2270/749/1457
f 2178/710/1458 2970/710/1458 2971/386/1458 2179/386/1458
f 2201/525/1 2993/525/1 2994/704/1 2202/704/1
f 1630/424/1459 2422/424/1459 2423/425/1459 1631/425/1459
f 2000/256/1460 2792/256/1460 2793/176/1460 2001/176/1460
f 1743/567/1461 2535/567/1461 2536/364/1461 1744/364/1461
f 2253/444/1462 3045/444/1462 3046/442/1462 2254/442/1462
f 1907/126/1370 2699/126/1370 2700/75/1370 1908/75/1370
f 1640/416/1463 2432/416/1463 2433/295/1463 1641/295/1463
f 2221/204/1464 3013/204/1464 3014/730/1464 2222/730/1464
f 2162/713/1 2954/713/1 2955/565/1 2163/565/1
f 1932/272/1 2724/272/1 2725/322/1 1933/322/1
f 1895/327/1 2687/327/1 2688/346/1 1896/346/1
f 1984/491/1465 2776/491/1465 2777/397/1465 1985/397/1465
f 1636/475/1466 2428/475/1466 2429/534/1466 1637/534/1466
f 1675/146/1467 2467/146/1467 2468/253/1467 1676/253/1467
f 1727/122/1468 2519/122/1468 2520/123/1468 1728/123/1468
f 1891/169/1 2683/169/1 2684/410/1 1892/410/1
f 2239/447/1469 3031/447/1469 3032/493/1469 2240/493/1469
f 1624/304/1470 2416/304/1470 2417/332/1470 1625/332/1470
f 1879/280/1166 2671/280/1166 2672/284/1166 1880/284/1166
f 2134/489/1 2926/489/1 2927/626/1 2135/626/1
f 1968/541/1471 2760/541/1471 2761/542/1471 1969/542/1471
f 1620/269/1472 2412/269/1472 2413/294/1472 1621/294/1472
f 1916/412/1144 2708/412/1144 2709/390/1144 1917/390/1144
f 1711/127/1473 2503/127/1473 2504/545/1473 1712/545/1473
f 1875/248/1272 2667/248/1272 2668/66/1272 1876/66/1272
f 1659/324/1474 2451/324/1474 2452/460/1474 1660/460/1474
f 2374/602/1475 3166/602/1475 3167/553/1475 2375/553/1475
f 2130/529/1 2922/529/1 2923/319/1 2131/319/1
f 1608/254/1476 2400/254/1476 2401/95/1476 1609/95/1476
f 1863/218/1358 2655/218/1358 2656/86/1358 1864/86/1358
f 1952/466/1477 2744/466/1477 2745/468/1477 1953/468/1477
f 1900/325/1478 2692/325/1478 2693/482/1478 1901/482/1478
f 1695/144/1334 2487/144/1334 2488/142/1334 1696/142/1334
f 1643/422/1479 2435/422/1479 2436/508/1479 1644/508/1479
f 2205/643/1 2997/643/1 2998/448/1 2206/448/1
f 2153/566/1142 2945/566/1142 2946/186/1142 2154/186/1142
f 2344/233/1480 3136/233/1480 3137/619/1480 2345/619/1480
f 2376/550/1481 3168/550/1481 2377/97/1481 1585/97/1481
f 1604/369/1482 2396/369/1482 2397/370/1482 1605/370/1482
f 1859/88/1 2651/88/1 2652/229/1 1860/229/1
f 2114/677/1295 2906/677/1295 2907/678/1295 2115/678/1295
f 1884/291/1160 2676/291/1160 2677/293/1160 1885/293/1160
f 1936/335/1483 2728/335/1483 2729/336/1483 1937/336/1483
f 2369/548/1254 3161/548/1254 3162/599/1254 2370/599/1254
f 1627/666/1484 2419/666/1484 2420/476/1484 1628/476/1484
f 1679/329/1485 2471/329/1485 2472/315/1485 1680/315/1485
f 2137/695/1146 2929/695/1146 2930/640/1146 2138/640/1146
f 1868/136/1177 2660/136/1177 2661/506/1177 1869/506/1177
f 2189/443/1486 2981/443/1486 2982/647/1486 2190/647/1486
f 1611/395/1487 2403/395/1487 2404/396/1487 1612/396/1487
f 2121/691/1488 2913/691/1488 2914/689/1488 2122/689/1488
f 1592/539/1489 2384/539/1489 2385/742/1489 1593/742/1489
f 1847/152/1246 2639/152/1246 2640/159/1246 1848/159/1246
f 1920/403/1490 2712/403/1490 2713/405/1490 1921/405/1490
f 1588/173/1491 2380/173/1491 2381/174/1491 1589/174/1491
f 2102/642/1318 2894/642/1318 2895/205/1318 2103/205/1318
f 1663/456/1492 2455/456/1492 2456/353/1492 1664/353/1492
f 1843/157/1315 2635/157/1315 2636/147/1315 1844/147/1315
f 2357/234/1493 3149/234/1493 3150/235/1493 2358/235/1493
f 2173/718/1494 2965/718/1494 2966/716/1494 2174/716/1494
f 2098/646/1 2890/646/1 2891/206/1 2099/206/1
f 2353/597/1495 3145/597/1495 3146/89/1495 2354/89/1495
f 1852/100/1 2644/100/1 2645/98/1 1853/98/1
f 1595/371/1496 2387/371/1496 2388/301/1496 1596/301/1496
f 2088/662/1497 2880/662/1497 2881/664/1497 2089/664/1497
f 1904/121/1177 2696/121/1177 2697/230/1177 1905/230/1177
f 2084/659/1498 2876/659/1498 2877/533/1498 2085/533/1498
f 2362/781/1499 3154/781/1499 3155/780/1499 2363/780/1499
f 1831/521/1162 2623/521/1162 2624/419/1162 1832/419/1162
f 1647/492/1500 2439/492/1500 2440/259/1500 1648/259/1500
f 1827/72/1328 2619/72/1328 2620/73/1328 1828/73/1328
f 2157/197/1181 2949/197/1181 2950/563/1181 2158/563/1181
f 2337/782/1501 3129/782/1501 3130/502/1501 2338/502/1501
f 2068/303/1502 2860/303/1502 2861/82/1502 2069/82/1502
f 1811/13/1 2603/13/1 2604/26/1 1812/26/1
f 1888/288/1 2680/288/1 2681/285/1 1889/285/1
f 2321/70/1503 3113/70/1503 3114/71/1503 2322/71/1503
f 2348/792/1504 3140/792/1504 3141/598/1504 2349/598/1504
f 1631/425/1505 2423/425/1505 2424/512/1505 1632/512/1505
f 1834/536/1274 2626/536/1274 2627/111/1274 1835/111/1274
f 2141/486/1196 2933/486/1196 2934/487/1196 2142/487/1196
f 2089/664/1 2881/664/1 2882/665/1 2090/665/1
f 2234/522/1506 3026/522/1506 3027/741/1506 2235/741/1506
f 2052/630/1507 2844/630/1507 2845/631/1507 2053/631/1507
f 1795/4/1508 2587/4/1508 2588/5/1508 1796/5/1508
f 2332/697/1509 3124/697/1509 3125/164/1509 2333/164/1509
f 2072/649/1510 2864/649/1510 2865/648/1510 2073/648/1510
f 1872/513/1194 2664/513/1194 2665/363/1194 1873/363/1194
f 2305/778/1511 3097/778/1511 3098/779/1511 2306/779/1511
f 1818/41/1 2610/41/1 2611/47/1 1819/47/1
f 1815/33/1 2607/33/1 2608/3/1 1816/3/1
f 1615/375/1512 2407/375/1512 2408/672/1512 1616/672/1512
f 2073/648/1513 2865/648/1513 2866/547/1513 2074/547/1513
f 2325/791/1514 3117/791/1514 3118/789/1514 2326/789/1514
f 2125/686/1 2917/686/1 2918/687/1 2126/687/1
f 2036/613/1 2828/613/1 2829/606/1 2037/606/1
f 1995/275/1515 2787/275/1515 2788/705/1515 1996/705/1515
f 1779/49/1516 2571/49/1516 2572/50/1516 1780/50/1516
f 2316/786/1517 3108/786/1517 3109/498/1517 2317/498/1517
f 2289/767/1518 3081/767/1518 3082/768/1518 2290/768/1518
f 2056/634/1519 2848/634/1519 2849/635/1519 2057/635/1519
f 2020/590/1520 2812/590/1520 2813/591/1520 2021/591/1520
f 1802/17/1 2594/17/1 2595/18/1 1803/18/1
f 1799/2/1521 2591/2/1521 2592/11/1521 1800/11/1521
f 1763/125/1522 2555/125/1522 2556/120/1522 1764/120/1522
f 2057/635/1523 2849/635/1523 2850/636/1523 2058/636/1523
f 2309/501/1524 3101/501/1524 3102/257/1524 2310/257/1524
f 2276/754/1525 3068/754/1525 3069/755/1525 2277/755/1525
f 2300/773/1526 3092/773/1526 3093/774/1526 2301/774/1526
f 1856/194/1 2648/194/1 2649/195/1 1857/195/1
f 2273/751/1527 3065/751/1527 3066/752/1527 2274/752/1527
f 1786/32/1528 2578/32/1528 2579/30/1528 1787/30/1528
f 2041/617/1529 2833/617/1529 2834/618/1529 2042/618/1529
f 2040/616/1 2832/616/1 2833/617/1 2041/617/1
f 2004/702/1530 2796/702/1530 2797/620/1530 2005/620/1530
f 1783/39/1531 2575/39/1531 2576/38/1531 1784/38/1531
f 2109/361/1532 2901/361/1532 2902/199/1532 2110/199/1532
f 1747/515/1533 2539/515/1533 2540/107/1533 1748/107/1533
f 2293/585/1534 3085/585/1534 3086/586/1534 2294/586/1534
f 2257/191/1535 3049/191/1535 3050/738/1535 2258/738/1535
f 2284/762/1536 3076/762/1536 3077/763/1536 2285/763/1536
f 2071/182/1537 2863/182/1537 2864/649/1537 2072/649/1537
f 2297/770/1192 3089/770/1192 3090/771/1192 2298/771/1192
f 1770/65/1538 2562/65/1538 2563/61/1538 1771/61/1538
f 2132/320/1 2924/320/1 2925/393/1 2133/393/1
f 1988/490/1539 2780/490/1539 2781/270/1539 1989/270/1539
f 2025/595/1540 2817/595/1540 2818/580/1540 2026/580/1540
f 1599/573/1541 2391/573/1541 2392/571/1541 1600/571/1541
f 1731/417/1542 2523/417/1542 2524/267/1542 1732/267/1542
f 2367/180/1389 3159/180/1389 3160/27/1389 2368/27/1389
f 2024/594/1540 2816/594/1540 2817/595/1540 2025/595/1540
f 1767/110/1543 2559/110/1543 2560/437/1543 1768/437/1543
f 2268/699/1544 3060/699/1544 3061/700/1544 2269/700/1544
f 2277/755/1545 3069/755/1545 3070/756/1545 2278/756/1545
f 1840/124/1546 2632/124/1546 2633/128/1546 1841/128/1546
f 1754/356/1547 2546/356/1547 2547/407/1547 1755/407/1547
f 1838/118/1248 2630/118/1248 2631/119/1248 1839/119/1248
f 2093/209/1 2885/209/1 2886/210/1 2094/210/1
f 2008/576/1548 2800/576/1548 2801/577/1548 2009/577/1548
f 1751/507/1549 2543/507/1549 2544/137/1549 1752/137/1549
f 2261/15/1550 3053/15/1550 3054/16/1550 2262/16/1550
f 2336/258/1551 3128/258/1551 3129/782/1551 2337/782/1551
f 1670/432/1552 2462/432/1552 2463/273/1552 1671/273/1552
f 1822/57/1 2614/57/1 2615/64/1 1823/64/1
f 1972/225/1553 2764/225/1553 2765/226/1553 1973/226/1553
f 2077/652/1554 2869/652/1554 2870/211/1554 2078/211/1554
f 1715/479/1555 2507/479/1555 2508/480/1555 1716/480/1555
f 1992/429/1556 2784/429/1556 2785/232/1556 1993/232/1556
f 2371/607/1557 3163/607/1557 3164/608/1557 2372/608/1557
f 2105/622/1196 2897/622/1196 2898/183/1196 2106/183/1196
f 1735/314/1558 2527/314/1558 2528/373/1558 1736/373/1558
f 2320/101/1559 3112/101/1559 3113/70/1559 2321/70/1559
f 2245/463/1560 3037/463/1560 3038/543/1560 2246/543/1560
f 1806/9/1 2598/9/1 2599/10/1 1807/10/1
f 2061/638/1561 2853/638/1561 2854/583/1561 2062/583/1561
f 1956/471/1432 2748/471/1432 2749/472/1432 1957/472/1432
f 1699/378/1562 2491/378/1562 2492/379/1562 1700/379/1562
f 2304/777/1563 3096/777/1563 3097/778/1563 2305/778/1563
f 1976/156/1564 2768/156/1564 2769/359/1564 1977/359/1564
f 1790/42/1565 2582/42/1565 2583/53/1565 1791/53/1565
f 2209/431/1566 3001/431/1566 3002/729/1566 2210/729/1566
f 1719/436/1567 2511/436/1567 2512/485/1567 1720/485/1567
f 2045/657/1568 2837/657/1568 2838/658/1568 2046/658/1568
f 1652/224/1569 2444/224/1569 2445/311/1569 1653/311/1569
f 1940/307/1570 2732/307/1570 2733/383/1570 1941/383/1570
f 2288/766/1571 3080/766/1571 3081/767/1571 2289/767/1571
f 1683/179/1572 2475/179/1572 2476/263/1572 1684/263/1572
f 1774/62/1573 2566/62/1573 2567/54/1573 1775/54/1573
f 2193/524/1574 2985/524/1574 2986/92/1574 2194/92/1574
f 2029/581/1 2821/581/1 2822/603/1 2030/603/1
f 1960/478/1575 2752/478/1575 2753/281/1575 1961/281/1575
f 2272/355/1576 3064/355/1576 3065/751/1576 2273/751/1576
f 2181/188/1577 2973/188/1577 2974/569/1577 2182/569/1577
f 1703/351/1578 2495/351/1578 2496/352/1578 1704/352/1578
f 1758/165/1579 2550/165/1579 2551/214/1579 1759/214/1579
f 2213/132/1580 3005/132/1580 3006/357/1580 2214/357/1580
f 2013/552/1581 2805/552/1581 2806/556/1581 2014/556/1581
f 1944/451/1582 2736/451/1582 2737/450/1582 1945/450/1582
f 1924/398/1 2716/398/1 2717/391/1 1925/391/1
f 1687/500/1583 2479/500/1583 2480/413/1583 1688/413/1583
f 1667/22/1584 2459/22/1584 2460/445/1584 1668/445/1584
f 2197/724/1 2989/724/1 2990/725/1 2198/725/1
f 2256/190/1585 3048/190/1585 3049/191/1585 2257/191/1585
f 2177/682/1586 2969/682/1586 2970/710/1586 2178/710/1586
f 1742/343/1587 2534/343/1587 2535/567/1587 1743/567/1587
f 1997/376/1588 2789/376/1588 2790/377/1588 1998/377/1588
f 1908/75/1194 2700/75/1194 2701/276/1194 1909/276/1194
f 1928/145/1 2720/145/1 2721/104/1 1929/104/1
f 1671/273/1589 2463/273/1589 2464/428/1589 1672/428/1589
f 2240/493/1590 3032/493/1590 3033/644/1590 2241/644/1590
f 1726/473/1591 2518/473/1591 2519/122/1591 1727/122/1591
f 1981/367/1592 2773/367/1592 2774/368/1592 1982/368/1592
f 1892/410/1 2684/410/1 2685/484/1 1893/484/1
f 1635/517/1593 2427/517/1593 2428/475/1593 1636/475/1593
f 1912/222/1594 2704/222/1594 2705/251/1594 1913/251/1594
f 1655/401/1595 2447/401/1595 2448/282/1595 1656/282/1595
f 2145/660/1112 2937/660/1112 2938/655/1112 2146/655/1112
f 2165/198/1 2957/198/1 2958/709/1 2166/709/1
f 2224/130/1596 3016/130/1596 3017/131/1596 2225/131/1596
f 1876/66/1597 2668/66/1597 2669/266/1597 1877/266/1597
f 1710/135/1598 2502/135/1598 2503/127/1598 1711/127/1598
f 1619/84/1599 2411/84/1599 2412/269/1599 1620/269/1599
f 1965/504/1600 2757/504/1600 2758/505/1600 1966/505/1600
f 1594/734/1601 2386/734/1601 2387/371/1601 1595/371/1601
f 1896/346/1 2688/346/1 2689/348/1 1897/348/1
f 2208/339/1 3000/339/1 3001/431/1 2209/431/1
f 2149/29/1135 2941/29/1135 2942/516/1135 2150/516/1135
f 1694/223/1602 2486/223/1602 2487/144/1602 1695/144/1602
f 1949/464/1603 2741/464/1603 2742/465/1603 1950/465/1603
f 1860/229/1 2652/229/1 2653/227/1 1861/227/1
f 1880/284/1604 2672/284/1604 2673/286/1604 1881/286/1604
f 1603/300/1605 2395/300/1605 2396/369/1605 1604/369/1605
f 1623/247/1606 2415/247/1606 2416/304/1606 1624/304/1606
f 1651/154/1607 2443/154/1607 2444/224/1607 1652/224/1607
f 2370/599/1557 3162/599/1557 3163/607/1557 2371/607/1557
f 2133/393/1 2925/393/1 2926/489/1 2134/489/1
f 2192/455/1144 2984/455/1144 2985/524/1144 2193/524/1144
f 2113/582/1129 2905/582/1129 2906/677/1129 2114/677/1129
f 1678/328/1608 2470/328/1608 2471/329/1608 1679/329/1608
f 1933/322/1609 2725/322/1609 2726/323/1609 1934/323/1609
f 1864/86/1151 2656/86/1151 2657/676/1151 1865/676/1151
f 1607/44/1610 2399/44/1610 2400/254/1610 1608/254/1610
f 2117/680/1150 2909/680/1150 2910/530/1150 2118/530/1150
f 2161/712/1 2953/712/1 2954/713/1 2162/713/1
f 2135/626/1 2927/626/1 2928/694/1 2136/694/1
f 1844/147/1144 2636/147/1144 2637/99/1144 1845/99/1144
f 1587/46/1611 2379/46/1611 2380/173/1611 1588/173/1611
f 2354/89/1612 3146/89/1612 3147/90/1612 2355/90/1612
f 2097/185/1 2889/185/1 2890/646/1 2098/646/1
f 1662/488/1613 2454/488/1613 2455/456/1613 1663/456/1613
f 1917/390/1574 2709/390/1574 2710/399/1574 1918/399/1574
f 2160/711/1614 2952/711/1614 2953/712/1614 2161/712/1614
f 2340/189/1615 3132/189/1615 3133/141/1615 2341/141/1615
f 1646/242/1616 2438/242/1616 2439/492/1616 1647/492/1616
f 1826/79/1318 2618/79/1318 2619/72/1318 1827/72/1318
f 1901/482/1165 2693/482/1165 2694/483/1165 1902/483/1165
f 2081/639/1617 2873/639/1617 2874/237/1617 2082/237/1617
f 2237/740/1618 3029/740/1618 3030/727/1618 2238/727/1618
f 2230/338/1619 3022/338/1619 3023/735/1619 2231/735/1619
f 1848/159/1490 2640/159/1490 2641/160/1490 1849/160/1490
f 2324/435/1620 3116/435/1620 3117/791/1620 2325/791/1620
f 1591/538/1621 2383/538/1621 2384/539/1621 1592/539/1621
f 2144/321/1359 2936/321/1359 2937/660/1359 2145/660/1359
f 2358/235/1622 3150/235/1622 3151/675/1622 2359/675/1622
f 1810/12/1 2602/12/1 2603/13/1 1811/13/1
f 2101/671/1146 2893/671/1146 2894/642/1146 2102/642/1146
f 1885/293/1 2677/293/1 2678/292/1 1886/292/1
f 2065/201/1623 2857/201/1623 2858/457/1623 2066/457/1623
f 2128/688/1 2920/688/1 2921/690/1 2129/690/1
f 1614/175/1624 2406/175/1624 2407/375/1624 1615/375/1624
f 1869/506/1532 2661/506/1532 2662/106/1532 1870/106/1532
f 1830/540/1154 2622/540/1154 2623/521/1154 1831/521/1154
f 1794/56/1625 2586/56/1625 2587/4/1625 1795/4/1625
f 2085/533/1626 2877/533/1626 2878/720/1626 2086/720/1626
f 2355/90/1627 3147/90/1627 3148/423/1627 2356/423/1627
f 2049/627/1628 2841/627/1628 2842/628/1628 2050/628/1628
f 2076/651/1629 2868/651/1629 2869/652/1629 2077/652/1629
f 2116/679/1630 2908/679/1630 2909/680/1630 2117/680/1630
f 2292/673/1631 3084/673/1631 3085/585/1631 2293/585/1631
f 1778/52/1632 2570/52/1632 2571/49/1632 1779/49/1632
f 2033/609/1 2825/609/1 2826/611/1 2034/611/1
f 2328/69/1633 3120/69/1633 3121/102/1633 2329/102/1633
f 2147/561/1370 2939/561/1370 2940/28/1370 2148/28/1370
f 2112/519/1194 2904/519/1194 2905/582/1194 2113/582/1194
f 1814/8/1 2606/8/1 2607/33/1 1815/33/1
f 2069/82/1634 2861/82/1634 2862/80/1634 2070/80/1634
f 1598/527/1547 2390/527/1547 2391/573/1547 1599/573/1547
f 1762/129/1635 2554/129/1635 2555/125/1635 1763/125/1635
f 1853/98/1 2645/98/1 2646/158/1 1854/158/1
f 2017/661/1636 2809/661/1636 2810/588/1636 2018/588/1636
f 2312/239/1637 3104/239/1637 3105/162/1637 2313/162/1637
f 1617/231/1638 2409/231/1638 2410/83/1638 1618/83/1638
f 1798/1/1219 2590/1/1219 2591/2/1219 1799/2/1219
f 2260/722/1639 3052/722/1639 3053/15/1639 2261/15/1639
f 2053/631/1640 2845/631/1640 2846/632/1640 2054/632/1640
f 1746/514/1641 2538/514/1641 2539/515/1641 1747/515/1641
f 2001/176/1642 2793/176/1642 2794/692/1642 2002/692/1642
f 2150/516/1248 2942/516/1248 2943/706/1248 2151/706/1248
f 2096/81/1 2888/81/1 2889/185/1 2097/185/1
f 1782/36/1643 2574/36/1643 2575/39/1643 1783/39/1643
f 2351/495/1644 3143/495/1644 3144/496/1644 2352/496/1644
f 2037/606/1 2829/606/1 2830/614/1 2038/614/1
f 2094/210/1 2886/210/1 2887/481/1 2095/481/1
f 1837/117/1135 2629/117/1135 2630/118/1135 1838/118/1135
f 2169/388/1 2961/388/1 2962/220/1 2170/220/1
f 1730/279/1645 2522/279/1645 2523/417/1645 1731/417/1645
f 2280/758/1646 3072/758/1646 3073/759/1646 2281/759/1646
f 1985/397/1647 2777/397/1647 2778/243/1647 1986/243/1647
f 1766/109/1648 2558/109/1648 2559/110/1648 1767/110/1648
f 2335/240/1649 3127/240/1649 3128/258/1649 2336/258/1649
f 2021/591/1650 2813/591/1650 2814/592/1650 2022/592/1650
f 2078/211/1651 2870/211/1651 2871/624/1651 2079/624/1651
f 1821/55/1 2613/55/1 2614/57/1 1822/57/1
f 2228/733/1652 3020/733/1652 3021/337/1652 2229/337/1652
f 1714/171/1653 2506/171/1653 2507/479/1653 1715/479/1653
f 2264/562/1654 3056/562/1654 3057/747/1654 2265/747/1654
f 2319/788/1655 3111/788/1655 3112/101/1655 2320/101/1655
f 1969/542/1656 2761/542/1656 2762/313/1656 1970/313/1656
f 2226/430/1657 3018/430/1657 3019/732/1657 2227/732/1657
f 2062/583/1658 2854/583/1658 2855/570/1658 2063/570/1658
f 1750/537/1262 2542/537/1262 2543/507/1262 1751/507/1262
f 1805/48/1 2597/48/1 2598/9/1 1806/9/1
f 2005/620/1659 2797/620/1659 2798/574/1659 2006/574/1659
f 2212/308/1660 3004/308/1660 3005/132/1660 2213/132/1660
f 2287/765/1661 3079/765/1661 3080/766/1661 2288/766/1661
f 1698/381/1662 2490/381/1662 2491/378/1662 1699/378/1662
f 1953/468/1663 2745/468/1663 2746/469/1663 1954/469/1663
f 2303/776/1664 3095/776/1664 3096/777/1664 2304/777/1664
f 2241/644/1665 3033/644/1665 3034/645/1665 2242/645/1665
f 2248/743/1666 3040/743/1666 3041/744/1666 2249/744/1666
f 2046/658/1667 2838/658/1667 2839/667/1667 2047/667/1667
f 2185/14/1135 2977/14/1135 2978/669/1135 2186/669/1135
f 1734/333/1668 2526/333/1668 2527/314/1668 1735/314/1668
f 1789/31/1669 2581/31/1669 2582/42/1669 1790/42/1669
f 2196/726/1490 2988/726/1490 2989/724/1490 2197/724/1490
f 1989/270/1409 2781/270/1409 2782/244/1409 1990/244/1409
f 2030/603/1 2822/603/1 2823/604/1 2031/604/1
f 1682/178/1670 2474/178/1670 2475/179/1670 1683/179/1670
f 1773/60/1573 2565/60/1573 2566/62/1573 1774/62/1573
f 1937/336/1671 2729/336/1671 2730/414/1671 1938/414/1671
f 2271/354/1672 3063/354/1672 3064/355/1672 2272/355/1672
f 2009/577/1673 2801/577/1673 2802/578/1673 2010/578/1673
f 2014/556/1674 2806/556/1674 2807/559/1674 2015/559/1674
f 1757/167/1675 2549/167/1675 2550/165/1675 1758/165/1675
f 2180/187/1676 2972/187/1676 2973/188/1676 2181/188/1676
f 2252/459/1677 3044/459/1677 3045/444/1677 2253/444/1677
f 2232/523/1678 3024/523/1678 3025/736/1678 2233/736/1678
f 2111/200/1370 2903/200/1370 2904/519/1370 2112/519/1370
f 1666/21/1679 2458/21/1679 2459/22/1679 1667/22/1679
f 1738/68/1680 2530/68/1680 2531/653/1680 1739/653/1680
f 2255/510/1681 3047/510/1681 3048/190/1681 2256/190/1681
f 1921/405/1 2713/405/1 2714/406/1 1922/406/1
f 1993/232/1682 2785/232/1682 2786/274/1682 1994/274/1682
f 1718/310/1683 2510/310/1683 2511/436/1683 1719/436/1683
f 1998/377/1684 2790/377/1684 2791/255/1684 1999/255/1684
f 1142/323/1685 1934/323/1685 1935/461/1685 1143/461/1685
f 1399/454/1686 2191/454/1686 2192/455/1686 1400/455/1686
f 2586/56/1625 3378/56/1625 3379/4/1625 2587/4/1625
f 2877/533/1626 3669/533/1626 3670/720/1626 2878/720/1626
f 2788/705/1687 3580/705/1687 3581/376/1687 2789/376/1687
f 2841/627/1628 3633/627/1628 3634/628/1628 2842/628/1628
f 2856/518/1423 3648/518/1423 3649/201/1423 2857/201/1423
f 2868/651/1629 3660/651/1629 3661/652/1629 2869/652/1629
f 2531/653/1688 3323/653/1688 3324/249/1688 2532/249/1688
f 2599/10/1 3391/10/1 3392/24/1 2600/24/1
f 2908/679/1630 3700/679/1630 3701/680/1630 2909/680/1630
f 3084/673/1631 3876/673/1631 3877/585/1631 3085/585/1631
f 3109/498/1427 3901/498/1427 3902/499/1427 3110/499/1427
f 3041/744/1428 3833/744/1428 3834/745/1428 3042/745/1428
f 2570/52/1689 3362/52/1689 3363/49/1689 2571/49/1689
f 2825/609/1 3617/609/1 3618/611/1 2826/611/1
f 2644/100/1 3436/100/1 3437/98/1 2645/98/1
f 3120/69/1633 3912/69/1633 3913/102/1633 3121/102/1633
f 2772/261/1433 3564/261/1433 3565/367/1433 2773/367/1433
f 2904/519/1194 3696/519/1194 3697/582/1194 2905/582/1194
f 2387/371/1496 3179/371/1496 3180/301/1496 2388/301/1496
f 2840/739/1435 3632/739/1435 3633/627/1435 2841/627/1435
f 2515/366/1437 3307/366/1437 3308/297/1437 2516/297/1437
f 3154/781/1499 3946/781/1499 3947/780/1499 3155/780/1499
f 2583/53/1438 3375/53/1438 3376/63/1438 2584/63/1438
f 2606/8/1 3398/8/1 3399/33/1 2607/33/1
f 3093/774/1439 3885/774/1439 3886/775/1439 3094/775/1439
f 2861/82/1634 3653/82/1634 3654/80/1634 2862/80/1634
f 3025/736/1441 3817/736/1441 3818/522/1441 3026/522/1441
f 2554/129/1635 3346/129/1635 3347/125/1635 2555/125/1635
f 2994/704/1 3786/704/1 3787/114/1 2995/114/1
f 2809/661/1636 3601/661/1636 3602/588/1636 2810/588/1636
f 2824/605/1 3616/605/1 3617/609/1 2825/609/1
f 3104/239/1690 3896/239/1690 3897/162/1690 3105/162/1690
f 3133/141/1444 3925/141/1444 3926/674/1444 3134/674/1444
f 2409/231/1638 3201/231/1638 3202/83/1638 2410/83/1638
f 2567/54/1445 3359/54/1445 3360/34/1445 2568/34/1445
f 2590/1/1219 3382/1/1219 3383/2/1219 2591/2/1219
f 3052/722/1691 3844/722/1691 3845/15/1691 3053/15/1691
f 3077/763/1447 3869/763/1447 3870/764/1447 3078/764/1447
f 2845/631/1640 3637/631/1640 3638/632/1640 2846/632/1640
f 2538/514/1641 3330/514/1641 3331/515/1641 2539/515/1641
f 3140/792/1504 3932/792/1504 3933/598/1504 3141/598/1504
f 2756/402/1448 3548/402/1448 3549/504/1448 2757/504/1448
f 2793/176/1642 3585/176/1642 3586/692/1642 2794/692/1642
f 2626/536/1274 3418/536/1274 3419/111/1274 2627/111/1274
f 3158/584/1389 3950/584/1389 3951/180/1389 3159/180/1389
f 2942/516/1248 3734/516/1248 3735/706/1248 2943/706/1248
f 2499/76/1449 3291/76/1449 3292/77/1449 2500/77/1449
f 2881/664/1 3673/664/1 3674/665/1 2882/665/1
f 2808/560/1450 3600/560/1450 3601/661/1450 2809/661/1450
f 2574/36/1643 3366/36/1643 3367/39/1643 2575/39/1643
f 3009/731/1451 3801/731/1451 3802/535/1451 3010/535/1451
f 2551/214/1692 3343/214/1692 3344/213/1692 2552/213/1692
f 2829/606/1 3621/606/1 3622/614/1 2830/614/1
f 2740/462/1455 3532/462/1455 3533/464/1455 2741/464/1455
f 2483/217/1456 3275/217/1456 3276/408/1456 2484/408/1456
f 3124/697/1509 3916/697/1509 3917/164/1509 3125/164/1509
f 3061/700/1457 3853/700/1457 3854/749/1457 3062/749/1457
f 2961/388/1 3753/388/1 3754/220/1 2962/220/1
f 2993/525/1 3785/525/1 3786/704/1 2994/704/1
f 2610/41/1 3402/41/1 3403/47/1 2611/47/1
f 2522/279/1645 3314/279/1645 3315/417/1645 2523/417/1645
f 2865/648/1513 3657/648/1513 3658/547/1513 2866/547/1513
f 2792/256/1460 3584/256/1460 3585/176/1460 2793/176/1460
f 3072/758/1646 3864/758/1646 3865/759/1646 3073/759/1646
f 2777/397/1647 3569/397/1647 3570/243/1647 2778/243/1647
f 2535/567/1693 3327/567/1693 3328/364/1693 2536/364/1693
f 2558/109/1648 3350/109/1648 3351/110/1648 2559/110/1648
f 3045/444/1462 3837/444/1462 3838/442/1462 3046/442/1462
f 2813/591/1650 3605/591/1650 3606/592/1650 2814/592/1650
f 3108/786/1517 3900/786/1517 3901/498/1517 3109/498/1517
f 3013/204/1464 3805/204/1464 3806/730/1464 3014/730/1464
f 2724/272/1 3516/272/1 3517/322/1 2725/322/1
f 3020/733/1652 3812/733/1652 3813/337/1652 3021/337/1652
f 2776/491/1465 3568/491/1465 3569/397/1465 2777/397/1465
f 2467/146/1467 3259/146/1467 3260/253/1467 2468/253/1467
f 2594/17/1 3386/17/1 3387/18/1 2595/18/1
f 2519/122/1468 3311/122/1468 3312/123/1468 2520/123/1468
f 2506/171/1653 3298/171/1653 3299/479/1653 2507/479/1653
f 2849/635/1523 3641/635/1523 3642/636/1523 2850/636/1523
f 3056/562/1654 3848/562/1654 3849/747/1654 3057/747/1654
f 2761/542/1656 3553/542/1656 3554/313/1656 2762/313/1656
f 3092/773/1526 3884/773/1526 3885/774/1526 3093/774/1526
f 3018/430/1694 3810/430/1694 3811/732/1694 3019/732/1694
f 2578/32/1528 3370/32/1528 3371/30/1528 2579/30/1528
f 2542/537/1262 3334/537/1262 3335/507/1262 2543/507/1262
f 2833/617/1529 3625/617/1529 3626/618/1529 2834/618/1529
f 2797/620/1659 3589/620/1659 3590/574/1659 2798/574/1659
f 3004/308/1660 3796/308/1660 3797/132/1660 3005/132/1660
f 3079/765/1661 3871/765/1661 3872/766/1661 3080/766/1661
f 2760/541/1471 3552/541/1471 3553/542/1471 2761/542/1471
f 2708/412/1144 3500/412/1144 3501/390/1144 2709/390/1144
f 2490/381/1662 3282/381/1662 3283/378/1662 2491/378/1662
f 2503/127/1473 3295/127/1473 3296/545/1473 2504/545/1473
f 2745/468/1663 3537/468/1663 3538/469/1663 2746/469/1663
f 2451/324/1695 3243/324/1695 3244/460/1695 2452/460/1695
f 3076/762/1536 3868/762/1536 3869/763/1536 3077/763/1536
f 3033/644/1665 3825/644/1665 3826/645/1665 3034/645/1665
f 2562/65/1538 3354/65/1538 3355/61/1538 2563/61/1538
f 3040/743/1666 3832/743/1666 3833/744/1666 3041/744/1666
f 2977/14/1135 3769/14/1135 3770/669/1135 2978/669/1135
f 2817/595/1540 3609/595/1540 3610/580/1540 2818/580/1540
f 2526/333/1668 3318/333/1668 3319/314/1668 2527/314/1668
f 2744/466/1696 3536/466/1696 3537/468/1696 2745/468/1696
f 2988/726/1490 3780/726/1490 3781/724/1490 2989/724/1490
f 3159/180/1389 3951/180/1389 3952/27/1389 3160/27/1389
f 2781/270/1409 3573/270/1409 3574/244/1409 2782/244/1409
f 2487/144/1334 3279/144/1334 3280/142/1334 2488/142/1334
f 2997/643/1 3789/643/1 3790/448/1 2998/448/1
f 2474/178/1670 3266/178/1670 3267/179/1670 2475/179/1670
f 3060/699/1544 3852/699/1544 3853/700/1544 3061/700/1544
f 3136/233/1480 3928/233/1480 3929/619/1480 3137/619/1480
f 2729/336/1671 3521/336/1671 3522/414/1671 2730/414/1671
f 2546/356/1547 3338/356/1547 3339/407/1547 2547/407/1547
f 2801/577/1673 3593/577/1673 3594/578/1673 2802/578/1673
f 2972/187/1676 3764/187/1676 3765/188/1676 2973/188/1676
f 3044/459/1677 3836/459/1677 3837/444/1677 3045/444/1677
f 3024/523/1697 3816/523/1697 3817/736/1697 3025/736/1697
f 2458/21/1679 3250/21/1679 3251/22/1679 2459/22/1679
f 2530/68/1680 3322/68/1680 3323/653/1680 2531/653/1680
f 2728/335/1483 3520/335/1483 3521/336/1483 2729/336/1483
f 2713/405/1 3505/405/1 3506/406/1 2714/406/1
f 2785/232/1682 3577/232/1682 3578/274/1682 2786/274/1682
f 2510/310/1683 3302/310/1683 3303/436/1683 2511/436/1683
f 2471/329/1485 3263/329/1485 3264/315/1485 2472/315/1485
f 2765/226/1564 3557/226/1564 3558/528/1564 2766/528/1564
f 3028/668/1103 3820/668/1103 3821/740/1103 3029/740/1103
f 2981/443/1486 3773/443/1486 3774/647/1486 2982/647/1486
f 2514/150/1104 3306/150/1104 3307/366/1104 2515/366/1104
f 2769/359/1105 3561/359/1105 3562/503/1105 2770/503/1105
f 2956/693/1 3748/693/1 3749/198/1 2957/198/1
f 3008/452/1107 3800/452/1107 3801/731/1107 3009/731/1107
f 2442/358/1109 3234/358/1109 3235/154/1109 2443/154/1109
f 3012/203/1698 3804/203/1698 3805/204/1698 3013/204/1698
f 2494/278/1111 3286/278/1111 3287/351/1111 2495/351/1111
f 2712/403/1490 3504/403/1490 3505/405/1490 2713/405/1490
f 2697/230/1112 3489/230/1112 3490/148/1112 2698/148/1112
f 2968/219/1113 3760/219/1113 3761/682/1113 2969/682/1113
f 2749/472/1699 3541/472/1699 3542/439/1699 2750/439/1699
f 2455/456/1492 3247/456/1492 3248/353/1492 2456/353/1492
f 2498/723/1115 3290/723/1115 3291/76/1115 2499/76/1115
f 3114/71/1116 3906/71/1116 3907/434/1116 3115/434/1116
f 2965/718/1494 3757/718/1494 3758/716/1494 2966/716/1494
f 2753/281/1117 3545/281/1117 3546/440/1117 2754/440/1117
f 2992/94/1 3784/94/1 3785/525/1 2993/525/1
f 2478/415/1118 3270/415/1118 3271/500/1118 2479/500/1118
f 2426/426/1119 3218/426/1119 3219/517/1119 2427/517/1119
f 2733/383/1120 3525/383/1120 3526/384/1120 2734/384/1120
f 2681/285/1 3473/285/1 3474/264/1 2682/264/1
f 2696/121/1177 3488/121/1177 3489/230/1177 2697/230/1177
f 2439/492/1500 3231/492/1500 3232/259/1500 2440/259/1500
f 2949/197/1181 3741/197/1181 3742/563/1181 2950/563/1181
f 2996/115/1 3788/115/1 3789/643/1 2997/643/1
f 2482/216/1123 3274/216/1123 3275/217/1123 2483/217/1123
f 2976/350/1124 3768/350/1124 3769/14/1124 2977/14/1124
f 2737/450/1700 3529/450/1700 3530/305/1700 2738/305/1700
f 2410/83/1128 3202/83/1128 3203/84/1128 2411/84/1128
f 2717/391/1 3509/391/1 3510/389/1 2718/389/1
f 2680/288/1 3472/288/1 3473/285/1 2681/285/1
f 2665/363/1129 3457/363/1129 3458/342/1129 2666/342/1129
f 2960/387/1 3752/387/1 3753/388/1 2961/388/1
f 2423/425/1505 3215/425/1505 3216/512/1505 2424/512/1505
f 2980/509/1131 3772/509/1131 3773/443/1131 2981/443/1131
f 2933/486/1196 3725/486/1196 3726/487/1196 2934/487/1196
f 2446/312/1133 3238/312/1133 3239/401/1133 2447/401/1133
f 2466/103/1134 3258/103/1134 3259/146/1134 2467/146/1134
f 2701/276/1135 3493/276/1135 3494/380/1135 2702/380/1135
f 2721/104/1 3513/104/1 3514/427/1 2722/427/1
f 2394/526/1136 3186/526/1136 3187/300/1136 2395/300/1136
f 2664/513/1194 3456/513/1194 3457/363/1194 2665/363/1194
f 2649/195/1 3441/195/1 3442/87/1 2650/87/1
f 2407/375/1512 3199/375/1512 3200/672/1512 2408/672/1512
f 2964/717/1 3756/717/1 3757/718/1 2965/718/1
f 3148/423/1138 3940/423/1138 3941/234/1138 3149/234/1138
f 2917/686/1 3709/686/1 3710/687/1 2918/687/1
f 2450/438/1140 3242/438/1140 3243/324/1140 2451/324/1140
f 2944/707/1131 3736/707/1131 3737/566/1131 2945/566/1131
f 2705/251/1142 3497/251/1142 3498/252/1142 2706/252/1142
f 2430/331/1143 3222/331/1143 3223/245/1143 2431/245/1143
f 2948/196/1144 3740/196/1144 3741/197/1144 2949/197/1144
f 2685/484/1 3477/484/1 3478/326/1 2686/326/1
f 2434/296/1701 3226/296/1701 3227/422/1701 2435/422/1701
f 2689/348/1146 3481/348/1146 3482/347/1146 2690/347/1146
f 3068/754/1525 3860/754/1525 3861/755/1525 3069/755/1525
f 2892/207/1 3684/207/1 3685/671/1 2893/671/1
f 2928/694/1 3720/694/1 3721/695/1 2929/695/1
f 2648/194/1 3440/194/1 3441/195/1 2649/195/1
f 2414/246/1148 3206/246/1148 3207/247/1148 2415/247/1148
f 2669/266/1150 3461/266/1150 3462/265/1150 2670/265/1150
f 2633/128/1142 3425/128/1142 3426/133/1142 2634/133/1142
f 2932/625/1151 3724/625/1151 3725/486/1151 2933/486/1151
f 2901/361/1532 3693/361/1532 3694/199/1532 2902/199/1532
f 2418/497/1153 3210/497/1153 3211/666/1153 2419/666/1153
f 2673/286/1155 3465/286/1155 3466/287/1155 2674/287/1155
f 3089/770/1192 3881/770/1192 3882/771/1192 3090/771/1192
f 2912/714/1157 3704/714/1157 3705/691/1157 2913/691/1157
f 3131/785/1158 3923/785/1158 3924/189/1158 3132/189/1158
f 2874/237/1702 3666/237/1702 3667/656/1702 2875/656/1702
f 2916/683/1160 3708/683/1160 3709/686/1160 2917/686/1160
f 2398/172/1161 3190/172/1161 3191/44/1161 2399/44/1161
f 2617/78/1163 3409/78/1163 3410/79/1163 2618/79/1163
f 2402/96/1164 3194/96/1164 3195/395/1164 2403/395/1164
f 2653/227/1146 3445/227/1146 3446/228/1146 2654/228/1146
f 2657/676/1165 3449/676/1165 3450/557/1165 2658/557/1165
f 2911/681/1703 3703/681/1703 3704/714/1703 2912/714/1703
f 2632/124/1546 3424/124/1546 3425/128/1546 2633/128/1546
f 2378/45/1168 3170/45/1168 3171/46/1168 2379/46/1168
f 2630/118/1248 3422/118/1248 3423/119/1248 2631/119/1248
f 2858/457/1169 3650/457/1169 3651/362/1169 2859/362/1169
f 2885/209/1 3677/209/1 3678/210/1 2886/210/1
f 2601/25/1 3393/25/1 3394/12/1 2602/12/1
f 3128/258/1551 3920/258/1551 3921/782/1551 3129/782/1551
f 2614/57/1 3406/57/1 3407/64/1 2615/64/1
f 2869/652/1554 3661/652/1554 3662/211/1554 2870/211/1554
f 3099/344/1173 3891/344/1173 3892/345/1173 3100/345/1173
f 2842/628/1175 3634/628/1175 3635/629/1175 2843/629/1175
f 2896/621/1151 3688/621/1151 3689/622/1151 2897/622/1151
f 2585/58/1176 3377/58/1176 3378/56/1176 2586/56/1176
f 2900/360/1177 3692/360/1177 3693/361/1177 2901/361/1177
f 3151/675/1178 3943/675/1178 3944/784/1178 3152/784/1178
f 3163/607/1557 3955/607/1557 3956/608/1557 3164/608/1557
f 3155/780/1179 3947/780/1179 3948/139/1179 3156/139/1179
f 2382/520/1180 3174/520/1180 3175/538/1180 2383/538/1180
f 3112/101/1559 3904/101/1559 3905/70/1559 3113/70/1559
f 2637/99/1181 3429/99/1181 3430/151/1181 2638/151/1181
f 2598/9/1 3390/9/1 3391/10/1 2599/10/1
f 2431/245/1182 3223/245/1182 3224/416/1182 2432/416/1182
f 2641/160/1 3433/160/1 3434/161/1 2642/161/1
f 2853/638/1561 3645/638/1561 3646/583/1561 2854/583/1561
f 3083/769/1183 3875/769/1183 3876/673/1183 3084/673/1183
f 2826/611/1 3618/611/1 3619/612/1 2827/612/1
f 2569/51/1704 3361/51/1704 3362/52/1704 2570/52/1704
f 2923/319/1 3715/319/1 3716/320/1 2924/320/1
f 3096/777/1563 3888/777/1563 3889/778/1563 3097/778/1563
f 3139/790/1186 3931/790/1186 3932/792/1186 3140/792/1186
f 2582/42/1565 3374/42/1565 3375/53/1565 2583/53/1565
f 3067/753/1187 3859/753/1187 3860/754/1187 3068/754/1187
f 2882/665/1 3674/665/1 3675/532/1 2883/532/1
f 2837/657/1568 3629/657/1568 3630/658/1568 2838/658/1568
f 2810/588/1188 3602/588/1188 3603/589/1188 2811/589/1188
f 2625/420/1112 3417/420/1112 3418/536/1112 2626/536/1112
f 2553/134/1189 3345/134/1189 3346/129/1189 2554/129/1189
f 3080/766/1571 3872/766/1571 3873/767/1571 3081/767/1571
f 2566/62/1573 3358/62/1573 3359/54/1573 2567/54/1573
f 3051/721/1190 3843/721/1190 3844/722/1190 3052/722/1190
f 3135/587/1191 3927/587/1191 3928/233/1191 3136/233/1191
f 2821/581/1 3613/581/1 3614/603/1 2822/603/1
f 2794/692/1192 3586/692/1192 3587/701/1192 2795/701/1192
f 2878/720/1193 3670/720/1193 3671/663/1193 2879/663/1193
f 2537/365/1195 3329/365/1195 3330/514/1195 2538/514/1195
f 2621/212/1196 3413/212/1196 3414/540/1196 2622/540/1196
f 3064/355/1576 3856/355/1576 3857/751/1576 3065/751/1576
f 3123/696/1197 3915/696/1197 3916/697/1197 3124/697/1197
f 2550/165/1579 3342/165/1579 3343/214/1579 2551/214/1579
f 3017/131/1199 3809/131/1199 3810/430/1199 3018/430/1199
f 2866/547/1200 3658/547/1200 3659/650/1200 2867/650/1200
f 2805/552/1581 3597/552/1581 3598/556/1581 2806/556/1581
f 2609/40/1 3401/40/1 3402/41/1 2610/41/1
f 3035/113/1201 3827/113/1201 3828/458/1201 3036/458/1201
f 3119/433/1202 3911/433/1202 3912/69/1202 3120/69/1202
f 2778/243/1203 3570/243/1203 3571/317/1203 2779/317/1203
f 2850/636/1204 3642/636/1204 3643/637/1204 2851/637/1204
f 2862/80/1205 3654/80/1205 3655/182/1205 2863/182/1205
f 3048/190/1705 3840/190/1705 3841/191/1705 3049/191/1705
f 2521/168/1206 3313/168/1206 3314/279/1206 2522/279/1206
f 2593/19/1 3385/19/1 3386/17/1 2594/17/1
f 2605/7/1 3397/7/1 3398/8/1 2606/8/1
f 2534/343/1587 3326/343/1587 3327/567/1587 2535/567/1587
f 2789/376/1588 3581/376/1588 3582/377/1588 2790/377/1588
f 3091/772/1209 3883/772/1209 3884/773/1209 3092/773/1209
f 3103/238/1210 3895/238/1210 3896/239/1210 3104/239/1210
f 3032/493/1590 3824/493/1590 3825/644/1590 3033/644/1590
f 3019/732/1212 3811/732/1212 3812/733/1212 3020/733/1212
f 2834/618/1213 3626/618/1213 3627/600/1213 2835/600/1213
f 2846/632/1706 3638/632/1706 3639/633/1706 2847/633/1706
f 2518/473/1591 3310/473/1591 3311/122/1591 2519/122/1591
f 2762/313/1216 3554/313/1216 3555/670/1216 2763/670/1216
f 2577/37/1217 3369/37/1217 3370/32/1217 2578/32/1217
f 2589/43/1707 3381/43/1707 3382/1/1707 2590/1/1707
f 2773/367/1592 3565/367/1592 3566/368/1592 2774/368/1592
f 2505/170/1220 3297/170/1220 3298/171/1220 2506/171/1220
f 3021/337/1708 3813/337/1708 3814/338/1708 3022/338/1708
f 3075/761/1224 3867/761/1224 3868/762/1224 3076/762/1224
f 3156/139/1226 3948/139/1226 3949/140/1226 3157/140/1226
f 2818/580/1227 3610/580/1227 3611/554/1227 2819/554/1227
f 3087/703/1228 3879/703/1228 3880/750/1228 3088/750/1228
f 2561/418/1230 3353/418/1230 3354/65/1230 2562/65/1230
f 3016/130/1596 3808/130/1596 3809/131/1596 3017/131/1596
f 2830/614/1 3622/614/1 3623/615/1 2831/615/1
f 2573/35/1231 3365/35/1231 3366/36/1231 2574/36/1231
f 3003/579/1232 3795/579/1232 3796/308/1232 3004/308/1232
f 3059/737/1233 3851/737/1233 3852/699/1233 3060/699/1233
f 2502/135/1598 3294/135/1598 3295/127/1598 2503/127/1598
f 2746/469/1235 3538/469/1235 3539/470/1235 2747/470/1235
f 2802/578/1236 3594/578/1236 3595/596/1236 2803/596/1236
f 2757/504/1600 3549/504/1600 3550/505/1600 2758/505/1600
f 3144/496/1238 3936/496/1238 3937/597/1238 3145/597/1238
f 2489/382/1240 3281/382/1240 3282/381/1240 2490/381/1240
f 2545/138/1241 3337/138/1241 3338/356/1241 2546/356/1241
f 2386/734/1601 3178/734/1601 3179/371/1601 2387/371/1601
f 3071/757/1243 3863/757/1243 3864/758/1243 3072/758/1243
f 2814/592/1245 3606/592/1245 3607/593/1245 2815/593/1245
f 2987/93/1246 3779/93/1246 3780/726/1246 2988/726/1246
f 2557/116/1247 3349/116/1247 3350/109/1247 2558/109/1247
f 2730/414/1249 3522/414/1249 3523/306/1249 2731/306/1249
f 3043/746/1250 3835/746/1250 3836/459/1250 3044/459/1250
f 3000/339/1 3792/339/1 3793/431/1 3001/431/1
f 2473/177/1252 3265/177/1252 3266/178/1252 2474/178/1252
f 2786/274/1253 3578/274/1253 3579/275/1253 2787/275/1253
f 2486/223/1602 3278/223/1602 3279/144/1602 2487/144/1602
f 3160/27/1254 3952/27/1254 3953/548/1254 3161/548/1254
f 2529/67/1255 3321/67/1255 3322/68/1255 2530/68/1255
f 2741/464/1603 3533/464/1603 3534/465/1603 2742/465/1603
f 3055/181/1709 3847/181/1709 3848/562/1709 3056/562/1709
f 2798/574/1259 3590/574/1259 3591/575/1259 2799/575/1259
f 2971/386/1260 3763/386/1260 3764/187/1260 2972/187/1260
f 3027/741/1710 3819/741/1710 3820/668/1710 3028/668/1710
f 2541/108/1262 3333/108/1262 3334/537/1262 2542/537/1262
f 2714/406/1 3506/406/1 3507/404/1 2715/404/1
f 2770/503/1263 3562/503/1263 3563/394/1263 2771/394/1263
f 2443/154/1607 3235/154/1607 3236/224/1607 2444/224/1607
f 2457/208/1266 3249/208/1266 3250/21/1266 2458/21/1266
f 2513/149/1267 3305/149/1267 3306/150/1267 2514/150/1267
f 2984/455/1144 3776/455/1144 3777/524/1144 2985/524/1144
f 2470/328/1608 3262/328/1608 3263/329/1608 2471/329/1608
f 2782/244/1270 3574/244/1270 3575/85/1270 2783/85/1270
f 2725/322/1609 3517/322/1609 3518/323/1609 2726/323/1609
f 2525/268/1271 3317/268/1271 3318/333/1271 2526/333/1271
f 2907/678/1272 3699/678/1272 3700/679/1272 2908/679/1272
f 3011/202/1273 3803/202/1273 3804/203/1273 3012/203/1273
f 2955/565/1 3747/565/1 3748/693/1 2956/693/1
f 2754/440/1117 3546/440/1117 3547/441/1117 2755/441/1117
f 2698/148/1274 3490/148/1274 3491/126/1274 2699/126/1274
f 2497/568/1275 3289/568/1275 3290/723/1275 2498/723/1275
f 2953/712/1 3745/712/1 3746/713/1 2954/713/1
f 2766/528/1276 3558/528/1276 3559/155/1276 2767/155/1276
f 2441/260/1278 3233/260/1278 3234/358/1278 2442/358/1278
f 3115/434/1279 3907/434/1279 3908/435/1279 3116/435/1279
f 2509/309/1711 3301/309/1711 3302/310/1711 2510/310/1711
f 3126/299/1285 3918/299/1285 3919/240/1285 3127/240/1285
f 2682/264/1 3474/264/1 3475/169/1 2683/169/1
f 2938/655/1274 3730/655/1274 3731/561/1274 2939/561/1274
f 2425/511/1286 3217/511/1286 3218/426/1286 2426/426/1286
f 2454/488/1613 3246/488/1613 3247/456/1613 2455/456/1613
f 2995/114/1 3787/114/1 3788/115/1 2996/115/1
f 2709/390/1574 3501/390/1574 3502/399/1574 2710/399/1574
f 3007/374/1288 3799/374/1288 3800/452/1288 3008/452/1288
f 3088/750/1289 3880/750/1289 3881/770/1289 3089/770/1289
f 2738/305/1712 3530/305/1712 3531/334/1712 2739/334/1712
f 2952/711/1490 3744/711/1490 3745/712/1490 2953/712/1490
f 2750/439/1291 3542/439/1291 3543/474/1291 2751/474/1291
f 2481/330/1292 3273/330/1292 3274/216/1292 2482/216/1292
f 2493/277/1294 3285/277/1294 3286/278/1294 2494/278/1294
f 2438/242/1616 3230/242/1616 3231/492/1616 2439/492/1616
f 2666/342/1295 3458/342/1295 3459/248/1295 2667/248/1295
f 2693/482/1165 3485/482/1165 3486/483/1165 2694/483/1165
f 2722/427/1 3514/427/1 3515/271/1 2723/271/1
f 3029/740/1618 3821/740/1618 3822/727/1618 3030/727/1618
f 2465/105/1298 3257/105/1298 3258/103/1298 2466/103/1298
f 2991/719/1 3783/719/1 3784/94/1 2992/94/1
f 2936/321/1359 3728/321/1359 3729/660/1359 2937/660/1359
f 2734/384/1301 3526/384/1301 3527/385/1301 2735/385/1301
f 2461/20/1302 3253/20/1302 3254/432/1302 2462/432/1302
f 2477/262/1303 3269/262/1303 3270/415/1303 2478/415/1303
f 3164/608/1305 3956/608/1305 3957/610/1305 3165/610/1305
f 2963/221/1 3755/221/1 3756/717/1 2964/717/1
f 2677/293/1 3469/293/1 3470/292/1 2678/292/1
f 2706/252/1308 3498/252/1308 3499/558/1308 2707/558/1308
f 2650/87/1 3442/87/1 3443/88/1 2651/88/1
f 2449/283/1713 3241/283/1713 3242/438/1713 2450/438/1713
f 2920/688/1 3712/688/1 3713/690/1 2921/690/1
f 2393/572/1312 3185/572/1312 3186/526/1312 2394/526/1312
f 2406/175/1624 3198/175/1624 3199/375/1624 2407/375/1624
f 2975/349/1314 3767/349/1314 3768/350/1314 2976/350/1314
f 2947/708/1315 3739/708/1315 3740/196/1315 2948/196/1315
f 2661/506/1532 3453/506/1532 3454/106/1532 2662/106/1532
f 2718/389/1 3510/389/1 3511/411/1 2719/411/1
f 2690/347/1318 3482/347/1318 3483/341/1318 2691/341/1318
f 2433/295/1320 3225/295/1320 3226/296/1320 2434/296/1320
f 3147/90/1627 3939/90/1627 3940/423/1627 3148/423/1627
f 2959/531/1 3751/531/1 3752/387/1 2960/387/1
f 2702/380/1248 3494/380/1248 3495/143/1248 2703/143/1248
f 2445/311/1323 3237/311/1323 3238/312/1323 2446/312/1323
f 2377/97/1325 3169/97/1325 3170/45/1325 2378/45/1325
f 2939/561/1370 3731/561/1370 3732/28/1370 2940/28/1370
f 2891/206/1 3683/206/1 3684/207/1 2892/207/1
f 2931/641/1328 3723/641/1328 3724/625/1328 2932/625/1328
f 2634/133/1329 3426/133/1329 3427/157/1329 2635/157/1329
f 2674/287/1714 3466/287/1714 3467/289/1714 2675/289/1714
f 2417/332/1331 3209/332/1331 3210/497/1331 2418/497/1331
f 2390/527/1715 3182/527/1715 3183/573/1715 2391/573/1715
f 2943/706/1333 3735/706/1333 3736/707/1333 2944/707/1333
f 2645/98/1 3437/98/1 3438/158/1 2646/158/1
f 2686/326/1 3478/326/1 3479/327/1 2687/327/1
f 2429/534/1716 3221/534/1716 3222/331/1716 2430/331/1716
f 2915/685/1337 3707/685/1337 3708/683/1337 2916/683/1337
f 2658/557/1154 3450/557/1154 3451/193/1154 2659/193/1154
f 2401/95/1717 3193/95/1717 3194/96/1717 2402/96/1717
f 2888/81/1 3680/81/1 3681/185/1 2889/185/1
f 3143/495/1718 3935/495/1718 3936/496/1718 3144/496/1718
f 2910/530/1719 3702/530/1719 3703/681/1719 2911/681/1719
f 2886/210/1 3678/210/1 3679/481/1 2887/481/1
f 2670/265/1343 3462/265/1343 3463/280/1343 2671/280/1343
f 2629/117/1135 3421/117/1135 3422/118/1135 2630/118/1135
f 2413/294/1344 3205/294/1344 3206/246/1344 2414/246/1344
f 3127/240/1649 3919/240/1649 3920/258/1649 3128/258/1649
f 2870/211/1651 3662/211/1651 3663/624/1651 2871/624/1651
f 2654/228/1349 3446/228/1349 3447/218/1349 2655/218/1349
f 2613/55/1 3405/55/1 3406/57/1 2614/57/1
f 2397/370/1351 3189/370/1351 3190/172/1351 2398/172/1351
f 2899/184/1162 3691/184/1162 3692/360/1162 2900/360/1162
f 2642/161/1 3434/161/1 3435/153/1 2643/153/1
f 2385/742/1353 3177/742/1353 3178/734/1353 2386/734/1353
f 3111/788/1655 3903/788/1655 3904/101/1655 3112/101/1655
f 2854/583/1658 3646/583/1658 3647/570/1658 2855/570/1658
f 2597/48/1 3389/48/1 3390/9/1 2598/9/1
f 2895/205/1358 3687/205/1358 3688/621/1358 2896/621/1358
f 3095/776/1664 3887/776/1664 3888/777/1664 3096/777/1664
f 2638/151/1147 3430/151/1147 3431/152/1147 2639/152/1147
f 2624/419/1359 3416/419/1359 3417/420/1359 2625/420/1359
f 2838/658/1667 3630/658/1667 3631/667/1667 2839/667/1667
f 2381/174/1361 3173/174/1361 3174/520/1361 2382/520/1361
f 2879/663/1720 3671/663/1720 3672/662/1720 2880/662/1720
f 2581/31/1669 3373/31/1669 3374/42/1669 2582/42/1669
f 3134/674/1363 3926/674/1363 3927/587/1363 3135/587/1363
f 2822/603/1 3614/603/1 3615/604/1 2823/604/1
f 2565/60/1573 3357/60/1573 3358/62/1573 2566/62/1573
f 2620/73/1721 3412/73/1721 3413/212/1721 2621/212/1721
f 2608/3/1 3400/3/1 3401/40/1 2609/40/1
f 3063/354/1672 3855/354/1672 3856/355/1672 3064/355/1672
f 2875/656/1365 3667/656/1365 3668/659/1365 2876/659/1365
f 2806/556/1674 3598/556/1674 3599/559/1674 2807/559/1674
f 3130/502/1366 3922/502/1366 3923/785/1366 3131/785/1366
f 3118/789/1722 3910/789/1722 3911/433/1722 3119/433/1722
f 2549/167/1675 3341/167/1675 3342/165/1675 2550/165/1675
f 2903/200/1370 3695/200/1370 3696/519/1370 2904/519/1370
f 3047/510/1681 3839/510/1681 3840/190/1681 3048/190/1681
f 2790/377/1684 3582/377/1684 3583/255/1684 2791/255/1684
f 2604/26/1 3396/26/1 3397/7/1 2605/7/1
f 3014/730/1369 3806/730/1369 3807/453/1369 3015/453/1369
f 2533/250/1723 3325/250/1723 3326/343/1723 2534/343/1723
f 2859/362/1371 3651/362/1371 3652/303/1371 2860/303/1371
f 2592/11/1372 3384/11/1372 3385/19/1372 2593/19/1372
f 2847/633/1374 3639/633/1374 3640/634/1374 2848/634/1374
f 3102/257/1376 3894/257/1376 3895/238/1376 3103/238/1376
f 2774/368/1106 3566/368/1106 3567/728/1106 2775/728/1106
f 2576/38/1377 3368/38/1377 3369/37/1377 2577/37/1377
f 2517/298/1108 3309/298/1108 3310/473/1108 2518/473/1108
f 2588/5/1378 3380/5/1378 3381/43/1378 2589/43/1378
f 2831/615/1 3623/615/1 3624/616/1 2832/616/1
f 2843/629/1380 3635/629/1380 3636/630/1380 2844/630/1380
f 3086/586/1381 3878/586/1381 3879/703/1381 3087/703/1381
f 3098/779/1382 3890/779/1382 3891/344/1382 3099/344/1382
f 2560/437/1383 3352/437/1383 3353/418/1383 2561/418/1383
f 2572/50/1384 3364/50/1384 3365/35/1384 2573/35/1384
f 2815/593/1386 3607/593/1386 3608/594/1386 2816/594/1386
f 2827/612/1 3619/612/1 3620/613/1 2828/613/1
f 3070/756/1388 3862/756/1388 3863/757/1388 3071/757/1388
f 3157/140/1389 3949/140/1389 3950/584/1389 3158/584/1389
f 2544/137/1390 3336/137/1390 3337/138/1390 2545/138/1390
f 2556/120/1391 3348/120/1391 3349/116/1391 2557/116/1391
f 2799/575/1393 3591/575/1393 3592/576/1393 2800/576/1393
f 2758/505/1647 3550/505/1647 3551/546/1647 2759/546/1647
f 2811/589/1394 3603/589/1394 3604/590/1394 2812/590/1394
f 3054/16/1724 3846/16/1724 3847/181/1724 3055/181/1724
f 2501/316/1122 3293/316/1122 3294/135/1122 2502/135/1122
f 3066/752/1396 3858/752/1396 3859/753/1396 3067/753/1396
f 3015/453/1125 3807/453/1125 3808/130/1125 3016/130/1125
f 3036/458/1127 3828/458/1127 3829/463/1127 3037/463/1127
f 2540/107/1400 3332/107/1400 3333/108/1400 2541/108/1400
f 2999/449/1 3791/449/1 3792/339/1 3000/339/1
f 2795/701/1401 3587/701/1401 3588/702/1401 2796/702/1401
f 2528/373/1403 3320/373/1403 3321/67/1403 2529/67/1403
f 2742/465/1725 3534/465/1725 3535/467/1725 2743/467/1725
f 3050/738/1404 3842/738/1404 3843/721/1404 3051/721/1404
f 2783/85/1405 3575/85/1405 3576/429/1405 2784/429/1405
f 2485/340/1132 3277/340/1132 3278/223/1132 2486/223/1132
f 3038/543/1406 3830/543/1406 3831/544/1406 3039/544/1406
f 2524/267/1407 3316/267/1407 3317/268/1407 2525/268/1407
f 2779/317/1409 3571/317/1409 3572/490/1409 2780/490/1409
f 3034/645/1726 3826/645/1726 3827/113/1726 3035/113/1726
f 2940/28/1194 3732/28/1194 3733/29/1194 2941/29/1194
f 2983/454/1137 3775/454/1137 3776/455/1137 2984/455/1137
f 2726/323/1139 3518/323/1139 3519/461/1139 2727/461/1139
f 2469/215/1141 3261/215/1141 3262/328/1141 2470/328/1141
f 2512/485/1416 3304/485/1416 3305/149/1416 2513/149/1416
f 2767/155/1418 3559/155/1418 3560/156/1418 2768/156/1418
f 2508/480/1419 3300/480/1419 3301/309/1419 2509/309/1419
f 2763/670/1421 3555/670/1421 3556/225/1421 2764/225/1421
f 2710/399/1147 3502/399/1147 3503/400/1147 2711/400/1147
f 2496/352/1425 3288/352/1425 3289/568/1425 2497/568/1425
f 2751/474/1426 3543/474/1426 3544/478/1426 2752/478/1426
f 3152/784/1149 3944/784/1149 3945/783/1149 3153/783/1149
f 3006/357/1429 3798/357/1429 3799/374/1429 3007/374/1429
f 2492/379/1430 3284/379/1430 3285/277/1430 2493/277/1430
f 2480/413/1431 3272/413/1431 3273/330/1431 2481/330/1431
f 2747/470/1432 3539/470/1432 3540/471/1432 2748/471/1432
f 2951/564/1152 3743/564/1152 3744/711/1152 2952/711/1152
f 2735/385/1434 3527/385/1434 3528/451/1434 2736/451/1434
f 3002/729/1436 3794/729/1436 3795/579/1436 3003/579/1436
f 2694/483/1154 3486/483/1154 3487/409/1154 2695/409/1154
f 2990/725/1 3782/725/1 3783/719/1 2991/719/1
f 2437/241/1156 3229/241/1156 3230/242/1156 2438/242/1156
f 2476/263/1440 3268/263/1440 3269/262/1440 2477/262/1440
f 2731/306/1442 3523/306/1442 3524/307/1442 2732/307/1442
f 2464/428/1443 3256/428/1443 3257/105/1443 2465/105/1443
f 2986/92/1147 3778/92/1147 3779/93/1147 2987/93/1147
f 2935/392/1162 3727/392/1162 3728/321/1162 2936/321/1162
f 2719/411/1 3511/411/1 3512/145/1 2720/145/1
f 2678/292/1 3470/292/1 3471/290/1 2679/290/1
f 2974/569/1446 3766/569/1446 3767/349/1446 2975/349/1446
f 2421/477/1167 3213/477/1167 3214/424/1167 2422/424/1167
f 2448/282/1452 3240/282/1452 3241/283/1452 2449/283/1452
f 2460/445/1454 3252/445/1454 3253/20/1454 2461/20/1454
f 3165/610/1170 3957/610/1170 3958/602/1170 3166/602/1170
f 2703/143/1333 3495/143/1333 3496/222/1333 2704/222/1333
f 2715/404/1 3507/404/1 3508/398/1 2716/398/1
f 2919/684/1 3711/684/1 3712/688/1 2920/688/1
f 2958/709/1 3750/709/1 3751/531/1 2959/531/1
f 2970/710/1458 3762/710/1458 3763/386/1458 2971/386/1458
f 2662/106/1171 3454/106/1171 3455/318/1171 2663/318/1171
f 2422/424/1459 3214/424/1459 3215/425/1459 2423/425/1459
f 2405/446/1172 3197/446/1172 3198/175/1172 2406/175/1172
f 3106/163/1174 3898/163/1174 3899/698/1174 3107/698/1174
f 2699/126/1370 3491/126/1370 3492/75/1370 2700/75/1370
f 2432/416/1463 3224/416/1463 3225/295/1463 2433/295/1463
f 2954/713/1 3746/713/1 3747/565/1 2955/565/1
f 2687/327/1 3479/327/1 3480/346/1 2688/346/1
f 2428/475/1466 3220/475/1466 3221/534/1466 2429/534/1466
f 2683/169/1 3475/169/1 3476/410/1 2684/410/1
f 3031/447/1469 3823/447/1469 3824/493/1469 3032/493/1469
f 2646/158/1 3438/158/1 3439/166/1 2647/166/1
f 2416/304/1470 3208/304/1470 3209/332/1470 2417/332/1470
f 2389/302/1185 3181/302/1185 3182/527/1185 2390/527/1185
f 2671/280/1703 3463/280/1703 3464/284/1703 2672/284/1703
f 2926/489/1 3718/489/1 3719/626/1 2927/626/1
f 2412/269/1472 3204/269/1472 3205/294/1472 2413/294/1472
f 2667/248/1272 3459/248/1272 3460/66/1272 2668/66/1272
f 3166/602/1475 3958/602/1475 3959/553/1475 3167/553/1475
f 2922/529/1 3714/529/1 3715/319/1 2923/319/1
f 2400/254/1476 3192/254/1476 3193/95/1476 2401/95/1476
f 2655/218/1358 3447/218/1358 3448/86/1358 2656/86/1358
f 2628/112/1194 3420/112/1194 3421/117/1194 2629/117/1194
f 2883/532/1 3675/532/1 3676/236/1 2884/236/1
f 3168/550/1481 3960/550/1481 3169/97/1481 2377/97/1481
f 3138/91/1198 3930/91/1198 3931/790/1198 3139/790/1198
f 2396/369/1482 3188/369/1482 3189/370/1482 2397/370/1482
f 2612/6/1 3404/6/1 3405/55/1 2613/55/1
f 2651/88/1 3443/88/1 3444/229/1 2652/229/1
f 2906/677/1295 3698/677/1295 3699/678/1295 2907/678/1295
f 3161/548/1254 3953/548/1254 3954/599/1254 3162/599/1254
f 2596/23/1 3388/23/1 3389/48/1 2597/48/1
f 2851/637/1207 3643/637/1207 3644/549/1207 2852/549/1207
f 2580/623/1208 3372/623/1208 3373/31/1208 2581/31/1208
f 2835/600/1211 3627/600/1211 3628/601/1211 2836/601/1211
f 2887/481/1 3679/481/1 3680/81/1 2888/81/1
f 3090/771/1215 3882/771/1215 3883/772/1215 3091/772/1215
f 3142/494/1218 3934/494/1218 3935/495/1218 3143/495/1218
f 2384/539/1489 3176/539/1489 3177/742/1489 2385/742/1489
f 3107/698/1221 3899/698/1221 3900/786/1221 3108/786/1221
f 2564/59/1223 3356/59/1223 3357/60/1223 2565/60/1223
f 2639/152/1246 3431/152/1246 3432/159/1246 2640/159/1246
f 2380/173/1491 3172/173/1491 3173/174/1491 2381/174/1491
f 2819/554/1225 3611/554/1225 3612/555/1225 2820/555/1225
f 2894/642/1318 3686/642/1318 3687/205/1318 2895/205/1318
f 2635/157/1315 3427/157/1315 3428/147/1315 2636/147/1315
f 3074/760/1229 3866/760/1229 3867/761/1229 3075/761/1229
f 3149/234/1493 3941/234/1493 3942/235/1493 3150/235/1493
f 2890/646/1 3682/646/1 3683/206/1 2891/206/1
f 2921/690/1 3713/690/1 3714/529/1 2922/529/1
f 3145/597/1495 3937/597/1495 3938/89/1495 3146/89/1495
f 2616/74/1 3408/74/1 3409/78/1 2617/78/1
f 2548/421/1234 3340/421/1234 3341/167/1234 2549/167/1234
f 2871/624/1237 3663/624/1237 3664/654/1237 2872/654/1237
f 2803/596/1239 3595/596/1239 3596/551/1239 2804/551/1239
f 2880/662/1497 3672/662/1497 3673/664/1497 2881/664/1497
f 2967/715/1727 3759/715/1727 3760/219/1727 2968/219/1727
f 2876/659/1498 3668/659/1498 3669/533/1498 2877/533/1498
f 3058/748/1244 3850/748/1244 3851/737/1244 3059/737/1244
f 2623/521/1162 3415/521/1162 3416/419/1162 2624/419/1162
f 2619/72/1328 3411/72/1328 3412/73/1328 2620/73/1328
f 2978/669/1248 3770/669/1248 3771/192/1248 2979/192/1248
f 3129/782/1501 3921/782/1501 3922/502/1501 3130/502/1501
f 2532/249/1251 3324/249/1251 3325/250/1251 2533/250/1251
f 2860/303/1502 3652/303/1502 3653/82/1502 2861/82/1502
f 2603/13/1 3395/13/1 3396/26/1 2604/26/1
f 3042/745/1256 3834/745/1256 3835/746/1256 3043/746/1256
f 3113/70/1503 3905/70/1503 3906/71/1503 3114/71/1503
f 3039/544/1258 3831/544/1258 3832/743/1258 3040/743/1258
f 2600/24/1 3392/24/1 3393/25/1 2601/25/1
f 3026/522/1728 3818/522/1728 3819/741/1728 3027/741/1728
f 2855/570/1264 3647/570/1264 3648/518/1264 2856/518/1264
f 2516/297/1265 3308/297/1265 3309/298/1265 2517/298/1265
f 3110/499/1268 3902/499/1268 3903/788/1268 3111/788/1268
f 2844/630/1507 3636/630/1507 3637/631/1507 2845/631/1507
f 2771/394/1269 3563/394/1269 3564/261/1269 2772/261/1269
f 2587/4/1508 3379/4/1508 3380/5/1508 2588/5/1508
f 2864/649/1510 3656/649/1510 3657/648/1510 2865/648/1510
f 3097/778/1511 3889/778/1511 3890/779/1511 3098/779/1511
f 2607/33/1 3399/33/1 3400/3/1 2608/3/1
f 3117/791/1729 3909/791/1729 3910/789/1729 3118/789/1729
f 2828/613/1 3620/613/1 3621/606/1 2829/606/1
f 2787/275/1515 3579/275/1515 3580/705/1515 2788/705/1515
f 2571/49/1516 3363/49/1516 3364/50/1516 2572/50/1516
f 2500/77/1277 3292/77/1277 3293/316/1277 2501/316/1277
f 2584/63/1280 3376/63/1280 3377/58/1280 2585/58/1280
f 3081/767/1518 3873/767/1518 3874/768/1518 3082/768/1518
f 2755/441/1117 3547/441/1117 3548/402/1117 2756/402/1117
f 2848/634/1519 3640/634/1519 3641/635/1519 2849/635/1519
f 2839/667/1282 3631/667/1282 3632/739/1282 2840/739/1282
f 2812/590/1520 3604/590/1520 3605/591/1520 2813/591/1520
f 3010/535/1283 3802/535/1283 3803/202/1283 3011/202/1283
f 2591/2/1521 3383/2/1521 3384/11/1521 2592/11/1521
f 3094/775/1284 3886/775/1284 3887/776/1284 3095/776/1284
f 2555/125/1522 3347/125/1522 3348/120/1522 2556/120/1522
f 3101/501/1524 3893/501/1524 3894/257/1524 3102/257/1524
f 3065/751/1527 3857/751/1527 3858/752/1527 3066/752/1527
f 2568/34/1287 3360/34/1287 3361/51/1287 2569/51/1287
f 2832/616/1 3624/616/1 3625/617/1 2833/617/1
f 2823/604/1 3615/604/1 3616/605/1 2824/605/1
f 2796/702/1530 3588/702/1530 3589/620/1530 2797/620/1530
f 2575/39/1531 3367/39/1531 3368/38/1531 2576/38/1531
f 3078/764/1293 3870/764/1293 3871/765/1293 3079/765/1293
f 2539/515/1533 3331/515/1533 3332/107/1533 2540/107/1533
f 3085/585/1534 3877/585/1534 3878/586/1534 3086/586/1534
f 3049/191/1730 3841/191/1730 3842/738/1730 3050/738/1730
f 2863/182/1537 3655/182/1537 3656/649/1537 2864/649/1537
f 3100/345/1731 3892/345/1731 3893/501/1731 3101/501/1731
f 2924/320/1 3716/320/1 3717/393/1 2925/393/1
f 2552/213/1297 3344/213/1297 3345/134/1297 2553/134/1297
f 2780/490/1539 3572/490/1539 3573/270/1539 2781/270/1539
f 2391/573/1541 3183/573/1541 3184/571/1541 2392/571/1541
f 2807/559/1299 3599/559/1299 3600/560/1299 2808/560/1299
f 2523/417/1732 3315/417/1732 3316/267/1732 2524/267/1732
f 2816/594/1540 3608/594/1540 3609/595/1540 2817/595/1540
f 3062/749/1300 3854/749/1300 3855/354/1300 3063/354/1300
f 2559/110/1543 3351/110/1543 3352/437/1543 2560/437/1543
f 2484/408/1304 3276/408/1304 3277/340/1304 2485/340/1304
f 2536/364/1306 3328/364/1306 3329/365/1306 2537/365/1306
f 3069/755/1545 3861/755/1545 3862/756/1545 3070/756/1545
f 2739/334/1733 3531/334/1733 3532/462/1733 2740/462/1733
f 2791/255/1309 3583/255/1309 3584/256/1309 2792/256/1309
f 3046/442/1311 3838/442/1311 3839/510/1311 3047/510/1311
f 2520/123/1313 3312/123/1313 3313/168/1313 2521/168/1313
f 2800/576/1548 3592/576/1548 3593/577/1548 2801/577/1548
f 2775/728/1316 3567/728/1316 3568/491/1316 2776/491/1316
f 2543/507/1549 3335/507/1549 3336/137/1549 2544/137/1549
f 2468/253/1317 3260/253/1317 3261/215/1317 2469/215/1317
f 3030/727/1319 3822/727/1319 3823/447/1319 3031/447/1319
f 3053/15/1734 3845/15/1734 3846/16/1734 3054/16/1734
f 2723/271/1 3515/271/1 3516/272/1 2724/272/1
f 2462/432/1552 3254/432/1552 3255/273/1552 2463/273/1552
f 2764/225/1553 3556/225/1553 3557/226/1553 2765/226/1553
f 2507/479/1555 3299/479/1555 3300/480/1555 2508/480/1555
f 2453/372/1321 3245/372/1321 3246/488/1321 2454/488/1321
f 3153/783/1322 3945/783/1322 3946/781/1322 3154/781/1322
f 3167/553/1324 3959/553/1324 3960/550/1324 3168/550/1324
f 2784/429/1735 3576/429/1735 3577/232/1735 2785/232/1735
f 2897/622/1196 3689/622/1196 3690/183/1196 2898/183/1196
f 2504/545/1326 3296/545/1326 3297/170/1326 2505/170/1326
f 2527/314/1558 3319/314/1558 3320/373/1558 2528/373/1558
f 2452/460/1327 3244/460/1327 3245/372/1327 2453/372/1327
f 2759/546/1291 3551/546/1291 3552/541/1291 2760/541/1291
f 3037/463/1560 3829/463/1560 3830/543/1560 3038/543/1560
f 2707/558/1315 3499/558/1315 3500/412/1315 2708/412/1315
f 2962/220/1 3754/220/1 3755/221/1 2963/221/1
f 3122/787/1332 3914/787/1332 3915/696/1332 3123/696/1332
f 2748/471/1432 3540/471/1432 3541/472/1432 2749/472/1432
f 2488/142/1334 3280/142/1334 3281/382/1334 2489/382/1334
f 2491/378/1562 3283/378/1562 3284/379/1562 2492/379/1562
f 2743/467/1736 3535/467/1736 3536/466/1736 2744/466/1736
f 2998/448/1 3790/448/1 3791/449/1 2999/449/1
f 2768/156/1564 3560/156/1564 3561/359/1564 2769/359/1564
f 3001/431/1566 3793/431/1566 3794/729/1566 3002/729/1566
f 2511/436/1567 3303/436/1567 3304/485/1567 2512/485/1567
f 2436/508/1737 3228/508/1737 3229/241/1737 2437/241/1737
f 2444/224/1569 3236/224/1569 3237/311/1569 2445/311/1569
f 2691/341/1328 3483/341/1328 3484/325/1328 2692/325/1328
f 2732/307/1570 3524/307/1570 3525/383/1570 2733/383/1570
f 2472/315/1340 3264/315/1340 3265/177/1340 2473/177/1340
f 2946/186/1308 3738/186/1308 3739/708/1308 2947/708/1308
f 2475/179/1572 3267/179/1572 3268/263/1572 2476/263/1572
f 2727/461/1341 3519/461/1341 3520/335/1341 2728/335/1341
f 2985/524/1574 3777/524/1574 3778/92/1574 2986/92/1574
f 2982/647/1329 3774/647/1329 3775/454/1329 2983/454/1329
f 2752/478/1575 3544/478/1575 3545/281/1575 2753/281/1575
f 2973/188/1577 3765/188/1577 3766/569/1577 2974/569/1577
f 2495/351/1578 3287/351/1578 3288/352/1578 2496/352/1578
f 2456/353/1738 3248/353/1738 3249/208/1738 2457/208/1738
f 3005/132/1580 3797/132/1580 3798/357/1580 3006/357/1580
f 3082/768/1346 3874/768/1346 3875/769/1346 3083/769/1346
f 2711/400/1246 3503/400/1246 3504/403/1246 2712/403/1246
f 2736/451/1582 3528/451/1582 3529/450/1582 2737/450/1582
f 2420/476/1347 3212/476/1347 3213/477/1347 2421/477/1347
f 2716/398/1 3508/398/1 3509/391/1 2717/391/1
f 2966/716/1348 3758/716/1348 3759/715/1348 2967/715/1348
f 2479/500/1583 3271/500/1583 3272/413/1583 2480/413/1583
f 2675/289/1350 3467/289/1350 3468/291/1350 2676/291/1350
f 2459/22/1584 3251/22/1584 3252/445/1584 2460/445/1584
f 2989/724/1 3781/724/1 3782/725/1 2990/725/1
f 2930/640/1349 3722/640/1349 3723/641/1349 2931/641/1349
f 2969/682/1586 3761/682/1586 3762/710/1586 2970/710/1586
f 2404/396/1352 3196/396/1352 3197/446/1352 2405/446/1352
f 2700/75/1194 3492/75/1194 3493/276/1194 2701/276/1194
f 2720/145/1 3512/145/1 3513/104/1 2721/104/1
f 2659/193/1354 3451/193/1354 3452/136/1354 2660/136/1354
f 2979/192/1333 3771/192/1333 3772/509/1333 2980/509/1333
f 2463/273/1589 3255/273/1589 3256/428/1589 2464/428/1589
f 2914/689/1355 3706/689/1355 3707/685/1355 2915/685/1355
f 2440/259/1356 3232/259/1356 3233/260/1356 2441/260/1356
f 2695/409/1354 3487/409/1354 3488/121/1354 2696/121/1354
f 2950/563/1357 3742/563/1357 3743/564/1357 2951/564/1357
f 2684/410/1 3476/410/1 3477/484/1 2685/484/1
f 2427/517/1593 3219/517/1593 3220/475/1593 2428/475/1593
f 2704/222/1546 3496/222/1546 3497/251/1546 2705/251/1546
f 2424/512/1360 3216/512/1360 3217/511/1360 2425/511/1360
f 2447/401/1595 3239/401/1595 3240/282/1595 2448/282/1595
f 2937/660/1112 3729/660/1112 3730/655/1112 2938/655/1112
f 2679/290/1 3471/290/1 3472/288/1 2680/288/1
f 2957/198/1 3749/198/1 3750/709/1 2958/709/1
f 2934/487/1154 3726/487/1154 3727/392/1154 2935/392/1154
f 2668/66/1597 3460/66/1597 3461/266/1597 2669/266/1597
f 2388/301/1364 3180/301/1364 3181/302/1364 2389/302/1364
f 2411/84/1599 3203/84/1599 3204/269/1599 2412/269/1599
f 2643/153/1 3435/153/1 3436/100/1 2644/100/1
f 2898/183/1154 3690/183/1154 3691/184/1154 2899/184/1154
f 2688/346/1 3480/346/1 3481/348/1 2689/348/1
f 2941/29/1135 3733/29/1135 3734/516/1135 2942/516/1135
f 2408/672/1368 3200/672/1368 3201/231/1368 2409/231/1368
f 2884/236/1 3676/236/1 3677/209/1 2885/209/1
f 2663/318/1370 3455/318/1370 3456/513/1370 2664/513/1370
f 2627/111/1370 3419/111/1370 3420/112/1370 2628/112/1370
f 2918/687/1 3710/687/1 3711/684/1 2919/684/1
f 3137/619/1739 3929/619/1739 3930/91/1739 3138/91/1739
f 2652/229/1 3444/229/1 3445/227/1 2653/227/1
f 2672/284/1604 3464/284/1604 3465/286/1604 2673/286/1604
f 2867/650/1375 3659/650/1375 3660/651/1375 2868/651/1375
f 2395/300/1605 3187/300/1605 3188/369/1605 2396/369/1605
f 2415/247/1606 3207/247/1606 3208/304/1606 2416/304/1606
f 3162/599/1557 3954/599/1557 3955/607/1557 3163/607/1557
f 2925/393/1 3717/393/1 3718/489/1 2926/489/1
f 2905/582/1129 3697/582/1129 3698/677/1129 2906/677/1129
f 2392/571/1379 3184/571/1379 3185/572/1379 2393/572/1379
f 2647/166/1 3439/166/1 3440/194/1 2648/194/1
f 2656/86/1721 3448/86/1721 3449/676/1721 2657/676/1721
f 2902/199/1274 3694/199/1274 3695/200/1274 2903/200/1274
f 2399/44/1610 3191/44/1610 3192/254/1610 2400/254/1610
f 2611/47/1 3403/47/1 3404/6/1 2612/6/1
f 3121/102/1385 3913/102/1385 3914/787/1385 3122/787/1385
f 2909/680/1150 3701/680/1150 3702/530/1150 2910/530/1150
f 2852/549/1387 3644/549/1387 3645/638/1387 2853/638/1387
f 2927/626/1 3719/626/1 3720/694/1 2928/694/1
f 2595/18/1 3387/18/1 3388/23/1 2596/23/1
f 2636/147/1144 3428/147/1144 3429/99/1144 2637/99/1144
f 2379/46/1611 3171/46/1611 3172/173/1611 2380/173/1611
f 3105/162/1392 3897/162/1392 3898/163/1392 3106/163/1392
f 3146/89/1612 3938/89/1612 3939/90/1612 3147/90/1612
f 2889/185/1 3681/185/1 3682/646/1 2890/646/1
f 2631/119/1333 3423/119/1333 3424/124/1333 2632/124/1333
f 2836/601/1397 3628/601/1397 3629/657/1397 2837/657/1397
f 2692/325/1478 3484/325/1478 3485/482/1478 2693/482/1478
f 3141/598/1398 3933/598/1398 3934/494/1398 3142/494/1398
f 2579/30/1740 3371/30/1740 3372/623/1740 2580/623/1740
f 2435/422/1479 3227/422/1479 3228/508/1479 2436/508/1479
f 2945/566/1142 3737/566/1142 3738/186/1142 2946/186/1142
f 3023/735/1741 3815/735/1741 3816/523/1741 3024/523/1741
f 3132/189/1615 3924/189/1615 3925/141/1615 3133/141/1615
f 2618/79/1318 3410/79/1318 3411/72/1318 2619/72/1318
f 2873/639/1617 3665/639/1617 3666/237/1617 2874/237/1617
f 3022/338/1742 3814/338/1742 3815/735/1742 3023/735/1742
f 2640/159/1490 3432/159/1490 3433/160/1490 2641/160/1490
f 2820/555/1408 3612/555/1408 3613/581/1408 2821/581/1408
f 3116/435/1743 3908/435/1743 3909/791/1743 3117/791/1743
f 2676/291/1160 3468/291/1160 3469/293/1160 2677/293/1160
f 2383/538/1621 3175/538/1621 3176/539/1621 2384/539/1621
f 2563/61/1410 3355/61/1410 3356/59/1410 2564/59/1410
f 2419/666/1484 3211/666/1484 3212/476/1484 2420/476/1484
f 2872/654/1411 3664/654/1411 3665/639/1411 2873/639/1411
f 3150/235/1622 3942/235/1622 3943/675/1622 3151/675/1622
f 2602/12/1 3394/12/1 3395/13/1 2603/13/1
f 2929/695/1146 3721/695/1146 3722/640/1146 2930/640/1146
f 2615/64/1 3407/64/1 3408/74/1 2616/74/1
f 2893/671/1146 3685/671/1146 3686/642/1146 2894/642/1146
f 3073/759/1744 3865/759/1744 3866/760/1744 3074/760/1744
f 2857/201/1623 3649/201/1623 3650/457/1623 2858/457/1623
f 2660/136/1177 3452/136/1177 3453/506/1177 2661/506/1177
f 2403/395/1487 3195/395/1487 3196/396/1487 2404/396/1487
f 3125/164/1414 3917/164/1414 3918/299/1414 3126/299/1414
f 2804/551/1415 3596/551/1415 3597/552/1415 2805/552/1415
f 2913/691/1488 3705/691/1488 3706/689/1488 2914/689/1488
f 2547/407/1417 3339/407/1417 3340/421/1417 2548/421/1417
f 1741/250/1745 2533/250/1745 2534/343/1745 1742/343/1745
f 1973/226/1564 2765/226/1564 2766/528/1564 1974/528/1564
f 3382/1/65 3400/3/65 3383/2/65
f 3379/4/65 3404/6/65 3380/5/65
f 3383/2/65 3398/8/65 3397/7/65
f 3390/9/65 3384/11/65 3391/10/65
f 3394/12/65 3383/2/65 3395/13/65
f 3769/14/1746 3846/16/1746 3845/15/1746
f 3386/17/65 3384/11/65 3387/18/65
f 3385/19/65 3384/11/65 3386/17/65
f 3253/20/373 3251/22/373 3250/21/373
f 3387/18/65 3384/11/65 3388/23/65
f 3392/24/65 3384/11/65 3393/25/65
f 3391/10/65 3384/11/65 3392/24/65
f 3395/13/65 3383/2/65 3396/26/65
f 3952/27/1747 3733/29/1747 3732/28/1747
f 3393/25/65 3384/11/65 3394/12/65
f 3371/30/1748 3370/32/1748 3373/31/1748
f 3383/2/65 3400/3/65 3399/33/65
f 3360/34/1749 3366/36/1749 3365/35/1749
f 3369/37/65 3368/38/65 3373/31/65
f 3396/26/65 3383/2/65 3397/7/65
f 3368/38/927 3367/39/927 3373/31/927
f 3382/1/65 3402/41/65 3401/40/65
f 3367/39/1750 3366/36/1750 3373/31/1750
f 3374/42/1751 3366/36/1751 3360/34/1751
f 3381/43/1752 3402/41/1752 3382/1/1752
f 3191/44/1751 3171/46/1751 3170/45/1751
f 3382/1/65 3401/40/65 3400/3/65
f 3380/5/65 3404/6/65 3403/47/65
f 3389/48/65 3384/11/65 3390/9/65
f 3360/34/1753 3364/50/1753 3363/49/1753
f 3360/34/65 3362/52/65 3361/51/65
f 3360/34/65 3363/49/65 3362/52/65
f 3360/34/1754 3365/35/1754 3364/50/1754
f 3369/37/65 3373/31/65 3370/32/65
f 3375/53/373 3374/42/373 3359/54/373
f 3379/4/65 3405/55/65 3404/6/65
f 3383/2/65 3399/33/65 3398/8/65
f 3378/56/65 3406/57/65 3405/55/65
f 3378/56/373 3405/55/373 3379/4/373
f 3377/58/65 3357/60/65 3356/59/65
f 3359/54/65 3374/42/65 3360/34/65
f 3378/56/65 3355/61/65 3406/57/65
f 3359/54/1746 3358/62/1746 3375/53/1746
f 3378/56/65 3356/59/65 3355/61/65
f 3358/62/373 3357/60/373 3376/63/373
f 3375/53/65 3358/62/65 3376/63/65
f 3376/63/1747 3357/60/1747 3377/58/1747
f 3380/5/65 3403/47/65 3381/43/65
f 3377/58/65 3356/59/65 3378/56/65
f 3381/43/65 3403/47/65 3402/41/65
f 3407/64/65 3406/57/65 3354/65/65
f 3460/66/1747 3322/68/1747 3321/67/1747
f 3912/69/65 3906/71/65 3905/70/65
f 3411/72/1755 3408/74/1755 3412/73/1755
f 3492/75/1746 3292/77/1746 3291/76/1746
f 3409/78/65 3408/74/65 3410/79/65
f 3654/80/65 3653/82/65 3680/81/65
f 3410/79/1756 3408/74/1756 3411/72/1756
f 3202/83/65 3575/85/65 3203/84/65
f 3448/86/65 3443/88/65 3442/87/65
f 3938/89/65 3930/91/65 3939/90/65
f 3778/92/1757 3784/94/1757 3779/93/1757
f 3193/95/1758 3169/97/1758 3194/96/1758
f 3437/98/65 3436/100/65 3429/99/65
f 3904/101/65 3913/102/65 3905/70/65
f 3258/103/65 3257/105/65 3513/104/65
f 3454/106/373 3333/108/373 3332/107/373
f 3350/109/65 3419/111/65 3351/110/65
f 3419/111/65 3350/109/65 3420/112/65
f 3827/113/65 3788/115/65 3787/114/65
f 3349/116/65 3421/117/65 3350/109/65
f 3422/118/692 3421/117/692 3349/116/692
f 3423/119/65 3422/118/65 3348/120/65
f 3488/121/65 3312/123/65 3311/122/65
f 3424/124/65 3423/119/65 3347/125/65
f 3491/126/1757 3295/127/1757 3492/75/1757
f 3425/128/1749 3424/124/1749 3346/129/1749
f 3808/130/65 3797/132/65 3809/131/65
f 3426/133/65 3425/128/65 3345/134/65
f 3492/75/65 3295/127/65 3294/135/65
f 3452/136/1752 3337/138/1752 3336/137/1752
f 3948/139/1759 3925/141/1759 3949/140/1759
f 3280/142/65 3279/144/65 3495/143/65
f 3512/145/65 3259/146/65 3513/104/65
f 3428/147/65 3437/98/65 3429/99/65
f 3490/148/65 3306/150/65 3305/149/65
f 3429/99/1754 3436/100/1754 3430/151/1754
f 3430/151/1760 3435/153/1760 3431/152/1760
f 3235/154/1759 3560/156/1759 3559/155/1759
f 3427/157/65 3438/158/65 3437/98/65
f 3431/152/1755 3435/153/1755 3432/159/1755
f 3433/160/65 3432/159/65 3434/161/65
f 3897/162/65 3917/164/65 3898/163/65
f 3342/165/65 3438/158/65 3427/157/65
f 3436/100/65 3435/153/65 3430/151/65
f 3438/158/65 3341/167/65 3439/166/65
f 3488/121/65 3475/169/65 3313/168/65
f 3491/126/373 3298/171/373 3297/170/373
f 3190/172/1755 3173/174/1755 3172/173/1755
f 3388/23/65 3384/11/65 3389/48/65
f 3198/175/65 3169/97/65 3585/176/65
f 3265/177/1753 3267/179/1753 3266/178/1753
f 3951/180/65 3847/181/65 3846/16/65
f 3655/182/65 3654/80/65 3680/81/65
f 3690/183/65 3681/185/65 3691/184/65
f 3738/186/65 3765/188/65 3764/187/65
f 3924/189/65 3949/140/65 3925/141/65
f 3840/190/1761 3771/192/1761 3841/191/1761
f 3451/193/65 3441/195/65 3440/194/65
f 3740/196/65 3749/198/65 3741/197/65
f 3694/199/1757 3649/201/1757 3695/200/1757
f 3191/44/1753 3172/173/1753 3171/46/1753
f 3803/202/1762 3805/204/1762 3804/203/1762
f 3687/205/65 3684/207/65 3683/206/65
f 3250/21/423 3249/208/423 3253/20/423
f 3677/209/65 3662/211/65 3678/210/65
f 3412/73/65 3408/74/65 3413/212/65
f 3344/213/1763 3343/214/1763 3426/133/1763
f 3261/215/65 3275/217/65 3274/216/65
f 3447/218/1764 3443/88/1764 3448/86/1764
f 3394/12/65 3384/11/65 3383/2/65
f 3760/219/65 3755/221/65 3754/220/65
f 3279/144/65 3278/223/65 3496/222/65
f 3236/224/1747 3557/226/1747 3556/225/1747
f 3445/227/65 3444/229/65 3446/228/65
f 3434/161/65 3432/159/65 3435/153/65
f 3488/121/65 3311/122/65 3489/230/65
f 3201/231/65 3577/232/65 3202/83/65
f 3928/233/1054 3942/235/1054 3941/234/1054
f 3676/236/65 3666/237/65 3677/209/65
f 3895/238/65 3919/240/65 3896/239/65
f 3229/241/65 3570/243/65 3230/242/65
f 3203/84/1751 3575/85/1751 3574/244/1751
f 3223/245/1746 3207/247/1746 3206/246/1746
f 3459/248/1747 3325/250/1747 3324/249/1747
f 3497/251/65 3260/253/65 3498/252/65
f 3191/44/65 3169/97/65 3192/254/65
f 3198/175/1751 3584/256/1751 3583/255/1751
f 3894/257/65 3920/258/65 3895/238/65
f 3232/259/651 3564/261/651 3233/260/651
f 3269/262/1752 3268/263/1752 3265/177/1752
f 3474/264/65 3462/265/65 3475/169/65
f 3461/266/65 3317/268/65 3316/267/65
f 3203/84/1765 3573/270/1765 3204/269/1765
f 3515/271/65 3255/273/65 3516/272/65
f 3201/231/373 3579/275/373 3578/274/373
f 3493/276/373 3286/278/373 3285/277/373
f 3314/279/65 3475/169/65 3462/265/65
f 3463/280/65 3462/265/65 3474/264/65
f 3545/281/1746 3241/283/1746 3240/282/1746
f 3464/284/65 3463/280/65 3473/285/65
f 3465/286/65 3464/284/65 3473/285/65
f 3473/285/65 3463/280/65 3474/264/65
f 3466/287/65 3465/286/65 3472/288/65
f 3472/288/65 3465/286/65 3473/285/65
f 3466/287/1760 3471/290/1760 3467/289/1760
f 3467/289/1755 3471/290/1755 3468/291/1755
f 3468/291/65 3471/290/65 3470/292/65
f 3468/291/65 3470/292/65 3469/293/65
f 3472/288/65 3471/290/65 3466/287/65
f 3205/294/1754 3226/296/1754 3225/295/1754
f 3489/230/65 3309/298/65 3308/297/65
f 3313/168/1753 3475/169/1753 3314/279/1753
f 3896/239/245 3918/299/245 3897/162/245
f 3187/300/1756 3181/302/1756 3180/301/1756
f 3652/303/1755 3681/185/1755 3653/82/1755
f 3223/245/1755 3208/304/1755 3207/247/1755
f 3530/305/1756 3524/307/1756 3523/306/1756
f 3797/132/65 3796/308/65 3809/131/65
f 3491/126/1753 3302/310/1753 3301/309/1753
f 3237/311/423 3554/313/423 3238/312/423
f 3460/66/65 3319/314/65 3461/266/65
f 3269/262/65 3265/177/65 3264/315/65
f 3426/133/65 3343/214/65 3427/157/65
f 3492/75/1746 3293/316/1746 3292/77/1746
f 3229/241/1751 3571/317/1751 3570/243/1751
f 3454/106/65 3332/107/65 3455/318/65
f 3715/319/65 3728/321/65 3716/320/65
f 3517/322/65 3243/324/65 3518/323/65
f 3484/325/65 3479/327/65 3478/326/65
f 3262/328/65 3273/330/65 3263/329/65
f 3222/331/1766 3209/332/1766 3223/245/1766
f 3461/266/1752 3319/314/1752 3318/333/1752
f 3531/334/1752 3521/336/1752 3520/335/1752
f 3813/337/1767 3792/339/1767 3814/338/1767
f 3496/222/1757 3277/340/1757 3497/251/1757
f 3483/341/1764 3479/327/1764 3484/325/1764
f 3278/223/1755 3277/340/1755 3496/222/1755
f 3458/342/65 3326/343/65 3459/248/65
f 3891/344/65 3949/140/65 3892/345/65
f 3479/327/65 3482/347/65 3480/346/65
f 3481/348/65 3480/346/65 3482/347/65
f 3951/180/1753 3768/350/1753 3767/349/1753
f 3493/276/1752 3288/352/1752 3287/351/1752
f 3253/20/1752 3249/208/1752 3248/353/1752
f 3951/180/1746 3856/355/1746 3855/354/1746
f 3337/138/1768 3452/136/1768 3338/356/1768
f 3798/357/65 3797/132/65 3808/130/65
f 3234/358/1769 3561/359/1769 3560/156/1769
f 3692/360/65 3651/362/65 3693/361/65
f 3457/363/65 3329/365/65 3328/364/65
f 3490/148/1752 3307/366/1752 3306/150/1752
f 3232/259/1752 3566/368/1752 3565/367/1752
f 3198/175/373 3585/176/373 3584/256/373
f 3188/369/65 3179/371/65 3189/370/65
f 3517/322/65 3516/272/65 3245/372/65
f 3460/66/65 3321/67/65 3320/373/65
f 3798/357/65 3808/130/65 3799/374/65
f 3199/375/1751 3582/377/1751 3581/376/1751
f 3283/378/65 3494/380/65 3284/379/65
f 3494/380/1753 3283/378/1753 3282/381/1753
f 3495/143/65 3494/380/65 3282/381/65
f 3495/143/1752 3282/381/1752 3281/382/1752
f 3530/305/65 3526/384/65 3525/383/65
f 3493/276/65 3285/277/65 3494/380/65
f 3530/305/1756 3527/385/1756 3526/384/1756
f 3763/386/65 3753/388/65 3752/387/65
f 3510/389/65 3509/391/65 3501/390/65
f 3343/214/65 3342/165/65 3427/157/65
f 3727/392/65 3717/393/65 3716/320/65
f 3233/260/1769 3564/261/1769 3563/394/1769
f 3195/395/1770 3169/97/1770 3196/396/1770
f 3230/242/1769 3570/243/1769 3569/397/1769
f 3508/398/1759 3503/400/1759 3502/399/1759
f 3239/401/65 3548/402/65 3240/282/65
f 3503/400/1768 3507/404/1768 3504/403/1768
f 3505/405/65 3504/403/65 3506/406/65
f 3504/403/65 3507/404/65 3506/406/65
f 3438/158/1752 3342/165/1752 3341/167/1752
f 3451/193/65 3440/194/65 3339/407/65
f 3502/399/65 3509/391/65 3508/398/65
f 3276/408/65 3275/217/65 3497/251/65
f 3487/409/65 3476/410/65 3488/121/65
f 3275/217/65 3261/215/65 3497/251/65
f 3692/360/65 3652/303/65 3651/362/65
f 3511/411/65 3510/389/65 3500/412/65
f 3261/215/65 3274/216/65 3262/328/65
f 3274/216/1769 3273/330/1769 3262/328/1769
f 3272/413/65 3263/329/65 3273/330/65
f 3531/334/1746 3523/306/1746 3522/414/1746
f 3272/413/65 3264/315/65 3263/329/65
f 3234/358/65 3560/156/65 3235/154/65
f 3270/415/1751 3269/262/1751 3264/315/1751
f 3344/213/65 3426/133/65 3345/134/65
f 3488/121/1769 3313/168/1769 3312/123/1769
f 3205/294/295 3225/295/295 3224/416/295
f 3462/265/1769 3315/417/1769 3314/279/1769
f 3353/418/1754 3417/420/1754 3416/419/1754
f 3205/294/1771 3224/416/1771 3206/246/1771
f 3461/266/65 3316/267/65 3462/265/65
f 3439/166/65 3340/421/65 3440/194/65
f 3205/294/1769 3227/422/1769 3226/296/1769
f 3261/215/65 3260/253/65 3497/251/65
f 3190/172/1754 3172/173/1754 3191/44/1754
f 3346/129/65 3424/124/65 3347/125/65
f 3259/146/65 3258/103/65 3513/104/65
f 3928/233/1769 3941/234/1769 3940/423/1769
f 3214/424/65 3218/426/65 3215/425/65
f 3257/105/65 3256/428/65 3514/427/65
f 3202/83/65 3577/232/65 3576/429/65
f 3809/131/65 3793/431/65 3810/430/65
f 3255/273/65 3254/432/65 3516/272/65
f 3439/166/1054 3341/167/1054 3340/421/1054
f 3911/433/131 3908/435/131 3907/434/131
f 3490/148/65 3303/436/65 3491/126/65
f 3352/437/65 3417/420/65 3353/418/65
f 3198/175/65 3583/255/65 3199/375/65
f 3241/283/1756 3542/439/1756 3242/438/1756
f 3240/282/1054 3547/441/1054 3546/440/1054
f 3276/408/1768 3497/251/1768 3277/340/1768
f 3838/442/1761 3837/444/1761 3773/443/1761
f 3252/445/65 3251/22/65 3253/20/65
f 3196/396/65 3169/97/65 3197/446/65
f 3187/300/65 3180/301/65 3188/369/65
f 3488/121/65 3476/410/65 3475/169/65
f 3823/447/65 3791/449/65 3790/448/65
f 3491/126/1769 3303/436/1769 3302/310/1769
f 3529/450/65 3528/451/65 3530/305/65
f 3799/374/65 3807/453/65 3800/452/65
f 3775/454/65 3787/114/65 3776/455/65
f 3247/456/423 3253/20/423 3248/353/423
f 3693/361/1752 3651/362/1752 3650/457/1752
f 3773/443/65 3836/459/65 3828/458/65
f 3489/230/1753 3308/297/1753 3307/366/1753
f 3244/460/1761 3243/324/1761 3517/322/1761
f 3519/461/423 3532/462/423 3520/335/423
f 3828/458/1772 3836/459/1772 3829/463/1772
f 3531/334/1746 3522/414/1746 3521/336/1746
f 3243/324/65 3533/464/65 3518/323/65
f 3534/465/65 3533/464/65 3242/438/65
f 3223/245/1773 3209/332/1773 3208/304/1773
f 3536/466/1774 3535/467/1774 3542/439/1774
f 3537/468/65 3536/466/65 3542/439/65
f 3538/469/65 3537/468/65 3542/439/65
f 3539/470/65 3538/469/65 3542/439/65
f 3540/471/65 3539/470/65 3542/439/65
f 3541/472/65 3540/471/65 3542/439/65
f 3489/230/1752 3310/473/1752 3309/298/1752
f 3534/465/65 3542/439/65 3535/467/65
f 3543/474/65 3542/439/65 3241/283/65
f 3220/475/423 3213/477/423 3212/476/423
f 3544/478/65 3543/474/65 3241/283/65
f 3544/478/65 3241/283/65 3545/281/65
f 3491/126/1746 3300/480/1746 3299/479/1746
f 3545/281/65 3240/282/65 3546/440/65
f 3338/356/1054 3452/136/1054 3451/193/1054
f 3679/481/65 3655/182/65 3680/81/65
f 3347/125/65 3423/119/65 3348/120/65
f 3485/482/65 3477/484/65 3486/483/65
f 3236/224/65 3556/225/65 3237/311/65
f 3500/412/65 3510/389/65 3501/390/65
f 3490/148/1753 3305/149/1753 3304/485/1753
f 3717/393/65 3726/487/65 3725/486/65
f 3246/488/65 3253/20/65 3247/456/65
f 3725/486/65 3718/489/65 3717/393/65
f 3229/241/1752 3572/490/1752 3571/317/1752
f 3230/242/1746 3569/397/1746 3568/491/1746
f 3491/126/1751 3299/479/1751 3298/171/1751
f 3231/492/65 3566/368/65 3232/259/65
f 3691/184/65 3652/303/65 3692/360/65
f 3280/142/65 3495/143/65 3281/382/65
f 3790/448/1747 3824/493/1747 3823/447/1747
f 3934/494/1775 3936/496/1775 3935/495/1775
f 3514/427/65 3256/428/65 3515/271/65
f 3222/331/1776 3210/497/1776 3209/332/1776
f 3901/498/65 3913/102/65 3902/499/65
f 3518/323/1754 3532/462/1754 3519/461/1754
f 3271/500/65 3264/315/65 3272/413/65
f 3230/242/65 3568/491/65 3231/492/65
f 3493/276/1753 3287/351/1753 3286/278/1753
f 3494/380/1747 3285/277/1747 3284/379/1747
f 3893/501/295 3922/502/295 3894/257/295
f 3233/260/65 3562/503/65 3234/358/65
f 3239/401/1759 3550/505/1759 3549/504/1759
f 3453/506/1751 3336/137/1751 3335/507/1751
f 3197/446/65 3169/97/65 3198/175/65
f 3228/508/65 3204/269/65 3229/241/65
f 3840/190/65 3839/510/65 3772/509/65
f 3217/511/65 3216/512/65 3218/426/65
f 3216/512/65 3215/425/65 3218/426/65
f 3456/513/1769 3331/515/1769 3330/514/1769
f 3952/27/373 3734/516/373 3733/29/373
f 3214/424/65 3213/477/65 3219/517/65
f 3219/517/65 3213/477/65 3220/475/65
f 3648/518/1768 3696/519/1768 3695/200/1768
f 3245/372/65 3254/432/65 3246/488/65
f 3716/320/1769 3728/321/1769 3727/392/1769
f 3456/513/1746 3330/514/1746 3329/365/1746
f 3190/172/65 3174/520/65 3173/174/65
f 3353/418/1761 3416/419/1761 3415/521/1761
f 3818/522/65 3816/523/65 3792/339/65
f 3460/66/373 3320/373/373 3319/314/373
f 3893/501/65 3949/140/65 3922/502/65
f 3490/148/373 3304/485/373 3303/436/373
f 3204/269/65 3227/422/65 3205/294/65
f 3245/372/65 3244/460/65 3517/322/65
f 3694/199/65 3650/457/65 3649/201/65
f 3492/75/1751 3294/135/1751 3293/316/1751
f 3777/524/1754 3785/525/1754 3778/92/1754
f 3501/390/1754 3509/391/1754 3502/399/1754
f 3256/428/1759 3255/273/1759 3515/271/1759
f 3239/401/1751 3549/504/1751 3548/402/1751
f 3186/526/1753 3182/527/1753 3181/302/1753
f 3235/154/65 3558/528/65 3236/224/65
f 3714/529/65 3702/530/65 3715/319/65
f 3752/387/1769 3764/187/1769 3763/386/1769
f 3219/517/65 3218/426/65 3214/424/65
f 3260/253/65 3259/146/65 3498/252/65
f 3486/483/65 3477/484/65 3487/409/65
f 3489/230/65 3307/366/65 3490/148/65
f 3577/232/65 3201/231/65 3578/274/65
f 3691/184/1769 3681/185/1769 3652/303/1769
f 3751/531/65 3738/186/65 3764/187/65
f 3675/532/65 3669/533/65 3676/236/65
f 3455/318/1769 3332/107/1769 3331/515/1769
f 3751/531/65 3764/187/65 3752/387/65
f 3220/475/1772 3212/476/1772 3221/534/1772
f 3456/513/65 3329/365/65 3457/363/65
f 3802/535/65 3805/204/65 3803/202/65
f 3187/300/65 3186/526/65 3181/302/65
f 3348/120/65 3422/118/65 3349/116/65
f 3352/437/1747 3418/536/1747 3417/420/1747
f 3351/110/1756 3419/111/1756 3418/536/1756
f 3233/260/1769 3563/394/1769 3562/503/1769
f 3453/506/1752 3335/507/1752 3334/537/1752
f 3190/172/65 3176/539/65 3175/538/65
f 3236/224/1769 3558/528/1769 3557/226/1769
f 3227/422/65 3204/269/65 3228/508/65
f 3414/540/65 3407/64/65 3415/521/65
f 3238/312/1751 3553/542/1751 3552/541/1751
f 3829/463/1777 3831/544/1777 3830/543/1777
f 3203/84/1751 3574/244/1751 3573/270/1751
f 3254/432/65 3253/20/65 3246/488/65
f 3443/88/65 3446/228/65 3444/229/65
f 3202/83/1751 3576/429/1751 3575/85/1751
f 3451/193/65 3339/407/65 3338/356/65
f 3452/136/65 3336/137/65 3453/506/65
f 3491/126/1761 3296/545/1761 3295/127/1761
f 3238/312/1751 3552/541/1751 3551/546/1751
f 3678/210/65 3658/547/65 3679/481/65
f 3221/534/65 3210/497/65 3222/331/65
f 3351/110/65 3418/536/65 3352/437/65
f 3952/27/65 3644/549/65 3953/548/65
f 3960/550/65 3597/552/65 3596/551/65
f 3959/553/1746 3612/555/1746 3611/554/1746
f 3960/550/1751 3598/556/1751 3597/552/1751
f 3450/557/65 3441/195/65 3451/193/65
f 3512/145/65 3511/411/65 3499/558/65
f 3960/550/1751 3600/560/1751 3599/559/1751
f 3952/27/1747 3732/28/1747 3731/561/1747
f 3693/361/65 3650/457/65 3694/199/65
f 3951/180/1054 3848/562/1054 3847/181/1054
f 3742/563/1760 3747/565/1760 3743/564/1760
f 3765/188/65 3737/566/65 3951/180/65
f 3458/342/1769 3328/364/1769 3327/567/1769
f 3492/75/1759 3289/568/1759 3288/352/1759
f 3951/180/1755 3767/349/1755 3766/569/1755
f 3647/570/65 3696/519/65 3648/518/65
f 3184/571/65 3183/573/65 3185/572/65
f 3960/550/65 3590/574/65 3169/97/65
f 3591/575/65 3590/574/65 3960/550/65
f 3592/576/65 3591/575/65 3960/550/65
f 3593/577/65 3592/576/65 3960/550/65
f 3593/577/1753 3960/550/1753 3594/578/1753
f 3793/431/65 3796/308/65 3795/579/65
f 3959/553/1769 3611/554/1769 3610/580/1769
f 3499/558/65 3511/411/65 3500/412/65
f 3959/553/1752 3613/581/1752 3612/555/1752
f 3697/582/1769 3647/570/1769 3646/583/1769
f 3229/241/1751 3204/269/1751 3572/490/1751
f 3950/584/1769 3878/586/1769 3877/585/1769
f 3927/587/1778 3942/235/1778 3928/233/1778
f 3959/553/65 3602/588/65 3960/550/65
f 3603/589/373 3602/588/373 3959/553/373
f 3604/590/65 3603/589/65 3959/553/65
f 3605/591/65 3604/590/65 3959/553/65
f 3606/592/65 3605/591/65 3959/553/65
f 3607/593/373 3606/592/373 3959/553/373
f 3608/594/1747 3607/593/1747 3959/553/1747
f 3609/595/373 3608/594/373 3959/553/373
f 3609/595/65 3959/553/65 3610/580/65
f 3960/550/1752 3595/596/1752 3594/578/1752
f 3936/496/65 3933/598/65 3937/597/65
f 3960/550/1054 3599/559/1054 3598/556/1054
f 3954/599/65 3628/601/65 3627/600/65
f 3958/602/65 3614/603/65 3959/553/65
f 3615/604/65 3614/603/65 3958/602/65
f 3615/604/65 3958/602/65 3616/605/65
f 3621/606/65 3956/608/65 3955/607/65
f 3617/609/65 3616/605/65 3957/610/65
f 3618/611/65 3617/609/65 3957/610/65
f 3618/611/65 3957/610/65 3956/608/65
f 3619/612/65 3618/611/65 3956/608/65
f 3620/613/65 3619/612/65 3956/608/65
f 3620/613/65 3956/608/65 3621/606/65
f 3960/550/65 3596/551/65 3595/596/65
f 3622/614/65 3621/606/65 3955/607/65
f 3623/615/65 3622/614/65 3955/607/65
f 3623/615/65 3955/607/65 3954/599/65
f 3624/616/65 3623/615/65 3954/599/65
f 3625/617/65 3624/616/65 3954/599/65
f 3625/617/65 3954/599/65 3626/618/65
f 3940/423/1765 3929/619/1765 3928/233/1765
f 3169/97/65 3590/574/65 3589/620/65
f 3683/206/1755 3689/622/1755 3688/621/1755
f 3371/30/65 3373/31/65 3372/623/65
f 3663/624/1756 3662/211/1756 3677/209/1756
f 3495/143/65 3279/144/65 3496/222/65
f 3724/625/65 3719/626/65 3718/489/65
f 3953/548/65 3633/627/65 3954/599/65
f 3634/628/65 3633/627/65 3953/548/65
f 3635/629/65 3634/628/65 3953/548/65
f 3636/630/65 3635/629/65 3953/548/65
f 3637/631/1779 3636/630/1779 3953/548/1779
f 3638/632/1761 3637/631/1761 3953/548/1761
f 3639/633/65 3638/632/65 3953/548/65
f 3640/634/1756 3639/633/1756 3953/548/1756
f 3641/635/65 3640/634/65 3953/548/65
f 3642/636/65 3641/635/65 3953/548/65
f 3643/637/65 3642/636/65 3953/548/65
f 3644/549/65 3643/637/65 3953/548/65
f 3645/638/65 3644/549/65 3952/27/65
f 3646/583/65 3645/638/65 3952/27/65
f 3696/519/65 3647/570/65 3697/582/65
f 3666/237/65 3665/639/65 3677/209/65
f 3719/626/1756 3723/641/1756 3722/640/1756
f 3686/642/804 3684/207/804 3687/205/804
f 3772/509/1756 3838/442/1756 3773/443/1756
f 3789/643/1780 3826/645/1780 3825/644/1780
f 3682/646/65 3689/622/65 3683/206/65
f 3773/443/65 3828/458/65 3774/647/65
f 3689/622/65 3682/646/65 3690/183/65
f 3204/269/65 3573/270/65 3572/490/65
f 3657/648/65 3656/649/65 3679/481/65
f 3658/547/1054 3657/648/1054 3679/481/1054
f 3659/650/1761 3658/547/1761 3678/210/1761
f 3660/651/65 3659/650/65 3678/210/65
f 3661/652/65 3660/651/65 3678/210/65
f 3662/211/65 3661/652/65 3678/210/65
f 3459/248/1746 3324/249/1746 3323/653/1746
f 3664/654/65 3663/624/65 3677/209/65
f 3665/639/423 3664/654/423 3677/209/423
f 3952/27/692 3731/561/692 3730/655/692
f 3667/656/65 3666/237/65 3676/236/65
f 3954/599/1054 3630/658/1054 3629/657/1054
f 3669/533/1755 3668/659/1755 3676/236/1755
f 3952/27/1767 3730/655/1767 3729/660/1767
f 3960/550/1769 3602/588/1769 3601/661/1769
f 3672/662/65 3671/663/65 3675/532/65
f 3673/664/65 3672/662/65 3674/665/65
f 3672/662/65 3675/532/65 3674/665/65
f 3221/534/1764 3212/476/1764 3211/666/1764
f 3954/599/1751 3631/667/1751 3630/658/1751
f 3791/449/65 3820/668/65 3792/339/65
f 3413/212/65 3407/64/65 3414/540/65
f 3462/265/1769 3316/267/1769 3315/417/1769
f 3770/669/65 3769/14/65 3845/15/65
f 3427/157/65 3437/98/65 3428/147/65
f 3690/183/65 3682/646/65 3681/185/65
f 3518/323/1781 3533/464/1781 3532/462/1781
f 3199/375/373 3583/255/373 3582/377/373
f 3237/311/1752 3556/225/1752 3555/670/1752
f 3685/671/65 3684/207/65 3686/642/65
f 3789/643/65 3788/115/65 3826/645/65
f 3200/672/65 3579/275/65 3201/231/65
f 3221/534/1746 3211/666/1746 3210/497/1746
f 3491/126/1054 3301/309/1054 3300/480/1054
f 3459/248/1782 3323/653/1782 3460/66/1782
f 3950/584/1746 3877/585/1746 3876/673/1746
f 3926/674/65 3943/675/65 3927/587/65
f 3448/86/65 3442/87/65 3449/676/65
f 3206/246/1763 3224/416/1763 3223/245/1763
f 3668/659/65 3667/656/65 3676/236/65
f 3413/212/65 3408/74/65 3407/64/65
f 3952/27/65 3697/582/65 3646/583/65
f 3698/677/65 3697/582/65 3952/27/65
f 3699/678/65 3698/677/65 3952/27/65
f 3700/679/1783 3699/678/1783 3952/27/1783
f 3701/680/1782 3700/679/1782 3952/27/1782
f 3702/530/65 3701/680/65 3728/321/65
f 3703/681/65 3702/530/65 3714/529/65
f 3242/438/65 3533/464/65 3243/324/65
f 3449/676/65 3441/195/65 3450/557/65
f 3754/220/1753 3761/682/1753 3760/219/1753
f 3449/676/65 3442/87/65 3441/195/65
f 3708/683/1749 3707/685/1749 3711/684/1749
f 3709/686/65 3708/683/65 3710/687/65
f 3708/683/65 3711/684/65 3710/687/65
f 3712/688/65 3711/684/65 3706/689/65
f 3713/690/65 3712/688/65 3705/691/65
f 3714/529/65 3713/690/65 3703/681/65
f 3169/97/1751 3586/692/1751 3585/176/1751
f 3954/599/651 3627/600/651 3626/618/651
f 3487/409/65 3477/484/65 3476/410/65
f 3741/197/1754 3748/693/1754 3742/563/1754
f 3169/97/1780 3191/44/1780 3170/45/1780
f 3447/218/1756 3446/228/1756 3443/88/1756
f 3723/641/1764 3719/626/1764 3724/625/1764
f 3720/694/65 3719/626/65 3722/640/65
f 3721/695/65 3720/694/65 3722/640/65
f 3530/305/65 3525/383/65 3524/307/65
f 3960/550/65 3601/661/65 3600/560/65
f 3726/487/65 3717/393/65 3727/392/65
f 3951/180/373 3766/569/373 3765/188/373
f 3915/696/1755 3899/698/1755 3916/697/1755
f 3951/180/423 3853/700/423 3852/699/423
f 3169/97/1751 3588/702/1751 3587/701/1751
f 3483/341/1756 3482/347/1756 3479/327/1756
f 3951/180/245 3769/14/245 3768/350/245
f 3950/584/1769 3879/703/1769 3878/586/1769
f 3776/455/65 3786/704/65 3777/524/65
f 3200/672/1746 3580/705/1746 3579/275/1746
f 3951/180/65 3734/516/65 3952/27/65
f 3735/706/65 3734/516/65 3951/180/65
f 3736/707/65 3735/706/65 3951/180/65
f 3737/566/65 3736/707/65 3951/180/65
f 3738/186/65 3737/566/65 3765/188/65
f 3739/708/65 3738/186/65 3750/709/65
f 3232/259/1769 3565/367/1769 3564/261/1769
f 3762/710/65 3753/388/65 3763/386/65
f 3240/282/1751 3548/402/1751 3547/441/1751
f 3353/418/65 3415/521/65 3354/65/65
f 3744/711/1749 3743/564/1749 3747/565/1749
f 3745/712/65 3744/711/65 3746/713/65
f 3744/711/65 3747/565/65 3746/713/65
f 3748/693/65 3747/565/65 3742/563/65
f 3749/198/65 3748/693/65 3741/197/65
f 3750/709/65 3749/198/65 3739/708/65
f 3774/647/1752 3828/458/1752 3827/113/1752
f 3695/200/1752 3649/201/1752 3648/518/1752
f 3703/681/65 3713/690/65 3704/714/65
f 3761/682/65 3753/388/65 3762/710/65
f 3706/689/1760 3711/684/1760 3707/685/1760
f 3759/715/1764 3755/221/1764 3760/219/1764
f 3758/716/1757 3755/221/1757 3759/715/1757
f 3756/717/65 3755/221/65 3758/716/65
f 3757/718/65 3756/717/65 3758/716/65
f 3704/714/65 3713/690/65 3705/691/65
f 3753/388/65 3761/682/65 3754/220/65
f 3194/96/1784 3169/97/1784 3195/395/1784
f 3683/206/1761 3688/621/1761 3687/205/1761
f 3702/530/65 3728/321/65 3715/319/65
f 3784/94/65 3783/719/65 3779/93/65
f 3188/369/1756 3180/301/1756 3179/371/1756
f 3959/553/65 3614/603/65 3613/581/65
f 3954/599/65 3629/657/65 3628/601/65
f 3169/97/1751 3589/620/1751 3588/702/1751
f 3186/526/65 3185/572/65 3182/527/65
f 3670/720/65 3675/532/65 3671/663/65
f 3843/721/65 3770/669/65 3844/722/65
f 3771/192/65 3770/669/65 3843/721/65
f 3772/509/65 3771/192/65 3840/190/65
f 3492/75/1755 3290/723/1755 3289/568/1755
f 3259/146/65 3512/145/65 3498/252/65
f 3270/415/1746 3264/315/1746 3271/500/1746
f 3826/645/1749 3788/115/1749 3827/113/1749
f 3905/70/65 3913/102/65 3912/69/65
f 3415/521/1769 3407/64/1769 3354/65/1769
f 3680/81/65 3653/82/65 3681/185/65
f 3705/691/1754 3712/688/1754 3706/689/1754
f 3781/724/65 3780/726/65 3782/725/65
f 3780/726/65 3783/719/65 3782/725/65
f 3169/97/373 3587/701/373 3586/692/373
f 3785/525/65 3784/94/65 3778/92/65
f 3786/704/65 3785/525/65 3777/524/65
f 3787/114/65 3786/704/65 3776/455/65
f 3238/312/65 3551/546/65 3239/401/65
f 3952/27/65 3729/660/65 3701/680/65
f 3724/625/65 3718/489/65 3725/486/65
f 3238/312/1752 3554/313/1752 3553/542/1752
f 3822/727/651 3791/449/651 3823/447/651
f 3235/154/65 3559/155/65 3558/528/65
f 3793/431/65 3792/339/65 3813/337/65
f 3796/308/65 3793/431/65 3809/131/65
f 3231/492/1751 3568/491/1751 3567/728/1751
f 3242/438/1746 3542/439/1746 3534/465/1746
f 3793/431/1785 3795/579/1785 3794/729/1785
f 3458/342/1752 3327/567/1752 3326/343/1752
f 3455/318/65 3331/515/65 3456/513/65
f 3199/375/1763 3581/376/1763 3200/672/1763
f 3354/65/1746 3406/57/1746 3355/61/1746
f 3802/535/1786 3801/731/1786 3806/730/1786
f 3459/248/1746 3326/343/1746 3325/250/1746
f 3806/730/65 3805/204/65 3802/535/65
f 3807/453/804 3806/730/804 3800/452/804
f 3808/130/65 3807/453/65 3799/374/65
f 3811/732/1787 3793/431/1787 3812/733/1787
f 3189/370/1780 3179/371/1780 3178/734/1780
f 3239/401/65 3551/546/65 3550/505/65
f 3810/430/65 3793/431/65 3811/732/65
f 3265/177/65 3268/263/65 3267/179/65
f 3813/337/65 3812/733/65 3793/431/65
f 3792/339/65 3816/523/65 3815/735/65
f 3792/339/1746 3815/735/1746 3814/338/1746
f 3520/335/1788 3532/462/1788 3531/334/1788
f 3817/736/65 3816/523/65 3818/522/65
f 3656/649/65 3655/182/65 3679/481/65
f 3951/180/1751 3852/699/1751 3851/737/1751
f 3492/75/1754 3291/76/1754 3290/723/1754
f 3774/647/65 3827/113/65 3775/454/65
f 3491/126/1751 3297/170/1751 3296/545/1751
f 3771/192/1769 3842/738/1769 3841/191/1769
f 3789/643/65 3824/493/65 3790/448/65
f 3954/599/1752 3633/627/1752 3632/739/1752
f 3951/180/65 3846/16/65 3769/14/65
f 3821/740/1780 3791/449/1780 3822/727/1780
f 3190/172/1761 3175/538/1761 3174/520/1761
f 3792/339/373 3819/741/373 3818/522/373
f 3820/668/65 3819/741/65 3792/339/65
f 3821/740/65 3820/668/65 3791/449/65
f 3771/192/1054 3843/721/1054 3842/738/1054
f 3954/599/1751 3632/739/1751 3631/667/1751
f 3839/510/65 3838/442/65 3772/509/65
f 3189/370/1755 3177/742/1755 3176/539/1755
f 3829/463/1785 3832/743/1785 3831/544/1785
f 3829/463/65 3834/745/65 3833/744/65
f 3489/230/1752 3311/122/1752 3310/473/1752
f 3829/463/1789 3833/744/1789 3832/743/1789
f 3829/463/1790 3836/459/1790 3835/746/1790
f 3231/492/65 3567/728/65 3566/368/65
f 3829/463/261 3835/746/261 3834/745/261
f 3185/572/1791 3183/573/1791 3182/527/1791
f 3234/358/1746 3562/503/1746 3561/359/1746
f 3837/444/65 3836/459/65 3773/443/65
f 3789/643/373 3825/644/373 3824/493/373
f 3951/180/1751 3849/747/1751 3848/562/1751
f 3951/180/1753 3850/748/1753 3849/747/1753
f 3951/180/1754 3851/737/1754 3850/748/1754
f 3927/587/1759 3943/675/1759 3942/235/1759
f 3827/113/65 3787/114/65 3775/454/65
f 3951/180/1759 3854/749/1759 3853/700/1759
f 3950/584/1747 3880/750/1747 3879/703/1747
f 3200/672/373 3581/376/373 3580/705/373
f 3345/134/65 3425/128/65 3346/129/65
f 3950/584/65 3856/355/65 3951/180/65
f 3950/584/423 3857/751/423 3856/355/423
f 3950/584/1769 3858/752/1769 3857/751/1769
f 3950/584/65 3859/753/65 3858/752/65
f 3950/584/1751 3860/754/1751 3859/753/1751
f 3950/584/1769 3861/755/1769 3860/754/1769
f 3950/584/1752 3862/756/1752 3861/755/1752
f 3950/584/1756 3863/757/1756 3862/756/1756
f 3950/584/65 3864/758/65 3863/757/65
f 3950/584/1753 3865/759/1753 3864/758/1753
f 3950/584/373 3866/760/373 3865/759/373
f 3950/584/1751 3867/761/1751 3866/760/1751
f 3950/584/1751 3868/762/1751 3867/761/1751
f 3950/584/65 3869/763/65 3868/762/65
f 3950/584/65 3870/764/65 3869/763/65
f 3950/584/65 3871/765/65 3870/764/65
f 3950/584/1751 3872/766/1751 3871/765/1751
f 3950/584/1751 3873/767/1751 3872/766/1751
f 3950/584/1752 3874/768/1752 3873/767/1752
f 3950/584/1752 3875/769/1752 3874/768/1752
f 3950/584/1751 3876/673/1751 3875/769/1751
f 3513/104/65 3257/105/65 3514/427/65
f 3192/254/65 3169/97/65 3193/95/65
f 3670/720/65 3669/533/65 3675/532/65
f 3951/180/1769 3855/354/1769 3854/749/1769
f 3350/109/295 3421/117/295 3420/112/295
f 3949/140/65 3880/750/65 3950/584/65
f 3881/770/65 3880/750/65 3949/140/65
f 3882/771/65 3881/770/65 3949/140/65
f 3883/772/1779 3882/771/1779 3949/140/1779
f 3884/773/65 3883/772/65 3949/140/65
f 3885/774/65 3884/773/65 3949/140/65
f 3886/775/1755 3885/774/1755 3949/140/1755
f 3887/776/65 3886/775/65 3949/140/65
f 3888/777/1754 3887/776/1754 3949/140/1754
f 3889/778/423 3888/777/423 3949/140/423
f 3890/779/65 3889/778/65 3949/140/65
f 3890/779/65 3949/140/65 3891/344/65
f 3457/363/1783 3328/364/1783 3458/342/1783
f 3750/709/65 3738/186/65 3751/531/65
f 3892/345/65 3949/140/65 3893/501/65
f 3484/325/65 3478/326/65 3485/482/65
f 3948/139/1761 3947/780/1761 3925/141/1761
f 3800/452/65 3806/730/65 3801/731/65
f 3947/780/65 3946/781/65 3925/141/65
f 3507/404/65 3503/400/65 3508/398/65
f 3485/482/65 3478/326/65 3477/484/65
f 3922/502/65 3921/782/65 3894/257/65
f 3898/163/65 3916/697/65 3899/698/65
f 3945/783/65 3944/784/65 3926/674/65
f 3923/785/65 3949/140/65 3924/189/65
f 3944/784/65 3943/675/65 3926/674/65
f 3530/305/65 3523/306/65 3531/334/65
f 3373/31/65 3366/36/65 3374/42/65
f 3701/680/65 3729/660/65 3728/321/65
f 3900/786/65 3899/698/65 3915/696/65
f 3901/498/65 3900/786/65 3914/787/65
f 3516/272/65 3254/432/65 3245/372/65
f 3498/252/65 3512/145/65 3499/558/65
f 3907/434/1757 3912/69/1757 3911/433/1757
f 3904/101/65 3903/788/65 3913/102/65
f 3910/789/1792 3908/435/1792 3911/433/1792
f 3189/370/1755 3178/734/1755 3177/742/1755
f 3906/71/65 3912/69/65 3907/434/65
f 3946/781/65 3945/783/65 3926/674/65
f 3938/89/65 3937/597/65 3931/790/65
f 3913/102/1756 3903/788/1756 3902/499/1756
f 3189/370/692 3176/539/692 3190/172/692
f 3460/66/1769 3323/653/1769 3322/68/1769
f 3909/791/65 3908/435/65 3910/789/65
f 3934/494/65 3933/598/65 3936/496/65
f 3237/311/1769 3555/670/1769 3554/313/1769
f 3933/598/65 3932/792/65 3937/597/65
f 3918/299/1761 3917/164/1761 3897/162/1761
f 3739/708/65 3749/198/65 3740/196/65
f 3931/790/65 3930/91/65 3938/89/65
f 3492/75/65 3288/352/65 3493/276/65
f 3930/91/65 3929/619/65 3939/90/65
f 3920/258/65 3919/240/65 3895/238/65
f 3939/90/1764 3929/619/1764 3940/423/1764
f 3440/194/1747 3340/421/1747 3339/407/1747
f 3914/787/65 3900/786/65 3915/696/65
f 3530/305/1783 3528/451/1783 3527/385/1783
f 3919/240/65 3918/299/65 3896/239/65
f 3922/502/65 3949/140/65 3923/785/65
f 3917/164/65 3916/697/65 3898/163/65
f 3925/141/65 3946/781/65 3926/674/65
f 3921/782/65 3920/258/65 3894/257/65
f 3453/506/65 3334/537/65 3454/106/65
f 3931/790/65 3937/597/65 3932/792/65
f 3454/106/1751 3334/537/1751 3333/108/1751
f 3779/93/1768 3783/719/1768 3780/726/1768
f 3461/266/1753 3318/333/1753 3317/268/1753
f 3770/669/1752 3845/15/1752 3844/722/1752
f 3914/787/65 3913/102/65 3901/498/65
f 3616/605/65 3958/602/65 3957/610/65
f 2622/540/1154 3414/540/1154 3415/521/1154 2623/521/1154
f 3057/747/1793 3849/747/1793 3850/748/1793 3058/748/1793
