<?xml version="1.0" encoding="utf-8"?>
<COLLADA xmlns="http://www.collada.org/2005/11/COLLADASchema" version="1.4.1" xmlns:xsi="http://www.w3.org/2001/XMLSchema-instance">
  <asset>
    <contributor>
      <author>Blender User</author>
      <authoring_tool>Blender 3.2.0 commit date:2022-06-08, commit time:10:22, hash:e05e1e369187</authoring_tool>
    </contributor>
    <created>2023-03-08T13:25:27</created>
    <modified>2023-03-08T13:25:27</modified>
    <unit name="meter" meter="1"/>
    <up_axis>Z_UP</up_axis>
  </asset>
  <library_effects>
    <effect id="gora_dol-effect">
      <profile_COMMON>
        <technique sid="common">
          <lambert>
            <emission>
              <color sid="emission">0 0 0 1</color>
            </emission>
            <diffuse>
              <color sid="diffuse">0.8 0.8 0.8 1</color>
            </diffuse>
            <index_of_refraction>
              <float sid="ior">1.45</float>
            </index_of_refraction>
          </lambert>
        </technique>
      </profile_COMMON>
    </effect>
    <effect id="tyl-effect">
      <profile_COMMON>
        <technique sid="common">
          <lambert>
            <emission>
              <color sid="emission">0 0 0 1</color>
            </emission>
            <diffuse>
              <color sid="diffuse">0.8 0.8 0.8 1</color>
            </diffuse>
            <index_of_refraction>
              <float sid="ior">1.45</float>
            </index_of_refraction>
          </lambert>
        </technique>
      </profile_COMMON>
    </effect>
    <effect id="front-effect">
      <profile_COMMON>
        <technique sid="common">
          <lambert>
            <emission>
              <color sid="emission">0 0 0 1</color>
            </emission>
            <diffuse>
              <color sid="diffuse">0.8 0.8 0.8 1</color>
            </diffuse>
            <index_of_refraction>
              <float sid="ior">1.45</float>
            </index_of_refraction>
          </lambert>
        </technique>
      </profile_COMMON>
    </effect>
  </library_effects>
  <library_images/>
  <library_materials>
    <material id="gora_dol-material" name="gora_dol">
      <instance_effect url="#gora_dol-effect"/>
    </material>
    <material id="tyl-material" name="tyl">
      <instance_effect url="#tyl-effect"/>
    </material>
    <material id="front-material" name="front">
      <instance_effect url="#front-effect"/>
    </material>
  </library_materials>
  <library_geometries>
    <geometry id="Circle-mesh" name="Circle">
      <mesh>
        <source id="Circle-mesh-positions">
          <float_array id="Circle-mesh-positions-array" count="2160">0.01916122 0.007915139 -1.350004 0.01791149 0.008047401 -1.350004 0.0166555 0.008093297 -1.350004 0.01415026 0.007912278 -1.350004 0.01291418 0.007687985 -1.350004 0.01169544 0.007385134 -1.350004 0.009336173 0.006532013 -1.350004 0.008211612 0.005976557 -1.350004 0.006092488 0.004641771 -1.350004 0.004171431 0.003039062 -1.350004 0.003340065 0.00210601 -1.350004 0.002474248 0.001212239 -1.350004 0.001320242 7.97978e-4 -1.350004 0.01789849 -0.001678049 -1.350004 0.01913052 -0.001857399 -1.350004 0.0203396 -0.002152621 -1.350004 0.02151376 -0.002563238 -1.350004 0.02263945 -0.0030905 -1.350004 0.02370977 -0.0037207 -1.350004 0.02472692 -0.004431962 -1.350004 0.02566146 -0.005247294 -1.350004 0.02645039 -0.006200969 -1.350004 0.02720415 -0.0071823 -1.350004 0.02825748 -0.007808327 -1.350004 0.0295 -0.007896959 -1.350004 0.03074461 -0.007872223 -1.350004 0.002564847 -0.007880449 -1.350004 0.003809452 -0.007880449 -1.350004 0.00505197 -0.007808327 -1.350004 0.006105303 -0.0071823 -1.350004 0.006859064 -0.006200969 -1.350004 0.007647991 -0.005247294 -1.350004 0.008582532 -0.004431962 -1.350004 0.009599685 -0.0037207 -1.350004 0.01067 -0.0030905 -1.350004 0.01179569 -0.002563238 -1.350004 0.01296985 -0.002152621 -1.350004 0.01417893 -0.001857399 -1.350004 0.01541095 -0.001678049 -1.350004 0.01665472 -0.001617729 -1.350004 0.001320242 -0.007880449 -1.350004 0.03083515 0.00121808 -1.350004 0.02992004 0.00206232 -1.350004 0.0291056 0.003013968 -1.350004 0.0282256 0.003903329 -1.350004 0.02724337 0.004677951 -1.350004 0.02618914 0.005357623 -1.350004 0.02509725 0.005973279 -1.350004 0.02397179 0.006527066 -1.350004 0.02281123 0.007004737 -1.350004 0.021618 0.007395744 -1.350004 0.02039885 0.007698297 -1.350004 0.005106747 0.003870189 -1.350004 0.007128357 0.005346059 -1.350004 0.01049965 0.007002353 -1.350004 0.01539939 0.00804913 -1.350004 0.002564847 -0.003571867 -1.350004 0.003770112 -0.003287851 -1.350004 0.004728257 -0.002508103 -1.350004 0.005523622 -0.001559436 -1.350004 0.00638622 -6.70759e-4 -1.350004 0.007345616 1.15136e-4 -1.350004 0.008370161 8.15624e-4 -1.350004 0.009446442 0.001435279 -1.350004 0.01056802 0.001970708 -1.350004 0.01172971 0.002414405 -1.350004 0.01292753 0.002751052 -1.350004 0.01415109 0.002978861 -1.350004 0.01538878 0.003112971 -1.350004 0.01663297 0.00316143 -1.350004 0.01787728 0.003115892 -1.350004 0.0191136 0.002968907 -1.350004 0.0203334 0.002721011 -1.350004 0.02152842 0.002374351 -1.350004 0.02268999 0.001930117 -1.350004 0.02381122 0.001393795 -1.350004 0.02488881 7.76006e-4 -1.350004 0.02591651 7.98572e-5 -1.350004 0.02687031 -7.13637e-4 -1.350004 0.02772575 -0.001608252 -1.350004 0.02856081 -0.002523899 -1.350004 0.02954149 -0.003280937 -1.350004 0.03074473 -0.003570437 -1.350004 0.03136694 -0.007872223 -1.350004 0.03141218 8.47494e-4 -1.350004 0.03136694 -0.003540456 -1.350004 0.001897215 8.46447e-4 -1.350004 0.001942574 -0.007880449 -1.350004 0.001942574 -0.003541171 -1.350004 -0.01150768 0.007915139 -1.350004 -0.01275742 0.008047401 -1.350004 -0.0140134 0.008093297 -1.350004 -0.01651865 0.007912278 -1.350004 -0.01775473 0.007687985 -1.350004 -0.01897346 0.007385134 -1.350004 -0.02133268 0.006532013 -1.350004 -0.0224573 0.005976557 -1.350004 -0.02457636 0.004641771 -1.350004 -0.02649742 0.003039062 -1.350004 -0.02732884 0.00210601 -1.350004 -0.02819466 0.001212239 -1.350004 -0.02934861 7.97978e-4 -1.350004 -0.01277035 -0.001678049 -1.350004 -0.01153832 -0.001857399 -1.350004 -0.0103293 -0.002152621 -1.350004 -0.009155094 -0.002563238 -1.350004 -0.00802946 -0.0030905 -1.350004 -0.00695908 -0.0037207 -1.350004 -0.005941927 -0.004431962 -1.350004 -0.005007386 -0.005247294 -1.350004 -0.004218518 -0.006200969 -1.350004 -0.003464758 -0.0071823 -1.350004 -0.002411425 -0.007808327 -1.350004 -0.001168906 -0.007896959 -1.350004 7.57063e-5 -0.007872223 -1.350004 -0.02810406 -0.007880449 -1.350004 -0.0268594 -0.007880449 -1.350004 -0.02561688 -0.007808327 -1.350004 -0.02456355 -0.0071823 -1.350004 -0.02380979 -0.006200969 -1.350004 -0.02302092 -0.005247294 -1.350004 -0.02208638 -0.004431962 -1.350004 -0.02106922 -0.0037207 -1.350004 -0.0199989 -0.0030905 -1.350004 -0.01887321 -0.002563238 -1.350004 -0.017699 -0.002152621 -1.350004 -0.01648998 -0.001857399 -1.350004 -0.01525795 -0.001678049 -1.350004 -0.01401412 -0.001617729 -1.350004 -0.02934861 -0.007880449 -1.350004 1.66238e-4 0.00121808 -1.350004 -7.48885e-4 0.00206232 -1.350004 -0.001563251 0.003013968 -1.350004 -0.002443313 0.003903329 -1.350004 -0.003425478 0.004677951 -1.350004 -0.004479706 0.005357623 -1.350004 -0.005571603 0.005973279 -1.350004 -0.006697118 0.006527066 -1.350004 -0.00785768 0.007004737 -1.350004 -0.009050905 0.007395744 -1.350004 -0.01027005 0.007698297 -1.350004 -0.02556216 0.003870189 -1.350004 -0.02354055 0.005346059 -1.350004 -0.02016919 0.007002353 -1.350004 -0.01526951 0.00804913 -1.350004 -0.02810406 -0.003571867 -1.350004 -0.02689874 -0.003287851 -1.350004 -0.02594065 -0.002508103 -1.350004 -0.02514529 -0.001559436 -1.350004 -0.02428269 -6.70759e-4 -1.350004 -0.02332329 1.15136e-4 -1.350004 -0.02229869 8.15624e-4 -1.350004 -0.02122247 0.001435279 -1.350004 -0.02010089 0.001970708 -1.350004 -0.01893919 0.002414405 -1.350004 -0.01774138 0.002751052 -1.350004 -0.01651781 0.002978861 -1.350004 -0.01528012 0.003112971 -1.350004 -0.01403594 0.00316143 -1.350004 -0.01279157 0.003115892 -1.350004 -0.01155525 0.002968907 -1.350004 -0.01033544 0.002721011 -1.350004 -0.009140491 0.002374351 -1.350004 -0.007978916 0.001930117 -1.350004 -0.006857693 0.001393795 -1.350004 -0.0057801 7.76006e-4 -1.350004 -0.004752337 7.98572e-5 -1.350004 -0.003798604 -7.13637e-4 -1.350004 -0.002943098 -0.001608252 -1.350004 -0.002108037 -0.002523899 -1.350004 -0.001127362 -0.003280937 -1.350004 7.58124e-5 -0.003570437 -1.350004 0.001320242 -0.003510475 -1.350004 -0.02934861 -0.003510475 -1.350004 6.97999e-4 -0.007872223 -1.350004 7.43265e-4 8.47494e-4 -1.350004 6.9805e-4 -0.003540456 -1.350004 -0.02877163 8.46447e-4 -1.350004 -0.02872633 -0.007880449 -1.350004 -0.02872633 -0.003541171 -1.350004 -0.0421766 0.007915139 -1.350004 -0.04342633 0.008047401 -1.350004 -0.04468232 0.008093297 -1.350004 -0.04718756 0.007912278 -1.350004 -0.04842364 0.007687985 -1.350004 -0.04964238 0.007385134 -1.350004 -0.05200165 0.006532013 -1.350004 -0.05312621 0.005976557 -1.350004 -0.05524533 0.004641771 -1.350004 -0.05716639 0.003039062 -1.350004 -0.05799776 0.00210601 -1.350004 -0.05886358 0.001212239 -1.350004 -0.06001758 7.97978e-4 -1.350004 -0.04343932 -0.001678049 -1.350004 -0.0422073 -0.001857399 -1.350004 -0.04099822 -0.002152621 -1.350004 -0.03982406 -0.002563238 -1.350004 -0.03869837 -0.0030905 -1.350004 -0.03762805 -0.0037207 -1.350004 -0.0366109 -0.004431962 -1.350004 -0.03567636 -0.005247294 -1.350004 -0.03488743 -0.006200969 -1.350004 -0.03413367 -0.0071823 -1.350004 -0.03308033 -0.007808327 -1.350004 -0.03183782 -0.007896959 -1.350004 -0.03059321 -0.007872223 -1.350004 -0.05877298 -0.007880449 -1.350004 -0.05752837 -0.007880449 -1.350004 -0.05628585 -0.007808327 -1.350004 -0.05523252 -0.0071823 -1.350004 -0.05447876 -0.006200969 -1.350004 -0.05368983 -0.005247294 -1.350004 -0.05275529 -0.004431962 -1.350004 -0.05173814 -0.0037207 -1.350004 -0.05066782 -0.0030905 -1.350004 -0.04954212 -0.002563238 -1.350004 -0.04836797 -0.002152621 -1.350004 -0.04715889 -0.001857399 -1.350004 -0.04592686 -0.001678049 -1.350004 -0.04468309 -0.001617729 -1.350004 -0.06001758 -0.007880449 -1.350004 -0.03050267 0.00121808 -1.350004 -0.03141778 0.00206232 -1.350004 -0.03223222 0.003013968 -1.350004 -0.03311222 0.003903329 -1.350004 -0.03409445 0.004677951 -1.350004 -0.03514868 0.005357623 -1.350004 -0.03624057 0.005973279 -1.350004 -0.03736603 0.006527066 -1.350004 -0.03852659 0.007004737 -1.350004 -0.03971982 0.007395744 -1.350004 -0.04093897 0.007698297 -1.350004 -0.05623108 0.003870189 -1.350004 -0.05420947 0.005346059 -1.350004 -0.05083817 0.007002353 -1.350004 -0.04593843 0.00804913 -1.350004 -0.05877536 -0.003033578 -1.350004 -0.05759245 -0.00297755 -1.350004 -0.05662935 -0.002310991 -1.350004 -0.0558142 -0.001559436 -1.350004 -0.0549516 -6.70759e-4 -1.350004 -0.05399227 1.15136e-4 -1.350004 -0.05296766 8.15624e-4 -1.350004 -0.05189138 0.001435279 -1.350004 -0.0507698 0.001970708 -1.350004 -0.04960811 0.002414405 -1.350004 -0.04841029 0.002751052 -1.350004 -0.04718673 0.002978861 -1.350004 -0.04594904 0.003112971 -1.350004 -0.04470491 0.00316143 -1.350004 -0.04346054 0.003115892 -1.350004 -0.04222422 0.002968907 -1.350004 -0.04100441 0.002721011 -1.350004 -0.0398094 0.002374351 -1.350004 -0.03864783 0.001930117 -1.350004 -0.0375266 0.001393795 -1.350004 -0.03644901 7.76006e-4 -1.350004 -0.03542131 7.98572e-5 -1.350004 -0.03446757 -7.13637e-4 -1.350004 -0.03361207 -0.001608252 -1.350004 -0.03277701 -0.002523899 -1.350004 -0.03179633 -0.003280937 -1.350004 -0.03059309 -0.003570437 -1.350004 -0.06001758 -0.002776086 -1.350004 -0.02997094 -0.007872223 -1.350004 -0.02992564 8.47494e-4 -1.350004 -0.02997088 -0.003540456 -1.350004 -0.05944055 8.46447e-4 -1.350004 -0.05939525 -0.007880449 -1.350004 -0.05939525 -0.002921044 -1.350004 -0.0648961 -0.007880449 -1.350004 -0.0648961 -0.002776086 -1.350004 0.04983013 0.007915139 -1.350004 0.0485804 0.008047401 -1.350004 0.04732441 0.008093297 -1.350004 0.04481923 0.007912278 -1.350004 0.04358309 0.007687985 -1.350004 0.04236435 0.007385134 -1.350004 0.04000514 0.006532013 -1.350004 0.03888052 0.005976557 -1.350004 0.03676146 0.004641771 -1.350004 0.0348404 0.003039062 -1.350004 0.03400897 0.00210601 -1.350004 0.03314316 0.001212239 -1.350004 0.03198921 7.97978e-4 -1.350004 0.0459004 -0.001682281 -1.350004 0.04690217 -0.00184983 -1.350004 0.04788786 -0.002139031 -1.350004 0.04884403 -0.002655744 -1.350004 0.04977035 -0.003611266 -1.350004 0.05062639 -0.005047738 -1.350004 0.05137854 -0.006592988 -1.350004 0.05215162 -0.007880449 -1.350004 0.05710411 -0.007880449 -1.350004 0.03323382 -0.007880449 -1.350004 0.03447842 -0.007880449 -1.350004 0.03556364 -0.007808327 -1.350004 0.03636032 -0.007103383 -1.350004 0.03700727 -0.006194233 -1.350004 0.03767281 -0.005274891 -1.350004 0.03839921 -0.004437148 -1.350004 0.03921198 -0.003715634 -1.350004 0.04008269 -0.003093779 -1.350004 0.04098975 -0.002568423 -1.350004 0.04193228 -0.002153754 -1.350004 0.04290693 -0.001856446 -1.350004 0.04390138 -0.001677393 -1.350004 0.04490125 -0.001620352 -1.350004 0.03198921 -0.007880449 -1.350004 0.06265813 7.97981e-4 -1.350004 0.06150412 0.00121808 -1.350004 0.06058895 0.00206232 -1.350004 0.05977457 0.003013968 -1.350004 0.05889451 0.003903329 -1.350004 0.05791234 0.004677951 -1.350004 0.05685812 0.005357623 -1.350004 0.05576622 0.005973279 -1.350004 0.05464071 0.006527066 -1.350004 0.05348014 0.007004737 -1.350004 0.05228692 0.007395744 -1.350004 0.05106776 0.007698297 -1.350004 0.03577566 0.003870189 -1.350004 0.03779727 0.005346059 -1.350004 0.04116863 0.007002353 -1.350004 0.04606831 0.00804913 -1.350004 0.03323382 -0.003571867 -1.350004 0.03443908 -0.003287851 -1.350004 0.03539723 -0.002508103 -1.350004 0.03619253 -0.001559436 -1.350004 0.03705513 -6.70759e-4 -1.350004 0.03801453 1.15136e-4 -1.350004 0.03903913 8.15624e-4 -1.350004 0.04011535 0.001435279 -1.350004 0.04123699 0.001970708 -1.350004 0.04239863 0.002414405 -1.350004 0.04359644 0.002751052 -1.350004 0.04482001 0.002978861 -1.350004 0.0460577 0.003112971 -1.350004 0.04730188 0.00316143 -1.350004 0.04854625 0.003115892 -1.350004 0.04978257 0.002968907 -1.350004 0.05100238 0.002721011 -1.350004 0.05219638 0.00204277 -1.350004 0.05335229 0.001275718 -1.350004 0.05445975 3.652e-4 -1.350004 0.05551016 -7.53986e-4 -1.350004 0.05648607 -0.001996219 -1.350004 0.05710411 -0.002260744 -1.350004 0.05839473 -0.002260744 -1.350004 0.05922973 -0.002260744 -1.350004 0.06021046 -0.002260744 -1.350004 0.0614385 -0.002260744 -1.350004 0.06265813 -0.002260744 -1.350004 0.03198921 -0.003510475 -1.350004 0.06208109 8.47494e-4 -1.350004 0.06204831 -0.002260744 -1.350004 0.03256618 8.46447e-4 -1.350004 0.03261148 -0.007880449 -1.350004 0.03261148 -0.003541171 -1.350004 0.05463546 -0.007880449 -1.350004 0.01791149 0.008047401 1.349996 0.01916122 0.007915139 1.349996 0.0166555 0.008093297 1.349996 0.01539939 0.00804913 1.349996 0.01291418 0.007687985 1.349996 0.01415026 0.007912278 1.349996 0.01169544 0.007385134 1.349996 0.01049965 0.007002353 1.349996 0.008211612 0.005976557 1.349996 0.009336173 0.006532013 1.349996 0.007128357 0.005346059 1.349996 0.005106747 0.003870189 1.349996 0.006092488 0.004641771 1.349996 0.003340065 0.00210601 1.349996 0.004171431 0.003039062 1.349996 0.002474248 0.001212239 1.349996 0.001897215 8.46447e-4 1.349996 0.01665472 -0.001617729 1.349996 0.01789849 -0.001678049 1.349996 0.01913052 -0.001857399 1.349996 0.0203396 -0.002152621 1.349996 0.02151376 -0.002563238 1.349996 0.02263945 -0.0030905 1.349996 0.02370977 -0.0037207 1.349996 0.02472692 -0.004431962 1.349996 0.02566146 -0.005247294 1.349996 0.02645039 -0.006200969 1.349996 0.02720415 -0.0071823 1.349996 0.02825748 -0.007808327 1.349996 0.0295 -0.007896959 1.349996 0.03074461 -0.007872223 1.349996 0.002564847 -0.007880449 1.349996 0.003809452 -0.007880449 1.349996 0.00505197 -0.007808327 1.349996 0.006105303 -0.0071823 1.349996 0.006859064 -0.006200969 1.349996 0.007647991 -0.005247294 1.349996 0.008582532 -0.004431962 1.349996 0.009599685 -0.0037207 1.349996 0.01067 -0.0030905 1.349996 0.01179569 -0.002563238 1.349996 0.01296985 -0.002152621 1.349996 0.01417893 -0.001857399 1.349996 0.01541095 -0.001678049 1.349996 0.03136694 -0.007872223 1.349996 0.001942574 -0.007880449 1.349996 0.02992004 0.00206232 1.349996 0.03083515 0.00121808 1.349996 0.0291056 0.003013968 1.349996 0.0282256 0.003903329 1.349996 0.02724337 0.004677951 1.349996 0.02618914 0.005357623 1.349996 0.02509725 0.005973279 1.349996 0.02397179 0.006527066 1.349996 0.02281123 0.007004737 1.349996 0.021618 0.007395744 1.349996 0.02039885 0.007698297 1.349996 0.002564847 -0.003571867 1.349996 0.003770112 -0.003287851 1.349996 0.004728257 -0.002508103 1.349996 0.005523622 -0.001559436 1.349996 0.00638622 -6.70759e-4 1.349996 0.007345616 1.15136e-4 1.349996 0.008370161 8.15624e-4 1.349996 0.009446442 0.001435279 1.349996 0.01056802 0.001970708 1.349996 0.01172971 0.002414405 1.349996 0.01292753 0.002751052 1.349996 0.01415109 0.002978861 1.349996 0.01538878 0.003112971 1.349996 0.01663297 0.00316143 1.349996 0.01787728 0.003115892 1.349996 0.0191136 0.002968907 1.349996 0.0203334 0.002721011 1.349996 0.02152842 0.002374351 1.349996 0.02268999 0.001930117 1.349996 0.02381122 0.001393795 1.349996 0.02488881 7.76006e-4 1.349996 0.02591651 7.98572e-5 1.349996 0.02687031 -7.13637e-4 1.349996 0.02772575 -0.001608252 1.349996 0.02856081 -0.002523899 1.349996 0.02954149 -0.003280937 1.349996 0.03074473 -0.003570437 1.349996 0.03136694 -0.003540456 1.349996 0.03141218 8.47494e-4 1.349996 0.001320242 7.97978e-4 1.349996 0.001942574 -0.003541171 1.349996 -0.01150768 0.007915139 1.349996 -0.01275742 0.008047401 1.349996 -0.0140134 0.008093297 1.349996 -0.01526951 0.00804913 1.349996 -0.01651865 0.007912278 1.349996 -0.01775473 0.007687985 1.349996 -0.01897346 0.007385134 1.349996 -0.02016919 0.007002353 1.349996 -0.02133268 0.006532013 1.349996 -0.0224573 0.005976557 1.349996 -0.02354055 0.005346059 1.349996 -0.02457636 0.004641771 1.349996 -0.02556216 0.003870189 1.349996 -0.02649742 0.003039062 1.349996 -0.02732884 0.00210601 1.349996 -0.02819466 0.001212239 1.349996 -0.02877163 8.46447e-4 1.349996 -0.02934861 -0.003510475 1.349996 -0.02934861 -0.007880449 1.349996 -0.01401412 -0.001617729 1.349996 -0.01277035 -0.001678049 1.349996 -0.01153832 -0.001857399 1.349996 -0.0103293 -0.002152621 1.349996 -0.009155094 -0.002563238 1.349996 -0.00802946 -0.0030905 1.349996 -0.00695908 -0.0037207 1.349996 -0.005941927 -0.004431962 1.349996 -0.005007386 -0.005247294 1.349996 -0.004218518 -0.006200969 1.349996 -0.003464758 -0.0071823 1.349996 -0.002411425 -0.007808327 1.349996 -0.001168906 -0.007896959 1.349996 7.57063e-5 -0.007872223 1.349996 -0.02810406 -0.007880449 1.349996 -0.0268594 -0.007880449 1.349996 -0.02561688 -0.007808327 1.349996 -0.02456355 -0.0071823 1.349996 -0.02380979 -0.006200969 1.349996 -0.02302092 -0.005247294 1.349996 -0.02208638 -0.004431962 1.349996 -0.02106922 -0.0037207 1.349996 -0.0199989 -0.0030905 1.349996 -0.01887321 -0.002563238 1.349996 -0.017699 -0.002152621 1.349996 -0.01648998 -0.001857399 1.349996 -0.01525795 -0.001678049 1.349996 6.97999e-4 -0.007872223 1.349996 0.001320242 -0.007872223 1.349996 -0.02872633 -0.007880449 1.349996 1.66238e-4 0.00121808 1.349996 -7.48885e-4 0.00206232 1.349996 -0.001563251 0.003013968 1.349996 -0.002443313 0.003903329 1.349996 -0.003425478 0.004677951 1.349996 -0.004479706 0.005357623 1.349996 -0.005571603 0.005973279 1.349996 -0.006697118 0.006527066 1.349996 -0.00785768 0.007004737 1.349996 -0.009050905 0.007395744 1.349996 -0.01027005 0.007698297 1.349996 -0.02810406 -0.003571867 1.349996 -0.02689874 -0.003287851 1.349996 -0.02594065 -0.002508103 1.349996 -0.02514529 -0.001559436 1.349996 -0.02428269 -6.70759e-4 1.349996 -0.02332329 1.15136e-4 1.349996 -0.02229869 8.15624e-4 1.349996 -0.02122247 0.001435279 1.349996 -0.02010089 0.001970708 1.349996 -0.01893919 0.002414405 1.349996 -0.01774138 0.002751052 1.349996 -0.01651781 0.002978861 1.349996 -0.01528012 0.003112971 1.349996 -0.01403594 0.00316143 1.349996 -0.01279157 0.003115892 1.349996 -0.01155525 0.002968907 1.349996 -0.01033544 0.002721011 1.349996 -0.009140491 0.002374351 1.349996 -0.007978916 0.001930117 1.349996 -0.006857693 0.001393795 1.349996 -0.0057801 7.76006e-4 1.349996 -0.004752337 7.98572e-5 1.349996 -0.003798604 -7.13637e-4 1.349996 -0.002943098 -0.001608252 1.349996 -0.002108037 -0.002523899 1.349996 -0.001127362 -0.003280937 1.349996 7.58124e-5 -0.003570437 1.349996 0.001320242 -0.003510475 1.349996 -0.02934861 7.97978e-4 1.349996 -0.02872633 -0.003541171 1.349996 6.9805e-4 -0.003540456 1.349996 7.43265e-4 8.47494e-4 1.349996 -0.0421766 0.007915139 1.349996 -0.04342633 0.008047401 1.349996 -0.04468232 0.008093297 1.349996 -0.04593843 0.00804913 1.349996 -0.04718756 0.007912278 1.349996 -0.04842364 0.007687985 1.349996 -0.04964238 0.007385134 1.349996 -0.05083817 0.007002353 1.349996 -0.05200165 0.006532013 1.349996 -0.05312621 0.005976557 1.349996 -0.05420947 0.005346059 1.349996 -0.05524533 0.004641771 1.349996 -0.05623108 0.003870189 1.349996 -0.05716639 0.003039062 1.349996 -0.05799776 0.00210601 1.349996 -0.05886358 0.001212239 1.349996 -0.05944055 8.46447e-4 1.349996 -0.06001758 -0.002776086 1.349996 -0.06001758 -0.007880449 1.349996 -0.04468309 -0.001617729 1.349996 -0.04343932 -0.001678049 1.349996 -0.0422073 -0.001857399 1.349996 -0.04099822 -0.002152621 1.349996 -0.03982406 -0.002563238 1.349996 -0.03869837 -0.0030905 1.349996 -0.03762805 -0.0037207 1.349996 -0.0366109 -0.004431962 1.349996 -0.03567636 -0.005247294 1.349996 -0.03488743 -0.006200969 1.349996 -0.03413367 -0.0071823 1.349996 -0.03308033 -0.007808327 1.349996 -0.03183782 -0.007896959 1.349996 -0.03059321 -0.007872223 1.349996 -0.05877298 -0.007880449 1.349996 -0.05752837 -0.007880449 1.349996 -0.05628585 -0.007808327 1.349996 -0.05523252 -0.0071823 1.349996 -0.05447876 -0.006200969 1.349996 -0.05368983 -0.005247294 1.349996 -0.05275529 -0.004431962 1.349996 -0.05173814 -0.0037207 1.349996 -0.05066782 -0.0030905 1.349996 -0.04954212 -0.002563238 1.349996 -0.04836797 -0.002152621 1.349996 -0.04715889 -0.001857399 1.349996 -0.04592686 -0.001678049 1.349996 -0.02997094 -0.007872223 1.349996 -0.05939525 -0.007880449 1.349996 -0.03050267 0.00121808 1.349996 -0.03141778 0.00206232 1.349996 -0.03223222 0.003013968 1.349996 -0.03311222 0.003903329 1.349996 -0.03409445 0.004677951 1.349996 -0.03514868 0.005357623 1.349996 -0.03624057 0.005973279 1.349996 -0.03736603 0.006527066 1.349996 -0.03852659 0.007004737 1.349996 -0.03971982 0.007395744 1.349996 -0.04093897 0.007698297 1.349996 -0.05877536 -0.003033578 1.349996 -0.05759245 -0.00297755 1.349996 -0.05662935 -0.002310991 1.349996 -0.0558142 -0.001559436 1.349996 -0.0549516 -6.70759e-4 1.349996 -0.05399227 1.15136e-4 1.349996 -0.05296766 8.15624e-4 1.349996 -0.05189138 0.001435279 1.349996 -0.0507698 0.001970708 1.349996 -0.04960811 0.002414405 1.349996 -0.04841029 0.002751052 1.349996 -0.04718673 0.002978861 1.349996 -0.04594904 0.003112971 1.349996 -0.04470491 0.00316143 1.349996 -0.04346054 0.003115892 1.349996 -0.04222422 0.002968907 1.349996 -0.04100441 0.002721011 1.349996 -0.0398094 0.002374351 1.349996 -0.03864783 0.001930117 1.349996 -0.0375266 0.001393795 1.349996 -0.03644901 7.76006e-4 1.349996 -0.03542131 7.98572e-5 1.349996 -0.03446757 -7.13637e-4 1.349996 -0.03361207 -0.001608252 1.349996 -0.03277701 -0.002523899 1.349996 -0.03179633 -0.003280937 1.349996 -0.03059309 -0.003570437 1.349996 -0.06001758 7.97978e-4 1.349996 -0.05939525 -0.002921044 1.349996 -0.02997088 -0.003540456 1.349996 -0.02992564 8.47494e-4 1.349996 -0.0648961 -0.002776086 1.349996 -0.0648961 -0.007880449 1.349996 0.04983013 0.007915139 1.349996 0.0485804 0.008047401 1.349996 0.04732441 0.008093297 1.349996 0.04606831 0.00804913 1.349996 0.04481923 0.007912278 1.349996 0.04358309 0.007687985 1.349996 0.04236435 0.007385134 1.349996 0.04116863 0.007002353 1.349996 0.04000514 0.006532013 1.349996 0.03888052 0.005976557 1.349996 0.03779727 0.005346059 1.349996 0.03676146 0.004641771 1.349996 0.03577566 0.003870189 1.349996 0.0348404 0.003039062 1.349996 0.03400897 0.00210601 1.349996 0.03314316 0.001212239 1.349996 0.03256618 8.46447e-4 1.349996 0.03198921 -0.003510475 1.349996 0.03198921 -0.007880449 1.349996 0.04490125 -0.001620352 1.349996 0.0459004 -0.001682281 1.349996 0.04690217 -0.00184983 1.349996 0.04788786 -0.002139031 1.349996 0.04884403 -0.002655744 1.349996 0.04977035 -0.003611266 1.349996 0.05062639 -0.005047738 1.349996 0.05137854 -0.006592988 1.349996 0.05215162 -0.007880449 1.349996 0.05710411 -0.007880449 1.349996 0.05710411 -0.002260744 1.349996 0.03323382 -0.007880449 1.349996 0.03447842 -0.007880449 1.349996 0.03556364 -0.007808327 1.349996 0.03636032 -0.007103383 1.349996 0.03700727 -0.006194233 1.349996 0.03767281 -0.005274891 1.349996 0.03839921 -0.004437148 1.349996 0.03921198 -0.003715634 1.349996 0.04008269 -0.003093779 1.349996 0.04098975 -0.002568423 1.349996 0.04193228 -0.002153754 1.349996 0.04290693 -0.001856446 1.349996 0.04390138 -0.001677393 1.349996 0.06265813 -0.002260744 1.349996 0.06265813 7.97981e-4 1.349996 0.03261148 -0.007880449 1.349996 0.06208109 8.47494e-4 1.349996 0.06150412 0.00121808 1.349996 0.06058895 0.00206232 1.349996 0.05977457 0.003013968 1.349996 0.05889451 0.003903329 1.349996 0.05791234 0.004677951 1.349996 0.05685812 0.005357623 1.349996 0.05576622 0.005973279 1.349996 0.05464071 0.006527066 1.349996 0.05348014 0.007004737 1.349996 0.05228692 0.007395744 1.349996 0.05106776 0.007698297 1.349996 0.03323382 -0.003571867 1.349996 0.03443908 -0.003287851 1.349996 0.03539723 -0.002508103 1.349996 0.03619253 -0.001559436 1.349996 0.03705513 -6.70759e-4 1.349996 0.03801453 1.15136e-4 1.349996 0.03903913 8.15624e-4 1.349996 0.04011535 0.001435279 1.349996 0.04123699 0.001970708 1.349996 0.04239863 0.002414405 1.349996 0.04359644 0.002751052 1.349996 0.04482001 0.002978861 1.349996 0.0460577 0.003112971 1.349996 0.04730188 0.00316143 1.349996 0.04854625 0.003115892 1.349996 0.04978257 0.002968907 1.349996 0.05100238 0.002721011 1.349996 0.05219638 0.00204277 1.349996 0.05335229 0.001275718 1.349996 0.05445975 3.652e-4 1.349996 0.05551016 -7.53986e-4 1.349996 0.05648607 -0.001996219 1.349996 0.05463546 -0.007880449 1.349996 0.05839473 -0.002260744 1.349996 0.05922973 -0.002260744 1.349996 0.06021046 -0.002260744 1.349996 0.0614385 -0.002260744 1.349996 0.03198921 7.97978e-4 1.349996 0.03261148 -0.003541171 1.349996 0.06204831 -0.002260744 1.349996</float_array>
          <technique_common>
            <accessor source="#Circle-mesh-positions-array" count="720" stride="3">
              <param name="X" type="float"/>
              <param name="Y" type="float"/>
              <param name="Z" type="float"/>
            </accessor>
          </technique_common>
        </source>
        <source id="Circle-mesh-normals">
          <float_array id="Circle-mesh-normals-array" count="2427">-1.00498e-5 0 -1 0 0 -1 -4.23064e-5 0 -1 5.35255e-5 0 -1 4.02434e-5 0 -1 4.60675e-5 0 -1 -4.84141e-5 0 -1 -1.45101e-4 0 -1 -4.22425e-5 0 -1 1.32845e-4 0 -1 4.11893e-5 0 -1 4.24209e-5 0 -1 -8.06256e-5 0 -1 6.21954e-5 0 -1 -7.92547e-5 0 -1 1.21452e-4 0 -1 9.75722e-6 0 -1 -4.81559e-5 0 -1 3.91882e-5 0 -1 -3.81305e-5 0 -1 1.95215e-5 0 -1 2.36968e-5 0 -1 7.32437e-6 0 -1 -1.56628e-4 0 -1 1.66766e-4 0 -1 -1.81467e-4 0 -1 1.72084e-4 0 -1 -2.45284e-4 0 -1 -4.25123e-5 0 -1 3.42472e-4 0 -1 9.76952e-5 0 -1 -1.00497e-5 0 -1 4.02434e-5 0 -1 4.60674e-5 0 -1 -4.84141e-5 0 -1 -1.45101e-4 0 -1 -4.22424e-5 0 -1 1.32845e-4 0 -1 4.11892e-5 0 -1 4.24207e-5 0 -1 -8.06263e-5 0 -1 6.21959e-5 0 -1 -7.92544e-5 0 -1 1.21452e-4 0 -1 9.75724e-6 0 -1 -4.81557e-5 0 -1 3.91882e-5 0 -1 -3.81304e-5 0 -1 2.36969e-5 0 -1 -1.56628e-4 0 -1 1.66767e-4 0 -1 -1.81466e-4 0 -1 1.72084e-4 0 -1 -2.45287e-4 0 -1 -4.2512e-5 0 -1 3.42471e-4 0 -1 1.68252e-4 0 -1 1.44725e-5 0 -1 -2.2534e-5 0 -1 5.01249e-5 0 -1 9.77324e-5 0 -1 3.87693e-5 0 -1 4.60672e-5 0 -1 -4.84139e-5 0 -1 -1.45102e-4 0 -1 -4.22423e-5 0 -1 1.32844e-4 0 -1 4.11892e-5 0 -1 4.24208e-5 0 -1 -8.06255e-5 0 -1 6.21958e-5 0 -1 -7.92547e-5 0 -1 1.21452e-4 0 -1 9.75723e-6 0 -1 -4.8156e-5 0 -1 3.9188e-5 0 -1 -3.81305e-5 0 -1 1.95213e-5 0 -1 2.36967e-5 0 -1 7.32441e-6 0 -1 1.66767e-4 0 -1 -1.81466e-4 0 -1 1.72084e-4 0 -1 1.24883e-5 0 -1 -4.25115e-5 0 -1 -1.00497e-5 0 -1 -4.23064e-5 0 -1 6.12802e-5 0 -1 5.36495e-5 0 -1 4.60676e-5 0 -1 -6.22634e-5 0 -1 6.41078e-5 0 -1 -4.22426e-5 0 -1 1.28311e-4 0 -1 -2.14028e-4 0 -1 -2.96727e-5 0 -1 -7.92552e-5 0 -1 -2.91945e-5 0 -1 9.75718e-6 0 -1 2.8309e-5 0 -1 -4.8156e-5 0 -1 -1.22235e-4 0 -1 2.60689e-5 0 -1 -1.46552e-4 0 -1 1.09293e-4 0 -1 -7.76086e-5 0 -1 -8.34099e-5 0 -1 -2.64749e-4 0 -1 -9.33545e-5 0 -1 1.71975e-4 0 -1 -2.45285e-4 0 -1 2.8214e-5 0 -1 0 0 1 1.85375e-4 0 1 -1.79425e-4 0 1 -1.67159e-4 0 1 -1.73034e-4 0 1 -1.63657e-4 0 1 -1.65008e-4 0 1 1.62496e-4 0 1 1.54682e-4 0 1 1.58173e-4 0 1 1.56978e-4 0 1 2.34883e-6 0 1 -1.22366e-4 0 1 -2.83132e-5 0 1 -9.82603e-6 0 1 5.69553e-5 0 1 -4.94712e-5 0 1 -1.24297e-4 0 1 -6.99861e-5 0 1 5.79498e-5 0 1 8.10994e-5 0 1 9.78726e-5 0 1 6.1743e-5 0 1 1.98442e-5 0 1 4.17707e-5 0 1 4.01208e-5 0 1 -6.39035e-5 0 1 4.0497e-5 0 1 -4.40707e-5 0 1 -9.18466e-5 0 1 4.39716e-5 0 1 4.53666e-5 0 1 -1.29063e-4 0 1 -8.93901e-5 0 1 -1.25491e-4 0 1 -2.47892e-4 0 1 -4.26582e-5 0 1 3.45496e-4 0 1 -4.34238e-5 0 1 -2.46618e-4 0 1 -3.67564e-4 0 1 1.85375e-4 0 1 -1.79424e-4 0 1 -1.67159e-4 0 1 -1.73035e-4 0 1 -1.63657e-4 0 1 -1.65008e-4 0 1 1.62497e-4 0 1 1.54682e-4 0 1 1.58173e-4 0 1 1.56978e-4 0 1 2.34884e-6 0 1 -1.22366e-4 0 1 -2.83132e-5 0 1 -1.24296e-4 0 1 -6.99862e-5 0 1 5.795e-5 0 1 8.10991e-5 0 1 9.78725e-5 0 1 6.17432e-5 0 1 1.98442e-5 0 1 4.17706e-5 0 1 4.01209e-5 0 1 -6.39037e-5 0 1 4.04969e-5 0 1 -4.40706e-5 0 1 4.39714e-5 0 1 4.53664e-5 0 1 -1.29063e-4 0 1 -8.93901e-5 0 1 -1.25491e-4 0 1 -2.47894e-4 0 1 -4.26584e-5 0 1 -3.20248e-4 0 1 2.67556e-5 0 1 -3.67567e-4 0 1 1.85503e-4 0 1 -1.79423e-4 0 1 -1.6716e-4 0 1 -1.73037e-4 0 1 -1.63656e-4 0 1 -1.65008e-4 0 1 1.62496e-4 0 1 1.54681e-4 0 1 1.58173e-4 0 1 1.56978e-4 0 1 -2.83131e-5 0 1 -9.82597e-6 0 1 5.69552e-5 0 1 -4.94715e-5 0 1 -1.24297e-4 0 1 -6.9986e-5 0 1 5.79498e-5 0 1 8.10993e-5 0 1 9.78724e-5 0 1 6.17433e-5 0 1 1.98443e-5 0 1 4.17706e-5 0 1 -6.39038e-5 0 1 4.0497e-5 0 1 -4.40706e-5 0 1 -9.18465e-5 0 1 4.53666e-5 0 1 -1.29063e-4 0 1 -8.939e-5 0 1 -1.2549e-4 0 1 3.75224e-4 0 1 9.46613e-6 0 1 -4.26585e-5 0 1 3.4549e-4 0 1 -4.34233e-5 0 1 1.55765e-4 0 1 1.62301e-4 0 1 -2.03857e-4 0 1 -1.67159e-4 0 1 1.89967e-4 0 1 -1.63657e-4 0 1 -1.88768e-4 0 1 1.8397e-4 0 1 1.54682e-4 0 1 2.34882e-6 0 1 -2.83133e-5 0 1 1.38996e-4 0 1 -1.24297e-4 0 1 1.1813e-4 0 1 5.43767e-5 0 1 -2.90941e-5 0 1 8.67494e-5 0 1 2.68434e-5 0 1 1.48921e-4 0 1 1.55156e-4 0 1 2.90837e-5 0 1 1.25157e-4 0 1 -1.19009e-4 0 1 -1.08907e-4 0 1 -2.47892e-4 0 1 -3.67562e-4 0 1 2.25712e-4 0 1 0.6626716 -0.7489101 0 -0.04842841 -0.9988267 0 -0.1089038 0.9940524 0 0.8147406 -0.5798257 0 -0.1440674 -0.9895679 0 0.8100478 -0.5863638 0 -0.2371717 -0.9714678 0 0.7555056 -0.6551422 0 -0.330143 -0.9439311 0 0.5404296 0.8413893 0 0.6639038 -0.7478181 0 -0.4241626 -0.9055861 0 0.5811771 -0.8137772 0 -0.5073635 -0.8617321 0 0.5011516 -0.8653596 0 -0.5730587 -0.8195145 0 -0.08371126 0.9964901 0 0.4027136 -0.9153261 0 -0.6574096 -0.7535335 0 0 -1 0 0.2917625 -0.9564909 0 -0.7705268 -0.6374076 0 0.1772468 -0.9841665 0 -0.7930576 -0.6091467 0 0.05690771 -0.9983795 0 -0.5109006 -0.8596399 0 1 0 0 -0.07116711 -0.9974645 0 0.01987916 -0.9998025 0 0.0854941 0.9963387 0 0.6780573 0.7350091 0 0.05797743 -0.9983179 0 0.7597643 0.6501988 0 0.5108999 -0.8596404 0 0.08549964 0.9963382 0 0.7108231 0.7033708 0 0.7930568 -0.6091479 0 0.6192547 0.7851904 0 0.7705301 -0.6374037 0 0.5418879 0.8404509 0 0.6574081 -0.7535347 0 0.491137 0.8710824 0 0.5730555 -0.8195165 0 0.4414817 0.8972703 0 0.5073686 -0.8617292 0 0.08549875 0.9963383 0 0.3806056 0.9247375 0 0.42416 -0.9055873 0 0.0854988 0.9963383 0 0.3114058 0.9502771 0 0.3301426 -0.9439312 0 0.2408666 0.9705582 0 0.2371694 -0.9714683 0 0.1725906 0.9849937 0 0.540423 0.8413935 0 0.1440705 -0.9895675 0 -0.6642539 0.747507 0 0.04842841 -0.9988267 0 -0.562281 0.8269463 0 -0.01326459 -0.9999121 3.05755e-6 -0.3747687 0.9271184 0 -0.1089043 0.9940522 0 -0.0837121 0.9964901 0 0.6780601 0.7350066 0 0.7597609 0.6502026 0 0.7108247 0.7033693 0 0.5418839 0.8404534 0 0.1052284 0.9944482 0 0.4911379 0.8710819 0 0.03652614 0.9993328 0 0.4414839 0.8972692 0 -0.03516364 0.9993817 0 0.3806014 0.9247393 0 -0.1785449 0.9839318 0 0.3114077 0.9502764 0 -0.2411341 0.9704919 0 0.2408632 0.9705591 0 -0.3048921 0.9523869 0 0.1725912 0.9849936 0 -0.4428596 0.896591 0 -0.5030101 0.8642807 0 -0.562283 0.8269448 0 -0.6163704 0.7874564 0 -0.3747695 0.9271181 0 -0.7466045 0.6652683 0 -0.1089034 0.9940524 0 -0.7182574 0.6957775 0 -0.5354581 0.8445619 0 -0.1440672 -0.989568 0 -0.2371702 -0.9714682 0 -0.330144 -0.9439306 0 -0.4241617 -0.9055865 0 0.1052286 0.9944481 0 -0.5073655 -0.861731 0 0.03652596 0.9993327 0 -0.5730618 -0.8195123 0 -0.0351637 0.9993817 0 -0.6574048 -0.7535376 0 -0.1785438 0.983932 0 -0.7705278 -0.6374066 0 -0.2411361 0.9704914 0 -0.79306 -0.6091436 0 -0.3048914 0.9523872 0 -0.5108999 -0.8596404 0 -0.44286 0.8965908 0 -0.07116693 -0.9974645 0 -0.503013 0.864279 0 0.01987916 -0.9998025 0 -0.6163637 0.7874616 0 -0.7466012 0.6652719 0 0.05797719 -0.998318 0 -0.7182605 0.6957743 0 -0.5354545 0.8445641 0 0.7930546 -0.6091507 0 -0.04842853 -0.9988268 0 0.7705333 -0.6373997 0 -0.1440676 -0.9895679 0 0.6574093 -0.7535338 0 -1 0 0 0.5730597 -0.8195137 0 -0.3301426 -0.9439312 0 0.5073696 -0.8617286 0 0.4241634 -0.9055857 0 0.3301454 -0.9439301 0 -0.5730596 -0.8195137 0 0.540426 0.8413916 0 0.2371673 -0.9714689 0 -0.6574093 -0.7535338 0 0.1440696 -0.9895676 0 -0.7705255 -0.6374092 0 0.04842865 -0.9988267 0 -0.7930557 -0.6091492 0 -0.08371049 0.9964902 0 -0.01326447 -0.999912 0 -0.5109018 -0.8596392 0 0.7597599 0.6502039 0 0.05797731 -0.998318 0 0.6192525 0.785192 0 0.5109008 -0.8596397 0 0.7930557 -0.6091493 0 0 1 0 0.7705284 -0.6374057 0 0.1052293 0.9944481 0 0.4414852 0.8972686 0 0.6574076 -0.7535352 0 0.03652578 0.9993328 0 0.3806009 0.9247394 0 0.5730576 -0.8195151 0 -0.03516346 0.9993816 0 0.3114071 0.9502767 0 0.5073667 -0.8617303 0 -0.1785433 0.983932 0 0.2408645 0.9705588 0 0.5404223 0.841394 0 0.4241605 -0.9055871 0 -0.2411351 0.9704915 0 0.1725914 0.9849936 0 0.3301433 -0.9439309 0 -0.6642452 0.7475149 0 0.2371689 -0.9714685 0 -0.5622871 0.8269421 0 -0.08371156 0.9964901 0 0.1440702 -0.9895675 0 -0.5030158 0.8642773 0 -0.3747656 0.9271196 0 -0.6163618 0.7874631 0 -0.01326471 -0.999912 0 -0.7466022 0.6652707 0 -0.7182618 0.695773 0 0.6780595 0.7350071 0 0.7597621 0.6502013 0 0.7108253 0.7033686 0 -0.06184864 -0.9980856 0 -0.1649351 -0.9863045 0 -0.2815672 -0.9595416 0 -0.2411357 0.9704914 0 -0.4754074 -0.8797659 0 -0.3048908 0.9523874 0 0.4414834 0.8972694 0 -0.7179936 -0.6960498 0 -0.4428578 0.8965919 0 0.3806018 0.9247391 0 -0.8590273 -0.5119299 0 0.3114064 0.9502769 0 -0.8991425 -0.4376561 0 0.240864 0.9705589 0 -0.857323 -0.5147789 0 0.172591 0.9849936 0 -0.6642531 0.7475078 0 -0.5354508 0.8445665 0 -0.562282 0.8269456 0 0.066347 -0.9977967 0 -0.3747679 0.9271187 0 -1.74708e-4 0 -1 -1.7046e-4 0 -1 1.79425e-4 0 -1 1.67159e-4 0 -1 -1.68554e-4 0 -1 1.58216e-4 0 -1 -1.62496e-4 0 -1 -1.56978e-4 0 -1 1.56598e-4 0 -1 -5.6898e-5 0 -1 -7.3231e-6 0 -1 -3.80305e-5 0 -1 9.79406e-6 0 -1 -1.91237e-5 0 -1 -6.91685e-5 0 -1 -2.89511e-5 0 -1 1.17428e-4 0 -1 -1.2301e-4 0 -1 -5.97849e-5 0 -1 -2.10204e-5 0 -1 2.0319e-5 0 -1 1.07546e-4 0 -1 4.14726e-5 0 -1 4.48926e-5 0 -1 -4.92296e-5 0 -1 -4.54454e-5 0 -1 -4.04493e-5 0 -1 -8.42567e-5 0 -1 6.84598e-5 0 -1 1.00568e-5 0 -1 -1.10075e-4 0 -1 1.09312e-4 0 -1 3.45525e-4 0 -1 -2.36117e-4 0 -1 -1.74708e-4 0 -1 -1.7046e-4 0 -1 1.79424e-4 0 -1 1.67159e-4 0 -1 -1.68554e-4 0 -1 1.58217e-4 0 -1 -1.62497e-4 0 -1 -1.56978e-4 0 -1 1.56599e-4 0 -1 -5.6898e-5 0 -1 -7.32309e-6 0 -1 9.79408e-6 0 -1 -6.91684e-5 0 -1 -2.89511e-5 0 -1 1.17427e-4 0 -1 -1.2301e-4 0 -1 -5.9785e-5 0 -1 -2.10203e-5 0 -1 2.0319e-5 0 -1 4.14727e-5 0 -1 4.48927e-5 0 -1 -4.54453e-5 0 -1 -4.04493e-5 0 -1 -8.42569e-5 0 -1 6.84599e-5 0 -1 1.00568e-5 0 -1 -1.10075e-4 0 -1 1.09312e-4 0 -1 -3.42499e-4 0 -1 3.45527e-4 0 -1 -1.65552e-4 0 -1 -1.85503e-4 0 -1 -1.70462e-4 0 -1 1.79423e-4 0 -1 1.6716e-4 0 -1 -1.68553e-4 0 -1 1.58215e-4 0 -1 -1.62496e-4 0 -1 -1.56978e-4 0 -1 1.56598e-4 0 -1 -3.80303e-5 0 -1 9.79407e-6 0 -1 -1.91238e-5 0 -1 -6.91682e-5 0 -1 -2.8951e-5 0 -1 1.17428e-4 0 -1 -1.23009e-4 0 -1 -5.9785e-5 0 -1 -2.10204e-5 0 -1 1.07546e-4 0 -1 4.14728e-5 0 -1 4.48924e-5 0 -1 -4.92297e-5 0 -1 -4.04493e-5 0 -1 -8.42568e-5 0 -1 1.00568e-5 0 -1 -1.10075e-4 0 -1 -3.75224e-4 0 -1 1.09313e-4 0 -1 3.45528e-4 0 -1 -2.36114e-4 0 -1 6.22443e-5 0 -1 -1.78823e-4 0 -1 -1.70461e-4 0 -1 1.67159e-4 0 -1 1.86868e-4 0 -1 1.58216e-4 0 -1 -5.68977e-5 0 -1 -1.80406e-5 0 -1 6.929e-5 0 -1 -5.85761e-5 0 -1 9.99478e-5 0 -1 -6.33282e-5 0 -1 -4.32115e-5 0 -1 2.43838e-4 0 -1 -6.89567e-5 0 -1 -2.32721e-4 0 -1 3.01493e-5 0 1 4.23064e-5 0 1 1.07051e-4 0 1 -9.42594e-5 0 1 -4.02434e-5 0 1 -9.2135e-5 0 1 -4.84141e-5 0 1 8.74053e-5 0 1 1.93468e-4 0 1 1.05606e-4 0 1 -4.42816e-5 0 1 1.02973e-4 0 1 6.36314e-5 0 1 -1.20938e-4 0 1 9.90683e-5 0 1 -1.0121e-4 0 1 -1.07329e-4 0 1 -5.94781e-5 0 1 -1.92623e-5 0 1 -4.89852e-5 0 1 3.33642e-5 0 1 -8.78465e-5 0 1 7.10905e-6 0 1 2.44146e-5 0 1 1.56226e-4 0 1 -1.68163e-4 0 1 -1.6589e-4 0 1 -1.80409e-4 0 1 1.68513e-4 0 1 1.62275e-4 0 1 1.73946e-4 0 1 2.45284e-4 0 1 4.28128e-5 0 1 -3.02334e-4 0 1 3.67499e-4 0 1 3.44895e-4 0 1 2.49666e-4 0 1 3.01492e-5 0 1 -9.42594e-5 0 1 -4.02434e-5 0 1 -9.21348e-5 0 1 -4.84141e-5 0 1 8.74055e-5 0 1 1.93468e-4 0 1 1.05606e-4 0 1 -4.42815e-5 0 1 1.02973e-4 0 1 6.36311e-5 0 1 -1.20939e-4 0 1 9.90681e-5 0 1 -1.0121e-4 0 1 -1.0733e-4 0 1 -5.94779e-5 0 1 -1.92623e-5 0 1 -4.89853e-5 0 1 3.33641e-5 0 1 7.10906e-6 0 1 1.56226e-4 0 1 -1.68163e-4 0 1 -1.65891e-4 0 1 -1.80409e-4 0 1 1.68514e-4 0 1 1.62275e-4 0 1 1.73946e-4 0 1 2.45287e-4 0 1 3.16339e-4 0 1 -3.02336e-4 0 1 3.67497e-4 0 1 -2.71375e-5 0 1 2.02616e-5 0 1 2.2534e-5 0 1 -5.25118e-5 0 1 -1.46599e-4 0 1 -3.87693e-5 0 1 -9.21344e-5 0 1 -4.84139e-5 0 1 8.74068e-5 0 1 1.9347e-4 0 1 1.05606e-4 0 1 -4.42813e-5 0 1 1.02973e-4 0 1 6.36313e-5 0 1 -1.20938e-4 0 1 9.90684e-5 0 1 -1.0121e-4 0 1 -1.0733e-4 0 1 -5.94782e-5 0 1 -1.92624e-5 0 1 -4.8985e-5 0 1 3.33642e-5 0 1 -8.7846e-5 0 1 7.10902e-6 0 1 2.44147e-5 0 1 -1.68163e-4 0 1 -1.65891e-4 0 1 -1.80408e-4 0 1 1.68514e-4 0 1 1.73945e-4 0 1 -1.24883e-5 0 1 4.28123e-5 0 1 -3.02337e-4 0 1 3.67494e-4 0 1 -3.98364e-4 0 1 3.01492e-5 0 1 4.23064e-5 0 1 1.2256e-4 0 1 5.36495e-5 0 1 -9.21352e-5 0 1 1.24527e-4 0 1 8.74053e-5 0 1 6.41078e-5 0 1 1.05607e-4 0 1 9.17261e-5 0 1 -1.78036e-4 0 1 9.9069e-5 0 1 -8.75836e-5 0 1 -1.07329e-4 0 1 -5.6618e-5 0 1 -1.92624e-5 0 1 -1.35817e-5 0 1 9.12412e-5 0 1 6.54807e-5 0 1 -1.06339e-4 0 1 8.31521e-5 0 1 -1.45967e-4 0 1 -7.443e-5 0 1 -1.3858e-4 0 1 -2.66527e-4 0 1 -2.43838e-4 0 1 2.45285e-4 0 1 5.18792e-4 0 0.9999999 -0.04842841 -0.9988267 0 -0.1089038 0.9940524 0 0.8147429 -0.5798224 0 -0.2371714 -0.9714678 0 -0.3301426 -0.9439312 0 0.5404295 0.8413893 0 0.6639063 -0.7478159 0 -0.4241626 -0.9055861 0 0.5811771 -0.8137771 0 -0.507363 -0.8617324 0 0.5011539 -0.8653582 0 -0.5730591 -0.819514 0 -0.08371132 0.9964901 0 0.4027137 -0.9153261 0 -0.6574099 -0.7535334 0 0.291761 -0.9564914 0 -0.7705267 -0.6374079 0 0.05690801 -0.9983795 0 -0.07116711 -0.9974644 0 0.01987916 -0.9998025 0 0.08549243 0.9963388 0 0.6780529 0.7350132 0 0.05797719 -0.998318 0 0.0854988 0.9963383 0 0.6192504 0.7851937 0 0.7705267 -0.6374077 0 0.4911369 0.8710824 0 0.5730555 -0.8195166 0 0.08549875 0.9963383 0 0.3806025 0.9247388 0 0.4241601 -0.9055873 0 0.08549803 0.9963384 0 0.3301426 -0.9439312 0 0.2408645 0.9705588 0 0.2371694 -0.9714683 0 0.5404231 0.8413935 0 -0.6642518 0.747509 0 0.04842841 -0.9988267 0 -0.3747687 0.9271184 0 -0.1089043 0.9940522 0 -0.0837121 0.99649 0 0.67806 0.7350066 0 0.7597611 0.6502025 0 0.7108248 0.7033692 0 0.6192542 0.7851906 0 0.1052279 0.9944482 0 0.4911379 0.8710819 0 0.3806017 0.9247391 0 -0.241132 0.9704924 0 0.2408633 0.9705591 0 -0.3048946 0.9523862 0 -0.5030139 0.8642783 0 -0.5622851 0.8269435 0 -0.6163661 0.7874599 0 -0.3747695 0.9271181 0 -0.1089036 0.9940524 0 -0.1440679 -0.9895678 0 -0.2371712 -0.9714679 0 -0.330144 -0.9439307 0 -0.4241601 -0.9055873 0 -0.5073635 -0.8617322 0 -0.5730617 -0.8195123 0 -0.6574071 -0.7535357 0 -0.7930578 -0.6091464 0 -0.3048911 0.9523873 0 -0.4428605 0.8965906 0 -0.07116729 -0.9974645 0 -0.5030134 0.8642786 0 0.0198791 -0.9998025 0 -0.6163639 0.7874614 0 -0.7466011 0.6652719 0 -0.718261 0.6957738 0 -0.04842853 -0.9988268 0 0.7705289 -0.6374051 0 -0.1440669 -0.9895679 0 0.6574048 -0.7535376 0 -0.2371722 -0.9714677 0 0.5073657 -0.8617309 0 -0.5073645 -0.8617317 0 0.5404259 0.8413916 0 0.2371674 -0.9714689 0 0.04842883 -0.9988266 0 -0.08371049 0.9964902 0 -0.01326435 -0.9999121 0 0.6780617 0.735005 0 0.01987928 -0.9998024 0 0.05797737 -0.9983179 0 0.6192547 0.7851902 0 0.5109006 -0.8596399 0 0.5418859 0.8404521 0 0.7930552 -0.6091499 0 0.7705278 -0.6374064 0 0.4414869 0.8972677 0 0.3806009 0.9247394 0 0.5730581 -0.8195148 0 0.5073662 -0.8617306 0 -0.1785441 0.9839319 0 0.5404223 0.8413941 0 0.4241609 -0.9055868 0 0.3301433 -0.9439309 0 -0.304892 0.9523869 0 -0.08371156 0.9964901 0 -0.01326465 -0.999912 3.05702e-6 -0.1089034 0.9940524 0 -0.01326459 -0.9999121 0 -0.7465979 0.6652756 0 0.1052281 0.9944481 0 0.03652602 0.9993328 0 -0.06184864 -0.9980856 0 0.6192525 0.785192 0 -0.1649351 -0.9863045 0 -0.2815701 -0.9595407 0 -0.3048914 0.9523872 0 -0.8590273 -0.5119298 0 -0.5030149 0.8642778 0 -0.899145 -0.4376509 0 -0.6163617 0.7874632 0 0.240864 0.9705589 0 -0.8573231 -0.5147789 0 -0.7466022 0.6652708 0 -0.7182596 0.6957753 0 -0.5622825 0.8269453 0 0.0663473 -0.9977967 0 -0.3747683 0.9271185 0</float_array>
          <technique_common>
            <accessor source="#Circle-mesh-normals-array" count="809" stride="3">
              <param name="X" type="float"/>
              <param name="Y" type="float"/>
              <param name="Z" type="float"/>
            </accessor>
          </technique_common>
        </source>
        <source id="Circle-mesh-map-0">
          <float_array id="Circle-mesh-map-0-array" count="8616">0 0 0 0 0 0 0 0 0 0 0 0 0 0 0 0 0 0 0 0 0 0 0 0 0 0 0 0 0 0 0 0 0 0 0 0 0 0 0 0 0 0 0 0 0 0 0 0 0 0 0 0 0 0 0 0 0 0 0 0 0 0 0 0 0 0 0 0 0 0 0 0 0 0 0 0 0 0 0 0 0 0 0 0 0 0 0 0 0 0 0 0 0 0 0 0 0 0 0 0 0 0 0 0 0 0 0 0 0 0 0 0 0 0 0 0 0 0 0 0 0 0 0 0 0 0 0 0 0 0 0 0 0 0 0 0 0 0 0 0 0 0 0 0 0 0 0 0 0 0 0 0 0 0 0 0 0 0 0 0 0 0 0 0 0 0 0 0 0 0 0 0 0 0 0 0 0 0 0 0 0 0 0 0 0 0 0 0 0 0 0 0 0 0 0 0 0 0 0 0 0 0 0 0 0 0 0 0 0 0 0 0 0 0 0 0 0 0 0 0 0 0 0 0 0 0 0 0 0 0 0 0 0 0 0 0 0 0 0 0 0 0 0 0 0 0 0 0 0 0 0 0 0 0 0 0 0 0 0 0 0 0 0 0 0 0 0 0 0 0 0 0 0 0 0 0 0 0 0 0 0 0 0 0 0 0 0 0 0 0 0 0 0 0 0 0 0 0 0 0 0 0 0 0 0 0 0 0 0 0 0 0 0 0 0 0 0 0 0 0 0 0 0 0 0 0 0 0 0 0 0 0 0 0 0 0 0 0 0 0 0 0 0 0 0 0 0 0 0 0 0 0 0 0 0 0 0 0 0 0 0 0 0 0 0 0 0 0 0 0 0 0 0 0 0 0 0 0 0 0 0 0 0 0 0 0 0 0 0 0 0 0 0 0 0 0 0 0 0 0 0 0 0 0 0 0 0 0 0 0 0 0 0 0 0 0 0 0 0 0 0 0 0 0 0 0 0 0 0 0 0 0 0 0 0 0 0 0 0 0 0 0 0 0 0 0 0 0 0 0 0 0 0 0 0 0 0 0 0 0 0 0 0 0 0 0 0 0 0 0 0 0 0 0 0 0 0 0 0 0 0 0 0 0 0 0 0 0 0 0 0 0 0 0 0 0 0 0 0 0 0 0 0 0 0 0 0 0 0 0 0 0 0 0 0 0 0 0 0 0 0 0 0 0 0 0 0 0 0 0 0 0 0 0 0 0 0 0 0 0 0 0 0 0 0 0 0 0 0 0 0 0 0 0 0 0 0 0 0 0 0 0 0 0 0 0 0 0 0 0 0 0 0 0 0 0 0 0 0 0 0 0 0 0 0 0 0 0 0 0 0 0 0 0 0 0 0 0 0 0 0 0 0 0 0 0 0 0 0 0 0 0 0 0 0 0 0 0 0 0 0 0 0 0 0 0 0 0 0 0 0 0 0 0 0 0 0 0 0 0 0 0 0 0 0 0 0 0 0 0 0 0 0 0 0 0 0 0 0 0 0 0 0 0 0 0 0 0 0 0 0 0 0 0 0 0 0 0 0 0 0 0 0 0 0 0 0 0 0 0 0 0 0 0 0 0 0 0 0 0 0 0 0 0 0 0 0 0 0 0 0 0 0 0 0 0 0 0 0 0 0 0 0 0 0 0 0 0 0 0 0 0 0 0 0 0 0 0 0 0 0 0 0 0 0 0 0 0 0 0 0 0 0 0 0 0 0 0 0 0 0 0 0 0 0 0 0 0 0 0 0 0 0 0 0 0 0 0 0 0 0 0 0 0 0 0 0 0 0 0 0 0 0 0 0 0 0 0 0 0 0 0 0 0 0 0 0 0 0 0 0 0 0 0 0 0 0 0 0 0 0 0 0 0 0 0 0 0 0 0 0 0 0 0 0 0 0 0 0 0 0 0 0 0 0 0 0 0 0 0 0 0 0 0 0 0 0 0 0 0 0 0 0 0 0 0 0 0 0 0 0 0 0 0 0 0 0 0 0 0 0 0 0 0 0 0 0 0 0 0 0 0 0 0 0 0 0 0 0 0 0 0 0 0 0 0 0 0 0 0 0 0 0 0 0 0 0 0 0 0 0 0 0 0 0 0 0 0 0 0 0 0 0 0 0 0 0 0 0 0 0 0 0 0 0 0 0 0 0 0 0 0 0 0 0 0 0 0 0 0 0 0 0 0 0 0 0 0 0 0 0 0 0 0 0 0 0 0 0 0 0 0 0 0 0 0 0 0 0 0 0 0 0 0 0 0 0 0 0 0 0 0 0 0 0 0 0 0 0 0 0 0 0 0 0 0 0 0 0 0 0 0 0 0 0 0 0 0 0 0 0 0 0 0 0 0 0 0 0 0 0 0 0 0 0 0 0 0 0 0 0 0 0 0 0 0 0 0 0 0 0 0 0 0 0 0 0 0 0 0 0 0 0 0 0 0 0 0 0 0 0 0 0 0 0 0 0 0 0 0 0 0 0 0 0 0 0 0 0 0 0 0 0 0 0 0 0 0 0 0 0 0 0 0 0 0 0 0 0 0 0 0 0 0 0 0 0 0 0 0 0 0 0 0 0 0 0 0 0 0 0 0 0 0 0 0 0 0 0 0 0 0 0 0 0 0 0 0 0 0 0 0 0 0 0 0 0 0 0 0 0 0 0 0 0 0 0 0 0 0 0 0 0 0 0 0 0 0 0 0 0 0 0 0 0 0 0 0 0 0 0 0 0 0 0 0 0 0 0 0 0 0 0 0 0 0 0 0 0 0 0 0 0 0 0 0 0 0 0 0 0 0 0 0 0 0 0 0 0 0 0 0 0 0 0 0 0 0 0 0 0 0 0 0 0 0 0 0 0 0 0 0 0 0 0 0 0 0 0 0 0 0 0 0 0 0 0 0 0 0 0 0 0 0 0 0 0 0 0 0 0 0 0 0 0 0 0 0 0 0 0 0 0 0 0 0 0 0 0 0 0 0 0 0 0 0 0 0 0 0 0 0 0 0 0 0 0 0 0 0 0 0 0 0 0 0 0 0 0 0 0 0 0 0 0 0 0 0 0 0 0 0 0 0 0 0 0 0 0 0 0 0 0 0 0 0 0 0 0 0 0 0 0 0 0 0 0 0 0 0 0 0 0 0 0 0 0 0 0 0 0 0 0 0 0 0 0 0 0 0 0 0 0 0 0 0 0 0 0 0 0 0 0 0 0 0 0 0 0 0 0 0 0 0 0 0 0 0 0 0 0 0 0 0 0 0 0 0 0 0 0 0 0 0 0 0 0 0 0 0 0 0 0 0 0 0 0 0 0 0 0 0 0 0 0 0 0 0 0 0 0 0 0 0 0 0 0 0 0 0 0 0 0 0 0 0 0 0 0 0 0 0 0 0 0 0 0 0 0 0 0 0 0 0 0 0 0 0 0 0 0 0 0 0 0 0 0 0 0 0 0 0 0 0 0 0 0 0 0 0 0 0 0 0 0 0 0 0 0 0 0 0 0 0 0 0 0 0 0 0 0 0 0 0 0 0 0 0 0 0 0 0 0 0 0 0 0 0 0 0 0 0 0 0 0 0 0 0 0 0 0 0 0 0 0 0 0 0 0 0 0 0 0 0 0 0 0 0 0 0 0 0 0 0 0 0 0 0 0 0 0 0 0 0 0 0 0 0 0 0 0 0 0 0 0 0 0 0 0 0 0 0 0 0 0 0 0 0 0 0 0 0 0 0 0 0 0 0 0 0 0 0 0 0 0 0 0 0 0 0 0 0 0 0 0 0 0 0 0 0 0 0 0 0 0 0 0 0 0 0 0 0 0 0 0 0 0 0 0 0 0 0 0 0 0 0 0 0 0 0 0 0 0 0 0 0 0 0 0 0 0 0 0 0 0 0 0 0 0 0 0 0 0 0 0 0 0 0 0 0 0 0 0 0 0 0 0 0 0 0 0 0 0 0 0 0 0 0 0 0 0 0 0 0 0 0 0 0 0 0 0 0 0 0 0 0 0 0 0 0 0 0 0 0 0 0 0 0 0 0 0 0 0 0 0 0 0 0 0 0 0 0 0 0 0 0 0 0 0 0 0 0 0 0 0 0 0 0 0 0 0 0 0 0 0 0 0 0 0 0 0 0 0 0 0 0 0 0 0 0 0 0 0 0 0 0 0 0 0 0 0 0 0 0 0 0 0 0 0 0 0 0 0 0 0 0 0 0 0 0 0 0 0 0 0 0 0 0 0 0 0 0 0 0 0 0 0 0 0 0 0 0 0 0 0 0 0 0 0 0 0 0 0 0 0 0 0 0 0 0 0 0 0 0 0 0 0 0 0 0 0 0 0 0 0 0 0 0 0 0 0 0 0 0 0 0 0 0 0 0 0 0 0 0 0 0 0 0 0 0 0 0 0 0 0 0 0 0 0 0 0 0 0 0 0 0 0 0 0 0 0 0 0 0 0 0 0 0 0 0 0 0 0 0 0 0 0 0 0 0 0 0 0 0 0 0 0 0 0 0 0 0 0 0 0 0 0 0 0 0 0 0 0 0 0 0 0 0 0 0 0 0 0 0 0 0 0 0 0 0 0 0 0 0 0 0 0 0 0 0 0 0 0 0 0 0 0 0 0 0 0 0 0 0 0 0 0 0 0 0 0 0 0 0 0 0 0 0 0 0 0 0 0 0 0 0 0 0 0 0 0 0 0 0 0 0 0 0 0 0 0 0 0 0 0 0 0 0 0 0 0 0 0 0 0 0 0 0 0 0 0 0 0 0 0 0 0 0 0 0 0 0 0 0 0 0 0 0 0 0 0 0 0 0 0 0 0 0 0 0 0 0 0 0 0 0 0 0 0 0 0 0 0 0 0 0 0 0 0 0 0 0 0 0 0 0 0 0 0 0 0 0 0 0 0 0 0 0 0 0 0 0 0 0 0 0 0 0 0 0 0 0 0 0 0 0 0 0 0 0 0 0 0 0 0 0 0 0 0 0 0 0 0 0 0 0 0 0 0 0 0 0 0 0 0 0 0 0 0 0 0 0 0 0 0 0 0 0 0 0 0 0 0 0 0 0 0 0 0 0 0 0 0 0 0 0 0 0 0 0 0 0 0 0 0 0 0 0 0 0 0 0 0 0 0 0 0 0 0 0 0 0 0 0 0 0 0 0 0 0 0 0 0 0 0 0 0 0 0 0 0 0 0 0 0 0 0 0 0 0 0 0 0 0 0 0 0 0 0 0 0 0 0 0 0 0 0 0 0 0 0 0 0 0 0 0 0 0 0 0 0 0 0 0 0 0 0 0 0 0 0 0 0 0 0 0 0 0 0 0 0 0 0 0 0 0 0 0 0 0 0 0 0 0 0 0 0 0 0 0 0 0 0 0 0 0 0 0 0 0 0 0 0 0 0 0 0 0 0 0 0 0 0 0 0 0 0 0 0 0 0 0 0 0 0 0 0 0 0 0 0 0 0 0 0 0 0 0 0 0 0 0 0 0 0 0 0 0 0 0 0 0 0 0 0 0 0 0 0 0 0 0 0 0 0 0 0 0 0 0 0 0 0 0 0 0 0 0 0 0 0 0 0 0 0 0 0 0 0 0 0 0 0 0 0 0 0 0 0 0 0 0 0 0 0 0 0 0 0 0 0 0 0 0 0 0 0 0 0 0 0 0 0 0 0 0 0 0 0 0 0 0 0 0 0 0 0 0 0 0 0 0 0 0 0 0 0 0 0 0 0 0 0 0 0 0 0 0 0 0 0 0 0 0 0 0 0 0 0 0 0 0 0 0 0 0 0 0 0 0 0 0 0 0 0 0 0 0 0 0 0 0 0 0 0 0 0 0 0 0 0 0 0 0 0 0 0 0 0 0 0 0 0 0 0 0 0 0 0 0 0 0 0 0 0 0 0 0 0 0 0 0 0 0 0 0 0 0 0 0 0 0 0 0 0 0 0 0 0 0 0 0 0 0 0 0 0 0 0 0 0 0 0 0 0 0 0 0 0 0 0 0 0 0 0 0 0 0 0 0 0 0 0 0 0 0 0 0 0 0 0 0 0 0 0 0 0 0 0 0 0 0 0 0 0 0 0 0 0 0 0 0 0 0 0 0 0 0 0 0 0 0 0 0 0 0 0 0 0 0 0 0 0 0 0 0 0 0 0 0 0 0 0 0 0 0 0 0 0 0 0 0 0 0 0 0 0 0 0 0 0 0 0 0 0 0 0 0 0 0 0 0 0 0 0 0 0 0 0 0 0 0 0 0 0 0 0 0 0 0 0 0 0 0 0 0 0 0 0 0 0 0 0 0 0 0 0 0 0 0 0 0 0 0 0 0 0 0 0 0 0 0 0 0 0 0 0 0 0 0 0 0 0 0 0 0 0 0 0 0 0 0 0 0 0 0 0 0 0 0 0 0 0 0 0 0 0 0 0 0 0 0 0 0 0 0 0 0 0 0 0 0 0 0 0 0 0 0 0 0 0 0 0 0 0 0 0 0 0 0 0 0 0 0 0 0 0 0 0 0 0 0 0 0 0 0 0 0 0 0 0 0 0 0 0 0 0 0 0 0 0 0 0 0 0 0 0 0 0 0 0 0 0 0 0 0 0 0 0 0 0 0 0 0 0 0 0 0 0 0 0 0 0 0 0 0 0 0 0 0 0 0 0 0 0 0 0 0 0 0 0 0 0 0 0 0 0 0 0 0 0 0 0 0 0 0 0 0 0 0 0 0 0 0 0 0 0 0 0 0 0 0 0 0 0 0 0 0 0 0 0 0 0 0 0 0 0 0 0 0 0 0 0 0 0 0 0 0 0 0 0 0 0 0 0 0 0 0 0 0 0 0 0 0 0 0 0 0 0 0 0 0 0 0 0 0 0 0 0 0 0 0 0 0 0 0 0 0 0 0 0 0 0 0 0 0 0 0 0 0 0 0 0 0 0 0 0 0 0 0 0 0 0 0 0 0 0 0 0 0 0 0 0 0 0 0 0 0 0 0 0 0 0 0 0 0 0 0 0 0 0 0 0 0 0 0 0 0 0 0 0 0 0 0 0 0 0 0 0 0 0 0 0 0 0 0 0 0 0 0 0 0 0 0 0 0 0 0 0 0 0 0 0 0 0 0 0 0 0 0 0 0 0 0 0 0 0 0 0 0 0 0 0 0 0 0 0 0 0 0 0 0 0 0 0 0 0 0 0 0 0 0 0 0 0 0 0 0 0 0 0 0 0 0 0 0 0 0 0 0 0 0 0 0 0 0 0 0 0 0 0 0 0 0 0 0 0 0 0 0 0 0 0 0 0 0 0 0 0 0 0 0 0 0 0 0 0 0 0 0 0 0 0 0 0 0 0 0 0 0 0 0 0 0 0 0 0 0 0 0 0 0 0 0 0 0 0 0 0 0 0 0 0 0 0 0 0 0 0 0 0 0 0 0 0 0 0 0 0 0 0 0 0 0 0 0 0 0 0 0 0 0 0 0 0 0 0 0 0 0 0 0 0 0 0 0 0 0 0 0 0 0 0 0 0 0 0 0 0 0 0 0 0 0 0 0 0 0 0 0 0 0 0 0 0 0 0 0 0 0 0 0 0 0 0 0 0 0 0 0 0 0 0 0 0 0 0 0 0 0 0 0 0 0 0 0 0 0 0 0 0 0 0 0 0 0 0 0 0 0 0 0 0 0 0 0 0 0 0 0 0 0 0 0 0 0 0 0 0 0 0 0 0 0 0 0 0 0 0 0 0 0 0 0 0 0 0 0 0 0 0 0 0 0 0 0 0 0 0 0 0 0 0 0 0 0 0 0 0 0 0 0 0 0 0 0 0 0 0 0 0 0 0 0 0 0 0 0 0 0 0 0 0 0 0 0 0 0 0 0 0 0 0 0 0 0 0 0 0 0 0 0 0 0 0 0 0 0 0 0 0 0 0 0 0 0 0 0 0 0 0 0 0 0 0 0 0 0 0 0 0 0 0 0 0 0 0 0 0 0 0 0 0 0 0 0 0 0 0 0 0 0 0 0 0 0 0 0 0 0 0 0 0 0 0 0 0 0 0 0 0 0 0 0 0 0 0 0 0 0 0 0 0 0 0 0 0 0 0 0 0 0 0 0 0 0 0 0 0 0 0 0 0 0 0 0 0 0 0 0 0 0 0 0 0 0 0 0 0 0 0 0 0 0 0 0 0 0 0 0 0 0 0 0 0 0 0 0 0 0 0 0 0 0 0 0 0 0 0 0 0 0 0 0 0 0 0 0 0 0 0 0 0 0 0 0 0 0 0 0 0 0 0 0 0 0 0 0 0 0 0 0 0 0 0 0 0 0 0 0 0 0 0 0 0 0 0 0 0 0 0 0 0 0 0 0 0 0 0 0 0 0 0 0 0 0 0 0 0 0 0 0 0 0 0 0 0 0 0 0 0 0 0 0 0 0 0 0 0 0 0 0 0 0 0 0 0 0 0 0 0 0 0 0 0 0 0 0 0 0 0 0 0 0 0 0 0 0 0 0 0 0 0 0 0 0 0 0 0 0 0 0 0 0 0 0 0 0 0 0 0 0 0 0 0 0 0 0 0 0 0 0 0 0 0 0 0 0 0 0 0 0 0 0 0 0 0 0 0 0 0 0 0 0 0 0 0 0 0 0 0 0 0 0 0 0 0 0 0 0 0 0 0 0 0 0 0 0 0 0 0 0 0 0 0 0 0 0 0 0 0 0 0 0 0 0 0 0 0 0 0 0 0 0 0 0 0 0 0 0 0 0 0 0 0 0 0 0 0 0 0 0 0 0 0 0 0 0 0 0 0 0 0 0 0 0 0 0 0 0 0 0 0 0 0 0 0 0 0 0 0 0 0 0 0 0 0 0 0 0 0 0 0 0 0 0 0 0 0 0 0 0 0 0 0 0 0 0 0 0 0 0 0 0 0 0 0 0 0 0 0 0 0 0 0 0 0 0 0 0 0 0 0 0 0 0 0 0 0 0 0 0 0 0 0 0 0 0 0 0 0 0 0 0 0 0 0 0 0 0 0 0 0 0 0 0 0 0 0 0 0 0 0 0 0 0 0 0 0 0 0 0 0 0 0 0 0 0 0 0 0 0 0 0 0 0 0 0 0 0 0 0 0 0 0 0 0 0 0 0 0 0 0 0 0 0 0 0 0 0 0 0 0 0 0 0 0 0 0 0 0 0 0 0 0 0 0 0 0 0 0 0 0 0 0 0 0 0 0 0 0 0 0 0 0 0 0 0 0 0 0 0 0 0 0 0 0 0 0 0 0 0 0 0 0 0 0 0 0 0 0 0 0 0 0 0 0 0 0 0 0 0 0 0 0 0 0 0 0 0 0 0 0 0 0 0 0 0 0 0 0 0 0 0 0 0 0 0 0 0 0 0 0 0 0 0 0 0 0 0 0 0 0 0 0 0 0 0 0 0 0 0 0 0 0 0 0 0 0 0 0 0 0 0 0 0 0 0 0 0 0 0 0 0 0 0 0 0 0 0 0 0 0 0 0 0 0 0 0 0 0 0 0 0 0 0 0 0 0 0 0 0 0 0 0 0 0 0 0 0 0 0 0 0 0 0 0 0 0 0 0 0 0 0 0 0 0 0 0 0 0 0 0 0 0 0 0 0 0 0 0 0 0 0 0 0 0 0 0 0 0 0 0 0 0 0 0 0 0 0 0 0 0 0 0 0 0 0 0 0 0 0 0 0 0 0 0 0 0 0 0 0 0 0 0 0 0 0 0 0 0 0 0 0 0 0 0 0 0 0 0 0 0 0 0 0 0 0 0 0 0 0 0 0 0 0 0 0 0 0 0 0 0 0 0 0 0 0 0 0 0 0 0 0 0 0 0 0 0 0 0 0 0 0 0 0 0 0 0 0 0 0 0 0 0 0 0 0 0 0 0 0 0 0 0 0 0 0 0 0 0 0 0 0 0 0 0 0 0 0 0 0 0 0 0 0 0 0 0 0 0 0 0 0 0 0 0 0 0 0 0 0 0 0 0 0 0 0 0 0 0 0 0 0 0 0 0 0 0 0 0 0 0 0 0 0 0 0 0 0 0 0 0 0 0 0 0 0 0 0 0 0 0 0 0 0 0 0 0 0 0 0 0 0 0 0 0 0 0 0 0 0 0 0 0 0 0 0 0 0 0 0 0 0 0 0 0 0 0 0 0 0 0 0 0 0 0 0 0 0 0 0 0 0 0 0 0 0 0 0 0 0 0 0 0 0 0 0 0 0 0 0 0 0 0 0 0 0 0 0 0 0 0 0 0 0 0 0 0 0 0 0 0 0 0 0 0 0 0 0 0 0 0 0 0 0 0 0 0 0 0 0 0 0 0 0 0 0 0 0 0 0 0 0 0 0 0 0 0 0 0 0 0 0 0 0 0 0 0 0 0 0 0 0 0 0 0 0 0 0 0 0 0 0 0 0 0 0 0 0 0 0 0 0 0 0 0 0 0 0 0 0 0 0 0 0 0 0 0 0 0 0 0 0 0 0 0 0 0 0 0 0 0 0 0 0 0 0 0 0 0 0 0 0 0 0 0 0 0 0 0 0 0 0 0 0 0 0 0 0 0 0 0 0 0 0 0 0 0 0 0 0 0 0 0 0 0 0 0 0 0 0 0 0 0 0 0 0 0 0 0 0 0 0 0 0 0 0 0 0 0 0 0 0 0 0 0 0 0 0 0 0 0 0 0 0 0 0 0 0 0 0 0 0 0 0 0 0 0 0 0 0 0 0 0 0 0 0 0 0 0 0 0 0 0 0 0 0 0 0 0 0 0 0 0 0 0 0 0 0 0 0 0 0 0 0 0 0 0 0 0 0 0 0 0 0 0 0 0 0 0 0 0 0 0 0 0 0 0 0 0 0 0 0 0 0 0 0 0 0 0 0 0 0 0 0 0 0 0 0 0 0 0 0 0 0 0 0 0 0 0 0 0 0 0 0 0 0 0 0 0 0 0 0 0 0 0 0 0 0 0 0 0 0 0 0 0 0 0 0 0 0 0 0 0 0 0 0 0 0 0 0 0 0 0 0 0 0 0 0 0 0 0 0 0 0 0 0 0 0 0 0 0 0 0 0 0 0 0 0 0 0 0 0 0 0 0 0 0 0 0 0 0 0 0 0 0 0 0 0 0 0 0 0 0 0 0 0 0 0 0 0 0 0 0 0 0 0 0 0 0 0 0 0 0 0 0 0 0 0 0 0 0 0 0 0 0 0 0 0 0 0 0 0 0 0 0 0 0 0 0 0 0 0 0 0 0 0 0 0 0 0 0 0 0 0 0 0 0 0 0 0 0 0 0 0 0 0 0 0 0 0 0 0 0 0 0 0 0 0 0 0 0 0 0 0 0 0 0 0 0 0 0 0 0 0 0 0 0 0 0 0 0 0 0 0 0 0 0 0 0 0 0 0 0 0 0 0 0 0 0 0 0 0 0 0 0 0 0 0 0 0 0 0 0 0 0 0 0 0 0 0 0 0 0 0 0 0 0 0 0 0 0 0 0 0 0 0 0 0 0 0 0 0 0 0 0 0 0 0 0 0 0 0 0 0 0 0 0 0 0 0 0 0 0 0 0 0 0 0 0 0 0 0 0 0 0 0 0 0 0 0 0 0 0 0 0 0 0 0 0 0 0 0 0 0 0 0 0 0 0 0 0 0 0 0 0 0 0 0 0 0 0 0 0 0 0 0 0 0 0 0 0 0 0 0 0 0 0 0 0 0 0 0 0 0 0 0 0 0 0 0 0 0 0 0 0 0 0 0 0 0 0 0 0 0 0 0 0 0 0 0 0 0 0 0 0 0 0 0 0 0 0 0 0 0 0 0 0 0 0 0 0 0 0 0 0 0 0 0 0 0 0 0 0 0 0 0 0 0 0 0 0 0 0 0 0 0 0 0 0 0 0 0 0 0 0 0 0 0 0 0 0 0 0 0 0 0 0 0 0 0 0 0 0 0 0 0 0 0 0 0 0 0 0 0 0 0 0 0 0 0 0 0 0 0 0 0 0 0 0 0 0 0 0 0 0 0 0 0 0 0 0 0 0 0 0 0 0 0 0 0 0 0 0 0 0 0 0 0 0 0 0 0 0 0 0 0 0 0 0 0 0 0 0 0 0 0 0 0 0 0 0 0 0 0 0 0 0 0 0 0 0 0 0 0 0 0 0 0 0 0 0 0 0 0 0 0 0 0 0 0 0 0 0 0 0 0 0 0 0 0 0 0 0 0 0 0 0 0 0 0 0 0 0 0 0 0 0 0 0 0 0 0 0 0 0 0 0 0 0 0 0 0 0 0 0 0 0 0 0 0 0 0 0 0 0 0 0 0 0 0 0 0 0 0 0 0 0 0 0 0 0 0 0 0 0 0 0 0 0 0 0 0 0 0 0 0 0 0 0 0 0 0 0 0 0 0 0 0 0 0 0 0 0 0 0 0 0 0 0 0 0 0 0 0 0 0 0 0 0 0 0 0 0 0 0 0 0 0 0 0 0 0 0 0 0 0 0 0 0 0 0 0 0 0 0 0 0 0 0 0 0 0 0 0 0 0 0 0 0 0 0 0 0 0 0 0 0 0 0 0 0 0 0 0 0 0 0 0 0 0 0 0 0 0 0 0 0 0 0 0 0 0 0 0 0 0 0 0 0 0 0 0 0 0 0 0 0 0 0 0 0 0 0 0 0 0 0 0 0 0 0 0 0 0 0 0 0 0 0 0 0 0 0 0 0 0 0 0 0 0 0 0 0 0 0 0 0 0 0 0 0 0 0 0 0 0 0 0 0 0 0 0 0 0 0 0 0 0 0 0 0 0 0 0 0 0 0 0 0 0 0 0 0 0 0 0 0 0 0 0 0 0 0 0 0 0 0 0 0 0 0 0 0 0 0 0 0 0 0 0 0 0 0 0 0 0 0 0 0 0 0 0 0 0 0 0 0 0 0 0 0 0 0 0 0 0 0 0 0 0 0 0 0 0 0 0 0 0 0 0 0 0 0 0 0 0 0 0 0 0 0 0 0 0 0 0 0 0 0 0 0 0 0 0 0 0 0 0 0 0 0 0 0 0 0 0 0 0 0 0 0 0 0 0 0 0 0 0 0 0 0 0 0 0 0 0 0 0 0 0 0 0 0 0 0 0 0 0 0 0 0 0 0 0 0 0 0 0 0 0 0 0 0 0 0 0 0 0 0 0 0 0 0 0 0 0 0 0 0 0 0 0 0 0 0 0 0 0 0 0 0 0 0 0 0 0 0 0 0 0 0 0 0 0 0 0 0 0 0 0 0 0 0 0 0 0 0 0 0 0 0 0 0 0 0 0 0 0 0 0 0 0 0 0 0 0 0 0 0 0 0 0 0 0 0 0 0 0 0 0 0 0 0 0 0 0 0 0 0 0 0 0 0 0 0 0 0 0 0 0 0 0 0 0 0 0 0 0 0 0 0 0 0 0 0 0 0 0 0 0 0 0 0 0 0 0 0 0 0 0 0 0 0 0 0 0 0 0 0 0 0 0 0 0 0 0 0 0 0 0 0 0 0 0 0 0 0 0 0 0 0 0 0 0 0 0 0 0 0 0 0 0 0 0 0 0 0 0 0 0 0 0 0 0 0 0 0 0 0 0 0 0 0 0 0 0 0 0 0 0 0 0 0 0 0 0 0 0 0 0 0 0 0 0 0 0 0 0 0 0 0 0 0 0 0 0 0 0 0 0 0 0 0 0 0 0 0 0 0 0 0 0 0 0 0 0 0 0 0 0 0 0 0 0 0 0 0 0 0 0 0 0 0 0 0 0 0 0 0 0 0 0 0 0 0 0 0 0 0 0 0 0 0 0 0 0 0 0 0 0 0 0 0 0 0 0 0 0 0 0 0 0 0 0 0 0 0 0 0 0 0 0 0 0 0 0 0 0 0 0 0 0 0 0 0 0 0 0 0 0 0 0 0 0 0 0 0 0 0 0 0 0 0 0 0 0 0 0 0 0 0 0 0 0 0 0 0 0 0 0 0 0 0 0 0 0 0 0 0 0 0 0 0 0 0 0 0 0 0 0 0 0 0 0 0 0 0 0 0 0 0 0 0 0 0 0 0 0 0 0 0 0 0 0 0 0 0 0 0 0 0 0 0 0 0 0 0 0 0 0 0 0 0 0 0 0 0 0 0 0 0 0 0 0 0 0 0 0 0 0 0 0 0 0 0 0 0 0 0 0 0 0 0 0 0 0 0 0 0 0 0 0 0 0 0 0 0 0 0 0 0 0 0 0 0 0 0 0 0 0 0 0 0 0 0 0 0 0 0 0 0 0 0 0 0 0 0 0 0 0 0 0 0 0 0 0 0 0 0 0 0 0 0 0 0 0 0 0 0 0 0 0 0 0 0 0 0 0 0 0 0 0 0 0 0 0 0 0 0 0 0 0 0 0 0 0 0 0 0 0 0 0 0 0 0 0 0 0 0 0 0 0 0 0 0 0 0 0 0 0 0 0 0 0 0 0 0 0 0 0 0 0 0 0 0 0 0 0 0 0 0 0 0 0 0 0 0 0 0 0 0 0 0 0 0 0 0 0 0 0 0 0 0 0 0 0 0 0 0 0 0 0 0 0 0 0 0 0 0 0 0 0 0 0 0 0 0 0 0 0 0 0 0 0 0 0 0 0 0 0 0 0 0 0 0 0 0 0 0 0 0 0 0 0 0 0 0 0 0 0 0 0 0 0 0 0 0 0 0 0 0 0 0 0 0 0 0 0 0 0 0 0 0 0 0 0 0 0 0 0 0 0 0 0 0 0 0 0 0 0 0 0 0 0 0 0 0 0 0 0 0 0 0 0 0 0 0 0 0 0 0 0 0 0 0 0 0 0 0 0 0 0 0 0 0 0 0 0 0 0 0 0 0 0 0 0 0 0 0 0 0 0 0 0 0 0 0 0 0 0 0 0 0 0 0 0 0 0 0 0 0 0 0 0 0 0 0 0 0 0 0 0 0 0 0 0 0 0 0 0 0 0 0 0 0 0 0 0 0 0 0 0 0 0 0 0 0 0 0 0 0 0 0 0 0 0 0 0 0 0 0 0 0 0 0 0 0 0 0 0 0 0 0 0 0 0 0 0 0 0 0 0 0 0 0 0 0 0 0 0 0 0 0 0 0 0 0 0 0 0 0 0 0 0 0 0 0 0 0 0 0 0 0 0 0 0 0 0 0 0 0 0 0 0 0 0 0 0 0 0 0 0 0 0 0 0 0 0 0 0 0 0 0 0 0 0 0 0 0 0 0 0 0 0 0 0 0 0 0 0 0 0 0 0 0 0 0 0 0 0 0 0 0 0 0 0 0 0 0 0 0 0 0 0 0 0 0 0 0 0 0 0 0 0 0 0 0 0 0 0 0 0 0 0 0 0 0 0 0 0 0 0 0 0 0 0 0 0 0 0 0 0 0 0 0 0 0 0 0 0 0 0 0 0 0 0 0 0 0 0 0 0 0 0 0 0 0 0 0 0 0 0 0 0 0 0 0 0 0 0 0 0 0 0 0 0 0 0 0 0 0 0 0 0 0 0 0 0 0 0 0 0 0 0 0 0 0 0 0 0 0 0 0 0 0 0 0 0 0 0 0 0 0 0 0 0 0 0 0 0 0 0 0 0 0 0 0 0 0 0 0 0 0 0 0 0 0 0 0 0 0 0 0 0 0 0 0 0 0 0 0 0 0 0 0 0 0 0 0 0 0 0 0 0 0 0 0 0 0 0 0 0 0 0 0 0 0 0 0 0 0 0 0 0 0 0 0 0 0 0 0 0 0 0 0 0 0 0 0 0 0 0 0 0 0 0 0 0 0 0 0 0 0 0 0 0 0 0 0 0 0 0 0 0 0 0 0 0 0 0 0 0 0 0 0 0 0 0 0 0 0 0 0 0 0 0 0 0 0 0 0 0 0 0 0 0 0 0 0 0 0 0 0 0 0 0 0 0 0 0 0 0 0 0 0 0 0 0 0 0 0 0 0 0 0 0 0 0 0 0 0 0 0 0 0 0 0 0 0 0 0 0 0 0 0 0 0 0 0 0 0 0 0 0 0 0 0 0 0 0 0 0 0 0 0 0 0 0 0 0 0 0 0 0 0 0 0 0 0 0 0 0 0 0 0 0 0 0 0 0 0 0 0 0 0 0 0 0 0 0 0 0 0 0 0 0 0 0 0 0 0 0 0 0 0 0 0 0 0 0 0 0 0 0 0 0 0 0 0 0 0 0 0 0 0 0 0 0 0 0 0 0 0 0 0 0 0 0 0 0 0 0 0 0 0 0 0 0 0 0 0 0 0 0 0 0 0 0 0 0 0 0 0 0 0 0 0 0 0 0 0 0 0 0 0 0 0 0 0 0 0 0 0 0 0 0 0 0 0 0 0 0 0 0 0 0 0 0 0 0 0 0 0 0 0 0 0 0 0 0 0 0 0 0 0 0 0 0 0 0 0 0 0 0 0 0 0 0 0 0 0 0 0 0 0 0 0 0 0 0 0 0 0 0 0 0 0 0 0 0 0 0 0 0 0 0 0 0 0 0 0 0 0 0 0 0 0 0 0 0 0 0 0 0 0 0 0 0 0 0 0 0 0 0 0 0 0 0 0 0 0 0 0 0 0 0 0 0 0 0 0 0 0 0 0 0 0 0 0 0 0 0 0 0 0 0 0 0 0 0 0 0 0 0 0 0 0 0 0 0 0 0 0 0 0 0 0 0 0 0 0 0 0 0 0 0 0 0 0 0 0 0 0 0 0 0 0 0 0 0 0 0 0 0 0 0 0 0 0 0 0 0 0 0 0 0 0 0 0 0 0 0 0 0 0 0 0 0 0 0 0 0 0 0 0 0 0 0 0 0 0 0 0 0 0 0 0 0 0 0 0 0 0 0 0 0 0 0 0 0 0 0 0 0 0 0 0 0 0 0 0 0 0 0 0 0 0 0 0 0 0 0 0 0 0 0 0 0 0 0 0 0 0 0 0 0 0 0 0 0 0 0 0 0 0 0 0 0 0 0 0 0 0 0 0 0 0 0 0 0 0 0 0 0 0 0 0 0 0 0 0 0 0 0 0 0 0 0 0 0 0 0 0 0 0 0 0 0 0 0 0 0 0 0 0 0 0 0 0 0 0 0 0 0 0 0 0 0 0 0 0 0 0 0 0 0 0 0 0 0 0 0 0 0 0 0 0 0 0 0 0 0 0 0 0 0 0 0 0 0 0 0 0 0 0 0 0 0 0 0 0 0 0 0 0 0 0 0 0 0 0 0 0 0 0 0 0 0 0 0 0 0 0 0 0 0 0 0 0 0 0 0 0 0 0 0 0 0 0 0 0 0 0 0 0 0 0 0 0 0 0 0 0 0 0 0 0 0 0 0 0 0 0 0 0 0 0 0 0 0 0 0 0 0 0 0 0 0 0 0 0 0 0 0 0 0 0 0 0 0 0 0 0 0 0 0 0 0 0 0 0 0 0 0 0 0 0 0 0 0 0 0 0 0 0 0 0 0 0 0 0 0 0 0 0 0 0 0 0 0 0 0 0 0 0 0 0 0 0 0 0 0 0 0 0 0 0 0 0 0 0 0 0 0 0 0 0 0 0 0 0 0 0 0 0 0 0 0 0 0 0 0 0 0 0 0 0 0 0 0 0 0 0 0 0 0 0 0 0 0 0 0 0 0 0 0 0 0 0 0 0 0 0 0 0 0 0 0 0 0 0 0 0 0 0 0 0 0 0 0 0 0 0 0 0 0 0 0 0 0 0 0 0 0 0 0 0 0 0 0 0 0 0 0 0 0 0 0 0 0 0 0 0 0 0 0 0 0 0 0 0 0 0 0 0 0 0 0 0 0 0 0 0 0 0 0 0 0 0 0 0 0 0 0 0 0 0 0 0 0 0 0 0 0 0 0 0 0 0 0 0 0 0 0 0 0 0 0 0 0 0 0 0 0 0 0 0 0 0 0 0 0 0 0 0 0 0 0 0 0 0 0 0 0 0 0 0 0 0 0 0 0 0 0 0 0 0 0 0 0 0 0 0 0 0 0 0 0 0 0 0 0 0 0 0 0 0 0 0 0 0 0 0 0 0 0 0 0 0 0 0 0 0 0 0 0 0 0 0 0 0 0 0 0 0 0 0 0 0 0 0 0 0 0 0 0 0 0 0 0 0 0 0 0 0 0 0 0 0 0 0 0 0 0 0 0 0 0 0 0 0 0 0 0 0 0 0 0 0 0 0 0 0 0 0 0 0 0 0 0 0 0 0 0 0 0 0 0 0 0 0 0 0 0 0 0 0 0 0 0 0 0 0 0 0 0 0 0 0 0 0 0 0 0 0 0 0 0 0 0 0 0 0 0 0 0 0 0 0 0 0 0 0 0 0 0 0 0 0 0 0 0 0 0 0 0 0 0 0 0 0 0 0 0 0 0 0 0 0 0 0 0 0 0 0 0 0 0 0 0 0 0 0 0 0 0 0 0 0 0 0 0 0 0 0 0 0 0 0 0 0 0 0 0 0 0 0 0 0 0 0 0 0 0 0 0 0 0 0 0 0 0 0 0 0 0 0 0 0 0 0 0 0 0 0 0 0 0 0 0 0 0 0 0 0 0 0 0 0 0 0 0 0 0 0 0 0 0 0 0 0 0 0 0 0 0 0 0 0 0 0 0 0 0 0 0 0 0 0 0 0 0 0 0 0 0 0 0 0 0 0 0 0 0 0 0 0 0 0 0 0 0 0 0 0 0 0 0 0 0 0 0 0 0 0 0 0 0 0 0 0 0 0 0 0 0 0 0 0 0 0 0 0 0 0 0 0 0 0 0 0 0 0 0 0 0 0 0 0 0 0 0 0 0 0 0 0 0 0 0 0 0 0 0 0 0 0 0 0 0 0 0 0 0 0 0 0 0 0 0 0 0 0 0 0 0 0 0 0 0 0 0 0 0 0 0 0 0 0 0 0 0 0 0 0 0 0 0 0 0 0 0 0 0 0 0 0 0 0 0 0 0 0 0 0 0 0 0 0 0 0 0 0 0 0 0 0 0 0 0 0 0 0 0 0 0 0 0 0 0 0 0 0 0 0 0 0 0 0 0 0 0 0 0 0 0 0 0 0 0 0 0 0 0 0 0 0 0 0 0 0 0 0 0 0 0 0 0 0 0 0 0 0 0 0 0 0 0 0 0 0 0 0 0 0 0 0 0 0 0 0 0 0 0 0 0 0 0 0 0 0 0 0 0 0 0 0 0 0 0 0 0 0 0 0 0 0 0 0 0 0 0 0 0 0 0 0 0 0 0 0 0 0 0 0 0 0 0 0 0 0 0 0 0 0 0 0 0 0 0 0 0 0 0 0 0 0 0 0 0 0 0 0 0 0 0 0 0 0 0 0 0 0 0 0 0 0 0 0 0 0 0 0 0 0 0 0 0 0 0 0 0 0 0</float_array>
          <technique_common>
            <accessor source="#Circle-mesh-map-0-array" count="4308" stride="2">
              <param name="S" type="float"/>
              <param name="T" type="float"/>
            </accessor>
          </technique_common>
        </source>
        <vertices id="Circle-mesh-vertices">
          <input semantic="POSITION" source="#Circle-mesh-positions"/>
        </vertices>
        <triangles material="gora_dol-material" count="950">
          <input semantic="VERTEX" source="#Circle-mesh-vertices" offset="0"/>
          <input semantic="NORMAL" source="#Circle-mesh-normals" offset="1"/>
          <input semantic="TEXCOORD" source="#Circle-mesh-map-0" offset="2" set="0"/>
          <p>11 0 0 57 0 1 56 0 2 56 1 3 27 1 4 26 1 5 10 2 6 58 2 7 57 2 8 57 3 9 28 3 10 27 3 11 9 1 12 59 1 13 58 1 14 58 4 15 29 4 16 28 4 17 52 5 18 60 5 19 59 5 20 59 6 21 30 6 22 29 6 23 8 1 24 61 1 25 60 1 26 60 7 27 31 7 28 30 7 29 53 8 30 62 8 31 61 8 32 61 9 33 32 9 34 31 9 35 7 10 36 63 10 37 62 10 38 62 11 39 33 11 40 32 11 41 6 12 42 64 12 43 63 12 44 63 13 45 34 13 46 33 13 47 54 14 48 65 14 49 64 14 50 64 15 51 35 15 52 34 15 53 5 16 54 66 16 55 65 16 56 65 1 57 36 1 58 35 1 59 4 17 60 67 17 61 66 17 62 66 18 63 37 18 64 36 18 65 3 19 66 68 19 67 67 19 68 67 20 69 38 20 70 37 20 71 55 21 72 69 21 73 68 21 74 68 22 75 39 22 76 38 22 77 1 1 78 69 1 79 2 1 80 70 23 81 39 23 82 69 23 83 0 1 84 70 1 85 1 1 86 71 1 87 13 1 88 70 1 89 51 1 90 71 1 91 0 1 92 72 1 93 14 1 94 71 1 95 50 1 96 72 1 97 51 1 98 73 1 99 15 1 100 72 1 101 49 1 102 73 1 103 50 1 104 74 1 105 16 1 106 73 1 107 48 1 108 74 1 109 49 1 110 75 1 111 17 1 112 74 1 113 47 1 114 75 1 115 48 1 116 76 1 117 18 1 118 75 1 119 46 1 120 76 1 121 47 1 122 77 1 123 19 1 124 76 1 125 45 1 126 77 1 127 46 1 128 78 1 129 20 1 130 77 1 131 44 24 132 78 24 133 45 24 134 79 1 135 21 1 136 78 1 137 43 1 138 79 1 139 44 1 140 80 25 141 22 25 142 79 25 143 42 1 144 80 1 145 43 1 146 81 26 147 23 26 148 80 26 149 41 1 150 81 1 151 42 1 152 82 1 153 24 1 154 81 1 155 86 27 156 56 27 157 88 27 158 56 1 159 87 1 160 88 1 161 84 1 162 82 1 163 41 1 164 85 28 165 308 28 166 83 28 167 82 1 168 83 1 169 25 1 170 284 1 171 85 1 172 84 1 173 88 29 174 40 29 175 172 29 176 12 30 177 88 30 178 172 30 179 100 31 180 146 31 181 145 31 182 145 1 183 116 1 184 115 1 185 99 2 186 147 2 187 146 2 188 146 3 189 117 3 190 116 3 191 98 1 192 148 1 193 147 1 194 147 32 195 118 32 196 117 32 197 141 33 198 149 33 199 148 33 200 148 34 201 119 34 202 118 34 203 97 1 204 150 1 205 149 1 206 149 35 207 120 35 208 119 35 209 142 36 210 151 36 211 150 36 212 150 37 213 121 37 214 120 37 215 96 38 216 152 38 217 151 38 218 151 39 219 122 39 220 121 39 221 95 40 222 153 40 223 152 40 224 152 41 225 123 41 226 122 41 227 143 42 228 154 42 229 153 42 230 153 43 231 124 43 232 123 43 233 94 44 234 155 44 235 154 44 236 154 1 237 125 1 238 124 1 239 93 45 240 156 45 241 155 45 242 155 46 243 126 46 244 125 46 245 92 47 246 157 47 247 156 47 248 156 20 249 127 20 250 126 20 251 144 48 252 158 48 253 157 48 254 157 22 255 128 22 256 127 22 257 90 1 258 158 1 259 91 1 260 159 49 261 128 49 262 158 49 263 89 1 264 159 1 265 90 1 266 160 1 267 102 1 268 159 1 269 140 1 270 160 1 271 89 1 272 161 1 273 103 1 274 160 1 275 139 1 276 161 1 277 140 1 278 162 1 279 104 1 280 161 1 281 138 1 282 162 1 283 139 1 284 163 1 285 105 1 286 162 1 287 137 1 288 163 1 289 138 1 290 164 1 291 106 1 292 163 1 293 136 1 294 164 1 295 137 1 296 165 1 297 107 1 298 164 1 299 135 1 300 165 1 301 136 1 302 166 1 303 108 1 304 165 1 305 134 1 306 166 1 307 135 1 308 167 1 309 109 1 310 166 1 311 133 50 312 167 50 313 134 50 314 168 1 315 110 1 316 167 1 317 132 1 318 168 1 319 133 1 320 169 51 321 111 51 322 168 51 323 131 1 324 169 1 325 132 1 326 170 52 327 112 52 328 169 52 329 130 1 330 170 1 331 131 1 332 171 1 333 113 1 334 170 1 335 177 53 336 145 53 337 179 53 338 145 1 339 178 1 340 179 1 341 175 1 342 171 1 343 130 1 344 176 54 345 40 54 346 174 54 347 171 1 348 174 1 349 114 1 350 12 1 351 176 1 352 175 1 353 179 55 354 129 55 355 173 55 356 101 56 357 179 56 358 173 56 359 191 57 360 237 57 361 236 57 362 236 1 363 207 1 364 206 1 365 190 58 366 238 58 367 237 58 368 237 59 369 208 59 370 207 59 371 189 60 372 239 60 373 238 60 374 238 61 375 209 61 376 208 61 377 232 62 378 240 62 379 239 62 380 239 63 381 210 63 382 209 63 383 188 1 384 241 1 385 240 1 386 240 64 387 211 64 388 210 64 389 233 65 390 242 65 391 241 65 392 241 66 393 212 66 394 211 66 395 187 67 396 243 67 397 242 67 398 242 68 399 213 68 400 212 68 401 186 69 402 244 69 403 243 69 404 243 70 405 214 70 406 213 70 407 234 71 408 245 71 409 244 71 410 244 72 411 215 72 412 214 72 413 185 73 414 246 73 415 245 73 416 245 1 417 216 1 418 215 1 419 184 74 420 247 74 421 246 74 422 246 75 423 217 75 424 216 75 425 183 76 426 248 76 427 247 76 428 247 77 429 218 77 430 217 77 431 235 78 432 249 78 433 248 78 434 248 79 435 219 79 436 218 79 437 181 1 438 249 1 439 182 1 440 250 49 441 219 49 442 249 49 443 180 1 444 250 1 445 181 1 446 251 1 447 193 1 448 250 1 449 231 1 450 251 1 451 180 1 452 252 1 453 194 1 454 251 1 455 230 1 456 252 1 457 231 1 458 253 1 459 195 1 460 252 1 461 229 1 462 253 1 463 230 1 464 254 1 465 196 1 466 253 1 467 228 1 468 254 1 469 229 1 470 255 1 471 197 1 472 254 1 473 227 1 474 255 1 475 228 1 476 256 1 477 198 1 478 255 1 479 226 1 480 256 1 481 227 1 482 257 1 483 199 1 484 256 1 485 225 1 486 257 1 487 226 1 488 258 1 489 200 1 490 257 1 491 224 80 492 258 80 493 225 80 494 259 1 495 201 1 496 258 1 497 223 1 498 259 1 499 224 1 500 260 81 501 202 81 502 259 81 503 222 1 504 260 1 505 223 1 506 261 82 507 203 82 508 260 82 509 221 1 510 261 1 511 222 1 512 262 1 513 204 1 514 261 1 515 267 83 516 236 83 517 269 83 518 236 1 519 268 1 520 269 1 521 265 1 522 262 1 523 221 1 524 266 84 525 129 84 526 264 84 527 262 1 528 264 1 529 205 1 530 101 1 531 266 1 532 265 1 533 269 1 534 220 1 535 263 1 536 267 1 537 263 1 538 192 1 539 220 1 540 271 1 541 263 1 542 283 85 543 326 85 544 325 85 545 325 1 546 295 1 547 294 1 548 282 86 549 327 86 550 326 86 551 326 87 552 296 87 553 295 87 554 281 1 555 328 1 556 327 1 557 327 88 558 297 88 559 296 88 560 321 89 561 329 89 562 328 89 563 328 90 564 298 90 565 297 90 566 280 1 567 330 1 568 329 1 569 329 91 570 299 91 571 298 91 572 322 92 573 331 92 574 330 92 575 330 93 576 300 93 577 299 93 578 279 67 579 332 67 580 331 67 581 331 94 582 301 94 583 300 94 584 278 69 585 333 69 586 332 69 587 332 95 588 302 95 589 301 95 590 323 96 591 334 96 592 333 96 593 333 97 594 303 97 595 302 97 596 277 98 597 335 98 598 334 98 599 334 99 600 304 99 601 303 99 602 276 100 603 336 100 604 335 100 605 335 101 606 305 101 607 304 101 608 275 76 609 337 76 610 336 76 611 336 102 612 306 102 613 305 102 614 324 48 615 338 48 616 337 48 617 337 103 618 307 103 619 306 103 620 273 1 621 338 1 622 274 1 623 338 104 624 285 104 625 307 104 626 272 1 627 339 1 628 273 1 629 339 105 630 286 105 631 285 105 632 320 1 633 340 1 634 272 1 635 340 106 636 287 106 637 286 106 638 319 1 639 341 1 640 320 1 641 341 1 642 288 1 643 287 1 644 318 1 645 342 1 646 319 1 647 343 1 648 288 1 649 342 1 650 317 1 651 343 1 652 318 1 653 344 1 654 289 1 655 343 1 656 316 107 657 344 107 658 317 107 659 345 108 660 290 108 661 344 108 662 315 1 663 345 1 664 316 1 665 346 109 666 291 109 667 345 109 668 314 1 669 346 1 670 315 1 671 293 1 672 359 1 673 347 1 674 313 1 675 347 1 676 314 1 677 312 1 678 348 1 679 313 1 680 311 1 681 349 1 682 312 1 683 310 1 684 350 1 685 311 1 686 356 110 687 325 110 688 358 110 689 325 1 690 357 1 691 358 1 692 354 1 693 351 1 694 310 1 695 309 1 696 355 1 697 354 1 698 358 55 699 308 55 700 353 55 701 284 56 702 358 56 703 353 56 704 351 1 705 352 1 706 348 1 707 359 111 708 346 111 709 347 111 710 375 112 711 418 112 712 373 112 713 417 112 714 392 112 715 418 112 716 373 112 717 419 112 718 374 112 719 418 112 720 393 112 721 419 112 722 374 112 723 420 112 724 371 112 725 419 113 726 394 113 727 420 113 728 371 112 729 421 112 730 372 112 731 420 114 732 395 114 733 421 114 734 372 115 735 422 115 736 370 115 737 421 116 738 396 116 739 422 116 740 370 117 741 423 117 742 368 117 743 422 112 744 397 112 745 423 112 746 368 112 747 424 112 748 369 112 749 423 118 750 398 118 751 424 118 752 369 112 753 425 112 754 367 112 755 424 119 756 399 119 757 425 119 758 367 112 759 426 112 760 366 112 761 425 112 762 400 112 763 426 112 764 366 120 765 427 120 766 364 120 767 426 121 768 401 121 769 427 121 770 364 112 771 428 112 772 365 112 773 427 112 774 402 112 775 428 112 776 365 112 777 429 112 778 363 112 779 428 122 780 403 122 781 429 122 782 363 112 783 430 112 784 362 112 785 429 112 786 377 112 787 430 112 788 430 123 789 360 123 790 362 123 791 377 124 792 431 124 793 430 124 794 431 125 795 361 125 796 360 125 797 378 126 798 432 126 799 431 126 800 432 127 801 416 127 802 361 127 803 379 128 804 433 128 805 432 128 806 433 129 807 415 129 808 416 129 809 380 130 810 434 130 811 433 130 812 434 131 813 414 131 814 415 131 815 381 132 816 435 132 817 434 132 818 435 133 819 413 133 820 414 133 821 382 134 822 436 134 823 435 134 824 436 135 825 412 135 826 413 135 827 383 136 828 437 136 829 436 136 830 437 137 831 411 137 832 412 137 833 384 138 834 438 138 835 437 138 836 438 139 837 410 139 838 411 139 839 385 140 840 439 140 841 438 140 842 439 112 843 409 112 844 410 112 845 386 141 846 440 141 847 439 141 848 440 142 849 408 142 850 409 142 851 387 143 852 441 143 853 440 143 854 441 112 855 406 112 856 408 112 857 388 144 858 442 144 859 441 144 860 442 145 861 407 145 862 406 145 863 389 146 864 443 146 865 442 146 866 376 112 867 417 112 868 375 112 869 405 147 870 417 147 871 447 147 872 445 148 873 443 148 874 444 148 875 650 149 876 444 149 877 404 149 878 404 112 879 443 112 880 390 112 881 717 150 882 444 150 883 649 150 884 495 151 885 447 151 886 535 151 887 446 152 888 447 152 889 376 152 890 463 112 891 509 112 892 462 112 893 508 112 894 482 112 895 509 112 896 462 112 897 510 112 898 461 112 899 509 112 900 483 112 901 510 112 902 461 112 903 511 112 904 460 112 905 510 153 906 484 153 907 511 153 908 460 112 909 512 112 910 459 112 911 511 154 912 485 154 913 512 154 914 459 155 915 513 155 916 458 155 917 512 156 918 486 156 919 513 156 920 458 157 921 514 157 922 457 157 923 513 112 924 487 112 925 514 112 926 457 112 927 515 112 928 456 112 929 514 158 930 488 158 931 515 158 932 456 112 933 516 112 934 455 112 935 515 159 936 489 159 937 516 159 938 455 112 939 517 112 940 454 112 941 516 112 942 490 112 943 517 112 944 454 160 945 518 160 946 453 160 947 517 161 948 491 161 949 518 161 950 453 112 951 519 112 952 452 112 953 518 112 954 492 112 955 519 112 956 452 112 957 520 112 958 451 112 959 519 162 960 493 162 961 520 162 962 451 112 963 521 112 964 450 112 965 520 112 966 467 112 967 521 112 968 521 163 969 449 163 970 450 163 971 467 164 972 522 164 973 521 164 974 522 165 975 448 165 976 449 165 977 468 126 978 523 126 979 522 126 980 523 127 981 507 127 982 448 127 983 469 128 984 524 128 985 523 128 986 524 166 987 506 166 988 507 166 989 470 167 990 525 167 991 524 167 992 525 168 993 505 168 994 506 168 995 471 169 996 526 169 997 525 169 998 526 170 999 504 170 1000 505 170 1001 472 171 1002 527 171 1003 526 171 1004 527 172 1005 503 172 1006 504 172 1007 473 173 1008 528 173 1009 527 173 1010 528 174 1011 502 174 1012 503 174 1013 474 175 1014 529 175 1015 528 175 1016 529 176 1017 501 176 1018 502 176 1019 475 177 1020 530 177 1021 529 177 1022 530 112 1023 500 112 1024 501 112 1025 476 141 1026 531 141 1027 530 141 1028 531 178 1029 499 178 1030 500 178 1031 477 179 1032 532 179 1033 531 179 1034 532 112 1035 498 112 1036 499 112 1037 478 180 1038 533 180 1039 532 180 1040 533 181 1041 497 181 1042 498 181 1043 479 182 1044 534 182 1045 533 182 1046 464 112 1047 508 112 1048 463 112 1049 496 183 1050 508 183 1051 537 183 1052 539 184 1053 534 184 1054 538 184 1055 495 112 1056 538 112 1057 494 112 1058 494 112 1059 534 112 1060 480 112 1061 446 185 1062 538 185 1063 535 185 1064 466 186 1065 537 186 1066 465 186 1067 536 187 1068 537 187 1069 464 187 1070 555 112 1071 600 112 1072 554 112 1073 599 112 1074 574 112 1075 600 112 1076 554 112 1077 601 112 1078 553 112 1079 600 112 1080 575 112 1081 601 112 1082 553 112 1083 602 112 1084 552 112 1085 601 188 1086 576 188 1087 602 188 1088 552 112 1089 603 112 1090 551 112 1091 602 189 1092 577 189 1093 603 189 1094 551 190 1095 604 190 1096 550 190 1097 603 191 1098 578 191 1099 604 191 1100 550 192 1101 605 192 1102 549 192 1103 604 112 1104 579 112 1105 605 112 1106 549 112 1107 606 112 1108 548 112 1109 605 193 1110 580 193 1111 606 193 1112 548 112 1113 607 112 1114 547 112 1115 606 194 1116 581 194 1117 607 194 1118 547 112 1119 608 112 1120 546 112 1121 607 112 1122 582 112 1123 608 112 1124 546 195 1125 609 195 1126 545 195 1127 608 196 1128 583 196 1129 609 196 1130 545 112 1131 610 112 1132 544 112 1133 609 112 1134 584 112 1135 610 112 1136 544 112 1137 611 112 1138 543 112 1139 610 197 1140 585 197 1141 611 197 1142 543 112 1143 612 112 1144 542 112 1145 611 112 1146 559 112 1147 612 112 1148 612 163 1149 541 163 1150 542 163 1151 559 164 1152 613 164 1153 612 164 1154 613 198 1155 540 198 1156 541 198 1157 560 199 1158 614 199 1159 613 199 1160 614 200 1161 598 200 1162 540 200 1163 561 201 1164 615 201 1165 614 201 1166 615 202 1167 597 202 1168 598 202 1169 562 203 1170 616 203 1171 615 203 1172 616 204 1173 596 204 1174 597 204 1175 563 205 1176 617 205 1177 616 205 1178 617 206 1179 595 206 1180 596 206 1181 564 207 1182 618 207 1183 617 207 1184 618 208 1185 594 208 1186 595 208 1187 565 209 1188 619 209 1189 618 209 1190 619 137 1191 593 137 1192 594 137 1193 566 210 1194 620 210 1195 619 210 1196 620 211 1197 592 211 1198 593 211 1199 567 212 1200 621 212 1201 620 212 1202 621 112 1203 591 112 1204 592 112 1205 568 213 1206 622 213 1207 621 213 1208 622 178 1209 590 178 1210 591 178 1211 569 214 1212 623 214 1213 622 214 1214 623 112 1215 589 112 1216 590 112 1217 570 215 1218 624 215 1219 623 215 1220 624 216 1221 588 216 1222 589 216 1223 571 217 1224 625 217 1225 624 217 1226 556 218 1227 599 218 1228 555 218 1229 587 219 1230 599 219 1231 627 219 1232 629 220 1233 625 220 1234 628 220 1235 466 221 1236 628 221 1237 586 221 1238 586 112 1239 625 112 1240 572 112 1241 536 222 1242 628 222 1243 465 222 1244 558 223 1245 627 223 1246 557 223 1247 557 224 1248 556 224 1249 626 224 1250 630 112 1251 558 112 1252 557 112 1253 647 112 1254 691 112 1255 646 112 1256 690 112 1257 663 112 1258 691 112 1259 646 112 1260 692 112 1261 645 112 1262 691 112 1263 664 112 1264 692 112 1265 645 112 1266 693 112 1267 644 112 1268 692 225 1269 665 225 1270 693 225 1271 644 112 1272 694 112 1273 643 112 1274 693 112 1275 666 112 1276 694 112 1277 643 226 1278 695 226 1279 642 226 1280 694 227 1281 667 227 1282 695 227 1283 642 228 1284 696 228 1285 641 228 1286 695 229 1287 668 229 1288 696 229 1289 641 112 1290 697 112 1291 640 112 1292 696 112 1293 669 112 1294 697 112 1295 640 112 1296 698 112 1297 639 112 1298 697 230 1299 670 230 1300 698 230 1301 639 112 1302 699 112 1303 638 112 1304 698 112 1305 671 112 1306 699 112 1307 638 231 1308 700 231 1309 637 231 1310 699 112 1311 672 112 1312 700 112 1313 637 112 1314 701 112 1315 636 112 1316 700 112 1317 673 112 1318 701 112 1319 636 112 1320 702 112 1321 635 112 1322 701 112 1323 674 112 1324 702 112 1325 635 112 1326 703 112 1327 634 112 1328 702 112 1329 651 112 1330 703 112 1331 703 232 1332 633 232 1333 634 232 1334 703 112 1335 652 112 1336 704 112 1337 704 233 1338 632 233 1339 633 233 1340 704 112 1341 653 112 1342 705 112 1343 705 200 1344 689 200 1345 632 200 1346 705 234 1347 654 234 1348 706 234 1349 706 235 1350 688 235 1351 689 235 1352 706 236 1353 655 236 1354 707 236 1355 707 237 1356 687 237 1357 688 237 1358 655 238 1359 708 238 1360 707 238 1361 708 239 1362 686 239 1363 687 239 1364 656 240 1365 709 240 1366 708 240 1367 709 241 1368 685 241 1369 686 241 1370 657 112 1371 710 112 1372 709 112 1373 710 242 1374 684 242 1375 685 242 1376 658 112 1377 711 112 1378 710 112 1379 711 243 1380 683 243 1381 684 243 1382 660 112 1383 661 112 1384 712 112 1385 661 244 1386 682 244 1387 683 244 1388 713 245 1389 681 245 1390 682 245 1391 714 112 1392 680 112 1393 681 112 1394 715 246 1395 679 246 1396 680 246 1397 648 112 1398 690 112 1399 647 112 1400 677 247 1401 690 247 1402 718 247 1403 678 112 1404 716 112 1405 719 112 1406 676 112 1407 719 112 1408 675 112 1409 650 186 1410 718 186 1411 649 186 1412 717 248 1413 718 248 1414 648 248 1415 713 112 1416 675 112 1417 716 112 1418 711 249 1419 712 249 1420 661 249 1421 11 1 2151 10 1 2152 57 1 2153 56 1 2154 57 1 2155 27 1 2156 10 1 2157 9 1 2158 58 1 2159 57 443 2160 58 443 2161 28 443 2162 9 1 2163 52 1 2164 59 1 2165 58 1 2166 59 1 2167 29 1 2168 52 444 2169 8 444 2170 60 444 2171 59 445 2172 60 445 2173 30 445 2174 8 446 2175 53 446 2176 61 446 2177 60 1 2178 61 1 2179 31 1 2180 53 1 2181 7 1 2182 62 1 2183 61 447 2184 62 447 2185 32 447 2186 7 1 2187 6 1 2188 63 1 2189 62 1 2190 63 1 2191 33 1 2192 6 448 2193 54 448 2194 64 448 2195 63 449 2196 64 449 2197 34 449 2198 54 1 2199 5 1 2200 65 1 2201 64 1 2202 65 1 2203 35 1 2204 5 1 2205 4 1 2206 66 1 2207 65 1 2208 66 1 2209 36 1 2210 4 1 2211 3 1 2212 67 1 2213 66 1 2214 67 1 2215 37 1 2216 3 1 2217 55 1 2218 68 1 2219 67 450 2220 68 450 2221 38 450 2222 55 1 2223 2 1 2224 69 1 2225 68 451 2226 69 451 2227 39 451 2228 1 452 2229 70 452 2230 69 452 2231 70 453 2232 13 453 2233 39 453 2234 0 454 2235 71 454 2236 70 454 2237 71 455 2238 14 455 2239 13 455 2240 51 456 2241 72 456 2242 71 456 2243 72 457 2244 15 457 2245 14 457 2246 50 458 2247 73 458 2248 72 458 2249 73 1 2250 16 1 2251 15 1 2252 49 459 2253 74 459 2254 73 459 2255 74 460 2256 17 460 2257 16 460 2258 48 461 2259 75 461 2260 74 461 2261 75 462 2262 18 462 2263 17 462 2264 47 463 2265 76 463 2266 75 463 2267 76 464 2268 19 464 2269 18 464 2270 46 465 2271 77 465 2272 76 465 2273 77 466 2274 20 466 2275 19 466 2276 45 1 2277 78 1 2278 77 1 2279 78 467 2280 21 467 2281 20 467 2282 44 1 2283 79 1 2284 78 1 2285 79 1 2286 22 1 2287 21 1 2288 43 468 2289 80 468 2290 79 468 2291 80 469 2292 23 469 2293 22 469 2294 42 470 2295 81 470 2296 80 470 2297 81 471 2298 24 471 2299 23 471 2300 41 472 2301 82 472 2302 81 472 2303 82 473 2304 25 473 2305 24 473 2306 86 1 2307 11 1 2308 56 1 2309 56 1 2310 26 1 2311 87 1 2312 84 474 2313 85 474 2314 82 474 2315 85 1 2316 353 1 2317 308 1 2318 82 475 2319 85 475 2320 83 475 2321 284 476 2322 353 476 2323 85 476 2324 88 1 2325 87 1 2326 40 1 2327 12 1 2328 86 1 2329 88 1 2330 100 1 2331 99 1 2332 146 1 2333 145 1 2334 146 1 2335 116 1 2336 99 1 2337 98 1 2338 147 1 2339 146 477 2340 147 477 2341 117 477 2342 98 1 2343 141 1 2344 148 1 2345 147 1 2346 148 1 2347 118 1 2348 141 478 2349 97 478 2350 149 478 2351 148 479 2352 149 479 2353 119 479 2354 97 480 2355 142 480 2356 150 480 2357 149 1 2358 150 1 2359 120 1 2360 142 1 2361 96 1 2362 151 1 2363 150 481 2364 151 481 2365 121 481 2366 96 1 2367 95 1 2368 152 1 2369 151 1 2370 152 1 2371 122 1 2372 95 482 2373 143 482 2374 153 482 2375 152 483 2376 153 483 2377 123 483 2378 143 1 2379 94 1 2380 154 1 2381 153 1 2382 154 1 2383 124 1 2384 94 1 2385 93 1 2386 155 1 2387 154 1 2388 155 1 2389 125 1 2390 93 1 2391 92 1 2392 156 1 2393 155 1 2394 156 1 2395 126 1 2396 92 1 2397 144 1 2398 157 1 2399 156 484 2400 157 484 2401 127 484 2402 144 1 2403 91 1 2404 158 1 2405 157 485 2406 158 485 2407 128 485 2408 90 486 2409 159 486 2410 158 486 2411 159 487 2412 102 487 2413 128 487 2414 89 454 2415 160 454 2416 159 454 2417 160 488 2418 103 488 2419 102 488 2420 140 456 2421 161 456 2422 160 456 2423 161 489 2424 104 489 2425 103 489 2426 139 490 2427 162 490 2428 161 490 2429 162 1 2430 105 1 2431 104 1 2432 138 491 2433 163 491 2434 162 491 2435 163 492 2436 106 492 2437 105 492 2438 137 493 2439 164 493 2440 163 493 2441 164 494 2442 107 494 2443 106 494 2444 136 495 2445 165 495 2446 164 495 2447 165 464 2448 108 464 2449 107 464 2450 135 496 2451 166 496 2452 165 496 2453 166 497 2454 109 497 2455 108 497 2456 134 1 2457 167 1 2458 166 1 2459 167 467 2460 110 467 2461 109 467 2462 133 1 2463 168 1 2464 167 1 2465 168 1 2466 111 1 2467 110 1 2468 132 498 2469 169 498 2470 168 498 2471 169 499 2472 112 499 2473 111 499 2474 131 500 2475 170 500 2476 169 500 2477 170 501 2478 113 501 2479 112 501 2480 130 502 2481 171 502 2482 170 502 2483 171 503 2484 114 503 2485 113 503 2486 177 1 2487 100 1 2488 145 1 2489 145 1 2490 115 1 2491 178 1 2492 175 504 2493 176 504 2494 171 504 2495 176 505 2496 172 505 2497 40 505 2498 171 506 2499 176 506 2500 174 506 2501 12 507 2502 172 507 2503 176 507 2504 179 1 2505 178 1 2506 129 1 2507 101 1 2508 177 1 2509 179 1 2510 191 1 2511 190 1 2512 237 1 2513 236 1 2514 237 1 2515 207 1 2516 190 1 2517 189 1 2518 238 1 2519 237 1 2520 238 1 2521 208 1 2522 189 1 2523 232 1 2524 239 1 2525 238 508 2526 239 508 2527 209 508 2528 232 509 2529 188 509 2530 240 509 2531 239 510 2532 240 510 2533 210 510 2534 188 511 2535 233 511 2536 241 511 2537 240 1 2538 241 1 2539 211 1 2540 233 1 2541 187 1 2542 242 1 2543 241 512 2544 242 512 2545 212 512 2546 187 1 2547 186 1 2548 243 1 2549 242 1 2550 243 1 2551 213 1 2552 186 513 2553 234 513 2554 244 513 2555 243 514 2556 244 514 2557 214 514 2558 234 1 2559 185 1 2560 245 1 2561 244 1 2562 245 1 2563 215 1 2564 185 1 2565 184 1 2566 246 1 2567 245 1 2568 246 1 2569 216 1 2570 184 1 2571 183 1 2572 247 1 2573 246 1 2574 247 1 2575 217 1 2576 183 1 2577 235 1 2578 248 1 2579 247 515 2580 248 515 2581 218 515 2582 235 1 2583 182 1 2584 249 1 2585 248 516 2586 249 516 2587 219 516 2588 181 486 2589 250 486 2590 249 486 2591 250 487 2592 193 487 2593 219 487 2594 180 517 2595 251 517 2596 250 517 2597 251 518 2598 194 518 2599 193 518 2600 231 519 2601 252 519 2602 251 519 2603 252 520 2604 195 520 2605 194 520 2606 230 521 2607 253 521 2608 252 521 2609 253 1 2610 196 1 2611 195 1 2612 229 522 2613 254 522 2614 253 522 2615 254 523 2616 197 523 2617 196 523 2618 228 524 2619 255 524 2620 254 524 2621 255 525 2622 198 525 2623 197 525 2624 227 495 2625 256 495 2626 255 495 2627 256 526 2628 199 526 2629 198 526 2630 226 527 2631 257 527 2632 256 527 2633 257 528 2634 200 528 2635 199 528 2636 225 1 2637 258 1 2638 257 1 2639 258 529 2640 201 529 2641 200 529 2642 224 1 2643 259 1 2644 258 1 2645 259 1 2646 202 1 2647 201 1 2648 223 468 2649 260 468 2650 259 468 2651 260 530 2652 203 530 2653 202 530 2654 222 531 2655 261 531 2656 260 531 2657 261 501 2658 204 501 2659 203 501 2660 221 532 2661 262 532 2662 261 532 2663 262 533 2664 205 533 2665 204 533 2666 267 534 2667 191 534 2668 236 534 2669 236 1 2670 206 1 2671 268 1 2672 265 535 2673 266 535 2674 262 535 2675 266 1 2676 173 1 2677 129 1 2678 262 536 2679 266 536 2680 264 536 2681 101 537 2682 173 537 2683 266 537 2684 269 1 2685 268 1 2686 220 1 2687 267 538 2688 269 538 2689 263 538 2690 220 1 2691 270 1 2692 271 1 2693 283 1 2694 282 1 2695 326 1 2696 325 1 2697 326 1 2698 295 1 2699 282 1 2700 281 1 2701 327 1 2702 326 539 2703 327 539 2704 296 539 2705 281 1 2706 321 1 2707 328 1 2708 327 1 2709 328 1 2710 297 1 2711 321 540 2712 280 540 2713 329 540 2714 328 1 2715 329 1 2716 298 1 2717 280 541 2718 322 541 2719 330 541 2720 329 1 2721 330 1 2722 299 1 2723 322 1 2724 279 1 2725 331 1 2726 330 1 2727 331 1 2728 300 1 2729 279 1 2730 278 1 2731 332 1 2732 331 542 2733 332 542 2734 301 542 2735 278 543 2736 323 543 2737 333 543 2738 332 1 2739 333 1 2740 302 1 2741 323 1 2742 277 1 2743 334 1 2744 333 1 2745 334 1 2746 303 1 2747 277 1 2748 276 1 2749 335 1 2750 334 1 2751 335 1 2752 304 1 2753 276 1 2754 275 1 2755 336 1 2756 335 1 2757 336 1 2758 305 1 2759 275 1 2760 324 1 2761 337 1 2762 336 1 2763 337 1 2764 306 1 2765 324 1 2766 274 1 2767 338 1 2768 337 1 2769 338 1 2770 307 1 2771 273 544 2772 339 544 2773 338 544 2774 338 1 2775 339 1 2776 285 1 2777 272 454 2778 340 454 2779 339 454 2780 339 1 2781 340 1 2782 286 1 2783 320 456 2784 341 456 2785 340 456 2786 340 1 2787 341 1 2788 287 1 2789 319 545 2790 342 545 2791 341 545 2792 341 1 2793 342 1 2794 288 1 2795 318 546 2796 343 546 2797 342 546 2798 343 547 2799 289 547 2800 288 547 2801 317 548 2802 344 548 2803 343 548 2804 344 1 2805 290 1 2806 289 1 2807 316 549 2808 345 549 2809 344 549 2810 345 550 2811 291 550 2812 290 550 2813 315 551 2814 346 551 2815 345 551 2816 346 552 2817 292 552 2818 291 552 2819 314 553 2820 347 553 2821 346 553 2822 313 1 2823 348 1 2824 347 1 2825 312 1 2826 349 1 2827 348 1 2828 311 1 2829 350 1 2830 349 1 2831 310 1 2832 351 1 2833 350 1 2834 356 1 2835 283 1 2836 325 1 2837 325 1 2838 294 1 2839 357 1 2840 354 1 2841 355 1 2842 351 1 2843 309 1 2844 352 1 2845 355 1 2846 358 1 2847 357 1 2848 308 1 2849 284 1 2850 356 1 2851 358 1 2852 349 112 2853 350 112 2854 351 112 2855 351 112 2856 355 112 2857 352 112 2858 348 112 2859 349 112 2860 351 112 2861 359 1 2862 292 1 2863 346 1 2864 375 554 2865 417 554 2866 418 554 2867 417 112 2868 391 112 2869 392 112 2870 373 555 2871 418 555 2872 419 555 2873 418 556 2874 392 556 2875 393 556 2876 374 557 2877 419 557 2878 420 557 2879 419 558 2880 393 558 2881 394 558 2882 371 559 2883 420 559 2884 421 559 2885 420 560 2886 394 560 2887 395 560 2888 372 561 2889 421 561 2890 422 561 2891 421 562 2892 395 562 2893 396 562 2894 370 563 2895 422 563 2896 423 563 2897 422 564 2898 396 564 2899 397 564 2900 368 565 2901 423 565 2902 424 565 2903 423 566 2904 397 566 2905 398 566 2906 369 567 2907 424 567 2908 425 567 2909 424 112 2910 398 112 2911 399 112 2912 367 568 2913 425 568 2914 426 568 2915 425 569 2916 399 569 2917 400 569 2918 366 570 2919 426 570 2920 427 570 2921 426 571 2922 400 571 2923 401 571 2924 364 572 2925 427 572 2926 428 572 2927 427 573 2928 401 573 2929 402 573 2930 365 574 2931 428 574 2932 429 574 2933 428 575 2934 402 575 2935 403 575 2936 363 576 2937 429 576 2938 430 576 2939 429 577 2940 403 577 2941 377 577 2942 430 112 2943 431 112 2944 360 112 2945 377 578 2946 378 578 2947 431 578 2948 431 112 2949 432 112 2950 361 112 2951 378 112 2952 379 112 2953 432 112 2954 432 112 2955 433 112 2956 416 112 2957 379 112 2958 380 112 2959 433 112 2960 433 112 2961 434 112 2962 415 112 2963 380 112 2964 381 112 2965 434 112 2966 434 112 2967 435 112 2968 414 112 2969 381 112 2970 382 112 2971 435 112 2972 435 112 2973 436 112 2974 413 112 2975 382 579 2976 383 579 2977 436 579 2978 436 112 2979 437 112 2980 412 112 2981 383 112 2982 384 112 2983 437 112 2984 437 580 2985 438 580 2986 411 580 2987 384 112 2988 385 112 2989 438 112 2990 438 112 2991 439 112 2992 410 112 2993 385 112 2994 386 112 2995 439 112 2996 439 581 2997 440 581 2998 409 581 2999 386 112 3000 387 112 3001 440 112 3002 440 112 3003 441 112 3004 408 112 3005 387 112 3006 388 112 3007 441 112 3008 441 582 3009 442 582 3010 406 582 3011 388 583 3012 389 583 3013 442 583 3014 442 112 3015 443 112 3016 407 112 3017 389 584 3018 390 584 3019 443 584 3020 376 585 3021 447 585 3022 417 585 3023 405 112 3024 391 112 3025 417 112 3026 445 112 3027 407 112 3028 443 112 3029 650 586 3030 649 586 3031 444 586 3032 404 587 3033 444 587 3034 443 587 3035 717 588 3036 445 588 3037 444 588 3038 495 589 3039 405 589 3040 447 589 3041 446 590 3042 535 590 3043 447 590 3044 463 591 3045 508 591 3046 509 591 3047 508 112 3048 481 112 3049 482 112 3050 462 555 3051 509 555 3052 510 555 3053 509 556 3054 482 556 3055 483 556 3056 461 592 3057 510 592 3058 511 592 3059 510 593 3060 483 593 3061 484 593 3062 460 594 3063 511 594 3064 512 594 3065 511 595 3066 484 595 3067 485 595 3068 459 596 3069 512 596 3070 513 596 3071 512 597 3072 485 597 3073 486 597 3074 458 598 3075 513 598 3076 514 598 3077 513 599 3078 486 599 3079 487 599 3080 457 600 3081 514 600 3082 515 600 3083 514 601 3084 487 601 3085 488 601 3086 456 602 3087 515 602 3088 516 602 3089 515 112 3090 488 112 3091 489 112 3092 455 603 3093 516 603 3094 517 603 3095 516 604 3096 489 604 3097 490 604 3098 454 605 3099 517 605 3100 518 605 3101 517 606 3102 490 606 3103 491 606 3104 453 607 3105 518 607 3106 519 607 3107 518 608 3108 491 608 3109 492 608 3110 452 609 3111 519 609 3112 520 609 3113 519 575 3114 492 575 3115 493 575 3116 451 610 3117 520 610 3118 521 610 3119 520 577 3120 493 577 3121 467 577 3122 521 112 3123 522 112 3124 449 112 3125 467 611 3126 468 611 3127 522 611 3128 522 112 3129 523 112 3130 448 112 3131 468 112 3132 469 112 3133 523 112 3134 523 112 3135 524 112 3136 507 112 3137 469 112 3138 470 112 3139 524 112 3140 524 112 3141 525 112 3142 506 112 3143 470 112 3144 471 112 3145 525 112 3146 525 112 3147 526 112 3148 505 112 3149 471 112 3150 472 112 3151 526 112 3152 526 112 3153 527 112 3154 504 112 3155 472 612 3156 473 612 3157 527 612 3158 527 112 3159 528 112 3160 503 112 3161 473 112 3162 474 112 3163 528 112 3164 528 613 3165 529 613 3166 502 613 3167 474 112 3168 475 112 3169 529 112 3170 529 112 3171 530 112 3172 501 112 3173 475 112 3174 476 112 3175 530 112 3176 530 614 3177 531 614 3178 500 614 3179 476 112 3180 477 112 3181 531 112 3182 531 112 3183 532 112 3184 499 112 3185 477 112 3186 478 112 3187 532 112 3188 532 615 3189 533 615 3190 498 615 3191 478 616 3192 479 616 3193 533 616 3194 533 112 3195 534 112 3196 497 112 3197 479 617 3198 480 617 3199 534 617 3200 464 618 3201 537 618 3202 508 618 3203 496 112 3204 481 112 3205 508 112 3206 539 112 3207 497 112 3208 534 112 3209 495 619 3210 535 619 3211 538 619 3212 494 620 3213 538 620 3214 534 620 3215 446 621 3216 539 621 3217 538 621 3218 466 112 3219 496 112 3220 537 112 3221 536 622 3222 465 622 3223 537 622 3224 555 623 3225 599 623 3226 600 623 3227 599 112 3228 573 112 3229 574 112 3230 554 624 3231 600 624 3232 601 624 3233 600 625 3234 574 625 3235 575 625 3236 553 626 3237 601 626 3238 602 626 3239 601 627 3240 575 627 3241 576 627 3242 552 628 3243 602 628 3244 603 628 3245 602 629 3246 576 629 3247 577 629 3248 551 630 3249 603 630 3250 604 630 3251 603 631 3252 577 631 3253 578 631 3254 550 632 3255 604 632 3256 605 632 3257 604 633 3258 578 633 3259 579 633 3260 549 634 3261 605 634 3262 606 634 3263 605 635 3264 579 635 3265 580 635 3266 548 636 3267 606 636 3268 607 636 3269 606 112 3270 580 112 3271 581 112 3272 547 637 3273 607 637 3274 608 637 3275 607 638 3276 581 638 3277 582 638 3278 546 639 3279 608 639 3280 609 639 3281 608 640 3282 582 640 3283 583 640 3284 545 641 3285 609 641 3286 610 641 3287 609 642 3288 583 642 3289 584 642 3290 544 643 3291 610 643 3292 611 643 3293 610 644 3294 584 644 3295 585 644 3296 543 645 3297 611 645 3298 612 645 3299 611 646 3300 585 646 3301 559 646 3302 612 112 3303 613 112 3304 541 112 3305 559 611 3306 560 611 3307 613 611 3308 613 112 3309 614 112 3310 540 112 3311 560 112 3312 561 112 3313 614 112 3314 614 112 3315 615 112 3316 598 112 3317 561 112 3318 562 112 3319 615 112 3320 615 112 3321 616 112 3322 597 112 3323 562 112 3324 563 112 3325 616 112 3326 616 112 3327 617 112 3328 596 112 3329 563 112 3330 564 112 3331 617 112 3332 617 112 3333 618 112 3334 595 112 3335 564 647 3336 565 647 3337 618 647 3338 618 112 3339 619 112 3340 594 112 3341 565 112 3342 566 112 3343 619 112 3344 619 648 3345 620 648 3346 593 648 3347 566 112 3348 567 112 3349 620 112 3350 620 112 3351 621 112 3352 592 112 3353 567 112 3354 568 112 3355 621 112 3356 621 649 3357 622 649 3358 591 649 3359 568 112 3360 569 112 3361 622 112 3362 622 112 3363 623 112 3364 590 112 3365 569 112 3366 570 112 3367 623 112 3368 623 650 3369 624 650 3370 589 650 3371 570 616 3372 571 616 3373 624 616 3374 624 112 3375 625 112 3376 588 112 3377 571 651 3378 572 651 3379 625 651 3380 556 652 3381 627 652 3382 599 652 3383 587 112 3384 573 112 3385 599 112 3386 629 112 3387 588 112 3388 625 112 3389 466 653 3390 465 653 3391 628 653 3392 586 654 3393 628 654 3394 625 654 3395 536 655 3396 629 655 3397 628 655 3398 558 112 3399 587 112 3400 627 112 3401 557 656 3402 627 656 3403 556 656 3404 630 112 3405 631 112 3406 558 112 3407 647 657 3408 690 657 3409 691 657 3410 690 112 3411 662 112 3412 663 112 3413 646 658 3414 691 658 3415 692 658 3416 691 659 3417 663 659 3418 664 659 3419 645 592 3420 692 592 3421 693 592 3422 692 660 3423 664 660 3424 665 660 3425 644 661 3426 693 661 3427 694 661 3428 693 662 3429 665 662 3430 666 662 3431 643 663 3432 694 663 3433 695 663 3434 694 664 3435 666 664 3436 667 664 3437 642 665 3438 695 665 3439 696 665 3440 695 112 3441 667 112 3442 668 112 3443 641 634 3444 696 634 3445 697 634 3446 696 666 3447 668 666 3448 669 666 3449 640 636 3450 697 636 3451 698 636 3452 697 667 3453 669 667 3454 670 667 3455 639 668 3456 698 668 3457 699 668 3458 698 669 3459 670 669 3460 671 669 3461 638 670 3462 699 670 3463 700 670 3464 699 671 3465 671 671 3466 672 671 3467 637 672 3468 700 672 3469 701 672 3470 700 673 3471 672 673 3472 673 673 3473 636 643 3474 701 643 3475 702 643 3476 701 674 3477 673 674 3478 674 674 3479 635 610 3480 702 610 3481 703 610 3482 702 675 3483 674 675 3484 651 675 3485 703 112 3486 704 112 3487 633 112 3488 703 676 3489 651 676 3490 652 676 3491 704 112 3492 705 112 3493 632 112 3494 704 677 3495 652 677 3496 653 677 3497 705 112 3498 706 112 3499 689 112 3500 705 678 3501 653 678 3502 654 678 3503 706 112 3504 707 112 3505 688 112 3506 706 679 3507 654 679 3508 655 679 3509 707 680 3510 708 680 3511 687 680 3512 655 112 3513 656 112 3514 708 112 3515 708 681 3516 709 681 3517 686 681 3518 656 112 3519 657 112 3520 709 112 3521 709 112 3522 710 112 3523 685 112 3524 657 112 3525 658 112 3526 710 112 3527 710 682 3528 711 682 3529 684 682 3530 658 112 3531 659 112 3532 711 112 3533 711 112 3534 661 112 3535 683 112 3536 661 112 3537 713 112 3538 682 112 3539 713 112 3540 714 112 3541 681 112 3542 714 112 3543 715 112 3544 680 112 3545 715 112 3546 716 112 3547 679 112 3548 648 683 3549 718 683 3550 690 683 3551 677 112 3552 662 112 3553 690 112 3554 678 112 3555 679 112 3556 716 112 3557 676 684 3558 678 684 3559 719 684 3560 650 112 3561 677 112 3562 718 112 3563 717 622 3564 649 622 3565 718 622 3566 716 1 3567 715 1 3568 714 1 3569 716 112 3570 714 112 3571 713 112 3572 675 1 3573 719 1 3574 716 1 3575 711 112 3576 659 112 3577 712 112 3578</p>
        </triangles>
        <triangles material="tyl-material" count="238">
          <input semantic="VERTEX" source="#Circle-mesh-vertices" offset="0"/>
          <input semantic="NORMAL" source="#Circle-mesh-normals" offset="1"/>
          <input semantic="TEXCOORD" source="#Circle-mesh-map-0" offset="2" set="0"/>
          <p>665 250 1422 296 250 1423 297 250 1424 468 251 1425 128 251 1426 102 251 1427 666 253 1431 297 253 1432 298 253 1433 469 254 1434 102 254 1435 103 254 1436 667 255 1437 298 255 1438 299 255 1439 470 256 1440 103 256 1441 104 256 1442 668 257 1443 299 257 1444 300 257 1445 471 258 1446 104 258 1447 105 258 1448 669 260 1452 300 260 1453 301 260 1454 472 261 1455 105 261 1456 106 261 1457 670 262 1458 301 262 1459 302 262 1460 473 263 1461 106 263 1462 107 263 1463 671 264 1464 302 264 1465 303 264 1466 474 265 1467 107 265 1468 108 265 1469 672 267 1473 303 267 1474 304 267 1475 475 268 1476 108 268 1477 109 268 1478 677 269 1479 308 269 1480 357 269 1481 673 270 1482 304 270 1483 305 270 1484 476 271 1485 109 271 1486 110 271 1487 674 272 1488 305 272 1489 306 272 1490 477 273 1491 110 273 1492 111 273 1493 651 274 1494 306 274 1495 307 274 1496 478 275 1497 111 275 1498 112 275 1499 479 277 1503 112 277 1504 113 277 1505 675 269 1506 348 269 1507 352 269 1508 662 269 1509 357 269 1510 294 269 1511 480 278 1512 113 278 1513 114 278 1514 712 269 1515 292 269 1516 359 269 1517 482 269 1521 115 269 1522 116 269 1523 483 281 1527 116 281 1528 117 281 1529 484 283 1533 117 283 1534 118 283 1535 485 286 1542 118 286 1543 119 286 1544 486 288 1548 119 288 1549 120 288 1550 487 290 1554 120 290 1555 121 290 1556 488 292 1560 121 292 1561 122 292 1562 489 294 1566 122 294 1567 123 294 1568 490 297 1575 123 297 1576 124 297 1577 491 300 1584 124 300 1585 125 300 1586 494 269 1590 114 269 1591 174 269 1592 492 302 1593 125 302 1594 126 302 1595 493 305 1602 126 305 1603 127 305 1604 467 307 1608 127 307 1609 128 307 1610 495 309 1614 174 309 1615 40 309 1616 481 269 1620 178 269 1621 115 269 1622 496 269 1632 129 269 1633 178 269 1634 560 251 1713 219 251 1714 193 251 1715 561 338 1716 193 338 1717 194 338 1718 562 339 1719 194 339 1720 195 339 1721 563 340 1722 195 340 1723 196 340 1724 564 341 1725 196 341 1726 197 341 1727 565 343 1731 197 343 1732 198 343 1733 566 345 1737 198 345 1738 199 345 1739 567 347 1743 199 347 1744 200 347 1745 568 349 1749 200 349 1750 201 349 1751 569 351 1755 201 351 1756 202 351 1757 570 353 1761 202 353 1762 203 353 1763 571 355 1767 203 355 1768 204 355 1769 572 357 1773 204 357 1774 205 357 1775 574 269 1779 206 269 1780 207 269 1781 575 360 1785 207 360 1786 208 360 1787 576 283 1791 208 283 1792 209 283 1793 577 363 1797 209 363 1798 210 363 1799 378 364 1800 39 364 1801 13 364 1802 578 365 1803 210 365 1804 211 365 1805 379 366 1806 13 366 1807 14 366 1808 579 367 1809 211 367 1810 212 367 1811 380 256 1812 14 256 1813 15 256 1814 580 369 1818 212 369 1819 213 369 1820 381 370 1821 15 370 1822 16 370 1823 581 371 1824 213 371 1825 214 371 1826 382 341 1827 16 341 1828 17 341 1829 582 372 1830 214 372 1831 215 372 1832 383 263 1833 17 263 1834 18 263 1835 586 269 1836 205 269 1837 264 269 1838 583 373 1839 215 373 1840 216 373 1841 384 374 1842 18 374 1843 19 374 1844 584 376 1848 216 376 1849 217 376 1850 385 377 1851 19 377 1852 20 377 1853 585 378 1854 217 378 1855 218 378 1856 386 379 1857 20 379 1858 21 379 1859 559 380 1860 218 380 1861 219 380 1862 387 381 1863 21 381 1864 22 381 1865 466 383 1869 264 383 1870 129 383 1871 388 384 1872 22 384 1873 23 384 1874 587 269 1875 220 269 1876 268 269 1877 573 269 1878 268 269 1879 206 269 1880 389 355 1881 23 355 1882 24 355 1883 390 357 1887 24 357 1888 25 357 1889 392 269 1893 26 269 1894 27 269 1895 393 386 1899 27 386 1900 28 386 1901 394 388 1908 28 388 1909 29 388 1910 558 269 1911 270 269 1912 220 269 1913 395 389 1917 29 389 1918 30 389 1919 396 391 1926 30 391 1927 31 391 1928 397 394 1935 31 394 1936 32 394 1937 398 397 1944 32 397 1945 33 397 1946 404 269 1953 25 269 1954 83 269 1955 399 400 1956 33 400 1957 34 400 1958 400 404 1968 34 404 1969 35 404 1970 401 407 1977 35 407 1978 36 407 1979 402 409 1986 36 409 1987 37 409 1988 403 412 1998 37 412 1999 38 412 2000 405 269 2007 40 269 2008 87 269 2009 377 307 2010 38 307 2011 39 307 2012 650 416 2019 83 416 2020 308 416 2021 391 269 2025 87 269 2026 26 269 2027 652 422 2049 307 422 2050 285 422 2051 653 423 2058 285 423 2059 286 423 2060 654 424 2067 286 424 2068 287 424 2069 660 269 2073 359 269 2074 293 269 2075 655 426 2079 287 426 2080 288 426 2081 656 429 2088 288 429 2089 289 429 2090 713 269 2094 347 269 2095 348 269 2096 657 432 2100 289 432 2101 290 432 2102 658 434 2109 290 434 2110 291 434 2111 659 436 2118 291 436 2119 292 436 2120 661 276 2127 293 276 2128 347 276 2129 663 269 2136 294 269 2137 295 269 2138 664 441 2145 295 441 2146 296 441 2147 665 250 3579 664 250 3580 296 250 3581 468 685 3582 467 685 3583 128 685 3584 666 687 3588 665 687 3589 297 687 3590 469 366 3591 468 366 3592 102 366 3593 667 255 3594 666 255 3595 298 255 3596 470 688 3597 469 688 3598 103 688 3599 668 257 3600 667 257 3601 299 257 3602 471 689 3603 470 689 3604 104 689 3605 669 691 3609 668 691 3610 300 691 3611 472 692 3612 471 692 3613 105 692 3614 670 693 3615 669 693 3616 301 693 3617 473 694 3618 472 694 3619 106 694 3620 671 695 3621 670 695 3622 302 695 3623 474 696 3624 473 696 3625 107 696 3626 672 698 3630 671 698 3631 303 698 3632 475 699 3633 474 699 3634 108 699 3635 677 269 3636 650 269 3637 308 269 3638 673 700 3639 672 700 3640 304 700 3641 476 701 3642 475 701 3643 109 701 3644 674 272 3645 673 272 3646 305 272 3647 477 273 3648 476 273 3649 110 273 3650 651 702 3651 674 702 3652 306 702 3653 478 275 3654 477 275 3655 111 275 3656 479 703 3660 478 703 3661 112 703 3662 675 269 3663 713 269 3664 348 269 3665 662 269 3666 677 269 3667 357 269 3668 480 704 3669 479 704 3670 113 704 3671 712 269 3672 659 269 3673 292 269 3674 482 269 3678 481 269 3679 115 269 3680 483 707 3684 482 707 3685 116 707 3686 484 283 3690 483 283 3691 117 283 3692 485 286 3699 484 286 3700 118 286 3701 486 710 3705 485 710 3706 119 710 3707 487 290 3711 486 290 3712 120 290 3713 488 712 3717 487 712 3718 121 712 3719 489 294 3723 488 294 3724 122 294 3725 490 715 3732 489 715 3733 123 715 3734 491 717 3741 490 717 3742 124 717 3743 494 269 3747 480 269 3748 114 269 3749 492 719 3750 491 719 3751 125 719 3752 493 305 3759 492 305 3760 126 305 3761 467 722 3765 493 722 3766 127 722 3767 495 269 3771 494 269 3772 174 269 3773 481 269 3777 496 269 3778 178 269 3779 496 269 3789 466 269 3790 129 269 3791 560 685 3870 559 685 3871 219 685 3872 561 741 3873 560 741 3874 193 741 3875 562 742 3876 561 742 3877 194 742 3878 563 743 3879 562 743 3880 195 743 3881 564 744 3882 563 744 3883 196 744 3884 565 745 3888 564 745 3889 197 745 3890 566 746 3894 565 746 3895 198 746 3896 567 747 3900 566 747 3901 199 747 3902 568 349 3906 567 349 3907 200 349 3908 569 748 3912 568 748 3913 201 748 3914 570 353 3918 569 353 3919 202 353 3920 571 751 3924 570 751 3925 203 751 3926 572 753 3930 571 753 3931 204 753 3932 574 269 3936 573 269 3937 206 269 3938 575 707 3942 574 707 3943 207 707 3944 576 283 3948 575 283 3949 208 283 3950 577 363 3954 576 363 3955 209 363 3956 378 757 3957 377 757 3958 39 757 3959 578 758 3960 577 758 3961 210 758 3962 379 759 3963 378 759 3964 13 759 3965 579 760 3966 578 760 3967 211 760 3968 380 761 3969 379 761 3970 14 761 3971 580 712 3975 579 712 3976 212 712 3977 381 689 3978 380 689 3979 15 689 3980 581 762 3981 580 762 3982 213 762 3983 382 692 3984 381 692 3985 16 692 3986 582 715 3987 581 715 3988 214 715 3989 383 763 3990 382 763 3991 17 763 3992 586 269 3993 572 269 3994 205 269 3995 583 717 3996 582 717 3997 215 717 3998 384 374 3999 383 374 4000 18 374 4001 584 765 4005 583 765 4006 216 765 4007 385 747 4008 384 747 4009 19 747 4010 585 378 4011 584 378 4012 217 378 4013 386 349 4014 385 349 4015 20 349 4016 559 766 4017 585 766 4018 218 766 4019 387 748 4020 386 748 4021 21 748 4022 466 768 4026 586 768 4027 264 768 4028 388 384 4029 387 384 4030 22 384 4031 587 269 4032 558 269 4033 220 269 4034 573 269 4035 587 269 4036 268 269 4037 389 355 4038 388 355 4039 23 355 4040 390 770 4044 389 770 4045 24 770 4046 392 269 4050 391 269 4051 26 269 4052 393 771 4056 392 771 4057 27 771 4058 394 773 4065 393 773 4066 28 773 4067 558 269 4068 631 269 4069 270 269 4070 395 775 4074 394 775 4075 29 775 4076 396 776 4083 395 776 4084 30 776 4085 397 367 4092 396 367 4093 31 367 4094 398 779 4101 397 779 4102 32 779 4103 404 269 4110 390 269 4111 25 269 4112 399 780 4113 398 780 4114 33 780 4115 400 783 4125 399 783 4126 34 783 4127 401 784 4134 400 784 4135 35 784 4136 402 719 4143 401 719 4144 36 719 4145 403 305 4155 402 305 4156 37 305 4157 405 787 4164 495 787 4165 40 787 4166 377 722 4167 403 722 4168 38 722 4169 650 789 4176 404 789 4177 83 789 4178 391 269 4182 405 269 4183 87 269 4184 652 793 4206 651 793 4207 307 793 4208 653 795 4215 652 795 4216 285 795 4217 654 796 4224 653 796 4225 286 796 4226 660 269 4230 712 269 4231 359 269 4232 655 426 4236 654 426 4237 287 426 4238 656 429 4245 655 429 4246 288 429 4247 713 269 4251 661 269 4252 347 269 4253 657 798 4257 656 798 4258 289 798 4259 658 800 4266 657 800 4267 290 800 4268 659 803 4275 658 803 4276 291 803 4277 661 276 4284 660 276 4285 293 276 4286 663 269 4293 662 269 4294 294 269 4295 664 807 4302 663 807 4303 295 807 4304</p>
        </triangles>
        <triangles material="front-material" count="248">
          <input semantic="VERTEX" source="#Circle-mesh-vertices" offset="0"/>
          <input semantic="NORMAL" source="#Circle-mesh-normals" offset="1"/>
          <input semantic="TEXCOORD" source="#Circle-mesh-map-0" offset="2" set="0"/>
          <p>365 252 1428 55 252 1429 3 252 1430 679 259 1449 354 259 1450 310 259 1451 717 266 1470 356 266 1471 284 266 1472 676 276 1500 352 276 1501 309 276 1502 678 279 1518 309 279 1519 354 279 1520 680 280 1524 310 280 1525 311 280 1526 681 282 1530 311 282 1531 312 282 1532 445 284 1536 284 284 1537 84 284 1538 682 285 1539 312 285 1540 313 285 1541 683 287 1545 313 287 1546 314 287 1547 684 289 1551 314 289 1552 315 289 1553 685 291 1557 315 291 1558 316 291 1559 686 293 1563 316 293 1564 317 293 1565 539 295 1569 12 295 1570 175 295 1571 687 296 1572 317 296 1573 318 296 1574 629 298 1578 101 298 1579 265 298 1580 688 299 1581 318 299 1582 319 299 1583 689 301 1587 319 301 1588 320 301 1589 632 303 1596 320 303 1597 272 303 1598 497 304 1599 175 304 1600 130 304 1601 645 306 1605 321 306 1606 281 306 1607 643 308 1611 322 308 1612 280 308 1613 640 310 1617 323 310 1618 278 310 1619 636 311 1623 324 311 1624 275 311 1625 536 312 1626 177 312 1627 101 312 1628 498 313 1629 130 313 1630 131 313 1631 499 314 1635 131 314 1636 132 314 1637 500 315 1638 132 315 1639 133 315 1640 501 287 1641 133 287 1642 134 287 1643 502 316 1644 134 316 1645 135 316 1646 541 317 1647 180 317 1648 181 317 1649 503 318 1650 135 318 1651 136 318 1652 542 319 1653 181 319 1654 182 319 1655 504 320 1656 136 320 1657 137 320 1658 543 321 1659 182 321 1660 235 321 1661 505 322 1662 137 322 1663 138 322 1664 545 323 1665 183 323 1666 184 323 1667 506 324 1668 138 324 1669 139 324 1670 546 325 1671 184 325 1672 185 325 1673 507 326 1674 139 326 1675 140 326 1676 547 327 1677 185 327 1678 234 327 1679 448 328 1680 140 328 1681 89 328 1682 549 329 1683 186 329 1684 187 329 1685 461 306 1686 141 306 1687 98 306 1688 550 330 1689 187 330 1690 233 330 1691 459 331 1692 142 331 1693 97 331 1694 552 332 1695 188 332 1696 232 332 1697 456 333 1698 143 333 1699 95 333 1700 554 334 1701 189 334 1702 190 334 1703 452 335 1704 144 335 1705 92 335 1706 555 336 1707 190 336 1708 191 336 1709 556 337 1710 191 337 1711 267 337 1712 360 342 1728 0 342 1729 1 342 1730 362 344 1734 1 344 1735 2 344 1736 363 346 1740 2 346 1741 55 346 1742 364 348 1746 3 348 1747 4 348 1748 366 350 1752 4 350 1753 5 350 1754 367 352 1758 5 352 1759 54 352 1760 368 354 1764 6 354 1765 7 354 1766 370 356 1770 7 356 1771 53 356 1772 371 358 1776 8 358 1777 52 358 1778 373 359 1782 9 359 1783 10 359 1784 375 361 1788 10 361 1789 11 361 1790 376 362 1794 11 362 1795 86 362 1796 557 368 1815 192 368 1816 263 368 1817 588 375 1845 265 375 1846 221 375 1847 626 382 1866 267 382 1867 192 382 1868 589 280 1884 221 280 1885 222 280 1886 590 385 1890 222 385 1891 223 385 1892 591 285 1896 223 285 1897 224 285 1898 631 368 1902 271 368 1903 270 368 1904 592 387 1905 224 387 1906 225 387 1907 593 316 1914 225 316 1915 226 316 1916 630 390 1920 263 390 1921 271 390 1922 594 291 1923 226 291 1924 227 291 1925 633 392 1929 272 392 1930 273 392 1931 595 393 1932 227 393 1933 228 393 1934 634 395 1938 273 395 1939 274 395 1940 596 396 1941 228 396 1942 229 396 1943 635 398 1947 274 398 1948 324 398 1949 597 399 1950 229 399 1951 230 399 1952 637 401 1959 275 401 1960 276 401 1961 598 402 1962 230 402 1963 231 402 1964 407 403 1965 84 403 1966 41 403 1967 638 405 1971 276 405 1972 277 405 1973 540 406 1974 231 406 1975 180 406 1976 639 327 1980 277 327 1981 323 327 1982 553 408 1983 232 408 1984 189 408 1985 641 329 1989 278 329 1990 279 329 1991 551 410 1992 233 410 1993 188 410 1994 446 411 1995 86 411 1996 12 411 1997 642 413 2001 279 413 2002 322 413 2003 548 414 2004 234 414 2005 186 414 2006 644 415 2013 280 415 2014 321 415 2015 544 252 2016 235 252 2017 183 252 2018 646 417 2022 281 417 2023 282 417 2024 647 418 2028 282 418 2029 283 418 2030 406 419 2031 41 419 2032 42 419 2033 648 337 2034 283 337 2035 356 337 2036 449 317 2037 89 317 2038 90 317 2039 408 420 2040 42 420 2041 43 420 2042 450 319 2043 90 319 2044 91 319 2045 409 421 2046 43 421 2047 44 421 2048 451 321 2052 91 321 2053 144 321 2054 410 387 2055 44 387 2056 45 387 2057 453 348 2061 92 348 2062 93 348 2063 411 316 2064 45 316 2065 46 316 2066 454 425 2070 93 425 2071 94 425 2072 412 291 2076 46 291 2077 47 291 2078 455 427 2082 94 427 2083 143 427 2084 413 428 2085 47 428 2086 48 428 2087 457 430 2091 95 430 2092 96 430 2093 414 431 2097 48 431 2098 49 431 2099 458 356 2103 96 356 2104 142 356 2105 415 433 2106 49 433 2107 50 433 2108 460 415 2112 97 415 2113 141 415 2114 416 435 2115 50 435 2116 51 435 2117 462 417 2121 98 417 2122 99 417 2123 361 437 2124 51 437 2125 0 437 2126 463 418 2130 99 418 2131 100 418 2132 374 438 2133 52 438 2134 9 438 2135 464 439 2139 100 439 2140 177 439 2141 372 440 2142 53 440 2143 8 440 2144 369 442 2148 54 442 2149 6 442 2150 365 686 3585 363 686 3586 55 686 3587 679 690 3606 678 690 3607 354 690 3608 717 697 3627 648 697 3628 356 697 3629 676 276 3657 675 276 3658 352 276 3659 678 705 3675 676 705 3676 309 705 3677 680 706 3681 679 706 3682 310 706 3683 681 282 3687 680 282 3688 311 282 3689 445 708 3693 717 708 3694 284 708 3695 682 285 3696 681 285 3697 312 285 3698 683 709 3702 682 709 3703 313 709 3704 684 316 3708 683 316 3709 314 316 3710 685 711 3714 684 711 3715 315 711 3716 686 293 3720 685 293 3721 316 293 3722 539 713 3726 446 713 3727 12 713 3728 687 714 3729 686 714 3730 317 714 3731 629 716 3735 536 716 3736 101 716 3737 688 299 3738 687 299 3739 318 299 3740 689 718 3744 688 718 3745 319 718 3746 632 303 3753 689 303 3754 320 303 3755 497 720 3756 539 720 3757 175 720 3758 645 721 3762 644 721 3763 321 721 3764 643 331 3768 642 331 3769 322 331 3770 640 723 3774 639 723 3775 323 723 3776 636 724 3780 635 724 3781 324 724 3782 536 725 3783 464 725 3784 177 725 3785 498 726 3786 497 726 3787 130 726 3788 499 727 3792 498 727 3793 131 727 3794 500 728 3795 499 728 3796 132 728 3797 501 729 3798 500 729 3799 133 729 3800 502 316 3801 501 316 3802 134 316 3803 541 730 3804 540 730 3805 180 730 3806 503 731 3807 502 731 3808 135 731 3809 542 319 3810 541 319 3811 181 319 3812 504 320 3813 503 320 3814 136 320 3815 543 398 3816 542 398 3817 182 398 3818 505 732 3819 504 732 3820 137 732 3821 545 323 3822 544 323 3823 183 323 3824 506 324 3825 505 324 3826 138 324 3827 546 733 3828 545 733 3829 184 733 3830 507 734 3831 506 734 3832 139 734 3833 547 735 3834 546 735 3835 185 735 3836 448 406 3837 507 406 3838 140 406 3839 549 329 3840 548 329 3841 186 329 3842 461 306 3843 460 306 3844 141 306 3845 550 736 3846 549 736 3847 187 736 3848 459 737 3849 458 737 3850 142 737 3851 552 738 3852 551 738 3853 188 738 3854 456 739 3855 455 739 3856 143 739 3857 554 334 3858 553 334 3859 189 334 3860 452 740 3861 451 740 3862 144 740 3863 555 418 3864 554 418 3865 190 418 3866 556 337 3867 555 337 3868 191 337 3869 360 317 3885 361 317 3886 0 317 3887 362 344 3891 360 344 3892 1 344 3893 363 321 3897 362 321 3898 2 321 3899 364 401 3903 365 401 3904 3 401 3905 366 425 3909 364 425 3910 4 425 3911 367 749 3915 366 749 3916 5 749 3917 368 750 3921 369 750 3922 6 750 3923 370 752 3927 368 752 3928 7 752 3929 371 754 3933 372 754 3934 8 754 3935 373 755 3939 374 755 3940 9 755 3941 375 756 3945 373 756 3946 10 756 3947 376 362 3951 375 362 3952 11 362 3953 557 368 3972 626 368 3973 192 368 3974 588 764 4002 629 764 4003 265 764 4004 626 767 4023 556 767 4024 267 767 4025 589 769 4041 588 769 4042 221 769 4043 590 420 4047 589 420 4048 222 420 4049 591 421 4053 590 421 4054 223 421 4055 631 368 4059 630 368 4060 271 368 4061 592 772 4062 591 772 4063 224 772 4064 593 774 4071 592 774 4072 225 774 4073 630 390 4077 557 390 4078 263 390 4079 594 711 4080 593 711 4081 226 711 4082 633 317 4086 632 317 4087 272 317 4088 595 777 4089 594 777 4090 227 777 4091 634 395 4095 633 395 4096 273 395 4097 596 778 4098 595 778 4099 228 778 4100 635 321 4104 634 321 4105 274 321 4106 597 399 4107 596 399 4108 229 399 4109 637 781 4116 636 781 4117 275 781 4118 598 718 4119 597 718 4120 230 718 4121 407 782 4122 445 782 4123 84 782 4124 638 405 4128 637 405 4129 276 405 4130 540 303 4131 598 303 4132 231 303 4133 639 785 4137 638 785 4138 277 785 4139 553 408 4140 552 408 4141 232 408 4142 641 329 4146 640 329 4147 278 329 4148 551 410 4149 550 410 4150 233 410 4151 446 786 4152 376 786 4153 86 786 4154 642 736 4158 641 736 4159 279 736 4160 548 723 4161 547 723 4162 234 723 4163 644 754 4170 643 754 4171 280 754 4172 544 788 4173 543 788 4174 235 788 4175 646 790 4179 645 790 4180 281 790 4181 647 418 4185 646 418 4186 282 418 4187 406 769 4188 407 769 4189 41 769 4190 648 439 4191 647 439 4192 283 439 4193 449 791 4194 448 791 4195 89 791 4196 408 385 4197 406 385 4198 42 385 4199 450 792 4200 449 792 4201 90 792 4202 409 421 4203 408 421 4204 43 421 4205 451 321 4209 450 321 4210 91 321 4211 410 794 4212 409 794 4213 44 794 4214 453 781 4218 452 781 4219 92 781 4220 411 774 4221 410 774 4222 45 774 4223 454 350 4227 453 350 4228 93 350 4229 412 711 4233 411 711 4234 46 711 4235 455 797 4239 454 797 4240 94 797 4241 413 393 4242 412 393 4243 47 393 4244 457 430 4248 456 430 4249 95 430 4250 414 714 4254 413 714 4255 48 714 4256 458 799 4260 457 799 4261 96 799 4262 415 399 4263 414 399 4264 49 399 4265 460 801 4269 459 801 4270 97 801 4271 416 802 4272 415 802 4273 50 802 4274 462 804 4278 461 804 4279 98 804 4280 361 406 4281 416 406 4282 51 406 4283 463 805 4287 462 805 4288 99 805 4289 374 438 4290 371 438 4291 52 438 4292 464 439 4296 463 439 4297 100 439 4298 372 806 4299 370 806 4300 53 806 4301 369 808 4305 367 808 4306 54 808 4307</p>
        </triangles>
      </mesh>
    </geometry>
  </library_geometries>
  <library_visual_scenes>
    <visual_scene id="Scene" name="Scene">
      <node id="luna_main" name="luna_main" type="NODE">
        <matrix sid="transform">1 0 0 -0.006577512 0 1 0 -0.02945701 0 0 1 1.350004 0 0 0 1</matrix>
        <instance_geometry url="#Circle-mesh" name="luna_main">
          <bind_material>
            <technique_common>
              <instance_material symbol="gora_dol-material" target="#gora_dol-material">
                <bind_vertex_input semantic="UVMap" input_semantic="TEXCOORD" input_set="0"/>
              </instance_material>
              <instance_material symbol="tyl-material" target="#tyl-material">
                <bind_vertex_input semantic="UVMap" input_semantic="TEXCOORD" input_set="0"/>
              </instance_material>
              <instance_material symbol="front-material" target="#front-material">
                <bind_vertex_input semantic="UVMap" input_semantic="TEXCOORD" input_set="0"/>
              </instance_material>
            </technique_common>
          </bind_material>
        </instance_geometry>
      </node>
    </visual_scene>
  </library_visual_scenes>
  <scene>
    <instance_visual_scene url="#Scene"/>
  </scene>
</COLLADA>