<?xml version="1.0" encoding="utf-8"?>
<COLLADA xmlns="http://www.collada.org/2005/11/COLLADASchema" version="1.4.1" xmlns:xsi="http://www.w3.org/2001/XMLSchema-instance">
  <asset>
    <contributor>
      <author>Blender User</author>
      <authoring_tool>Blender 3.2.0 commit date:2022-06-08, commit time:10:22, hash:e05e1e369187</authoring_tool>
    </contributor>
    <created>2023-03-08T13:24:46</created>
    <modified>2023-03-08T13:24:46</modified>
    <unit name="meter" meter="1"/>
    <up_axis>Z_UP</up_axis>
  </asset>
  <library_effects>
    <effect id="gora_dol-effect">
      <profile_COMMON>
        <technique sid="common">
          <lambert>
            <emission>
              <color sid="emission">0 0 0 1</color>
            </emission>
            <diffuse>
              <color sid="diffuse">0.8 0.8 0.8 1</color>
            </diffuse>
            <index_of_refraction>
              <float sid="ior">1.45</float>
            </index_of_refraction>
          </lambert>
        </technique>
      </profile_COMMON>
    </effect>
    <effect id="tyl-effect">
      <profile_COMMON>
        <technique sid="common">
          <lambert>
            <emission>
              <color sid="emission">0 0 0 1</color>
            </emission>
            <diffuse>
              <color sid="diffuse">0.8 0.8 0.8 1</color>
            </diffuse>
            <index_of_refraction>
              <float sid="ior">1.45</float>
            </index_of_refraction>
          </lambert>
        </technique>
      </profile_COMMON>
    </effect>
    <effect id="front-effect">
      <profile_COMMON>
        <technique sid="common">
          <lambert>
            <emission>
              <color sid="emission">0 0 0 1</color>
            </emission>
            <diffuse>
              <color sid="diffuse">0.8 0.8 0.8 1</color>
            </diffuse>
            <index_of_refraction>
              <float sid="ior">1.45</float>
            </index_of_refraction>
          </lambert>
        </technique>
      </profile_COMMON>
    </effect>
  </library_effects>
  <library_images/>
  <library_materials>
    <material id="gora_dol-material" name="gora_dol">
      <instance_effect url="#gora_dol-effect"/>
    </material>
    <material id="tyl-material" name="tyl">
      <instance_effect url="#tyl-effect"/>
    </material>
    <material id="front-material" name="front">
      <instance_effect url="#front-effect"/>
    </material>
  </library_materials>
  <library_geometries>
    <geometry id="Plane_015-mesh" name="Plane.015">
      <mesh>
        <source id="Plane_015-mesh-positions">
          <float_array id="Plane_015-mesh-positions-array" count="1572">-0.03994596 0.003506302 -1.350001 0.05144792 -0.005098223 -1.350001 -0.03994596 -0.005098223 -1.350001 0.05144792 5.44436e-5 -1.350001 0.005641162 -0.005098223 -1.350001 0.005641162 0.007012128 -1.350001 0.006590306 -0.004448473 -1.350001 0.006590306 0.007188379 -1.350001 0.03447145 -0.005098223 -1.350001 0.03447145 0.003212928 -1.350001 0.03351998 0.003156542 -1.350001 0.03351998 -0.004448473 -1.350001 0.0363577 -0.005098223 -1.350001 0.038244 -0.005098223 -1.350001 0.04013025 -0.005098223 -1.350001 0.04201656 -0.005098223 -1.350001 0.04390281 -0.005098223 -1.350001 0.04578912 -0.005098223 -1.350001 0.04767537 -0.005098223 -1.350001 0.04956167 -0.005098223 -1.350001 0.04956167 -3.01595e-5 -1.350001 0.04767537 -8.65615e-5 -1.350001 0.04578912 0.003748774 -1.350001 0.04390281 0.005835652 -1.350001 0.04201656 0.005835652 -1.350001 0.04013025 0.004876792 -1.350001 0.038244 0.004115343 -1.350001 0.0363577 0.003579556 -1.350001 0.03107184 0.003071904 -1.350001 0.0286237 0.003156542 -1.350001 0.02617555 0.00364387 -1.350001 0.02372741 0.004374802 -1.350001 0.02127921 0.005390048 -1.350001 0.01883107 0.006364703 -1.350001 0.01638293 0.007014453 -1.350001 0.01393479 0.007379889 -1.350001 0.01148664 0.007501721 -1.350001 0.009038448 0.007501721 -1.350001 0.009038448 -0.004448473 -1.350001 0.01148664 -0.004448473 -1.350001 0.01393479 -0.004448473 -1.350001 0.01638293 -0.004448473 -1.350001 0.01883107 -0.004448473 -1.350001 0.02127921 -0.004448473 -1.350001 0.02372741 -0.004448473 -1.350001 0.02617555 -0.004448473 -1.350001 0.0286237 -0.004448473 -1.350001 0.03107184 -0.004448473 -1.350001 0.003876864 0.006542146 -1.350001 0.002390086 0.005993127 -1.350001 6.46085e-4 0.005993127 -1.350001 -0.001415967 0.004662036 -1.350001 -0.003180265 9.90025e-5 -1.350001 -0.004944562 9.90025e-5 -1.350001 -0.004944562 -0.005098223 -1.350001 -0.003180265 -0.005098223 -1.350001 -0.001415967 -0.005098223 -1.350001 6.46085e-4 -0.005098223 -1.350001 0.002390086 -0.005098223 -1.350001 0.003876864 -0.005098223 -1.350001 0.04295969 -0.005098223 -1.350001 0.04295969 0.006011903 -1.350001 0.04484593 -0.005098223 -1.350001 0.04484593 0.005301356 -1.350001 0.04531753 -0.005098223 -1.350001 0.04531753 0.004779636 -1.350001 0.04626065 -0.005098223 -1.350001 0.04673224 -0.005098223 -1.350001 0.04720377 -0.005098223 -1.350001 0.04720377 1.2808e-4 -1.350001 0.04673224 0.00108689 -1.350001 0.04626065 0.002456963 -1.350001 -0.005826711 1.77339e-4 -1.350001 -0.005826711 -0.005098223 -1.350001 -0.001857042 0.003645956 -1.350001 -0.002298116 0.002040505 -1.350001 -0.002739191 6.39105e-4 -1.350001 -0.002739191 -0.005098223 -1.350001 -0.002298116 -0.005098223 -1.350001 -0.001857042 -0.005098223 -1.350001 -0.002959728 2.67054e-4 -1.350001 -0.002959728 -0.005098223 -1.350001 -4.12688e-5 0.005764782 -1.350001 -7.28624e-4 0.005321085 -1.350001 -7.28624e-4 -0.005098223 -1.350001 -4.12706e-5 -0.005098223 -1.350001 0.002604365 0.00604093 -1.350001 0.002604365 -0.005098223 -1.350001 0.06190794 -5.45999e-4 -1.350001 0.06190794 -4.07567e-5 -1.350001 0.05353993 -0.005098223 -1.350001 0.05563193 -0.005098223 -1.350001 0.05772393 -0.005098223 -1.350001 0.05981594 -0.005098223 -1.350001 0.05981594 -4.07567e-5 -1.350001 0.05772393 -4.07567e-5 -1.350001 0.05563193 -4.07567e-5 -1.350001 0.05353993 5.44436e-5 -1.350001 0.06023436 -0.005098223 -1.350001 0.06065279 -0.004909336 -1.350001 0.06107115 -0.004285991 -1.350001 0.06148958 -0.002472639 -1.350001 0.06148958 -4.07567e-5 -1.350001 0.06107115 -4.07567e-5 -1.350001 0.06065279 -4.07567e-5 -1.350001 0.06023436 -4.07567e-5 -1.350001 -0.01303809 -0.005098223 -1.350001 -0.01568382 0.00604093 -1.350001 -0.01235073 -0.005098223 -1.350001 -0.01568382 -0.005098223 -1.350001 -0.01235073 0.005321085 -1.350001 -0.01303809 0.005764782 -1.350001 -0.01011961 -0.005098223 -1.350001 -0.01011961 2.67054e-4 -1.350001 -0.0112223 -0.005098223 -1.350001 -0.01078122 -0.005098223 -1.350001 -0.01034015 -0.005098223 -1.350001 -0.01034015 6.39105e-4 -1.350001 -0.01078128 0.002040505 -1.350001 -0.0112223 0.003645956 -1.350001 -0.007252633 -0.005098223 -1.350001 -0.007252633 1.77339e-4 -1.350001 -0.05954164 0.002438068 -1.350001 -0.05985003 0.00108689 -1.350001 -0.06009197 -1.53301e-4 -1.350001 -0.05870401 0.004978001 -1.350001 -0.05803096 0.005575239 -1.350001 -0.05598151 0.006153523 -1.350001 -0.01695626 -0.005098223 -1.350001 -0.01546949 -0.005098223 -1.350001 -0.01372545 -0.005098223 -1.350001 -0.01166337 -0.005098223 -1.350001 -0.009899079 -0.005098223 -1.350001 -0.008134782 -0.005098223 -1.350001 -0.008134782 9.90025e-5 -1.350001 -0.009899079 9.90025e-5 -1.350001 -0.01166337 0.004662036 -1.350001 -0.01372545 0.005993127 -1.350001 -0.01546955 0.005993127 -1.350001 -0.01695626 0.006542146 -1.350001 -0.04415124 -0.005098223 -1.350001 -0.0417031 -0.005098223 -1.350001 -0.03912937 -0.004448473 -1.350001 -0.03680682 -0.004448473 -1.350001 -0.03435862 -0.004448473 -1.350001 -0.03191047 -0.004448473 -1.350001 -0.02946233 -0.004448473 -1.350001 -0.02701419 -0.004448473 -1.350001 -0.02456605 -0.004448473 -1.350001 -0.02211791 -0.004448473 -1.350001 -0.02211791 0.007501721 -1.350001 -0.02456605 0.007501721 -1.350001 -0.02701419 0.007379889 -1.350001 -0.02946233 0.007014453 -1.350001 -0.03191047 0.006364703 -1.350001 -0.03435862 0.005390048 -1.350001 -0.03680682 0.004374802 -1.350001 -0.03912937 0.003681302 -1.350001 -0.0417031 0.003156542 -1.350001 -0.04415124 0.003071904 -1.350001 -0.0494371 0.003579556 -1.350001 -0.05132341 0.004115343 -1.350001 -0.05320966 0.004876792 -1.350001 -0.05506718 0.005835652 -1.350001 -0.05711656 0.006033957 -1.350001 -0.0591948 0.004003763 -1.350001 -0.05654907 0.006122112 -1.350001 -0.05289804 -0.005098223 -1.350001 -0.05132341 -0.005098223 -1.350001 -0.0494371 -0.005098223 -1.350001 -0.04659938 -0.005098223 -1.350001 -0.04659938 0.003156542 -1.350001 -0.04755085 0.003212928 -1.350001 -0.04755085 -0.005098223 -1.350001 -0.01966971 0.007188379 -1.350001 -0.01966971 -0.004448473 -1.350001 -0.01872056 0.007012128 -1.350001 -0.01872056 -0.005098223 -1.350001 -0.006539642 1.77339e-4 -1.350001 -0.006539642 -0.005098223 -1.350001 -0.03994596 -7.95954e-4 -1.350001 0.005641162 9.5697e-4 -1.350001 0.006590306 0.001369953 -1.350001 0.03447145 -9.42636e-4 -1.350001 0.03351998 -6.45961e-4 -1.350001 0.0363577 -7.59329e-4 -1.350001 0.038244 -4.91419e-4 -1.350001 0.04013025 -1.10705e-4 -1.350001 0.04201656 3.68712e-4 -1.350001 0.04390281 3.68712e-4 -1.350001 0.009038448 0.001526594 -1.350001 0.01148664 0.001526594 -1.350001 0.01393479 0.001465678 -1.350001 0.01638293 0.00128293 -1.350001 0.01883107 9.58113e-4 -1.350001 0.02127921 4.70799e-4 -1.350001 0.02372741 -3.68188e-5 -1.350001 0.02617555 -4.02304e-4 -1.350001 0.0286237 -6.45961e-4 -1.350001 0.03107184 -6.88262e-4 -1.350001 -0.004944562 -0.00249958 -1.350001 -0.003180265 -0.00249958 -1.350001 -0.001415967 -2.18073e-4 -1.350001 6.46085e-4 4.47454e-4 -1.350001 0.002390086 4.47454e-4 -1.350001 0.003876864 7.21961e-4 -1.350001 0.04295969 4.5684e-4 -1.350001 0.04484593 1.01586e-4 -1.350001 0.04531753 -1.59274e-4 -1.350001 -0.005826711 -0.00246042 -1.350001 -0.002739191 -0.002229511 -1.350001 -0.002298116 -0.001528799 -1.350001 -0.001857042 -7.26125e-4 -1.350001 -0.002959728 -0.002415537 -1.350001 -7.28624e-4 1.11436e-4 -1.350001 -4.12706e-5 3.33279e-4 -1.350001 0.002604365 4.71378e-4 -1.350001 0.04626065 -2.87112e-4 -1.350001 -0.05883765 -1.53301e-4 -1.350001 -0.05967384 -1.53301e-4 -1.350001 -0.05925577 -1.53301e-4 -1.350001 -0.05841952 -1.53301e-4 -1.350001 0.04578912 -2.79242e-4 -1.350001 0.04720377 -1.45445e-4 -1.350001 0.04673224 -2.32021e-4 -1.350001 -0.01303809 3.33279e-4 -1.350001 -0.01568382 4.71378e-4 -1.350001 -0.01235073 1.11436e-4 -1.350001 -0.01011961 -0.002415537 -1.350001 -0.0112223 -7.26125e-4 -1.350001 -0.01078122 -0.001528799 -1.350001 -0.01034015 -0.002229511 -1.350001 -0.007252633 -0.00246042 -1.350001 -0.05800145 -1.53301e-4 -1.350001 -0.05562728 -1.53301e-4 -1.350001 -0.01695626 7.21961e-4 -1.350001 -0.01546949 4.47454e-4 -1.350001 -0.01372545 4.47454e-4 -1.350001 -0.01166337 -2.18073e-4 -1.350001 -0.009899079 -0.00249958 -1.350001 -0.008134782 -0.00249958 -1.350001 -0.04415124 -0.0010131 -1.350001 -0.0417031 -9.70836e-4 -1.350001 -0.03912937 -3.83561e-4 -1.350001 -0.03680682 -3.68191e-5 -1.350001 -0.03435862 4.70799e-4 -1.350001 -0.03191047 9.58113e-4 -1.350001 -0.02946233 0.00128293 -1.350001 -0.02701419 0.001465678 -1.350001 -0.02456605 0.001526594 -1.350001 -0.02211791 0.001526594 -1.350001 -0.05629992 -1.53301e-4 -1.350001 -0.05697256 -1.53301e-4 -1.350001 -0.05386459 -1.53301e-4 -1.350001 -0.05224859 -1.53301e-4 -1.350001 -0.05132341 -4.91419e-4 -1.350001 -0.0494371 -7.59329e-4 -1.350001 -0.04659938 -9.70836e-4 -1.350001 -0.04755085 -9.42636e-4 -1.350001 -0.01966971 0.001369953 -1.350001 -0.01872056 9.56969e-4 -1.350001 -0.006539642 -0.00246042 -1.350001 -0.03994596 -7.95954e-4 1.349999 -0.03994596 -0.005098223 1.349999 0.04956167 -0.005098223 1.349999 0.05144792 -0.005098223 1.349999 -0.05800145 -1.53301e-4 1.349999 -0.05841952 -1.53301e-4 1.349999 -0.03912937 0.003681302 1.349999 -0.03994596 0.003506302 1.349999 0.003876864 -0.005098223 1.349999 0.005641162 -0.005098223 1.349999 0.006590306 0.007188379 1.349999 0.005641162 0.007012128 1.349999 0.005641162 9.5697e-4 1.349999 0.006590306 -0.004448473 1.349999 0.009038448 0.007501721 1.349999 0.006590306 0.001369953 1.349999 0.03351998 -0.004448473 1.349999 0.03447145 -0.005098223 1.349999 0.0363577 0.003579556 1.349999 0.03447145 0.003212928 1.349999 0.03447145 -9.42636e-4 1.349999 0.03351998 0.003156542 1.349999 0.03107184 -0.004448473 1.349999 0.03351998 -6.45961e-4 1.349999 0.0363577 -0.005098223 1.349999 0.038244 -0.005098223 1.349999 0.04013025 -0.005098223 1.349999 0.04201656 -0.005098223 1.349999 0.04295969 -0.005098223 1.349999 0.04390281 -0.005098223 1.349999 0.04531753 -0.005098223 1.349999 0.04578912 -0.005098223 1.349999 0.04720377 -0.005098223 1.349999 0.04767537 -0.005098223 1.349999 0.05144792 5.44436e-5 1.349999 0.04956167 -3.01595e-5 1.349999 0.04767537 -8.65615e-5 1.349999 0.04626065 0.002456963 1.349999 0.04578912 0.003748774 1.349999 0.04484593 0.005301356 1.349999 0.04390281 0.005835652 1.349999 0.04295969 0.006011903 1.349999 0.04201656 0.005835652 1.349999 0.04013025 0.004876792 1.349999 0.038244 0.004115343 1.349999 0.0363577 -7.59329e-4 1.349999 0.038244 -4.91419e-4 1.349999 0.04013025 -1.10705e-4 1.349999 0.04201656 3.68712e-4 1.349999 0.04390281 3.68712e-4 1.349999 -0.05883765 -1.53301e-4 1.349999 -0.05925577 -1.53301e-4 1.349999 0.03107184 0.003071904 1.349999 0.0286237 0.003156542 1.349999 0.02617555 0.00364387 1.349999 0.02372741 0.004374802 1.349999 0.02127921 0.005390048 1.349999 0.01883107 0.006364703 1.349999 0.01638293 0.007014453 1.349999 0.01393479 0.007379889 1.349999 0.01148664 0.007501721 1.349999 0.009038448 -0.004448473 1.349999 0.01148664 -0.004448473 1.349999 0.01393479 -0.004448473 1.349999 0.01638293 -0.004448473 1.349999 0.01883107 -0.004448473 1.349999 0.02127921 -0.004448473 1.349999 0.02372741 -0.004448473 1.349999 0.02617555 -0.004448473 1.349999 0.0286237 -0.004448473 1.349999 0.009038448 0.001526594 1.349999 0.01148664 0.001526594 1.349999 0.01393479 0.001465678 1.349999 0.01638293 0.00128293 1.349999 0.01883107 9.58113e-4 1.349999 0.02127921 4.70799e-4 1.349999 0.02372741 -3.68188e-5 1.349999 0.02617555 -4.02304e-4 1.349999 0.0286237 -6.45961e-4 1.349999 0.03107184 -6.88262e-4 1.349999 0.003876864 0.006542146 1.349999 0.002604365 0.00604093 1.349999 0.002390086 0.005993127 1.349999 6.46085e-4 0.005993127 1.349999 -7.28624e-4 0.005321085 1.349999 -0.001415967 0.004662036 1.349999 -0.002959728 2.67054e-4 1.349999 -0.003180265 9.90025e-5 1.349999 -0.004944562 9.90025e-5 1.349999 -0.005826711 -0.005098223 1.349999 -0.004944562 -0.005098223 1.349999 -0.003180265 -0.005098223 1.349999 -0.001857042 -0.005098223 1.349999 -0.001415967 -0.005098223 1.349999 -4.12706e-5 -0.005098223 1.349999 6.46085e-4 -0.005098223 1.349999 0.002390086 -0.005098223 1.349999 0.002604365 -0.005098223 1.349999 -0.004944562 -0.00249958 1.349999 -0.003180265 -0.00249958 1.349999 -0.001415967 -2.18073e-4 1.349999 6.46085e-4 4.47454e-4 1.349999 0.002390086 4.47454e-4 1.349999 0.003876864 7.21961e-4 1.349999 0.04295969 4.5684e-4 1.349999 0.04484593 -0.005098223 1.349999 0.04531753 0.004779636 1.349999 0.04484593 1.01586e-4 1.349999 0.04531753 -1.59274e-4 1.349999 0.04626065 -0.005098223 1.349999 0.04673224 -0.005098223 1.349999 0.04720377 1.2808e-4 1.349999 0.04673224 0.00108689 1.349999 -0.005826711 1.77339e-4 1.349999 -0.0417031 -0.005098223 1.349999 -0.005826711 -0.00246042 1.349999 -0.001857042 0.003645956 1.349999 -0.002298116 0.002040505 1.349999 -0.002739191 6.39105e-4 1.349999 -0.002959728 -0.005098223 1.349999 -0.002739191 -0.005098223 1.349999 -0.002298116 -0.005098223 1.349999 -0.002739191 -0.002229511 1.349999 -0.002298116 -0.001528799 1.349999 -0.001857042 -7.26125e-4 1.349999 -0.002959728 -0.002415537 1.349999 -4.12688e-5 0.005764782 1.349999 -7.28624e-4 -0.005098223 1.349999 -7.28624e-4 1.11436e-4 1.349999 -4.12706e-5 3.33279e-4 1.349999 0.002604365 4.71378e-4 1.349999 0.04626065 -2.87112e-4 1.349999 0.06148958 -0.002472639 1.349999 0.06190794 -5.45999e-4 1.349999 0.05353993 5.44436e-5 1.349999 0.05353993 -0.005098223 1.349999 0.05563193 -0.005098223 1.349999 0.05772393 -0.005098223 1.349999 0.05981594 -0.005098223 1.349999 0.06023436 -4.07567e-5 1.349999 0.05981594 -4.07567e-5 1.349999 0.05772393 -4.07567e-5 1.349999 0.05563193 -4.07567e-5 1.349999 -0.05654907 0.006122112 1.349999 -0.05629992 -1.53301e-4 1.349999 0.06023436 -0.005098223 1.349999 0.06065279 -0.004909336 1.349999 0.06107115 -0.004285991 1.349999 0.06190794 -4.07567e-5 1.349999 0.06148958 -4.07567e-5 1.349999 0.06107115 -4.07567e-5 1.349999 0.06065279 -4.07567e-5 1.349999 0.04578912 -2.79242e-4 1.349999 0.04720377 -1.45445e-4 1.349999 0.04673224 -2.32021e-4 1.349999 -0.01303809 3.33279e-4 1.349999 -0.01303809 0.005764782 1.349999 -0.01568382 0.00604093 1.349999 -0.01695626 0.006542146 1.349999 -0.01568382 4.71378e-4 1.349999 -0.01235073 1.11436e-4 1.349999 -0.01235073 0.005321085 1.349999 -0.01303809 -0.005098223 1.349999 -0.01235073 -0.005098223 1.349999 -0.01166337 -0.005098223 1.349999 -0.01372545 0.005993127 1.349999 -0.01011961 -0.002415537 1.349999 -0.01011961 2.67054e-4 1.349999 -0.01011961 -0.005098223 1.349999 -0.009899079 -0.005098223 1.349999 -0.01034015 6.39105e-4 1.349999 -0.0112223 -7.26125e-4 1.349999 -0.0112223 0.003645956 1.349999 -0.01078122 -0.001528799 1.349999 -0.01078128 0.002040505 1.349999 -0.01034015 -0.002229511 1.349999 -0.0112223 -0.005098223 1.349999 -0.01078122 -0.005098223 1.349999 -0.01034015 -0.005098223 1.349999 -0.01166337 0.004662036 1.349999 -0.007252633 -0.00246042 1.349999 -0.007252633 1.77339e-4 1.349999 -0.007252633 -0.005098223 1.349999 -0.006539642 -0.005098223 1.349999 -0.008134782 9.90025e-5 1.349999 -0.01568382 -0.005098223 1.349999 -0.01546949 -0.005098223 1.349999 -0.05967384 -1.53301e-4 1.349999 -0.05985003 0.00108689 1.349999 -0.05954164 0.002438068 1.349999 -0.06009197 -1.53301e-4 1.349999 -0.05870401 0.004978001 1.349999 -0.0591948 0.004003763 1.349999 -0.05803096 0.005575239 1.349999 -0.05562728 -1.53301e-4 1.349999 -0.05598151 0.006153523 1.349999 -0.05711656 0.006033957 1.349999 -0.01695626 7.21961e-4 1.349999 -0.01546949 4.47454e-4 1.349999 -0.01546955 0.005993127 1.349999 -0.01372545 4.47454e-4 1.349999 -0.01166337 -2.18073e-4 1.349999 -0.009899079 -0.00249958 1.349999 -0.009899079 9.90025e-5 1.349999 -0.008134782 -0.00249958 1.349999 -0.01695626 -0.005098223 1.349999 -0.01372545 -0.005098223 1.349999 -0.008134782 -0.005098223 1.349999 -0.01872056 0.007012128 1.349999 -0.04415124 -0.0010131 1.349999 -0.04415124 0.003071904 1.349999 -0.0417031 -9.70836e-4 1.349999 -0.0417031 0.003156542 1.349999 -0.03912937 -3.83561e-4 1.349999 -0.03680682 -3.68191e-5 1.349999 -0.03680682 0.004374802 1.349999 -0.03435862 4.70799e-4 1.349999 -0.03435862 0.005390048 1.349999 -0.03191047 9.58113e-4 1.349999 -0.03191047 0.006364703 1.349999 -0.02946233 0.00128293 1.349999 -0.02946233 0.007014453 1.349999 -0.02701419 0.001465678 1.349999 -0.02701419 0.007379889 1.349999 -0.02456605 0.001526594 1.349999 -0.02456605 0.007501721 1.349999 -0.02211791 0.001526594 1.349999 -0.02211791 0.007501721 1.349999 -0.04415124 -0.005098223 1.349999 -0.03912937 -0.004448473 1.349999 -0.03680682 -0.004448473 1.349999 -0.03435862 -0.004448473 1.349999 -0.03191047 -0.004448473 1.349999 -0.02946233 -0.004448473 1.349999 -0.02701419 -0.004448473 1.349999 -0.02456605 -0.004448473 1.349999 -0.02211791 -0.004448473 1.349999 -0.01966971 -0.004448473 1.349999 -0.04659938 0.003156542 1.349999 -0.05697256 -1.53301e-4 1.349999 -0.05386459 -1.53301e-4 1.349999 -0.05506718 0.005835652 1.349999 -0.05224859 -1.53301e-4 1.349999 -0.05320966 0.004876792 1.349999 -0.05132341 -4.91419e-4 1.349999 -0.05132341 0.004115343 1.349999 -0.0494371 -7.59329e-4 1.349999 -0.0494371 0.003579556 1.349999 -0.05289804 -0.005098223 1.349999 -0.05132341 -0.005098223 1.349999 -0.0494371 -0.005098223 1.349999 -0.04755085 -0.005098223 1.349999 -0.04659938 -9.70836e-4 1.349999 -0.04659938 -0.005098223 1.349999 -0.04755085 0.003212928 1.349999 -0.04755085 -9.42636e-4 1.349999 -0.01966971 0.001369953 1.349999 -0.01966971 0.007188379 1.349999 -0.01872056 -0.005098223 1.349999 -0.01872056 9.56969e-4 1.349999 -0.006539642 1.77339e-4 1.349999 -0.006539642 -0.00246042 1.349999</float_array>
          <technique_common>
            <accessor source="#Plane_015-mesh-positions-array" count="524" stride="3">
              <param name="X" type="float"/>
              <param name="Y" type="float"/>
              <param name="Z" type="float"/>
            </accessor>
          </technique_common>
        </source>
        <source id="Plane_015-mesh-normals">
          <float_array id="Plane_015-mesh-normals-array" count="1380">0 0 -1 -7.3691e-5 0 -1 4.05114e-4 0 -1 -4.34711e-5 0 -1 -7.42576e-6 0 -1 4.26724e-5 0 -1 8.03813e-5 0 -1 -6.1871e-5 0 -1 -2.86044e-5 0 -1 -7.03621e-5 0 -1 -9.40194e-5 0 -1 1.00044e-4 0 -1 2.03136e-4 0 -1 4.82943e-4 0 -0.9999999 7.79558e-5 0 -1 -3.28521e-5 0 -1 -8.46683e-6 0 -1 1.89904e-4 0 -1 3.99877e-4 0 -1 0.001672565 0 -0.9999986 1.84014e-4 0 -1 -1.47889e-4 0 -1 -3.04701e-4 0 -1 -3.47054e-5 0 -1 -2.27572e-4 0 -1 -2.26543e-4 0 -1 2.62171e-4 0 -1 1.65043e-4 0 -1 -7.83722e-4 0 -0.9999997 -0.001574158 0 -0.9999988 -4.20751e-4 0 -1 -4.06806e-5 0 -1 3.21614e-5 0 -1 3.31869e-5 0 -1 -1.75905e-5 0 -1 9.66653e-5 0 -1 -6.81685e-5 0 -1 -1.07796e-4 0 -1 1.10891e-4 0 -1 1.56343e-4 0 -1 2.7207e-4 0 -1 -2.185e-4 0 -1 -4.82948e-4 0 -0.9999999 1.86247e-4 0 -1 2.60083e-4 0 -1 2.37163e-4 0 -1 3.78022e-5 0 -1 1.84134e-4 0 -1 -7.01461e-5 0 -1 6.16774e-5 0 -1 1.06313e-4 0 -1 1.0297e-4 0 -1 -1.34745e-4 0 -1 3.86661e-5 0 -1 4.39762e-5 0 -1 -3.73352e-5 0 -1 1.60807e-5 0 -1 -4.05114e-5 0 -1 -3.7435e-4 0 -1 0 0 1 -1.81393e-4 0 1 -1.81002e-4 0 1 -1.18812e-4 0 1 -9.89937e-5 0 1 -4.44401e-5 0 1 -4.09825e-4 0 1 -1.39272e-5 0 1 4.02017e-5 0 1 -3.31869e-5 0 1 -1.75905e-5 0 1 3.86661e-5 0 1 3.52572e-5 0 1 -5.94011e-5 0 1 -5.62837e-5 0 1 4.82943e-4 0 0.9999999 2.49459e-4 0 1 1.31409e-4 0 1 -1.80626e-4 0 1 -9.03129e-5 0 1 -4.74771e-4 0 1 7.87098e-4 0 0.9999997 -5.91555e-4 0 0.9999998 -8.12536e-4 0 0.9999997 -1.88996e-5 0 1 -6.0616e-4 0 0.9999998 3.47051e-5 0 1 6.85591e-4 0 0.9999998 9.20058e-5 0 1 -9.83877e-4 0 0.9999995 -6.57042e-5 0 1 2.95779e-4 0 1 -7.73321e-5 0 1 1.28415e-4 0 1 -9.31237e-5 0 1 -1.63875e-4 0 1 -2.41474e-4 0 1 8.57517e-5 0 1 -2.13361e-5 0 1 5.94061e-5 0 1 9.16684e-5 0 1 4.87656e-5 0 1 -5.66854e-6 0 1 6.07669e-5 0 1 1.5008e-4 0 1 4.08634e-5 0 1 -2.65104e-4 0 1 -2.65104e-4 0 1 -8.10226e-5 0 1 -4.51264e-4 0 1 2.45154e-4 0 1 4.99831e-4 0 0.9999999 3.32339e-4 0 1 -1.01601e-4 0 1 -5.62836e-5 0 1 -2.97006e-5 0 1 1.11648e-4 0 1 -3.23364e-5 0 1 -7.73323e-5 0 1 6.15667e-5 0 1 3.73352e-5 0 1 -4.42219e-5 0 1 5.57087e-5 0 1 -1.36099e-4 0 1 -8.04454e-5 0 1 1.37455e-4 0 1 0 -1 0 0.8602313 0.5099043 0 -0.1825782 0.9831914 0 0.6226515 -0.7824994 0 0.5648823 -0.8251715 0 -0.1269565 0.9919083 0 -0.5639595 -0.8258025 0 -0.8602302 0.5099059 0 -0.190788 0.9816313 0 0.9538714 0.3002156 0 0.9642711 0.2649175 0 -0.05917721 0.9982476 0 -0.3152748 0.9490004 0 0.9173043 0.3981871 0 -0.5423253 0.8401687 0 0 1 0 -0.04970169 0.9987641 0 -0.2574266 0.9662979 0 -0.08845335 0.9960803 0 -0.1476544 0.989039 0 -0.2179235 0.9759659 0 -0.2565239 0.9665379 0 -0.3664513 0.9304373 0 -0.3698741 0.9290819 0 -0.6920738 0.7218267 0 -0.3830634 0.9237222 0 -0.6060952 0.7953922 0 -0.9749273 0.2225242 0 -0.2860996 0.9582 0 -0.9814969 0.1914778 0 -0.1952233 0.9807589 0 0.9772226 -0.212217 0 -0.03453755 0.9994034 0 -0.8930895 0.449879 0 -0.04480683 0.9989957 0 0.03453737 0.9994035 0 -0.02988785 0.9995533 0 -0.6637201 0.7479811 0 0.9393656 0.3429174 0 0.4928779 0.8700987 0 -0.1534405 0.9881579 0 -0.1837035 0.9829818 0 -0.453136 0.8914415 0 -0.374321 0.9272993 0 -0.2732521 0.9619425 0 0.2732514 0.9619427 0 -0.05535 0.9984671 0 0.04545968 0.9989662 0 0.3743219 0.9272989 0 -0.9914863 0.1302113 0 0.4586942 0.8885943 0 0.3284195 0.944532 0 0.4114582 -0.9114288 0 -0.4484034 0.8938313 0 0.1837035 0.9829818 0 0.8303031 -0.5573122 0 -0.9763338 0.2162694 0 0.9743995 -0.2248234 0 -0.03453719 0.9994035 0 0.7418685 0.6705454 0 0.03453737 0.9994034 0 0.1952233 0.9807589 0 0.2861 0.9581999 0 0.9093721 0.4159837 0 0.6061 0.7953885 0 0.383064 0.9237219 0 0.6920708 0.7218297 0 0.3698738 0.929082 0 0.05917787 0.9982475 0 0.2565239 0.9665379 0 0.2179319 0.975964 0 0.1476539 0.9890391 0 0.190788 0.9816313 0 0.2574262 0.9662981 0 0.04970175 0.9987641 0 0.4142592 0.910159 0 0.3664513 0.9304373 0 0.8973448 0.4413301 0 0.1269571 0.9919082 0 0.9455593 0.3254502 0 -0.5648792 -0.8251737 0 0.08845371 0.9960803 0 1 0 0 0.1825777 0.9831914 0 0.5423263 0.8401679 0 -0.9173037 0.3981884 0 0.3152742 0.9490007 0 -0.9642704 0.2649202 0 -0.209595 0.9777883 0 -0.9538725 0.3002122 0 -1.74353e-4 0 -1 -1.36757e-4 0 -1 -1.07176e-4 0 -1 3.88851e-5 0 -1 -4.20231e-4 0 -1 -3.94062e-4 0 -1 -3.78023e-5 0 -1 3.21614e-5 0 -1 3.31869e-5 0 -1 1.93331e-5 0 -1 6.46728e-5 0 -1 -1.17524e-5 0 -1 -8.59753e-5 0 -1 -1.56344e-4 0 -1 -2.25782e-5 0 -1 -7.12156e-4 0 -0.9999998 3.98754e-4 0 -1 -9.74208e-5 0 -1 -0.001472055 0 -0.9999989 -4.82947e-4 0 -0.9999999 -7.87092e-4 0 -0.9999998 7.80356e-4 0 -0.9999997 -2.19479e-4 0 -1 4.42745e-4 0 -1 -1.47887e-4 0 -1 7.3606e-4 0 -0.9999998 -2.05898e-5 0 -1 -1.10032e-4 0 -1 2.41475e-4 0 -1 -7.73321e-5 0 -1 1.28415e-4 0 -1 -1.86247e-4 0 -1 -2.03135e-4 0 -1 -2.335e-5 0 -1 1.32949e-4 0 -1 1.08167e-4 0 -1 1.52702e-4 0 -1 -1.42241e-5 0 -1 -1.10891e-4 0 -1 -3.11826e-5 0 -1 1.52829e-4 0 -1 -1.10416e-4 0 -1 -5.57087e-5 0 -1 -2.65104e-4 0 -1 2.65104e-4 0 -1 -1.35293e-4 0 -1 6.62494e-5 0 -1 6.32395e-5 0 -1 3.26913e-5 0 -1 -2.18278e-4 0 -1 -1.0297e-4 0 -1 1.06681e-4 0 -1 -6.69845e-5 0 -1 7.63511e-5 0 -1 -4.85594e-5 0 -1 -1.42688e-4 0 -1 3.6221e-4 0 -1 -3.14377e-5 0 -1 9.20076e-5 0 -1 -1.47888e-4 0 -1 -2.95163e-4 0 -1 -3.251e-5 0 -1 5.48688e-4 0 -1 9.99663e-5 0 -1 3.33158e-4 0 -1 -7.80349e-4 0 -0.9999997 2.49459e-4 0 -1 -4.82945e-4 0 -0.9999999 2.37385e-5 0 -1 -2.48359e-4 0 -1 -1.7776e-4 0 -1 -1.06313e-4 0 -1 -4.29877e-5 0 -1 4.11334e-5 0 -1 -4.31152e-5 0 -1 3.86662e-5 0 -1 2.63857e-5 0 -1 -2.90385e-5 0 -1 -1.60807e-5 0 -1 4.37712e-5 0 -1 1.69429e-4 0 -1 1.80625e-4 0 -1 -9.89941e-5 0 -1 1.07176e-4 0 -1 -1.13793e-4 0 -1 -4.82673e-5 0 -1 -3.37279e-4 0 -1 3.9987e-4 0 -1 -5.71507e-5 0 1 2.17942e-5 0 1 8.95896e-5 0 1 5.94009e-5 0 1 6.69847e-5 0 1 4.94972e-5 0 1 2.25781e-5 0 1 1.80627e-4 0 1 4.31006e-5 0 1 1.59168e-5 0 1 6.63737e-5 0 1 -7.7332e-5 0 1 -9.40194e-5 0 1 1.00044e-4 0 1 -2.16333e-4 0 1 -7.6351e-5 0 1 4.71565e-5 0 1 4.444e-5 0 1 3.79807e-4 0 1 4.7352e-4 0 1 -6.8499e-5 0 1 -1.14147e-4 0 1 -7.36057e-4 0 0.9999998 4.43667e-4 0 1 2.41473e-4 0 1 2.9516e-4 0 1 -3.25103e-5 0 1 -1.24729e-4 0 1 3.29213e-4 0 1 -5.98883e-6 0 1 2.62171e-4 0 1 -5.91548e-4 0 0.9999998 -3.60644e-4 0 1 6.10209e-5 0 1 -3.29436e-4 0 1 -4.8295e-4 0 0.9999999 2.41211e-5 0 1 -3.31869e-5 0 1 5.27714e-5 0 1 9.66653e-5 0 1 1.13614e-5 0 1 7.69971e-6 0 1 8.78489e-5 0 1 5.62835e-5 0 1 -3.20799e-4 0 1 2.12718e-4 0 1 4.32668e-4 0 1 -1.07175e-4 0 1 -9.21691e-5 0 1 1.39271e-5 0 1 3.5073e-5 0 1 1.40292e-4 0 1 4.97399e-5 0 1 -1.27334e-4 0 1 2.35553e-4 0 1 1.74353e-4 0 1 -1.84338e-4 0 1 4.32671e-4 0 1 5.21831e-4 0 1 1.82899e-4 0 1 -7.69971e-5 0 1 -7.38492e-5 0 1 8.79523e-6 0 1 2.90385e-5 0 1 -2.01009e-5 0 1 -7.36061e-4 0 0.9999998 -4.90301e-4 0 0.9999999 -1.96403e-4 0 1 7.49606e-4 0 0.9999998 -4.65451e-4 0 0.9999999 1.64605e-4 0 1 4.67736e-5 0 1 3.25103e-5 0 1 -1.22982e-4 0 1 7.39446e-5 0 1 5.52044e-4 0 1 1.36098e-4 0 1 -6.28754e-5 0 1 8.39859e-5 0 1 -2.16333e-4 0 1 -1.9896e-6 0 1 1.12891e-5 0 1 -2.00954e-5 0 1 5.68964e-5 0 1 2.97005e-5 0 1 -2.35553e-4 0 1 -2.95119e-4 0 1 1.08971e-5 0 1 -3.7435e-4 0 1 0.8602312 0.5099042 0 -0.1825783 0.9831914 0 0.564882 -0.8251717 0 -0.1269566 0.9919083 0 -0.5639573 -0.825804 0 -0.8602306 0.5099053 0 -0.190788 0.9816313 0 0.9538712 0.3002165 0 0.9642705 0.2649198 0 -0.05917757 0.9982475 0 -0.3152748 0.9490004 0 0.9173047 0.3981861 0 -0.5423254 0.8401687 0 -0.2574266 0.9662979 0 -0.08845353 0.9960803 0 -0.1476537 0.9890391 0 -0.3664512 0.9304373 0 -0.6920739 0.7218267 0 -0.974929 0.2225167 0 -0.2860996 0.9582 0 -0.981497 0.1914778 0 -0.1952233 0.9807589 0 0.9772214 -0.2122223 0 -0.03453749 0.9994035 0 -0.8930855 0.4498871 0 -0.04480683 0.9989957 0 0.03453731 0.9994034 0 -0.02988785 0.9995533 0 -0.663714 0.7479864 0 0.4928779 0.8700986 0 -0.453137 0.8914409 0 -0.374321 0.9272993 0 -0.2732521 0.9619425 0 0.2732514 0.9619427 0 -0.05535 0.9984671 0 0.04545968 0.9989662 0 0.37432 0.9272996 0 -0.9914866 0.1302091 0 0.458692 0.8885954 0 -0.4484034 0.8938313 0 0.8303031 -0.5573121 0 0.9743983 -0.224829 0 -0.03453713 0.9994034 0 0.7418646 0.6705498 0 0.03453725 0.9994035 0 0.2861 0.9581999 0 0.6061024 0.7953867 0 0.3830636 0.923722 0 0.6920722 0.7218284 0 0.05917721 0.9982476 0 0.2565242 0.9665378 0 0.2179292 0.9759647 0 0.1476539 0.9890391 0 0.1907869 0.9816315 0 0.2574266 0.9662979 0 0.0497018 0.9987642 0 0.4142672 0.9101554 0 0.3664506 0.9304376 0 0.1269569 0.9919082 0 0.9455605 0.3254468 0 -0.5648803 -0.8251729 0 0.1825771 0.9831916 0 0.5423279 0.8401671 0 -0.9173035 0.3981887 0 0.3152731 0.9490011 0 -0.9642704 0.2649204 0 -0.2095951 0.9777883 0 -0.9538725 0.3002122 0</float_array>
          <technique_common>
            <accessor source="#Plane_015-mesh-normals-array" count="460" stride="3">
              <param name="X" type="float"/>
              <param name="Y" type="float"/>
              <param name="Z" type="float"/>
            </accessor>
          </technique_common>
        </source>
        <source id="Plane_015-mesh-map-0">
          <float_array id="Plane_015-mesh-map-0-array" count="6264">1 1 1 0 1 0 0.1820211 1 0.2123579 0.5 0.1820211 0.5 0.2123579 1 0.2286785 0.5 0.2123579 0.5 0.6917312 0.5 0.708091 1 0.708091 0.5 0.6496356 1 0.6917312 0.5 0.6496356 0.5 0.708091 1 0.7405254 0.5 0.708091 0.5 0.7405254 1 0.7729597 0.5 0.7405254 0.5 0.7729597 1 0.8053941 0.5 0.7729597 0.5 0.805394 1 0.8378284 0.5 0.8053941 0.5 0.8540455 0.5 0.8702627 1 0.8702628 0.5 0.9026971 0 0.9108056 0.6367918 0.9108057 0 1 1 1 0 1 1 0.9270228 0.9476639 0.9351313 0 0.9270228 0 0.2286785 1 0.2707742 0.5 0.2286785 0.5 0.2707742 0.5 0.3128699 1 0.3128699 0.5 0.3128699 0.5 0.3549656 1 0.3549656 0.5 0.3549656 0.5 0.3970613 1 0.3970613 0.5 0.3970613 0.5 0.439157 1 0.439157 0.5 0.439157 0.5 0.4812527 1 0.4812527 0.5 0.4812527 0.5 0.5233485 1 0.5233485 0.5 0.5233485 0.5 0.5654442 1 0.5654441 0.5 0.5654441 0.5 0.6075398 1 0.6075398 0.5 0.6075398 0.5 0.6496356 1 0.6496356 0.5 0.01516842 0.5 0.03033679 1 0.03033679 0.5 0.03033679 1 0.06067365 0.5 0.03033679 0.5 0.08342629 1 0.09101051 0.5 0.08342629 0.5 0.1146485 1 0.1264674 0.5 0.1146485 0.5 0.1264674 1 0.1564563 0.5 0.1264674 0.5 0.1601408 1 0.1820211 0.5 0.1601408 0.5 0.8378283 1 0.8540455 0.5 0.8378284 0.5 0.8702628 0.5 0.8864799 1 0.8864799 0.5 0.8864799 0.5 0.8945885 1 0.8945885 0.5 0.9189141 0.7867576 0.9270228 0 0.9189142 0 0.9351313 1 0.9675657 0 0.9351313 0 0.9108056 0.6367918 0.9189142 0 0.9108057 0 0 1 0.01516842 0.5 0 0.5 0.06446576 1 0.06825786 0.5 0.06446576 0.5 0.06825786 1 0.07584208 0.5 0.06825786 0.5 0.07584208 1 0.08342629 0.5 0.07584208 0.5 0.06067365 1 0.06446576 0.5 0.06067365 0.5 0.09101051 1 0.1028295 0.5 0.09101051 0.5 0.1028295 1 0.1146485 0.5 0.1028295 0.5 0.1564563 1 0.1601408 0.5 0.1564563 0.5 0.9675657 1 1 0 0.9675657 0 1 1 1 0 1 1 1 1 1 0 1 1 1 1 1 0 1 1 1 1 1 0 1 1 1 1 1 0 1 0 1 1 1 0 1 0 1 1 1 0 1 0 0.1601408 0.5 0.1564563 1 0.1564563 0.5 0.1028295 0.5 0.09101051 1 0.09101051 0.5 0.06446576 0.5 0.06067365 1 0.06067365 0.5 0.07584208 0.5 0.06825786 1 0.06825786 0.5 0.01516842 0.5 0 1 0 0.5 0.06825786 0.5 0.06446576 1 0.06446576 0.5 0.8864799 0.5 0.8945885 1 0.8864799 1 0.8690319 0.5 0.8864799 1 0.8702627 1 0.8474925 0.5 0.8378283 1 0.8233774 0.5 0.1820211 0.5 0.1601408 1 0.1601408 0.5 0.08342629 0.5 0.07584208 1 0.07584208 0.5 0.3549656 0.5 0.3970613 1 0.3549656 1 0.3970613 0.5 0.439157 1 0.3970613 1 0.439157 0.5 0.4812527 1 0.439157 1 0.4812527 0.5 0.5233485 1 0.4812527 1 0.5233485 0.5 0.5632854 1 0.5233485 1 0.577326 0.5 0.6075398 1 0.577326 1 0.6075398 0.5 0.6496356 1 0.6075398 1 0.01516842 0.5 0.03033679 1 0.01516836 1 0.06067365 0.5 0.03033679 1 0.03033679 0.5 0.8582622 0.5 0.8702627 1 0.8621541 1 0.8233774 0.5 0.805394 1 0.8053941 0.5 0.2707742 0.5 0.3128699 1 0.2707742 1 0.8053941 0.5 0.7729597 1 0.7729597 0.5 0.09101051 0.5 0.08342629 1 0.08342629 0.5 0.1264674 0.5 0.1146485 1 0.1146485 0.5 0.7729597 0.5 0.7405254 1 0.7405254 0.5 0.1564563 0.5 0.1264674 1 0.1264674 0.5 0.7405254 0.5 0.708091 1 0.708091 0.5 0.6917312 0.5 0.6496356 1 0.6496356 0.5 0.1146485 0.5 0.1028295 1 0.1028295 0.5 0.2123579 0.5 0.1820211 1 0.1820211 0.5 0.2286785 0.5 0.2123579 1 0.2123579 0.5 0.708091 0.5 0.6917313 1 0.6917312 0.5 0.2707742 0.5 0.2286785 1 0.2286785 0.5 0.3128699 0.5 0.3549656 1 0.3128699 1 0.5632854 0.5 0.577326 1 0.5632854 1 0.5632854 0 0.577326 0.5 0.5632854 0.5 0.3128699 0 0.3549656 0.5 0.3128699 0.5 0.2707742 0 0.2286785 0.5 0.2286785 0 0.708091 0 0.6917312 0.5 0.6917312 0 0.2286785 0 0.2123579 0.5 0.2123579 0 0.2123579 0 0.1820211 0.5 0.1820211 0 0.1146485 0 0.1028295 0.5 0.1028295 0 0.6917312 0 0.6496356 0.5 0.6496355 0 0.7405254 0 0.708091 0.5 0.708091 0 0.1564563 0 0.1264674 0.5 0.1264674 0 0.7729597 0 0.7405254 0.5 0.7405254 0 0.1264674 0 0.1146485 0.5 0.1146485 0 0.09101051 0 0.08342629 0.5 0.08342629 0 0.8053941 0 0.7729597 0.5 0.7729597 0 0.2707742 0 0.3128699 0.5 0.2707742 0.5 0.8582622 0.5 0.8540455 1 0.8474925 0.5 0.06067365 0 0.03033679 0.5 0.03033685 0 0.01516842 0 0.03033679 0.5 0.01516842 0.5 0.6075398 0 0.6496356 0.5 0.6075398 0.5 0.577326 0 0.6075398 0.5 0.577326 0.5 0.5233485 0 0.5632854 0.5 0.5233485 0.5 0.4812527 0 0.5233485 0.5 0.4812527 0.5 0.439157 0 0.4812527 0.5 0.439157 0.5 0.3970613 0 0.439157 0.5 0.3970613 0.5 0.3549656 0 0.3970613 0.5 0.3549656 0.5 0.08342629 0 0.07584208 0.5 0.07584208 0 0.1820211 0 0.1601408 0.5 0.1601409 0 0.06825786 0 0.06446576 0.5 0.06446576 0 0.01516842 0 0 0.5 0 0 0.07584208 0 0.06825786 0.5 0.06825786 0 0.06446576 0 0.06067365 0.5 0.06067365 0 0.1028295 0 0.09101051 0.5 0.09101051 0 0.1601409 0 0.1564563 0.5 0.1564563 0 0.9270228 0.9476639 0.9270228 1 0.9351313 1 0.902697 0.5447026 0.9108056 1 0.9108056 0.6367918 0.8945885 0.5 0.902697 1 0.902697 0.5447026 0.9189141 1 0.9108056 0.6903433 0.9189141 0.844121 0.902697 1 0.8945885 0.5269448 0.9026971 0.5889464 0.9270228 1 0.9189141 1 0.9189141 0.844121 0.9108056 1 0.9026971 0.5889464 0.9108056 0.6903433 0.9189141 0.7867576 0.9270228 1 0.9270228 0.9476639 0.1564563 0.5 0.1601409 0 0.1564563 0 0.1028295 0.5 0.1146485 0 0.1028295 0 0.09101051 0.5 0.1028295 0 0.09101051 0 0.06067365 0.5 0.06446576 0 0.06067365 0 0.07584208 0.5 0.08342629 0 0.07584208 0 0.06825786 0.5 0.07584208 0 0.06825786 0 0.06446576 0.5 0.06825786 0 0.06446576 0 0 0.5 0.01516842 0 0 0 0.8864799 0 0.8945885 0.5 0.8945885 0 0.8702628 0 0.8864799 0.5 0.8864799 0 0.8378284 0.5 0.8540456 0 0.8378284 0 0.1601408 0.5 0.1820211 0 0.1601409 0 0.1264674 0.5 0.1564563 0 0.1264674 0 0.1146485 0.5 0.1264674 0 0.1146485 0 0.08342629 0.5 0.09101051 0 0.08342629 0 0.03033679 0.5 0.06067365 0 0.03033685 0 0.01516842 0 0.03033679 0.5 0.03033685 0 0.6075398 0 0.6496356 0.5 0.6496355 0 0.5654441 0 0.6075398 0.5 0.6075398 0 0.5233485 0 0.5654441 0.5 0.5654441 0 0.4812527 0 0.5233485 0.5 0.5233485 0 0.439157 0 0.4812527 0.5 0.4812527 0 0.3970613 0 0.439157 0.5 0.439157 0 0.3549656 0 0.3970613 0.5 0.3970613 0 0.3128699 0 0.3549656 0.5 0.3549656 0 0.2707742 0 0.3128699 0.5 0.3128699 0 0.2286785 0.5 0.2707742 0 0.2286785 0 0.8540456 0 0.8702628 0.5 0.8702628 0 0.8053941 0.5 0.8378284 0 0.8053941 0 0.7729597 0.5 0.8053941 0 0.7729597 0 0.7405254 0.5 0.7729597 0 0.7405254 0 0.708091 0.5 0.7405254 0 0.708091 0 0.6496356 0.5 0.6917312 0 0.6496355 0 0.6917312 0 0.708091 0.5 0.708091 0 0.2123579 0.5 0.2286785 0 0.2123579 0 0.1820211 0.5 0.2123579 0 0.1820211 0 0.9108056 0.6367918 0.9189141 1 0.9189141 0.7867576 0.8945885 0 0.902697 0.5447026 0.9026971 0 1 1 1 0 1 1 0.2123579 0.5 0.1820211 1 0.1820211 0.5 0.2286785 0.5 0.2123579 1 0.2123579 0.5 0.6917312 0.5 0.708091 1 0.6917313 1 0.6917312 0.5 0.6496356 1 0.6496356 0.5 0.7405254 0.5 0.708091 1 0.708091 0.5 0.7729597 0.5 0.7405254 1 0.7405254 0.5 0.8053941 0.5 0.7729597 1 0.7729597 0.5 0.8378284 0.5 0.805394 1 0.8053941 0.5 0.8540455 0.5 0.8702627 1 0.8540455 1 0.9026971 0 0.9108056 0.6367918 0.902697 0.5447026 1 0 1 1 1 1 0.9351313 0 0.9270228 0.9476639 0.9270228 0 0.2707742 0.5 0.2286785 1 0.2286785 0.5 0.2707742 0.5 0.3128699 1 0.2707742 1 0.3128699 0.5 0.3549656 1 0.3128699 1 0.3549656 0.5 0.3970613 1 0.3549656 1 0.3970613 0.5 0.439157 1 0.3970613 1 0.439157 0.5 0.4812527 1 0.439157 1 0.4812527 0.5 0.5233485 1 0.4812527 1 0.5233485 0.5 0.5654442 1 0.5233485 1 0.5654441 0.5 0.6075398 1 0.5654442 1 0.6075398 0.5 0.6496356 1 0.6075398 1 0.01516842 0.5 0.03033679 1 0.01516836 1 0.06067365 0.5 0.03033679 1 0.03033679 0.5 0.09101051 0.5 0.08342629 1 0.08342629 0.5 0.1264674 0.5 0.1146485 1 0.1146485 0.5 0.1564563 0.5 0.1264674 1 0.1264674 0.5 0.1820211 0.5 0.1601408 1 0.1601408 0.5 0.8540455 0.5 0.8378283 1 0.8378284 0.5 0.8702628 0.5 0.8864799 1 0.8702627 1 0.8864799 0.5 0.8945885 1 0.8864799 1 0.9270228 0 0.9189141 0.7867576 0.9189142 0 0.9675657 0 0.9351313 1 0.9351313 0 0.9189142 0 0.9108056 0.6367918 0.9108057 0 0.01516842 0.5 0 1 0 0.5 0.06825786 0.5 0.06446576 1 0.06446576 0.5 0.07584208 0.5 0.06825786 1 0.06825786 0.5 0.08342629 0.5 0.07584208 1 0.07584208 0.5 0.06446576 0.5 0.06067365 1 0.06067365 0.5 0.1028295 0.5 0.09101051 1 0.09101051 0.5 0.1146485 0.5 0.1028295 1 0.1028295 0.5 0.1601408 0.5 0.1564563 1 0.1564563 0.5 1 0 0.9675657 1 0.9675657 0 1 0 1 1 1 1 1 0 1 1 1 1 1 0 1 1 1 1 1 0 1 1 1 1 1 1 1 0 1 1 1 1 1 0 1 1 1 1 1 0 1 1 0.1564563 1 0.1601408 0.5 0.1564563 0.5 0.09101051 1 0.1028295 0.5 0.09101051 0.5 0.06067365 1 0.06446576 0.5 0.06067365 0.5 0.06825786 1 0.07584208 0.5 0.06825786 0.5 0 1 0.01516842 0.5 0 0.5 0.06446576 1 0.06825786 0.5 0.06446576 0.5 0.8864799 0.5 0.8945885 1 0.8945885 0.5269448 0.8690319 0.5 0.8864799 1 0.8864799 0.5 0.8378283 1 0.8474925 0.5 0.8233774 0.5 0.1601408 1 0.1820211 0.5 0.1601408 0.5 0.07584208 1 0.08342629 0.5 0.07584208 0.5 0.3549656 0.5 0.3970613 1 0.3970613 0.5 0.3970613 0.5 0.439157 1 0.439157 0.5 0.439157 0.5 0.4812527 1 0.4812527 0.5 0.4812527 0.5 0.5233485 1 0.5233485 0.5 0.5233485 0.5 0.5632854 1 0.5632854 0.5 0.577326 0.5 0.6075398 1 0.6075398 0.5 0.6075398 0.5 0.6496356 1 0.6496356 0.5 0.01516842 0.5 0.03033679 1 0.03033679 0.5 0.03033679 1 0.06067365 0.5 0.03033679 0.5 0.8582622 0.5 0.8702627 1 0.8690319 0.5 0.805394 1 0.8233774 0.5 0.8053941 0.5 0.2707742 0.5 0.3128699 1 0.3128699 0.5 0.7729597 1 0.8053941 0.5 0.7729597 0.5 0.08342629 1 0.09101051 0.5 0.08342629 0.5 0.1146485 1 0.1264674 0.5 0.1146485 0.5 0.7405254 1 0.7729597 0.5 0.7405254 0.5 0.1264674 1 0.1564563 0.5 0.1264674 0.5 0.708091 1 0.7405254 0.5 0.708091 0.5 0.6496356 1 0.6917312 0.5 0.6496356 0.5 0.1028295 1 0.1146485 0.5 0.1028295 0.5 0.1820211 1 0.2123579 0.5 0.1820211 0.5 0.2123579 1 0.2286785 0.5 0.2123579 0.5 0.6917313 1 0.708091 0.5 0.6917312 0.5 0.2286785 1 0.2707742 0.5 0.2286785 0.5 0.3128699 0.5 0.3549656 1 0.3549656 0.5 0.5632854 0.5 0.577326 1 0.577326 0.5 0.5632854 0 0.577326 0.5 0.577326 0 0.3128699 0 0.3549656 0.5 0.3549656 0 0.2286785 0.5 0.2707742 0 0.2286785 0 0.6917312 0.5 0.708091 0 0.6917312 0 0.2123579 0.5 0.2286785 0 0.2123579 0 0.1820211 0.5 0.2123579 0 0.1820211 0 0.1028295 0.5 0.1146485 0 0.1028295 0 0.6496356 0.5 0.6917312 0 0.6496355 0 0.708091 0.5 0.7405254 0 0.708091 0 0.1264674 0.5 0.1564563 0 0.1264674 0 0.7405254 0.5 0.7729597 0 0.7405254 0 0.1146485 0.5 0.1264674 0 0.1146485 0 0.08342629 0.5 0.09101051 0 0.08342629 0 0.7729597 0.5 0.8053941 0 0.7729597 0 0.2707742 0 0.3128699 0.5 0.3128699 0 0.8540455 1 0.8582622 0.5 0.8474925 0.5 0.03033679 0.5 0.06067365 0 0.03033685 0 0.01516842 0 0.03033679 0.5 0.03033685 0 0.6075398 0 0.6496356 0.5 0.6496355 0 0.577326 0 0.6075398 0.5 0.6075398 0 0.5233485 0 0.5632854 0.5 0.5632854 0 0.4812527 0 0.5233485 0.5 0.5233485 0 0.439157 0 0.4812527 0.5 0.4812527 0 0.3970613 0 0.439157 0.5 0.439157 0 0.3549656 0 0.3970613 0.5 0.3970613 0 0.07584208 0.5 0.08342629 0 0.07584208 0 0.1601408 0.5 0.1820211 0 0.1601409 0 0.06446576 0.5 0.06825786 0 0.06446576 0 0 0.5 0.01516842 0 0 0 0.06825786 0.5 0.07584208 0 0.06825786 0 0.06067365 0.5 0.06446576 0 0.06067365 0 0.09101051 0.5 0.1028295 0 0.09101051 0 0.1564563 0.5 0.1601409 0 0.1564563 0 0.9270228 0.9476639 0.9351313 1 0.9270228 1 0.902697 0.5447026 0.9108056 1 0.902697 1 0.8945885 0.5 0.902697 1 0.8945885 1 0.9108056 0.6903433 0.9189141 1 0.9189141 0.844121 0.8945885 0.5269448 0.902697 1 0.9026971 0.5889464 0.9270228 1 0.9189141 0.844121 0.9189141 1 0.9026971 0.5889464 0.9108056 1 0.9108056 0.6903433 0.9189141 0.7867576 0.9270228 1 0.9189141 1 0.1601409 0 0.1564563 0.5 0.1564563 0 0.1146485 0 0.1028295 0.5 0.1028295 0 0.1028295 0 0.09101051 0.5 0.09101051 0 0.06446576 0 0.06067365 0.5 0.06067365 0 0.08342629 0 0.07584208 0.5 0.07584208 0 0.07584208 0 0.06825786 0.5 0.06825786 0 0.06825786 0 0.06446576 0.5 0.06446576 0 0.01516842 0 0 0.5 0 0 0.8864799 0 0.8945885 0.5 0.8864799 0.5 0.8702628 0 0.8864799 0.5 0.8702628 0.5 0.8540456 0 0.8378284 0.5 0.8378284 0 0.1820211 0 0.1601408 0.5 0.1601409 0 0.1564563 0 0.1264674 0.5 0.1264674 0 0.1264674 0 0.1146485 0.5 0.1146485 0 0.09101051 0 0.08342629 0.5 0.08342629 0 0.06067365 0 0.03033679 0.5 0.03033685 0 0.01516842 0 0.03033679 0.5 0.01516842 0.5 0.6075398 0 0.6496356 0.5 0.6075398 0.5 0.5654441 0 0.6075398 0.5 0.5654441 0.5 0.5233485 0 0.5654441 0.5 0.5233485 0.5 0.4812527 0 0.5233485 0.5 0.4812527 0.5 0.439157 0 0.4812527 0.5 0.439157 0.5 0.3970613 0 0.439157 0.5 0.3970613 0.5 0.3549656 0 0.3970613 0.5 0.3549656 0.5 0.3128699 0 0.3549656 0.5 0.3128699 0.5 0.2707742 0 0.3128699 0.5 0.2707742 0.5 0.2707742 0 0.2286785 0.5 0.2286785 0 0.8540456 0 0.8702628 0.5 0.8540455 0.5 0.8378284 0 0.8053941 0.5 0.8053941 0 0.8053941 0 0.7729597 0.5 0.7729597 0 0.7729597 0 0.7405254 0.5 0.7405254 0 0.7405254 0 0.708091 0.5 0.708091 0 0.6917312 0 0.6496356 0.5 0.6496355 0 0.6917312 0 0.708091 0.5 0.6917312 0.5 0.2286785 0 0.2123579 0.5 0.2123579 0 0.2123579 0 0.1820211 0.5 0.1820211 0 0.9108056 0.6367918 0.9189141 1 0.9108056 1 0.8945885 0 0.902697 0.5447026 0.8945885 0.5 0.6075398 0 0.5654441 0 0.5654441 0 0.06825786 1 0.06446576 1 0.06446576 1 0.01516842 0 0 0 0 0 0.2123579 1 0.2286785 1 0.2286785 1 0.8582622 0.5 0.8690319 0.5 0.8690319 0.5 0.07584208 0 0.06825786 0 0.06825786 0 0.6075398 0 0.6496355 0 0.6496355 0 0.6496355 0 0.6075398 0 0.6075398 0 0.08342629 0 0.07584208 0 0.07584208 0 0.5632854 0 0.577326 0 0.577326 0 0.2286785 0 0.2123579 0 0.2123579 0 0.5233485 0 0.5632854 0 0.5632854 0 0.2286785 1 0.2707742 1 0.2707742 1 0.4812527 0 0.5233485 0 0.5233485 0 0.07584208 0 0.08342629 0 0.08342629 0 0.439157 0 0.4812527 0 0.4812527 0 0.06825786 0 0.07584208 0 0.07584208 0 0.708091 0 0.6917312 0 0.6917312 0 0.06446576 1 0.06825786 1 0.06825786 1 0.3970613 0 0.439157 0 0.439157 0 0.06446576 0 0.06825786 0 0.06825786 0 0.708091 1 0.7405254 1 0.7405254 1 0.06446576 0 0.06067365 0 0.06067365 0 0.3549656 0 0.3970613 0 0.3970613 0 0.07584208 1 0.06825786 1 0.06825786 1 0.3128699 0 0.3549656 0 0.3549656 0 0.08342629 1 0.07584208 1 0.07584208 1 0.6917313 1 0.708091 1 0.708091 1 0.1146485 1 0.1264674 1 0.1264674 1 0.2707742 0 0.3128699 0 0.3128699 0 0.09101051 1 0.08342629 1 0.08342629 1 0.6917312 0 0.6496355 0 0.6496355 0 0.1028295 1 0.1146485 1 0.1146485 1 0.2286785 0 0.2707742 0 0.2707742 0 0.1028295 0 0.09101051 0 0.09101051 0 0.3128699 1 0.2707742 1 0.2707742 1 0.9189141 0.844121 0.9270228 1 0.9270228 1 0 0 0.01516842 0 0.01516842 0 0.7405254 0 0.708091 0 0.708091 0 0.1146485 0 0.1028295 0 0.1028295 0 0.3549656 1 0.3128699 1 0.3128699 1 0.1820211 1 0.2123579 1 0.2123579 1 0.03033679 1 0.01516836 1 0.01516836 1 0.7729597 0 0.7405254 0 0.7405254 0 0.8233774 0.5 0.8474925 0.5 0.8474925 0.5 0.3970613 1 0.3549656 1 0.3549656 1 0.1564563 1 0.1601408 1 0.1601408 1 0.1564563 0 0.1601409 0 0.1601409 0 0.8053941 0 0.7729597 0 0.7729597 0 0.8690319 0.5 0.8864799 0.5 0.8864799 0.5 0.439157 1 0.3970613 1 0.3970613 1 0.1264674 1 0.1564563 1 0.1564563 1 0.8378284 0 0.8053941 0 0.8053941 0 0.1601408 1 0.1820211 1 0.1820211 1 0.4812527 1 0.439157 1 0.439157 1 0.09101051 1 0.1028295 1 0.1028295 1 0.8702628 0 0.8540456 0 0.8540456 0 0.1601409 0 0.1564563 0 0.1564563 0 0.5233485 1 0.4812527 1 0.4812527 1 0.06067365 1 0.06446576 1 0.06446576 1 0.9189141 1 0.9108056 1 0.9108056 1 0.9026971 0 0.8945885 0 0.8945885 0 0.5632854 1 0.5233485 1 0.5233485 1 0.03033679 1 0.06067365 1 0.06067365 1 0.9270228 1 0.9189141 1 0.9189141 1 0.9351313 0 0.9270228 0 0.9270228 0 0.6075398 1 0.577326 1 0.577326 1 0.03033685 0 0.01516842 0 0.01516842 0 0.9675657 0 0.9351313 0 0.9351313 0 1 0 1 0 1 0 0.6496356 1 0.6075398 1 0.6075398 1 0.06067365 0 0.03033685 0 0.03033685 0 0.902697 1 0.8945885 1 0.8945885 1 0.9675657 1 1 1 1 1 1 1 1 1 1 1 0.6917313 1 0.6496356 1 0.6496356 1 0.09101051 0 0.08342629 0 0.08342629 0 0.9351313 1 0.9675657 1 0.9675657 1 1 0 1 0 1 0 0.1264674 0 0.1146485 0 0.1146485 0 0.8945885 1 0.8864799 1 0.8864799 1 0.902697 1 0.9108056 1 0.9108056 1 1 0 1 0 1 0 0.1564563 0 0.1264674 0 0.1264674 0 0.8702627 1 0.8864799 1 0.8864799 1 1 0 1 0 1 0 0.1820211 0 0.1601409 0 0.1601409 0 0.8702627 1 0.8621541 1 0.8621541 1 0.8378283 1 0.8540455 1 0.8540455 1 0.9108056 0.6903433 0.9189141 0.844121 0.9189141 0.844121 1 0 1 0 1 0 0.805394 1 0.8378283 1 0.8378283 1 0.8945885 0.5269448 0.9026971 0.5889464 0.9026971 0.5889464 1 1 1 1 1 1 0.7729597 1 0.805394 1 0.805394 1 1 1 1 1 1 1 0.7405254 1 0.7729597 1 0.7729597 1 1 1 1 1 1 1 0.7729597 1 0.7405254 1 0.7405254 1 0.8621541 1 0.8540455 1 0.8540455 1 1 1 1 1 1 1 0.805394 1 0.7729597 1 0.7729597 1 0.8053941 0 0.8053941 0.5 0.8053941 0.5 0.8378283 1 0.805394 1 0.805394 1 1 0 1 0 1 0 0.8540455 1 0.8378283 1 0.8378283 1 0.8540456 0 0.8378284 0 0.8378284 0 0.1601409 0 0.1820211 0 0.1820211 0 1 0 1 0 1 0 0.8864799 1 0.8702627 1 0.8702627 1 0.8540455 1 0.8702627 1 0.8702627 1 0.1264674 0 0.1564563 0 0.1564563 0 1 0 1 0 1 0 0.9108056 1 0.902697 1 0.902697 1 0.1146485 0 0.1264674 0 0.1264674 0 0.9026971 0.5889464 0.9108056 0.6903433 0.9108056 0.6903433 1 0 1 0 1 0 0.8474925 0.5 0.8582622 0.5 0.8582622 0.5 0.8864799 0 0.8702628 0 0.8702628 0 0.08342629 0 0.09101051 0 0.09101051 0 0.6496356 1 0.6917313 1 0.6917313 1 1 1 1 1 1 1 0.7729597 0 0.8053941 0 0.8053941 0 0.8864799 1 0.8945885 1 0.8945885 1 0.03033685 0 0.06067365 0 0.06067365 0 0.6075398 1 0.6496356 1 0.6496356 1 1 1 1 1 1 1 0.7405254 0 0.7729597 0 0.7729597 0 0.01516842 0 0.03033685 0 0.03033685 0 0.5654442 1 0.6075398 1 0.6075398 1 1 1 1 1 1 1 0.708091 0 0.7405254 0 0.7405254 0 0.8945885 0 0.8864799 0 0.8864799 0 0.06067365 1 0.03033679 1 0.03033679 1 0.5233485 1 0.5654442 1 0.5654442 1 1 1 1 1 1 1 0.8945885 1 0.902697 1 0.902697 1 0.06446576 1 0.06067365 1 0.06067365 1 0.4812527 1 0.5233485 1 0.5233485 1 0.6496355 0 0.6917312 0 0.6917312 0 0.1028295 1 0.09101051 1 0.09101051 1 0.439157 1 0.4812527 1 0.4812527 1 0.708091 1 0.6917313 1 0.6917313 1 0.9108057 0 0.9026971 0 0.9026971 0 0.1564563 1 0.1264674 1 0.1264674 1 0.3970613 1 0.439157 1 0.439157 1 0.9189142 0 0.9108057 0 0.9108057 0 0.1601408 1 0.1564563 1 0.1564563 1 0.3549656 1 0.3970613 1 0.3970613 1 0.7405254 1 0.708091 1 0.708091 1 0.9270228 0 0.9189142 0 0.9189142 0 0.2123579 1 0.1820211 1 0.1820211 1 0.3128699 1 0.3549656 1 0.3549656 1 0.6917312 0 0.708091 0 0.708091 0 0.9270228 1 0.9351313 1 0.9351313 1 0.2707742 1 0.3128699 1 0.3128699 1 0.1820211 1 0.1601408 1 0.1601408 1 0.9189141 1 0.9270228 1 0.9270228 1 0.2707742 0 0.2286785 0 0.2286785 0 0.2707742 1 0.2286785 1 0.2286785 1 0.9108056 1 0.9189141 1 0.9189141 1 0.3128699 0 0.2707742 0 0.2707742 0 0.2123579 0 0.2286785 0 0.2286785 0 0.01516836 1 0.03033679 1 0.03033679 1 1 1 1 0 1 0 0.3549656 0 0.3128699 0 0.3128699 0 0.1028295 0 0.1146485 0 0.1146485 0 0.577326 0 0.6075398 0 0.6075398 0 0.3970613 0 0.3549656 0 0.3549656 0 0.09101051 0 0.1028295 0 0.1028295 0 0.2286785 1 0.2123579 1 0.2123579 1 0.439157 0 0.3970613 0 0.3970613 0 0.1146485 1 0.1028295 1 0.1028295 1 0.1820211 0 0.2123579 0 0.2123579 0 1 0 0.9675657 0 0.9675657 0 0.08342629 1 0.09101051 1 0.09101051 1 0.4812527 0 0.439157 0 0.439157 0 0.1264674 1 0.1146485 1 0.1146485 1 0.01516836 1 0 1 0 1 0.8864799 0.5 0.8945885 0.5269448 0.8945885 0.5269448 0.07584208 1 0.08342629 1 0.08342629 1 0.5233485 0 0.4812527 0 0.4812527 0 0.577326 1 0.5632854 1 0.5632854 1 0.06825786 1 0.07584208 1 0.07584208 1 0.5654441 0 0.5233485 0 0.5233485 0 0.06067365 0 0.06446576 0 0.06446576 0 0 1 0.01516836 1 0.01516836 1 0.2123579 0 0.1820211 0 0.1820211 0 0.8053941 0.5 0.8233774 0.5 0.8233774 0.5 0.06825786 0 0.06446576 0 0.06446576 0 1 1 1 1 1 0 0.1820211 1 0.2123579 1 0.2123579 0.5 0.2123579 1 0.2286785 1 0.2286785 0.5 0.6917312 0.5 0.6917313 1 0.708091 1 0.6496356 1 0.6917313 1 0.6917312 0.5 0.708091 1 0.7405254 1 0.7405254 0.5 0.7405254 1 0.7729597 1 0.7729597 0.5 0.7729597 1 0.805394 1 0.8053941 0.5 0.805394 1 0.8378283 1 0.8378284 0.5 0.8540455 0.5 0.8540455 1 0.8702627 1 0.9026971 0 0.902697 0.5447026 0.9108056 0.6367918 1 1 1 0 1 0 0.9270228 0.9476639 0.9351313 1 0.9351313 0 0.2286785 1 0.2707742 1 0.2707742 0.5 0.2707742 0.5 0.2707742 1 0.3128699 1 0.3128699 0.5 0.3128699 1 0.3549656 1 0.3549656 0.5 0.3549656 1 0.3970613 1 0.3970613 0.5 0.3970613 1 0.439157 1 0.439157 0.5 0.439157 1 0.4812527 1 0.4812527 0.5 0.4812527 1 0.5233485 1 0.5233485 0.5 0.5233485 1 0.5654442 1 0.5654441 0.5 0.5654442 1 0.6075398 1 0.6075398 0.5 0.6075398 1 0.6496356 1 0.01516842 0.5 0.01516836 1 0.03033679 1 0.03033679 1 0.06067365 1 0.06067365 0.5 0.08342629 1 0.09101051 1 0.09101051 0.5 0.1146485 1 0.1264674 1 0.1264674 0.5 0.1264674 1 0.1564563 1 0.1564563 0.5 0.1601408 1 0.1820211 1 0.1820211 0.5 0.8378283 1 0.8540455 1 0.8540455 0.5 0.8702628 0.5 0.8702627 1 0.8864799 1 0.8864799 0.5 0.8864799 1 0.8945885 1 0.9189141 0.7867576 0.9270228 0.9476639 0.9270228 0 0.9351313 1 0.9675657 1 0.9675657 0 0.9108056 0.6367918 0.9189141 0.7867576 0.9189142 0 0 1 0.01516836 1 0.01516842 0.5 0.06446576 1 0.06825786 1 0.06825786 0.5 0.06825786 1 0.07584208 1 0.07584208 0.5 0.07584208 1 0.08342629 1 0.08342629 0.5 0.06067365 1 0.06446576 1 0.06446576 0.5 0.09101051 1 0.1028295 1 0.1028295 0.5 0.1028295 1 0.1146485 1 0.1146485 0.5 0.1564563 1 0.1601408 1 0.1601408 0.5 0.9675657 1 1 1 1 0 1 1 1 0 1 0 1 1 1 0 1 0 1 1 1 0 1 0 1 1 1 0 1 0 1 1 1 1 1 0 1 1 1 1 1 0 1 1 1 1 1 0 0.1601408 0.5 0.1601408 1 0.1564563 1 0.1028295 0.5 0.1028295 1 0.09101051 1 0.06446576 0.5 0.06446576 1 0.06067365 1 0.07584208 0.5 0.07584208 1 0.06825786 1 0.01516842 0.5 0.01516836 1 0 1 0.06825786 0.5 0.06825786 1 0.06446576 1 0.8864799 0.5 0.8945885 0.5269448 0.8945885 1 0.8690319 0.5 0.8864799 0.5 0.8864799 1 0.8474925 0.5 0.8540455 1 0.8378283 1 0.1820211 0.5 0.1820211 1 0.1601408 1 0.08342629 0.5 0.08342629 1 0.07584208 1 0.3549656 0.5 0.3970613 0.5 0.3970613 1 0.3970613 0.5 0.439157 0.5 0.439157 1 0.439157 0.5 0.4812527 0.5 0.4812527 1 0.4812527 0.5 0.5233485 0.5 0.5233485 1 0.5233485 0.5 0.5632854 0.5 0.5632854 1 0.577326 0.5 0.6075398 0.5 0.6075398 1 0.6075398 0.5 0.6496356 0.5 0.6496356 1 0.01516842 0.5 0.03033679 0.5 0.03033679 1 0.06067365 0.5 0.06067365 1 0.03033679 1 0.8582622 0.5 0.8690319 0.5 0.8702627 1 0.8233774 0.5 0.8378283 1 0.805394 1 0.2707742 0.5 0.3128699 0.5 0.3128699 1 0.8053941 0.5 0.805394 1 0.7729597 1 0.09101051 0.5 0.09101051 1 0.08342629 1 0.1264674 0.5 0.1264674 1 0.1146485 1 0.7729597 0.5 0.7729597 1 0.7405254 1 0.1564563 0.5 0.1564563 1 0.1264674 1 0.7405254 0.5 0.7405254 1 0.708091 1 0.6917312 0.5 0.6917313 1 0.6496356 1 0.1146485 0.5 0.1146485 1 0.1028295 1 0.2123579 0.5 0.2123579 1 0.1820211 1 0.2286785 0.5 0.2286785 1 0.2123579 1 0.708091 0.5 0.708091 1 0.6917313 1 0.2707742 0.5 0.2707742 1 0.2286785 1 0.3128699 0.5 0.3549656 0.5 0.3549656 1 0.5632854 0.5 0.577326 0.5 0.577326 1 0.5632854 0 0.577326 0 0.577326 0.5 0.3128699 0 0.3549656 0 0.3549656 0.5 0.2707742 0 0.2707742 0.5 0.2286785 0.5 0.708091 0 0.708091 0.5 0.6917312 0.5 0.2286785 0 0.2286785 0.5 0.2123579 0.5 0.2123579 0 0.2123579 0.5 0.1820211 0.5 0.1146485 0 0.1146485 0.5 0.1028295 0.5 0.6917312 0 0.6917312 0.5 0.6496356 0.5 0.7405254 0 0.7405254 0.5 0.708091 0.5 0.1564563 0 0.1564563 0.5 0.1264674 0.5 0.7729597 0 0.7729597 0.5 0.7405254 0.5 0.1264674 0 0.1264674 0.5 0.1146485 0.5 0.09101051 0 0.09101051 0.5 0.08342629 0.5 0.8053941 0 0.8053941 0.5 0.7729597 0.5 0.2707742 0 0.3128699 0 0.3128699 0.5 0.8582622 0.5 0.8621541 1 0.8540455 1 0.06067365 0 0.06067365 0.5 0.03033679 0.5 0.01516842 0 0.03033685 0 0.03033679 0.5 0.6075398 0 0.6496355 0 0.6496356 0.5 0.577326 0 0.6075398 0 0.6075398 0.5 0.5233485 0 0.5632854 0 0.5632854 0.5 0.4812527 0 0.5233485 0 0.5233485 0.5 0.439157 0 0.4812527 0 0.4812527 0.5 0.3970613 0 0.439157 0 0.439157 0.5 0.3549656 0 0.3970613 0 0.3970613 0.5 0.08342629 0 0.08342629 0.5 0.07584208 0.5 0.1820211 0 0.1820211 0.5 0.1601408 0.5 0.06825786 0 0.06825786 0.5 0.06446576 0.5 0.01516842 0 0.01516842 0.5 0 0.5 0.07584208 0 0.07584208 0.5 0.06825786 0.5 0.06446576 0 0.06446576 0.5 0.06067365 0.5 0.1028295 0 0.1028295 0.5 0.09101051 0.5 0.1601409 0 0.1601408 0.5 0.1564563 0.5 0.902697 0.5447026 0.902697 1 0.9108056 1 0.8945885 0.5 0.8945885 1 0.902697 1 0.9189141 1 0.9108056 1 0.9108056 0.6903433 0.902697 1 0.8945885 1 0.8945885 0.5269448 0.9108056 1 0.902697 1 0.9026971 0.5889464 0.9189141 0.7867576 0.9189141 1 0.9270228 1 0.1564563 0.5 0.1601408 0.5 0.1601409 0 0.1028295 0.5 0.1146485 0.5 0.1146485 0 0.09101051 0.5 0.1028295 0.5 0.1028295 0 0.06067365 0.5 0.06446576 0.5 0.06446576 0 0.07584208 0.5 0.08342629 0.5 0.08342629 0 0.06825786 0.5 0.07584208 0.5 0.07584208 0 0.06446576 0.5 0.06825786 0.5 0.06825786 0 0 0.5 0.01516842 0.5 0.01516842 0 0.8864799 0 0.8864799 0.5 0.8945885 0.5 0.8702628 0 0.8702628 0.5 0.8864799 0.5 0.8378284 0.5 0.8540455 0.5 0.8540456 0 0.1601408 0.5 0.1820211 0.5 0.1820211 0 0.1264674 0.5 0.1564563 0.5 0.1564563 0 0.1146485 0.5 0.1264674 0.5 0.1264674 0 0.08342629 0.5 0.09101051 0.5 0.09101051 0 0.03033679 0.5 0.06067365 0.5 0.06067365 0 0.01516842 0 0.01516842 0.5 0.03033679 0.5 0.6075398 0 0.6075398 0.5 0.6496356 0.5 0.5654441 0 0.5654441 0.5 0.6075398 0.5 0.5233485 0 0.5233485 0.5 0.5654441 0.5 0.4812527 0 0.4812527 0.5 0.5233485 0.5 0.439157 0 0.439157 0.5 0.4812527 0.5 0.3970613 0 0.3970613 0.5 0.439157 0.5 0.3549656 0 0.3549656 0.5 0.3970613 0.5 0.3128699 0 0.3128699 0.5 0.3549656 0.5 0.2707742 0 0.2707742 0.5 0.3128699 0.5 0.2286785 0.5 0.2707742 0.5 0.2707742 0 0.8540456 0 0.8540455 0.5 0.8702628 0.5 0.8053941 0.5 0.8378284 0.5 0.8378284 0 0.7729597 0.5 0.8053941 0.5 0.8053941 0 0.7405254 0.5 0.7729597 0.5 0.7729597 0 0.708091 0.5 0.7405254 0.5 0.7405254 0 0.6496356 0.5 0.6917312 0.5 0.6917312 0 0.6917312 0 0.6917312 0.5 0.708091 0.5 0.2123579 0.5 0.2286785 0.5 0.2286785 0 0.1820211 0.5 0.2123579 0.5 0.2123579 0 0.9108056 0.6367918 0.9108056 1 0.9189141 1 0.8945885 0 0.8945885 0.5 0.902697 0.5447026 1 1 1 0 1 0 0.2123579 0.5 0.2123579 1 0.1820211 1 0.2286785 0.5 0.2286785 1 0.2123579 1 0.6917312 0.5 0.708091 0.5 0.708091 1 0.6917312 0.5 0.6917313 1 0.6496356 1 0.7405254 0.5 0.7405254 1 0.708091 1 0.7729597 0.5 0.7729597 1 0.7405254 1 0.8053941 0.5 0.805394 1 0.7729597 1 0.8378284 0.5 0.8378283 1 0.805394 1 0.8540455 0.5 0.8702628 0.5 0.8702627 1 0.9026971 0 0.9108057 0 0.9108056 0.6367918 1 0 1 0 1 1 0.9351313 0 0.9351313 1 0.9270228 0.9476639 0.2707742 0.5 0.2707742 1 0.2286785 1 0.2707742 0.5 0.3128699 0.5 0.3128699 1 0.3128699 0.5 0.3549656 0.5 0.3549656 1 0.3549656 0.5 0.3970613 0.5 0.3970613 1 0.3970613 0.5 0.439157 0.5 0.439157 1 0.439157 0.5 0.4812527 0.5 0.4812527 1 0.4812527 0.5 0.5233485 0.5 0.5233485 1 0.5233485 0.5 0.5654441 0.5 0.5654442 1 0.5654441 0.5 0.6075398 0.5 0.6075398 1 0.6075398 0.5 0.6496356 0.5 0.6496356 1 0.01516842 0.5 0.03033679 0.5 0.03033679 1 0.06067365 0.5 0.06067365 1 0.03033679 1 0.09101051 0.5 0.09101051 1 0.08342629 1 0.1264674 0.5 0.1264674 1 0.1146485 1 0.1564563 0.5 0.1564563 1 0.1264674 1 0.1820211 0.5 0.1820211 1 0.1601408 1 0.8540455 0.5 0.8540455 1 0.8378283 1 0.8702628 0.5 0.8864799 0.5 0.8864799 1 0.8864799 0.5 0.8945885 0.5 0.8945885 1 0.9270228 0 0.9270228 0.9476639 0.9189141 0.7867576 0.9675657 0 0.9675657 1 0.9351313 1 0.9189142 0 0.9189141 0.7867576 0.9108056 0.6367918 0.01516842 0.5 0.01516836 1 0 1 0.06825786 0.5 0.06825786 1 0.06446576 1 0.07584208 0.5 0.07584208 1 0.06825786 1 0.08342629 0.5 0.08342629 1 0.07584208 1 0.06446576 0.5 0.06446576 1 0.06067365 1 0.1028295 0.5 0.1028295 1 0.09101051 1 0.1146485 0.5 0.1146485 1 0.1028295 1 0.1601408 0.5 0.1601408 1 0.1564563 1 1 0 1 1 0.9675657 1 1 0 1 0 1 1 1 0 1 0 1 1 1 0 1 0 1 1 1 0 1 0 1 1 1 1 1 0 1 0 1 1 1 0 1 0 1 1 1 0 1 0 0.1564563 1 0.1601408 1 0.1601408 0.5 0.09101051 1 0.1028295 1 0.1028295 0.5 0.06067365 1 0.06446576 1 0.06446576 0.5 0.06825786 1 0.07584208 1 0.07584208 0.5 0 1 0.01516836 1 0.01516842 0.5 0.06446576 1 0.06825786 1 0.06825786 0.5 0.8864799 0.5 0.8864799 1 0.8945885 1 0.8690319 0.5 0.8702627 1 0.8864799 1 0.8378283 1 0.8540455 1 0.8474925 0.5 0.1601408 1 0.1820211 1 0.1820211 0.5 0.07584208 1 0.08342629 1 0.08342629 0.5 0.3549656 0.5 0.3549656 1 0.3970613 1 0.3970613 0.5 0.3970613 1 0.439157 1 0.439157 0.5 0.439157 1 0.4812527 1 0.4812527 0.5 0.4812527 1 0.5233485 1 0.5233485 0.5 0.5233485 1 0.5632854 1 0.577326 0.5 0.577326 1 0.6075398 1 0.6075398 0.5 0.6075398 1 0.6496356 1 0.01516842 0.5 0.01516836 1 0.03033679 1 0.03033679 1 0.06067365 1 0.06067365 0.5 0.8582622 0.5 0.8621541 1 0.8702627 1 0.805394 1 0.8378283 1 0.8233774 0.5 0.2707742 0.5 0.2707742 1 0.3128699 1 0.7729597 1 0.805394 1 0.8053941 0.5 0.08342629 1 0.09101051 1 0.09101051 0.5 0.1146485 1 0.1264674 1 0.1264674 0.5 0.7405254 1 0.7729597 1 0.7729597 0.5 0.1264674 1 0.1564563 1 0.1564563 0.5 0.708091 1 0.7405254 1 0.7405254 0.5 0.6496356 1 0.6917313 1 0.6917312 0.5 0.1028295 1 0.1146485 1 0.1146485 0.5 0.1820211 1 0.2123579 1 0.2123579 0.5 0.2123579 1 0.2286785 1 0.2286785 0.5 0.6917313 1 0.708091 1 0.708091 0.5 0.2286785 1 0.2707742 1 0.2707742 0.5 0.3128699 0.5 0.3128699 1 0.3549656 1 0.5632854 0.5 0.5632854 1 0.577326 1 0.5632854 0 0.5632854 0.5 0.577326 0.5 0.3128699 0 0.3128699 0.5 0.3549656 0.5 0.2286785 0.5 0.2707742 0.5 0.2707742 0 0.6917312 0.5 0.708091 0.5 0.708091 0 0.2123579 0.5 0.2286785 0.5 0.2286785 0 0.1820211 0.5 0.2123579 0.5 0.2123579 0 0.1028295 0.5 0.1146485 0.5 0.1146485 0 0.6496356 0.5 0.6917312 0.5 0.6917312 0 0.708091 0.5 0.7405254 0.5 0.7405254 0 0.1264674 0.5 0.1564563 0.5 0.1564563 0 0.7405254 0.5 0.7729597 0.5 0.7729597 0 0.1146485 0.5 0.1264674 0.5 0.1264674 0 0.08342629 0.5 0.09101051 0.5 0.09101051 0 0.7729597 0.5 0.8053941 0.5 0.8053941 0 0.2707742 0 0.2707742 0.5 0.3128699 0.5 0.8540455 1 0.8621541 1 0.8582622 0.5 0.03033679 0.5 0.06067365 0.5 0.06067365 0 0.01516842 0 0.01516842 0.5 0.03033679 0.5 0.6075398 0 0.6075398 0.5 0.6496356 0.5 0.577326 0 0.577326 0.5 0.6075398 0.5 0.5233485 0 0.5233485 0.5 0.5632854 0.5 0.4812527 0 0.4812527 0.5 0.5233485 0.5 0.439157 0 0.439157 0.5 0.4812527 0.5 0.3970613 0 0.3970613 0.5 0.439157 0.5 0.3549656 0 0.3549656 0.5 0.3970613 0.5 0.07584208 0.5 0.08342629 0.5 0.08342629 0 0.1601408 0.5 0.1820211 0.5 0.1820211 0 0.06446576 0.5 0.06825786 0.5 0.06825786 0 0 0.5 0.01516842 0.5 0.01516842 0 0.06825786 0.5 0.07584208 0.5 0.07584208 0 0.06067365 0.5 0.06446576 0.5 0.06446576 0 0.09101051 0.5 0.1028295 0.5 0.1028295 0 0.1564563 0.5 0.1601408 0.5 0.1601409 0 0.902697 0.5447026 0.9108056 0.6367918 0.9108056 1 0.8945885 0.5 0.902697 0.5447026 0.902697 1 0.9108056 0.6903433 0.9108056 1 0.9189141 1 0.8945885 0.5269448 0.8945885 1 0.902697 1 0.9026971 0.5889464 0.902697 1 0.9108056 1 0.9189141 0.7867576 0.9270228 0.9476639 0.9270228 1 0.1601409 0 0.1601408 0.5 0.1564563 0.5 0.1146485 0 0.1146485 0.5 0.1028295 0.5 0.1028295 0 0.1028295 0.5 0.09101051 0.5 0.06446576 0 0.06446576 0.5 0.06067365 0.5 0.08342629 0 0.08342629 0.5 0.07584208 0.5 0.07584208 0 0.07584208 0.5 0.06825786 0.5 0.06825786 0 0.06825786 0.5 0.06446576 0.5 0.01516842 0 0.01516842 0.5 0 0.5 0.8864799 0 0.8945885 0 0.8945885 0.5 0.8702628 0 0.8864799 0 0.8864799 0.5 0.8540456 0 0.8540455 0.5 0.8378284 0.5 0.1820211 0 0.1820211 0.5 0.1601408 0.5 0.1564563 0 0.1564563 0.5 0.1264674 0.5 0.1264674 0 0.1264674 0.5 0.1146485 0.5 0.09101051 0 0.09101051 0.5 0.08342629 0.5 0.06067365 0 0.06067365 0.5 0.03033679 0.5 0.01516842 0 0.03033685 0 0.03033679 0.5 0.6075398 0 0.6496355 0 0.6496356 0.5 0.5654441 0 0.6075398 0 0.6075398 0.5 0.5233485 0 0.5654441 0 0.5654441 0.5 0.4812527 0 0.5233485 0 0.5233485 0.5 0.439157 0 0.4812527 0 0.4812527 0.5 0.3970613 0 0.439157 0 0.439157 0.5 0.3549656 0 0.3970613 0 0.3970613 0.5 0.3128699 0 0.3549656 0 0.3549656 0.5 0.2707742 0 0.3128699 0 0.3128699 0.5 0.2707742 0 0.2707742 0.5 0.2286785 0.5 0.8540456 0 0.8702628 0 0.8702628 0.5 0.8378284 0 0.8378284 0.5 0.8053941 0.5 0.8053941 0 0.8053941 0.5 0.7729597 0.5 0.7729597 0 0.7729597 0.5 0.7405254 0.5 0.7405254 0 0.7405254 0.5 0.708091 0.5 0.6917312 0 0.6917312 0.5 0.6496356 0.5 0.6917312 0 0.708091 0 0.708091 0.5 0.2286785 0 0.2286785 0.5 0.2123579 0.5 0.2123579 0 0.2123579 0.5 0.1820211 0.5 0.9108056 0.6367918 0.9189141 0.7867576 0.9189141 1 0.8945885 0 0.9026971 0 0.902697 0.5447026 0.6075398 0 0.6075398 0 0.5654441 0 0.06825786 1 0.06825786 1 0.06446576 1 0.01516842 0 0.01516842 0 0 0 0.2123579 1 0.2123579 1 0.2286785 1 0.8582622 0.5 0.8582622 0.5 0.8690319 0.5 0.07584208 0 0.07584208 0 0.06825786 0 0.6075398 0 0.6075398 0 0.6496355 0 0.6496355 0 0.6496355 0 0.6075398 0 0.08342629 0 0.08342629 0 0.07584208 0 0.5632854 0 0.5632854 0 0.577326 0 0.2286785 0 0.2286785 0 0.2123579 0 0.5233485 0 0.5233485 0 0.5632854 0 0.2286785 1 0.2286785 1 0.2707742 1 0.4812527 0 0.4812527 0 0.5233485 0 0.07584208 0 0.07584208 0 0.08342629 0 0.439157 0 0.439157 0 0.4812527 0 0.06825786 0 0.06825786 0 0.07584208 0 0.708091 0 0.708091 0 0.6917312 0 0.06446576 1 0.06446576 1 0.06825786 1 0.3970613 0 0.3970613 0 0.439157 0 0.06446576 0 0.06446576 0 0.06825786 0 0.708091 1 0.708091 1 0.7405254 1 0.06446576 0 0.06446576 0 0.06067365 0 0.3549656 0 0.3549656 0 0.3970613 0 0.07584208 1 0.07584208 1 0.06825786 1 0.3128699 0 0.3128699 0 0.3549656 0 0.08342629 1 0.08342629 1 0.07584208 1 0.6917313 1 0.6917313 1 0.708091 1 0.1146485 1 0.1146485 1 0.1264674 1 0.2707742 0 0.2707742 0 0.3128699 0 0.09101051 1 0.09101051 1 0.08342629 1 0.6917312 0 0.6917312 0 0.6496355 0 0.1028295 1 0.1028295 1 0.1146485 1 0.2286785 0 0.2286785 0 0.2707742 0 0.1028295 0 0.1028295 0 0.09101051 0 0.3128699 1 0.3128699 1 0.2707742 1 0.9189141 0.844121 0.9189141 0.844121 0.9270228 1 0 0 0 0 0.01516842 0 0.7405254 0 0.7405254 0 0.708091 0 0.1146485 0 0.1146485 0 0.1028295 0 0.3549656 1 0.3549656 1 0.3128699 1 0.1820211 1 0.1820211 1 0.2123579 1 0.03033679 1 0.03033679 1 0.01516836 1 0.7729597 0 0.7729597 0 0.7405254 0 0.8233774 0.5 0.8233774 0.5 0.8474925 0.5 0.3970613 1 0.3970613 1 0.3549656 1 0.1564563 1 0.1564563 1 0.1601408 1 0.1564563 0 0.1564563 0 0.1601409 0 0.8053941 0 0.8053941 0 0.7729597 0 0.8690319 0.5 0.8690319 0.5 0.8864799 0.5 0.439157 1 0.439157 1 0.3970613 1 0.1264674 1 0.1264674 1 0.1564563 1 0.8378284 0 0.8378284 0 0.8053941 0 0.1601408 1 0.1601408 1 0.1820211 1 0.4812527 1 0.4812527 1 0.439157 1 0.09101051 1 0.09101051 1 0.1028295 1 0.8702628 0 0.8702628 0 0.8540456 0 0.1601409 0 0.1601409 0 0.1564563 0 0.5233485 1 0.5233485 1 0.4812527 1 0.06067365 1 0.06067365 1 0.06446576 1 0.9189141 1 0.9189141 1 0.9108056 1 0.9026971 0 0.9026971 0 0.8945885 0 0.5632854 1 0.5632854 1 0.5233485 1 0.03033679 1 0.03033679 1 0.06067365 1 0.9270228 1 0.9270228 1 0.9189141 1 0.9351313 0 0.9351313 0 0.9270228 0 0.6075398 1 0.6075398 1 0.577326 1 0.03033685 0 0.03033685 0 0.01516842 0 0.9675657 0 0.9675657 0 0.9351313 0 1 0 1 0 1 0 0.6496356 1 0.6496356 1 0.6075398 1 0.06067365 0 0.06067365 0 0.03033685 0 0.902697 1 0.902697 1 0.8945885 1 0.9675657 1 0.9675657 1 1 1 1 1 1 1 1 1 0.6917313 1 0.6917313 1 0.6496356 1 0.09101051 0 0.09101051 0 0.08342629 0 0.9351313 1 0.9351313 1 0.9675657 1 1 0 1 0 1 0 0.1264674 0 0.1264674 0 0.1146485 0 0.8945885 1 0.8945885 1 0.8864799 1 0.902697 1 0.902697 1 0.9108056 1 1 0 1 0 1 0 0.1564563 0 0.1564563 0 0.1264674 0 0.8702627 1 0.8702627 1 0.8864799 1 1 0 1 0 1 0 0.1820211 0 0.1820211 0 0.1601409 0 0.8702627 1 0.8702627 1 0.8621541 1 0.8378283 1 0.8378283 1 0.8540455 1 0.9108056 0.6903433 0.9108056 0.6903433 0.9189141 0.844121 1 0 1 0 1 0 0.805394 1 0.805394 1 0.8378283 1 0.8945885 0.5269448 0.8945885 0.5269448 0.9026971 0.5889464 1 1 1 1 1 1 0.7729597 1 0.7729597 1 0.805394 1 1 1 1 1 1 1 0.7405254 1 0.7405254 1 0.7729597 1 1 1 1 1 1 1 0.7729597 1 0.7729597 1 0.7405254 1 0.8621541 1 0.8621541 1 0.8540455 1 1 1 1 1 1 1 0.805394 1 0.805394 1 0.7729597 1 0.8053941 0 0.8053941 0 0.8053941 0.5 0.8378283 1 0.8378283 1 0.805394 1 1 0 1 0 1 0 0.8540455 1 0.8540455 1 0.8378283 1 0.8540456 0 0.8540456 0 0.8378284 0 0.1601409 0 0.1601409 0 0.1820211 0 1 0 1 0 1 0 0.8864799 1 0.8864799 1 0.8702627 1 0.8540455 1 0.8540455 1 0.8702627 1 0.1264674 0 0.1264674 0 0.1564563 0 1 0 1 0 1 0 0.9108056 1 0.9108056 1 0.902697 1 0.1146485 0 0.1146485 0 0.1264674 0 0.9026971 0.5889464 0.9026971 0.5889464 0.9108056 0.6903433 1 0 1 0 1 0 0.8474925 0.5 0.8474925 0.5 0.8582622 0.5 0.8864799 0 0.8864799 0 0.8702628 0 0.08342629 0 0.08342629 0 0.09101051 0 0.6496356 1 0.6496356 1 0.6917313 1 1 1 1 1 1 1 0.7729597 0 0.7729597 0 0.8053941 0 0.8864799 1 0.8864799 1 0.8945885 1 0.03033685 0 0.03033685 0 0.06067365 0 0.6075398 1 0.6075398 1 0.6496356 1 1 1 1 1 1 1 0.7405254 0 0.7405254 0 0.7729597 0 0.01516842 0 0.01516842 0 0.03033685 0 0.5654442 1 0.5654442 1 0.6075398 1 1 1 1 1 1 1 0.708091 0 0.708091 0 0.7405254 0 0.8945885 0 0.8945885 0 0.8864799 0 0.06067365 1 0.06067365 1 0.03033679 1 0.5233485 1 0.5233485 1 0.5654442 1 1 1 1 1 1 1 0.8945885 1 0.8945885 1 0.902697 1 0.06446576 1 0.06446576 1 0.06067365 1 0.4812527 1 0.4812527 1 0.5233485 1 0.6496355 0 0.6496355 0 0.6917312 0 0.1028295 1 0.1028295 1 0.09101051 1 0.439157 1 0.439157 1 0.4812527 1 0.708091 1 0.708091 1 0.6917313 1 0.9108057 0 0.9108057 0 0.9026971 0 0.1564563 1 0.1564563 1 0.1264674 1 0.3970613 1 0.3970613 1 0.439157 1 0.9189142 0 0.9189142 0 0.9108057 0 0.1601408 1 0.1601408 1 0.1564563 1 0.3549656 1 0.3549656 1 0.3970613 1 0.7405254 1 0.7405254 1 0.708091 1 0.9270228 0 0.9270228 0 0.9189142 0 0.2123579 1 0.2123579 1 0.1820211 1 0.3128699 1 0.3128699 1 0.3549656 1 0.6917312 0 0.6917312 0 0.708091 0 0.9270228 1 0.9270228 1 0.9351313 1 0.2707742 1 0.2707742 1 0.3128699 1 0.1820211 1 0.1820211 1 0.1601408 1 0.9189141 1 0.9189141 1 0.9270228 1 0.2707742 0 0.2707742 0 0.2286785 0 0.2707742 1 0.2707742 1 0.2286785 1 0.9108056 1 0.9108056 1 0.9189141 1 0.3128699 0 0.3128699 0 0.2707742 0 0.2123579 0 0.2123579 0 0.2286785 0 0.01516836 1 0.01516836 1 0.03033679 1 1 1 1 1 1 0 0.3549656 0 0.3549656 0 0.3128699 0 0.1028295 0 0.1028295 0 0.1146485 0 0.577326 0 0.577326 0 0.6075398 0 0.3970613 0 0.3970613 0 0.3549656 0 0.09101051 0 0.09101051 0 0.1028295 0 0.2286785 1 0.2286785 1 0.2123579 1 0.439157 0 0.439157 0 0.3970613 0 0.1146485 1 0.1146485 1 0.1028295 1 0.1820211 0 0.1820211 0 0.2123579 0 1 0 1 0 0.9675657 0 0.08342629 1 0.08342629 1 0.09101051 1 0.4812527 0 0.4812527 0 0.439157 0 0.1264674 1 0.1264674 1 0.1146485 1 0.01516836 1 0.01516836 1 0 1 0.8864799 0.5 0.8864799 0.5 0.8945885 0.5269448 0.07584208 1 0.07584208 1 0.08342629 1 0.5233485 0 0.5233485 0 0.4812527 0 0.577326 1 0.577326 1 0.5632854 1 0.06825786 1 0.06825786 1 0.07584208 1 0.5654441 0 0.5654441 0 0.5233485 0 0.06067365 0 0.06067365 0 0.06446576 0 0 1 0 1 0.01516836 1 0.2123579 0 0.2123579 0 0.1820211 0 0.8053941 0.5 0.8053941 0.5 0.8233774 0.5 0.06825786 0 0.06825786 0 0.06446576 0</float_array>
          <technique_common>
            <accessor source="#Plane_015-mesh-map-0-array" count="3132" stride="2">
              <param name="S" type="float"/>
              <param name="T" type="float"/>
            </accessor>
          </technique_common>
        </source>
        <vertices id="Plane_015-mesh-vertices">
          <input semantic="POSITION" source="#Plane_015-mesh-positions"/>
        </vertices>
        <triangles material="gora_dol-material" count="664">
          <input semantic="VERTEX" source="#Plane_015-mesh-vertices" offset="0"/>
          <input semantic="NORMAL" source="#Plane_015-mesh-normals" offset="1"/>
          <input semantic="TEXCOORD" source="#Plane_015-mesh-map-0" offset="2" set="0"/>
          <p>104 0 0 100 0 1 99 0 2 48 1 3 181 1 4 205 1 5 5 2 6 182 2 7 181 2 8 184 0 9 9 0 10 183 0 11 28 3 12 184 3 13 199 3 14 9 4 15 185 4 16 183 4 17 27 5 18 186 5 19 185 5 20 26 6 21 187 6 22 186 6 23 25 7 24 188 7 25 187 7 26 206 0 27 23 0 28 189 0 29 17 0 30 217 0 31 66 0 32 105 0 33 93 0 34 94 0 35 223 0 36 18 0 37 68 0 38 7 8 39 190 8 40 182 8 41 190 0 42 36 0 43 191 0 44 191 0 45 35 0 46 192 0 47 192 0 48 34 0 49 193 0 50 193 9 51 33 9 52 194 9 53 194 0 54 32 0 55 195 0 56 195 0 57 31 0 58 196 0 59 196 10 60 30 10 61 197 10 62 197 11 63 29 11 64 198 11 65 198 0 66 28 0 67 199 0 68 209 12 69 53 12 70 200 12 71 53 0 72 201 0 73 200 0 74 74 13 75 202 13 76 212 13 77 82 14 78 203 14 79 215 14 80 50 0 81 204 0 82 203 0 83 86 15 84 205 15 85 216 15 86 24 16 87 206 16 88 188 16 89 189 17 90 63 17 91 207 17 92 207 18 93 65 18 94 208 18 95 224 0 96 68 0 97 67 0 98 21 0 99 19 0 100 18 0 101 217 0 102 67 0 103 66 0 104 178 0 105 209 0 106 261 0 107 80 19 108 210 19 109 213 19 110 76 20 111 211 20 112 210 20 113 75 21 114 212 21 115 211 21 116 52 22 117 213 22 118 201 22 119 51 23 120 214 23 121 202 23 122 83 24 123 215 24 124 214 24 125 49 25 126 216 25 127 204 25 128 20 0 129 1 0 130 19 0 131 97 0 132 1 0 133 3 0 134 96 0 135 90 0 136 97 0 137 95 0 138 91 0 139 96 0 140 94 0 141 92 0 142 95 0 143 103 26 144 101 26 145 100 26 146 105 27 147 99 27 148 98 27 149 102 0 150 88 0 151 101 0 152 226 28 153 138 28 154 236 28 155 227 0 156 136 0 157 238 0 158 228 0 159 135 0 160 239 0 161 230 0 162 117 0 163 231 0 164 232 0 165 178 0 166 261 0 167 231 29 168 113 29 169 228 29 170 233 30 171 125 30 172 126 30 173 252 31 174 126 31 175 164 31 176 234 0 177 163 0 178 253 0 179 235 0 180 107 0 181 226 0 182 229 0 183 118 0 184 230 0 185 248 32 186 153 32 187 152 32 188 247 33 189 154 33 190 153 33 191 246 34 192 155 34 193 154 34 194 245 35 195 156 35 196 155 35 197 244 36 198 157 36 199 156 36 200 180 37 201 158 37 202 0 37 203 242 38 204 159 38 205 158 38 206 232 39 207 134 39 208 121 39 209 239 0 210 134 0 211 240 0 212 251 40 213 164 40 214 166 40 215 253 0 216 162 0 217 254 0 218 250 0 219 151 0 220 150 0 221 254 41 222 161 41 223 255 41 224 238 42 225 119 42 226 229 42 227 237 0 228 111 0 229 225 0 230 255 0 231 160 0 232 256 0 233 236 0 234 137 0 235 237 0 236 256 0 237 172 0 238 258 0 239 257 43 240 159 43 241 241 43 242 225 44 243 110 44 244 227 44 245 260 0 246 139 0 247 235 0 248 259 0 249 176 0 250 260 0 251 258 45 252 171 45 253 257 45 254 250 0 255 174 0 256 259 0 257 249 46 258 152 46 259 151 46 260 243 47 261 0 47 262 157 47 263 142 48 264 180 48 265 243 48 266 148 49 267 248 49 268 249 49 269 149 0 270 259 0 271 175 0 272 173 0 273 257 0 274 170 0 275 175 0 276 260 0 277 177 0 278 177 0 279 235 0 280 128 0 281 106 0 282 227 0 283 108 0 284 170 0 285 241 0 286 140 0 287 169 0 288 258 0 289 173 0 290 129 0 291 237 0 292 130 0 293 168 0 294 256 0 295 169 0 296 130 0 297 225 0 298 106 0 299 131 0 300 229 0 301 114 0 302 167 0 303 255 0 304 168 0 305 149 0 306 249 0 307 250 0 308 251 0 309 127 0 310 234 0 311 132 0 312 240 0 313 133 0 314 120 50 315 240 50 316 232 50 317 141 51 318 241 51 319 242 51 320 2 52 321 242 52 322 180 52 323 143 36 324 243 36 325 244 36 326 144 53 327 244 53 328 245 53 329 145 54 330 245 54 331 246 54 332 146 55 333 246 55 334 247 55 335 147 56 336 247 56 337 248 56 338 114 0 339 230 0 340 115 0 341 128 0 342 226 0 343 109 0 344 116 0 345 228 0 346 112 0 347 120 0 348 261 0 349 179 0 350 115 0 351 231 0 352 116 0 353 112 0 354 239 0 355 132 0 356 108 0 357 238 0 358 131 0 359 109 0 360 236 0 361 129 0 362 223 0 363 69 0 364 21 0 365 222 0 366 71 0 367 217 0 368 208 0 369 22 0 370 222 0 371 123 0 372 220 0 373 219 0 374 165 0 375 221 0 376 218 0 377 124 0 378 123 0 379 219 0 380 122 0 381 218 0 382 220 0 383 224 0 384 69 0 385 223 0 386 204 0 387 87 0 388 58 0 389 214 0 390 85 0 391 84 0 392 202 0 393 84 0 394 56 0 395 201 0 396 81 0 397 55 0 398 211 0 399 79 0 400 78 0 401 210 0 402 78 0 403 77 0 404 213 0 405 77 0 406 81 0 407 261 0 408 73 0 409 179 0 410 62 0 411 208 0 412 64 0 413 16 0 414 207 0 415 62 0 416 188 0 417 60 0 418 15 0 419 216 0 420 59 0 421 87 0 422 203 0 423 58 0 424 57 0 425 215 0 426 57 0 427 85 0 428 212 0 429 56 0 430 79 0 431 200 0 432 55 0 433 54 0 434 73 0 435 200 0 436 54 0 437 46 0 438 199 0 439 47 0 440 45 0 441 198 0 442 46 0 443 44 0 444 197 0 445 45 0 446 43 0 447 196 0 448 44 0 449 42 0 450 195 0 451 43 0 452 41 0 453 194 0 454 42 0 455 40 0 456 193 0 457 41 0 458 39 0 459 192 0 460 40 0 461 38 0 462 191 0 463 39 0 464 182 0 465 38 0 466 6 0 467 60 0 468 189 0 469 16 0 470 187 0 471 15 0 472 14 0 473 186 0 474 14 0 475 13 0 476 185 0 477 13 0 478 12 0 479 183 0 480 12 0 481 8 0 482 199 0 483 11 0 484 47 0 485 11 0 486 183 0 487 8 0 488 181 57 489 6 57 490 4 57 491 205 0 492 4 0 493 59 0 494 217 58 495 70 58 496 224 58 497 64 0 498 222 0 499 17 0 500 413 59 501 409 59 502 412 59 503 274 60 504 342 60 505 365 60 506 277 59 507 273 59 508 274 59 509 285 61 510 281 61 511 283 61 512 285 59 513 314 59 514 341 59 515 307 62 516 281 62 517 282 62 518 308 59 519 280 59 520 307 59 521 309 59 522 306 59 523 308 59 524 310 63 525 305 63 526 309 63 527 366 64 528 302 64 529 303 64 530 293 65 531 393 65 532 414 65 533 400 59 534 401 59 535 402 59 536 295 59 537 415 59 538 294 59 539 332 59 540 272 59 541 277 59 542 332 59 543 322 59 544 276 59 545 333 66 546 321 66 547 322 66 548 334 67 549 320 67 550 321 67 551 335 68 552 319 68 553 320 68 554 336 69 555 318 69 556 319 69 557 337 70 558 317 70 559 318 70 560 338 59 561 316 59 562 317 59 563 339 71 564 315 71 565 316 71 566 340 72 567 314 72 568 315 72 569 377 73 570 350 73 571 375 73 572 361 59 573 350 59 574 360 59 575 362 74 576 378 74 577 386 74 578 363 75 579 388 75 580 391 75 581 364 59 582 345 59 583 363 59 584 365 76 585 343 76 586 392 76 587 366 77 588 304 77 589 310 77 590 311 78 591 301 78 592 302 78 593 369 79 594 368 79 595 301 79 596 294 59 597 416 59 598 372 59 599 264 59 600 298 59 601 295 59 602 372 59 603 393 59 604 371 59 605 377 59 606 522 59 607 523 59 608 384 80 609 348 80 610 387 80 611 385 59 612 380 59 613 384 59 614 386 81 615 379 81 616 385 81 617 387 82 618 349 82 619 361 82 620 390 59 621 347 59 622 362 59 623 391 59 624 346 59 625 390 59 626 392 59 627 344 59 628 364 59 629 265 59 630 297 59 631 264 59 632 265 59 633 396 59 634 296 59 635 397 83 636 404 83 637 396 83 638 398 59 639 403 59 640 404 59 641 399 59 642 402 59 643 403 59 644 412 59 645 394 59 646 411 59 647 401 59 648 408 59 649 413 59 650 411 59 651 395 59 652 410 59 653 461 84 654 421 84 655 460 84 656 441 85 657 422 85 658 463 85 659 465 86 660 428 86 661 464 86 662 432 87 663 435 87 664 437 87 665 522 59 666 442 59 667 523 59 668 429 88 669 437 88 670 428 88 671 266 59 672 453 59 673 267 59 674 501 59 675 455 59 676 266 59 677 503 59 678 456 59 679 502 59 680 419 89 681 459 89 682 421 89 683 436 90 684 433 90 685 435 90 686 484 59 687 483 59 688 482 59 689 482 59 690 481 59 691 480 59 692 480 91 693 479 91 694 478 91 695 478 59 696 477 59 697 476 59 698 476 59 699 268 59 700 475 59 701 262 92 702 474 92 703 473 92 704 473 93 705 472 93 706 471 93 707 442 59 708 446 59 709 466 59 710 446 59 711 464 59 712 466 59 713 406 59 714 458 59 715 501 59 716 505 59 717 502 59 718 504 59 719 488 59 720 487 59 721 486 59 722 507 94 723 504 94 724 506 94 725 434 95 726 463 95 727 433 95 728 418 96 729 462 96 730 417 96 731 509 97 732 506 97 733 508 97 734 427 59 735 460 59 736 462 59 737 516 98 738 508 98 739 517 98 740 472 99 741 514 99 742 471 99 743 423 100 744 417 100 745 422 100 746 420 101 747 521 101 748 459 101 749 470 102 750 518 102 751 521 102 752 500 103 753 517 103 754 514 103 755 519 104 756 488 104 757 518 104 758 486 59 759 485 59 760 484 59 761 475 105 762 269 105 763 262 105 764 491 106 765 262 106 766 263 106 767 497 59 768 484 59 769 496 59 770 518 59 771 498 59 772 499 59 773 514 59 774 513 59 775 515 59 776 521 107 777 499 107 778 520 107 779 459 59 780 520 59 781 467 59 782 422 59 783 424 59 784 425 59 785 471 59 786 515 59 787 490 59 788 517 59 789 512 59 790 513 59 791 462 59 792 448 59 793 468 59 794 508 59 795 511 59 796 512 59 797 417 59 798 468 59 799 424 59 800 433 59 801 426 59 802 438 59 803 506 59 804 510 59 805 511 59 806 498 59 807 486 59 808 497 59 809 457 59 810 406 59 811 456 59 812 466 59 813 431 59 814 469 59 815 444 59 816 466 59 817 469 59 818 376 59 819 471 59 820 490 59 821 263 59 822 473 59 823 376 59 824 492 59 825 475 59 826 491 59 827 493 59 828 476 59 829 492 59 830 494 59 831 478 59 832 493 59 833 495 59 834 480 59 835 494 59 836 496 59 837 482 59 838 495 59 839 435 59 840 438 59 841 439 59 842 421 59 843 467 59 844 447 59 845 428 59 846 440 59 847 430 59 848 523 59 849 444 59 850 445 59 851 437 59 852 439 59 853 440 59 854 464 59 855 430 59 856 431 59 857 463 59 858 425 59 859 426 59 860 460 59 861 447 59 862 448 59 863 415 108 864 298 108 865 373 108 866 414 109 867 299 109 868 300 109 869 370 110 870 300 110 871 368 110 872 313 59 873 450 59 874 449 59 875 267 59 876 454 59 877 312 59 878 452 59 879 449 59 880 450 59 881 312 59 882 451 59 883 313 59 884 416 59 885 373 59 886 374 59 887 359 59 888 364 59 889 358 59 890 356 59 891 390 59 892 389 59 893 389 59 894 362 59 895 355 59 896 381 59 897 361 59 898 353 59 899 354 59 900 385 59 901 383 59 902 383 59 903 384 59 904 382 59 905 382 59 906 387 59 907 381 59 908 351 59 909 523 59 910 445 59 911 367 111 912 370 111 913 369 111 914 291 112 915 369 112 916 311 112 917 290 59 918 310 59 919 289 59 920 270 59 921 392 59 922 359 59 923 358 59 924 363 59 925 357 59 926 357 59 927 391 59 928 356 59 929 355 59 930 386 59 931 354 59 932 353 59 933 360 59 934 352 59 935 351 113 936 360 113 937 377 113 938 331 114 939 341 114 940 340 114 941 330 115 942 340 115 943 339 115 944 329 116 945 339 116 946 338 116 947 328 117 948 338 117 949 337 117 950 327 118 951 337 118 952 336 118 953 326 119 954 336 119 955 335 119 956 325 120 957 335 120 958 334 120 959 324 121 960 334 121 961 333 121 962 323 59 963 333 59 964 332 59 965 323 59 966 277 59 967 275 59 968 290 122 969 311 122 970 366 122 971 289 59 972 309 59 973 288 59 974 288 59 975 308 59 976 287 59 977 287 59 978 307 59 979 286 59 980 286 59 981 282 59 982 279 59 983 278 59 984 341 59 985 284 59 986 278 123 987 282 123 988 285 123 989 275 59 990 274 59 991 271 59 992 271 59 993 365 59 994 270 59 995 393 59 996 374 59 997 299 59 998 292 124 999 414 124 1000 370 124 1001 104 0 1572 103 0 1573 100 0 1574 48 215 1575 5 215 1576 181 215 1577 5 0 1578 7 0 1579 182 0 1580 184 216 1581 10 216 1582 9 216 1583 28 11 1584 10 11 1585 184 11 1586 9 0 1587 27 0 1588 185 0 1589 27 217 1590 26 217 1591 186 217 1592 26 0 1593 25 0 1594 187 0 1595 25 0 1596 24 0 1597 188 0 1598 206 218 1599 61 218 1600 23 218 1601 17 219 1602 222 219 1603 217 219 1604 105 0 1605 98 0 1606 93 0 1607 223 220 1608 21 220 1609 18 220 1610 7 0 1611 37 0 1612 190 0 1613 190 0 1614 37 0 1615 36 0 1616 191 221 1617 36 221 1618 35 221 1619 192 222 1620 35 222 1621 34 222 1622 193 223 1623 34 223 1624 33 223 1625 194 34 1626 33 34 1627 32 34 1628 195 224 1629 32 224 1630 31 224 1631 196 225 1632 31 225 1633 30 225 1634 197 226 1635 30 226 1636 29 226 1637 198 227 1638 29 227 1639 28 227 1640 209 228 1641 72 228 1642 53 228 1643 53 0 1644 52 0 1645 201 0 1646 74 0 1647 51 0 1648 202 0 1649 82 0 1650 50 0 1651 203 0 1652 50 0 1653 49 0 1654 204 0 1655 86 0 1656 48 0 1657 205 0 1658 24 0 1659 61 0 1660 206 0 1661 189 229 1662 23 229 1663 63 229 1664 207 230 1665 63 230 1666 65 230 1667 224 231 1668 223 231 1669 68 231 1670 21 232 1671 20 232 1672 19 232 1673 217 0 1674 224 0 1675 67 0 1676 178 0 1677 72 0 1678 209 0 1679 80 233 1680 76 233 1681 210 233 1682 76 0 1683 75 0 1684 211 0 1685 75 234 1686 74 234 1687 212 234 1688 52 235 1689 80 235 1690 213 235 1691 51 0 1692 83 0 1693 214 0 1694 83 0 1695 82 0 1696 215 0 1697 49 236 1698 86 236 1699 216 236 1700 20 0 1701 3 0 1702 1 0 1703 97 0 1704 90 0 1705 1 0 1706 96 0 1707 91 0 1708 90 0 1709 95 0 1710 92 0 1711 91 0 1712 94 0 1713 93 0 1714 92 0 1715 103 0 1716 102 0 1717 101 0 1718 105 0 1719 104 0 1720 99 0 1721 102 0 1722 89 0 1723 88 0 1724 226 237 1725 107 237 1726 138 237 1727 227 0 1728 110 0 1729 136 0 1730 228 238 1731 113 238 1732 135 238 1733 230 239 1734 118 239 1735 117 239 1736 232 0 1737 121 0 1738 178 0 1739 231 240 1740 117 240 1741 113 240 1742 233 0 1743 221 0 1744 125 0 1745 252 0 1746 233 0 1747 126 0 1748 234 241 1749 127 241 1750 163 241 1751 235 242 1752 139 242 1753 107 242 1754 229 243 1755 119 243 1756 118 243 1757 248 0 1758 247 0 1759 153 0 1760 247 0 1761 246 0 1762 154 0 1763 246 244 1764 245 244 1765 155 244 1766 245 0 1767 244 0 1768 156 0 1769 244 0 1770 243 0 1771 157 0 1772 180 245 1773 242 245 1774 158 245 1775 242 246 1776 241 246 1777 159 246 1778 232 247 1779 240 247 1780 134 247 1781 239 0 1782 135 0 1783 134 0 1784 251 0 1785 252 0 1786 164 0 1787 253 248 1788 163 248 1789 162 248 1790 250 0 1791 249 0 1792 151 0 1793 254 249 1794 162 249 1795 161 249 1796 238 250 1797 136 250 1798 119 250 1799 237 251 1800 137 251 1801 111 251 1802 255 6 1803 161 6 1804 160 6 1805 236 0 1806 138 0 1807 137 0 1808 256 252 1809 160 252 1810 172 252 1811 257 253 1812 171 253 1813 159 253 1814 225 254 1815 111 254 1816 110 254 1817 260 0 1818 176 0 1819 139 0 1820 259 255 1821 174 255 1822 176 255 1823 258 256 1824 172 256 1825 171 256 1826 250 257 1827 150 257 1828 174 257 1829 249 0 1830 248 0 1831 152 0 1832 243 258 1833 180 258 1834 0 258 1835 142 259 1836 2 259 1837 180 259 1838 148 0 1839 147 0 1840 248 0 1841 149 260 1842 250 260 1843 259 260 1844 173 261 1845 258 261 1846 257 261 1847 175 262 1848 259 262 1849 260 262 1850 177 263 1851 260 263 1852 235 263 1853 106 264 1854 225 264 1855 227 264 1856 170 265 1857 257 265 1858 241 265 1859 169 266 1860 256 266 1861 258 266 1862 129 0 1863 236 0 1864 237 0 1865 168 267 1866 255 267 1867 256 267 1868 130 268 1869 237 268 1870 225 268 1871 131 0 1872 238 0 1873 229 0 1874 167 269 1875 254 269 1876 255 269 1877 149 0 1878 148 0 1879 249 0 1880 251 270 1881 166 270 1882 127 270 1883 132 0 1884 239 0 1885 240 0 1886 120 0 1887 133 0 1888 240 0 1889 141 0 1890 140 0 1891 241 0 1892 2 0 1893 141 0 1894 242 0 1895 143 0 1896 142 0 1897 243 0 1898 144 0 1899 143 0 1900 244 0 1901 145 0 1902 144 0 1903 245 0 1904 146 0 1905 145 0 1906 246 0 1907 147 0 1908 146 0 1909 247 0 1910 114 271 1911 229 271 1912 230 271 1913 128 272 1914 235 272 1915 226 272 1916 116 273 1917 231 273 1918 228 273 1919 120 0 1920 232 0 1921 261 0 1922 115 274 1923 230 274 1924 231 274 1925 112 275 1926 228 275 1927 239 275 1928 108 276 1929 227 276 1930 238 276 1931 109 277 1932 226 277 1933 236 277 1934 222 0 1935 22 0 1936 71 0 1937 208 278 1938 65 278 1939 22 278 1940 123 0 1941 122 0 1942 220 0 1943 165 279 1944 125 279 1945 221 279 1946 122 0 1947 165 0 1948 218 0 1949 224 0 1950 70 0 1951 69 0 1952 204 280 1953 216 280 1954 87 280 1955 214 281 1956 215 281 1957 85 281 1958 202 0 1959 214 0 1960 84 0 1961 201 0 1962 213 0 1963 81 0 1964 211 282 1965 212 282 1966 79 282 1967 210 0 1968 211 0 1969 78 0 1970 213 0 1971 210 0 1972 77 0 1973 261 0 1974 209 0 1975 73 0 1976 62 283 1977 207 283 1978 208 283 1979 16 284 1980 189 284 1981 207 284 1982 188 285 1983 206 285 1984 60 285 1985 216 0 1986 205 0 1987 59 0 1988 203 0 1989 204 0 1990 58 0 1991 215 0 1992 203 0 1993 57 0 1994 212 0 1995 202 0 1996 56 0 1997 200 0 1998 201 0 1999 55 0 2000 73 286 2001 209 286 2002 200 286 2003 46 287 2004 198 287 2005 199 287 2006 45 288 2007 197 288 2008 198 288 2009 44 289 2010 196 289 2011 197 289 2012 43 290 2013 195 290 2014 196 290 2015 42 291 2016 194 291 2017 195 291 2018 41 292 2019 193 292 2020 194 292 2021 40 293 2022 192 293 2023 193 293 2024 39 294 2025 191 294 2026 192 294 2027 38 0 2028 190 0 2029 191 0 2030 182 0 2031 190 0 2032 38 0 2033 60 295 2034 206 295 2035 189 295 2036 187 296 2037 188 296 2038 15 296 2039 186 297 2040 187 297 2041 14 297 2042 185 298 2043 186 298 2044 13 298 2045 183 299 2046 185 299 2047 12 299 2048 199 0 2049 184 0 2050 11 0 2051 11 300 2052 184 300 2053 183 300 2054 181 301 2055 182 301 2056 6 301 2057 205 0 2058 181 0 2059 4 0 2060 217 0 2061 71 0 2062 70 0 2063 64 302 2064 208 302 2065 222 302 2066 413 303 2067 408 303 2068 409 303 2069 274 304 2070 273 304 2071 342 304 2072 277 305 2073 272 305 2074 273 305 2075 285 59 2076 282 59 2077 281 59 2078 285 306 2079 283 306 2080 314 306 2081 307 59 2082 280 59 2083 281 59 2084 308 307 2085 306 307 2086 280 307 2087 309 308 2088 305 308 2089 306 308 2090 310 309 2091 304 309 2092 305 309 2093 366 310 2094 311 310 2095 302 310 2096 293 59 2097 371 59 2098 393 59 2099 400 59 2100 407 59 2101 401 59 2102 295 311 2103 298 311 2104 415 311 2105 332 312 2106 276 312 2107 272 312 2108 332 59 2109 333 59 2110 322 59 2111 333 59 2112 334 59 2113 321 59 2114 334 313 2115 335 313 2116 320 313 2117 335 59 2118 336 59 2119 319 59 2120 336 314 2121 337 314 2122 318 314 2123 337 59 2124 338 59 2125 317 59 2126 338 315 2127 339 315 2128 316 315 2129 339 316 2130 340 316 2131 315 316 2132 340 59 2133 341 59 2134 314 59 2135 377 59 2136 360 59 2137 350 59 2138 361 59 2139 349 59 2140 350 59 2141 362 317 2142 347 317 2143 378 317 2144 363 318 2145 345 318 2146 388 318 2147 364 59 2148 344 59 2149 345 59 2150 365 319 2151 342 319 2152 343 319 2153 366 320 2154 303 320 2155 304 320 2156 311 321 2157 369 321 2158 301 321 2159 369 59 2160 370 59 2161 368 59 2162 294 322 2163 415 322 2164 416 322 2165 264 323 2166 297 323 2167 298 323 2168 372 324 2169 416 324 2170 393 324 2171 377 59 2172 375 59 2173 522 59 2174 384 325 2175 380 325 2176 348 325 2177 385 326 2178 379 326 2179 380 326 2180 386 327 2181 378 327 2182 379 327 2183 387 328 2184 348 328 2185 349 328 2186 390 329 2187 346 329 2188 347 329 2189 391 330 2190 388 330 2191 346 330 2192 392 331 2193 343 331 2194 344 331 2195 265 332 2196 296 332 2197 297 332 2198 265 59 2199 397 59 2200 396 59 2201 397 59 2202 398 59 2203 404 59 2204 398 59 2205 399 59 2206 403 59 2207 399 59 2208 400 59 2209 402 59 2210 412 333 2211 409 333 2212 394 333 2213 401 59 2214 407 59 2215 408 59 2216 411 59 2217 394 59 2218 395 59 2219 461 59 2220 419 59 2221 421 59 2222 441 59 2223 423 59 2224 422 59 2225 465 59 2226 429 59 2227 428 59 2228 432 334 2229 436 334 2230 435 334 2231 522 59 2232 443 59 2233 442 59 2234 429 59 2235 432 59 2236 437 59 2237 266 335 2238 455 335 2239 453 335 2240 501 336 2241 458 336 2242 455 336 2243 503 337 2244 457 337 2245 456 337 2246 419 59 2247 420 59 2248 459 59 2249 436 338 2250 434 338 2251 433 338 2252 484 339 2253 485 339 2254 483 339 2255 482 340 2256 483 340 2257 481 340 2258 480 341 2259 481 341 2260 479 341 2261 478 342 2262 479 342 2263 477 342 2264 476 343 2265 477 343 2266 268 343 2267 262 344 2268 269 344 2269 474 344 2270 473 345 2271 474 345 2272 472 345 2273 442 346 2274 443 346 2275 446 346 2276 446 59 2277 465 59 2278 464 59 2279 406 347 2280 405 347 2281 458 347 2282 505 59 2283 503 59 2284 502 59 2285 488 59 2286 489 59 2287 487 59 2288 507 348 2289 505 348 2290 504 348 2291 434 349 2292 441 349 2293 463 349 2294 418 59 2295 427 59 2296 462 59 2297 509 350 2298 507 350 2299 506 350 2300 427 59 2301 461 59 2302 460 59 2303 516 59 2304 509 59 2305 508 59 2306 472 351 2307 500 351 2308 514 351 2309 423 59 2310 418 59 2311 417 59 2312 420 59 2313 470 59 2314 521 59 2315 470 59 2316 519 59 2317 518 59 2318 500 59 2319 516 59 2320 517 59 2321 519 59 2322 489 59 2323 488 59 2324 486 352 2325 487 352 2326 485 352 2327 475 353 2328 268 353 2329 269 353 2330 491 354 2331 475 354 2332 262 354 2333 497 355 2334 486 355 2335 484 355 2336 518 356 2337 488 356 2338 498 356 2339 514 357 2340 517 357 2341 513 357 2342 521 59 2343 518 59 2344 499 59 2345 459 358 2346 521 358 2347 520 358 2348 422 59 2349 417 59 2350 424 59 2351 471 359 2352 514 359 2353 515 359 2354 517 59 2355 508 59 2356 512 59 2357 462 59 2358 460 59 2359 448 59 2360 508 59 2361 506 59 2362 511 59 2363 417 59 2364 462 59 2365 468 59 2366 433 360 2367 463 360 2368 426 360 2369 506 59 2370 504 59 2371 510 59 2372 498 59 2373 488 59 2374 486 59 2375 457 361 2376 405 361 2377 406 361 2378 466 59 2379 464 59 2380 431 59 2381 444 346 2382 442 346 2383 466 346 2384 376 362 2385 473 362 2386 471 362 2387 263 363 2388 262 363 2389 473 363 2390 492 364 2391 476 364 2392 475 364 2393 493 59 2394 478 59 2395 476 59 2396 494 365 2397 480 365 2398 478 365 2399 495 366 2400 482 366 2401 480 366 2402 496 367 2403 484 367 2404 482 367 2405 435 59 2406 433 59 2407 438 59 2408 421 59 2409 459 59 2410 467 59 2411 428 368 2412 437 368 2413 440 368 2414 523 59 2415 442 59 2416 444 59 2417 437 59 2418 435 59 2419 439 59 2420 464 59 2421 428 59 2422 430 59 2423 463 59 2424 422 59 2425 425 59 2426 460 59 2427 421 59 2428 447 59 2429 414 59 2430 393 59 2431 299 59 2432 370 369 2433 414 369 2434 300 369 2435 313 370 2436 451 370 2437 450 370 2438 267 371 2439 453 371 2440 454 371 2441 312 372 2442 454 372 2443 451 372 2444 416 59 2445 415 59 2446 373 59 2447 359 373 2448 392 373 2449 364 373 2450 356 374 2451 391 374 2452 390 374 2453 389 375 2454 390 375 2455 362 375 2456 381 376 2457 387 376 2458 361 376 2459 354 59 2460 386 59 2461 385 59 2462 383 377 2463 385 377 2464 384 377 2465 382 378 2466 384 378 2467 387 378 2468 351 59 2469 377 59 2470 523 59 2471 367 59 2472 292 59 2473 370 59 2474 291 59 2475 367 59 2476 369 59 2477 290 379 2478 366 379 2479 310 379 2480 270 380 2481 365 380 2482 392 380 2483 358 59 2484 364 59 2485 363 59 2486 357 381 2487 363 381 2488 391 381 2489 355 382 2490 362 382 2491 386 382 2492 353 59 2493 361 59 2494 360 59 2495 351 59 2496 352 59 2497 360 59 2498 331 59 2499 284 59 2500 341 59 2501 330 59 2502 331 59 2503 340 59 2504 329 59 2505 330 59 2506 339 59 2507 328 59 2508 329 59 2509 338 59 2510 327 59 2511 328 59 2512 337 59 2513 326 59 2514 327 59 2515 336 59 2516 325 59 2517 326 59 2518 335 59 2519 324 59 2520 325 59 2521 334 59 2522 323 59 2523 324 59 2524 333 59 2525 323 383 2526 332 383 2527 277 383 2528 290 59 2529 291 59 2530 311 59 2531 289 384 2532 310 384 2533 309 384 2534 288 59 2535 309 59 2536 308 59 2537 287 385 2538 308 385 2539 307 385 2540 286 386 2541 307 386 2542 282 386 2543 278 387 2544 285 387 2545 341 387 2546 278 388 2547 279 388 2548 282 388 2549 275 389 2550 277 389 2551 274 389 2552 271 390 2553 274 390 2554 365 390 2555 393 391 2556 416 391 2557 374 391 2558 292 59 2559 293 59 2560 414 59 2561</p>
        </triangles>
        <triangles material="tyl-material" count="192">
          <input semantic="VERTEX" source="#Plane_015-mesh-vertices" offset="0"/>
          <input semantic="NORMAL" source="#Plane_015-mesh-normals" offset="1"/>
          <input semantic="TEXCOORD" source="#Plane_015-mesh-map-0" offset="2" set="0"/>
          <p>46 125 1002 330 125 1003 45 125 1004 73 125 1008 445 125 1009 179 125 1010 251 125 1014 501 125 1015 252 125 1016 78 125 1017 382 125 1018 77 125 1019 141 125 1020 490 125 1021 140 125 1022 47 125 1023 331 125 1024 46 125 1025 79 125 1026 383 125 1027 78 125 1028 142 128 1029 263 128 1030 2 128 1031 6 129 1032 271 129 1033 4 129 1034 143 125 1035 491 125 1036 142 125 1037 144 125 1041 492 125 1042 143 125 1043 115 125 1044 438 125 1045 114 125 1046 145 125 1047 493 125 1048 144 125 1049 116 125 1050 439 125 1051 115 125 1052 8 131 1053 278 131 1054 11 131 1055 146 125 1059 494 125 1060 145 125 1061 112 125 1062 440 125 1063 116 125 1064 81 125 1068 353 125 1069 55 125 1070 147 125 1071 495 125 1072 146 125 1073 148 125 1077 496 125 1078 147 125 1079 149 125 1089 497 125 1090 148 125 1091 11 125 1095 284 125 1096 47 125 1097 175 125 1101 498 125 1102 149 125 1103 84 125 1104 355 125 1105 56 125 1106 219 125 1110 452 125 1111 124 125 1112 179 125 1113 444 125 1114 120 125 1115 12 125 1116 279 125 1117 8 125 1118 85 125 1119 389 125 1120 84 125 1121 13 125 1131 286 125 1132 12 125 1133 253 125 1134 456 125 1135 234 125 1136 129 125 1143 447 125 1144 109 125 1145 14 125 1146 287 125 1147 13 125 1148 252 125 1149 266 125 1150 233 125 1151 15 125 1158 288 125 1159 14 125 1160 16 125 1170 290 125 1171 60 125 1172 87 125 1173 358 125 1174 58 125 1175 17 125 1185 292 125 1186 64 125 1187 18 125 1197 294 125 1198 68 125 1199 54 125 1203 351 125 1204 73 125 1205 19 125 1206 295 125 1207 18 125 1208 88 156 1209 394 156 1210 101 156 1211 55 125 1215 352 125 1216 54 125 1217 56 125 1230 354 125 1231 79 125 1232 90 125 1236 265 125 1237 1 125 1238 57 125 1239 356 125 1240 85 125 1241 91 125 1248 397 125 1249 90 125 1250 58 125 1251 357 125 1252 57 125 1253 92 125 1257 398 125 1258 91 125 1259 59 125 1260 359 125 1261 87 125 1262 220 125 1269 449 125 1270 219 125 1271 93 125 1272 399 125 1273 92 125 1274 221 125 1278 312 125 1279 218 125 1280 167 174 1308 504 174 1309 254 174 1310 98 125 1314 400 125 1315 93 125 1316 60 125 1320 289 125 1321 15 125 1322 109 125 1323 467 125 1324 128 125 1325 99 177 1326 407 177 1327 98 177 1328 130 125 1335 448 125 1336 129 125 1337 100 180 1338 408 180 1339 99 180 1340 106 125 1344 468 125 1345 130 125 1346 218 125 1347 313 125 1348 220 125 1349 101 182 1350 409 182 1351 100 182 1352 234 125 1353 406 125 1354 251 125 1355 62 125 1356 291 125 1357 16 125 1358 114 125 1359 426 125 1360 131 125 1361 168 125 1368 510 125 1369 167 125 1370 133 125 1374 431 125 1375 132 125 1376 169 125 1383 511 125 1384 168 125 1385 120 125 1386 469 125 1387 133 125 1388 173 125 1395 512 125 1396 169 125 1397 64 125 1398 367 125 1399 62 125 1400 140 125 1419 515 125 1420 170 125 1421 66 125 1431 293 125 1432 17 125 1433 67 125 1440 371 125 1441 66 125 1442 68 125 1452 372 125 1453 67 125 1454 170 125 1461 513 125 1462 173 125 1463 38 125 1476 275 125 1477 6 125 1478 39 125 1485 323 125 1486 38 125 1487 177 205 1488 499 205 1489 175 205 1490 89 207 1494 395 207 1495 88 207 1496 40 125 1497 324 125 1498 39 125 1499 108 125 1500 424 125 1501 106 125 1502 2 125 1503 376 125 1504 141 125 1505 41 125 1506 325 125 1507 40 125 1508 131 125 1509 425 125 1510 108 125 1511 42 125 1515 326 125 1516 41 125 1517 128 125 1521 520 125 1522 177 125 1523 1 125 1524 264 125 1525 19 125 1526 43 125 1530 327 125 1531 42 125 1532 233 125 1539 267 125 1540 221 125 1541 44 125 1545 328 125 1546 43 125 1547 45 125 1554 329 125 1555 44 125 1556 132 125 1557 430 125 1558 112 125 1559 4 125 1563 270 125 1564 59 125 1565 254 125 1566 502 125 1567 253 125 1568 77 125 1569 381 125 1570 81 125 1571 46 125 2562 331 125 2563 330 125 2564 73 125 2568 351 125 2569 445 125 2570 251 125 2574 406 125 2575 501 125 2576 78 125 2577 383 125 2578 382 125 2579 141 125 2580 376 125 2581 490 125 2582 47 125 2583 284 125 2584 331 125 2585 79 125 2586 354 125 2587 383 125 2588 142 128 2589 491 128 2590 263 128 2591 6 394 2592 275 394 2593 271 394 2594 143 125 2595 492 125 2596 491 125 2597 144 125 2601 493 125 2602 492 125 2603 115 125 2604 439 125 2605 438 125 2606 145 125 2607 494 125 2608 493 125 2609 116 125 2610 440 125 2611 439 125 2612 8 396 2613 279 396 2614 278 396 2615 146 125 2619 495 125 2620 494 125 2621 112 125 2622 430 125 2623 440 125 2624 81 125 2628 381 125 2629 353 125 2630 147 125 2631 496 125 2632 495 125 2633 148 125 2637 497 125 2638 496 125 2639 149 125 2649 498 125 2650 497 125 2651 11 125 2655 278 125 2656 284 125 2657 175 125 2661 499 125 2662 498 125 2663 84 125 2664 389 125 2665 355 125 2666 219 125 2670 449 125 2671 452 125 2672 179 125 2673 445 125 2674 444 125 2675 12 125 2676 286 125 2677 279 125 2678 85 125 2679 356 125 2680 389 125 2681 13 125 2691 287 125 2692 286 125 2693 253 125 2694 502 125 2695 456 125 2696 129 125 2703 448 125 2704 447 125 2705 14 125 2706 288 125 2707 287 125 2708 252 125 2709 501 125 2710 266 125 2711 15 125 2718 289 125 2719 288 125 2720 16 125 2730 291 125 2731 290 125 2732 87 125 2733 359 125 2734 358 125 2735 17 125 2745 293 125 2746 292 125 2747 18 125 2757 295 125 2758 294 125 2759 54 125 2763 352 125 2764 351 125 2765 19 125 2766 264 125 2767 295 125 2768 88 414 2769 395 414 2770 394 414 2771 55 125 2775 353 125 2776 352 125 2777 56 125 2790 355 125 2791 354 125 2792 90 125 2796 397 125 2797 265 125 2798 57 125 2799 357 125 2800 356 125 2801 91 125 2808 398 125 2809 397 125 2810 58 125 2811 358 125 2812 357 125 2813 92 125 2817 399 125 2818 398 125 2819 59 125 2820 270 125 2821 359 125 2822 220 125 2829 313 125 2830 449 125 2831 93 125 2832 400 125 2833 399 125 2834 221 125 2838 267 125 2839 312 125 2840 167 429 2868 510 429 2869 504 429 2870 98 125 2874 407 125 2875 400 125 2876 60 125 2880 290 125 2881 289 125 2882 109 125 2883 447 125 2884 467 125 2885 99 177 2886 408 177 2887 407 177 2888 130 125 2895 468 125 2896 448 125 2897 100 432 2898 409 432 2899 408 432 2900 106 125 2904 424 125 2905 468 125 2906 218 125 2907 312 125 2908 313 125 2909 101 433 2910 394 433 2911 409 433 2912 234 125 2913 456 125 2914 406 125 2915 62 125 2916 367 125 2917 291 125 2918 114 125 2919 438 125 2920 426 125 2921 168 125 2928 511 125 2929 510 125 2930 133 125 2934 469 125 2935 431 125 2936 169 125 2943 512 125 2944 511 125 2945 120 125 2946 444 125 2947 469 125 2948 173 125 2955 513 125 2956 512 125 2957 64 125 2958 292 125 2959 367 125 2960 140 125 2979 490 125 2980 515 125 2981 66 125 2991 371 125 2992 293 125 2993 67 125 3000 372 125 3001 371 125 3002 68 125 3012 294 125 3013 372 125 3014 170 125 3021 515 125 3022 513 125 3023 38 125 3036 323 125 3037 275 125 3038 39 125 3045 324 125 3046 323 125 3047 177 452 3048 520 452 3049 499 452 3050 89 207 3054 410 207 3055 395 207 3056 40 125 3057 325 125 3058 324 125 3059 108 125 3060 425 125 3061 424 125 3062 2 125 3063 263 125 3064 376 125 3065 41 125 3066 326 125 3067 325 125 3068 131 125 3069 426 125 3070 425 125 3071 42 125 3075 327 125 3076 326 125 3077 128 125 3081 467 125 3082 520 125 3083 1 125 3084 265 125 3085 264 125 3086 43 125 3090 328 125 3091 327 125 3092 233 125 3099 266 125 3100 267 125 3101 44 125 3105 329 125 3106 328 125 3107 45 125 3114 330 125 3115 329 125 3116 132 125 3117 431 125 3118 430 125 3119 4 125 3123 271 125 3124 270 125 3125 254 125 3126 504 125 3127 502 125 3128 77 125 3129 382 125 3130 381 125 3131</p>
        </triangles>
        <triangles material="front-material" count="188">
          <input semantic="VERTEX" source="#Plane_015-mesh-vertices" offset="0"/>
          <input semantic="NORMAL" source="#Plane_015-mesh-normals" offset="1"/>
          <input semantic="TEXCOORD" source="#Plane_015-mesh-map-0" offset="2" set="0"/>
          <p>117 126 1005 429 126 1006 113 126 1007 5 127 1011 272 127 1012 7 127 1013 7 130 1038 276 130 1039 37 130 1040 80 132 1056 380 132 1057 76 132 1058 9 133 1065 280 133 1066 27 133 1067 118 134 1074 432 134 1075 117 134 1076 119 135 1080 436 135 1081 118 135 1082 10 136 1083 281 136 1084 9 136 1085 82 137 1086 345 137 1087 50 137 1088 136 138 1092 434 138 1093 119 138 1094 83 139 1098 388 139 1099 82 139 1100 151 140 1107 489 140 1108 150 140 1109 152 141 1122 487 141 1123 151 141 1124 48 142 1125 273 142 1126 5 142 1127 134 143 1128 443 143 1129 121 143 1130 153 144 1137 485 144 1138 152 144 1139 49 145 1140 343 145 1141 86 145 1142 154 146 1152 483 146 1153 153 146 1154 50 140 1155 344 140 1156 49 140 1157 86 147 1161 342 147 1162 48 147 1163 155 148 1164 481 148 1165 154 148 1166 51 149 1167 346 149 1168 83 149 1169 156 150 1176 479 150 1177 155 150 1178 52 151 1179 348 151 1180 80 151 1181 123 152 1182 451 152 1183 122 152 1184 157 153 1188 477 153 1189 156 153 1190 53 140 1191 349 140 1192 52 140 1193 124 154 1194 450 154 1195 123 154 1196 158 155 1200 269 155 1201 0 155 1202 159 157 1212 474 157 1213 158 157 1214 165 158 1218 453 158 1219 125 158 1220 20 159 1221 296 159 1222 3 159 1223 3 140 1224 396 140 1225 97 140 1226 171 160 1227 472 160 1228 159 160 1229 21 161 1233 297 161 1234 20 161 1235 125 162 1242 455 162 1243 126 162 1244 22 163 1245 299 163 1246 71 163 1247 23 164 1254 301 164 1255 63 164 1256 164 165 1263 405 165 1264 166 165 1265 24 166 1266 303 166 1267 61 166 1268 25 167 1275 304 167 1276 24 167 1277 94 140 1281 401 140 1282 105 140 1283 26 168 1284 305 168 1285 25 168 1286 95 140 1287 402 140 1288 94 140 1289 27 169 1290 306 169 1291 26 169 1292 96 140 1293 403 140 1294 95 140 1295 161 170 1296 509 170 1297 160 170 1298 166 171 1299 457 171 1300 127 171 1301 97 172 1302 404 172 1303 96 172 1304 162 173 1305 507 173 1306 161 173 1307 163 175 1311 505 175 1312 162 175 1313 127 176 1317 503 176 1318 163 176 1319 126 178 1329 458 178 1330 164 178 1331 61 179 1332 302 179 1333 23 179 1334 122 181 1341 454 181 1342 165 181 1343 28 183 1362 283 183 1363 10 183 1364 102 140 1365 410 140 1366 89 140 1367 63 184 1371 368 184 1372 65 184 1373 29 185 1377 314 185 1378 28 185 1379 103 140 1380 411 140 1381 102 140 1382 30 186 1389 315 186 1390 29 186 1391 104 140 1392 412 140 1393 103 140 1394 135 140 1401 446 140 1402 134 140 1403 31 187 1404 316 187 1405 30 187 1406 105 140 1407 413 140 1408 104 140 1409 65 188 1410 300 188 1411 22 188 1412 113 189 1413 465 189 1414 135 189 1415 32 190 1416 317 190 1417 31 190 1418 110 191 1422 441 191 1423 136 191 1424 33 192 1425 318 192 1426 32 192 1427 172 193 1428 500 193 1429 171 193 1430 138 140 1434 427 140 1435 137 140 1436 34 194 1437 319 194 1438 33 194 1439 107 195 1443 461 195 1444 138 195 1445 35 196 1446 320 196 1447 34 196 1448 160 197 1449 516 197 1450 172 197 1451 176 198 1455 420 198 1456 139 198 1457 36 199 1458 321 199 1459 35 199 1460 69 200 1464 298 200 1465 21 200 1466 37 140 1467 322 140 1468 36 140 1469 139 201 1470 419 201 1471 107 201 1472 70 202 1473 373 202 1474 69 202 1475 150 203 1479 519 203 1480 174 203 1481 71 204 1482 374 204 1483 70 204 1484 72 206 1491 350 206 1492 53 206 1493 174 208 1512 470 208 1513 176 208 1514 111 209 1518 423 209 1519 110 209 1520 74 210 1527 347 210 1528 51 210 1529 137 211 1533 418 211 1534 111 211 1535 121 140 1536 522 140 1537 178 140 1538 75 212 1542 378 212 1543 74 212 1544 0 213 1548 268 213 1549 157 213 1550 76 214 1551 379 214 1552 75 214 1553 178 140 1560 375 140 1561 72 140 1562 117 392 2565 432 392 2566 429 392 2567 5 393 2571 273 393 2572 272 393 2573 7 395 2598 272 395 2599 276 395 2600 80 397 2616 348 397 2617 380 397 2618 9 398 2625 281 398 2626 280 398 2627 118 399 2634 436 399 2635 432 399 2636 119 400 2640 434 400 2641 436 400 2642 10 401 2643 283 401 2644 281 401 2645 82 402 2646 388 402 2647 345 402 2648 136 403 2652 441 403 2653 434 403 2654 83 404 2658 346 404 2659 388 404 2660 151 140 2667 487 140 2668 489 140 2669 152 141 2682 485 141 2683 487 141 2684 48 405 2685 342 405 2686 273 405 2687 134 406 2688 446 406 2689 443 406 2690 153 407 2697 483 407 2698 485 407 2699 49 145 2700 344 145 2701 343 145 2702 154 146 2712 481 146 2713 483 146 2714 50 140 2715 345 140 2716 344 140 2717 86 408 2721 343 408 2722 342 408 2723 155 148 2724 479 148 2725 481 148 2726 51 409 2727 347 409 2728 346 409 2729 156 150 2736 477 150 2737 479 150 2738 52 151 2739 349 151 2740 348 151 2741 123 410 2742 450 410 2743 451 410 2744 157 411 2748 268 411 2749 477 411 2750 53 140 2751 350 140 2752 349 140 2753 124 412 2754 452 412 2755 450 412 2756 158 413 2760 474 413 2761 269 413 2762 159 415 2772 472 415 2773 474 415 2774 165 416 2778 454 416 2779 453 416 2780 20 417 2781 297 417 2782 296 417 2783 3 140 2784 296 140 2785 396 140 2786 171 418 2787 500 418 2788 472 418 2789 21 419 2793 298 419 2794 297 419 2795 125 420 2802 453 420 2803 455 420 2804 22 163 2805 300 163 2806 299 163 2807 23 421 2814 302 421 2815 301 421 2816 164 165 2823 458 165 2824 405 165 2825 24 166 2826 304 166 2827 303 166 2828 25 422 2835 305 422 2836 304 422 2837 94 140 2841 402 140 2842 401 140 2843 26 423 2844 306 423 2845 305 423 2846 95 140 2847 403 140 2848 402 140 2849 27 424 2850 280 424 2851 306 424 2852 96 140 2853 404 140 2854 403 140 2855 161 425 2856 507 425 2857 509 425 2858 166 426 2859 405 426 2860 457 426 2861 97 427 2862 396 427 2863 404 427 2864 162 428 2865 505 428 2866 507 428 2867 163 430 2871 503 430 2872 505 430 2873 127 176 2877 457 176 2878 503 176 2879 126 431 2889 455 431 2890 458 431 2891 61 179 2892 303 179 2893 302 179 2894 122 181 2901 451 181 2902 454 181 2903 28 434 2922 314 434 2923 283 434 2924 102 140 2925 411 140 2926 410 140 2927 63 435 2931 301 435 2932 368 435 2933 29 436 2937 315 436 2938 314 436 2939 103 140 2940 412 140 2941 411 140 2942 30 186 2949 316 186 2950 315 186 2951 104 140 2952 413 140 2953 412 140 2954 135 140 2961 465 140 2962 446 140 2963 31 437 2964 317 437 2965 316 437 2966 105 140 2967 401 140 2968 413 140 2969 65 188 2970 368 188 2971 300 188 2972 113 438 2973 429 438 2974 465 438 2975 32 439 2976 318 439 2977 317 439 2978 110 440 2982 423 440 2983 441 440 2984 33 192 2985 319 192 2986 318 192 2987 172 441 2988 516 441 2989 500 441 2990 138 140 2994 461 140 2995 427 140 2996 34 442 2997 320 442 2998 319 442 2999 107 443 3003 419 443 3004 461 443 3005 35 444 3006 321 444 3007 320 444 3008 160 445 3009 509 445 3010 516 445 3011 176 446 3015 470 446 3016 420 446 3017 36 447 3018 322 447 3019 321 447 3020 69 448 3024 373 448 3025 298 448 3026 37 140 3027 276 140 3028 322 140 3029 139 449 3030 420 449 3031 419 449 3032 70 202 3033 374 202 3034 373 202 3035 150 450 3039 489 450 3040 519 450 3041 71 451 3042 299 451 3043 374 451 3044 72 206 3051 375 206 3052 350 206 3053 174 453 3072 519 453 3073 470 453 3074 111 454 3078 418 454 3079 423 454 3080 74 455 3087 378 455 3088 347 455 3089 137 456 3093 427 456 3094 418 456 3095 121 140 3096 443 140 3097 522 140 3098 75 457 3102 379 457 3103 378 457 3104 0 458 3108 269 458 3109 268 458 3110 76 459 3111 380 459 3112 379 459 3113 178 140 3120 522 140 3121 375 140 3122</p>
        </triangles>
      </mesh>
    </geometry>
  </library_geometries>
  <library_visual_scenes>
    <visual_scene id="Scene" name="Scene">
      <node id="versal_main" name="versal_main" type="NODE">
        <matrix sid="transform">1 0 0 0.02155706 0 1 0 -0.00120177 0 0 1 1.350001 0 0 0 1</matrix>
        <instance_geometry url="#Plane_015-mesh" name="versal_main">
          <bind_material>
            <technique_common>
              <instance_material symbol="gora_dol-material" target="#gora_dol-material">
                <bind_vertex_input semantic="UVMap" input_semantic="TEXCOORD" input_set="0"/>
              </instance_material>
              <instance_material symbol="tyl-material" target="#tyl-material">
                <bind_vertex_input semantic="UVMap" input_semantic="TEXCOORD" input_set="0"/>
              </instance_material>
              <instance_material symbol="front-material" target="#front-material">
                <bind_vertex_input semantic="UVMap" input_semantic="TEXCOORD" input_set="0"/>
              </instance_material>
            </technique_common>
          </bind_material>
        </instance_geometry>
      </node>
    </visual_scene>
  </library_visual_scenes>
  <scene>
    <instance_visual_scene url="#Scene"/>
  </scene>
</COLLADA>