<?xml version="1.0" encoding="utf-8"?>
<COLLADA xmlns="http://www.collada.org/2005/11/COLLADASchema" version="1.4.1" xmlns:xsi="http://www.w3.org/2001/XMLSchema-instance">
  <asset>
    <contributor>
      <author>Blender User</author>
      <authoring_tool>Blender 3.2.0 commit date:2022-06-08, commit time:10:22, hash:e05e1e369187</authoring_tool>
    </contributor>
    <created>2023-03-08T13:26:40</created>
    <modified>2023-03-08T13:26:40</modified>
    <unit name="meter" meter="1"/>
    <up_axis>Z_UP</up_axis>
  </asset>
  <library_effects>
    <effect id="gora_dol-effect">
      <profile_COMMON>
        <technique sid="common">
          <lambert>
            <emission>
              <color sid="emission">0 0 0 1</color>
            </emission>
            <diffuse>
              <color sid="diffuse">0.8 0.8 0.8 1</color>
            </diffuse>
            <index_of_refraction>
              <float sid="ior">1.45</float>
            </index_of_refraction>
          </lambert>
        </technique>
      </profile_COMMON>
    </effect>
    <effect id="tyl-effect">
      <profile_COMMON>
        <technique sid="common">
          <lambert>
            <emission>
              <color sid="emission">0 0 0 1</color>
            </emission>
            <diffuse>
              <color sid="diffuse">0.8 0.8 0.8 1</color>
            </diffuse>
            <index_of_refraction>
              <float sid="ior">1.45</float>
            </index_of_refraction>
          </lambert>
        </technique>
      </profile_COMMON>
    </effect>
    <effect id="front_shine-effect">
      <profile_COMMON>
        <technique sid="common">
          <lambert>
            <emission>
              <color sid="emission">0 0 0 1</color>
            </emission>
            <diffuse>
              <color sid="diffuse">0.8 0.8 0.8 1</color>
            </diffuse>
            <index_of_refraction>
              <float sid="ior">1.45</float>
            </index_of_refraction>
          </lambert>
        </technique>
      </profile_COMMON>
    </effect>
    <effect id="front-effect">
      <profile_COMMON>
        <technique sid="common">
          <lambert>
            <emission>
              <color sid="emission">0 0 0 1</color>
            </emission>
            <diffuse>
              <color sid="diffuse">0.8 0.8 0.8 1</color>
            </diffuse>
            <index_of_refraction>
              <float sid="ior">1.45</float>
            </index_of_refraction>
          </lambert>
        </technique>
      </profile_COMMON>
    </effect>
  </library_effects>
  <library_images/>
  <library_materials>
    <material id="gora_dol-material" name="gora_dol">
      <instance_effect url="#gora_dol-effect"/>
    </material>
    <material id="tyl-material" name="tyl">
      <instance_effect url="#tyl-effect"/>
    </material>
    <material id="front_shine-material" name="front_shine">
      <instance_effect url="#front_shine-effect"/>
    </material>
    <material id="front-material" name="front">
      <instance_effect url="#front-effect"/>
    </material>
  </library_materials>
  <library_geometries>
    <geometry id="Plane_002-mesh" name="Plane.002">
      <mesh>
        <source id="Plane_002-mesh-positions">
          <float_array id="Plane_002-mesh-positions-array" count="1932">0.05075657 -5.03235e-4 -9.53674e-7 0.05075657 0.006108641 -9.53674e-7 0.0379967 0.004230916 -9.53674e-7 0.03591644 0.004001736 -9.53674e-7 0.04847013 0.006175935 -9.53674e-7 0.04631775 0.005654811 -9.53674e-7 0.03421437 0.003826618 -9.53674e-7 0.03225231 0.003671705 -9.53674e-7 0.05165386 -5.03235e-4 -9.53674e-7 0.0301541 0.003558158 -9.53674e-7 0.04631775 -5.03235e-4 -9.53674e-7 0.02759534 0.003469467 -9.53674e-7 0.05036008 -5.03235e-4 -9.53674e-7 0.04991668 -5.03235e-4 -9.53674e-7 0.05022794 0.006477177 -9.53674e-7 0.04960542 0.006465554 -9.53674e-7 0.05165386 0.003018438 -9.53674e-7 0.05234783 9.35048e-5 -9.53674e-7 0.05200088 -5.03235e-4 -9.53674e-7 -0.04706358 0.004230916 -9.53674e-7 0.05234783 -5.03235e-4 -9.53674e-7 0.05120521 0.004684507 -9.53674e-7 0.05098092 0.005548954 -9.53674e-7 0.05086874 0.005882024 -9.53674e-7 0.05200088 0.00157237 -9.53674e-7 0.05227845 4.53308e-4 -9.53674e-7 0.05049228 0.006346583 -9.53674e-7 0.05062443 0.006253302 -9.53674e-7 0.05036008 0.006418883 -9.53674e-7 0.04991668 0.006481885 -9.53674e-7 0.04976105 0.006479561 -9.53674e-7 0.04007697 0.004521906 -9.53674e-7 0.04242497 0.004913449 -9.53674e-7 0.04423749 0.005242526 -9.53674e-7 0.02759534 -3.97995e-4 -9.53674e-7 0.0301541 -3.97995e-4 -9.53674e-7 0.03225231 -5.03235e-4 -9.53674e-7 0.03421437 -5.03235e-4 -9.53674e-7 0.03591644 -5.03235e-4 -9.53674e-7 0.0379967 -5.03235e-4 -9.53674e-7 0.04007697 -5.03235e-4 -9.53674e-7 0.04242497 -5.03235e-4 -9.53674e-7 0.04423749 -5.03235e-4 -9.53674e-7 0.04242497 -0.005518078 -9.53674e-7 0.04007697 -0.005518078 -9.53674e-7 0.0379967 -0.005518078 -9.53674e-7 0.03591644 -0.005518078 -9.53674e-7 0.03421437 -0.005518078 -9.53674e-7 0.03225231 -0.005518078 -9.53674e-7 0.0301541 -0.004489958 -9.53674e-7 0.02759534 -0.004489958 -9.53674e-7 0.02532643 0.003441929 -9.53674e-7 0.02532643 -0.004489958 -9.53674e-7 0.02532643 -1.64669e-4 -9.53674e-7 0.05086874 -5.03235e-4 -9.53674e-7 0.04847013 -5.03235e-4 -9.53674e-7 0.04960542 -5.03235e-4 -9.53674e-7 0.05248451 -5.03235e-4 -9.53674e-7 0.05022794 -5.03235e-4 -9.53674e-7 0.05062443 -5.03235e-4 -9.53674e-7 0.05098092 -5.03235e-4 -9.53674e-7 0.05049228 -5.03235e-4 -9.53674e-7 0.05120521 -5.03235e-4 -9.53674e-7 0.04976105 -5.03235e-4 -9.53674e-7 -0.004588723 -0.005518078 -9.53674e-7 -7.28834e-5 0.006108641 -9.53674e-7 0.01276677 0.004230916 -9.53674e-7 0.01486003 0.004001736 -9.53674e-7 0.002227783 0.006175935 -9.53674e-7 0.002227783 -0.005518078 -9.53674e-7 0.003454387 -0.005518078 -9.53674e-7 0.003454387 0.005880832 -9.53674e-7 0.01695328 0.003787636 -9.53674e-7 0.0190466 0.003635346 -9.53674e-7 0.02113986 0.003535091 -9.53674e-7 0.002227783 -5.32091e-4 -9.53674e-7 0.003454387 -1.91875e-4 -9.53674e-7 0.02323317 0.003469467 -9.53674e-7 -7.28834e-5 -0.005518078 -9.53674e-7 -0.002609193 -0.005518078 -9.53674e-7 -0.002609193 -5.32091e-4 -9.53674e-7 4.59058e-4 -0.005518078 -9.53674e-7 4.59058e-4 0.006477177 -9.53674e-7 4.59058e-4 -5.32091e-4 -9.53674e-7 0.00108546 -0.005518078 -9.53674e-7 0.00108546 0.006465554 -9.53674e-7 0.00108546 -5.32091e-4 -9.53674e-7 -0.001878619 -7.17714e-5 -9.53674e-7 -0.001878619 -5.32091e-4 -9.53674e-7 -0.001878619 -0.005518078 -9.53674e-7 -7.28834e-5 -5.32091e-4 -9.53674e-7 -9.75775e-4 -0.005518078 -9.53674e-7 -9.75775e-4 0.003018438 -9.53674e-7 -9.75775e-4 -5.32091e-4 -9.53674e-7 -0.001674115 2.5215e-4 -9.53674e-7 -0.001674115 -5.32091e-4 -9.53674e-7 -0.05990326 0.006108641 -9.53674e-7 -0.002243936 -5.32091e-4 -9.53674e-7 -0.002243936 -0.005518078 -9.53674e-7 -0.002243936 -3.63499e-4 -9.53674e-7 -5.24329e-4 -0.005518078 -9.53674e-7 -5.24329e-4 0.004684507 -9.53674e-7 -5.24329e-4 -5.32091e-4 -9.53674e-7 -2.98606e-4 -0.005518078 -9.53674e-7 -2.98606e-4 0.005548954 -9.53674e-7 -2.98606e-4 -5.32091e-4 -9.53674e-7 -1.85745e-4 -0.005518078 -9.53674e-7 -1.85745e-4 0.005882024 -9.53674e-7 -1.85745e-4 -5.32091e-4 -9.53674e-7 -0.001324892 -0.005518078 -9.53674e-7 -0.001324892 0.00157237 -9.53674e-7 -0.001324892 -5.32091e-4 -9.53674e-7 -0.001604259 4.53308e-4 -9.53674e-7 -0.07751548 -0.005518078 -9.53674e-7 -0.001604259 -0.005518078 -9.53674e-7 1.93087e-4 -5.32091e-4 -9.53674e-7 1.93087e-4 0.006346583 -9.53674e-7 1.93087e-4 -0.005518078 -9.53674e-7 6.00945e-5 -5.32091e-4 -9.53674e-7 6.00945e-5 0.006253302 -9.53674e-7 6.00945e-5 -0.005518078 -9.53674e-7 3.26065e-4 -0.005518078 -9.53674e-7 3.26065e-4 -5.32091e-4 -9.53674e-7 3.26065e-4 0.006418883 -9.53674e-7 7.72281e-4 0.006481885 -9.53674e-7 7.72281e-4 -5.32091e-4 -9.53674e-7 7.72281e-4 -0.005518078 -9.53674e-7 9.28892e-4 -0.005518078 -9.53674e-7 9.28892e-4 0.006479561 -9.53674e-7 9.28892e-4 -5.32091e-4 -9.53674e-7 0.01067346 0.004521906 -9.53674e-7 0.008580207 0.004864871 -9.53674e-7 0.00573033 0.005391538 -9.53674e-7 0.02323317 6.86571e-5 -9.53674e-7 0.02113986 6.86571e-5 -9.53674e-7 0.0190466 6.86571e-5 -9.53674e-7 0.01695328 6.86571e-5 -9.53674e-7 0.01486003 6.86571e-5 -9.53674e-7 0.01276677 6.86571e-5 -9.53674e-7 0.01067346 6.86571e-5 -9.53674e-7 0.008580207 6.86571e-5 -9.53674e-7 0.00573033 6.86571e-5 -9.53674e-7 0.00573033 -0.004489958 -9.53674e-7 0.008580207 -0.004489958 -9.53674e-7 0.01067346 -0.004489958 -9.53674e-7 0.01276677 -0.004489958 -9.53674e-7 0.01486003 -0.004489958 -9.53674e-7 0.01695328 -0.004489958 -9.53674e-7 0.0190466 -0.004489958 -9.53674e-7 0.02113986 -0.004489958 -9.53674e-7 0.02323317 -0.004489958 -9.53674e-7 -0.05890148 -0.005518078 -9.53674e-7 -0.05905812 -0.005518078 -9.53674e-7 -0.05905812 -5.32091e-4 -9.53674e-7 -0.05905812 0.006481885 -9.53674e-7 -0.05950433 0.006418883 -9.53674e-7 -0.05950433 -5.32091e-4 -9.53674e-7 -0.05950433 -0.005518078 -9.53674e-7 -0.05977028 -0.005518078 -9.53674e-7 -0.05977028 0.006253302 -9.53674e-7 -0.05977028 -5.32091e-4 -9.53674e-7 -0.0596373 -0.005518078 -9.53674e-7 -0.0596373 0.006346583 -9.53674e-7 -0.0596373 -5.32091e-4 -9.53674e-7 -0.06143468 -0.005518078 -9.53674e-7 -0.06143468 4.53308e-4 -9.53674e-7 -0.06115531 -5.32091e-4 -9.53674e-7 -0.06115531 0.00157237 -9.53674e-7 -0.06115531 -0.005518078 -9.53674e-7 -0.06001615 -5.32091e-4 -9.53674e-7 -0.06001615 0.005882024 -9.53674e-7 -0.06001615 -0.005518078 -9.53674e-7 -0.06012898 -5.32091e-4 -9.53674e-7 -0.06012898 0.005548954 -9.53674e-7 -0.06012898 -0.005518078 -9.53674e-7 -0.0603547 -5.32091e-4 -9.53674e-7 -0.0603547 0.004684507 -9.53674e-7 -0.0603547 -0.005518078 -9.53674e-7 -0.06207436 -3.63499e-4 -9.53674e-7 -0.06207436 -0.005518078 -9.53674e-7 -0.06207436 -5.32091e-4 -9.53674e-7 -0.06150448 -5.32091e-4 -9.53674e-7 -0.06150448 2.5215e-4 -9.53674e-7 -0.06080615 -5.32091e-4 -9.53674e-7 -0.06080615 0.003018438 -9.53674e-7 -0.06080615 -0.005518078 -9.53674e-7 -0.05990326 -5.32091e-4 -9.53674e-7 -0.06170904 -0.005518078 -9.53674e-7 -0.06170904 -5.32091e-4 -9.53674e-7 -0.06170904 -7.17714e-5 -9.53674e-7 -0.03450393 0.003441929 -9.53674e-7 -0.0587449 -5.32091e-4 -9.53674e-7 -0.0587449 0.006465554 -9.53674e-7 -0.0587449 -0.005518078 -9.53674e-7 -0.05937135 -5.32091e-4 -9.53674e-7 -0.05937135 0.006477177 -9.53674e-7 -0.05937135 -0.005518078 -9.53674e-7 -0.06243962 -5.32091e-4 -9.53674e-7 -0.06243962 -0.005518078 -9.53674e-7 -0.05990326 -0.005518078 -9.53674e-7 -0.03659719 0.003469467 -9.53674e-7 -0.05536019 -7.55973e-5 -9.53674e-7 -0.05760252 -5.32091e-4 -9.53674e-7 -0.0386905 0.003535091 -9.53674e-7 -0.07751548 -5.32091e-4 -9.53674e-7 -0.04078376 0.003635346 -9.53674e-7 -0.04287701 0.003787636 -9.53674e-7 -0.05536019 0.005662441 -9.53674e-7 -0.05536019 -0.004490017 -9.53674e-7 -0.05760252 -0.005518078 -9.53674e-7 -0.05760252 0.006175935 -9.53674e-7 -0.04497033 0.004001736 -9.53674e-7 -0.05890148 0.006479561 -9.53674e-7 -0.05890148 -5.32091e-4 -9.53674e-7 -0.0491569 0.004521906 -9.53674e-7 -0.05125015 0.004864871 -9.53674e-7 -0.05327957 0.005239903 -9.53674e-7 -0.03659719 6.86571e-5 -9.53674e-7 -0.0386905 6.86571e-5 -9.53674e-7 -0.04078376 6.86571e-5 -9.53674e-7 -0.04287701 6.86571e-5 -9.53674e-7 -0.04497033 6.86571e-5 -9.53674e-7 -0.04706358 6.86571e-5 -9.53674e-7 -0.0491569 6.86571e-5 -9.53674e-7 -0.05125015 6.86571e-5 -9.53674e-7 -0.05327957 6.86571e-5 -9.53674e-7 -0.05327957 -0.004489958 -9.53674e-7 -0.05125015 -0.004489958 -9.53674e-7 -0.0491569 -0.004489958 -9.53674e-7 -0.04706358 -0.004489958 -9.53674e-7 -0.04497033 -0.004489958 -9.53674e-7 -0.04287701 -0.004489958 -9.53674e-7 -0.04078376 -0.004489958 -9.53674e-7 -0.0386905 -0.004489958 -9.53674e-7 -0.03659719 -0.004489958 -9.53674e-7 -0.02194428 0.004230916 -9.53674e-7 -0.009104549 0.006108641 -9.53674e-7 -0.01010638 -0.005518078 -9.53674e-7 -0.009949743 -0.005518078 -9.53674e-7 -0.009949743 -5.32091e-4 -9.53674e-7 -0.009949743 0.006481885 -9.53674e-7 -0.009503543 0.006418883 -9.53674e-7 -0.009503543 -5.32091e-4 -9.53674e-7 -0.009503543 -0.005518078 -9.53674e-7 -0.009237587 -0.005518078 -9.53674e-7 -0.009237587 0.006253302 -9.53674e-7 -0.009237587 -5.32091e-4 -9.53674e-7 -0.009370565 -0.005518078 -9.53674e-7 -0.009370565 0.006346583 -9.53674e-7 -0.009370565 -5.32091e-4 -9.53674e-7 -0.007573187 -0.005518078 -9.53674e-7 -0.007573187 4.53308e-4 -9.53674e-7 -0.007852494 -5.32091e-4 -9.53674e-7 -0.007852494 0.00157237 -9.53674e-7 -0.007852494 -0.005518078 -9.53674e-7 -0.008991718 -5.32091e-4 -9.53674e-7 -0.008991718 0.005882024 -9.53674e-7 -0.008991718 -0.005518078 -9.53674e-7 -0.008878886 -5.32091e-4 -9.53674e-7 -0.008878886 0.005548954 -9.53674e-7 -0.008878886 -0.005518078 -9.53674e-7 -0.008653163 -5.32091e-4 -9.53674e-7 -0.008653163 0.004684507 -9.53674e-7 -0.008653163 -0.005518078 -9.53674e-7 -0.00693351 -3.63499e-4 -9.53674e-7 -0.00693351 -0.005518078 -9.53674e-7 -0.00693351 -5.32091e-4 -9.53674e-7 -0.00750333 -5.32091e-4 -9.53674e-7 -0.00750333 2.5215e-4 -9.53674e-7 -0.008201658 -5.32091e-4 -9.53674e-7 -0.008201658 0.003018438 -9.53674e-7 -0.008201658 -0.005518078 -9.53674e-7 -0.009104549 -5.32091e-4 -9.53674e-7 -0.007298767 -0.005518078 -9.53674e-7 -0.007298767 -5.32091e-4 -9.53674e-7 -0.007298767 -7.17714e-5 -9.53674e-7 -0.03450393 6.86534e-5 -9.53674e-7 -0.03450393 -0.004489958 -9.53674e-7 -0.01026296 -5.32091e-4 -9.53674e-7 -0.01026296 0.006465554 -9.53674e-7 -0.01026296 -0.005518078 -9.53674e-7 -0.009636521 -5.32091e-4 -9.53674e-7 -0.009636521 0.006477177 -9.53674e-7 -0.009636521 -0.005518078 -9.53674e-7 -0.006568253 -5.32091e-4 -9.53674e-7 -0.006568253 -0.005518078 -9.53674e-7 -0.009104549 -0.005518078 -9.53674e-7 -0.03241062 0.003469467 -9.53674e-7 -0.01263183 -1.91875e-4 -9.53674e-7 -0.01140528 -5.32091e-4 -9.53674e-7 -0.03031736 0.003535091 -9.53674e-7 -0.004588723 -5.32091e-4 -9.53674e-7 -0.02822411 0.003635346 -9.53674e-7 -0.02613079 0.003787636 -9.53674e-7 -0.01263183 0.005880832 -9.53674e-7 -0.01263183 -0.005518078 -9.53674e-7 -0.01140528 -0.005518078 -9.53674e-7 -0.01140528 0.006175935 -9.53674e-7 -0.02403753 0.004001736 -9.53674e-7 -0.01010638 0.006479561 -9.53674e-7 -0.01010638 -5.32091e-4 -9.53674e-7 -0.01985096 0.004521906 -9.53674e-7 -0.01775771 0.004864871 -9.53674e-7 -0.01490783 0.005391538 -9.53674e-7 -0.03241062 6.86571e-5 -9.53674e-7 -0.03031736 6.86571e-5 -9.53674e-7 -0.02822411 6.86571e-5 -9.53674e-7 -0.02613079 6.86571e-5 -9.53674e-7 -0.02403753 6.86571e-5 -9.53674e-7 -0.02194428 6.86571e-5 -9.53674e-7 -0.01985096 6.86571e-5 -9.53674e-7 -0.01775771 6.86571e-5 -9.53674e-7 -0.01490783 6.86571e-5 -9.53674e-7 -0.01490783 -0.004489958 -9.53674e-7 -0.01775771 -0.004489958 -9.53674e-7 -0.01985096 -0.004489958 -9.53674e-7 -0.02194428 -0.004489958 -9.53674e-7 -0.02403753 -0.004489958 -9.53674e-7 -0.02613079 -0.004489958 -9.53674e-7 -0.02822411 -0.004489958 -9.53674e-7 -0.03031736 -0.004489958 -9.53674e-7 -0.03241062 -0.004489958 -9.53674e-7 0.05075746 -5.03235e-4 2.699999 0.05075746 0.006108641 2.699999 0.0379976 0.004230916 2.699999 0.03591734 0.004001736 2.699999 0.04847103 0.006175935 2.699999 0.04631865 0.005654811 2.699999 0.03421527 0.003826618 2.699999 0.0322532 0.003671705 2.699999 0.05165475 -5.03235e-4 2.699999 0.03015494 0.003558158 2.699999 0.04631865 -5.03235e-4 2.699999 0.02759623 0.003469467 2.699999 0.05036097 -5.03235e-4 2.699999 0.04991757 -5.03235e-4 2.699999 0.05022883 0.006477177 2.699999 0.04960626 0.006465554 2.699999 0.05165475 0.003018438 2.699999 0.05234873 9.35048e-5 2.699999 0.05200177 -5.03235e-4 2.699999 -0.04706275 0.004230916 2.699999 0.05234873 -5.03235e-4 2.699999 0.05120611 0.004684507 2.699999 0.05098176 0.005548954 2.699999 0.05086964 0.005882024 2.699999 0.05200177 0.00157237 2.699999 0.05227935 4.53308e-4 2.699999 0.05049312 0.006346583 2.699999 0.05062532 0.006253302 2.699999 0.05036097 0.006418883 2.699999 0.04991757 0.006481885 2.699999 0.04976189 0.006479561 2.699999 0.04007786 0.004521906 2.699999 0.04242587 0.004913449 2.699999 0.04423838 0.005242526 2.699999 0.02759623 -3.97995e-4 2.699999 0.03015494 -3.97995e-4 2.699999 0.0322532 -5.03235e-4 2.699999 0.03421527 -5.03235e-4 2.699999 0.03591734 -5.03235e-4 2.699999 0.0379976 -5.03235e-4 2.699999 0.04007786 -5.03235e-4 2.699999 0.04242587 -5.03235e-4 2.699999 0.04423838 -5.03235e-4 2.699999 0.04242587 -0.005518078 2.699999 0.04007786 -0.005518078 2.699999 0.0379976 -0.005518078 2.699999 0.03591734 -0.005518078 2.699999 0.03421527 -0.005518078 2.699999 0.0322532 -0.005518078 2.699999 0.03015494 -0.004489958 2.699999 0.02759623 -0.004489958 2.699999 0.02532732 0.003441929 2.699999 0.02532732 -0.004489958 2.699999 0.02532732 -1.64669e-4 2.699999 0.05086964 -5.03235e-4 2.699999 0.04847103 -5.03235e-4 2.699999 0.04960626 -5.03235e-4 2.699999 0.05248534 -5.03235e-4 2.699999 0.05022883 -5.03235e-4 2.699999 0.05062532 -5.03235e-4 2.699999 0.05098176 -5.03235e-4 2.699999 0.05049312 -5.03235e-4 2.699999 0.05120611 -5.03235e-4 2.699999 0.04976189 -5.03235e-4 2.699999 -0.004587829 -0.005518078 2.699999 -7.20043e-5 0.006108641 2.699999 0.01276767 0.004230916 2.699999 0.01486092 0.004001736 2.699999 0.002228677 0.006175935 2.699999 0.002228677 -0.005518078 2.699999 0.003455221 -0.005518078 2.699999 0.003455221 0.005880832 2.699999 0.01695418 0.003787636 2.699999 0.01904749 0.003635346 2.699999 0.02114075 0.003535091 2.699999 0.002228677 -5.32091e-4 2.699999 0.003455221 -1.91875e-4 2.699999 0.023234 0.003469467 2.699999 -7.20043e-5 -0.005518078 2.699999 -0.002608299 -0.005518078 2.699999 -0.002608299 -5.32091e-4 2.699999 4.59937e-4 -0.005518078 2.699999 4.59937e-4 0.006477177 2.699999 4.59937e-4 -5.32091e-4 2.699999 0.001086354 -0.005518078 2.699999 0.001086354 0.006465554 2.699999 0.001086354 -5.32091e-4 2.699999 -0.001877784 -7.17714e-5 2.699999 -0.001877784 -5.32091e-4 2.699999 -0.001877784 -0.005518078 2.699999 -7.20043e-5 -5.32091e-4 2.699999 -9.74895e-4 -0.005518078 2.699999 -9.74895e-4 0.003018438 2.699999 -9.74895e-4 -5.32091e-4 2.699999 -0.001673221 2.5215e-4 2.699999 -0.001673221 -5.32091e-4 2.699999 -0.05990236 0.006108641 2.699999 -0.002243041 -5.32091e-4 2.699999 -0.002243041 -0.005518078 2.699999 -0.002243041 -3.63499e-4 2.699999 -5.2345e-4 -0.005518078 2.699999 -5.2345e-4 0.004684507 2.699999 -5.2345e-4 -5.32091e-4 2.699999 -2.97727e-4 -0.005518078 2.699999 -2.97727e-4 0.005548954 2.699999 -2.97727e-4 -5.32091e-4 2.699999 -1.84866e-4 -0.005518078 2.699999 -1.84866e-4 0.005882024 2.699999 -1.84866e-4 -5.32091e-4 2.699999 -0.001324057 -0.005518078 2.699999 -0.001324057 0.00157237 2.699999 -0.001324057 -5.32091e-4 2.699999 -0.001603364 4.53308e-4 2.699999 -0.07751458 -0.005518078 2.699999 -0.001603364 -0.005518078 2.699999 1.93967e-4 -5.32091e-4 2.699999 1.93967e-4 0.006346583 2.699999 1.93967e-4 -0.005518078 2.699999 6.09737e-5 -5.32091e-4 2.699999 6.09737e-5 0.006253302 2.699999 6.09737e-5 -0.005518078 2.699999 3.26945e-4 -0.005518078 2.699999 3.26945e-4 -5.32091e-4 2.699999 3.26945e-4 0.006418883 2.699999 7.7316e-4 0.006481885 2.699999 7.7316e-4 -5.32091e-4 2.699999 7.7316e-4 -0.005518078 2.699999 9.29771e-4 -0.005518078 2.699999 9.29771e-4 0.006479561 2.699999 9.29771e-4 -5.32091e-4 2.699999 0.01067435 0.004521906 2.699999 0.008581101 0.004864871 2.699999 0.005731165 0.005391538 2.699999 0.023234 6.86571e-5 2.699999 0.02114075 6.86571e-5 2.699999 0.01904749 6.86571e-5 2.699999 0.01695418 6.86571e-5 2.699999 0.01486092 6.86571e-5 2.699999 0.01276767 6.86571e-5 2.699999 0.01067435 6.86571e-5 2.699999 0.008581101 6.86571e-5 2.699999 0.005731165 6.86571e-5 2.699999 0.005731165 -0.004489958 2.699999 0.008581101 -0.004489958 2.699999 0.01067435 -0.004489958 2.699999 0.01276767 -0.004489958 2.699999 0.01486092 -0.004489958 2.699999 0.01695418 -0.004489958 2.699999 0.01904749 -0.004489958 2.699999 0.02114075 -0.004489958 2.699999 0.023234 -0.004489958 2.699999 -0.05890059 -0.005518078 2.699999 -0.05905723 -0.005518078 2.699999 -0.05905723 -5.32091e-4 2.699999 -0.05905723 0.006481885 2.699999 -0.05950343 0.006418883 2.699999 -0.05950343 -5.32091e-4 2.699999 -0.05950343 -0.005518078 2.699999 -0.05976939 -0.005518078 2.699999 -0.05976939 0.006253302 2.699999 -0.05976939 -5.32091e-4 2.699999 -0.05963641 -0.005518078 2.699999 -0.05963641 0.006346583 2.699999 -0.05963641 -5.32091e-4 2.699999 -0.06143379 -0.005518078 2.699999 -0.06143379 4.53308e-4 2.699999 -0.06115448 -5.32091e-4 2.699999 -0.06115448 0.00157237 2.699999 -0.06115448 -0.005518078 2.699999 -0.06001526 -5.32091e-4 2.699999 -0.06001526 0.005882024 2.699999 -0.06001526 -0.005518078 2.699999 -0.06012809 -5.32091e-4 2.699999 -0.06012809 0.005548954 2.699999 -0.06012809 -0.005518078 2.699999 -0.06035381 -5.32091e-4 2.699999 -0.06035381 0.004684507 2.699999 -0.06035381 -0.005518078 2.699999 -0.06207346 -3.63499e-4 2.699999 -0.06207346 -0.005518078 2.699999 -0.06207346 -5.32091e-4 2.699999 -0.06150364 -5.32091e-4 2.699999 -0.06150364 2.5215e-4 2.699999 -0.06080532 -5.32091e-4 2.699999 -0.06080532 0.003018438 2.699999 -0.06080532 -0.005518078 2.699999 -0.05990236 -5.32091e-4 2.699999 -0.06170815 -0.005518078 2.699999 -0.06170815 -5.32091e-4 2.699999 -0.06170815 -7.17714e-5 2.699999 -0.03450304 0.003441929 2.699999 -0.05874401 -5.32091e-4 2.699999 -0.05874401 0.006465554 2.699999 -0.05874401 -0.005518078 2.699999 -0.05937045 -5.32091e-4 2.699999 -0.05937045 0.006477177 2.699999 -0.05937045 -0.005518078 2.699999 -0.06243872 -5.32091e-4 2.699999 -0.06243872 -0.005518078 2.699999 -0.05990236 -0.005518078 2.699999 -0.03659635 0.003469467 2.699999 -0.0553593 -7.55973e-5 2.699999 -0.05760169 -5.32091e-4 2.699999 -0.03868961 0.003535091 2.699999 -0.07751458 -5.32091e-4 2.699999 -0.04078286 0.003635346 2.699999 -0.04287618 0.003787636 2.699999 -0.0553593 0.005662441 2.699999 -0.0553593 -0.004490017 2.699999 -0.05760169 -0.005518078 2.699999 -0.05760169 0.006175935 2.699999 -0.04496943 0.004001736 2.699999 -0.05890059 0.006479561 2.699999 -0.05890059 -5.32091e-4 2.699999 -0.04915601 0.004521906 2.699999 -0.05124926 0.004864871 2.699999 -0.05327868 0.005239903 2.699999 -0.03659635 6.86571e-5 2.699999 -0.03868961 6.86571e-5 2.699999 -0.04078286 6.86571e-5 2.699999 -0.04287618 6.86571e-5 2.699999 -0.04496943 6.86571e-5 2.699999 -0.04706275 6.86571e-5 2.699999 -0.04915601 6.86571e-5 2.699999 -0.05124926 6.86571e-5 2.699999 -0.05327868 6.86571e-5 2.699999 -0.05327868 -0.004489958 2.699999 -0.05124926 -0.004489958 2.699999 -0.04915601 -0.004489958 2.699999 -0.04706275 -0.004489958 2.699999 -0.04496943 -0.004489958 2.699999 -0.04287618 -0.004489958 2.699999 -0.04078286 -0.004489958 2.699999 -0.03868961 -0.004489958 2.699999 -0.03659635 -0.004489958 2.699999 -0.02194339 0.004230916 2.699999 -0.009103715 0.006108641 2.699999 -0.01010549 -0.005518078 2.699999 -0.009948849 -0.005518078 2.699999 -0.009948849 -5.32091e-4 2.699999 -0.009948849 0.006481885 2.699999 -0.009502649 0.006418883 2.699999 -0.009502649 -5.32091e-4 2.699999 -0.009502649 -0.005518078 2.699999 -0.009236693 -0.005518078 2.699999 -0.009236693 0.006253302 2.699999 -0.009236693 -5.32091e-4 2.699999 -0.009369671 -0.005518078 2.699999 -0.009369671 0.006346583 2.699999 -0.009369671 -5.32091e-4 2.699999 -0.007572293 -0.005518078 2.699999 -0.007572293 4.53308e-4 2.699999 -0.00785166 -5.32091e-4 2.699999 -0.00785166 0.00157237 2.699999 -0.00785166 -0.005518078 2.699999 -0.008990824 -5.32091e-4 2.699999 -0.008990824 0.005882024 2.699999 -0.008990824 -0.005518078 2.699999 -0.008877992 -5.32091e-4 2.699999 -0.008877992 0.005548954 2.699999 -0.008877992 -0.005518078 2.699999 -0.008652269 -5.32091e-4 2.699999 -0.008652269 0.004684507 2.699999 -0.008652269 -0.005518078 2.699999 -0.006932616 -3.63499e-4 2.699999 -0.006932616 -0.005518078 2.699999 -0.006932616 -5.32091e-4 2.699999 -0.007502436 -5.32091e-4 2.699999 -0.007502436 2.5215e-4 2.699999 -0.008200824 -5.32091e-4 2.699999 -0.008200824 0.003018438 2.699999 -0.008200824 -0.005518078 2.699999 -0.009103715 -5.32091e-4 2.699999 -0.007297933 -0.005518078 2.699999 -0.007297933 -5.32091e-4 2.699999 -0.007297933 -7.17714e-5 2.699999 -0.03450304 6.86534e-5 2.699999 -0.03450304 -0.004489958 2.699999 -0.01026207 -5.32091e-4 2.699999 -0.01026207 0.006465554 2.699999 -0.01026207 -0.005518078 2.699999 -0.009635627 -5.32091e-4 2.699999 -0.009635627 0.006477177 2.699999 -0.009635627 -0.005518078 2.699999 -0.006567358 -5.32091e-4 2.699999 -0.006567358 -0.005518078 2.699999 -0.009103715 -0.005518078 2.699999 -0.03240978 0.003469467 2.699999 -0.01263099 -1.91875e-4 2.699999 -0.01140445 -5.32091e-4 2.699999 -0.03031647 0.003535091 2.699999 -0.004587829 -5.32091e-4 2.699999 -0.02822321 0.003635346 2.699999 -0.02612996 0.003787636 2.699999 -0.01263099 0.005880832 2.699999 -0.01263099 -0.005518078 2.699999 -0.01140445 -0.005518078 2.699999 -0.01140445 0.006175935 2.699999 -0.02403664 0.004001736 2.699999 -0.01010549 0.006479561 2.699999 -0.01010549 -5.32091e-4 2.699999 -0.01985007 0.004521906 2.699999 -0.01775681 0.004864871 2.699999 -0.01490694 0.005391538 2.699999 -0.03240978 6.86571e-5 2.699999 -0.03031647 6.86571e-5 2.699999 -0.02822321 6.86571e-5 2.699999 -0.02612996 6.86571e-5 2.699999 -0.02403664 6.86571e-5 2.699999 -0.02194339 6.86571e-5 2.699999 -0.01985007 6.86571e-5 2.699999 -0.01775681 6.86571e-5 2.699999 -0.01490694 6.86571e-5 2.699999 -0.01490694 -0.004489958 2.699999 -0.01775681 -0.004489958 2.699999 -0.01985007 -0.004489958 2.699999 -0.02194339 -0.004489958 2.699999 -0.02403664 -0.004489958 2.699999 -0.02612996 -0.004489958 2.699999 -0.02822321 -0.004489958 2.699999 -0.03031647 -0.004489958 2.699999 -0.03240978 -0.004489958 2.699999</float_array>
          <technique_common>
            <accessor source="#Plane_002-mesh-positions-array" count="644" stride="3">
              <param name="X" type="float"/>
              <param name="Y" type="float"/>
              <param name="Z" type="float"/>
            </accessor>
          </technique_common>
        </source>
        <source id="Plane_002-mesh-normals">
          <float_array id="Plane_002-mesh-normals-array" count="1356">0 0 -1 0 0 1 2.65331e-5 0 1 8.85086e-5 0 1 -0.005622386 0 0.9999843 1.12395e-4 0 1 -6.95724e-5 0 1 -1.45634e-5 0 1 -3.36918e-5 0 1 -6.13937e-5 0 1 -2.67228e-5 0 1 -2.82798e-5 0 1 -6.49341e-4 0 0.9999999 1.12396e-4 0 1 0.004250764 0 0.9999911 -0.001352012 0 0.9999992 1.70794e-4 0 1 -9.60728e-5 0 1 -5.23384e-5 0 1 1.79312e-4 0 1 2.00543e-5 0 1 0.004250347 0 0.9999911 -6.49372e-4 0 0.9999999 -2.82798e-5 0 1 -1.5479e-5 0 1 1.95021e-5 0 1 -1.666e-4 0 1 -2.67226e-5 0 1 -9.60735e-5 0 1 -5.23388e-5 0 1 1.79311e-4 0 1 -0.004250526 0 0.9999911 8.48941e-5 0 1 -1.53751e-4 0 1 -3.84138e-5 0 1 0.1376767 0.9904773 0 0 -1 0 1.77964e-6 -1 0 0.411666 -0.9113348 -1.341e-7 0.1616894 0.9868417 0 -0.1944242 0.9809176 0 0.9702335 0.2421719 -3.16262e-7 0 -1 0 0.101751 0.9948099 0 1.77965e-6 -1 0 0 -1 0 -0.4190603 0.9079585 1.36473e-7 -0.1385214 0.9903595 0 0 -1 0 -0.01317346 0.9999133 0 -0.1645 0.9863771 0 0 -1 0 -0.1023777 0.9947456 0 0 -1 0 0 -1 0 0 -1 0 0 -1 0 0 -1 0 0.108821 0.9940614 0 -0.1094918 0.9939877 0 0 -1 0 0.6240473 0.7813866 -2.03416e-7 0.9747771 0.2231811 -3.17406e-7 0 -1 0 0.03132426 0.9995093 0 -0.03463143 0.9994002 0 0 -1 0 0.04784953 0.9988546 0 -0.05404138 0.9985388 0 0 -1 0 -0.7361396 0.6768298 2.39795e-7 0.7382332 0.6745457 -2.40269e-7 0 -1 0 0.01499432 0.9998876 0 -0.477647 0.878552 1.55559e-7 -0.2471768 0.9689704 0 0.9446759 0.3280052 -3.07933e-7 0 -1 0 0 -1 0 -0.4190733 0.9079524 1.36451e-7 -0.0149008 0.9998891 0 0.9656043 0.2600163 -3.14391e-7 0 -1 0 0.1088203 0.9940615 0 0.981904 0.1893797 -3.19724e-7 0.9651929 0.2615396 -3.14259e-7 0.9471044 0.3209256 -3.08363e-7 0.03132426 0.9995093 0 0 -1 0 0.9679428 0.2511708 -3.15159e-7 -0.7361227 0.6768481 2.39789e-7 0.2457385 0.9693362 0 0.9477089 0.319136 -3.08554e-7 0 -1 0 -1 0 3.25618e-7 0.8962486 0.4435523 -2.9192e-7 0.07255697 0.9973643 0 -0.8455203 0.5339434 2.75317e-7 0.8951388 0.4457879 -2.91568e-7 0 -1 0 0.9723955 0.2333389 -3.16619e-7 0 -1 0 0 -1 0 0 -1 0 0.8455248 0.5339363 -2.75608e-7 0.9705865 0.2407527 -3.16044e-7 0.1616893 0.9868417 0 -0.0149008 0.9998891 0 0.4799586 0.8772912 -1.56239e-7 0.9675611 0.2526376 -3.15037e-7 1.79046e-6 -1 0 0 -1 0 0 -1 0 0.5767205 0.8169415 -1.87661e-7 0.01488941 0.9998893 0 -0.9651945 0.2615334 3.14261e-7 0.5743438 0.8186142 -1.86901e-7 -0.4015341 0.915844 1.30776e-7 0.4036191 0.9149273 -1.31372e-7 0 -1 0 0 -1 0 -0.01500517 0.9998874 0 0.08903914 0.9960282 0 -0.944681 0.3279907 3.07608e-7 -0.04784947 0.9988546 0 0.245737 0.9693365 0 0.199018 0.9799959 0 -0.08959037 0.9959787 0 0 1 0 0.4167703 -0.9090119 -1.35764e-7 -0.07868772 0.9968993 0 0 -1 0 0 -1 0 -0.6240553 0.7813804 2.03199e-7 0 -1 0 0 -1 0 0 -1 0 0 -1 0 0 -1 0 0 -1 0 0 -1 0 -0.9675608 0.2526381 3.15074e-7 0 -1 0 -0.9720627 0.2347214 3.16529e-7 0 -1 0 0 -1 0 0.477647 0.878552 -1.55502e-7 0 -1 0 -0.4399994 -0.8979981 1.43214e-7 0 -1 0 0 -1 0 -0.101751 0.9948099 0 -0.9471006 0.3209369 3.08304e-7 0.4190668 0.9079555 -1.36616e-7 0 -1 0 -0.1088208 0.9940615 0 -0.9702342 0.2421685 3.15921e-7 -0.03132426 0.9995093 0 0.01317358 0.9999132 0 -0.8951383 0.4457886 2.91378e-7 0.7361193 0.6768519 -2.39601e-7 0 -1 0 0 -1 0 0 -1 0 0 1 0 0 -1 0 1 0 -3.25618e-7 0 -1 0 -0.972063 0.2347204 3.16529e-7 -0.07255637 0.9973644 0 -0.1616895 0.9868417 0 -0.6240387 0.7813935 2.03205e-7 -0.1376771 0.9904773 0 0 -1 0 -0.2101777 0.9776632 0 -0.9702333 0.2421723 3.15939e-7 0 -1 0 0 -1 0 0.2232227 0.9747675 0 -0.4116659 -0.9113349 1.33991e-7 0 -1 0 0.1817308 0.9833484 0 -0.2339364 0.9722519 0 -0.944672 0.3280168 3.07599e-7 -0.1817288 0.9833487 0 -0.4776653 0.878542 1.55565e-7 0 -1 0 0 -1 0 0 -1 0 0 -1 0 0 -1 0 -0.01215553 0.9999262 0 0 -1 0 0 -1 0 0 -1 0 -0.9651939 0.2615358 3.14261e-7 0 -1 0 0.01490062 0.9998891 0 -0.9470997 0.3209397 3.08304e-7 0 -1 0 -0.5743238 0.8186283 1.87125e-7 0 -1 0 0 -1 0 -0.01488929 0.9998892 0 0 -1 0 0.4015237 0.9158487 -1.30714e-7 0 -1 0 0 -1 0 0 -1 0 -0.8951365 0.4457922 2.91377e-7 0 -1 0 -0.08903753 0.9960283 0 0 -1 0 -0.4015134 0.9158533 1.30769e-7 0.1376776 0.9904771 0 -0.2457385 0.9693362 0 -0.8455345 0.5339208 2.75318e-7 0 -1 0 0.01488888 0.9998892 0 0 -1 0 -0.9675633 0.2526289 3.15074e-7 0 -1 0 0 -1 0 0 -1 0 0 -1 0 0 -1 0 -0.5743478 0.8186114 1.87133e-7 0.08903598 0.9960284 0 0.181729 0.9833487 0 0.9720646 0.2347135 -3.16514e-7 0.04784923 0.9988546 0 0.2339369 0.9722518 0 0 1 0 0.07255631 0.9973644 0 0 -1 0 -1.77964e-6 -1 0 0 -1 0 0 -1 0 0.2101778 0.9776632 0 -0.1786157 0.983919 0 -0.2353146 0.9719193 0 0 -1 0 0.01317352 0.9999133 0 -1.00227e-4 0 1 7.32253e-5 0 1 1.63576e-4 0 1 -6.70705e-5 0 1 -0.004115045 0 0.9999915 5.91039e-5 0 1 -1.51826e-4 0 1 0.001713335 0 0.9999986 -6.90162e-4 0 0.9999998 -1.76581e-4 0 1 4.79612e-5 0 1 5.3157e-5 0 1 -5.75015e-5 0 1 -0.005201518 0 0.9999865 0.005023241 0 0.9999874 6.56145e-4 0 0.9999998 -1.29564e-4 0 1 1.87552e-4 0 1 1.53751e-4 0 1 -1.78199e-4 0 1 -0.002640485 0 0.9999966 0.001467347 0 0.999999 3.75609e-4 0 1 -7.25687e-4 0 0.9999998 -3.95463e-4 0 1 -6.78489e-4 0 0.9999998 0.004020333 0 0.999992 -0.002672314 0 0.9999964 0.002128779 0 0.9999978 6.29727e-4 0 0.9999999 3.34498e-4 0 1 -2.05722e-4 0 1 -8.97634e-5 0 1 6.29692e-4 0 0.9999998 -0.002672493 0 0.9999965 0.00212866 0 0.9999977 3.75617e-4 0 1 3.3449e-4 0 1 -7.25713e-4 0 0.9999998 0.001467406 0 0.9999989 -3.9545e-4 0 1 -6.78512e-4 0 0.9999998 1.17607e-4 0 1 3.90395e-5 0 1 -1.53422e-4 0 1 -1.12395e-4 0 1 0.004970371 0 0.9999877 0.004072308 0 0.9999917 -0.005146145 0 0.9999868 -0.004128336 0 0.9999915 6.49357e-4 0 0.9999999 2.82798e-5 0 1 7.90907e-4 0 0.9999998 6.95724e-5 0 1 1.45634e-5 0 1 3.36918e-5 0 1 6.13937e-5 0 1 2.85117e-4 0 1 2.67227e-5 0 1 0.001352071 0 0.9999992 -3.90396e-5 0 1 9.60725e-5 0 1 5.23386e-5 0 1 -1.79311e-4 0 1 -2.00543e-5 0 1 0.1376767 0.9904773 0 0 -1 0 1.77964e-6 -1 0 0.411666 -0.9113348 -1.34072e-7 0.1616894 0.9868417 0 -0.1944252 0.9809174 0 0.9702335 0.2421719 -3.15915e-7 0 -1 0 0.1017511 0.99481 0 1.77965e-6 -1 0 -0.4190606 0.9079583 1.36426e-7 -0.1385214 0.9903595 0 0 -1 0 -0.01317346 0.9999133 0 -0.1645 0.9863771 0 -0.1023777 0.9947456 0 0 -1 0 0.1088212 0.9940614 0 -0.1094918 0.9939877 0 0 -1 0 0.6240473 0.7813866 -2.03415e-7 0.9747771 0.2231811 -3.17404e-7 0.0313242 0.9995093 0 -0.03463137 0.9994003 0 0.04784959 0.9988546 0 -0.05404156 0.9985387 0 -0.7361396 0.6768298 2.39601e-7 0.7382332 0.6745457 -2.40491e-7 0.01499432 0.9998876 0 -0.477647 0.878552 1.55498e-7 -0.2471768 0.9689704 0 0.9446739 0.328011 -3.07928e-7 0.101751 0.9948099 0 -0.4190733 0.9079524 1.36457e-7 -0.0149008 0.9998891 0 0.9656026 0.2600223 -3.14464e-7 0.1088203 0.9940615 0 0.981904 0.1893797 -3.19728e-7 0.9651928 0.2615396 -3.1433e-7 0.9471033 0.3209292 -3.08438e-7 0.9679428 0.2511708 -3.15216e-7 -0.7361228 0.6768481 2.39595e-7 0.2457386 0.9693362 0 0.9476994 0.3191643 -3.08632e-7 0.8962312 0.4435873 -2.91739e-7 0.07255679 0.9973644 0 -0.8455199 0.533944 2.75317e-7 0.8951387 0.4457878 -2.91383e-7 0 -1 0 0.9723938 0.2333459 -3.16639e-7 0 -1 0 0.8455247 0.5339363 -2.7561e-7 0.9705843 0.2407617 -3.16029e-7 -0.01490026 0.999889 0 0.4799895 0.8772743 -1.56244e-7 0.9675607 0.252639 -3.15091e-7 1.79047e-6 -1 0 0.5767205 0.8169415 -1.87925e-7 0.0148884 0.9998893 0 -0.9651944 0.2615335 3.1433e-7 0.5743438 0.8186142 -1.87136e-7 -0.4015341 0.915844 1.30781e-7 0.4035907 0.9149397 -1.31459e-7 0 -1 0 -0.01500624 0.9998874 0 0.08903914 0.9960281 0 -0.9446805 0.3279922 3.07602e-7 -0.04784935 0.9988546 0 0.2457394 0.969336 0 0.1990169 0.9799961 0 -0.08959668 0.9959782 0 0 1 0 0.4167703 -0.9090119 -1.35735e-7 -0.07868796 0.9968994 0 0 -1 0 -0.6240556 0.78138 2.03204e-7 0 -1 0 0 -1 0 -0.9675608 0.2526381 3.14997e-7 -0.9720644 0.2347143 3.16504e-7 0.4776431 0.878554 -1.55497e-7 -0.4399985 -0.8979986 1.43299e-7 0 -1 0 -0.1017512 0.9948099 0 -0.9471007 0.3209369 3.08437e-7 0.4190681 0.9079549 -1.36586e-7 0 -1 0 -0.1088206 0.9940614 0 -0.9702365 0.2421595 3.15935e-7 -0.03132432 0.9995093 0 0.01317358 0.9999132 0 -0.8951383 0.4457886 2.91549e-7 0.7361228 0.6768481 -2.3981e-7 1 0 -3.25618e-7 -0.972063 0.2347205 3.16503e-7 -0.07255637 0.9973644 0 -0.1616894 0.9868417 0 -0.6240387 0.7813935 2.03187e-7 -0.1376773 0.9904772 0 -0.2101777 0.9776632 0 -0.9702332 0.2421724 3.15915e-7 0 -1 0 0.2232227 0.9747675 0 -0.4116659 -0.9113349 1.34072e-7 0 -1 0 0.1817298 0.9833485 0 0 -1 0 -0.2339361 0.972252 0 -0.9446559 0.3280631 3.07601e-7 -0.181729 0.9833487 0 -0.4776654 0.878542 1.55504e-7 -0.01215547 0.9999262 0 -0.9651921 0.2615418 3.1433e-7 0 -1 0 0.01490062 0.9998891 0 -0.9470996 0.3209397 3.08437e-7 -0.5743239 0.8186283 1.8687e-7 0 -1 0 -0.01488929 0.9998892 0 0.4015237 0.9158487 -1.30777e-7 0 -1 0 -0.895154 0.4457573 2.91554e-7 -0.08903837 0.9960282 0 0 -1 0 -0.401513 0.9158533 1.30774e-7 0.1376776 0.9904771 0 -0.2457388 0.9693361 0 -0.8455346 0.5339209 2.75325e-7 0.01488888 0.9998892 0 -0.9675603 0.2526405 3.14997e-7 0 -1 0 -0.5743159 0.8186339 1.86868e-7 0.08903598 0.9960284 0 0.181729 0.9833487 0 0.9720646 0.2347135 -3.16532e-7 0.04784923 0.9988546 0 0.2339369 0.9722518 0 0.07255631 0.9973644 0 0 -1 0 -1.77964e-6 -1 0 0.2101778 0.9776632 0 -0.1786162 0.9839188 0 -0.2353146 0.9719193 0 0.01317346 0.9999132 0</float_array>
          <technique_common>
            <accessor source="#Plane_002-mesh-normals-array" count="452" stride="3">
              <param name="X" type="float"/>
              <param name="Y" type="float"/>
              <param name="Z" type="float"/>
            </accessor>
          </technique_common>
        </source>
        <source id="Plane_002-mesh-map-0">
          <float_array id="Plane_002-mesh-map-0-array" count="7704">0.4151484 0.3731126 0.4456235 0.9425132 0.4151485 0.9381386 0.3807509 0.3731125 0.4151485 0.9381386 0.3807509 0.9332009 0.3237233 0.3731126 0.3541984 0.9293892 0.3237233 0.9250146 0.3541984 0.3731126 0.3807509 0.9332009 0.3541984 0.9293892 0.262569 0.4188624 0.2606329 1 0.2606329 0.4194475 0.4456235 0.3731126 0.4760985 0.9468879 0.4456235 0.9425132 0.4760985 0.3731126 0.5010327 0.9504671 0.4760985 0.9468879 0.264505 0.4184191 0.262569 1 0.262569 0.4188624 0.2710011 0.4180399 0.2664411 1 0.2664411 0.4180678 0.2710011 0.4180399 0.2732812 1 0.2710011 1 0.2755612 0.4181377 0.2921918 0.9748852 0.2755612 1 0.6297714 0 0.5979986 0.3731126 0.5979986 0 0.6297714 0.3734253 0.5979987 0.9643863 0.5979986 0.3731126 0.5010326 0.3731126 0.5297762 0.9545931 0.5010327 0.9504671 0.5297761 0.3731126 0.5605145 0.9590055 0.5297762 0.9545931 0.5605143 0.3731126 0.5979987 0.9643863 0.5605145 0.9590055 0.4151484 0 0.3807509 0.3731125 0.3807509 0 0.4456235 0 0.4151484 0.3731126 0.4151484 0 0.4760985 0 0.4456235 0.3731126 0.4456235 0 0.5010326 0 0.4760985 0.3731126 0.4760985 0 0.5297761 0 0.5010326 0.3731126 0.5010326 0 0.5605143 0 0.5297761 0.3731126 0.5297761 0 0.5979986 0 0.5605143 0.3731126 0.5605143 0 0.245552 0.4563571 0.2404686 1 0.2404686 0.5023917 0.2521244 0.4321401 0.245552 1 0.245552 0.4563571 0.2554106 0.4243987 0.2521244 1 0.2521244 0.4321401 0.2570537 0.4219317 0.2554106 1 0.2554106 0.4243987 0.2364019 0.5991135 0.2364019 1 0.2353853 0.8948419 0.2606329 0.4194475 0.2586968 1 0.2586968 0.4203846 0.2586968 0.4203846 0.2570537 1 0.2570537 0.4219317 0.2664411 0.4180678 0.264505 1 0.264505 0.4184191 0.2732812 0.4180539 0.2755612 1 0.2732812 1 0.2921918 0.4180678 0.3237233 0.9250146 0.2921918 0.9748852 0.2324874 0.7156416 0.2353852 0.6207762 0.2353853 0.8948419 0.2404686 0.5023917 0.2364019 1 0.2364019 0.5991135 0.4151484 0.4156627 0.4456235 0.9425132 0.4456235 0.4156627 0.3846734 0.4156626 0.4151485 0.9381386 0.4151484 0.4156627 0.2755612 0.4156627 0.2921918 0.9748852 0.2921918 0.4156627 0.2921918 0.9748852 0.3100488 0.4079837 0.2921918 0.4156627 0.3100488 0.4079837 0.3431833 0.9309877 0.3431833 0.4141227 0.3431833 0.4141227 0.3846734 0.9337639 0.3846734 0.4156626 0.2921918 0.4156627 0.3100488 0 0.2921918 0 0.2755612 0.4156627 0.2921918 0 0.2755612 0 0.4456235 0.4156627 0.4760985 0.9468879 0.4760985 0.4156627 0.4760985 0.4156627 0.5065736 0.9512625 0.5065736 0.4156627 0 0.4156627 0.2217715 0 0 0 0.2570537 1 0.2586968 0.4156627 0.2570537 0.4156627 0.264505 0.4156627 0.2664411 0 0.264505 0 0.264505 1 0.2664411 0.4156627 0.264505 0.4156627 0.2732812 0.4156627 0.2755612 0 0.2732812 0 0.2732812 0.4156627 0.2755612 1 0.2755612 0.4156627 0.2217715 0.4156627 0.2270893 0.7078321 0.2270893 0.4156627 0.2270893 0.4156627 0.2324071 0 0.2270893 0 0.2570537 0.4156627 0.2586968 0 0.2570537 0 0.2404686 0.4156627 0.245552 0 0.2404686 0 0.2404686 1 0.245552 0.4156627 0.2404686 0.4156627 0.2324071 1 0.2353852 0.4156627 0.2324071 0.4156627 0.2324071 0 0.2353852 0.4156627 0.2353852 0 0.2217715 0.4156627 0.2270893 0 0.2217715 0 0.245552 0.4156627 0.2521244 0 0.245552 0 0.2270893 0.7078321 0.2324071 0.4156627 0.2270893 0.4156627 0.245552 1 0.2521244 0.4156627 0.245552 0.4156627 0.2521244 0.4156627 0.2554106 0 0.2521244 0 0.2521244 1 0.2554106 0.4156627 0.2521244 0.4156627 0.2554106 0.4156627 0.2570537 0 0.2554106 0 0.2554106 1 0.2570537 0.4156627 0.2554106 0.4156627 0.2364019 1 0.2404686 0.4156627 0.2364019 0.4156627 0.2364019 0 0.2404686 0.4156627 0.2404686 0 0.4151484 0.4156627 0.4456235 0.9425132 0.4456235 0.4156627 0.2364019 0.4156627 0.2353852 1 0.2364019 1 0.2606329 1 0.262569 0.4156627 0.2606329 0.4156627 0.2606329 0.4156627 0.262569 0 0.2606329 0 0.2586968 0.4156627 0.2606329 0 0.2586968 0 0.2586968 1 0.2606329 0.4156627 0.2586968 0.4156627 0.262569 1 0.264505 0.4156627 0.262569 0.4156627 0.262569 0.4156627 0.264505 0 0.262569 0 0.2664411 1 0.2710011 0.4156627 0.2664411 0.4156627 0.2664411 0.4156627 0.2710011 0 0.2664411 0 0.2710011 0.4156627 0.2732812 1 0.2732812 0.4156627 0.2710011 0.4156627 0.2732812 0 0.2710011 0 0.5979986 0 0.6284736 0.4156627 0.6284736 0 0.5979986 0.4156627 0.6284738 0.9687609 0.6284736 0.4156627 0.5065736 0.4156627 0.5370487 0.955637 0.5370486 0.4156627 0.5370486 0.4156627 0.5675237 0.9600117 0.5675236 0.4156627 0.5675236 0.4156627 0.5979987 0.9643863 0.5979986 0.4156627 0.3100488 0.4079837 0.3431833 0 0.3100488 0 0.3431833 0.4141227 0.3846734 0 0.3431833 0 0.3846734 0.4156626 0.4151484 0 0.3846734 0 0.4151484 0.4156627 0.4456235 0 0.4151484 0 0.4456235 0.4156627 0.4760985 0 0.4456235 0 0.4760985 0.4156627 0.5065735 0 0.4760985 0 0.5065736 0.4156627 0.5370486 0 0.5065735 0 0.5370486 0.4156627 0.5675236 0 0.5370486 0 0.5675236 0.4156627 0.5979986 0 0.5675236 0 0.262569 1 0.264505 0.4156627 0.262569 0.4156627 0.2570537 1 0.2586968 0.4156627 0.2570537 0.4156627 0.2606329 1 0.262569 0.4156627 0.2606329 0.4156627 0.2606329 0.4156627 0.262569 0 0.2606329 0 0.2554106 1 0.2570537 0.4156627 0.2554106 0.4156627 0 0.4156627 0.2217715 0 0 0 0.2364019 0 0.2404686 0.4156627 0.2404686 0 0.2364019 0.4156627 0.2353852 1 0.2364019 1 0.2586968 1 0.2606329 0.4156627 0.2586968 0.4156627 0.2586968 0.4156627 0.2606329 0 0.2586968 0 0.262569 0.4156627 0.264505 0 0.262569 0 0.2217715 0.4156627 0.2270893 0 0.2217715 0 0.2404686 1 0.245552 0.4156627 0.2404686 0.4156627 0.2404686 0.4156627 0.245552 0 0.2404686 0 0.2570537 0.4156627 0.2586968 0 0.2570537 0 0.2270893 0.7078321 0.2324071 0.4156627 0.2270893 0.4156627 0.2732812 0.4156627 0.2755612 1 0.2755612 0.4156627 0.2732812 0.4156627 0.2755612 0 0.2732812 0 0.245552 0.4156627 0.2521244 0 0.245552 0 0.2664411 1 0.2710011 0.4156627 0.2664411 0.4156627 0.2217715 0.4156627 0.2270893 0.7078321 0.2270893 0.4156627 0.2270893 0.4156627 0.2324071 0 0.2270893 0 0.2324071 1 0.2353852 0.4156627 0.2324071 0.4156627 0.2324071 0 0.2353852 0.4156627 0.2353852 0 0.264505 1 0.2664411 0.4156627 0.264505 0.4156627 0.264505 0.4156627 0.2664411 0 0.264505 0 0.4760985 0.4156627 0.5065736 0.9512625 0.5065736 0.4156627 0.245552 1 0.2521244 0.4156627 0.245552 0.4156627 0.2554106 0.4156627 0.2570537 0 0.2554106 0 0.2521244 1 0.2554106 0.4156627 0.2521244 0.4156627 0.2521244 0.4156627 0.2554106 0 0.2521244 0 0.2364019 1 0.2404686 0.4156627 0.2364019 0.4156627 0.3846734 0.4156626 0.4151485 0.9381386 0.4151484 0.4156627 0.2755612 0.4156627 0.2921918 0.9748852 0.2921918 0.4156627 0.2921918 0.4156627 0.3248372 0.9206448 0.3248372 0.4068025 0.3248372 0.4068025 0.3551279 0.9317601 0.355128 0.4099151 0.355128 0.4099151 0.3846734 0.9337639 0.3846734 0.4156626 0.2921918 0.4156627 0.3248371 0.01523566 0.2921918 0 0.2755612 0.4156627 0.2921918 0 0.2755612 0 0.4456235 0.4156627 0.4760985 0.9468879 0.4760985 0.4156627 0.2664411 0.4156627 0.2710011 0 0.2664411 0 0.2710011 0.4156627 0.2732812 1 0.2732812 0.4156627 0.2710011 0.4156627 0.2732812 0 0.2710011 0 0.5979986 0.4156627 0.6284736 0 0.5979986 0 0.5979986 0.4156627 0.6284738 0.9687609 0.6284736 0.4502694 0.5065736 0.4156627 0.5370487 0.955637 0.5370486 0.4156627 0.5370486 0.4156627 0.5675237 0.9600117 0.5675236 0.4156627 0.5675236 0.4156627 0.5979987 0.9643863 0.5979986 0.4156627 0.3248372 0.4068025 0.3551279 0 0.3248371 0.01523566 0.355128 0.4099151 0.3846734 0 0.3551279 0 0.3846734 0.4156626 0.4151484 0 0.3846734 0 0.4151484 0.4156627 0.4456235 0 0.4151484 0 0.4456235 0.4156627 0.4760985 0 0.4456235 0 0.4760985 0.4156627 0.5065735 0 0.4760985 0 0.5065736 0.4156627 0.5370486 0 0.5065735 0 0.5370486 0.4156627 0.5675236 0 0.5370486 0 0.5675236 0.4156627 0.5979986 0 0.5675236 0 0.4151484 0.4156627 0.4456235 0.9425132 0.4151485 0.9381386 0.264505 0.4156627 0.262569 1 0.262569 0.4156627 0.2586968 0.4156627 0.2570537 1 0.2570537 0.4156627 0.262569 0.4156627 0.2606329 1 0.2606329 0.4156627 0.262569 0 0.2606329 0.4156627 0.2606329 0 0.2570537 0.4156627 0.2554106 1 0.2554106 0.4156627 0.2217715 0 0 0.4156627 0 0 0.2364019 0 0.2404686 0.4156627 0.2364019 0.4156627 0.2364019 0.4156627 0.2364019 1 0.2353852 1 0.2606329 0.4156627 0.2586968 1 0.2586968 0.4156627 0.2606329 0 0.2586968 0.4156627 0.2586968 0 0.264505 0 0.262569 0.4156627 0.262569 0 0.2270893 0 0.2217715 0.4156627 0.2217715 0 0.245552 0.4156627 0.2404686 1 0.2404686 0.4156627 0.245552 0 0.2404686 0.4156627 0.2404686 0 0.2586968 0 0.2570537 0.4156627 0.2570537 0 0.2270893 0.7078321 0.2324071 0.4156627 0.2324071 1 0.2732812 0.4156627 0.2755612 1 0.2732812 1 0.2755612 0 0.2732812 0.4156627 0.2732812 0 0.2521244 0 0.245552 0.4156627 0.245552 0 0.2710011 0.4156627 0.2664411 1 0.2664411 0.4156627 0.2217715 0.4156627 0.2270893 0.4156627 0.2270893 0.7078321 0.2324071 0 0.2270893 0.4156627 0.2270893 0 0.2353852 0.4156627 0.2324071 1 0.2324071 0.4156627 0.2324071 0 0.2353852 0.4156627 0.2324071 0.4156627 0.2664411 0.4156627 0.264505 1 0.264505 0.4156627 0.2664411 0 0.264505 0.4156627 0.264505 0 0.4760985 0.4156627 0.5065736 0.9512625 0.4760985 0.9468879 0.2521244 0.4156627 0.245552 1 0.245552 0.4156627 0.2570537 0 0.2554106 0.4156627 0.2554106 0 0.2554106 0.4156627 0.2521244 1 0.2521244 0.4156627 0.2554106 0 0.2521244 0.4156627 0.2521244 0 0.2404686 0.4156627 0.2364019 1 0.2364019 0.4156627 0.3846734 0.4156626 0.4151485 0.9381386 0.3846734 0.9337639 0.2755612 0.4156627 0.2921918 0.9748852 0.2755612 1 0.3100488 0.4079837 0.2921918 0.9748852 0.2921918 0.4156627 0.3100488 0.4079837 0.3431833 0.9309877 0.3100488 0.9407425 0.3431833 0.4141227 0.3846734 0.9337639 0.3431833 0.9309877 0.3100488 0 0.2921918 0.4156627 0.2921918 0 0.2921918 0 0.2755612 0.4156627 0.2755612 0 0.4456235 0.4156627 0.4760985 0.9468879 0.4456235 0.9425132 0.2710011 0 0.2664411 0.4156627 0.2664411 0 0.2710011 0.4156627 0.2732812 1 0.2710011 1 0.2732812 0 0.2710011 0.4156627 0.2710011 0 0.5979986 0 0.6284736 0.4502694 0.5979986 0.4156627 0.5979986 0.4156627 0.6284738 0.9687609 0.5979987 0.9643863 0.5065736 0.4156627 0.5370487 0.955637 0.5065736 0.9512625 0.5370486 0.4156627 0.5675237 0.9600117 0.5370487 0.955637 0.5675236 0.4156627 0.5979987 0.9643863 0.5675237 0.9600117 0.3431833 0 0.3100488 0.4079837 0.3100488 0 0.3846734 0 0.3431833 0.4141227 0.3431833 0 0.4151484 0 0.3846734 0.4156626 0.3846734 0 0.4456235 0 0.4151484 0.4156627 0.4151484 0 0.4760985 0 0.4456235 0.4156627 0.4456235 0 0.5065735 0 0.4760985 0.4156627 0.4760985 0 0.5370486 0 0.5065736 0.4156627 0.5065735 0 0.5675236 0 0.5370486 0.4156627 0.5370486 0 0.5979986 0 0.5675236 0.4156627 0.5675236 0 0.4151484 0.3731126 0.4456235 0.9425132 0.4456235 0.3731126 0.3807509 0.3731125 0.4151485 0.9381386 0.4151484 0.3731126 0.3237233 0.3731126 0.3541984 0.9293892 0.3541984 0.3731126 0.3541984 0.3731126 0.3807509 0.9332009 0.3807509 0.3731125 0.2606329 1 0.262569 0.4188624 0.2606329 0.4194475 0.4456235 0.3731126 0.4760985 0.9468879 0.4760985 0.3731126 0.4760985 0.3731126 0.5010327 0.9504671 0.5010326 0.3731126 0.262569 1 0.264505 0.4184191 0.262569 0.4188624 0.2664411 1 0.2710011 0.4180399 0.2664411 0.4180678 0.2710011 0.4180399 0.2732812 1 0.2732812 0.4180539 0.2755612 0.4181377 0.2921918 0.9748852 0.2921918 0.4180678 0.5979986 0.3731126 0.6297714 0 0.5979986 0 0.5979987 0.9643863 0.6297714 0.3734253 0.5979986 0.3731126 0.5010326 0.3731126 0.5297762 0.9545931 0.5297761 0.3731126 0.5297761 0.3731126 0.5605145 0.9590055 0.5605143 0.3731126 0.5605143 0.3731126 0.5979987 0.9643863 0.5979986 0.3731126 0.3807509 0.3731125 0.4151484 0 0.3807509 0 0.4151484 0.3731126 0.4456235 0 0.4151484 0 0.4456235 0.3731126 0.4760985 0 0.4456235 0 0.4760985 0.3731126 0.5010326 0 0.4760985 0 0.5010326 0.3731126 0.5297761 0 0.5010326 0 0.5297761 0.3731126 0.5605143 0 0.5297761 0 0.5605143 0.3731126 0.5979986 0 0.5605143 0 0.2404686 1 0.245552 0.4563571 0.2404686 0.5023917 0.245552 1 0.2521244 0.4321401 0.245552 0.4563571 0.2521244 1 0.2554106 0.4243987 0.2521244 0.4321401 0.2554106 1 0.2570537 0.4219317 0.2554106 0.4243987 0.2364019 0.5991135 0.2353853 0.8948419 0.2364019 1 0.2586968 1 0.2606329 0.4194475 0.2586968 0.4203846 0.2570537 1 0.2586968 0.4203846 0.2570537 0.4219317 0.264505 1 0.2664411 0.4180678 0.264505 0.4184191 0.2732812 0.4180539 0.2755612 1 0.2755612 0.4181377 0.2921918 0.4180678 0.3237233 0.9250146 0.3237233 0.3731126 0.2324874 0.7156416 0.2353853 0.8948419 0.2353852 0.6207762 0.2364019 1 0.2404686 0.5023917 0.2364019 0.5991135 0.4151484 0.4156627 0.4456235 0.9425132 0.4151485 0.9381386 0.3846734 0.4156626 0.4151485 0.9381386 0.3846734 0.9337639 0.2755612 0.4156627 0.2921918 0.9748852 0.2755612 1 0.3100488 0.4079837 0.2921918 0.9748852 0.2921918 0.4156627 0.3100488 0.4079837 0.3431833 0.9309877 0.3100488 0.9407425 0.3431833 0.4141227 0.3846734 0.9337639 0.3431833 0.9309877 0.3100488 0 0.2921918 0.4156627 0.2921918 0 0.2921918 0 0.2755612 0.4156627 0.2755612 0 0.4456235 0.4156627 0.4760985 0.9468879 0.4456235 0.9425132 0.4760985 0.4156627 0.5065736 0.9512625 0.4760985 0.9468879 0.2217715 0 0 0.4156627 0 0 0.2586968 0.4156627 0.2570537 1 0.2570537 0.4156627 0.2664411 0 0.264505 0.4156627 0.264505 0 0.2664411 0.4156627 0.264505 1 0.264505 0.4156627 0.2755612 0 0.2732812 0.4156627 0.2732812 0 0.2732812 0.4156627 0.2755612 1 0.2732812 1 0.2217715 0.4156627 0.2270893 0.4156627 0.2270893 0.7078321 0.2324071 0 0.2270893 0.4156627 0.2270893 0 0.2586968 0 0.2570537 0.4156627 0.2570537 0 0.245552 0 0.2404686 0.4156627 0.2404686 0 0.245552 0.4156627 0.2404686 1 0.2404686 0.4156627 0.2353852 0.4156627 0.2324071 1 0.2324071 0.4156627 0.2324071 0 0.2353852 0.4156627 0.2324071 0.4156627 0.2270893 0 0.2217715 0.4156627 0.2217715 0 0.2521244 0 0.245552 0.4156627 0.245552 0 0.2270893 0.7078321 0.2324071 0.4156627 0.2324071 1 0.2521244 0.4156627 0.245552 1 0.245552 0.4156627 0.2554106 0 0.2521244 0.4156627 0.2521244 0 0.2554106 0.4156627 0.2521244 1 0.2521244 0.4156627 0.2570537 0 0.2554106 0.4156627 0.2554106 0 0.2570537 0.4156627 0.2554106 1 0.2554106 0.4156627 0.2404686 0.4156627 0.2364019 1 0.2364019 0.4156627 0.2364019 0 0.2404686 0.4156627 0.2364019 0.4156627 0.4151484 0.4156627 0.4456235 0.9425132 0.4151485 0.9381386 0.2364019 0.4156627 0.2364019 1 0.2353852 1 0.262569 0.4156627 0.2606329 1 0.2606329 0.4156627 0.262569 0 0.2606329 0.4156627 0.2606329 0 0.2606329 0 0.2586968 0.4156627 0.2586968 0 0.2606329 0.4156627 0.2586968 1 0.2586968 0.4156627 0.264505 0.4156627 0.262569 1 0.262569 0.4156627 0.264505 0 0.262569 0.4156627 0.262569 0 0.2710011 0.4156627 0.2664411 1 0.2664411 0.4156627 0.2710011 0 0.2664411 0.4156627 0.2664411 0 0.2710011 0.4156627 0.2732812 1 0.2710011 1 0.2732812 0 0.2710011 0.4156627 0.2710011 0 0.5979986 0 0.6284736 0.4156627 0.5979986 0.4156627 0.5979986 0.4156627 0.6284738 0.9687609 0.5979987 0.9643863 0.5065736 0.4156627 0.5370487 0.955637 0.5065736 0.9512625 0.5370486 0.4156627 0.5675237 0.9600117 0.5370487 0.955637 0.5675236 0.4156627 0.5979987 0.9643863 0.5675237 0.9600117 0.3431833 0 0.3100488 0.4079837 0.3100488 0 0.3846734 0 0.3431833 0.4141227 0.3431833 0 0.4151484 0 0.3846734 0.4156626 0.3846734 0 0.4456235 0 0.4151484 0.4156627 0.4151484 0 0.4760985 0 0.4456235 0.4156627 0.4456235 0 0.5065735 0 0.4760985 0.4156627 0.4760985 0 0.5370486 0 0.5065736 0.4156627 0.5065735 0 0.5675236 0 0.5370486 0.4156627 0.5370486 0 0.5979986 0 0.5675236 0.4156627 0.5675236 0 0.264505 0.4156627 0.262569 1 0.262569 0.4156627 0.2586968 0.4156627 0.2570537 1 0.2570537 0.4156627 0.262569 0.4156627 0.2606329 1 0.2606329 0.4156627 0.262569 0 0.2606329 0.4156627 0.2606329 0 0.2570537 0.4156627 0.2554106 1 0.2554106 0.4156627 0.2217715 0 0 0.4156627 0 0 0.2364019 0 0.2404686 0.4156627 0.2364019 0.4156627 0.2364019 0.4156627 0.2364019 1 0.2353852 1 0.2606329 0.4156627 0.2586968 1 0.2586968 0.4156627 0.2606329 0 0.2586968 0.4156627 0.2586968 0 0.264505 0 0.262569 0.4156627 0.262569 0 0.2270893 0 0.2217715 0.4156627 0.2217715 0 0.245552 0.4156627 0.2404686 1 0.2404686 0.4156627 0.245552 0 0.2404686 0.4156627 0.2404686 0 0.2586968 0 0.2570537 0.4156627 0.2570537 0 0.2270893 0.7078321 0.2324071 0.4156627 0.2324071 1 0.2732812 0.4156627 0.2755612 1 0.2732812 1 0.2755612 0 0.2732812 0.4156627 0.2732812 0 0.2521244 0 0.245552 0.4156627 0.245552 0 0.2710011 0.4156627 0.2664411 1 0.2664411 0.4156627 0.2217715 0.4156627 0.2270893 0.4156627 0.2270893 0.7078321 0.2324071 0 0.2270893 0.4156627 0.2270893 0 0.2353852 0.4156627 0.2324071 1 0.2324071 0.4156627 0.2324071 0 0.2353852 0.4156627 0.2324071 0.4156627 0.2664411 0.4156627 0.264505 1 0.264505 0.4156627 0.2664411 0 0.264505 0.4156627 0.264505 0 0.4760985 0.4156627 0.5065736 0.9512625 0.4760985 0.9468879 0.2521244 0.4156627 0.245552 1 0.245552 0.4156627 0.2570537 0 0.2554106 0.4156627 0.2554106 0 0.2554106 0.4156627 0.2521244 1 0.2521244 0.4156627 0.2554106 0 0.2521244 0.4156627 0.2521244 0 0.2404686 0.4156627 0.2364019 1 0.2364019 0.4156627 0.3846734 0.4156626 0.4151485 0.9381386 0.3846734 0.9337639 0.2755612 0.4156627 0.2921918 0.9748852 0.2755612 1 0.2921918 0.4156627 0.3248372 0.9206448 0.2921918 0.9748852 0.3248372 0.4068025 0.3551279 0.9317601 0.3248372 0.9206448 0.355128 0.4099151 0.3846734 0.9337639 0.3551279 0.9317601 0.3248371 0.01523566 0.2921918 0.4156627 0.2921918 0 0.2921918 0 0.2755612 0.4156627 0.2755612 0 0.4456235 0.4156627 0.4760985 0.9468879 0.4456235 0.9425132 0.2710011 0 0.2664411 0.4156627 0.2664411 0 0.2710011 0.4156627 0.2732812 1 0.2710011 1 0.2732812 0 0.2710011 0.4156627 0.2710011 0 0.6284736 0 0.5979986 0.4156627 0.5979986 0 0.5979986 0.4156627 0.6284738 0.9687609 0.5979987 0.9643863 0.5065736 0.4156627 0.5370487 0.955637 0.5065736 0.9512625 0.5370486 0.4156627 0.5675237 0.9600117 0.5370487 0.955637 0.5675236 0.4156627 0.5979987 0.9643863 0.5675237 0.9600117 0.3551279 0 0.3248372 0.4068025 0.3248371 0.01523566 0.3846734 0 0.355128 0.4099151 0.3551279 0 0.4151484 0 0.3846734 0.4156626 0.3846734 0 0.4456235 0 0.4151484 0.4156627 0.4151484 0 0.4760985 0 0.4456235 0.4156627 0.4456235 0 0.5065735 0 0.4760985 0.4156627 0.4760985 0 0.5370486 0 0.5065736 0.4156627 0.5065735 0 0.5675236 0 0.5370486 0.4156627 0.5370486 0 0.5979986 0 0.5675236 0.4156627 0.5675236 0 0.4151484 0.4156627 0.4456235 0.9425132 0.4456235 0.4156627 0.262569 1 0.264505 0.4156627 0.262569 0.4156627 0.2570537 1 0.2586968 0.4156627 0.2570537 0.4156627 0.2606329 1 0.262569 0.4156627 0.2606329 0.4156627 0.2606329 0.4156627 0.262569 0 0.2606329 0 0.2554106 1 0.2570537 0.4156627 0.2554106 0.4156627 0 0.4156627 0.2217715 0 0 0 0.2364019 0 0.2404686 0.4156627 0.2404686 0 0.2364019 0.4156627 0.2353852 1 0.2364019 1 0.2586968 1 0.2606329 0.4156627 0.2586968 0.4156627 0.2586968 0.4156627 0.2606329 0 0.2586968 0 0.262569 0.4156627 0.264505 0 0.262569 0 0.2217715 0.4156627 0.2270893 0 0.2217715 0 0.2404686 1 0.245552 0.4156627 0.2404686 0.4156627 0.2404686 0.4156627 0.245552 0 0.2404686 0 0.2570537 0.4156627 0.2586968 0 0.2570537 0 0.2270893 0.7078321 0.2324071 0.4156627 0.2270893 0.4156627 0.2732812 0.4156627 0.2755612 1 0.2755612 0.4156627 0.2732812 0.4156627 0.2755612 0 0.2732812 0 0.245552 0.4156627 0.2521244 0 0.245552 0 0.2664411 1 0.2710011 0.4156627 0.2664411 0.4156627 0.2217715 0.4156627 0.2270893 0.7078321 0.2270893 0.4156627 0.2270893 0.4156627 0.2324071 0 0.2270893 0 0.2324071 1 0.2353852 0.4156627 0.2324071 0.4156627 0.2324071 0 0.2353852 0.4156627 0.2353852 0 0.264505 1 0.2664411 0.4156627 0.264505 0.4156627 0.264505 0.4156627 0.2664411 0 0.264505 0 0.4760985 0.4156627 0.5065736 0.9512625 0.5065736 0.4156627 0.245552 1 0.2521244 0.4156627 0.245552 0.4156627 0.2554106 0.4156627 0.2570537 0 0.2554106 0 0.2521244 1 0.2554106 0.4156627 0.2521244 0.4156627 0.2521244 0.4156627 0.2554106 0 0.2521244 0 0.2364019 1 0.2404686 0.4156627 0.2364019 0.4156627 0.3846734 0.4156626 0.4151485 0.9381386 0.4151484 0.4156627 0.2755612 0.4156627 0.2921918 0.9748852 0.2921918 0.4156627 0.2921918 0.9748852 0.3100488 0.4079837 0.2921918 0.4156627 0.3100488 0.4079837 0.3431833 0.9309877 0.3431833 0.4141227 0.3431833 0.4141227 0.3846734 0.9337639 0.3846734 0.4156626 0.2921918 0.4156627 0.3100488 0 0.2921918 0 0.2755612 0.4156627 0.2921918 0 0.2755612 0 0.4456235 0.4156627 0.4760985 0.9468879 0.4760985 0.4156627 0.2664411 0.4156627 0.2710011 0 0.2664411 0 0.2710011 0.4156627 0.2732812 1 0.2732812 0.4156627 0.2710011 0.4156627 0.2732812 0 0.2710011 0 0.5979986 0 0.6284736 0.4502694 0.6284736 0 0.5979986 0.4156627 0.6284738 0.9687609 0.6284736 0.4502694 0.5065736 0.4156627 0.5370487 0.955637 0.5370486 0.4156627 0.5370486 0.4156627 0.5675237 0.9600117 0.5675236 0.4156627 0.5675236 0.4156627 0.5979987 0.9643863 0.5979986 0.4156627 0.3100488 0.4079837 0.3431833 0 0.3100488 0 0.3431833 0.4141227 0.3846734 0 0.3431833 0 0.3846734 0.4156626 0.4151484 0 0.3846734 0 0.4151484 0.4156627 0.4456235 0 0.4151484 0 0.4456235 0.4156627 0.4760985 0 0.4456235 0 0.4760985 0.4156627 0.5065735 0 0.4760985 0 0.5065736 0.4156627 0.5370486 0 0.5065735 0 0.5370486 0.4156627 0.5675236 0 0.5370486 0 0.5675236 0.4156627 0.5979986 0 0.5675236 0 0.4151485 0.9381386 0.4456235 0.9425132 0.4456235 0.9425132 0.2324071 0 0.2353852 0 0.2353852 0 0.6284736 0 0.5979986 0 0.5979986 0 0.3431833 0 0.3100488 0 0.3100488 0 0.3846734 0.9337639 0.4151485 0.9381386 0.4151485 0.9381386 0.3541984 0.9293892 0.3237233 0.9250146 0.3237233 0.9250146 0.2404686 1 0.2364019 1 0.2364019 1 0.3846734 0 0.3431833 0 0.3431833 0 0.4760985 0.9468879 0.5065736 0.9512625 0.5065736 0.9512625 0.6284736 0 0.5979986 0 0.5979986 0 0.4151484 0 0.3846734 0 0.3846734 0 0.2217715 0.4156627 0.2270893 0.7078321 0.2270893 0.7078321 0.4456235 0.9425132 0.4151485 0.9381386 0.4151485 0.9381386 0.4456235 0 0.4151484 0 0.4151484 0 0.6284738 0.9687609 0.5979987 0.9643863 0.5979987 0.9643863 0.4151485 0.9381386 0.3807509 0.9332009 0.3807509 0.9332009 0.4760985 0 0.4456235 0 0.4456235 0 0.5010327 0.9504671 0.4760985 0.9468879 0.4760985 0.9468879 0.2364019 0 0.2404686 0 0.2404686 0 0.2353852 0 0.2324071 0 0.2324071 0 0.5065735 0 0.4760985 0 0.4760985 0 0.2364019 0.5991135 0.2404686 0.5023917 0.2404686 0.5023917 0.5370486 0 0.5065735 0 0.5065735 0 0.4456235 0.9425132 0.4760985 0.9468879 0.4760985 0.9468879 0.4760985 0.9468879 0.4456235 0.9425132 0.4456235 0.9425132 0.5675236 0 0.5370486 0 0.5370486 0 0.3237233 0.3731126 0.3541984 0.3731126 0.3541984 0.3731126 0.2324071 1 0.2270893 0.7078321 0.2270893 0.7078321 0.5979986 0 0.5675236 0 0.5675236 0 0.2353853 0.8948419 0.2324874 0.7156416 0.2324874 0.7156416 0.2755612 0 0.2732812 0 0.2732812 0 0.5675237 0.9600117 0.5979987 0.9643863 0.5979987 0.9643863 0.5979987 0.9643863 0.5605145 0.9590055 0.5605145 0.9590055 0.2217715 0 0.2270893 0 0.2270893 0 0.5370487 0.955637 0.5675237 0.9600117 0.5675237 0.9600117 0.5605145 0.9590055 0.5297762 0.9545931 0.5297762 0.9545931 0.2710011 0 0.2664411 0 0.2664411 0 0.2586968 1 0.2606329 1 0.2606329 1 0.2606329 1 0.2586968 1 0.2586968 1 0.2217715 0 0 0 0 0 0.2710011 1 0.2664411 1 0.2664411 1 0.262569 1 0.264505 1 0.264505 1 0.2921918 0.9748852 0.2755612 1 0.2755612 1 0.2364019 1 0.2353852 1 0.2353852 1 0.2586968 0 0.2570537 0 0.2570537 0 0.4760985 0.9468879 0.5065736 0.9512625 0.5065736 0.9512625 0.2664411 0 0.264505 0 0.264505 0 0.2217715 0.4156627 0.2270893 0.7078321 0.2270893 0.7078321 0.2664411 1 0.2710011 1 0.2710011 1 0.2521244 1 0.245552 1 0.245552 1 0.2404686 0 0.245552 0 0.245552 0 0.4456235 0.9425132 0.4760985 0.9468879 0.4760985 0.9468879 0.2364019 1 0.2353853 0.8948419 0.2353853 0.8948419 0.2521244 1 0.245552 1 0.245552 1 0.2570537 1 0.2554106 1 0.2554106 1 0.5675237 0.9600117 0.5979987 0.9643863 0.5979987 0.9643863 0.2755612 0 0.2732812 0 0.2732812 0 0.2554106 1 0.2521244 1 0.2521244 1 0.2586968 1 0.2606329 1 0.2606329 1 0.2755612 1 0.2921918 0.9748852 0.2921918 0.9748852 0.2570537 1 0.2554106 1 0.2554106 1 0.2586968 0 0.2570537 0 0.2570537 0 0 0 0 0.4156627 0 0.4156627 0.2586968 1 0.2570537 1 0.2570537 1 0.5065736 0.9512625 0.5370487 0.955637 0.5370487 0.955637 0.2324071 1 0.2353852 1 0.2353852 1 0.2586968 1 0.2570537 1 0.2570537 1 0.2217715 0 0 0 0 0 0.245552 1 0.2404686 1 0.2404686 1 0.2270893 0 0.2324071 0 0.2324071 0 0.2521244 0 0.245552 0 0.245552 0 0.2324071 0 0.2270893 0 0.2270893 0 0.2353852 1 0.2324071 1 0.2324071 1 0.2404686 1 0.2364019 1 0.2364019 1 0.3846734 0.9337639 0.4151485 0.9381386 0.4151485 0.9381386 0.2664411 1 0.2710011 1 0.2710011 1 0.264505 1 0.262569 1 0.262569 1 0.2554106 1 0.2521244 1 0.2521244 1 0.3551279 0 0.3248371 0.01523566 0.3248371 0.01523566 0.3846734 0 0.3551279 0 0.3551279 0 0.245552 0 0.2404686 0 0.2404686 0 0.262569 1 0.2606329 1 0.2606329 1 0.4151484 0 0.3846734 0 0.3846734 0 0.2710011 1 0.2732812 1 0.2732812 1 0.245552 1 0.2521244 1 0.2521244 1 0.262569 1 0.2606329 1 0.2606329 1 0.4456235 0 0.4151484 0 0.4151484 0 0.264505 1 0.2664411 1 0.2664411 1 0.2664411 1 0.264505 1 0.264505 1 0.4760985 0 0.4456235 0 0.4456235 0 0.5065735 0 0.4760985 0 0.4760985 0 0.2606329 0 0.2586968 0 0.2586968 0 0.2732812 1 0.2710011 1 0.2710011 1 0.5370486 0 0.5065735 0 0.5065735 0 0.2732812 1 0.2755612 1 0.2755612 1 0.2353852 1 0.2364019 1 0.2364019 1 0.5675237 0.9600117 0.5370487 0.955637 0.5370487 0.955637 0.5675236 0 0.5370486 0 0.5370486 0 0.2755612 1 0.2921918 0.9748852 0.2921918 0.9748852 0.3248372 0.9206448 0.3551279 0.9317601 0.3551279 0.9317601 0.2755612 1 0.2732812 1 0.2732812 1 0.2217715 0.4156627 0 0.4156627 0 0.4156627 0.5979986 0 0.5675236 0 0.5675236 0 0.3248371 0.01523566 0.2921918 0 0.2921918 0 0.2664411 0 0.264505 0 0.264505 0 0.5297762 0.9545931 0.5010327 0.9504671 0.5010327 0.9504671 0.264505 0 0.262569 0 0.262569 0 0.2732812 0 0.2710011 0 0.2710011 0 0.2270893 0 0.2217715 0 0.2217715 0 0.2270893 0.7078321 0.2324071 1 0.2324071 1 0.3541984 0.3731126 0.3807509 0.3731125 0.3807509 0.3731125 0.2732812 0 0.2755612 0 0.2755612 0 0.262569 0 0.2606329 0 0.2606329 0 0.3807509 0 0.4151484 0 0.4151484 0 0.2521244 0 0.245552 0 0.245552 0 0.4151484 0 0.4456235 0 0.4456235 0 0.2664411 0 0.2710011 0 0.2710011 0 0.2521244 1 0.2554106 1 0.2554106 1 0.4456235 0 0.4760985 0 0.4760985 0 0.2404686 1 0.245552 1 0.245552 1 0.4760985 0 0.5010326 0 0.5010326 0 0.5010326 0 0.5297761 0 0.5297761 0 0.264505 1 0.262569 1 0.262569 1 0.2570537 0 0.2554106 0 0.2554106 0 0.5297761 0 0.5605143 0 0.5605143 0 0.2554106 0 0.2521244 0 0.2521244 0 0.5605143 0 0.5979986 0 0.5979986 0 0.5065736 0.9512625 0.4760985 0.9468879 0.4760985 0.9468879 0.2554106 1 0.2570537 1 0.2570537 1 0.2270893 0.7078321 0.2217715 0.4156627 0.2217715 0.4156627 0.2554106 0 0.2521244 0 0.2521244 0 0.4760985 0.9468879 0.4456235 0.9425132 0.4456235 0.9425132 0.2364019 1 0.2404686 1 0.2404686 1 0.2570537 0 0.2554106 0 0.2554106 0 0.5979987 0.9643863 0.5675237 0.9600117 0.5675237 0.9600117 0.5979987 0.9643863 0.6284738 0.9687609 0.6284738 0.9687609 0.2570537 1 0.2586968 1 0.2586968 1 0.2606329 1 0.2586968 1 0.2586968 1 0 0 0.2217715 0 0.2217715 0 0.2570537 0 0.2586968 0 0.2586968 0 0.2404686 0 0.2364019 0 0.2364019 0 0 0.4156627 0.2217715 0.4156627 0.2217715 0.4156627 0.2404686 0 0.2364019 0 0.2364019 0 0.3807509 0.3731125 0.3807509 0 0.3807509 0 0.2353852 0 0.2324071 0 0.2324071 0 0.2404686 1 0.245552 1 0.245552 1 0.5370487 0.955637 0.5065736 0.9512625 0.5065736 0.9512625 0.4151485 0.9381386 0.3846734 0.9337639 0.3846734 0.9337639 0.2270893 0.7078321 0.2324071 1 0.2324071 1 0.4456235 0.9425132 0.4151485 0.9381386 0.4151485 0.9381386 0.2270893 0 0.2217715 0 0.2217715 0 0.3431833 0.9309877 0.3100488 0.9407425 0.3100488 0.9407425 0.2364019 1 0.2404686 1 0.2404686 1 0.2921918 0 0.3100488 0 0.3100488 0 0.2921918 0 0.2755612 0 0.2755612 0 0.2921918 0.9748852 0.3248372 0.9206448 0.3248372 0.9206448 0.3100488 0 0.3431833 0 0.3431833 0 0.2755612 0 0.2921918 0 0.2921918 0 0.3551279 0.9317601 0.3846734 0.9337639 0.3846734 0.9337639 0.3431833 0 0.3846734 0 0.3846734 0 0.3100488 0.9407425 0.2921918 0.9748852 0.2921918 0.9748852 0.2353852 1 0.2364019 1 0.2364019 1 0.3846734 0 0.4151484 0 0.4151484 0 0.3846734 0.9337639 0.3431833 0.9309877 0.3431833 0.9309877 0.4151484 0 0.4456235 0 0.4456235 0 0.262569 1 0.264505 1 0.264505 1 0.5979986 0 0.6297714 0 0.6297714 0 0.4456235 0 0.4760985 0 0.4760985 0 0.245552 0 0.2521244 0 0.2521244 0 0.245552 0 0.2404686 0 0.2404686 0 0.262569 0 0.2606329 0 0.2606329 0 0.6296788 0.9695395 0.5979987 0.9643863 0.5979987 0.9643863 0.4760985 0 0.5065735 0 0.5065735 0 0.2606329 0.4194475 0.262569 0.4188624 0.262569 0.4188624 0.5065735 0 0.5370486 0 0.5370486 0 0.245552 1 0.2521244 1 0.2521244 1 0.2755612 0.4181377 0.2921918 0.4180678 0.2921918 0.4180678 0.5370486 0 0.5675236 0 0.5675236 0 0.2710011 1 0.2664411 1 0.2664411 1 0.2554106 1 0.2570537 1 0.2570537 1 0.2664411 0.4180678 0.2710011 0.4180399 0.2710011 0.4180399 0.5675236 0 0.5979986 0 0.5979986 0 0.2606329 1 0.262569 1 0.262569 1 0.2710011 0.4180399 0.2732812 0.4180539 0.2732812 0.4180539 0.2606329 0 0.2586968 0 0.2586968 0 0.262569 0.4188624 0.264505 0.4184191 0.264505 0.4184191 0.2732812 1 0.2710011 1 0.2710011 1 0.2404686 0.5023917 0.245552 0.4563571 0.245552 0.4563571 0.2664411 1 0.264505 1 0.264505 1 0.245552 0.4563571 0.2521244 0.4321401 0.2521244 0.4321401 0.264505 0 0.262569 0 0.262569 0 0.2521244 0.4321401 0.2554106 0.4243987 0.2554106 0.4243987 0.2586968 0 0.2606329 0 0.2606329 0 0.2570537 1 0.2586968 1 0.2586968 1 0.2554106 0.4243987 0.2570537 0.4219317 0.2570537 0.4219317 0.2755612 1 0.2732812 1 0.2732812 1 0.2324071 0 0.2270893 0 0.2270893 0 0.264505 1 0.2664411 1 0.2664411 1 0.4151485 0.9381386 0.4456235 0.9425132 0.4456235 0.9425132 0.2921918 0.9748852 0.2755612 1 0.2755612 1 0.2324071 1 0.2353852 1 0.2353852 1 0.2586968 0.4203846 0.2606329 0.4194475 0.2606329 0.4194475 0.2570537 0.4219317 0.2586968 0.4203846 0.2586968 0.4203846 0.264505 0 0.2664411 0 0.2664411 0 0.2710011 1 0.2732812 1 0.2732812 1 0.264505 0.4184191 0.2664411 0.4180678 0.2664411 0.4180678 0.2521244 1 0.2554106 1 0.2554106 1 0.2732812 0.4180539 0.2755612 0.4181377 0.2755612 0.4181377 0.262569 0 0.264505 0 0.264505 0 0.2710011 0 0.2664411 0 0.2664411 0 0.2921918 0.4180678 0.3237233 0.3731126 0.3237233 0.3731126 0.2710011 0 0.2732812 0 0.2732812 0 0.2324874 0.7156416 0.2353852 0.6207762 0.2353852 0.6207762 0.2606329 1 0.262569 1 0.262569 1 0.2732812 0 0.2710011 0 0.2710011 0 0.2606329 0 0.262569 0 0.262569 0 0.2732812 1 0.2755612 1 0.2755612 1 0.3431833 0.9309877 0.3846734 0.9337639 0.3846734 0.9337639 0.245552 1 0.2404686 1 0.2404686 1 0.5370487 0.955637 0.5675237 0.9600117 0.5675237 0.9600117 0.2921918 0.9748852 0.3100488 0.9407425 0.3100488 0.9407425 0 0.4156627 0.2217715 0.4156627 0.2217715 0.4156627 0.5065736 0.9512625 0.5370487 0.955637 0.5370487 0.955637 0.2921918 0 0.2755612 0 0.2755612 0 0.5979986 0 0.6284736 0 0.6284736 0 0.2554106 0 0.2570537 0 0.2570537 0 0.3100488 0 0.2921918 0 0.2921918 0 0.3100488 0.9407425 0.3431833 0.9309877 0.3431833 0.9309877 0.3807509 0.9332009 0.3541984 0.9293892 0.3541984 0.9293892 0.3237233 0.9250146 0.2921918 0.9748852 0.2921918 0.9748852 0.2521244 0 0.2554106 0 0.2554106 0 0.5979987 0.9643863 0.6284738 0.9687609 0.6284738 0.9687609 0.4151484 0.3731126 0.4456235 0.3731126 0.4456235 0.9425132 0.3807509 0.3731125 0.4151484 0.3731126 0.4151485 0.9381386 0.3237233 0.3731126 0.3541984 0.3731126 0.3541984 0.9293892 0.3541984 0.3731126 0.3807509 0.3731125 0.3807509 0.9332009 0.262569 0.4188624 0.262569 1 0.2606329 1 0.4456235 0.3731126 0.4760985 0.3731126 0.4760985 0.9468879 0.4760985 0.3731126 0.5010326 0.3731126 0.5010327 0.9504671 0.264505 0.4184191 0.264505 1 0.262569 1 0.2710011 0.4180399 0.2710011 1 0.2664411 1 0.2710011 0.4180399 0.2732812 0.4180539 0.2732812 1 0.2755612 0.4181377 0.2921918 0.4180678 0.2921918 0.9748852 0.6297714 0 0.6297714 0.3734253 0.5979986 0.3731126 0.6297714 0.3734253 0.6296788 0.9695395 0.5979987 0.9643863 0.5010326 0.3731126 0.5297761 0.3731126 0.5297762 0.9545931 0.5297761 0.3731126 0.5605143 0.3731126 0.5605145 0.9590055 0.5605143 0.3731126 0.5979986 0.3731126 0.5979987 0.9643863 0.4151484 0 0.4151484 0.3731126 0.3807509 0.3731125 0.4456235 0 0.4456235 0.3731126 0.4151484 0.3731126 0.4760985 0 0.4760985 0.3731126 0.4456235 0.3731126 0.5010326 0 0.5010326 0.3731126 0.4760985 0.3731126 0.5297761 0 0.5297761 0.3731126 0.5010326 0.3731126 0.5605143 0 0.5605143 0.3731126 0.5297761 0.3731126 0.5979986 0 0.5979986 0.3731126 0.5605143 0.3731126 0.245552 0.4563571 0.245552 1 0.2404686 1 0.2521244 0.4321401 0.2521244 1 0.245552 1 0.2554106 0.4243987 0.2554106 1 0.2521244 1 0.2570537 0.4219317 0.2570537 1 0.2554106 1 0.2606329 0.4194475 0.2606329 1 0.2586968 1 0.2586968 0.4203846 0.2586968 1 0.2570537 1 0.2664411 0.4180678 0.2664411 1 0.264505 1 0.2732812 0.4180539 0.2755612 0.4181377 0.2755612 1 0.2921918 0.4180678 0.3237233 0.3731126 0.3237233 0.9250146 0.2404686 0.5023917 0.2404686 1 0.2364019 1 0.4151484 0.4156627 0.4151485 0.9381386 0.4456235 0.9425132 0.3846734 0.4156626 0.3846734 0.9337639 0.4151485 0.9381386 0.2755612 0.4156627 0.2755612 1 0.2921918 0.9748852 0.2921918 0.9748852 0.3100488 0.9407425 0.3100488 0.4079837 0.3100488 0.4079837 0.3100488 0.9407425 0.3431833 0.9309877 0.3431833 0.4141227 0.3431833 0.9309877 0.3846734 0.9337639 0.2921918 0.4156627 0.3100488 0.4079837 0.3100488 0 0.2755612 0.4156627 0.2921918 0.4156627 0.2921918 0 0.4456235 0.4156627 0.4456235 0.9425132 0.4760985 0.9468879 0.4760985 0.4156627 0.4760985 0.9468879 0.5065736 0.9512625 0 0.4156627 0.2217715 0.4156627 0.2217715 0 0.2570537 1 0.2586968 1 0.2586968 0.4156627 0.264505 0.4156627 0.2664411 0.4156627 0.2664411 0 0.264505 1 0.2664411 1 0.2664411 0.4156627 0.2732812 0.4156627 0.2755612 0.4156627 0.2755612 0 0.2732812 0.4156627 0.2732812 1 0.2755612 1 0.2270893 0.4156627 0.2324071 0.4156627 0.2324071 0 0.2570537 0.4156627 0.2586968 0.4156627 0.2586968 0 0.2404686 0.4156627 0.245552 0.4156627 0.245552 0 0.2404686 1 0.245552 1 0.245552 0.4156627 0.2324071 1 0.2353852 1 0.2353852 0.4156627 0.2324071 0 0.2324071 0.4156627 0.2353852 0.4156627 0.2217715 0.4156627 0.2270893 0.4156627 0.2270893 0 0.245552 0.4156627 0.2521244 0.4156627 0.2521244 0 0.2270893 0.7078321 0.2324071 1 0.2324071 0.4156627 0.245552 1 0.2521244 1 0.2521244 0.4156627 0.2521244 0.4156627 0.2554106 0.4156627 0.2554106 0 0.2521244 1 0.2554106 1 0.2554106 0.4156627 0.2554106 0.4156627 0.2570537 0.4156627 0.2570537 0 0.2554106 1 0.2570537 1 0.2570537 0.4156627 0.2364019 1 0.2404686 1 0.2404686 0.4156627 0.2364019 0 0.2364019 0.4156627 0.2404686 0.4156627 0.4151484 0.4156627 0.4151485 0.9381386 0.4456235 0.9425132 0.2606329 1 0.262569 1 0.262569 0.4156627 0.2606329 0.4156627 0.262569 0.4156627 0.262569 0 0.2586968 0.4156627 0.2606329 0.4156627 0.2606329 0 0.2586968 1 0.2606329 1 0.2606329 0.4156627 0.262569 1 0.264505 1 0.264505 0.4156627 0.262569 0.4156627 0.264505 0.4156627 0.264505 0 0.2664411 1 0.2710011 1 0.2710011 0.4156627 0.2664411 0.4156627 0.2710011 0.4156627 0.2710011 0 0.2710011 0.4156627 0.2710011 1 0.2732812 1 0.2710011 0.4156627 0.2732812 0.4156627 0.2732812 0 0.5979986 0 0.5979986 0.4156627 0.6284736 0.4156627 0.5979986 0.4156627 0.5979987 0.9643863 0.6284738 0.9687609 0.5065736 0.4156627 0.5065736 0.9512625 0.5370487 0.955637 0.5370486 0.4156627 0.5370487 0.955637 0.5675237 0.9600117 0.5675236 0.4156627 0.5675237 0.9600117 0.5979987 0.9643863 0.3100488 0.4079837 0.3431833 0.4141227 0.3431833 0 0.3431833 0.4141227 0.3846734 0.4156626 0.3846734 0 0.3846734 0.4156626 0.4151484 0.4156627 0.4151484 0 0.4151484 0.4156627 0.4456235 0.4156627 0.4456235 0 0.4456235 0.4156627 0.4760985 0.4156627 0.4760985 0 0.4760985 0.4156627 0.5065736 0.4156627 0.5065735 0 0.5065736 0.4156627 0.5370486 0.4156627 0.5370486 0 0.5370486 0.4156627 0.5675236 0.4156627 0.5675236 0 0.5675236 0.4156627 0.5979986 0.4156627 0.5979986 0 0.262569 1 0.264505 1 0.264505 0.4156627 0.2570537 1 0.2586968 1 0.2586968 0.4156627 0.2606329 1 0.262569 1 0.262569 0.4156627 0.2606329 0.4156627 0.262569 0.4156627 0.262569 0 0.2554106 1 0.2570537 1 0.2570537 0.4156627 0 0.4156627 0.2217715 0.4156627 0.2217715 0 0.2364019 0 0.2364019 0.4156627 0.2404686 0.4156627 0.2586968 1 0.2606329 1 0.2606329 0.4156627 0.2586968 0.4156627 0.2606329 0.4156627 0.2606329 0 0.262569 0.4156627 0.264505 0.4156627 0.264505 0 0.2217715 0.4156627 0.2270893 0.4156627 0.2270893 0 0.2404686 1 0.245552 1 0.245552 0.4156627 0.2404686 0.4156627 0.245552 0.4156627 0.245552 0 0.2570537 0.4156627 0.2586968 0.4156627 0.2586968 0 0.2270893 0.7078321 0.2324071 1 0.2324071 0.4156627 0.2732812 0.4156627 0.2732812 1 0.2755612 1 0.2732812 0.4156627 0.2755612 0.4156627 0.2755612 0 0.245552 0.4156627 0.2521244 0.4156627 0.2521244 0 0.2664411 1 0.2710011 1 0.2710011 0.4156627 0.2270893 0.4156627 0.2324071 0.4156627 0.2324071 0 0.2324071 1 0.2353852 1 0.2353852 0.4156627 0.2324071 0 0.2324071 0.4156627 0.2353852 0.4156627 0.264505 1 0.2664411 1 0.2664411 0.4156627 0.264505 0.4156627 0.2664411 0.4156627 0.2664411 0 0.4760985 0.4156627 0.4760985 0.9468879 0.5065736 0.9512625 0.245552 1 0.2521244 1 0.2521244 0.4156627 0.2554106 0.4156627 0.2570537 0.4156627 0.2570537 0 0.2521244 1 0.2554106 1 0.2554106 0.4156627 0.2521244 0.4156627 0.2554106 0.4156627 0.2554106 0 0.2364019 1 0.2404686 1 0.2404686 0.4156627 0.3846734 0.4156626 0.3846734 0.9337639 0.4151485 0.9381386 0.2755612 0.4156627 0.2755612 1 0.2921918 0.9748852 0.2921918 0.4156627 0.2921918 0.9748852 0.3248372 0.9206448 0.3248372 0.4068025 0.3248372 0.9206448 0.3551279 0.9317601 0.355128 0.4099151 0.3551279 0.9317601 0.3846734 0.9337639 0.2921918 0.4156627 0.3248372 0.4068025 0.3248371 0.01523566 0.2755612 0.4156627 0.2921918 0.4156627 0.2921918 0 0.4456235 0.4156627 0.4456235 0.9425132 0.4760985 0.9468879 0.2664411 0.4156627 0.2710011 0.4156627 0.2710011 0 0.2710011 0.4156627 0.2710011 1 0.2732812 1 0.2710011 0.4156627 0.2732812 0.4156627 0.2732812 0 0.5979986 0.4156627 0.6284736 0.4502694 0.6284736 0 0.5979986 0.4156627 0.5979987 0.9643863 0.6284738 0.9687609 0.5065736 0.4156627 0.5065736 0.9512625 0.5370487 0.955637 0.5370486 0.4156627 0.5370487 0.955637 0.5675237 0.9600117 0.5675236 0.4156627 0.5675237 0.9600117 0.5979987 0.9643863 0.3248372 0.4068025 0.355128 0.4099151 0.3551279 0 0.355128 0.4099151 0.3846734 0.4156626 0.3846734 0 0.3846734 0.4156626 0.4151484 0.4156627 0.4151484 0 0.4151484 0.4156627 0.4456235 0.4156627 0.4456235 0 0.4456235 0.4156627 0.4760985 0.4156627 0.4760985 0 0.4760985 0.4156627 0.5065736 0.4156627 0.5065735 0 0.5065736 0.4156627 0.5370486 0.4156627 0.5370486 0 0.5370486 0.4156627 0.5675236 0.4156627 0.5675236 0 0.5675236 0.4156627 0.5979986 0.4156627 0.5979986 0 0.4151484 0.4156627 0.4456235 0.4156627 0.4456235 0.9425132 0.264505 0.4156627 0.264505 1 0.262569 1 0.2586968 0.4156627 0.2586968 1 0.2570537 1 0.262569 0.4156627 0.262569 1 0.2606329 1 0.262569 0 0.262569 0.4156627 0.2606329 0.4156627 0.2570537 0.4156627 0.2570537 1 0.2554106 1 0.2217715 0 0.2217715 0.4156627 0 0.4156627 0.2364019 0 0.2404686 0 0.2404686 0.4156627 0.2606329 0.4156627 0.2606329 1 0.2586968 1 0.2606329 0 0.2606329 0.4156627 0.2586968 0.4156627 0.264505 0 0.264505 0.4156627 0.262569 0.4156627 0.2270893 0 0.2270893 0.4156627 0.2217715 0.4156627 0.245552 0.4156627 0.245552 1 0.2404686 1 0.245552 0 0.245552 0.4156627 0.2404686 0.4156627 0.2586968 0 0.2586968 0.4156627 0.2570537 0.4156627 0.2270893 0.7078321 0.2270893 0.4156627 0.2324071 0.4156627 0.2732812 0.4156627 0.2755612 0.4156627 0.2755612 1 0.2755612 0 0.2755612 0.4156627 0.2732812 0.4156627 0.2521244 0 0.2521244 0.4156627 0.245552 0.4156627 0.2710011 0.4156627 0.2710011 1 0.2664411 1 0.2324071 0 0.2324071 0.4156627 0.2270893 0.4156627 0.2353852 0.4156627 0.2353852 1 0.2324071 1 0.2324071 0 0.2353852 0 0.2353852 0.4156627 0.2664411 0.4156627 0.2664411 1 0.264505 1 0.2664411 0 0.2664411 0.4156627 0.264505 0.4156627 0.4760985 0.4156627 0.5065736 0.4156627 0.5065736 0.9512625 0.2521244 0.4156627 0.2521244 1 0.245552 1 0.2570537 0 0.2570537 0.4156627 0.2554106 0.4156627 0.2554106 0.4156627 0.2554106 1 0.2521244 1 0.2554106 0 0.2554106 0.4156627 0.2521244 0.4156627 0.2404686 0.4156627 0.2404686 1 0.2364019 1 0.3846734 0.4156626 0.4151484 0.4156627 0.4151485 0.9381386 0.2755612 0.4156627 0.2921918 0.4156627 0.2921918 0.9748852 0.3100488 0.4079837 0.3100488 0.9407425 0.2921918 0.9748852 0.3100488 0.4079837 0.3431833 0.4141227 0.3431833 0.9309877 0.3431833 0.4141227 0.3846734 0.4156626 0.3846734 0.9337639 0.3100488 0 0.3100488 0.4079837 0.2921918 0.4156627 0.2921918 0 0.2921918 0.4156627 0.2755612 0.4156627 0.4456235 0.4156627 0.4760985 0.4156627 0.4760985 0.9468879 0.2710011 0 0.2710011 0.4156627 0.2664411 0.4156627 0.2710011 0.4156627 0.2732812 0.4156627 0.2732812 1 0.2732812 0 0.2732812 0.4156627 0.2710011 0.4156627 0.5979986 0 0.6284736 0 0.6284736 0.4502694 0.5979986 0.4156627 0.6284736 0.4502694 0.6284738 0.9687609 0.5065736 0.4156627 0.5370486 0.4156627 0.5370487 0.955637 0.5370486 0.4156627 0.5675236 0.4156627 0.5675237 0.9600117 0.5675236 0.4156627 0.5979986 0.4156627 0.5979987 0.9643863 0.3431833 0 0.3431833 0.4141227 0.3100488 0.4079837 0.3846734 0 0.3846734 0.4156626 0.3431833 0.4141227 0.4151484 0 0.4151484 0.4156627 0.3846734 0.4156626 0.4456235 0 0.4456235 0.4156627 0.4151484 0.4156627 0.4760985 0 0.4760985 0.4156627 0.4456235 0.4156627 0.5065735 0 0.5065736 0.4156627 0.4760985 0.4156627 0.5370486 0 0.5370486 0.4156627 0.5065736 0.4156627 0.5675236 0 0.5675236 0.4156627 0.5370486 0.4156627 0.5979986 0 0.5979986 0.4156627 0.5675236 0.4156627 0.4151484 0.3731126 0.4151485 0.9381386 0.4456235 0.9425132 0.3807509 0.3731125 0.3807509 0.9332009 0.4151485 0.9381386 0.3237233 0.3731126 0.3237233 0.9250146 0.3541984 0.9293892 0.3541984 0.3731126 0.3541984 0.9293892 0.3807509 0.9332009 0.2606329 1 0.262569 1 0.262569 0.4188624 0.4456235 0.3731126 0.4456235 0.9425132 0.4760985 0.9468879 0.4760985 0.3731126 0.4760985 0.9468879 0.5010327 0.9504671 0.262569 1 0.264505 1 0.264505 0.4184191 0.2664411 1 0.2710011 1 0.2710011 0.4180399 0.2710011 0.4180399 0.2710011 1 0.2732812 1 0.2755612 0.4181377 0.2755612 1 0.2921918 0.9748852 0.5979986 0.3731126 0.6297714 0.3734253 0.6297714 0 0.5979987 0.9643863 0.6296788 0.9695395 0.6297714 0.3734253 0.5010326 0.3731126 0.5010327 0.9504671 0.5297762 0.9545931 0.5297761 0.3731126 0.5297762 0.9545931 0.5605145 0.9590055 0.5605143 0.3731126 0.5605145 0.9590055 0.5979987 0.9643863 0.3807509 0.3731125 0.4151484 0.3731126 0.4151484 0 0.4151484 0.3731126 0.4456235 0.3731126 0.4456235 0 0.4456235 0.3731126 0.4760985 0.3731126 0.4760985 0 0.4760985 0.3731126 0.5010326 0.3731126 0.5010326 0 0.5010326 0.3731126 0.5297761 0.3731126 0.5297761 0 0.5297761 0.3731126 0.5605143 0.3731126 0.5605143 0 0.5605143 0.3731126 0.5979986 0.3731126 0.5979986 0 0.2404686 1 0.245552 1 0.245552 0.4563571 0.245552 1 0.2521244 1 0.2521244 0.4321401 0.2521244 1 0.2554106 1 0.2554106 0.4243987 0.2554106 1 0.2570537 1 0.2570537 0.4219317 0.2586968 1 0.2606329 1 0.2606329 0.4194475 0.2570537 1 0.2586968 1 0.2586968 0.4203846 0.264505 1 0.2664411 1 0.2664411 0.4180678 0.2732812 0.4180539 0.2732812 1 0.2755612 1 0.2921918 0.4180678 0.2921918 0.9748852 0.3237233 0.9250146 0.2364019 1 0.2404686 1 0.2404686 0.5023917 0.4151484 0.4156627 0.4456235 0.4156627 0.4456235 0.9425132 0.3846734 0.4156626 0.4151484 0.4156627 0.4151485 0.9381386 0.2755612 0.4156627 0.2921918 0.4156627 0.2921918 0.9748852 0.3100488 0.4079837 0.3100488 0.9407425 0.2921918 0.9748852 0.3100488 0.4079837 0.3431833 0.4141227 0.3431833 0.9309877 0.3431833 0.4141227 0.3846734 0.4156626 0.3846734 0.9337639 0.3100488 0 0.3100488 0.4079837 0.2921918 0.4156627 0.2921918 0 0.2921918 0.4156627 0.2755612 0.4156627 0.4456235 0.4156627 0.4760985 0.4156627 0.4760985 0.9468879 0.4760985 0.4156627 0.5065736 0.4156627 0.5065736 0.9512625 0.2217715 0 0.2217715 0.4156627 0 0.4156627 0.2586968 0.4156627 0.2586968 1 0.2570537 1 0.2664411 0 0.2664411 0.4156627 0.264505 0.4156627 0.2664411 0.4156627 0.2664411 1 0.264505 1 0.2755612 0 0.2755612 0.4156627 0.2732812 0.4156627 0.2732812 0.4156627 0.2755612 0.4156627 0.2755612 1 0.2324071 0 0.2324071 0.4156627 0.2270893 0.4156627 0.2586968 0 0.2586968 0.4156627 0.2570537 0.4156627 0.245552 0 0.245552 0.4156627 0.2404686 0.4156627 0.245552 0.4156627 0.245552 1 0.2404686 1 0.2353852 0.4156627 0.2353852 1 0.2324071 1 0.2324071 0 0.2353852 0 0.2353852 0.4156627 0.2270893 0 0.2270893 0.4156627 0.2217715 0.4156627 0.2521244 0 0.2521244 0.4156627 0.245552 0.4156627 0.2270893 0.7078321 0.2270893 0.4156627 0.2324071 0.4156627 0.2521244 0.4156627 0.2521244 1 0.245552 1 0.2554106 0 0.2554106 0.4156627 0.2521244 0.4156627 0.2554106 0.4156627 0.2554106 1 0.2521244 1 0.2570537 0 0.2570537 0.4156627 0.2554106 0.4156627 0.2570537 0.4156627 0.2570537 1 0.2554106 1 0.2404686 0.4156627 0.2404686 1 0.2364019 1 0.2364019 0 0.2404686 0 0.2404686 0.4156627 0.4151484 0.4156627 0.4456235 0.4156627 0.4456235 0.9425132 0.262569 0.4156627 0.262569 1 0.2606329 1 0.262569 0 0.262569 0.4156627 0.2606329 0.4156627 0.2606329 0 0.2606329 0.4156627 0.2586968 0.4156627 0.2606329 0.4156627 0.2606329 1 0.2586968 1 0.264505 0.4156627 0.264505 1 0.262569 1 0.264505 0 0.264505 0.4156627 0.262569 0.4156627 0.2710011 0.4156627 0.2710011 1 0.2664411 1 0.2710011 0 0.2710011 0.4156627 0.2664411 0.4156627 0.2710011 0.4156627 0.2732812 0.4156627 0.2732812 1 0.2732812 0 0.2732812 0.4156627 0.2710011 0.4156627 0.5979986 0 0.6284736 0 0.6284736 0.4156627 0.5979986 0.4156627 0.6284736 0.4156627 0.6284738 0.9687609 0.5065736 0.4156627 0.5370486 0.4156627 0.5370487 0.955637 0.5370486 0.4156627 0.5675236 0.4156627 0.5675237 0.9600117 0.5675236 0.4156627 0.5979986 0.4156627 0.5979987 0.9643863 0.3431833 0 0.3431833 0.4141227 0.3100488 0.4079837 0.3846734 0 0.3846734 0.4156626 0.3431833 0.4141227 0.4151484 0 0.4151484 0.4156627 0.3846734 0.4156626 0.4456235 0 0.4456235 0.4156627 0.4151484 0.4156627 0.4760985 0 0.4760985 0.4156627 0.4456235 0.4156627 0.5065735 0 0.5065736 0.4156627 0.4760985 0.4156627 0.5370486 0 0.5370486 0.4156627 0.5065736 0.4156627 0.5675236 0 0.5675236 0.4156627 0.5370486 0.4156627 0.5979986 0 0.5979986 0.4156627 0.5675236 0.4156627 0.264505 0.4156627 0.264505 1 0.262569 1 0.2586968 0.4156627 0.2586968 1 0.2570537 1 0.262569 0.4156627 0.262569 1 0.2606329 1 0.262569 0 0.262569 0.4156627 0.2606329 0.4156627 0.2570537 0.4156627 0.2570537 1 0.2554106 1 0.2217715 0 0.2217715 0.4156627 0 0.4156627 0.2364019 0 0.2404686 0 0.2404686 0.4156627 0.2606329 0.4156627 0.2606329 1 0.2586968 1 0.2606329 0 0.2606329 0.4156627 0.2586968 0.4156627 0.264505 0 0.264505 0.4156627 0.262569 0.4156627 0.2270893 0 0.2270893 0.4156627 0.2217715 0.4156627 0.245552 0.4156627 0.245552 1 0.2404686 1 0.245552 0 0.245552 0.4156627 0.2404686 0.4156627 0.2586968 0 0.2586968 0.4156627 0.2570537 0.4156627 0.2270893 0.7078321 0.2270893 0.4156627 0.2324071 0.4156627 0.2732812 0.4156627 0.2755612 0.4156627 0.2755612 1 0.2755612 0 0.2755612 0.4156627 0.2732812 0.4156627 0.2521244 0 0.2521244 0.4156627 0.245552 0.4156627 0.2710011 0.4156627 0.2710011 1 0.2664411 1 0.2324071 0 0.2324071 0.4156627 0.2270893 0.4156627 0.2353852 0.4156627 0.2353852 1 0.2324071 1 0.2324071 0 0.2353852 0 0.2353852 0.4156627 0.2664411 0.4156627 0.2664411 1 0.264505 1 0.2664411 0 0.2664411 0.4156627 0.264505 0.4156627 0.4760985 0.4156627 0.5065736 0.4156627 0.5065736 0.9512625 0.2521244 0.4156627 0.2521244 1 0.245552 1 0.2570537 0 0.2570537 0.4156627 0.2554106 0.4156627 0.2554106 0.4156627 0.2554106 1 0.2521244 1 0.2554106 0 0.2554106 0.4156627 0.2521244 0.4156627 0.2404686 0.4156627 0.2404686 1 0.2364019 1 0.3846734 0.4156626 0.4151484 0.4156627 0.4151485 0.9381386 0.2755612 0.4156627 0.2921918 0.4156627 0.2921918 0.9748852 0.2921918 0.4156627 0.3248372 0.4068025 0.3248372 0.9206448 0.3248372 0.4068025 0.355128 0.4099151 0.3551279 0.9317601 0.355128 0.4099151 0.3846734 0.4156626 0.3846734 0.9337639 0.3248371 0.01523566 0.3248372 0.4068025 0.2921918 0.4156627 0.2921918 0 0.2921918 0.4156627 0.2755612 0.4156627 0.4456235 0.4156627 0.4760985 0.4156627 0.4760985 0.9468879 0.2710011 0 0.2710011 0.4156627 0.2664411 0.4156627 0.2710011 0.4156627 0.2732812 0.4156627 0.2732812 1 0.2732812 0 0.2732812 0.4156627 0.2710011 0.4156627 0.6284736 0 0.6284736 0.4502694 0.5979986 0.4156627 0.5979986 0.4156627 0.6284736 0.4502694 0.6284738 0.9687609 0.5065736 0.4156627 0.5370486 0.4156627 0.5370487 0.955637 0.5370486 0.4156627 0.5675236 0.4156627 0.5675237 0.9600117 0.5675236 0.4156627 0.5979986 0.4156627 0.5979987 0.9643863 0.3551279 0 0.355128 0.4099151 0.3248372 0.4068025 0.3846734 0 0.3846734 0.4156626 0.355128 0.4099151 0.4151484 0 0.4151484 0.4156627 0.3846734 0.4156626 0.4456235 0 0.4456235 0.4156627 0.4151484 0.4156627 0.4760985 0 0.4760985 0.4156627 0.4456235 0.4156627 0.5065735 0 0.5065736 0.4156627 0.4760985 0.4156627 0.5370486 0 0.5370486 0.4156627 0.5065736 0.4156627 0.5675236 0 0.5675236 0.4156627 0.5370486 0.4156627 0.5979986 0 0.5979986 0.4156627 0.5675236 0.4156627 0.4151484 0.4156627 0.4151485 0.9381386 0.4456235 0.9425132 0.262569 1 0.264505 1 0.264505 0.4156627 0.2570537 1 0.2586968 1 0.2586968 0.4156627 0.2606329 1 0.262569 1 0.262569 0.4156627 0.2606329 0.4156627 0.262569 0.4156627 0.262569 0 0.2554106 1 0.2570537 1 0.2570537 0.4156627 0 0.4156627 0.2217715 0.4156627 0.2217715 0 0.2364019 0 0.2364019 0.4156627 0.2404686 0.4156627 0.2586968 1 0.2606329 1 0.2606329 0.4156627 0.2586968 0.4156627 0.2606329 0.4156627 0.2606329 0 0.262569 0.4156627 0.264505 0.4156627 0.264505 0 0.2217715 0.4156627 0.2270893 0.4156627 0.2270893 0 0.2404686 1 0.245552 1 0.245552 0.4156627 0.2404686 0.4156627 0.245552 0.4156627 0.245552 0 0.2570537 0.4156627 0.2586968 0.4156627 0.2586968 0 0.2270893 0.7078321 0.2324071 1 0.2324071 0.4156627 0.2732812 0.4156627 0.2732812 1 0.2755612 1 0.2732812 0.4156627 0.2755612 0.4156627 0.2755612 0 0.245552 0.4156627 0.2521244 0.4156627 0.2521244 0 0.2664411 1 0.2710011 1 0.2710011 0.4156627 0.2270893 0.4156627 0.2324071 0.4156627 0.2324071 0 0.2324071 1 0.2353852 1 0.2353852 0.4156627 0.2324071 0 0.2324071 0.4156627 0.2353852 0.4156627 0.264505 1 0.2664411 1 0.2664411 0.4156627 0.264505 0.4156627 0.2664411 0.4156627 0.2664411 0 0.4760985 0.4156627 0.4760985 0.9468879 0.5065736 0.9512625 0.245552 1 0.2521244 1 0.2521244 0.4156627 0.2554106 0.4156627 0.2570537 0.4156627 0.2570537 0 0.2521244 1 0.2554106 1 0.2554106 0.4156627 0.2521244 0.4156627 0.2554106 0.4156627 0.2554106 0 0.2364019 1 0.2404686 1 0.2404686 0.4156627 0.3846734 0.4156626 0.3846734 0.9337639 0.4151485 0.9381386 0.2755612 0.4156627 0.2755612 1 0.2921918 0.9748852 0.2921918 0.9748852 0.3100488 0.9407425 0.3100488 0.4079837 0.3100488 0.4079837 0.3100488 0.9407425 0.3431833 0.9309877 0.3431833 0.4141227 0.3431833 0.9309877 0.3846734 0.9337639 0.2921918 0.4156627 0.3100488 0.4079837 0.3100488 0 0.2755612 0.4156627 0.2921918 0.4156627 0.2921918 0 0.4456235 0.4156627 0.4456235 0.9425132 0.4760985 0.9468879 0.2664411 0.4156627 0.2710011 0.4156627 0.2710011 0 0.2710011 0.4156627 0.2710011 1 0.2732812 1 0.2710011 0.4156627 0.2732812 0.4156627 0.2732812 0 0.5979986 0 0.5979986 0.4156627 0.6284736 0.4502694 0.5979986 0.4156627 0.5979987 0.9643863 0.6284738 0.9687609 0.5065736 0.4156627 0.5065736 0.9512625 0.5370487 0.955637 0.5370486 0.4156627 0.5370487 0.955637 0.5675237 0.9600117 0.5675236 0.4156627 0.5675237 0.9600117 0.5979987 0.9643863 0.3100488 0.4079837 0.3431833 0.4141227 0.3431833 0 0.3431833 0.4141227 0.3846734 0.4156626 0.3846734 0 0.3846734 0.4156626 0.4151484 0.4156627 0.4151484 0 0.4151484 0.4156627 0.4456235 0.4156627 0.4456235 0 0.4456235 0.4156627 0.4760985 0.4156627 0.4760985 0 0.4760985 0.4156627 0.5065736 0.4156627 0.5065735 0 0.5065736 0.4156627 0.5370486 0.4156627 0.5370486 0 0.5370486 0.4156627 0.5675236 0.4156627 0.5675236 0 0.5675236 0.4156627 0.5979986 0.4156627 0.5979986 0 0.4151485 0.9381386 0.4151485 0.9381386 0.4456235 0.9425132 0.2324071 0 0.2324071 0 0.2353852 0 0.6284736 0 0.6284736 0 0.5979986 0 0.3431833 0 0.3431833 0 0.3100488 0 0.3846734 0.9337639 0.3846734 0.9337639 0.4151485 0.9381386 0.3541984 0.9293892 0.3541984 0.9293892 0.3237233 0.9250146 0.2404686 1 0.2404686 1 0.2364019 1 0.3846734 0 0.3846734 0 0.3431833 0 0.4760985 0.9468879 0.4760985 0.9468879 0.5065736 0.9512625 0.6284736 0 0.6284736 0 0.5979986 0 0.4151484 0 0.4151484 0 0.3846734 0 0.2217715 0.4156627 0.2217715 0.4156627 0.2270893 0.7078321 0.4456235 0.9425132 0.4456235 0.9425132 0.4151485 0.9381386 0.4456235 0 0.4456235 0 0.4151484 0 0.6284738 0.9687609 0.6284738 0.9687609 0.5979987 0.9643863 0.4151485 0.9381386 0.4151485 0.9381386 0.3807509 0.9332009 0.4760985 0 0.4760985 0 0.4456235 0 0.5010327 0.9504671 0.5010327 0.9504671 0.4760985 0.9468879 0.2364019 0 0.2364019 0 0.2404686 0 0.2353852 0 0.2353852 0 0.2324071 0 0.5065735 0 0.5065735 0 0.4760985 0 0.2364019 0.5991135 0.2364019 0.5991135 0.2404686 0.5023917 0.5370486 0 0.5370486 0 0.5065735 0 0.4456235 0.9425132 0.4456235 0.9425132 0.4760985 0.9468879 0.4760985 0.9468879 0.4760985 0.9468879 0.4456235 0.9425132 0.5675236 0 0.5675236 0 0.5370486 0 0.3237233 0.3731126 0.3237233 0.3731126 0.3541984 0.3731126 0.2324071 1 0.2324071 1 0.2270893 0.7078321 0.5979986 0 0.5979986 0 0.5675236 0 0.2353853 0.8948419 0.2353853 0.8948419 0.2324874 0.7156416 0.2755612 0 0.2755612 0 0.2732812 0 0.5675237 0.9600117 0.5675237 0.9600117 0.5979987 0.9643863 0.5979987 0.9643863 0.5979987 0.9643863 0.5605145 0.9590055 0.2217715 0 0.2217715 0 0.2270893 0 0.5370487 0.955637 0.5370487 0.955637 0.5675237 0.9600117 0.5605145 0.9590055 0.5605145 0.9590055 0.5297762 0.9545931 0.2710011 0 0.2710011 0 0.2664411 0 0.2586968 1 0.2586968 1 0.2606329 1 0.2606329 1 0.2606329 1 0.2586968 1 0.2217715 0 0.2217715 0 0 0 0.2710011 1 0.2710011 1 0.2664411 1 0.262569 1 0.262569 1 0.264505 1 0.2921918 0.9748852 0.2921918 0.9748852 0.2755612 1 0.2364019 1 0.2364019 1 0.2353852 1 0.2586968 0 0.2586968 0 0.2570537 0 0.4760985 0.9468879 0.4760985 0.9468879 0.5065736 0.9512625 0.2664411 0 0.2664411 0 0.264505 0 0.2217715 0.4156627 0.2217715 0.4156627 0.2270893 0.7078321 0.2664411 1 0.2664411 1 0.2710011 1 0.2521244 1 0.2521244 1 0.245552 1 0.2404686 0 0.2404686 0 0.245552 0 0.4456235 0.9425132 0.4456235 0.9425132 0.4760985 0.9468879 0.2364019 1 0.2364019 1 0.2353853 0.8948419 0.2521244 1 0.2521244 1 0.245552 1 0.2570537 1 0.2570537 1 0.2554106 1 0.5675237 0.9600117 0.5675237 0.9600117 0.5979987 0.9643863 0.2755612 0 0.2755612 0 0.2732812 0 0.2554106 1 0.2554106 1 0.2521244 1 0.2586968 1 0.2586968 1 0.2606329 1 0.2755612 1 0.2755612 1 0.2921918 0.9748852 0.2570537 1 0.2570537 1 0.2554106 1 0.2586968 0 0.2586968 0 0.2570537 0 0 0 0 0 0 0.4156627 0.2586968 1 0.2586968 1 0.2570537 1 0.5065736 0.9512625 0.5065736 0.9512625 0.5370487 0.955637 0.2324071 1 0.2324071 1 0.2353852 1 0.2586968 1 0.2586968 1 0.2570537 1 0.2217715 0 0.2217715 0 0 0 0.245552 1 0.245552 1 0.2404686 1 0.2270893 0 0.2270893 0 0.2324071 0 0.2521244 0 0.2521244 0 0.245552 0 0.2324071 0 0.2324071 0 0.2270893 0 0.2353852 1 0.2353852 1 0.2324071 1 0.2404686 1 0.2404686 1 0.2364019 1 0.3846734 0.9337639 0.3846734 0.9337639 0.4151485 0.9381386 0.2664411 1 0.2664411 1 0.2710011 1 0.264505 1 0.264505 1 0.262569 1 0.2554106 1 0.2554106 1 0.2521244 1 0.3551279 0 0.3551279 0 0.3248371 0.01523566 0.3846734 0 0.3846734 0 0.3551279 0 0.245552 0 0.245552 0 0.2404686 0 0.262569 1 0.262569 1 0.2606329 1 0.4151484 0 0.4151484 0 0.3846734 0 0.2710011 1 0.2710011 1 0.2732812 1 0.245552 1 0.245552 1 0.2521244 1 0.262569 1 0.262569 1 0.2606329 1 0.4456235 0 0.4456235 0 0.4151484 0 0.264505 1 0.264505 1 0.2664411 1 0.2664411 1 0.2664411 1 0.264505 1 0.4760985 0 0.4760985 0 0.4456235 0 0.5065735 0 0.5065735 0 0.4760985 0 0.2606329 0 0.2606329 0 0.2586968 0 0.2732812 1 0.2732812 1 0.2710011 1 0.5370486 0 0.5370486 0 0.5065735 0 0.2732812 1 0.2732812 1 0.2755612 1 0.2353852 1 0.2353852 1 0.2364019 1 0.5675237 0.9600117 0.5675237 0.9600117 0.5370487 0.955637 0.5675236 0 0.5675236 0 0.5370486 0 0.2755612 1 0.2755612 1 0.2921918 0.9748852 0.3248372 0.9206448 0.3248372 0.9206448 0.3551279 0.9317601 0.2755612 1 0.2755612 1 0.2732812 1 0.2217715 0.4156627 0.2217715 0.4156627 0 0.4156627 0.5979986 0 0.5979986 0 0.5675236 0 0.3248371 0.01523566 0.3248371 0.01523566 0.2921918 0 0.2664411 0 0.2664411 0 0.264505 0 0.5297762 0.9545931 0.5297762 0.9545931 0.5010327 0.9504671 0.264505 0 0.264505 0 0.262569 0 0.2732812 0 0.2732812 0 0.2710011 0 0.2270893 0 0.2270893 0 0.2217715 0 0.2270893 0.7078321 0.2270893 0.7078321 0.2324071 1 0.3541984 0.3731126 0.3541984 0.3731126 0.3807509 0.3731125 0.2732812 0 0.2732812 0 0.2755612 0 0.262569 0 0.262569 0 0.2606329 0 0.3807509 0 0.3807509 0 0.4151484 0 0.2521244 0 0.2521244 0 0.245552 0 0.4151484 0 0.4151484 0 0.4456235 0 0.2664411 0 0.2664411 0 0.2710011 0 0.2521244 1 0.2521244 1 0.2554106 1 0.4456235 0 0.4456235 0 0.4760985 0 0.2404686 1 0.2404686 1 0.245552 1 0.4760985 0 0.4760985 0 0.5010326 0 0.5010326 0 0.5010326 0 0.5297761 0 0.264505 1 0.264505 1 0.262569 1 0.2570537 0 0.2570537 0 0.2554106 0 0.5297761 0 0.5297761 0 0.5605143 0 0.2554106 0 0.2554106 0 0.2521244 0 0.5605143 0 0.5605143 0 0.5979986 0 0.5065736 0.9512625 0.5065736 0.9512625 0.4760985 0.9468879 0.2554106 1 0.2554106 1 0.2570537 1 0.2270893 0.7078321 0.2270893 0.7078321 0.2217715 0.4156627 0.2554106 0 0.2554106 0 0.2521244 0 0.4760985 0.9468879 0.4760985 0.9468879 0.4456235 0.9425132 0.2364019 1 0.2364019 1 0.2404686 1 0.2570537 0 0.2570537 0 0.2554106 0 0.5979987 0.9643863 0.5979987 0.9643863 0.5675237 0.9600117 0.5979987 0.9643863 0.5979987 0.9643863 0.6284738 0.9687609 0.2570537 1 0.2570537 1 0.2586968 1 0.2606329 1 0.2606329 1 0.2586968 1 0 0 0 0 0.2217715 0 0.2570537 0 0.2570537 0 0.2586968 0 0.2404686 0 0.2404686 0 0.2364019 0 0 0.4156627 0 0.4156627 0.2217715 0.4156627 0.2404686 0 0.2404686 0 0.2364019 0 0.3807509 0.3731125 0.3807509 0.3731125 0.3807509 0 0.2353852 0 0.2353852 0 0.2324071 0 0.2404686 1 0.2404686 1 0.245552 1 0.5370487 0.955637 0.5370487 0.955637 0.5065736 0.9512625 0.4151485 0.9381386 0.4151485 0.9381386 0.3846734 0.9337639 0.2270893 0.7078321 0.2270893 0.7078321 0.2324071 1 0.4456235 0.9425132 0.4456235 0.9425132 0.4151485 0.9381386 0.2270893 0 0.2270893 0 0.2217715 0 0.3431833 0.9309877 0.3431833 0.9309877 0.3100488 0.9407425 0.2364019 1 0.2364019 1 0.2404686 1 0.2921918 0 0.2921918 0 0.3100488 0 0.2921918 0 0.2921918 0 0.2755612 0 0.2921918 0.9748852 0.2921918 0.9748852 0.3248372 0.9206448 0.3100488 0 0.3100488 0 0.3431833 0 0.2755612 0 0.2755612 0 0.2921918 0 0.3551279 0.9317601 0.3551279 0.9317601 0.3846734 0.9337639 0.3431833 0 0.3431833 0 0.3846734 0 0.3100488 0.9407425 0.3100488 0.9407425 0.2921918 0.9748852 0.2353852 1 0.2353852 1 0.2364019 1 0.3846734 0 0.3846734 0 0.4151484 0 0.3846734 0.9337639 0.3846734 0.9337639 0.3431833 0.9309877 0.4151484 0 0.4151484 0 0.4456235 0 0.262569 1 0.262569 1 0.264505 1 0.5979986 0 0.5979986 0 0.6297714 0 0.4456235 0 0.4456235 0 0.4760985 0 0.245552 0 0.245552 0 0.2521244 0 0.245552 0 0.245552 0 0.2404686 0 0.262569 0 0.262569 0 0.2606329 0 0.6296788 0.9695395 0.6296788 0.9695395 0.5979987 0.9643863 0.4760985 0 0.4760985 0 0.5065735 0 0.2606329 0.4194475 0.2606329 0.4194475 0.262569 0.4188624 0.5065735 0 0.5065735 0 0.5370486 0 0.245552 1 0.245552 1 0.2521244 1 0.2755612 0.4181377 0.2755612 0.4181377 0.2921918 0.4180678 0.5370486 0 0.5370486 0 0.5675236 0 0.2710011 1 0.2710011 1 0.2664411 1 0.2554106 1 0.2554106 1 0.2570537 1 0.2664411 0.4180678 0.2664411 0.4180678 0.2710011 0.4180399 0.5675236 0 0.5675236 0 0.5979986 0 0.2606329 1 0.2606329 1 0.262569 1 0.2710011 0.4180399 0.2710011 0.4180399 0.2732812 0.4180539 0.2606329 0 0.2606329 0 0.2586968 0 0.262569 0.4188624 0.262569 0.4188624 0.264505 0.4184191 0.2732812 1 0.2732812 1 0.2710011 1 0.2404686 0.5023917 0.2404686 0.5023917 0.245552 0.4563571 0.2664411 1 0.2664411 1 0.264505 1 0.245552 0.4563571 0.245552 0.4563571 0.2521244 0.4321401 0.264505 0 0.264505 0 0.262569 0 0.2521244 0.4321401 0.2521244 0.4321401 0.2554106 0.4243987 0.2586968 0 0.2586968 0 0.2606329 0 0.2570537 1 0.2570537 1 0.2586968 1 0.2554106 0.4243987 0.2554106 0.4243987 0.2570537 0.4219317 0.2755612 1 0.2755612 1 0.2732812 1 0.2324071 0 0.2324071 0 0.2270893 0 0.264505 1 0.264505 1 0.2664411 1 0.4151485 0.9381386 0.4151485 0.9381386 0.4456235 0.9425132 0.2921918 0.9748852 0.2921918 0.9748852 0.2755612 1 0.2324071 1 0.2324071 1 0.2353852 1 0.2586968 0.4203846 0.2586968 0.4203846 0.2606329 0.4194475 0.2570537 0.4219317 0.2570537 0.4219317 0.2586968 0.4203846 0.264505 0 0.264505 0 0.2664411 0 0.2710011 1 0.2710011 1 0.2732812 1 0.264505 0.4184191 0.264505 0.4184191 0.2664411 0.4180678 0.2521244 1 0.2521244 1 0.2554106 1 0.2732812 0.4180539 0.2732812 0.4180539 0.2755612 0.4181377 0.262569 0 0.262569 0 0.264505 0 0.2710011 0 0.2710011 0 0.2664411 0 0.2921918 0.4180678 0.2921918 0.4180678 0.3237233 0.3731126 0.2710011 0 0.2710011 0 0.2732812 0 0.2324874 0.7156416 0.2324874 0.7156416 0.2353852 0.6207762 0.2606329 1 0.2606329 1 0.262569 1 0.2732812 0 0.2732812 0 0.2710011 0 0.2606329 0 0.2606329 0 0.262569 0 0.2732812 1 0.2732812 1 0.2755612 1 0.3431833 0.9309877 0.3431833 0.9309877 0.3846734 0.9337639 0.245552 1 0.245552 1 0.2404686 1 0.5370487 0.955637 0.5370487 0.955637 0.5675237 0.9600117 0.2921918 0.9748852 0.2921918 0.9748852 0.3100488 0.9407425 0 0.4156627 0 0.4156627 0.2217715 0.4156627 0.5065736 0.9512625 0.5065736 0.9512625 0.5370487 0.955637 0.2921918 0 0.2921918 0 0.2755612 0 0.5979986 0 0.5979986 0 0.6284736 0 0.2554106 0 0.2554106 0 0.2570537 0 0.3100488 0 0.3100488 0 0.2921918 0 0.3100488 0.9407425 0.3100488 0.9407425 0.3431833 0.9309877 0.3807509 0.9332009 0.3807509 0.9332009 0.3541984 0.9293892 0.3237233 0.9250146 0.3237233 0.9250146 0.2921918 0.9748852 0.2521244 0 0.2521244 0 0.2554106 0 0.5979987 0.9643863 0.5979987 0.9643863 0.6284738 0.9687609</float_array>
          <technique_common>
            <accessor source="#Plane_002-mesh-map-0-array" count="3852" stride="2">
              <param name="S" type="float"/>
              <param name="T" type="float"/>
            </accessor>
          </technique_common>
        </source>
        <vertices id="Plane_002-mesh-vertices">
          <input semantic="POSITION" source="#Plane_002-mesh-positions"/>
        </vertices>
        <triangles material="gora_dol-material" count="820">
          <input semantic="VERTEX" source="#Plane_002-mesh-vertices" offset="0"/>
          <input semantic="NORMAL" source="#Plane_002-mesh-normals" offset="1"/>
          <input semantic="TEXCOORD" source="#Plane_002-mesh-map-0" offset="2" set="0"/>
          <p>40 0 0 2 0 1 31 0 2 41 0 3 31 0 4 32 0 5 10 0 6 33 0 7 5 0 8 42 0 9 32 0 10 33 0 11 61 0 12 27 0 13 59 0 14 39 0 15 3 0 16 2 0 17 38 0 18 6 0 19 3 0 20 12 0 21 26 0 22 61 0 23 13 0 24 14 0 25 58 0 26 13 0 27 30 0 28 29 0 29 56 0 30 4 0 31 15 0 32 52 0 33 34 0 34 50 0 35 53 0 36 11 0 37 34 0 38 37 0 39 7 0 40 6 0 41 36 0 42 9 0 43 7 0 44 35 0 45 11 0 46 9 0 47 44 0 48 41 0 49 43 0 50 45 0 51 40 0 52 44 0 53 46 0 54 39 0 55 45 0 56 47 0 57 38 0 58 46 0 59 48 0 60 37 0 61 47 0 62 49 0 63 36 0 64 48 0 65 50 0 66 35 0 67 49 0 68 8 0 69 24 0 70 18 0 71 62 0 72 16 0 73 8 0 74 60 0 75 21 0 76 62 0 77 54 0 78 22 0 79 60 0 80 20 0 81 25 0 82 17 0 83 59 0 84 1 0 85 0 0 86 0 0 87 23 0 88 54 0 89 58 0 90 28 0 91 12 0 92 63 0 93 15 0 94 30 0 95 55 0 96 5 0 97 4 0 98 57 0 99 20 0 100 17 0 101 18 0 102 25 0 103 20 0 104 139 0 105 66 0 106 138 0 107 140 0 108 130 0 109 139 0 110 86 0 111 68 0 112 75 0 113 68 0 114 76 0 115 75 0 116 76 0 117 132 0 118 141 0 119 141 0 120 131 0 121 140 0 122 75 0 123 70 0 124 69 0 125 86 0 126 69 0 127 84 0 128 138 0 129 67 0 130 137 0 131 137 0 132 72 0 133 136 0 134 291 0 135 79 0 136 64 0 137 107 0 138 90 0 139 108 0 140 122 0 141 81 0 142 121 0 143 123 0 144 83 0 145 122 0 146 129 0 147 84 0 148 127 0 149 129 0 150 85 0 151 86 0 152 80 0 153 99 0 154 97 0 155 97 0 156 89 0 157 98 0 158 108 0 159 78 0 160 106 0 161 111 0 162 91 0 163 109 0 164 110 0 165 93 0 166 111 0 167 87 0 168 95 0 169 88 0 170 89 0 171 95 0 172 114 0 173 80 0 174 98 0 175 79 0 176 93 0 177 100 0 178 91 0 179 99 0 180 88 0 181 97 0 182 92 0 183 102 0 184 93 0 185 102 0 186 103 0 187 100 0 188 101 0 189 105 0 190 102 0 191 105 0 192 106 0 193 103 0 194 104 0 195 108 0 196 105 0 197 112 0 198 111 0 199 95 0 200 114 0 201 111 0 202 109 0 203 223 0 204 19 0 205 222 0 206 95 0 207 94 0 208 112 0 209 119 0 210 115 0 211 118 0 212 118 0 213 117 0 214 120 0 215 90 0 216 120 0 217 78 0 218 65 0 219 118 0 220 90 0 221 116 0 222 122 0 223 115 0 224 115 0 225 121 0 226 117 0 227 82 0 228 125 0 229 83 0 230 83 0 231 126 0 232 81 0 233 125 0 234 128 0 235 129 0 236 125 0 237 127 0 238 126 0 239 150 0 240 53 0 241 52 0 242 133 0 243 51 0 244 53 0 245 136 0 246 73 0 247 135 0 248 135 0 249 74 0 250 134 0 251 134 0 252 77 0 253 133 0 254 76 0 255 142 0 256 70 0 257 141 0 258 143 0 259 142 0 260 140 0 261 144 0 262 143 0 263 139 0 264 145 0 265 144 0 266 138 0 267 146 0 268 145 0 269 137 0 270 147 0 271 146 0 272 136 0 273 148 0 274 147 0 275 135 0 276 149 0 277 148 0 278 134 0 279 150 0 280 149 0 281 162 0 282 156 0 283 163 0 284 170 0 285 186 0 286 169 0 287 159 0 288 163 0 289 160 0 290 160 0 291 161 0 292 158 0 293 173 0 294 169 0 295 172 0 296 204 0 297 198 0 298 113 0 299 164 0 300 166 0 301 168 0 302 181 0 303 182 0 304 165 0 305 96 0 306 160 0 307 186 0 308 186 0 309 158 0 310 199 0 311 163 0 312 157 0 313 161 0 314 197 0 315 179 0 316 198 0 317 167 0 318 183 0 319 166 0 320 166 0 321 185 0 322 168 0 323 169 0 324 199 0 325 171 0 326 178 0 327 188 0 328 180 0 329 213 0 330 192 0 331 191 0 332 213 0 333 193 0 334 151 0 335 183 0 336 177 0 337 185 0 338 195 0 339 153 0 340 194 0 341 197 0 342 178 0 343 180 0 344 180 0 345 187 0 346 179 0 347 189 0 348 181 0 349 188 0 350 187 0 351 181 0 352 164 0 353 155 0 354 194 0 355 156 0 356 156 0 357 196 0 358 157 0 359 221 0 360 206 0 361 220 0 362 184 0 363 175 0 364 183 0 365 172 0 366 171 0 367 174 0 368 176 0 369 172 0 370 175 0 371 175 0 372 174 0 373 177 0 374 165 0 375 166 0 376 181 0 377 224 0 378 214 0 379 223 0 380 191 0 381 210 0 382 202 0 383 202 0 384 207 0 385 201 0 386 201 0 387 216 0 388 225 0 389 225 0 390 215 0 391 224 0 392 202 0 393 208 0 394 209 0 395 191 0 396 209 0 397 193 0 398 222 0 399 211 0 400 221 0 401 194 0 402 152 0 403 196 0 404 153 0 405 212 0 406 213 0 407 153 0 408 151 0 409 152 0 410 217 0 411 277 0 412 234 0 413 217 0 414 190 0 415 276 0 416 220 0 417 205 0 418 219 0 419 219 0 420 203 0 421 218 0 422 218 0 423 200 0 424 217 0 425 201 0 426 226 0 427 208 0 428 225 0 429 227 0 430 226 0 431 224 0 432 228 0 433 227 0 434 223 0 435 229 0 436 228 0 437 222 0 438 230 0 439 229 0 440 221 0 441 231 0 442 230 0 443 220 0 444 232 0 445 231 0 446 219 0 447 233 0 448 232 0 449 218 0 450 234 0 451 233 0 452 310 0 453 235 0 454 301 0 455 242 0 456 248 0 457 249 0 458 272 0 459 256 0 460 255 0 461 249 0 462 245 0 463 246 0 464 247 0 465 246 0 466 244 0 467 255 0 468 259 0 469 258 0 470 285 0 471 291 0 472 64 0 473 250 0 474 252 0 475 267 0 476 267 0 477 251 0 478 268 0 479 246 0 480 236 0 481 272 0 482 244 0 483 272 0 484 286 0 485 243 0 486 249 0 487 247 0 488 265 0 489 284 0 490 285 0 491 269 0 492 253 0 493 252 0 494 271 0 495 252 0 496 254 0 497 286 0 498 255 0 499 257 0 500 264 0 501 274 0 502 275 0 503 300 0 504 279 0 505 299 0 506 280 0 507 300 0 508 237 0 509 263 0 510 269 0 511 271 0 512 239 0 513 282 0 514 281 0 515 284 0 516 266 0 517 264 0 518 273 0 519 266 0 520 265 0 521 267 0 522 275 0 523 274 0 524 273 0 525 267 0 526 274 0 527 281 0 528 241 0 529 242 0 530 283 0 531 242 0 532 243 0 533 308 0 534 293 0 535 298 0 536 261 0 537 270 0 538 269 0 539 257 0 540 258 0 541 260 0 542 258 0 543 262 0 544 261 0 545 260 0 546 261 0 547 263 0 548 252 0 549 251 0 550 267 0 551 311 0 552 301 0 553 302 0 554 278 0 555 297 0 556 279 0 557 288 0 558 297 0 559 289 0 560 288 0 561 303 0 562 294 0 563 312 0 564 302 0 565 303 0 566 295 0 567 289 0 568 296 0 569 296 0 570 278 0 571 280 0 572 309 0 573 298 0 574 235 0 575 238 0 576 281 0 577 283 0 578 239 0 579 299 0 580 240 0 581 237 0 582 239 0 583 238 0 584 321 0 585 276 0 586 304 0 587 304 0 588 190 0 589 287 0 590 307 0 591 292 0 592 293 0 593 306 0 594 290 0 595 292 0 596 305 0 597 287 0 598 290 0 599 313 0 600 288 0 601 295 0 602 314 0 603 312 0 604 313 0 605 315 0 606 311 0 607 314 0 608 316 0 609 310 0 610 315 0 611 317 0 612 309 0 613 316 0 614 318 0 615 308 0 616 317 0 617 319 0 618 307 0 619 318 0 620 320 0 621 306 0 622 319 0 623 321 0 624 305 0 625 320 0 626 362 1 627 324 1 628 361 1 629 363 1 630 353 1 631 362 1 632 332 1 633 355 1 634 364 1 635 364 1 636 354 1 637 363 1 638 349 1 639 383 1 640 381 1 641 361 1 642 325 1 643 360 1 644 360 1 645 328 1 646 359 1 647 348 1 648 334 1 649 383 1 650 336 1 651 335 1 652 380 1 653 335 1 654 352 1 655 385 1 656 378 1 657 326 1 658 377 1 659 356 1 660 374 1 661 372 1 662 333 2 663 375 2 664 356 2 665 359 1 666 329 1 667 358 1 668 358 1 669 331 1 670 357 1 671 357 1 672 333 1 673 356 1 674 363 1 675 366 1 676 365 1 677 362 1 678 367 1 679 366 1 680 361 1 681 368 1 682 367 1 683 360 1 684 369 1 685 368 1 686 359 1 687 370 1 688 369 1 689 358 3 690 371 3 691 370 3 692 357 1 693 372 1 694 371 1 695 346 1 696 330 1 697 340 1 698 338 1 699 384 1 700 330 1 701 343 1 702 382 1 703 384 1 704 344 1 705 376 1 706 382 1 707 342 4 708 339 4 709 347 4 710 323 1 711 381 1 712 322 1 713 345 1 714 322 1 715 376 1 716 350 1 717 380 1 718 334 1 719 385 1 720 337 1 721 378 1 722 377 1 723 327 1 724 332 1 725 379 1 726 339 1 727 342 1 728 347 1 729 340 1 730 342 1 731 461 5 732 388 5 733 452 5 734 462 6 735 452 6 736 453 6 737 408 7 738 390 7 739 407 7 740 398 1 741 390 1 742 397 1 743 398 8 744 454 8 745 393 8 746 463 9 747 453 9 748 454 9 749 392 1 750 397 1 751 391 1 752 391 1 753 408 1 754 406 1 755 460 10 756 389 10 757 388 10 758 459 11 759 394 11 760 389 11 761 401 1 762 613 1 763 386 1 764 412 1 765 429 1 766 430 1 767 403 1 768 444 1 769 443 1 770 405 1 771 445 1 772 444 1 773 406 1 774 451 1 775 449 1 776 451 12 777 407 12 778 450 12 779 402 1 780 419 1 781 421 1 782 411 1 783 419 1 784 420 1 785 400 1 786 430 1 787 428 1 788 413 1 789 433 1 790 431 1 791 415 1 792 432 1 793 433 1 794 417 1 795 409 1 796 410 1 797 411 1 798 417 1 799 410 1 800 420 1 801 402 1 802 401 1 803 422 1 804 415 1 805 413 1 806 421 1 807 410 1 808 409 1 809 424 1 810 414 1 811 415 1 812 425 1 813 424 1 814 422 1 815 427 1 816 423 1 817 424 1 818 428 1 819 427 1 820 425 1 821 430 1 822 426 1 823 427 1 824 433 1 825 434 1 826 417 1 827 436 1 828 433 1 829 417 1 830 545 13 831 341 13 832 536 13 833 417 14 834 434 14 835 416 14 836 437 1 837 441 1 838 440 1 839 439 1 840 440 1 841 442 1 842 442 1 843 412 1 844 400 1 845 440 1 846 387 1 847 412 1 848 444 1 849 438 1 850 437 1 851 443 1 852 437 1 853 439 1 854 447 1 855 404 1 856 405 1 857 448 1 858 405 1 859 403 1 860 447 15 861 450 15 862 446 15 863 449 1 864 447 1 865 448 1 866 472 16 867 375 16 868 455 16 869 455 17 870 373 17 871 399 17 872 458 18 873 395 18 874 394 18 875 457 19 876 396 19 877 395 19 878 456 20 879 399 20 880 396 20 881 464 1 882 398 1 883 392 1 884 465 1 885 463 1 886 464 1 887 466 1 888 462 1 889 465 1 890 467 1 891 461 1 892 466 1 893 468 1 894 460 1 895 467 1 896 469 1 897 459 1 898 468 1 899 470 1 900 458 1 901 469 1 902 471 1 903 457 1 904 470 1 905 472 1 906 456 1 907 471 1 908 478 1 909 484 1 910 485 1 911 508 1 912 492 1 913 491 1 914 485 1 915 481 1 916 482 1 917 483 1 918 482 1 919 480 1 920 491 1 921 495 1 922 494 1 923 520 1 924 526 1 925 435 1 926 486 1 927 488 1 928 503 1 929 503 21 930 487 21 931 504 21 932 482 1 933 418 1 934 508 1 935 480 1 936 508 1 937 521 1 938 479 1 939 485 1 940 483 1 941 501 1 942 519 1 943 520 1 944 505 1 945 489 1 946 488 1 947 507 1 948 488 1 949 490 1 950 521 1 951 491 1 952 493 1 953 500 1 954 510 1 955 511 1 956 535 22 957 514 22 958 534 22 959 515 1 960 535 1 961 473 1 962 499 1 963 505 1 964 507 1 965 475 1 966 517 1 967 516 1 968 519 1 969 502 1 970 500 1 971 509 1 972 502 1 973 501 1 974 503 1 975 511 1 976 510 1 977 509 1 978 503 1 979 510 1 980 516 1 981 477 1 982 478 1 983 518 1 984 478 1 985 479 1 986 543 23 987 528 23 988 533 23 989 497 1 990 506 1 991 505 1 992 493 1 993 494 1 994 496 1 995 494 1 996 498 1 997 497 1 998 496 1 999 497 1 1000 499 1 1001 488 1 1002 487 1 1003 503 1 1004 546 6 1005 536 6 1006 537 6 1007 513 7 1008 532 7 1009 514 7 1010 524 24 1011 529 24 1012 532 24 1013 523 25 1014 538 25 1015 529 25 1016 547 1 1017 537 1 1018 538 1 1019 530 26 1020 524 26 1021 531 26 1022 531 1 1023 513 1 1024 515 1 1025 544 27 1026 533 27 1027 341 27 1028 474 1 1029 516 1 1030 518 1 1031 475 15 1032 534 15 1033 476 15 1034 473 1 1035 475 1 1036 474 1 1037 599 1 1038 539 1 1039 556 1 1040 539 28 1041 512 28 1042 522 28 1043 542 29 1044 527 29 1045 528 29 1046 541 30 1047 525 30 1048 527 30 1049 540 20 1050 522 20 1051 525 20 1052 548 1 1053 523 1 1054 530 1 1055 549 1 1056 547 1 1057 548 1 1058 550 1 1059 546 1 1060 549 1 1061 551 1 1062 545 1 1063 550 1 1064 552 1 1065 544 1 1066 551 1 1067 553 1 1068 543 1 1069 552 1 1070 554 1 1071 542 1 1072 553 1 1073 555 1 1074 541 1 1075 554 1 1076 556 1 1077 540 1 1078 555 1 1079 632 1 1080 557 1 1081 631 1 1082 570 1 1083 564 1 1084 571 1 1085 578 1 1086 594 1 1087 577 1 1088 567 1 1089 571 1 1090 568 1 1091 568 1 1092 569 1 1093 566 1 1094 581 1 1095 577 1 1096 580 1 1097 613 1 1098 607 1 1099 386 1 1100 572 1 1101 574 1 1102 576 1 1103 589 31 1104 590 31 1105 573 31 1106 558 1 1107 568 1 1108 594 1 1109 594 1 1110 566 1 1111 608 1 1112 571 1 1113 565 1 1114 569 1 1115 606 1 1116 587 1 1117 607 1 1118 575 1 1119 591 1 1120 574 1 1121 574 1 1122 593 1 1123 576 1 1124 577 1 1125 608 1 1126 579 1 1127 586 1 1128 596 1 1129 588 1 1130 622 1 1131 601 1 1132 600 1 1133 622 1 1134 602 1 1135 559 1 1136 591 1 1137 585 1 1138 593 1 1139 604 1 1140 561 1 1141 603 1 1142 606 1 1143 586 1 1144 588 1 1145 588 1 1146 595 1 1147 587 1 1148 597 1 1149 589 1 1150 596 1 1151 595 1 1152 589 1 1153 572 1 1154 563 1 1155 603 1 1156 564 1 1157 564 1 1158 605 1 1159 565 1 1160 630 1 1161 615 1 1162 629 1 1163 592 1 1164 583 1 1165 591 1 1166 580 1 1167 579 1 1168 582 1 1169 584 1 1170 580 1 1171 583 1 1172 583 1 1173 582 1 1174 585 1 1175 573 1 1176 574 1 1177 589 1 1178 633 1 1179 623 1 1180 632 1 1181 600 1 1182 619 1 1183 611 1 1184 619 32 1185 610 32 1186 611 32 1187 610 33 1188 625 33 1189 634 33 1190 634 1 1191 624 1 1192 633 1 1193 611 1 1194 617 1 1195 618 1 1196 600 1 1197 618 1 1198 602 1 1199 631 1 1200 620 1 1201 630 1 1202 603 1 1203 560 1 1204 605 1 1205 561 1 1206 621 1 1207 622 1 1208 561 1 1209 559 1 1210 560 1 1211 643 1 1212 598 1 1213 599 1 1214 626 1 1215 512 1 1216 598 1 1217 629 1 1218 614 1 1219 628 1 1220 628 1 1221 612 1 1222 627 1 1223 627 1 1224 609 1 1225 626 1 1226 610 34 1227 635 34 1228 617 34 1229 634 1 1230 636 1 1231 635 1 1232 633 1 1233 637 1 1234 636 1 1235 632 1 1236 638 1 1237 637 1 1238 631 1 1239 639 1 1240 638 1 1241 630 1 1242 640 1 1243 639 1 1244 629 1 1245 641 1 1246 640 1 1247 628 1 1248 642 1 1249 641 1 1250 627 1 1251 643 1 1252 642 1 1253 40 0 1950 39 0 1951 2 0 1952 41 0 1953 40 0 1954 31 0 1955 10 0 1956 42 0 1957 33 0 1958 42 0 1959 41 0 1960 32 0 1961 61 0 1962 26 0 1963 27 0 1964 39 0 1965 38 0 1966 3 0 1967 38 0 1968 37 0 1969 6 0 1970 12 0 1971 28 0 1972 26 0 1973 13 0 1974 29 0 1975 14 0 1976 13 0 1977 63 0 1978 30 0 1979 56 0 1980 55 0 1981 4 0 1982 52 0 1983 53 0 1984 34 0 1985 53 0 1986 51 0 1987 11 0 1988 37 0 1989 36 0 1990 7 0 1991 36 0 1992 35 0 1993 9 0 1994 35 0 1995 34 0 1996 11 0 1997 44 0 1998 40 0 1999 41 0 2000 45 0 2001 39 0 2002 40 0 2003 46 0 2004 38 0 2005 39 0 2006 47 0 2007 37 0 2008 38 0 2009 48 0 2010 36 0 2011 37 0 2012 49 0 2013 35 0 2014 36 0 2015 50 0 2016 34 0 2017 35 0 2018 8 0 2019 16 0 2020 24 0 2021 62 0 2022 21 0 2023 16 0 2024 60 0 2025 22 0 2026 21 0 2027 54 0 2028 23 0 2029 22 0 2030 59 0 2031 27 0 2032 1 0 2033 0 0 2034 1 0 2035 23 0 2036 58 0 2037 14 0 2038 28 0 2039 63 0 2040 56 0 2041 15 0 2042 55 0 2043 10 0 2044 5 0 2045 18 0 2046 24 0 2047 25 0 2048 139 0 2049 130 0 2050 66 0 2051 140 0 2052 131 0 2053 130 0 2054 86 0 2055 85 0 2056 68 0 2057 68 0 2058 71 0 2059 76 0 2060 76 0 2061 71 0 2062 132 0 2063 141 0 2064 132 0 2065 131 0 2066 75 0 2067 76 0 2068 70 0 2069 86 0 2070 75 0 2071 69 0 2072 138 0 2073 66 0 2074 67 0 2075 137 0 2076 67 0 2077 72 0 2078 291 0 2079 80 0 2080 79 0 2081 107 0 2082 65 0 2083 90 0 2084 122 0 2085 83 0 2086 81 0 2087 123 0 2088 82 0 2089 83 0 2090 129 0 2091 86 0 2092 84 0 2093 129 0 2094 128 0 2095 85 0 2096 97 0 2097 88 0 2098 89 0 2099 108 0 2100 90 0 2101 78 0 2102 111 0 2103 93 0 2104 91 0 2105 110 0 2106 92 0 2107 93 0 2108 87 0 2109 94 0 2110 95 0 2111 89 0 2112 88 0 2113 95 0 2114 80 0 2115 97 0 2116 98 0 2117 93 0 2118 102 0 2119 100 0 2120 99 0 2121 87 0 2122 88 0 2123 92 0 2124 101 0 2125 102 0 2126 102 0 2127 105 0 2128 103 0 2129 101 0 2130 104 0 2131 105 0 2132 105 0 2133 108 0 2134 106 0 2135 104 0 2136 107 0 2137 108 0 2138 112 0 2139 110 0 2140 111 0 2141 114 0 2142 95 0 2143 111 0 2144 223 0 2145 214 0 2146 19 0 2147 119 0 2148 116 0 2149 115 0 2150 118 0 2151 115 0 2152 117 0 2153 90 0 2154 118 0 2155 120 0 2156 65 0 2157 119 0 2158 118 0 2159 116 0 2160 123 0 2161 122 0 2162 115 0 2163 122 0 2164 121 0 2165 82 0 2166 124 0 2167 125 0 2168 83 0 2169 125 0 2170 126 0 2171 125 0 2172 124 0 2173 128 0 2174 125 0 2175 129 0 2176 127 0 2177 150 0 2178 133 0 2179 53 0 2180 133 0 2181 77 0 2182 51 0 2183 136 0 2184 72 0 2185 73 0 2186 135 0 2187 73 0 2188 74 0 2189 134 0 2190 74 0 2191 77 0 2192 76 0 2193 141 0 2194 142 0 2195 141 0 2196 140 0 2197 143 0 2198 140 0 2199 139 0 2200 144 0 2201 139 0 2202 138 0 2203 145 0 2204 138 0 2205 137 0 2206 146 0 2207 137 0 2208 136 0 2209 147 0 2210 136 0 2211 135 0 2212 148 0 2213 135 0 2214 134 0 2215 149 0 2216 134 0 2217 133 0 2218 150 0 2219 162 0 2220 155 0 2221 156 0 2222 170 0 2223 96 0 2224 186 0 2225 159 0 2226 162 0 2227 163 0 2228 160 0 2229 163 0 2230 161 0 2231 173 0 2232 170 0 2233 169 0 2234 204 0 2235 197 0 2236 198 0 2237 164 0 2238 181 0 2239 166 0 2240 96 0 2241 159 0 2242 160 0 2243 186 0 2244 160 0 2245 158 0 2246 163 0 2247 156 0 2248 157 0 2249 197 0 2250 180 0 2251 179 0 2252 167 0 2253 184 0 2254 183 0 2255 166 0 2256 183 0 2257 185 0 2258 169 0 2259 186 0 2260 199 0 2261 178 0 2262 189 0 2263 188 0 2264 213 0 2265 212 0 2266 192 0 2267 213 0 2268 191 0 2269 193 0 2270 183 0 2271 175 0 2272 177 0 2273 195 0 2274 154 0 2275 153 0 2276 180 0 2277 188 0 2278 187 0 2279 189 0 2280 182 0 2281 181 0 2282 187 0 2283 188 0 2284 181 0 2285 155 0 2286 195 0 2287 194 0 2288 156 0 2289 194 0 2290 196 0 2291 221 0 2292 211 0 2293 206 0 2294 184 0 2295 176 0 2296 175 0 2297 172 0 2298 169 0 2299 171 0 2300 176 0 2301 173 0 2302 172 0 2303 175 0 2304 172 0 2305 174 0 2306 165 0 2307 167 0 2308 166 0 2309 224 0 2310 215 0 2311 214 0 2312 191 0 2313 192 0 2314 210 0 2315 202 0 2316 210 0 2317 207 0 2318 201 0 2319 207 0 2320 216 0 2321 225 0 2322 216 0 2323 215 0 2324 202 0 2325 201 0 2326 208 0 2327 191 0 2328 202 0 2329 209 0 2330 222 0 2331 19 0 2332 211 0 2333 194 0 2334 153 0 2335 152 0 2336 153 0 2337 154 0 2338 212 0 2339 153 0 2340 213 0 2341 151 0 2342 217 0 2343 276 0 2344 277 0 2345 217 0 2346 200 0 2347 190 0 2348 220 0 2349 206 0 2350 205 0 2351 219 0 2352 205 0 2353 203 0 2354 218 0 2355 203 0 2356 200 0 2357 201 0 2358 225 0 2359 226 0 2360 225 0 2361 224 0 2362 227 0 2363 224 0 2364 223 0 2365 228 0 2366 223 0 2367 222 0 2368 229 0 2369 222 0 2370 221 0 2371 230 0 2372 221 0 2373 220 0 2374 231 0 2375 220 0 2376 219 0 2377 232 0 2378 219 0 2379 218 0 2380 233 0 2381 218 0 2382 217 0 2383 234 0 2384 310 0 2385 309 0 2386 235 0 2387 242 0 2388 241 0 2389 248 0 2390 272 0 2391 236 0 2392 256 0 2393 249 0 2394 248 0 2395 245 0 2396 247 0 2397 249 0 2398 246 0 2399 255 0 2400 256 0 2401 259 0 2402 285 0 2403 284 0 2404 291 0 2405 250 0 2406 254 0 2407 252 0 2408 246 0 2409 245 0 2410 236 0 2411 244 0 2412 246 0 2413 272 0 2414 243 0 2415 242 0 2416 249 0 2417 265 0 2418 266 0 2419 284 0 2420 269 0 2421 270 0 2422 253 0 2423 271 0 2424 269 0 2425 252 0 2426 286 0 2427 272 0 2428 255 0 2429 264 0 2430 266 0 2431 274 0 2432 300 0 2433 278 0 2434 279 0 2435 280 0 2436 278 0 2437 300 0 2438 263 0 2439 261 0 2440 269 0 2441 239 0 2442 240 0 2443 282 0 2444 273 0 2445 274 0 2446 266 0 2447 267 0 2448 268 0 2449 275 0 2450 273 0 2451 250 0 2452 267 0 2453 281 0 2454 282 0 2455 241 0 2456 283 0 2457 281 0 2458 242 0 2459 308 0 2460 307 0 2461 293 0 2462 261 0 2463 262 0 2464 270 0 2465 257 0 2466 255 0 2467 258 0 2468 258 0 2469 259 0 2470 262 0 2471 260 0 2472 258 0 2473 261 0 2474 252 0 2475 253 0 2476 251 0 2477 311 0 2478 310 0 2479 301 0 2480 278 0 2481 289 0 2482 297 0 2483 288 0 2484 294 0 2485 297 0 2486 288 0 2487 312 0 2488 303 0 2489 312 0 2490 311 0 2491 302 0 2492 295 0 2493 288 0 2494 289 0 2495 296 0 2496 289 0 2497 278 0 2498 309 0 2499 308 0 2500 298 0 2501 238 0 2502 239 0 2503 281 0 2504 239 0 2505 300 0 2506 299 0 2507 237 0 2508 300 0 2509 239 0 2510 321 0 2511 277 0 2512 276 0 2513 304 0 2514 276 0 2515 190 0 2516 307 0 2517 306 0 2518 292 0 2519 306 0 2520 305 0 2521 290 0 2522 305 0 2523 304 0 2524 287 0 2525 313 0 2526 312 0 2527 288 0 2528 314 0 2529 311 0 2530 312 0 2531 315 0 2532 310 0 2533 311 0 2534 316 0 2535 309 0 2536 310 0 2537 317 0 2538 308 0 2539 309 0 2540 318 0 2541 307 0 2542 308 0 2543 319 0 2544 306 0 2545 307 0 2546 320 0 2547 305 0 2548 306 0 2549 321 0 2550 304 0 2551 305 0 2552 362 243 2553 353 243 2554 324 243 2555 363 244 2556 354 244 2557 353 244 2558 332 245 2559 327 245 2560 355 245 2561 364 246 2562 355 246 2563 354 246 2564 349 247 2565 348 247 2566 383 247 2567 361 248 2568 324 248 2569 325 248 2570 360 249 2571 325 249 2572 328 249 2573 348 1 2574 350 1 2575 334 1 2576 336 250 2577 351 250 2578 335 250 2579 335 251 2580 351 251 2581 352 251 2582 378 252 2583 337 252 2584 326 252 2585 356 1 2586 375 1 2587 374 1 2588 333 1 2589 373 1 2590 375 1 2591 359 253 2592 328 253 2593 329 253 2594 358 254 2595 329 254 2596 331 254 2597 357 255 2598 331 255 2599 333 255 2600 363 1 2601 362 1 2602 366 1 2603 362 1 2604 361 1 2605 367 1 2606 361 1 2607 360 1 2608 368 1 2609 360 1 2610 359 1 2611 369 1 2612 359 1 2613 358 1 2614 370 1 2615 358 1 2616 357 1 2617 371 1 2618 357 1 2619 356 1 2620 372 1 2621 346 1 2622 338 1 2623 330 1 2624 338 1 2625 343 1 2626 384 1 2627 343 1 2628 344 1 2629 382 1 2630 344 256 2631 345 256 2632 376 256 2633 323 1 2634 349 1 2635 381 1 2636 345 257 2637 323 257 2638 322 257 2639 350 1 2640 336 1 2641 380 1 2642 385 258 2643 352 258 2644 337 258 2645 377 259 2646 326 259 2647 327 259 2648 347 1 2649 346 1 2650 340 1 2651 461 1 2652 460 1 2653 388 1 2654 462 1 2655 461 1 2656 452 1 2657 408 1 2658 397 1 2659 390 1 2660 398 260 2661 393 260 2662 390 260 2663 398 261 2664 463 261 2665 454 261 2666 463 1 2667 462 1 2668 453 1 2669 392 262 2670 398 262 2671 397 262 2672 391 1 2673 397 1 2674 408 1 2675 460 1 2676 459 1 2677 389 1 2678 459 1 2679 458 1 2680 394 1 2681 401 1 2682 402 1 2683 613 1 2684 412 263 2685 387 263 2686 429 263 2687 403 1 2688 405 1 2689 444 1 2690 405 264 2691 404 264 2692 445 264 2693 406 1 2694 408 1 2695 451 1 2696 451 1 2697 408 1 2698 407 1 2699 411 1 2700 410 1 2701 419 1 2702 400 1 2703 412 1 2704 430 1 2705 413 1 2706 415 1 2707 433 1 2708 415 265 2709 414 265 2710 432 265 2711 417 266 2712 416 266 2713 409 266 2714 411 1 2715 436 1 2716 417 1 2717 420 1 2718 419 1 2719 402 1 2720 422 1 2721 424 1 2722 415 1 2723 421 1 2724 419 1 2725 410 1 2726 424 267 2727 423 267 2728 414 267 2729 425 1 2730 427 1 2731 424 1 2732 427 268 2733 426 268 2734 423 268 2735 428 1 2736 430 1 2737 427 1 2738 430 269 2739 429 269 2740 426 269 2741 433 1 2742 432 1 2743 434 1 2744 436 1 2745 431 1 2746 433 1 2747 545 1 2748 544 1 2749 341 1 2750 437 270 2751 438 270 2752 441 270 2753 439 1 2754 437 1 2755 440 1 2756 442 1 2757 440 1 2758 412 1 2759 440 271 2760 441 271 2761 387 271 2762 444 272 2763 445 272 2764 438 272 2765 443 1 2766 444 1 2767 437 1 2768 447 273 2769 446 273 2770 404 273 2771 448 1 2772 447 1 2773 405 1 2774 447 1 2775 451 1 2776 450 1 2777 449 1 2778 451 1 2779 447 1 2780 472 274 2781 374 274 2782 375 274 2783 455 1 2784 375 1 2785 373 1 2786 458 1 2787 457 1 2788 395 1 2789 457 1 2790 456 1 2791 396 1 2792 456 1 2793 455 1 2794 399 1 2795 464 275 2796 463 275 2797 398 275 2798 465 1 2799 462 1 2800 463 1 2801 466 1 2802 461 1 2803 462 1 2804 467 1 2805 460 1 2806 461 1 2807 468 1 2808 459 1 2809 460 1 2810 469 1 2811 458 1 2812 459 1 2813 470 1 2814 457 1 2815 458 1 2816 471 1 2817 456 1 2818 457 1 2819 472 1 2820 455 1 2821 456 1 2822 478 276 2823 477 276 2824 484 276 2825 508 263 2826 418 263 2827 492 263 2828 485 277 2829 484 277 2830 481 277 2831 483 1 2832 485 1 2833 482 1 2834 491 269 2835 492 269 2836 495 269 2837 520 1 2838 519 1 2839 526 1 2840 486 1 2841 490 1 2842 488 1 2843 482 278 2844 481 278 2845 418 278 2846 480 1 2847 482 1 2848 508 1 2849 479 1 2850 478 1 2851 485 1 2852 501 1 2853 502 1 2854 519 1 2855 505 279 2856 506 279 2857 489 279 2858 507 1 2859 505 1 2860 488 1 2861 521 1 2862 508 1 2863 491 1 2864 500 1 2865 502 1 2866 510 1 2867 535 1 2868 513 1 2869 514 1 2870 515 1 2871 513 1 2872 535 1 2873 499 1 2874 497 1 2875 505 1 2876 475 280 2877 476 280 2878 517 280 2879 509 1 2880 510 1 2881 502 1 2882 503 281 2883 504 281 2884 511 281 2885 509 1 2886 486 1 2887 503 1 2888 516 282 2889 517 282 2890 477 282 2891 518 1 2892 516 1 2893 478 1 2894 543 1 2895 542 1 2896 528 1 2897 497 283 2898 498 283 2899 506 283 2900 493 1 2901 491 1 2902 494 1 2903 494 284 2904 495 284 2905 498 284 2906 496 1 2907 494 1 2908 497 1 2909 488 1 2910 489 1 2911 487 1 2912 546 1 2913 545 1 2914 536 1 2915 513 1 2916 524 1 2917 532 1 2918 524 1 2919 523 1 2920 529 1 2921 523 1 2922 547 1 2923 538 1 2924 547 1 2925 546 1 2926 537 1 2927 530 285 2928 523 285 2929 524 285 2930 531 1 2931 524 1 2932 513 1 2933 544 1 2934 543 1 2935 533 1 2936 474 1 2937 475 1 2938 516 1 2939 475 1 2940 535 1 2941 534 1 2942 473 1 2943 535 1 2944 475 1 2945 599 286 2946 598 286 2947 539 286 2948 539 1 2949 598 1 2950 512 1 2951 542 1 2952 541 1 2953 527 1 2954 541 1 2955 540 1 2956 525 1 2957 540 1 2958 539 1 2959 522 1 2960 548 287 2961 547 287 2962 523 287 2963 549 1 2964 546 1 2965 547 1 2966 550 1 2967 545 1 2968 546 1 2969 551 1 2970 544 1 2971 545 1 2972 552 1 2973 543 1 2974 544 1 2975 553 1 2976 542 1 2977 543 1 2978 554 1 2979 541 1 2980 542 1 2981 555 1 2982 540 1 2983 541 1 2984 556 1 2985 539 1 2986 540 1 2987 632 288 2988 623 288 2989 557 288 2990 570 1 2991 563 1 2992 564 1 2993 578 289 2994 558 289 2995 594 289 2996 567 290 2997 570 290 2998 571 290 2999 568 1 3000 571 1 3001 569 1 3002 581 291 3003 578 291 3004 577 291 3005 613 1 3006 606 1 3007 607 1 3008 572 1 3009 589 1 3010 574 1 3011 558 292 3012 567 292 3013 568 292 3014 594 1 3015 568 1 3016 566 1 3017 571 1 3018 564 1 3019 565 1 3020 606 1 3021 588 1 3022 587 1 3023 575 1 3024 592 1 3025 591 1 3026 574 1 3027 591 1 3028 593 1 3029 577 1 3030 594 1 3031 608 1 3032 586 1 3033 597 1 3034 596 1 3035 622 293 3036 621 293 3037 601 293 3038 622 1 3039 600 1 3040 602 1 3041 591 1 3042 583 1 3043 585 1 3044 604 1 3045 562 1 3046 561 1 3047 588 1 3048 596 1 3049 595 1 3050 597 1 3051 590 1 3052 589 1 3053 595 1 3054 596 1 3055 589 1 3056 563 1 3057 604 1 3058 603 1 3059 564 1 3060 603 1 3061 605 1 3062 630 294 3063 620 294 3064 615 294 3065 592 295 3066 584 295 3067 583 295 3068 580 1 3069 577 1 3070 579 1 3071 584 1 3072 581 1 3073 580 1 3074 583 1 3075 580 1 3076 582 1 3077 573 1 3078 575 1 3079 574 1 3080 633 296 3081 624 296 3082 623 296 3083 600 297 3084 601 297 3085 619 297 3086 619 1 3087 616 1 3088 610 1 3089 610 298 3090 616 298 3091 625 298 3092 634 299 3093 625 299 3094 624 299 3095 611 300 3096 610 300 3097 617 300 3098 600 1 3099 611 1 3100 618 1 3101 631 301 3102 557 301 3103 620 301 3104 603 1 3105 561 1 3106 560 1 3107 561 302 3108 562 302 3109 621 302 3110 561 1 3111 622 1 3112 559 1 3113 643 303 3114 626 303 3115 598 303 3116 626 304 3117 609 304 3118 512 304 3119 629 305 3120 615 305 3121 614 305 3122 628 306 3123 614 306 3124 612 306 3125 627 307 3126 612 307 3127 609 307 3128 610 1 3129 634 1 3130 635 1 3131 634 1 3132 633 1 3133 636 1 3134 633 1 3135 632 1 3136 637 1 3137 632 1 3138 631 1 3139 638 1 3140 631 1 3141 630 1 3142 639 1 3143 630 1 3144 629 1 3145 640 1 3146 629 1 3147 628 1 3148 641 1 3149 628 1 3150 627 1 3151 642 1 3152 627 1 3153 626 1 3154 643 1 3155</p>
        </triangles>
        <triangles material="tyl-material" count="230">
          <input semantic="VERTEX" source="#Plane_002-mesh-vertices" offset="0"/>
          <input semantic="NORMAL" source="#Plane_002-mesh-normals" offset="1"/>
          <input semantic="TEXCOORD" source="#Plane_002-mesh-map-0" offset="2" set="0"/>
          <p>273 36 1257 572 36 1258 250 36 1259 52 37 1260 472 37 1261 150 37 1262 142 38 1263 392 38 1264 70 38 1265 143 42 1275 464 42 1276 142 42 1277 277 44 1281 556 44 1282 234 44 1283 144 45 1284 465 45 1285 143 45 1286 145 48 1293 466 48 1294 144 48 1295 146 51 1302 467 51 1303 145 51 1304 250 53 1308 576 53 1309 254 53 1310 114 54 1311 411 54 1312 89 54 1313 147 55 1314 468 55 1315 146 55 1316 20 56 1317 340 56 1318 18 56 1319 148 57 1320 469 57 1321 147 57 1322 149 51 1329 470 51 1330 148 51 1331 10 60 1332 364 60 1333 42 60 1334 150 45 1338 471 45 1339 149 45 1340 193 63 1344 473 63 1345 151 63 1346 285 66 1353 587 66 1354 265 66 1355 152 69 1362 518 69 1363 196 69 1364 79 72 1371 386 72 1372 64 72 1373 78 77 1386 428 77 1387 106 77 1388 81 78 1392 443 78 1393 121 78 1394 254 82 1404 593 82 1405 271 82 1406 84 88 1422 449 88 1423 127 88 1424 199 93 1437 493 93 1438 171 93 1439 113 94 1440 526 94 1441 204 94 1442 198 99 1455 435 99 1456 113 99 1457 265 101 1461 595 101 1462 273 101 1463 177 102 1464 507 102 1465 185 102 1466 89 103 1467 420 103 1468 98 103 1469 226 110 1488 530 110 1489 208 110 1490 227 111 1491 548 111 1492 226 111 1493 91 112 1494 431 112 1495 109 112 1496 228 45 1500 549 45 1501 227 45 1502 229 45 1512 550 45 1513 228 45 1514 230 119 1521 551 119 1522 229 119 1523 231 45 1524 552 45 1525 230 45 1526 158 120 1527 521 120 1528 199 120 1529 232 45 1533 553 45 1534 231 45 1535 233 119 1545 554 119 1546 232 119 1547 234 45 1560 555 45 1561 233 45 1562 208 129 1563 531 129 1564 209 129 1565 196 120 1566 479 120 1567 157 120 1568 157 120 1572 483 120 1573 161 120 1574 151 131 1575 474 131 1576 152 131 1577 98 132 1578 401 132 1579 79 132 1580 42 134 1584 363 134 1585 41 134 1586 237 135 1587 602 135 1588 280 135 1589 161 136 1590 480 136 1591 158 136 1592 43 137 1593 366 137 1594 44 137 1595 100 138 1596 413 138 1597 91 138 1598 44 139 1599 367 139 1600 45 139 1601 283 140 1602 560 140 1603 238 140 1604 45 142 1608 368 142 1609 46 142 1610 46 144 1614 369 144 1615 47 144 1616 47 145 1617 370 145 1618 48 145 1619 171 147 1623 496 147 1624 174 147 1625 48 148 1626 371 148 1627 49 148 1628 103 149 1629 422 149 1630 100 149 1631 49 150 1632 372 150 1633 50 150 1634 174 154 1644 499 154 1645 177 154 1646 106 77 1653 425 77 1654 103 77 1655 64 161 1668 607 161 1669 285 161 1670 257 162 1671 608 162 1672 286 162 1673 168 163 1674 486 163 1675 164 163 1676 109 165 1680 436 165 1681 114 165 1682 41 166 1683 365 166 1684 43 166 1685 164 167 1686 509 167 1687 187 167 1688 179 173 1704 520 173 1705 198 173 1706 296 176 1713 617 176 1714 295 176 1715 209 177 1716 515 177 1717 193 177 1718 295 179 1722 635 179 1723 313 179 1724 280 180 1725 618 180 1726 296 180 1727 313 42 1731 636 42 1732 314 42 1733 314 45 1740 637 45 1741 315 45 1742 315 51 1746 638 51 1747 316 51 1748 50 186 1752 374 186 1753 52 186 1754 316 187 1755 639 187 1756 317 187 1757 271 188 1758 585 188 1759 263 188 1760 185 189 1761 490 189 1762 168 189 1763 117 190 1764 442 190 1765 120 190 1766 317 192 1770 640 192 1771 318 192 1772 59 193 1773 383 193 1774 61 193 1775 318 194 1776 641 194 1777 319 194 1778 56 196 1782 377 196 1783 55 196 1784 319 187 1785 642 187 1786 320 187 1787 58 199 1794 335 199 1795 13 199 1796 320 192 1797 643 192 1798 321 192 1799 13 201 1803 385 201 1804 63 201 1805 120 202 1806 400 202 1807 78 202 1808 61 193 1809 334 193 1810 12 193 1811 18 204 1815 330 204 1816 8 204 1817 8 206 1821 384 206 1822 62 206 1823 121 207 1824 439 207 1825 117 207 1826 62 208 1827 382 208 1828 60 208 1829 286 120 1830 566 120 1831 244 120 1832 60 210 1836 376 210 1837 54 210 1838 187 212 1842 501 212 1843 179 212 1844 0 193 1857 381 193 1858 59 193 1859 54 210 1860 322 210 1861 0 210 1862 243 217 1863 605 217 1864 283 217 1865 12 219 1869 380 219 1870 58 219 1871 63 221 1875 378 221 1876 56 221 1877 247 222 1878 565 222 1879 243 222 1880 126 223 1881 403 223 1882 81 223 1883 55 224 1884 332 224 1885 10 224 1886 238 135 1887 559 135 1888 237 135 1889 57 225 1890 342 225 1891 20 225 1892 127 88 1896 448 88 1897 126 88 1898 244 222 1899 569 222 1900 247 222 1901 69 234 1923 406 234 1924 84 234 1925 321 235 1926 599 235 1927 277 235 1928 260 236 1929 579 236 1930 257 236 1931 70 237 1932 391 237 1933 69 237 1934 263 241 1944 582 241 1945 260 241 1946 273 309 3159 595 309 3160 572 309 3161 52 310 3162 374 310 3163 472 310 3164 142 311 3165 464 311 3166 392 311 3167 143 315 3177 465 315 3178 464 315 3179 277 317 3183 599 317 3184 556 317 3185 144 309 3186 466 309 3187 465 309 3188 145 320 3195 467 320 3196 466 320 3197 146 309 3204 468 309 3205 467 309 3206 250 309 3210 572 309 3211 576 309 3212 114 309 3213 436 309 3214 411 309 3215 147 324 3216 469 324 3217 468 324 3218 20 309 3219 342 309 3220 340 309 3221 148 320 3222 470 320 3223 469 320 3224 149 309 3231 471 309 3232 470 309 3233 10 327 3234 332 327 3235 364 327 3236 150 309 3240 472 309 3241 471 309 3242 193 309 3246 515 309 3247 473 309 3248 285 309 3255 607 309 3256 587 309 3257 152 309 3264 474 309 3265 518 309 3266 79 309 3273 401 309 3274 386 309 3275 78 309 3288 400 309 3289 428 309 3290 81 309 3294 403 309 3295 443 309 3296 254 309 3306 576 309 3307 593 309 3308 84 309 3324 406 309 3325 449 309 3326 199 309 3339 521 309 3340 493 309 3341 113 94 3342 435 94 3343 526 94 3344 198 356 3357 520 356 3358 435 356 3359 265 309 3363 587 309 3364 595 309 3365 177 358 3366 499 358 3367 507 358 3368 89 309 3369 411 309 3370 420 309 3371 226 364 3390 548 364 3391 530 364 3392 227 309 3393 549 309 3394 548 309 3395 91 309 3396 413 309 3397 431 309 3398 228 309 3402 550 309 3403 549 309 3404 229 309 3414 551 309 3415 550 309 3416 230 309 3423 552 309 3424 551 309 3425 231 309 3426 553 309 3427 552 309 3428 158 371 3429 480 371 3430 521 371 3431 232 309 3435 554 309 3436 553 309 3437 233 309 3447 555 309 3448 554 309 3449 234 309 3462 556 309 3463 555 309 3464 208 380 3465 530 380 3466 531 380 3467 196 371 3468 518 371 3469 479 371 3470 157 371 3474 479 371 3475 483 371 3476 151 309 3477 473 309 3478 474 309 3479 98 382 3480 420 382 3481 401 382 3482 42 384 3486 364 384 3487 363 384 3488 237 385 3489 559 385 3490 602 385 3491 161 371 3492 483 371 3493 480 371 3494 43 309 3495 365 309 3496 366 309 3497 100 309 3498 422 309 3499 413 309 3500 44 309 3501 366 309 3502 367 309 3503 283 309 3504 605 309 3505 560 309 3506 45 309 3510 367 309 3511 368 309 3512 46 309 3516 368 309 3517 369 309 3518 47 309 3519 369 309 3520 370 309 3521 171 309 3525 493 309 3526 496 309 3527 48 389 3528 370 389 3529 371 389 3530 103 309 3531 425 309 3532 422 309 3533 49 390 3534 371 390 3535 372 390 3536 174 394 3546 496 394 3547 499 394 3548 106 309 3555 428 309 3556 425 309 3557 64 309 3570 386 309 3571 607 309 3572 257 309 3573 579 309 3574 608 309 3575 168 309 3576 490 309 3577 486 309 3578 109 309 3582 431 309 3583 436 309 3584 41 401 3585 363 401 3586 365 401 3587 164 309 3588 486 309 3589 509 309 3590 179 309 3606 501 309 3607 520 309 3608 296 309 3615 618 309 3616 617 309 3617 209 409 3618 531 409 3619 515 409 3620 295 411 3624 617 411 3625 635 411 3626 280 412 3627 602 412 3628 618 412 3629 313 414 3633 635 414 3634 636 414 3635 314 309 3642 636 309 3643 637 309 3644 315 309 3648 637 309 3649 638 309 3650 50 309 3654 372 309 3655 374 309 3656 316 320 3657 638 320 3658 639 320 3659 271 309 3660 593 309 3661 585 309 3662 185 309 3663 507 309 3664 490 309 3665 117 309 3666 439 309 3667 442 309 3668 317 309 3672 639 309 3673 640 309 3674 59 309 3675 381 309 3676 383 309 3677 318 309 3678 640 309 3679 641 309 3680 56 309 3684 378 309 3685 377 309 3686 319 421 3687 641 421 3688 642 421 3689 58 309 3696 380 309 3697 335 309 3698 320 309 3699 642 309 3700 643 309 3701 13 425 3705 335 425 3706 385 425 3707 120 309 3708 442 309 3709 400 309 3710 61 309 3711 383 309 3712 334 309 3713 18 309 3717 340 309 3718 330 309 3719 8 309 3723 330 309 3724 384 309 3725 121 309 3726 443 309 3727 439 309 3728 62 309 3729 384 309 3730 382 309 3731 286 428 3732 608 428 3733 566 428 3734 60 309 3738 382 309 3739 376 309 3740 187 431 3744 509 431 3745 501 431 3746 0 309 3759 322 309 3760 381 309 3761 54 309 3762 376 309 3763 322 309 3764 243 309 3765 565 309 3766 605 309 3767 12 309 3771 334 309 3772 380 309 3773 63 309 3777 385 309 3778 378 309 3779 247 371 3780 569 371 3781 565 371 3782 126 309 3783 448 309 3784 403 309 3785 55 309 3786 377 309 3787 332 309 3788 238 438 3789 560 438 3790 559 438 3791 57 309 3792 379 309 3793 342 309 3794 127 309 3798 449 309 3799 448 309 3800 244 428 3801 566 428 3802 569 428 3803 69 446 3825 391 446 3826 406 446 3827 321 447 3828 643 447 3829 599 447 3830 260 394 3831 582 394 3832 579 394 3833 70 309 3834 392 309 3835 391 309 3836 263 309 3846 585 309 3847 582 309 3848</p>
        </triangles>
        <triangles material="front_shine-material" count="88">
          <input semantic="VERTEX" source="#Plane_002-mesh-vertices" offset="0"/>
          <input semantic="NORMAL" source="#Plane_002-mesh-normals" offset="1"/>
          <input semantic="TEXCOORD" source="#Plane_002-mesh-map-0" offset="2" set="0"/>
          <p>253 41 1272 573 41 1273 251 41 1274 80 46 1287 421 46 1288 99 46 1289 275 61 1335 586 61 1336 264 61 1337 17 62 1341 379 62 1342 57 62 1343 65 70 1365 441 70 1366 119 70 1367 251 76 1383 590 76 1384 268 76 1385 197 79 1395 500 79 1396 178 79 1397 21 81 1401 338 81 1402 16 81 1403 25 84 1410 339 84 1411 17 84 1412 262 85 1413 592 85 1414 270 85 1415 256 86 1416 581 86 1417 259 86 1418 22 89 1425 343 89 1426 21 89 1427 96 90 1428 481 90 1429 159 90 1430 23 92 1434 344 92 1435 22 92 1436 1 95 1443 345 95 1444 23 95 1445 87 97 1449 416 97 1450 94 97 1451 236 98 1452 578 98 1453 256 98 1454 16 100 1458 346 100 1459 24 100 1460 268 104 1470 597 104 1471 275 104 1472 24 105 1473 347 105 1474 25 105 1475 259 109 1485 584 109 1486 262 109 1487 92 115 1506 423 115 1507 101 115 1508 94 123 1539 434 123 1540 112 123 1541 284 128 1557 613 128 1558 291 128 1559 99 133 1581 409 133 1582 87 133 1583 101 141 1605 426 141 1606 104 141 1607 167 143 1611 506 143 1612 184 143 1613 104 152 1638 429 152 1639 107 152 1640 264 153 1641 606 153 1642 284 153 1643 165 156 1650 489 156 1651 167 156 1652 107 159 1662 387 159 1663 65 159 1664 245 160 1665 558 160 1666 236 160 1667 291 164 1677 402 164 1678 80 164 1679 110 168 1689 414 168 1690 92 168 1691 178 171 1698 511 171 1699 189 171 1700 112 175 1710 432 175 1711 110 175 1712 182 183 1737 487 183 1738 165 183 1739 184 195 1779 498 195 1780 176 195 1781 173 198 1791 492 198 1792 170 198 1793 170 209 1833 418 209 1834 96 209 1835 189 216 1854 504 216 1855 182 216 1856 176 220 1872 495 220 1873 173 220 1874 270 229 1908 575 229 1909 253 229 1910 204 232 1917 519 232 1918 197 232 1919 253 314 3174 575 314 3175 573 314 3176 80 318 3189 402 318 3190 421 318 3191 275 328 3237 597 328 3238 586 328 3239 17 329 3243 339 329 3244 379 329 3245 65 334 3267 387 334 3268 441 334 3269 251 339 3285 573 339 3286 590 339 3287 197 341 3297 519 341 3298 500 341 3299 21 343 3303 343 343 3304 338 343 3305 25 345 3312 347 345 3313 339 345 3314 262 346 3315 584 346 3316 592 346 3317 256 347 3318 578 347 3319 581 347 3320 22 348 3327 344 348 3328 343 348 3329 96 349 3330 418 349 3331 481 349 3332 23 351 3336 345 351 3337 344 351 3338 1 352 3345 323 352 3346 345 352 3347 87 354 3351 409 354 3352 416 354 3353 236 355 3354 558 355 3355 578 355 3356 16 357 3360 338 357 3361 346 357 3362 268 359 3372 590 359 3373 597 359 3374 24 360 3375 346 360 3376 347 360 3377 259 363 3387 581 363 3388 584 363 3389 92 367 3408 414 367 3409 423 367 3410 94 374 3441 416 374 3442 434 374 3443 284 379 3459 606 379 3460 613 379 3461 99 383 3483 421 383 3484 409 383 3485 101 386 3507 423 386 3508 426 386 3509 167 387 3513 489 387 3514 506 387 3515 104 392 3540 426 392 3541 429 392 3542 264 393 3543 586 393 3544 606 393 3545 165 396 3552 487 396 3553 489 396 3554 107 399 3564 429 399 3565 387 399 3566 245 400 3567 567 400 3568 558 400 3569 291 379 3579 613 379 3580 402 379 3581 110 402 3591 432 402 3592 414 402 3593 178 405 3600 500 405 3601 511 405 3602 112 408 3612 434 408 3613 432 408 3614 182 416 3639 504 416 3640 487 416 3641 184 420 3681 506 420 3682 498 420 3683 173 423 3693 495 423 3694 492 423 3695 170 429 3735 492 429 3736 418 429 3737 189 435 3756 511 435 3757 504 435 3758 176 437 3774 498 437 3775 495 437 3776 270 442 3810 592 442 3811 575 442 3812 204 379 3819 526 379 3820 519 379 3821</p>
        </triangles>
        <triangles material="front-material" count="146">
          <input semantic="VERTEX" source="#Plane_002-mesh-vertices" offset="0"/>
          <input semantic="NORMAL" source="#Plane_002-mesh-normals" offset="1"/>
          <input semantic="TEXCOORD" source="#Plane_002-mesh-map-0" offset="2" set="0"/>
          <p>130 35 1254 388 35 1255 66 35 1256 131 39 1266 452 39 1267 130 39 1268 33 40 1269 327 40 1270 5 40 1271 67 43 1278 394 43 1279 72 43 1280 2 47 1290 353 47 1291 31 47 1292 190 49 1296 609 49 1297 287 49 1298 31 50 1299 354 50 1300 32 50 1301 6 52 1305 325 52 1306 3 52 1307 66 58 1323 389 58 1324 67 58 1325 3 59 1326 324 59 1327 2 59 1328 74 64 1347 399 64 1348 77 64 1349 11 65 1350 331 65 1351 9 65 1352 73 67 1356 396 67 1357 74 67 1358 9 68 1359 329 68 1360 7 68 1361 27 71 1368 323 71 1369 1 71 1370 29 73 1374 336 73 1375 14 73 1376 162 74 1377 477 74 1378 155 74 1379 4 75 1380 337 75 1381 15 75 1382 211 43 1389 528 43 1390 206 43 1391 82 80 1398 446 80 1399 124 80 1400 19 83 1407 533 83 1408 211 83 1409 203 87 1419 522 87 1420 200 87 1421 85 91 1431 390 91 1432 68 91 1433 206 96 1446 527 96 1447 205 96 1448 215 106 1476 536 106 1477 214 106 1478 195 107 1479 476 107 1480 154 107 1481 28 108 1482 348 108 1483 26 108 1484 26 113 1497 349 113 1498 27 113 1499 154 114 1503 534 114 1504 212 114 1505 248 116 1509 567 116 1510 245 116 1511 155 117 1515 517 117 1516 195 117 1517 14 118 1518 350 118 1519 28 118 1520 30 121 1530 351 121 1531 29 121 1532 212 122 1536 514 122 1537 192 122 1538 290 124 1542 614 124 1543 292 124 1544 192 125 1548 532 125 1549 210 125 1550 207 126 1551 538 126 1552 216 126 1553 15 127 1554 352 127 1555 30 127 1556 7 130 1569 328 130 1570 6 130 1571 241 146 1620 570 146 1621 248 146 1622 293 151 1635 620 151 1636 298 151 1637 298 155 1647 557 155 1648 235 155 1649 287 157 1656 612 157 1657 290 157 1658 200 158 1659 512 158 1660 190 158 1661 292 169 1692 615 169 1693 293 169 1694 301 170 1695 624 170 1696 302 170 1697 235 172 1701 623 172 1702 301 172 1703 303 174 1707 616 174 1708 294 174 1709 210 178 1719 529 178 1720 207 178 1721 216 181 1728 537 181 1729 215 181 1730 294 182 1734 619 182 1735 297 182 1736 302 184 1743 625 184 1744 303 184 1745 116 185 1749 445 185 1750 123 185 1751 51 191 1767 333 191 1768 11 191 1769 240 197 1788 604 197 1789 282 197 1790 119 200 1800 438 200 1801 116 200 1802 299 203 1812 562 203 1813 240 203 1814 282 205 1818 563 205 1819 241 205 1820 279 211 1839 621 211 1840 299 211 1841 123 213 1845 404 213 1846 82 213 1847 214 214 1848 341 214 1849 19 214 1850 297 215 1851 601 215 1852 279 215 1853 124 218 1866 450 218 1867 128 218 1868 159 226 1893 484 226 1894 162 226 1895 128 227 1902 407 227 1903 85 227 1904 132 228 1905 453 228 1906 131 228 1907 205 230 1911 525 230 1912 203 230 1913 68 231 1914 393 231 1915 71 231 1916 72 233 1920 395 233 1921 73 233 1922 71 238 1935 454 238 1936 132 238 1937 32 239 1938 355 239 1939 33 239 1940 5 240 1941 326 240 1942 4 240 1943 77 242 1947 373 242 1948 51 242 1949 130 308 3156 452 308 3157 388 308 3158 131 312 3168 453 312 3169 452 312 3170 33 313 3171 355 313 3172 327 313 3173 67 316 3180 389 316 3181 394 316 3182 2 319 3192 324 319 3193 353 319 3194 190 321 3198 512 321 3199 609 321 3200 31 322 3201 353 322 3202 354 322 3203 6 323 3207 328 323 3208 325 323 3209 66 325 3225 388 325 3226 389 325 3227 3 326 3228 325 326 3229 324 326 3230 74 330 3249 396 330 3250 399 330 3251 11 331 3252 333 331 3253 331 331 3254 73 332 3258 395 332 3259 396 332 3260 9 333 3261 331 333 3262 329 333 3263 27 335 3270 349 335 3271 323 335 3272 29 336 3276 351 336 3277 336 336 3278 162 337 3279 484 337 3280 477 337 3281 4 338 3282 326 338 3283 337 338 3284 211 340 3291 533 340 3292 528 340 3293 82 342 3300 404 342 3301 446 342 3302 19 344 3309 341 344 3310 533 344 3311 203 330 3321 525 330 3322 522 330 3323 85 350 3333 407 350 3334 390 350 3335 206 353 3348 528 353 3349 527 353 3350 215 312 3378 537 312 3379 536 312 3380 195 361 3381 517 361 3382 476 361 3383 28 362 3384 350 362 3385 348 362 3386 26 365 3399 348 365 3400 349 365 3401 154 366 3405 476 366 3406 534 366 3407 248 368 3411 570 368 3412 567 368 3413 155 369 3417 477 369 3418 517 369 3419 14 370 3420 336 370 3421 350 370 3422 30 372 3432 352 372 3433 351 372 3434 212 373 3438 534 373 3439 514 373 3440 290 375 3444 612 375 3445 614 375 3446 192 376 3450 514 376 3451 532 376 3452 207 377 3453 529 377 3454 538 377 3455 15 378 3456 337 378 3457 352 378 3458 7 381 3471 329 381 3472 328 381 3473 241 388 3522 563 388 3523 570 388 3524 293 391 3537 615 391 3538 620 391 3539 298 395 3549 620 395 3550 557 395 3551 287 397 3558 609 397 3559 612 397 3560 200 398 3561 522 398 3562 512 398 3563 292 403 3594 614 403 3595 615 403 3596 301 404 3597 623 404 3598 624 404 3599 235 406 3603 557 406 3604 623 406 3605 303 407 3609 625 407 3610 616 407 3611 210 410 3621 532 410 3622 529 410 3623 216 413 3630 538 413 3631 537 413 3632 294 415 3636 616 415 3637 619 415 3638 302 417 3645 624 417 3646 625 417 3647 116 418 3651 438 418 3652 445 418 3653 51 419 3669 373 419 3670 333 419 3671 240 422 3690 562 422 3691 604 422 3692 119 424 3702 441 424 3703 438 424 3704 299 426 3714 621 426 3715 562 426 3716 282 427 3720 604 427 3721 563 427 3722 279 430 3741 601 430 3742 621 430 3743 123 432 3747 445 432 3748 404 432 3749 214 433 3750 536 433 3751 341 433 3752 297 434 3753 619 434 3754 601 434 3755 124 436 3768 446 436 3769 450 436 3770 159 439 3795 481 439 3796 484 439 3797 128 440 3804 450 440 3805 407 440 3806 132 441 3807 454 441 3808 453 441 3809 205 443 3813 527 443 3814 525 443 3815 68 444 3816 390 444 3817 393 444 3818 72 445 3822 394 445 3823 395 445 3824 71 448 3837 393 448 3838 454 448 3839 32 449 3840 354 449 3841 355 449 3842 5 450 3843 327 450 3844 326 450 3845 77 451 3849 399 451 3850 373 451 3851</p>
        </triangles>
      </mesh>
    </geometry>
  </library_geometries>
  <library_visual_scenes>
    <visual_scene id="Scene" name="Scene">
      <node id="amber_main" name="amber_main" type="NODE">
        <matrix sid="transform">1 0 0 0 0 1 0 0 0 0 1 0 0 0 0 1</matrix>
        <instance_geometry url="#Plane_002-mesh" name="amber_main">
          <bind_material>
            <technique_common>
              <instance_material symbol="gora_dol-material" target="#gora_dol-material">
                <bind_vertex_input semantic="UVMap" input_semantic="TEXCOORD" input_set="0"/>
              </instance_material>
              <instance_material symbol="tyl-material" target="#tyl-material">
                <bind_vertex_input semantic="UVMap" input_semantic="TEXCOORD" input_set="0"/>
              </instance_material>
              <instance_material symbol="front_shine-material" target="#front_shine-material">
                <bind_vertex_input semantic="UVMap" input_semantic="TEXCOORD" input_set="0"/>
              </instance_material>
              <instance_material symbol="front-material" target="#front-material">
                <bind_vertex_input semantic="UVMap" input_semantic="TEXCOORD" input_set="0"/>
              </instance_material>
            </technique_common>
          </bind_material>
        </instance_geometry>
      </node>
    </visual_scene>
  </library_visual_scenes>
  <scene>
    <instance_visual_scene url="#Scene"/>
  </scene>
</COLLADA>